method,phase_similarity,tag,word
ssh,0.1510791366906475,b_only,cheerfulness
ssh,0.6,shared,foundation
ssh,1.0,a_only,generalized
ssh,0.5841584158415841,shared,sunlight
ssh,0.13074204946996468,b_only,madam
ssh,1.0,a_only,cemetery
ssh,0.21212121212121213,b_only,insensible
ssh,0.5841584158415841,shared,recent
ssh,0.6410256410256411,shared,spending
ssh,0.1510791366906475,b_only,rejoiced
ssh,0.5920398009950248,shared,indian
ssh,1.0,a_only,franz
ssh,1.0,a_only,argues
ssh,0.14285714285714285,b_only,dine
ssh,0.1347517730496454,b_only,queer
ssh,0.21673003802281368,b_only,tow
ssh,1.0,a_only,ethiopic
ssh,0.29554655870445345,shared,shaking
ssh,1.0,a_only,paradox
ssh,0.21673003802281368,b_only,knelt
ssh,0.3389121338912134,shared,cross
ssh,0.22137404580152673,b_only,loathing
ssh,0.19850187265917604,b_only,peasant
ssh,0.6080402010050251,shared,totally
ssh,1.0,a_only,topics
ssh,0.21673003802281368,b_only,wisht
ssh,0.6326530612244898,shared,entitled
ssh,1.0,a_only,treatise
ssh,0.19402985074626866,b_only,twas
ssh,0.6080402010050251,shared,spots
ssh,1.0,a_only,versus
ssh,1.0,a_only,aa
ssh,1.0,a_only,festival
ssh,0.20754716981132076,b_only,dagger
ssh,1.0,a_only,hitchcock
ssh,1.0,a_only,myths
ssh,1.0,a_only,relativity
ssh,1.0,a_only,creative
ssh,0.21212121212121213,b_only,inconvenience
ssh,0.7679558011049724,shared,indians
ssh,0.4349775784753363,shared,hopeless
ssh,0.4479638009049774,shared,suffering
ssh,0.6243654822335025,shared,velvet
ssh,0.3617021276595745,shared,notion
ssh,0.0847457627118644,b_only,delightful
ssh,0.5686274509803921,shared,leaf
ssh,1.0,a_only,origen
ssh,0.4222222222222222,shared,probable
ssh,0.2260536398467433,b_only,stoner
ssh,0.5533980582524272,shared,milk
ssh,0.21212121212121213,shared,very
ssh,0.3389121338912134,shared,fault
ssh,0.1267605633802817,b_only,funny
ssh,0.18081180811808117,b_only,clung
ssh,0.0738255033557047,b_only,sadly
ssh,1.0,a_only,motivated
ssh,1.0,a_only,tasks
ssh,1.0,a_only,manufacturers
ssh,0.29554655870445345,shared,present
ssh,0.6494845360824743,shared,county
ssh,0.7877094972067039,shared,j
ssh,1.0,a_only,david
ssh,1.0,a_only,facial
ssh,1.0,a_only,lacked
ssh,0.28,shared,cry
ssh,0.6410256410256411,shared,ahab
ssh,0.2648221343873518,shared,eight
ssh,0.18518518518518517,b_only,thursday
ssh,0.5165876777251185,shared,bolt
ssh,0.285140562248996,shared,remain
ssh,1.0,a_only,prolific
ssh,1.0,a_only,anglican
ssh,0.18081180811808117,shared,see
ssh,0.6080402010050251,shared,government
ssh,1.0,a_only,contest
ssh,0.5763546798029556,shared,plane
ssh,0.2549019607843137,shared,remember
ssh,1.0,a_only,submarine
ssh,0.3168724279835391,shared,married
ssh,1.0,a_only,howard
ssh,0.23552123552123552,shared,says
ssh,1.0,a_only,bronze
ssh,0.5384615384615384,shared,esteemed
ssh,0.15942028985507245,b_only,risen
ssh,1.0,a_only,creates
ssh,1.0,a_only,philosophical
ssh,0.1111111111111111,b_only,chairs
ssh,1.0,a_only,uss
ssh,0.6931216931216931,shared,problems
ssh,1.0,a_only,atlas
ssh,1.0,a_only,technological
ssh,1.0,a_only,cipher
ssh,0.7204301075268817,shared,influenced
ssh,0.6243654822335025,shared,parker
ssh,0.22137404580152673,shared,thinking
ssh,1.0,a_only,opponent
ssh,1.0,a_only,attitudes
ssh,0.5094339622641509,shared,stark
ssh,0.36752136752136755,shared,unconscious
ssh,0.5609756097560976,shared,ruined
ssh,1.0,a_only,sided
ssh,1.0,a_only,endangered
ssh,0.6080402010050251,shared,protest
ssh,0.5165876777251185,shared,deny
ssh,0.6666666666666666,shared,robert
ssh,0.42857142857142855,shared,bringing
ssh,0.6326530612244898,shared,dramatic
ssh,0.5384615384615384,shared,engagements
ssh,0.3278008298755187,shared,river
ssh,0.3852813852813853,shared,barred
ssh,1.0,a_only,oxygen
ssh,0.675392670157068,shared,planted
ssh,0.0847457627118644,b_only,bowed
ssh,0.20300751879699247,b_only,goin
ssh,0.7297297297297297,shared,net
ssh,0.5384615384615384,shared,medicines
ssh,0.30612244897959184,shared,mistake
ssh,0.5023474178403756,shared,assisted
ssh,0.48148148148148145,shared,pool
ssh,0.30612244897959184,shared,alas
ssh,1.0,a_only,salts
ssh,0.40969162995594716,shared,leaning
ssh,0.3333333333333333,shared,remained
ssh,0.45454545454545453,shared,amount
ssh,1.0,a_only,heir
ssh,0.39737991266375544,shared,ease
ssh,0.3445378151260504,shared,months
ssh,1.0,a_only,vowels
ssh,0.09965635738831616,b_only,indifferent
ssh,1.0,a_only,albatrosses
ssh,1.0,a_only,trojan
ssh,1.0,a_only,provisional
ssh,0.5384615384615384,shared,whence
ssh,0.3389121338912134,shared,appear
ssh,1.0,a_only,heights
ssh,1.0,a_only,montana
ssh,1.0,a_only,measuring
ssh,0.48148148148148145,shared,turns
ssh,0.5841584158415841,shared,previously
ssh,1.0,a_only,format
ssh,1.0,a_only,limestone
ssh,0.19850187265917604,b_only,dasn
ssh,1.0,a_only,conservatives
ssh,0.7204301075268817,shared,perfection
ssh,1.0,a_only,buddhist
ssh,0.5238095238095238,shared,mode
ssh,0.3114754098360656,shared,ourselves
ssh,0.7204301075268817,shared,bay
ssh,1.0,a_only,anaconda
ssh,1.0,a_only,abydos
ssh,0.3389121338912134,shared,house
ssh,0.21212121212121213,b_only,intending
ssh,0.7391304347826086,shared,influences
ssh,1.0,a_only,corresponds
ssh,0.3793103448275862,shared,majesty
ssh,0.8181818181818182,shared,attribute
ssh,1.0,a_only,cognitive
ssh,0.5763546798029556,shared,west
ssh,0.18081180811808117,b_only,trance
ssh,0.1387900355871886,b_only,cared
ssh,0.6,shared,feast
ssh,0.23076923076923078,b_only,inquest
ssh,1.0,a_only,cable
ssh,1.0,a_only,dependency
ssh,1.0,a_only,cosmic
ssh,0.21673003802281368,b_only,motionless
ssh,0.7391304347826086,shared,spin
ssh,0.5023474178403756,shared,fur
ssh,1.0,a_only,gary
ssh,0.5763546798029556,shared,imply
ssh,0.20300751879699247,b_only,typewriter
ssh,0.6,shared,fourteenth
ssh,0.28,shared,shoulder
ssh,1.0,a_only,demands
ssh,0.2260536398467433,b_only,exertion
ssh,0.4222222222222222,shared,straw
ssh,1.0,a_only,sophisticated
ssh,0.5023474178403756,shared,devoted
ssh,0.0847457627118644,b_only,dared
ssh,0.7297297297297297,shared,phase
ssh,1.0,a_only,admiral
ssh,0.2903225806451613,shared,its
ssh,0.18081180811808117,b_only,handy
ssh,0.6080402010050251,shared,stomach
ssh,1.0,a_only,interactive
ssh,1.0,a_only,fascism
ssh,0.6842105263157895,shared,negative
ssh,1.0,a_only,component
ssh,1.0,a_only,heinrich
ssh,1.0,a_only,capturing
ssh,0.5841584158415841,shared,pork
ssh,0.2749003984063745,shared,most
ssh,0.19850187265917604,b_only,lads
ssh,0.7112299465240641,shared,civilization
ssh,0.29554655870445345,shared,meaning
ssh,0.6410256410256411,shared,relaxed
ssh,1.0,a_only,les
ssh,0.21673003802281368,b_only,georgiana
ssh,0.5533980582524272,shared,concluded
ssh,0.7021276595744681,shared,gradual
ssh,1.0,a_only,cars
ssh,0.6,shared,speaks
ssh,0.391304347826087,shared,blind
ssh,0.4222222222222222,shared,cabin
ssh,1.0,a_only,crystal
ssh,1.0,a_only,standards
ssh,0.7679558011049724,shared,trading
ssh,0.45454545454545453,shared,trivial
ssh,0.5458937198067633,shared,consulted
ssh,1.0,a_only,licensed
ssh,0.2549019607843137,shared,dr
ssh,1.0,a_only,overdose
ssh,0.2648221343873518,shared,word
ssh,1.0,a_only,naval
ssh,1.0,a_only,iran
ssh,0.5533980582524272,shared,finest
ssh,1.0,a_only,warfare
ssh,0.28,shared,absolutely
ssh,0.6326530612244898,shared,purely
ssh,0.7777777777777778,shared,dragon
ssh,0.18518518518518517,b_only,entreaty
ssh,0.5238095238095238,shared,recognise
ssh,1.0,a_only,anno
ssh,0.6243654822335025,shared,descending
ssh,0.245136186770428,shared,believe
ssh,1.0,a_only,institute
ssh,0.5763546798029556,shared,texas
ssh,0.28,shared,seems
ssh,1.0,a_only,april
ssh,0.5686274509803921,shared,worship
ssh,0.6494845360824743,shared,marvel
ssh,0.4479638009049774,shared,food
ssh,1.0,a_only,superficial
ssh,0.3168724279835391,shared,un
ssh,0.3445378151260504,shared,became
ssh,0.22137404580152673,shared,they
ssh,0.5763546798029556,shared,refusing
ssh,1.0,a_only,favorite
ssh,1.0,a_only,russell
ssh,0.6161616161616161,shared,arts
ssh,1.0,a_only,aleutian
ssh,1.0,a_only,fundamentally
ssh,0.24031007751937986,b_only,jarvis
ssh,0.28,shared,watson
ssh,1.0,a_only,toxic
ssh,1.0,a_only,del
ssh,1.0,a_only,prophets
ssh,1.0,a_only,predynastic
ssh,0.245136186770428,shared,pretty
ssh,0.46788990825688076,shared,plates
ssh,1.0,a_only,arable
ssh,0.4479638009049774,shared,drinking
ssh,1.0,a_only,perspective
ssh,0.285140562248996,shared,within
ssh,0.21212121212121213,shared,yes
ssh,0.2749003984063745,shared,finished
ssh,0.6580310880829016,shared,drag
ssh,1.0,a_only,significantly
ssh,1.0,a_only,malaysia
ssh,0.23076923076923078,shared,care
ssh,0.391304347826087,shared,charge
ssh,0.8181818181818182,shared,alps
ssh,0.14695340501792115,b_only,shan
ssh,0.1267605633802817,b_only,lucie
ssh,1.0,a_only,physicist
ssh,1.0,a_only,angolan
ssh,0.6243654822335025,shared,collect
ssh,1.0,a_only,diet
ssh,0.415929203539823,shared,colour
ssh,0.5238095238095238,shared,manifest
ssh,1.0,a_only,arabia
ssh,1.0,a_only,soviets
ssh,1.0,a_only,respectively
ssh,0.5384615384615384,shared,sacrifice
ssh,0.5763546798029556,shared,load
ssh,0.7486338797814208,shared,decay
ssh,0.6326530612244898,shared,grows
ssh,0.5238095238095238,shared,support
ssh,0.6,shared,prejudices
ssh,0.6243654822335025,shared,professed
ssh,0.5609756097560976,shared,solution
ssh,0.6,shared,praised
ssh,0.5533980582524272,shared,final
ssh,0.09965635738831616,b_only,knowed
ssh,0.3445378151260504,shared,mile
ssh,0.29554655870445345,shared,stopped
ssh,0.4222222222222222,shared,swift
ssh,1.0,a_only,generals
ssh,0.3114754098360656,shared,play
ssh,1.0,a_only,technical
ssh,0.21212121212121213,b_only,pudding
ssh,1.0,a_only,occupies
ssh,0.4611872146118721,shared,awkward
ssh,0.5533980582524272,shared,eighty
ssh,0.7297297297297297,shared,australia
ssh,0.7204301075268817,shared,inner
ssh,0.6410256410256411,shared,pole
ssh,1.0,a_only,ne
ssh,1.0,a_only,taggart
ssh,0.6580310880829016,shared,preference
ssh,0.40350877192982454,shared,spend
ssh,0.7297297297297297,shared,growth
ssh,0.1895910780669145,shared,over
ssh,0.797752808988764,shared,temporary
ssh,0.20300751879699247,b_only,tucked
ssh,0.5165876777251185,shared,elegant
ssh,0.48148148148148145,shared,march
ssh,0.1678832116788321,b_only,crucifix
ssh,0.08843537414965986,b_only,somehow
ssh,0.11498257839721254,b_only,silently
ssh,0.6931216931216931,shared,seed
ssh,0.5686274509803921,shared,illinois
ssh,1.0,a_only,skilled
ssh,0.09965635738831616,b_only,sighed
ssh,0.5094339622641509,shared,enemies
ssh,1.0,a_only,dynasties
ssh,1.0,a_only,kournikova
ssh,0.6931216931216931,shared,reform
ssh,1.0,a_only,liberalism
ssh,0.391304347826087,shared,inspector
ssh,0.5238095238095238,shared,pursue
ssh,1.0,a_only,pre
ssh,1.0,a_only,medal
ssh,1.0,a_only,scholar
ssh,1.0,a_only,fertile
ssh,1.0,a_only,lucius
ssh,0.40350877192982454,shared,discovered
ssh,0.6326530612244898,shared,runs
ssh,0.5763546798029556,shared,cleaned
ssh,0.5384615384615384,shared,dwell
ssh,1.0,a_only,comic
ssh,0.3333333333333333,shared,elizabeth
ssh,0.5023474178403756,shared,freedom
ssh,1.0,a_only,exiled
ssh,0.6161616161616161,shared,tribe
ssh,0.2698412698412698,shared,world
ssh,1.0,a_only,video
ssh,1.0,a_only,numbering
ssh,0.7486338797814208,shared,von
ssh,0.39737991266375544,shared,joined
ssh,0.6580310880829016,shared,sketch
ssh,0.5384615384615384,shared,visited
ssh,1.0,a_only,solar
ssh,1.0,a_only,disciplines
ssh,0.18518518518518517,b_only,strolled
ssh,1.0,a_only,binary
ssh,0.5533980582524272,shared,entrance
ssh,1.0,a_only,translate
ssh,0.10344827586206896,b_only,blessing
ssh,0.6931216931216931,shared,underground
ssh,1.0,a_only,alhazred
ssh,0.5609756097560976,shared,united
ssh,0.37339055793991416,shared,suffer
ssh,1.0,a_only,parsons
ssh,0.24031007751937986,shared,d
ssh,1.0,a_only,wayne
ssh,0.6243654822335025,shared,populace
ssh,1.0,a_only,aristotle
ssh,1.0,a_only,trapped
ssh,1.0,a_only,historically
ssh,0.7112299465240641,shared,akin
ssh,0.6,shared,accidental
ssh,0.6494845360824743,shared,partially
ssh,0.6243654822335025,shared,countries
ssh,0.6931216931216931,shared,purchased
ssh,1.0,a_only,eukaryotes
ssh,0.6161616161616161,shared,accidentally
ssh,0.5686274509803921,shared,intelligible
ssh,0.21212121212121213,b_only,unconsciously
ssh,0.36752136752136755,shared,pulled
ssh,0.5311004784688995,shared,calf
ssh,0.3114754098360656,shared,such
ssh,1.0,a_only,protests
ssh,0.6931216931216931,shared,perception
ssh,1.0,a_only,aardvark
ssh,1.0,a_only,pius
ssh,0.24031007751937986,shared,down
ssh,0.5458937198067633,shared,harsh
ssh,0.7021276595744681,shared,poem
ssh,0.42857142857142855,shared,struggled
ssh,1.0,a_only,restricted
ssh,0.28,shared,replied
ssh,1.0,a_only,constantinople
ssh,1.0,a_only,hindu
ssh,0.4349775784753363,shared,axe
ssh,0.4479638009049774,shared,stream
ssh,1.0,a_only,demographics
ssh,0.415929203539823,shared,hot
ssh,1.0,a_only,compiled
ssh,0.3333333333333333,shared,side
ssh,0.5763546798029556,shared,lend
ssh,0.7297297297297297,shared,rendering
ssh,0.6931216931216931,shared,precision
ssh,1.0,a_only,marcus
ssh,1.0,a_only,forts
ssh,0.20300751879699247,b_only,recollected
ssh,1.0,a_only,nomination
ssh,0.2698412698412698,shared,yet
ssh,1.0,a_only,interact
ssh,0.6931216931216931,shared,abilities
ssh,0.2749003984063745,shared,pass
ssh,0.3389121338912134,shared,tied
ssh,0.0738255033557047,b_only,assured
ssh,0.7112299465240641,shared,schools
ssh,0.3559322033898305,shared,sea
ssh,1.0,a_only,fertilizer
ssh,1.0,a_only,mystical
ssh,0.4953271028037383,shared,firmly
ssh,1.0,a_only,classified
ssh,0.5533980582524272,shared,alter
ssh,0.3114754098360656,shared,horrible
ssh,0.5165876777251185,shared,notes
ssh,0.5023474178403756,shared,examining
ssh,0.1387900355871886,shared,is
ssh,1.0,a_only,aquarii
ssh,0.40350877192982454,shared,acted
ssh,1.0,a_only,aga
ssh,1.0,a_only,syntax
ssh,0.2260536398467433,shared,ll
ssh,0.391304347826087,shared,lines
ssh,0.48148148148148145,shared,tribunal
ssh,0.6161616161616161,shared,avenue
ssh,0.12280701754385964,b_only,apology
ssh,0.7486338797814208,shared,competition
ssh,0.7112299465240641,shared,villages
ssh,0.6842105263157895,shared,lecture
ssh,0.1267605633802817,b_only,shrill
ssh,0.6494845360824743,shared,exception
ssh,0.285140562248996,shared,joy
ssh,1.0,a_only,microscopic
ssh,0.5609756097560976,shared,follows
ssh,0.29554655870445345,shared,son
ssh,1.0,a_only,fundamental
ssh,0.3008130081300813,shared,added
ssh,0.11888111888111888,b_only,vulgar
ssh,1.0,a_only,websites
ssh,1.0,a_only,haer
ssh,0.6326530612244898,shared,limited
ssh,0.1267605633802817,shared,of
ssh,0.4479638009049774,shared,strongly
ssh,0.245136186770428,shared,seem
ssh,1.0,a_only,ecclesiastical
ssh,0.7021276595744681,shared,fried
ssh,0.0958904109589041,shared,me
ssh,0.17647058823529413,b_only,peeping
ssh,0.675392670157068,shared,similarly
ssh,1.0,a_only,requirements
ssh,0.1111111111111111,b_only,keeper
ssh,1.0,a_only,singapore
ssh,0.5686274509803921,shared,exhibited
ssh,0.245136186770428,shared,walked
ssh,0.4953271028037383,shared,crew
ssh,0.4953271028037383,shared,brute
ssh,0.23076923076923078,b_only,solicitude
ssh,0.48148148148148145,shared,mill
ssh,0.3333333333333333,shared,letter
ssh,1.0,a_only,policies
ssh,0.5609756097560976,shared,belonged
ssh,1.0,a_only,caucasus
ssh,0.7297297297297297,shared,accurately
ssh,0.5384615384615384,shared,wings
ssh,0.4222222222222222,shared,recovered
ssh,0.17647058823529413,b_only,violently
ssh,0.5763546798029556,shared,needles
ssh,0.19850187265917604,b_only,sings
ssh,0.675392670157068,shared,insult
ssh,0.25,shared,save
ssh,0.6161616161616161,shared,airs
ssh,0.5165876777251185,shared,fully
ssh,0.5686274509803921,shared,maria
ssh,0.08108108108108109,b_only,utmost
ssh,0.807909604519774,shared,requiring
ssh,1.0,a_only,ideals
ssh,0.5609756097560976,shared,sport
ssh,0.16363636363636364,b_only,jaws
ssh,1.0,a_only,stations
ssh,0.4883720930232558,shared,asylum
ssh,1.0,a_only,secession
ssh,1.0,a_only,albedo
ssh,1.0,a_only,roosevelt
ssh,0.20754716981132076,b_only,ascended
ssh,0.6410256410256411,shared,x
ssh,0.29554655870445345,shared,breath
ssh,0.0958904109589041,b_only,morrow
ssh,0.5458937198067633,shared,specially
ssh,0.22137404580152673,shared,least
ssh,0.3389121338912134,shared,although
ssh,0.11888111888111888,b_only,breakfast
ssh,0.08843537414965986,b_only,hiding
ssh,1.0,a_only,apocalypse
ssh,1.0,a_only,technically
ssh,0.19402985074626866,b_only,fatigue
ssh,1.0,a_only,finite
ssh,0.29554655870445345,shared,beauty
ssh,0.0958904109589041,b_only,grim
ssh,1.0,a_only,veterans
ssh,0.6410256410256411,shared,economy
ssh,1.0,a_only,programmers
ssh,0.18518518518518517,b_only,worry
ssh,1.0,a_only,spaceflight
ssh,1.0,a_only,embassy
ssh,0.4611872146118721,shared,addition
ssh,1.0,a_only,pamphlet
ssh,1.0,a_only,battles
ssh,0.6243654822335025,shared,pursuits
ssh,0.6,shared,pupils
ssh,0.675392670157068,shared,literature
ssh,1.0,a_only,category
ssh,0.48148148148148145,shared,skin
ssh,0.5609756097560976,shared,ribbon
ssh,0.6326530612244898,shared,intensity
ssh,0.44144144144144143,shared,misfortune
ssh,0.7112299465240641,shared,throne
ssh,0.5686274509803921,shared,scholars
ssh,0.5023474178403756,shared,mixed
ssh,0.6580310880829016,shared,generation
ssh,0.09965635738831616,b_only,tear
ssh,1.0,a_only,listed
ssh,1.0,a_only,irregular
ssh,1.0,a_only,primarily
ssh,0.06312292358803986,b_only,asleep
ssh,1.0,a_only,orbit
ssh,0.5841584158415841,shared,safely
ssh,0.5763546798029556,shared,monsters
ssh,0.2260536398467433,b_only,undertaker
ssh,0.37339055793991416,shared,public
ssh,1.0,a_only,scrimmage
ssh,1.0,a_only,publication
ssh,0.675392670157068,shared,adjacent
ssh,1.0,a_only,frederick
ssh,0.1895910780669145,b_only,shiver
ssh,0.5920398009950248,shared,assist
ssh,0.29554655870445345,shared,himself
ssh,0.09215017064846416,b_only,lizzy
ssh,0.17647058823529413,b_only,sweat
ssh,1.0,a_only,ivan
ssh,1.0,a_only,births
ssh,1.0,a_only,hydrocarbons
ssh,0.11498257839721254,b_only,learnt
ssh,1.0,a_only,ammunition
ssh,1.0,a_only,web
ssh,0.7204301075268817,shared,dealing
ssh,0.11498257839721254,b_only,muttered
ssh,0.06312292358803986,b_only,shook
ssh,0.5238095238095238,shared,gutenberg
ssh,1.0,a_only,organized
ssh,0.5311004784688995,shared,enormous
ssh,1.0,a_only,rn
ssh,0.2648221343873518,shared,gentleman
ssh,1.0,a_only,aegean
ssh,0.415929203539823,shared,belong
ssh,0.11888111888111888,b_only,wonderfully
ssh,0.18081180811808117,b_only,stare
ssh,0.20754716981132076,b_only,18
ssh,0.6161616161616161,shared,wider
ssh,0.7297297297297297,shared,lewis
ssh,1.0,a_only,item
ssh,0.6326530612244898,shared,fifth
ssh,0.6494845360824743,shared,caves
ssh,1.0,a_only,appellate
ssh,0.1895910780669145,b_only,lick
ssh,0.6494845360824743,shared,flag
ssh,0.3278008298755187,shared,noticed
ssh,1.0,a_only,ore
ssh,1.0,a_only,infantry
ssh,1.0,a_only,starred
ssh,0.40969162995594716,shared,hopes
ssh,0.5094339622641509,shared,travelled
ssh,1.0,a_only,prefix
ssh,1.0,a_only,ac
ssh,0.5686274509803921,shared,apparently
ssh,0.5841584158415841,shared,merit
ssh,0.5533980582524272,shared,accent
ssh,1.0,a_only,depending
ssh,1.0,a_only,conservation
ssh,0.4349775784753363,shared,er
ssh,0.2749003984063745,shared,reached
ssh,0.4883720930232558,shared,understanding
ssh,0.6,shared,sentiments
ssh,1.0,a_only,marshall
ssh,0.415929203539823,shared,william
ssh,0.4611872146118721,shared,persuade
ssh,0.4953271028037383,shared,pillow
ssh,0.0847457627118644,b_only,ashamed
ssh,0.5238095238095238,shared,trunk
ssh,0.4953271028037383,shared,observation
ssh,0.48148148148148145,shared,entering
ssh,0.5094339622641509,shared,admired
ssh,0.5841584158415841,shared,simultaneously
ssh,1.0,a_only,lf
ssh,0.21673003802281368,b_only,saddle
ssh,0.40969162995594716,shared,garden
ssh,0.18081180811808117,b_only,hugged
ssh,0.11888111888111888,b_only,consult
ssh,0.24031007751937986,shared,forget
ssh,1.0,a_only,acids
ssh,0.1387900355871886,b_only,hoarse
ssh,0.13074204946996468,b_only,farewell
ssh,1.0,a_only,prototype
ssh,0.23076923076923078,shared,say
ssh,1.0,a_only,nominated
ssh,0.6243654822335025,shared,masters
ssh,0.4222222222222222,shared,warning
ssh,1.0,a_only,mike
ssh,0.19402985074626866,b_only,looky
ssh,0.6326530612244898,shared,shepherd
ssh,1.0,a_only,quattro
ssh,0.5458937198067633,shared,reflect
ssh,0.6243654822335025,shared,animation
ssh,0.44144144144144143,shared,pew
ssh,0.4883720930232558,shared,armed
ssh,0.5841584158415841,shared,mild
ssh,1.0,a_only,digital
ssh,0.5238095238095238,shared,stretch
ssh,0.5165876777251185,shared,lists
ssh,0.5686274509803921,shared,ages
ssh,0.6666666666666666,shared,materials
ssh,0.5609756097560976,shared,obscurity
ssh,0.6326530612244898,shared,combined
ssh,0.6326530612244898,shared,disliked
ssh,1.0,a_only,carbon
ssh,1.0,a_only,colonial
ssh,1.0,a_only,abbot
ssh,0.18518518518518517,b_only,ardour
ssh,0.23552123552123552,shared,live
ssh,0.7582417582417582,shared,notable
ssh,1.0,a_only,engineers
ssh,0.7297297297297297,shared,operate
ssh,1.0,a_only,voting
ssh,0.6580310880829016,shared,xiv
ssh,1.0,a_only,candidates
ssh,1.0,a_only,economists
ssh,0.5311004784688995,shared,boom
ssh,0.6842105263157895,shared,prosecution
ssh,0.3168724279835391,shared,five
ssh,1.0,a_only,hosts
ssh,0.5023474178403756,shared,minds
ssh,0.7391304347826086,shared,questionable
ssh,0.5458937198067633,shared,imagined
ssh,0.1895910780669145,b_only,loathsome
ssh,1.0,a_only,buddhism
ssh,0.1267605633802817,b_only,mouths
ssh,0.5763546798029556,shared,finds
ssh,0.5384615384615384,shared,drops
ssh,1.0,a_only,greeks
ssh,0.30612244897959184,shared,continued
ssh,0.3278008298755187,shared,spirit
ssh,0.5023474178403756,shared,ended
ssh,0.3617021276595745,shared,snap
ssh,0.2648221343873518,shared,suddenly
ssh,0.46788990825688076,shared,examine
ssh,0.7777777777777778,shared,consumption
ssh,0.28,shared,called
ssh,0.30612244897959184,shared,school
ssh,0.5841584158415841,shared,heavier
ssh,0.24031007751937986,b_only,walrus
ssh,0.3445378151260504,shared,gimme
ssh,0.39737991266375544,shared,imagination
ssh,1.0,a_only,vienna
ssh,0.7679558011049724,shared,pacific
ssh,0.42857142857142855,shared,falling
ssh,0.46788990825688076,shared,amusement
ssh,1.0,a_only,symbols
ssh,0.7486338797814208,shared,trail
ssh,1.0,a_only,genres
ssh,1.0,a_only,nicene
ssh,0.6410256410256411,shared,paradise
ssh,0.5165876777251185,shared,pictures
ssh,0.3278008298755187,shared,teeth
ssh,1.0,a_only,center
ssh,0.4953271028037383,shared,driven
ssh,1.0,a_only,cities
ssh,0.14695340501792115,b_only,rosings
ssh,0.5311004784688995,shared,season
ssh,0.20754716981132076,b_only,mos
ssh,0.7204301075268817,shared,compact
ssh,1.0,a_only,emphasize
ssh,1.0,a_only,accessed
ssh,0.5920398009950248,shared,portion
ssh,0.3793103448275862,shared,cruel
ssh,0.20754716981132076,b_only,tolerably
ssh,0.19850187265917604,shared,mr
ssh,0.5238095238095238,shared,diaries
ssh,0.36752136752136755,shared,several
ssh,1.0,a_only,alcuin
ssh,1.0,a_only,inter
ssh,1.0,a_only,kg
ssh,0.7877094972067039,shared,jews
ssh,0.25,shared,good
ssh,0.3445378151260504,shared,fly
ssh,1.0,a_only,linguistic
ssh,0.5238095238095238,shared,plans
ssh,0.45454545454545453,shared,fierce
ssh,0.6580310880829016,shared,dishes
ssh,1.0,a_only,inflation
ssh,0.675392670157068,shared,strongest
ssh,0.5920398009950248,shared,bullets
ssh,0.18081180811808117,b_only,lestrade
ssh,0.6494845360824743,shared,individually
ssh,0.5609756097560976,shared,declined
ssh,1.0,a_only,augustine
ssh,0.3852813852813853,shared,leaves
ssh,0.45454545454545453,shared,suspicious
ssh,1.0,a_only,annual
ssh,0.6161616161616161,shared,odds
ssh,0.23076923076923078,shared,myself
ssh,1.0,a_only,professionals
ssh,1.0,a_only,biography
ssh,0.21673003802281368,b_only,tranquil
ssh,0.7297297297297297,shared,development
ssh,1.0,a_only,habsburg
ssh,0.4611872146118721,shared,features
ssh,1.0,a_only,communicating
ssh,1.0,a_only,production
ssh,0.7679558011049724,shared,appealed
ssh,1.0,a_only,html
ssh,1.0,a_only,vladimir
ssh,1.0,a_only,prussia
ssh,1.0,a_only,carl
ssh,1.0,a_only,pallas
ssh,0.6580310880829016,shared,freed
ssh,0.5094339622641509,shared,screen
ssh,1.0,a_only,resin
ssh,0.21673003802281368,b_only,pinch
ssh,0.09965635738831616,b_only,lock
ssh,0.45454545454545453,shared,chain
ssh,0.1510791366906475,b_only,sally
ssh,0.5094339622641509,shared,sheet
ssh,0.5311004784688995,shared,larger
ssh,0.1111111111111111,b_only,inquiries
ssh,0.350210970464135,shared,quit
ssh,0.415929203539823,shared,harper
ssh,0.5458937198067633,shared,crossing
ssh,1.0,a_only,axiom
ssh,0.5094339622641509,shared,slave
ssh,0.4611872146118721,shared,stern
ssh,0.5238095238095238,shared,platform
ssh,1.0,a_only,historians
ssh,0.7204301075268817,shared,ability
ssh,0.5458937198067633,shared,error
ssh,1.0,a_only,disputes
ssh,0.5165876777251185,shared,worldly
ssh,0.807909604519774,shared,supreme
ssh,1.0,a_only,semitic
ssh,0.7112299465240641,shared,bordered
ssh,1.0,a_only,programs
ssh,0.7297297297297297,shared,governor
ssh,1.0,a_only,oscar
ssh,0.5458937198067633,shared,distinct
ssh,0.6410256410256411,shared,conceived
ssh,0.7021276595744681,shared,enduring
ssh,0.7112299465240641,shared,fox
ssh,1.0,a_only,vacuum
ssh,1.0,a_only,titles
ssh,1.0,a_only,implemented
ssh,0.675392670157068,shared,emphatic
ssh,0.5311004784688995,shared,grass
ssh,0.19850187265917604,b_only,mast
ssh,0.40969162995594716,shared,turner
ssh,0.2260536398467433,shared,suppose
ssh,0.2648221343873518,shared,hardly
ssh,0.4479638009049774,shared,branches
ssh,0.18518518518518517,b_only,screamed
ssh,1.0,a_only,extend
ssh,0.6931216931216931,shared,obligations
ssh,1.0,a_only,agave
ssh,1.0,a_only,critique
ssh,0.4883720930232558,shared,humble
ssh,1.0,a_only,associative
ssh,1.0,a_only,federation
ssh,1.0,a_only,revelation
ssh,0.675392670157068,shared,facing
ssh,1.0,a_only,subset
ssh,0.10344827586206896,b_only,eagerly
ssh,1.0,a_only,gabon
ssh,0.5238095238095238,shared,yield
ssh,0.5238095238095238,shared,foul
ssh,1.0,a_only,function
ssh,1.0,a_only,joan
ssh,1.0,a_only,swinburne
ssh,1.0,a_only,combat
ssh,0.17647058823529413,b_only,phelps
ssh,0.39737991266375544,shared,summer
ssh,1.0,a_only,nevada
ssh,0.5238095238095238,shared,hidden
ssh,0.11498257839721254,b_only,monseigneur
ssh,0.08843537414965986,b_only,aloud
ssh,0.6842105263157895,shared,crude
ssh,0.5841584158415841,shared,concord
ssh,1.0,a_only,rotation
ssh,0.20300751879699247,b_only,cigar
ssh,1.0,a_only,abalone
ssh,0.6243654822335025,shared,conqueror
ssh,1.0,a_only,facility
ssh,0.4611872146118721,shared,bare
ssh,1.0,a_only,camps
ssh,0.47465437788018433,shared,admitted
ssh,0.23552123552123552,shared,silence
ssh,0.6931216931216931,shared,sailed
ssh,1.0,a_only,cosmology
ssh,0.45454545454545453,shared,bury
ssh,0.42857142857142855,shared,accustomed
ssh,1.0,a_only,kinetic
ssh,0.6410256410256411,shared,member
ssh,0.22137404580152673,b_only,whaling
ssh,0.17647058823529413,b_only,monde
ssh,1.0,a_only,portal
ssh,1.0,a_only,brazil
ssh,1.0,a_only,mediterranean
ssh,1.0,a_only,gide
ssh,1.0,a_only,assassination
ssh,0.6,shared,defects
ssh,0.391304347826087,shared,shown
ssh,0.37339055793991416,shared,wicked
ssh,0.5609756097560976,shared,renewed
ssh,1.0,a_only,aq
ssh,1.0,a_only,jungle
ssh,1.0,a_only,linguistics
ssh,0.6243654822335025,shared,invested
ssh,1.0,a_only,isaac
ssh,0.6842105263157895,shared,fulfilled
ssh,0.32231404958677684,shared,women
ssh,0.19850187265917604,b_only,grasped
ssh,1.0,a_only,interior
ssh,0.48148148148148145,shared,sword
ssh,1.0,a_only,criteria
ssh,1.0,a_only,robot
ssh,0.7112299465240641,shared,latin
ssh,0.7297297297297297,shared,acid
ssh,1.0,a_only,terry
ssh,1.0,a_only,subordinate
ssh,0.3114754098360656,shared,bit
ssh,0.5165876777251185,shared,print
ssh,1.0,a_only,moscow
ssh,1.0,a_only,mac
ssh,0.5238095238095238,shared,century
ssh,1.0,a_only,hamilton
ssh,0.25984251968503935,shared,blame
ssh,0.5609756097560976,shared,fourteen
ssh,1.0,a_only,tertiary
ssh,0.6842105263157895,shared,incomplete
ssh,1.0,a_only,ruins
ssh,1.0,a_only,employees
ssh,0.6580310880829016,shared,peoples
ssh,0.6326530612244898,shared,maker
ssh,0.2549019607843137,shared,taking
ssh,0.47465437788018433,shared,distant
ssh,1.0,a_only,loosely
ssh,1.0,a_only,marx
ssh,1.0,a_only,branched
ssh,0.245136186770428,shared,some
ssh,1.0,a_only,thailand
ssh,0.6666666666666666,shared,cells
ssh,0.46788990825688076,shared,seldom
ssh,1.0,a_only,huns
ssh,0.2698412698412698,shared,horse
ssh,1.0,a_only,sumter
ssh,0.5763546798029556,shared,material
ssh,0.19402985074626866,b_only,stepfather
ssh,1.0,a_only,shah
ssh,1.0,a_only,reformed
ssh,0.5165876777251185,shared,hospitality
ssh,0.1678832116788321,b_only,git
ssh,0.5311004784688995,shared,rent
ssh,1.0,a_only,hong
ssh,0.6580310880829016,shared,prime
ssh,0.7391304347826086,shared,concentration
ssh,0.29554655870445345,shared,listen
ssh,0.7112299465240641,shared,periods
ssh,0.5238095238095238,shared,responded
ssh,1.0,a_only,meteorites
ssh,0.5238095238095238,shared,becomes
ssh,0.5458937198067633,shared,allusion
ssh,1.0,a_only,thermal
ssh,1.0,a_only,formation
ssh,1.0,a_only,inclusion
ssh,0.3617021276595745,shared,pointing
ssh,0.10726643598615918,b_only,particulars
ssh,0.6080402010050251,shared,slavery
ssh,1.0,a_only,electron
ssh,1.0,a_only,rifles
ssh,0.3278008298755187,shared,noble
ssh,0.5920398009950248,shared,date
ssh,0.47465437788018433,shared,pair
ssh,0.12280701754385964,b_only,grateful
ssh,1.0,a_only,herbal
ssh,0.20754716981132076,b_only,curly
ssh,0.5609756097560976,shared,sights
ssh,1.0,a_only,scripture
ssh,0.48148148148148145,shared,fiercely
ssh,0.30612244897959184,shared,speaking
ssh,1.0,a_only,visual
ssh,1.0,a_only,cycle
ssh,0.5841584158415841,shared,bee
ssh,0.6666666666666666,shared,appreciate
ssh,0.22137404580152673,b_only,wretchedness
ssh,0.5686274509803921,shared,gates
ssh,0.5165876777251185,shared,gain
ssh,0.6580310880829016,shared,respected
ssh,0.5165876777251185,shared,description
ssh,0.5609756097560976,shared,cracking
ssh,0.6494845360824743,shared,addison
ssh,1.0,a_only,initially
ssh,0.11888111888111888,b_only,yonder
ssh,0.5533980582524272,shared,fled
ssh,1.0,a_only,planets
ssh,0.45454545454545453,shared,powers
ssh,1.0,a_only,township
ssh,0.4222222222222222,shared,pretend
ssh,0.5609756097560976,shared,leagues
ssh,0.3114754098360656,shared,hook
ssh,0.5238095238095238,shared,sinking
ssh,0.5311004784688995,shared,vast
ssh,0.6080402010050251,shared,inhabitants
ssh,0.391304347826087,shared,relief
ssh,0.6326530612244898,shared,luxurious
ssh,0.6,shared,williams
ssh,1.0,a_only,aspirin
ssh,1.0,a_only,samoan
ssh,0.5686274509803921,shared,jealousy
ssh,1.0,a_only,ss
ssh,1.0,a_only,manchester
ssh,0.3559322033898305,shared,human
ssh,0.46788990825688076,shared,theory
ssh,0.415929203539823,shared,arrival
ssh,0.6580310880829016,shared,corrupt
ssh,0.7877094972067039,shared,serves
ssh,0.3114754098360656,shared,during
ssh,0.6080402010050251,shared,perseverance
ssh,0.7021276595744681,shared,impressive
ssh,0.5920398009950248,shared,recommended
ssh,0.3445378151260504,shared,evidently
ssh,1.0,a_only,civic
ssh,1.0,a_only,calendar
ssh,0.20300751879699247,b_only,stump
ssh,0.7112299465240641,shared,preceded
ssh,0.7391304347826086,shared,seal
ssh,1.0,a_only,airlines
ssh,0.2698412698412698,shared,besides
ssh,1.0,a_only,practitioners
ssh,0.19850187265917604,b_only,obeyed
ssh,0.6410256410256411,shared,blinded
ssh,1.0,a_only,adiabatic
ssh,0.2549019607843137,shared,short
ssh,1.0,a_only,aftermath
ssh,0.32231404958677684,shared,hoped
ssh,0.3008130081300813,shared,ceased
ssh,0.5165876777251185,shared,request
ssh,0.5609756097560976,shared,crescent
ssh,1.0,a_only,marple
ssh,1.0,a_only,velocity
ssh,0.21212121212121213,b_only,weighed
ssh,0.5533980582524272,shared,holt
ssh,0.6666666666666666,shared,deposited
ssh,0.6666666666666666,shared,teacher
ssh,1.0,a_only,rulers
ssh,0.5458937198067633,shared,fascination
ssh,1.0,a_only,ale
ssh,0.3114754098360656,shared,broke
ssh,0.7297297297297297,shared,generations
ssh,0.5238095238095238,shared,resumed
ssh,0.40969162995594716,shared,position
ssh,0.8497109826589595,shared,massacre
ssh,0.6243654822335025,shared,robe
ssh,0.3445378151260504,shared,distance
ssh,0.19402985074626866,b_only,insolent
ssh,1.0,a_only,fuel
ssh,0.5384615384615384,shared,breed
ssh,0.17647058823529413,b_only,devils
ssh,0.5920398009950248,shared,contrast
ssh,0.22137404580152673,b_only,czarina
ssh,1.0,a_only,addiction
ssh,0.4611872146118721,shared,winter
ssh,1.0,a_only,arnold
ssh,1.0,a_only,democracy
ssh,1.0,a_only,initiated
ssh,0.7391304347826086,shared,regards
ssh,0.5238095238095238,shared,beneath
ssh,0.7297297297297297,shared,traditions
ssh,0.6410256410256411,shared,leads
ssh,0.7679558011049724,shared,relied
ssh,1.0,a_only,sqrt
ssh,1.0,a_only,alex
ssh,0.5920398009950248,shared,purposes
ssh,0.5686274509803921,shared,remote
ssh,0.675392670157068,shared,reference
ssh,1.0,a_only,organizations
ssh,0.6580310880829016,shared,barrel
ssh,0.7297297297297297,shared,majority
ssh,1.0,a_only,emperor
ssh,0.5533980582524272,shared,uncertain
ssh,0.350210970464135,shared,ha
ssh,1.0,a_only,achievement
ssh,1.0,a_only,tournament
ssh,0.5841584158415841,shared,denial
ssh,0.7204301075268817,shared,ruby
ssh,1.0,a_only,sanskrit
ssh,0.6580310880829016,shared,assent
ssh,0.2749003984063745,shared,great
ssh,0.5609756097560976,shared,exhausted
ssh,0.4222222222222222,shared,stars
ssh,0.4953271028037383,shared,torn
ssh,0.5533980582524272,shared,mice
ssh,0.3617021276595745,shared,grow
ssh,0.21673003802281368,b_only,shuddering
ssh,1.0,a_only,dynamic
ssh,0.6931216931216931,shared,weakened
ssh,1.0,a_only,autistics
ssh,0.19402985074626866,b_only,pausing
ssh,0.3114754098360656,shared,figure
ssh,0.5458937198067633,shared,demand
ssh,1.0,a_only,items
ssh,1.0,a_only,ell
ssh,1.0,a_only,fuels
ssh,0.3008130081300813,shared,account
ssh,0.37339055793991416,shared,paid
ssh,0.19850187265917604,b_only,wuz
ssh,0.4349775784753363,shared,reasonable
ssh,0.42857142857142855,shared,soft
ssh,1.0,a_only,disambiguation
ssh,0.4611872146118721,shared,corpse
ssh,1.0,a_only,alpine
ssh,0.24031007751937986,shared,promise
ssh,0.11888111888111888,b_only,rude
ssh,0.2648221343873518,shared,matter
ssh,0.4953271028037383,shared,speedily
ssh,0.40969162995594716,shared,pa
ssh,0.6,shared,monday
ssh,0.18518518518518517,b_only,sensations
ssh,0.5311004784688995,shared,proposed
ssh,1.0,a_only,gregorian
ssh,1.0,a_only,invade
ssh,0.7297297297297297,shared,telegraph
ssh,0.5609756097560976,shared,referred
ssh,0.5920398009950248,shared,cattle
ssh,0.5094339622641509,shared,sang
ssh,1.0,a_only,trilogy
ssh,1.0,a_only,aliens
ssh,0.4883720930232558,shared,changes
ssh,0.4883720930232558,shared,examination
ssh,0.4611872146118721,shared,ahead
ssh,0.19402985074626866,b_only,hastened
ssh,0.4222222222222222,shared,shortly
ssh,0.6410256410256411,shared,invariably
ssh,0.5094339622641509,shared,tire
ssh,1.0,a_only,comprises
ssh,1.0,a_only,beginnings
ssh,0.36752136752136755,shared,jacques
ssh,0.3559322033898305,shared,hours
ssh,0.4611872146118721,shared,shorthand
ssh,0.4349775784753363,shared,simon
ssh,0.17647058823529413,b_only,tenderly
ssh,1.0,a_only,colonists
ssh,0.22137404580152673,shared,rest
ssh,0.6842105263157895,shared,substance
ssh,0.4953271028037383,shared,proceed
ssh,1.0,a_only,locations
ssh,1.0,a_only,reactions
ssh,0.19850187265917604,b_only,attentive
ssh,0.415929203539823,shared,bust
ssh,0.24031007751937986,shared,clothes
ssh,0.3389121338912134,shared,consider
ssh,0.5458937198067633,shared,floating
ssh,0.0847457627118644,b_only,hush
ssh,0.4953271028037383,shared,pursuing
ssh,0.3114754098360656,shared,prison
ssh,0.5384615384615384,shared,older
ssh,1.0,a_only,archaeologists
ssh,1.0,a_only,procedures
ssh,1.0,a_only,normally
ssh,1.0,a_only,communist
ssh,0.5841584158415841,shared,commission
ssh,0.3617021276595745,shared,spring
ssh,0.11888111888111888,b_only,wednesday
ssh,0.2648221343873518,shared,nice
ssh,1.0,a_only,network
ssh,1.0,a_only,drama
ssh,0.7297297297297297,shared,european
ssh,1.0,a_only,arsenic
ssh,0.4953271028037383,shared,playing
ssh,1.0,a_only,coppola
ssh,1.0,a_only,columbus
ssh,0.17647058823529413,b_only,vane
ssh,0.19402985074626866,b_only,policeman
ssh,1.0,a_only,donate
ssh,1.0,a_only,arcade
ssh,0.6842105263157895,shared,powder
ssh,1.0,a_only,aldrin
ssh,1.0,a_only,tool
ssh,1.0,a_only,cavalry
ssh,0.20754716981132076,b_only,swung
ssh,0.6410256410256411,shared,fitting
ssh,0.5686274509803921,shared,union
ssh,0.7777777777777778,shared,analysis
ssh,0.5533980582524272,shared,crab
ssh,0.6326530612244898,shared,fired
ssh,0.3617021276595745,shared,thinks
ssh,0.5763546798029556,shared,surveyed
ssh,0.415929203539823,shared,spared
ssh,0.6326530612244898,shared,corruption
ssh,0.391304347826087,shared,bird
ssh,0.20300751879699247,shared,t
ssh,0.23076923076923078,b_only,traversed
ssh,0.44144144144144143,shared,failed
ssh,0.6580310880829016,shared,fame
ssh,1.0,a_only,canonical
ssh,1.0,a_only,songwriter
ssh,0.5165876777251185,shared,studying
ssh,0.0738255033557047,b_only,fearful
ssh,0.40350877192982454,shared,describe
ssh,1.0,a_only,artemis
ssh,1.0,a_only,ambiguous
ssh,1.0,a_only,lovecraft
ssh,1.0,a_only,vocabulary
ssh,0.28,shared,raised
ssh,0.350210970464135,shared,land
ssh,0.6326530612244898,shared,robin
ssh,0.4611872146118721,shared,tossed
ssh,0.20300751879699247,b_only,wreck
ssh,0.23076923076923078,b_only,recollect
ssh,1.0,a_only,ashmore
ssh,0.7112299465240641,shared,removing
ssh,1.0,a_only,surveys
ssh,0.285140562248996,shared,collins
ssh,1.0,a_only,isbn
ssh,0.2549019607843137,shared,around
ssh,1.0,a_only,anniversary
ssh,0.2903225806451613,shared,worked
ssh,0.44144144144144143,shared,truck
ssh,0.6080402010050251,shared,breadth
ssh,0.30612244897959184,shared,fell
ssh,0.5686274509803921,shared,chemist
ssh,0.3445378151260504,shared,missed
ssh,1.0,a_only,annexed
ssh,0.6243654822335025,shared,immoral
ssh,1.0,a_only,definitive
ssh,0.46788990825688076,shared,prayer
ssh,0.5023474178403756,shared,mon
ssh,0.1267605633802817,b_only,howling
ssh,0.6161616161616161,shared,norton
ssh,0.6931216931216931,shared,decision
ssh,1.0,a_only,theistic
ssh,0.3445378151260504,shared,asking
ssh,0.6494845360824743,shared,dense
ssh,0.7204301075268817,shared,electric
ssh,0.391304347826087,shared,conduct
ssh,1.0,a_only,abjad
ssh,1.0,a_only,mines
ssh,0.40350877192982454,shared,shot
ssh,0.29554655870445345,shared,tired
ssh,0.4611872146118721,shared,ashes
ssh,1.0,a_only,processor
ssh,0.6161616161616161,shared,data
ssh,1.0,a_only,earthquakes
ssh,0.18081180811808117,b_only,thither
ssh,1.0,a_only,concertos
ssh,0.5763546798029556,shared,exploring
ssh,0.23076923076923078,b_only,witches
ssh,0.0847457627118644,b_only,dearest
ssh,1.0,a_only,anchoring
ssh,1.0,a_only,beliefs
ssh,0.48148148148148145,shared,scenes
ssh,0.3278008298755187,shared,minute
ssh,1.0,a_only,postal
ssh,0.3793103448275862,shared,regular
ssh,0.6161616161616161,shared,hi
ssh,1.0,a_only,alphabet
ssh,0.25984251968503935,shared,long
ssh,0.2698412698412698,shared,duty
ssh,0.44144144144144143,shared,equally
ssh,0.285140562248996,shared,opinion
ssh,0.10344827586206896,b_only,charm
ssh,0.7204301075268817,shared,tradition
ssh,0.20300751879699247,b_only,cracked
ssh,0.797752808988764,shared,mayor
ssh,0.7112299465240641,shared,lasting
ssh,1.0,a_only,quad
ssh,0.20754716981132076,b_only,waving
ssh,0.45454545454545453,shared,useless
ssh,1.0,a_only,journalist
ssh,1.0,a_only,critic
ssh,0.7391304347826086,shared,scope
ssh,0.5609756097560976,shared,chalk
ssh,1.0,a_only,jupiter
ssh,1.0,a_only,brand
ssh,0.5238095238095238,shared,shooting
ssh,1.0,a_only,bishops
ssh,1.0,a_only,minority
ssh,0.6161616161616161,shared,americans
ssh,1.0,a_only,mathematical
ssh,1.0,a_only,immigration
ssh,0.415929203539823,shared,sufficient
ssh,0.6410256410256411,shared,wills
ssh,0.4611872146118721,shared,felix
ssh,1.0,a_only,defenders
ssh,0.5384615384615384,shared,bang
ssh,1.0,a_only,angles
ssh,1.0,a_only,allows
ssh,1.0,a_only,thompson
ssh,0.5533980582524272,shared,specimen
ssh,0.11888111888111888,shared,him
ssh,0.5311004784688995,shared,lift
ssh,0.6243654822335025,shared,principles
ssh,1.0,a_only,thebes
ssh,0.17647058823529413,b_only,fantastic
ssh,0.48148148148148145,shared,retired
ssh,0.2648221343873518,shared,together
ssh,1.0,a_only,overseas
ssh,1.0,a_only,saul
ssh,0.19850187265917604,shared,eyes
ssh,1.0,a_only,coordination
ssh,1.0,a_only,industries
ssh,0.4883720930232558,shared,steep
ssh,0.2749003984063745,shared,sort
ssh,1.0,a_only,irrational
ssh,1.0,a_only,antarctic
ssh,1.0,a_only,kenya
ssh,1.0,a_only,radicals
ssh,1.0,a_only,negligible
ssh,1.0,a_only,lebanon
ssh,0.6580310880829016,shared,elephant
ssh,0.7297297297297297,shared,edward
ssh,0.10726643598615918,b_only,deceived
ssh,1.0,a_only,lfheim
ssh,0.32231404958677684,shared,reply
ssh,0.5841584158415841,shared,hank
ssh,0.18081180811808117,b_only,whistle
ssh,0.5238095238095238,shared,pure
ssh,1.0,a_only,radical
ssh,1.0,a_only,convention
ssh,0.3445378151260504,shared,noise
ssh,0.11498257839721254,b_only,trembled
ssh,1.0,a_only,plutarch
ssh,1.0,a_only,dos
ssh,1.0,a_only,individuals
ssh,0.391304347826087,shared,claim
ssh,0.20300751879699247,b_only,protectors
ssh,1.0,a_only,exists
ssh,0.45454545454545453,shared,wound
ssh,0.46788990825688076,shared,rapidly
ssh,0.1895910780669145,b_only,annoyed
ssh,0.6410256410256411,shared,firing
ssh,0.675392670157068,shared,army
ssh,1.0,a_only,denoted
ssh,0.11498257839721254,b_only,frightful
ssh,1.0,a_only,functions
ssh,0.5763546798029556,shared,occupations
ssh,0.675392670157068,shared,gap
ssh,0.5238095238095238,shared,laden
ssh,1.0,a_only,wins
ssh,0.3278008298755187,shared,slightly
ssh,1.0,a_only,colonies
ssh,0.3278008298755187,shared,wind
ssh,0.5920398009950248,shared,feed
ssh,0.5165876777251185,shared,recognised
ssh,1.0,a_only,asteroid
ssh,1.0,a_only,distinctive
ssh,0.5686274509803921,shared,volume
ssh,0.5384615384615384,shared,romance
ssh,1.0,a_only,screenplay
ssh,0.25984251968503935,shared,happen
ssh,0.4953271028037383,shared,sliding
ssh,0.7391304347826086,shared,random
ssh,0.14695340501792115,b_only,merry
ssh,0.12280701754385964,b_only,thanked
ssh,0.6580310880829016,shared,handing
ssh,0.5023474178403756,shared,earn
ssh,0.5920398009950248,shared,lizard
ssh,0.5384615384615384,shared,page
ssh,0.28,shared,open
ssh,1.0,a_only,rebel
ssh,1.0,a_only,cellular
ssh,0.39737991266375544,shared,inside
ssh,0.3168724279835391,shared,solemn
ssh,0.675392670157068,shared,mirrors
ssh,0.45454545454545453,shared,history
ssh,0.2698412698412698,shared,hands
ssh,1.0,a_only,austro
ssh,1.0,a_only,unsafe
ssh,1.0,a_only,alabaster
ssh,0.40350877192982454,shared,affair
ssh,1.0,a_only,transform
ssh,0.7021276595744681,shared,switzerland
ssh,0.18081180811808117,b_only,dined
ssh,0.4953271028037383,shared,victim
ssh,0.2749003984063745,shared,spirits
ssh,0.6,shared,stamp
ssh,0.807909604519774,shared,hungarian
ssh,0.5533980582524272,shared,walton
ssh,1.0,a_only,wiki
ssh,1.0,a_only,ueshiba
ssh,0.08843537414965986,b_only,laughing
ssh,1.0,a_only,calculations
ssh,0.3168724279835391,shared,makes
ssh,0.39737991266375544,shared,cleared
ssh,1.0,a_only,adherents
ssh,0.48148148148148145,shared,bar
ssh,0.5238095238095238,shared,scotland
ssh,0.5311004784688995,shared,solitary
ssh,0.5384615384615384,shared,hail
ssh,1.0,a_only,tai
ssh,1.0,a_only,motor
ssh,1.0,a_only,warren
ssh,0.7021276595744681,shared,berkeley
ssh,1.0,a_only,ellis
ssh,0.1895910780669145,b_only,chap
ssh,1.0,a_only,linebacker
ssh,1.0,a_only,disability
ssh,1.0,a_only,darius
ssh,0.5920398009950248,shared,northward
ssh,0.7486338797814208,shared,mount
ssh,1.0,a_only,bce
ssh,1.0,a_only,boundaries
ssh,0.675392670157068,shared,describing
ssh,0.5311004784688995,shared,infinitely
ssh,0.19850187265917604,b_only,audible
ssh,0.245136186770428,shared,each
ssh,1.0,a_only,dominions
ssh,1.0,a_only,cluster
ssh,1.0,a_only,justin
ssh,0.6410256410256411,shared,shops
ssh,0.4611872146118721,shared,connected
ssh,1.0,a_only,portrayal
ssh,1.0,a_only,scholarship
ssh,0.6842105263157895,shared,completion
ssh,0.3559322033898305,shared,mention
ssh,1.0,a_only,tube
ssh,0.5920398009950248,shared,recovering
ssh,0.09215017064846416,b_only,exquisite
ssh,0.4222222222222222,shared,circumstances
ssh,0.29554655870445345,shared,evil
ssh,1.0,a_only,invasion
ssh,0.25984251968503935,shared,die
ssh,1.0,a_only,egypt
ssh,0.245136186770428,shared,van
ssh,0.4349775784753363,shared,stopping
ssh,0.11498257839721254,b_only,deserve
ssh,0.29554655870445345,shared,wood
ssh,0.5094339622641509,shared,machine
ssh,0.5763546798029556,shared,admission
ssh,0.22137404580152673,b_only,imprudence
ssh,0.20754716981132076,b_only,happier
ssh,0.19402985074626866,b_only,traps
ssh,0.6243654822335025,shared,vicious
ssh,1.0,a_only,developments
ssh,0.4611872146118721,shared,emerged
ssh,0.20754716981132076,b_only,soothed
ssh,0.18518518518518517,b_only,console
ssh,0.5920398009950248,shared,registered
ssh,1.0,a_only,functionality
ssh,0.32231404958677684,shared,key
ssh,1.0,a_only,hm
ssh,1.0,a_only,restaurant
ssh,0.5686274509803921,shared,build
ssh,1.0,a_only,drivers
ssh,0.25984251968503935,shared,while
ssh,0.415929203539823,shared,st
ssh,1.0,a_only,afro
ssh,1.0,a_only,ginsberg
ssh,0.285140562248996,shared,whatever
ssh,1.0,a_only,organisations
ssh,0.7112299465240641,shared,agrippa
ssh,1.0,a_only,media
ssh,0.4479638009049774,shared,caused
ssh,0.2749003984063745,shared,marry
ssh,0.5763546798029556,shared,marble
ssh,1.0,a_only,virtual
ssh,0.5686274509803921,shared,toes
ssh,0.6410256410256411,shared,alert
ssh,1.0,a_only,vegetation
ssh,0.21212121212121213,b_only,twins
ssh,0.2698412698412698,shared,opened
ssh,0.5023474178403756,shared,observing
ssh,0.2260536398467433,b_only,worm
ssh,1.0,a_only,ataxia
ssh,0.7112299465240641,shared,rivers
ssh,1.0,a_only,diameter
ssh,0.415929203539823,shared,flowers
ssh,1.0,a_only,tissue
ssh,1.0,a_only,winners
ssh,1.0,a_only,resulted
ssh,1.0,a_only,promote
ssh,0.7877094972067039,shared,spectral
ssh,0.40350877192982454,shared,wrapped
ssh,1.0,a_only,criticisms
ssh,1.0,a_only,andes
ssh,0.2648221343873518,shared,sir
ssh,0.19850187265917604,b_only,gaze
ssh,0.19850187265917604,b_only,perplexed
ssh,0.23076923076923078,shared,let
ssh,0.13074204946996468,b_only,coarse
ssh,1.0,a_only,applications
ssh,0.6494845360824743,shared,poet
ssh,1.0,a_only,des
ssh,0.7582417582417582,shared,borders
ssh,0.5165876777251185,shared,moral
ssh,0.3114754098360656,shared,thus
ssh,0.3793103448275862,shared,tie
ssh,0.39737991266375544,shared,situation
ssh,0.42857142857142855,shared,lifted
ssh,0.5458937198067633,shared,emotions
ssh,0.1510791366906475,b_only,sobs
ssh,0.37339055793991416,shared,kin
ssh,0.5384615384615384,shared,ancient
ssh,0.391304347826087,shared,interfere
ssh,0.6243654822335025,shared,allowing
ssh,1.0,a_only,molinari
ssh,1.0,a_only,atom
ssh,0.4479638009049774,shared,record
ssh,0.6494845360824743,shared,sex
ssh,0.12280701754385964,b_only,stir
ssh,0.1267605633802817,b_only,injun
ssh,1.0,a_only,councils
ssh,0.3617021276595745,shared,shake
ssh,1.0,a_only,programming
ssh,1.0,a_only,awk
ssh,1.0,a_only,replacing
ssh,1.0,a_only,bering
ssh,1.0,a_only,genera
ssh,0.20754716981132076,shared,from
ssh,0.3114754098360656,shared,low
ssh,1.0,a_only,occult
ssh,0.19850187265917604,b_only,suits
ssh,0.4479638009049774,shared,trademark
ssh,1.0,a_only,accusations
ssh,0.25984251968503935,shared,been
ssh,0.7679558011049724,shared,deaths
ssh,1.0,a_only,radians
ssh,1.0,a_only,aggression
ssh,1.0,a_only,publishing
ssh,0.19402985074626866,b_only,cautiously
ssh,0.22137404580152673,b_only,sufferer
ssh,1.0,a_only,cushitic
ssh,0.6,shared,discovering
ssh,1.0,a_only,cern
ssh,0.6161616161616161,shared,benefit
ssh,1.0,a_only,eros
ssh,1.0,a_only,prussian
ssh,1.0,a_only,arbitrary
ssh,0.6243654822335025,shared,combination
ssh,0.7204301075268817,shared,imprisoned
ssh,0.6666666666666666,shared,drug
ssh,1.0,a_only,ayn
ssh,0.10726643598615918,b_only,scared
ssh,0.23552123552123552,b_only,brightly
ssh,1.0,a_only,distributed
ssh,0.6494845360824743,shared,independent
ssh,0.32231404958677684,shared,fight
ssh,0.23076923076923078,b_only,citizeness
ssh,0.5841584158415841,shared,negro
ssh,1.0,a_only,invaded
ssh,0.4479638009049774,shared,usually
ssh,1.0,a_only,handling
ssh,0.4883720930232558,shared,deeper
ssh,0.3445378151260504,shared,heaven
ssh,1.0,a_only,dividing
ssh,0.6931216931216931,shared,answers
ssh,1.0,a_only,sporting
ssh,0.3168724279835391,shared,mary
ssh,0.08843537414965986,b_only,pity
ssh,0.6666666666666666,shared,emphasis
ssh,0.5609756097560976,shared,image
ssh,1.0,a_only,effective
ssh,0.1678832116788321,b_only,compliments
ssh,0.3333333333333333,shared,confidence
ssh,1.0,a_only,defeats
ssh,1.0,a_only,acupuncture
ssh,0.32231404958677684,shared,kindly
ssh,0.5686274509803921,shared,conference
ssh,0.6326530612244898,shared,loses
ssh,0.7112299465240641,shared,label
ssh,0.36752136752136755,shared,presence
ssh,0.6080402010050251,shared,range
ssh,1.0,a_only,wheat
ssh,0.19850187265917604,b_only,crimson
ssh,0.7021276595744681,shared,chaos
ssh,0.2648221343873518,shared,writing
ssh,0.5533980582524272,shared,objects
ssh,0.45454545454545453,shared,unknown
ssh,1.0,a_only,molecular
ssh,0.6410256410256411,shared,astounding
ssh,0.2903225806451613,shared,cut
ssh,0.3852813852813853,shared,sunday
ssh,0.3114754098360656,shared,explain
ssh,0.21212121212121213,b_only,brows
ssh,0.20300751879699247,b_only,gilt
ssh,0.6666666666666666,shared,explicit
ssh,0.19402985074626866,b_only,haggard
ssh,0.5841584158415841,shared,embraced
ssh,1.0,a_only,anderson
ssh,1.0,a_only,telescopes
ssh,1.0,a_only,amhr
ssh,1.0,a_only,investment
ssh,1.0,a_only,abandonment
ssh,1.0,a_only,championship
ssh,0.5841584158415841,shared,talent
ssh,1.0,a_only,arminius
ssh,0.6326530612244898,shared,sentiment
ssh,0.675392670157068,shared,transparent
ssh,0.2698412698412698,shared,few
ssh,1.0,a_only,archaea
ssh,0.44144144144144143,shared,snakes
ssh,1.0,a_only,parallel
ssh,1.0,a_only,components
ssh,0.12280701754385964,b_only,intend
ssh,1.0,a_only,assault
ssh,1.0,a_only,software
ssh,1.0,a_only,substantially
ssh,1.0,a_only,bombing
ssh,0.5238095238095238,shared,vice
ssh,0.5920398009950248,shared,interests
ssh,1.0,a_only,algorithm
ssh,0.7112299465240641,shared,preservation
ssh,1.0,a_only,succeeds
ssh,0.3559322033898305,shared,fingers
ssh,0.21673003802281368,b_only,sobbing
ssh,1.0,a_only,bands
ssh,0.7486338797814208,shared,healing
ssh,0.3008130081300813,shared,carried
ssh,1.0,a_only,specimens
ssh,0.285140562248996,shared,feeling
ssh,0.3389121338912134,shared,pointed
ssh,0.29554655870445345,shared,happiness
ssh,0.42857142857142855,shared,group
ssh,0.3168724279835391,shared,hid
ssh,1.0,a_only,compete
ssh,0.23076923076923078,b_only,exultation
ssh,1.0,a_only,capita
ssh,0.5841584158415841,shared,laws
ssh,1.0,a_only,parliamentary
ssh,1.0,a_only,epiphanius
ssh,0.5533980582524272,shared,ends
ssh,1.0,a_only,bj
ssh,1.0,a_only,touring
ssh,0.5763546798029556,shared,incapable
ssh,0.2260536398467433,shared,god
ssh,1.0,a_only,controlling
ssh,1.0,a_only,asian
ssh,1.0,a_only,nagorno
ssh,0.23076923076923078,shared,hard
ssh,1.0,a_only,factbook
ssh,1.0,a_only,signing
ssh,0.19850187265917604,b_only,wilks
ssh,1.0,a_only,squid
ssh,0.2260536398467433,b_only,formidable
ssh,0.6931216931216931,shared,newspaper
ssh,0.6842105263157895,shared,giant
ssh,1.0,a_only,buenos
ssh,0.20300751879699247,b_only,insist
ssh,0.17647058823529413,b_only,welshman
ssh,1.0,a_only,conditional
ssh,1.0,a_only,antigua
ssh,0.42857142857142855,shared,whoever
ssh,0.6842105263157895,shared,rocky
ssh,0.37339055793991416,shared,effort
ssh,0.7204301075268817,shared,disaster
ssh,0.7204301075268817,shared,explanations
ssh,1.0,a_only,interactions
ssh,0.21673003802281368,b_only,intimacy
ssh,0.48148148148148145,shared,project
ssh,0.12280701754385964,b_only,laughter
ssh,0.3168724279835391,shared,secret
ssh,0.5023474178403756,shared,cap
ssh,1.0,a_only,resembles
ssh,1.0,a_only,sedgwick
ssh,1.0,a_only,sudan
ssh,0.6161616161616161,shared,waterloo
ssh,0.21673003802281368,b_only,irene
ssh,1.0,a_only,companies
ssh,0.3793103448275862,shared,fail
ssh,0.19850187265917604,b_only,lingering
ssh,1.0,a_only,secular
ssh,0.7204301075268817,shared,tension
ssh,1.0,a_only,festivals
ssh,0.5238095238095238,shared,folk
ssh,0.5458937198067633,shared,residence
ssh,1.0,a_only,extant
ssh,0.5094339622641509,shared,deeds
ssh,1.0,a_only,dick
ssh,1.0,a_only,anders
ssh,0.7391304347826086,shared,denying
ssh,1.0,a_only,mysticism
ssh,0.37339055793991416,shared,path
ssh,0.4953271028037383,shared,progress
ssh,0.5094339622641509,shared,motive
ssh,1.0,a_only,ansi
ssh,0.6410256410256411,shared,hop
ssh,0.285140562248996,shared,nine
ssh,0.5458937198067633,shared,valley
ssh,0.4883720930232558,shared,tracks
ssh,1.0,a_only,alchemists
ssh,1.0,a_only,isotopes
ssh,0.7297297297297297,shared,exposure
ssh,0.5094339622641509,shared,regarding
ssh,1.0,a_only,pdf
ssh,0.6842105263157895,shared,italy
ssh,0.6580310880829016,shared,fee
ssh,1.0,a_only,airport
ssh,1.0,a_only,combustion
ssh,0.11498257839721254,b_only,melancholy
ssh,0.4883720930232558,shared,instance
ssh,1.0,a_only,percent
ssh,0.6,shared,bid
ssh,0.37339055793991416,shared,lights
ssh,0.7021276595744681,shared,mistakes
ssh,1.0,a_only,sexual
ssh,1.0,a_only,audio
ssh,1.0,a_only,assignment
ssh,0.2260536398467433,b_only,ticket
ssh,1.0,a_only,airplane
ssh,0.14285714285714285,b_only,alarmed
ssh,0.0847457627118644,b_only,assure
ssh,0.5384615384615384,shared,height
ssh,1.0,a_only,columns
ssh,0.08843537414965986,shared,his
ssh,0.3389121338912134,shared,seek
ssh,0.5311004784688995,shared,riddle
ssh,1.0,a_only,schweitzer
ssh,1.0,a_only,structural
ssh,0.6243654822335025,shared,foam
ssh,0.6494845360824743,shared,entries
ssh,0.48148148148148145,shared,judgment
ssh,0.3333333333333333,shared,passing
ssh,0.18081180811808117,b_only,temptation
ssh,0.415929203539823,shared,vanished
ssh,0.37339055793991416,shared,arrived
ssh,1.0,a_only,und
ssh,0.7021276595744681,shared,reluctant
ssh,0.6080402010050251,shared,attraction
ssh,0.20754716981132076,b_only,nieces
ssh,1.0,a_only,atomic
ssh,1.0,a_only,heracles
ssh,1.0,a_only,ranked
ssh,0.3278008298755187,shared,order
ssh,1.0,a_only,spectrum
ssh,1.0,a_only,transformations
ssh,1.0,a_only,editing
ssh,0.8181818181818182,shared,museum
ssh,0.6931216931216931,shared,stem
ssh,1.0,a_only,bass
ssh,1.0,a_only,fossils
ssh,0.5165876777251185,shared,eligible
ssh,1.0,a_only,aluminum
ssh,0.18518518518518517,b_only,likeness
ssh,1.0,a_only,adds
ssh,1.0,a_only,siege
ssh,1.0,a_only,interpret
ssh,0.5533980582524272,shared,attached
ssh,0.46788990825688076,shared,royal
ssh,0.5165876777251185,shared,stolen
ssh,0.45454545454545453,shared,breaking
ssh,1.0,a_only,melting
ssh,0.4611872146118721,shared,custom
ssh,0.3114754098360656,shared,these
ssh,1.0,a_only,circa
ssh,0.5763546798029556,shared,hound
ssh,1.0,a_only,gospel
ssh,0.19850187265917604,b_only,agin
ssh,1.0,a_only,integer
ssh,0.4611872146118721,shared,companions
ssh,0.29554655870445345,shared,still
ssh,0.5384615384615384,shared,results
ssh,1.0,a_only,lindbergh
ssh,0.2549019607843137,shared,comes
ssh,0.350210970464135,shared,spy
ssh,1.0,a_only,practices
ssh,1.0,a_only,functioning
ssh,0.1387900355871886,b_only,hawkins
ssh,1.0,a_only,specific
ssh,1.0,a_only,coral
ssh,0.47465437788018433,shared,relate
ssh,0.1678832116788321,b_only,hain
ssh,1.0,a_only,factions
ssh,1.0,a_only,ethane
ssh,1.0,a_only,timeline
ssh,0.08843537414965986,shared,he
ssh,0.5763546798029556,shared,apple
ssh,0.6326530612244898,shared,scientific
ssh,0.11498257839721254,b_only,hideous
ssh,1.0,a_only,anagrams
ssh,0.675392670157068,shared,eighth
ssh,0.1895910780669145,b_only,sober
ssh,0.5238095238095238,shared,enjoyment
ssh,0.5920398009950248,shared,strive
ssh,1.0,a_only,contract
ssh,1.0,a_only,ois
ssh,0.5763546798029556,shared,lighting
ssh,1.0,a_only,booth
ssh,1.0,a_only,motto
ssh,0.675392670157068,shared,minor
ssh,1.0,a_only,ruler
ssh,0.5841584158415841,shared,consisted
ssh,0.5023474178403756,shared,labours
ssh,0.6494845360824743,shared,cope
ssh,0.40969162995594716,shared,draw
ssh,1.0,a_only,monarchs
ssh,0.5763546798029556,shared,exalted
ssh,1.0,a_only,dagny
ssh,1.0,a_only,suburb
ssh,0.21673003802281368,b_only,wid
ssh,1.0,a_only,exclave
ssh,0.19850187265917604,b_only,hurst
ssh,1.0,a_only,popularity
ssh,0.5458937198067633,shared,mass
ssh,0.5458937198067633,shared,dover
ssh,0.3389121338912134,shared,strength
ssh,0.7486338797814208,shared,college
ssh,0.32231404958677684,shared,widow
ssh,0.3114754098360656,shared,duchess
ssh,0.5841584158415841,shared,birthday
ssh,0.6326530612244898,shared,reasoning
ssh,0.2260536398467433,shared,better
ssh,0.25984251968503935,shared,after
ssh,0.09965635738831616,b_only,shed
ssh,1.0,a_only,domitius
ssh,0.4953271028037383,shared,special
ssh,1.0,a_only,valleys
ssh,1.0,a_only,ishmael
ssh,1.0,a_only,complications
ssh,1.0,a_only,advocates
ssh,1.0,a_only,supports
ssh,0.20754716981132076,b_only,felicity
ssh,0.40969162995594716,shared,shore
ssh,0.11498257839721254,shared,so
ssh,0.5763546798029556,shared,exciting
ssh,1.0,a_only,rearden
ssh,1.0,a_only,steve
ssh,0.5023474178403756,shared,immediate
ssh,0.4953271028037383,shared,savage
ssh,1.0,a_only,techniques
ssh,0.48148148148148145,shared,aware
ssh,0.19850187265917604,b_only,5
ssh,0.2749003984063745,shared,ain
ssh,1.0,a_only,milne
ssh,0.415929203539823,shared,birds
ssh,0.2903225806451613,shared,living
ssh,1.0,a_only,missions
ssh,0.3852813852813853,shared,weeks
ssh,0.5384615384615384,shared,depressed
ssh,0.3008130081300813,shared,knowing
ssh,0.23552123552123552,b_only,6
ssh,1.0,a_only,kentucky
ssh,1.0,a_only,speakers
ssh,1.0,a_only,instrumental
ssh,1.0,a_only,decimal
ssh,1.0,a_only,ecology
ssh,0.2698412698412698,shared,found
ssh,0.10726643598615918,b_only,approaching
ssh,0.2648221343873518,shared,further
ssh,1.0,a_only,selling
ssh,0.19850187265917604,b_only,curtains
ssh,1.0,a_only,pierre
ssh,1.0,a_only,mp
ssh,0.675392670157068,shared,complaints
ssh,1.0,a_only,claudius
ssh,0.5841584158415841,shared,remove
ssh,1.0,a_only,compatible
ssh,1.0,a_only,bin
ssh,0.5533980582524272,shared,travel
ssh,0.5165876777251185,shared,ignorance
ssh,0.5609756097560976,shared,mob
ssh,0.3333333333333333,shared,considered
ssh,0.24031007751937986,shared,lives
ssh,1.0,a_only,agencies
ssh,0.48148148148148145,shared,ho
ssh,0.4883720930232558,shared,bearing
ssh,1.0,a_only,institutions
ssh,0.2903225806451613,shared,worse
ssh,1.0,a_only,creed
ssh,0.21212121212121213,shared,want
ssh,1.0,a_only,transformation
ssh,1.0,a_only,releases
ssh,0.5311004784688995,shared,continue
ssh,0.4222222222222222,shared,accident
ssh,0.6243654822335025,shared,roots
ssh,0.6494845360824743,shared,danube
ssh,0.6326530612244898,shared,w
ssh,1.0,a_only,prehistoric
ssh,0.3617021276595745,shared,careful
ssh,1.0,a_only,albania
ssh,1.0,a_only,recounts
ssh,0.6243654822335025,shared,forbidden
ssh,0.6666666666666666,shared,qualified
ssh,1.0,a_only,fresnel
ssh,1.0,a_only,offense
ssh,0.5023474178403756,shared,released
ssh,0.09215017064846416,b_only,gentlemen
ssh,1.0,a_only,machines
ssh,0.5841584158415841,shared,groups
ssh,0.6666666666666666,shared,resignation
ssh,0.5384615384615384,shared,pledged
ssh,0.6494845360824743,shared,owing
ssh,1.0,a_only,propaganda
ssh,0.0958904109589041,b_only,expecting
ssh,1.0,a_only,mcclellan
ssh,0.37339055793991416,shared,afford
ssh,0.19402985074626866,b_only,foulon
ssh,0.6243654822335025,shared,decline
ssh,1.0,a_only,samples
ssh,0.5384615384615384,shared,dollar
ssh,1.0,a_only,aalborg
ssh,0.7021276595744681,shared,campaign
ssh,1.0,a_only,nicolas
ssh,0.5533980582524272,shared,prey
ssh,0.7204301075268817,shared,management
ssh,1.0,a_only,geology
ssh,1.0,a_only,modification
ssh,0.19402985074626866,b_only,muff
ssh,0.675392670157068,shared,strikes
ssh,0.5384615384615384,shared,nearest
ssh,1.0,a_only,crystalline
ssh,1.0,a_only,aka
ssh,0.6666666666666666,shared,bounded
ssh,0.3617021276595745,shared,marked
ssh,0.3389121338912134,shared,ears
ssh,0.6931216931216931,shared,achieve
ssh,0.2698412698412698,shared,round
ssh,0.415929203539823,shared,k
ssh,1.0,a_only,georg
ssh,1.0,a_only,iraq
ssh,1.0,a_only,inability
ssh,0.45454545454545453,shared,desk
ssh,0.28,shared,mighty
ssh,0.5165876777251185,shared,allen
ssh,1.0,a_only,metaphysics
ssh,0.28,shared,laugh
ssh,1.0,a_only,abjads
ssh,1.0,a_only,mesopotamia
ssh,0.7112299465240641,shared,wheeler
ssh,1.0,a_only,agesilaus
ssh,0.5311004784688995,shared,records
ssh,1.0,a_only,ptolemy
ssh,0.21212121212121213,b_only,philips
ssh,0.48148148148148145,shared,passenger
ssh,0.5023474178403756,shared,striking
ssh,0.7204301075268817,shared,confer
ssh,0.675392670157068,shared,significance
ssh,0.4479638009049774,shared,seventy
ssh,1.0,a_only,synthesis
ssh,0.1347517730496454,b_only,drawer
ssh,1.0,a_only,ideology
ssh,0.6326530612244898,shared,consumed
ssh,1.0,a_only,aristotelian
ssh,0.18081180811808117,b_only,awfully
ssh,0.48148148148148145,shared,blade
ssh,0.18518518518518517,b_only,pallor
ssh,0.47465437788018433,shared,answering
ssh,0.6161616161616161,shared,collecting
ssh,0.42857142857142855,shared,narrow
ssh,0.6161616161616161,shared,sticks
ssh,0.46788990825688076,shared,altered
ssh,1.0,a_only,ion
ssh,1.0,a_only,suppression
ssh,0.18518518518518517,b_only,tidings
ssh,1.0,a_only,zeus
ssh,1.0,a_only,orbitals
ssh,0.5238095238095238,shared,grounds
ssh,0.6931216931216931,shared,violin
ssh,1.0,a_only,superorder
ssh,1.0,a_only,displays
ssh,0.245136186770428,shared,alone
ssh,1.0,a_only,terrain
ssh,0.6494845360824743,shared,sheltered
ssh,0.5920398009950248,shared,italian
ssh,1.0,a_only,kim
ssh,1.0,a_only,jewish
ssh,0.5384615384615384,shared,ugly
ssh,0.4953271028037383,shared,swept
ssh,1.0,a_only,yearly
ssh,1.0,a_only,alternate
ssh,0.4479638009049774,shared,gradually
ssh,0.18518518518518517,b_only,polite
ssh,0.415929203539823,shared,deadly
ssh,0.6410256410256411,shared,tent
ssh,0.5023474178403756,shared,restless
ssh,0.7112299465240641,shared,copies
ssh,1.0,a_only,geographical
ssh,1.0,a_only,argentina
ssh,1.0,a_only,chi
ssh,1.0,a_only,acropolis
ssh,0.36752136752136755,shared,drink
ssh,0.7204301075268817,shared,observations
ssh,1.0,a_only,benz
ssh,0.5458937198067633,shared,insisted
ssh,1.0,a_only,fairbanks
ssh,0.5920398009950248,shared,stroke
ssh,0.21212121212121213,b_only,sleeves
ssh,0.7112299465240641,shared,persian
ssh,1.0,a_only,genre
ssh,0.6080402010050251,shared,matches
ssh,0.46788990825688076,shared,cloud
ssh,1.0,a_only,improving
ssh,1.0,a_only,societies
ssh,1.0,a_only,structures
ssh,1.0,a_only,advent
ssh,0.5920398009950248,shared,ninety
ssh,1.0,a_only,clubs
ssh,1.0,a_only,agamemnon
ssh,1.0,a_only,gordon
ssh,0.350210970464135,shared,latter
ssh,1.0,a_only,arabs
ssh,0.3278008298755187,shared,fresh
ssh,0.675392670157068,shared,bath
ssh,1.0,a_only,morocco
ssh,0.2260536398467433,b_only,toil
ssh,1.0,a_only,persia
ssh,1.0,a_only,arguably
ssh,0.5686274509803921,shared,refuge
ssh,0.675392670157068,shared,ann
ssh,0.47465437788018433,shared,mars
ssh,0.19850187265917604,b_only,lonesome
ssh,1.0,a_only,reaches
ssh,0.5763546798029556,shared,creation
ssh,0.7204301075268817,shared,strip
ssh,0.3168724279835391,shared,occasion
ssh,0.5533980582524272,shared,regarded
ssh,1.0,a_only,saudi
ssh,0.2903225806451613,shared,between
ssh,1.0,a_only,hephaestus
ssh,0.4883720930232558,shared,sharply
ssh,0.42857142857142855,shared,slide
ssh,1.0,a_only,athena
ssh,0.6410256410256411,shared,horsemen
ssh,0.7391304347826086,shared,aim
ssh,0.23076923076923078,b_only,embarrassment
ssh,0.2749003984063745,shared,woman
ssh,0.7486338797814208,shared,bind
ssh,1.0,a_only,crops
ssh,1.0,a_only,anchorage
ssh,0.42857142857142855,shared,painted
ssh,0.5238095238095238,shared,occupation
ssh,1.0,a_only,singles
ssh,0.4222222222222222,shared,hall
ssh,1.0,a_only,establishes
ssh,0.3333333333333333,shared,throw
ssh,0.21673003802281368,b_only,sincerely
ssh,0.4479638009049774,shared,dish
ssh,0.40969162995594716,shared,revenge
ssh,1.0,a_only,asperger
ssh,1.0,a_only,stewart
ssh,1.0,a_only,outbreak
ssh,1.0,a_only,defendant
ssh,1.0,a_only,phenomena
ssh,0.6243654822335025,shared,writes
ssh,0.09965635738831616,b_only,hers
ssh,1.0,a_only,myth
ssh,0.18518518518518517,b_only,deserved
ssh,0.3389121338912134,shared,scarcely
ssh,0.40969162995594716,shared,proper
ssh,0.6666666666666666,shared,abrupt
ssh,0.5094339622641509,shared,mentioning
ssh,0.1111111111111111,b_only,shouting
ssh,1.0,a_only,undertaken
ssh,0.5165876777251185,shared,tiny
ssh,0.5384615384615384,shared,insects
ssh,0.5384615384615384,shared,expectations
ssh,0.2903225806451613,shared,stand
ssh,1.0,a_only,frac
ssh,0.7112299465240641,shared,joseph
ssh,0.6494845360824743,shared,imposed
ssh,1.0,a_only,alchemy
ssh,0.32231404958677684,shared,considerable
ssh,1.0,a_only,ainu
ssh,1.0,a_only,jerome
ssh,0.6842105263157895,shared,services
ssh,0.5609756097560976,shared,arguments
ssh,0.18081180811808117,b_only,contemplated
ssh,1.0,a_only,behaviors
ssh,1.0,a_only,primary
ssh,1.0,a_only,americium
ssh,0.45454545454545453,shared,stands
ssh,1.0,a_only,correctly
ssh,1.0,a_only,explosion
ssh,0.0847457627118644,b_only,smiled
ssh,1.0,a_only,aikido
ssh,0.2903225806451613,shared,lay
ssh,0.6080402010050251,shared,nineteenth
ssh,1.0,a_only,olympic
ssh,1.0,a_only,harold
ssh,1.0,a_only,controversy
ssh,1.0,a_only,implementing
ssh,0.21673003802281368,b_only,interrupt
ssh,1.0,a_only,der
ssh,0.6666666666666666,shared,carter
ssh,0.6666666666666666,shared,included
ssh,1.0,a_only,expansion
ssh,0.5763546798029556,shared,merits
ssh,1.0,a_only,kilgore
ssh,1.0,a_only,debates
ssh,0.6161616161616161,shared,burial
ssh,0.5533980582524272,shared,cloth
ssh,0.6243654822335025,shared,outward
ssh,0.3559322033898305,shared,thrown
ssh,0.4611872146118721,shared,extended
ssh,1.0,a_only,bruce
ssh,0.7204301075268817,shared,referring
ssh,0.5686274509803921,shared,objected
ssh,0.19850187265917604,b_only,amidst
ssh,0.7204301075268817,shared,meetings
ssh,1.0,a_only,suffix
ssh,0.30612244897959184,shared,pause
ssh,0.06312292358803986,shared,and
ssh,0.4611872146118721,shared,mostly
ssh,0.7297297297297297,shared,structure
ssh,1.0,a_only,phi
ssh,0.6410256410256411,shared,purple
ssh,1.0,a_only,illegitimate
ssh,0.20754716981132076,b_only,congratulate
ssh,0.6410256410256411,shared,minister
ssh,1.0,a_only,synthetic
ssh,1.0,a_only,distribution
ssh,1.0,a_only,option
ssh,0.5763546798029556,shared,expenses
ssh,0.1895910780669145,b_only,evils
ssh,1.0,a_only,blockade
ssh,0.807909604519774,shared,troops
ssh,0.20300751879699247,b_only,moods
ssh,0.4222222222222222,shared,edge
ssh,1.0,a_only,cardinal
ssh,0.19402985074626866,b_only,communicated
ssh,1.0,a_only,nominee
ssh,0.5094339622641509,shared,beats
ssh,0.6326530612244898,shared,bounds
ssh,0.28,shared,therefore
ssh,1.0,a_only,peaks
ssh,1.0,a_only,brian
ssh,0.1895910780669145,b_only,ther
ssh,0.4479638009049774,shared,saturday
ssh,0.3852813852813853,shared,absence
ssh,0.5165876777251185,shared,hence
ssh,0.4222222222222222,shared,concerned
ssh,0.5533980582524272,shared,waters
ssh,0.21212121212121213,b_only,memorandum
ssh,1.0,a_only,tons
ssh,1.0,a_only,census
ssh,1.0,a_only,doctrines
ssh,1.0,a_only,sparta
ssh,1.0,a_only,evangelical
ssh,1.0,a_only,hungary
ssh,1.0,a_only,addictive
ssh,1.0,a_only,zinc
ssh,0.3852813852813853,shared,boxes
ssh,0.415929203539823,shared,creatures
ssh,0.20300751879699247,b_only,ardently
ssh,0.12280701754385964,shared,a
ssh,0.1895910780669145,b_only,trousers
ssh,0.675392670157068,shared,stops
ssh,0.28,shared,chair
ssh,0.5920398009950248,shared,peaceful
ssh,0.28,shared,count
ssh,0.5384615384615384,shared,neat
ssh,1.0,a_only,eddie
ssh,0.30612244897959184,shared,saw
ssh,0.5458937198067633,shared,coincidence
ssh,0.17216117216117216,b_only,lordship
ssh,0.5763546798029556,shared,professional
ssh,1.0,a_only,starts
ssh,1.0,a_only,comedian
ssh,0.45454545454545453,shared,reasons
ssh,0.6666666666666666,shared,assembly
ssh,1.0,a_only,halogens
ssh,1.0,a_only,exodus
ssh,0.21212121212121213,b_only,drawers
ssh,0.2260536398467433,shared,run
ssh,0.6842105263157895,shared,advocate
ssh,0.6326530612244898,shared,flow
ssh,0.5841584158415841,shared,affirmative
ssh,0.10726643598615918,b_only,madness
ssh,1.0,a_only,ralph
ssh,0.22137404580152673,b_only,curls
ssh,1.0,a_only,culminated
ssh,1.0,a_only,agassi
ssh,0.7582417582417582,shared,dies
ssh,0.5238095238095238,shared,morals
ssh,1.0,a_only,structured
ssh,0.675392670157068,shared,declaration
ssh,1.0,a_only,firearms
ssh,1.0,a_only,winner
ssh,0.5609756097560976,shared,rob
ssh,1.0,a_only,argentine
ssh,0.2749003984063745,shared,doctor
ssh,0.5094339622641509,shared,sailors
ssh,1.0,a_only,antarctica
ssh,0.5238095238095238,shared,steam
ssh,1.0,a_only,easter
ssh,0.6410256410256411,shared,enable
ssh,0.44144144144144143,shared,friendly
ssh,0.5238095238095238,shared,stamped
ssh,1.0,a_only,seceded
ssh,0.7582417582417582,shared,explains
ssh,0.6080402010050251,shared,medical
ssh,1.0,a_only,fund
ssh,0.5458937198067633,shared,ocean
ssh,1.0,a_only,monuments
ssh,0.4883720930232558,shared,wave
ssh,1.0,a_only,jordan
ssh,1.0,a_only,synod
ssh,0.0738255033557047,b_only,shudder
ssh,0.25,shared,quite
ssh,0.48148148148148145,shared,heading
ssh,0.2903225806451613,shared,watched
ssh,1.0,a_only,dsm
ssh,1.0,a_only,manned
ssh,0.12280701754385964,shared,that
ssh,0.6494845360824743,shared,francis
ssh,0.4479638009049774,shared,snow
ssh,0.6326530612244898,shared,saxon
ssh,1.0,a_only,caligula
ssh,1.0,a_only,orient
ssh,0.7391304347826086,shared,heroic
ssh,1.0,a_only,princes
ssh,0.42857142857142855,shared,delay
ssh,1.0,a_only,phoenix
ssh,0.7112299465240641,shared,withdrawn
ssh,0.20754716981132076,b_only,frauds
ssh,0.3114754098360656,shared,appearance
ssh,0.7877094972067039,shared,statements
ssh,1.0,a_only,subcontinent
ssh,0.40969162995594716,shared,relations
ssh,1.0,a_only,proto
ssh,1.0,a_only,csm
ssh,0.21212121212121213,b_only,invite
ssh,1.0,a_only,efficiency
ssh,0.5609756097560976,shared,jones
ssh,0.5841584158415841,shared,congregation
ssh,0.40969162995594716,shared,daytime
ssh,1.0,a_only,descriptions
ssh,0.415929203539823,shared,trusted
ssh,1.0,a_only,patrick
ssh,1.0,a_only,monopoly
ssh,1.0,a_only,volumes
ssh,1.0,a_only,environment
ssh,0.7112299465240641,shared,dictionary
ssh,0.18518518518518517,b_only,sah
ssh,1.0,a_only,terra
ssh,1.0,a_only,educational
ssh,0.3617021276595745,shared,strike
ssh,0.47465437788018433,shared,pieces
ssh,1.0,a_only,papyrus
ssh,1.0,a_only,complicated
ssh,0.5841584158415841,shared,shared
ssh,0.6326530612244898,shared,realize
ssh,0.5023474178403756,shared,strait
ssh,0.6842105263157895,shared,luxury
ssh,0.5763546798029556,shared,feathers
ssh,1.0,a_only,lillian
ssh,1.0,a_only,surrendered
ssh,0.6161616161616161,shared,education
ssh,0.7112299465240641,shared,priest
ssh,1.0,a_only,involves
ssh,0.3114754098360656,shared,coming
ssh,1.0,a_only,afghan
ssh,0.5311004784688995,shared,stature
ssh,0.1895910780669145,b_only,coldly
ssh,0.1267605633802817,b_only,circus
ssh,1.0,a_only,effectively
ssh,0.6842105263157895,shared,whatsoever
ssh,0.4883720930232558,shared,someone
ssh,0.44144144144144143,shared,letting
ssh,1.0,a_only,tourists
ssh,0.19850187265917604,b_only,solicitor
ssh,0.21212121212121213,b_only,repeating
ssh,1.0,a_only,eclipsed
ssh,0.5841584158415841,shared,advancing
ssh,0.5023474178403756,shared,satisfy
ssh,0.39737991266375544,shared,pile
ssh,0.350210970464135,shared,front
ssh,0.6931216931216931,shared,sam
ssh,0.6326530612244898,shared,opposition
ssh,1.0,a_only,supporters
ssh,1.0,a_only,transfer
ssh,0.5458937198067633,shared,weird
ssh,1.0,a_only,arizona
ssh,0.7486338797814208,shared,tallest
ssh,1.0,a_only,appropriate
ssh,0.1267605633802817,b_only,yer
ssh,0.6410256410256411,shared,moderate
ssh,1.0,a_only,amino
ssh,1.0,a_only,egoism
ssh,1.0,a_only,developing
ssh,0.6666666666666666,shared,seats
ssh,0.20754716981132076,b_only,budge
ssh,1.0,a_only,alain
ssh,1.0,a_only,governors
ssh,0.4883720930232558,shared,shy
ssh,0.42857142857142855,shared,future
ssh,1.0,a_only,champion
ssh,1.0,a_only,manufacture
ssh,1.0,a_only,stability
ssh,0.3278008298755187,shared,twenty
ssh,1.0,a_only,transmission
ssh,0.7112299465240641,shared,research
ssh,0.42857142857142855,shared,crocodile
ssh,1.0,a_only,pyramid
ssh,0.5384615384615384,shared,studied
ssh,1.0,a_only,drawings
ssh,0.40969162995594716,shared,anyone
ssh,0.5533980582524272,shared,absurd
ssh,0.5841584158415841,shared,founded
ssh,1.0,a_only,alloy
ssh,1.0,a_only,fullback
ssh,1.0,a_only,sometime
ssh,0.37339055793991416,shared,captain
ssh,0.5023474178403756,shared,attachment
ssh,0.6080402010050251,shared,celebrated
ssh,0.7679558011049724,shared,th
ssh,0.6410256410256411,shared,unfinished
ssh,0.245136186770428,shared,or
ssh,0.5311004784688995,shared,cell
ssh,1.0,a_only,edwin
ssh,0.5533980582524272,shared,upper
ssh,0.3793103448275862,shared,gang
ssh,0.7582417582417582,shared,occurrence
ssh,0.42857142857142855,shared,beat
ssh,0.7777777777777778,shared,hints
ssh,0.4479638009049774,shared,remembrance
ssh,0.18081180811808117,b_only,dumpty
ssh,1.0,a_only,solubility
ssh,0.5311004784688995,shared,sweep
ssh,1.0,a_only,sensory
ssh,1.0,a_only,abraham
ssh,0.5763546798029556,shared,kicked
ssh,1.0,a_only,axis
ssh,0.07744107744107744,b_only,gravely
ssh,0.2903225806451613,shared,full
ssh,1.0,a_only,producers
ssh,0.2549019607843137,shared,wished
ssh,0.5458937198067633,shared,cows
ssh,0.42857142857142855,shared,unable
ssh,0.5763546798029556,shared,vent
ssh,1.0,a_only,explorers
ssh,0.5165876777251185,shared,chains
ssh,1.0,a_only,goths
ssh,1.0,a_only,oval
ssh,0.807909604519774,shared,liberal
ssh,1.0,a_only,equations
ssh,0.2903225806451613,shared,four
ssh,0.7204301075268817,shared,philosophers
ssh,1.0,a_only,islamic
ssh,0.4479638009049774,shared,minded
ssh,0.25984251968503935,shared,through
ssh,0.1895910780669145,b_only,hats
ssh,0.18518518518518517,b_only,tavern
ssh,0.6494845360824743,shared,inscription
ssh,0.4883720930232558,shared,clerk
ssh,0.19402985074626866,b_only,sill
ssh,0.17647058823529413,shared,have
ssh,0.5920398009950248,shared,presents
ssh,0.4953271028037383,shared,cards
ssh,0.20300751879699247,b_only,clerks
ssh,0.22137404580152673,b_only,tweedledee
ssh,0.1111111111111111,b_only,agony
ssh,0.5763546798029556,shared,incidents
ssh,0.15942028985507245,b_only,cottage
ssh,1.0,a_only,manufacturing
ssh,0.14695340501792115,b_only,heels
ssh,0.6243654822335025,shared,destination
ssh,1.0,a_only,neo
ssh,0.3333333333333333,shared,common
ssh,0.4611872146118721,shared,engagement
ssh,0.48148148148148145,shared,soldiers
ssh,0.3008130081300813,shared,forgotten
ssh,0.7204301075268817,shared,pat
ssh,0.29554655870445345,shared,manner
ssh,0.7112299465240641,shared,presentation
ssh,0.1510791366906475,b_only,agitated
ssh,0.5686274509803921,shared,unusual
ssh,0.5609756097560976,shared,pouring
ssh,1.0,a_only,nomenclature
ssh,1.0,a_only,nobel
ssh,0.6243654822335025,shared,estates
ssh,0.3168724279835391,shared,name
ssh,0.6580310880829016,shared,achieved
ssh,0.5094339622641509,shared,bars
ssh,0.6,shared,arisen
ssh,1.0,a_only,finals
ssh,1.0,a_only,senators
ssh,0.7486338797814208,shared,acceptance
ssh,1.0,a_only,gypsum
ssh,0.6666666666666666,shared,conducting
ssh,0.415929203539823,shared,search
ssh,0.285140562248996,shared,meet
ssh,1.0,a_only,adjective
ssh,1.0,a_only,pronunciation
ssh,1.0,a_only,drugs
ssh,0.21673003802281368,b_only,stately
ssh,1.0,a_only,annually
ssh,0.5533980582524272,shared,falls
ssh,0.3008130081300813,shared,mine
ssh,0.4479638009049774,shared,heavens
ssh,0.25,shared,minutes
ssh,1.0,a_only,abugida
ssh,1.0,a_only,san
ssh,1.0,a_only,warriors
ssh,1.0,a_only,agriculture
ssh,1.0,a_only,crossroads
ssh,0.5686274509803921,shared,cage
ssh,0.4953271028037383,shared,approach
ssh,0.21212121212121213,b_only,gaily
ssh,1.0,a_only,males
ssh,0.5686274509803921,shared,supply
ssh,1.0,a_only,ce
ssh,1.0,a_only,combine
ssh,1.0,a_only,properties
ssh,0.5384615384615384,shared,vanish
ssh,0.3617021276595745,shared,among
ssh,0.6842105263157895,shared,handwriting
ssh,0.5238095238095238,shared,horseback
ssh,0.7777777777777778,shared,rainbow
ssh,0.5763546798029556,shared,illness
ssh,1.0,a_only,ratio
ssh,0.23552123552123552,b_only,3
ssh,0.21212121212121213,b_only,forefinger
ssh,1.0,a_only,hayek
ssh,0.1678832116788321,b_only,curiously
ssh,0.7391304347826086,shared,samuel
ssh,0.11888111888111888,b_only,wildly
ssh,1.0,a_only,poirot
ssh,0.4953271028037383,shared,cow
ssh,0.19402985074626866,b_only,huckleberry
ssh,1.0,a_only,excluding
ssh,0.6161616161616161,shared,barrels
ssh,0.675392670157068,shared,wilderness
ssh,1.0,a_only,stance
ssh,0.4479638009049774,shared,intention
ssh,1.0,a_only,definitions
ssh,0.5458937198067633,shared,pot
ssh,0.7679558011049724,shared,homes
ssh,1.0,a_only,treatments
ssh,0.7204301075268817,shared,oppose
ssh,0.3389121338912134,shared,character
ssh,1.0,a_only,colleges
ssh,0.09215017064846416,b_only,delight
ssh,0.285140562248996,shared,observed
ssh,1.0,a_only,archive
ssh,0.7391304347826086,shared,hugh
ssh,0.7112299465240641,shared,logical
ssh,0.6842105263157895,shared,recognize
ssh,0.7679558011049724,shared,philosopher
ssh,1.0,a_only,cooperation
ssh,0.25984251968503935,shared,real
ssh,0.2903225806451613,shared,lady
ssh,0.4953271028037383,shared,appealing
ssh,0.391304347826087,shared,large
ssh,0.4349775784753363,shared,potter
ssh,0.6243654822335025,shared,sending
ssh,0.19402985074626866,shared,were
ssh,0.44144144144144143,shared,report
ssh,0.44144144144144143,shared,coach
ssh,0.5384615384615384,shared,voyage
ssh,1.0,a_only,minimum
ssh,0.4222222222222222,shared,discover
ssh,0.24031007751937986,shared,whether
ssh,1.0,a_only,es
ssh,0.5841584158415841,shared,refusal
ssh,0.45454545454545453,shared,wanting
ssh,0.5384615384615384,shared,ass
ssh,0.3559322033898305,shared,trees
ssh,0.4883720930232558,shared,trick
ssh,0.5094339622641509,shared,lawyer
ssh,1.0,a_only,algorithms
ssh,0.6326530612244898,shared,smaller
ssh,0.5384615384615384,shared,genius
ssh,1.0,a_only,loyalty
ssh,0.32231404958677684,shared,agatha
ssh,0.07744107744107744,b_only,poured
ssh,0.675392670157068,shared,dominated
ssh,0.3852813852813853,shared,nose
ssh,0.6931216931216931,shared,capture
ssh,0.10344827586206896,b_only,misery
ssh,1.0,a_only,ritual
ssh,0.5458937198067633,shared,bones
ssh,0.25984251968503935,shared,certainly
ssh,1.0,a_only,sina
ssh,0.11498257839721254,b_only,strangely
ssh,0.46788990825688076,shared,harbour
ssh,1.0,a_only,layer
ssh,0.5686274509803921,shared,thousands
ssh,0.14695340501792115,b_only,nerves
ssh,0.7486338797814208,shared,professors
ssh,0.5458937198067633,shared,sighted
ssh,0.25984251968503935,shared,started
ssh,0.6243654822335025,shared,exposing
ssh,1.0,a_only,consensus
ssh,1.0,a_only,asia
ssh,1.0,a_only,actors
ssh,0.2903225806451613,shared,tone
ssh,0.46788990825688076,shared,possessed
ssh,1.0,a_only,react
ssh,1.0,a_only,baltic
ssh,1.0,a_only,wartime
ssh,0.5094339622641509,shared,infinite
ssh,1.0,a_only,theological
ssh,1.0,a_only,confederacy
ssh,0.07744107744107744,b_only,affectionate
ssh,0.23076923076923078,shared,jonathan
ssh,1.0,a_only,website
ssh,1.0,a_only,acoustics
ssh,0.42857142857142855,shared,yo
ssh,0.19850187265917604,b_only,attendants
ssh,1.0,a_only,equator
ssh,1.0,a_only,emigration
ssh,0.2903225806451613,shared,words
ssh,0.6494845360824743,shared,vigorous
ssh,0.3852813852813853,shared,murder
ssh,1.0,a_only,encyclopedia
ssh,0.5841584158415841,shared,essential
ssh,1.0,a_only,chromatic
ssh,1.0,a_only,pop
ssh,1.0,a_only,derek
ssh,1.0,a_only,translation
ssh,0.21673003802281368,b_only,afeard
ssh,1.0,a_only,aquarius
ssh,0.7486338797814208,shared,governed
ssh,0.6931216931216931,shared,viewed
ssh,1.0,a_only,rv
ssh,1.0,a_only,achievements
ssh,0.2648221343873518,shared,repeated
ssh,0.21212121212121213,b_only,regretted
ssh,0.5458937198067633,shared,superstition
ssh,0.40350877192982454,shared,forth
ssh,0.5458937198067633,shared,universal
ssh,1.0,a_only,fascist
ssh,0.4953271028037383,shared,accordingly
ssh,0.11498257839721254,shared,at
ssh,0.675392670157068,shared,draws
ssh,0.4953271028037383,shared,objections
ssh,1.0,a_only,bonding
ssh,0.3114754098360656,shared,handed
ssh,0.11888111888111888,b_only,reckon
ssh,0.675392670157068,shared,exceeding
ssh,0.5458937198067633,shared,smallest
ssh,0.1895910780669145,b_only,becuz
ssh,0.3852813852813853,shared,banker
ssh,1.0,a_only,mikhail
ssh,1.0,a_only,factory
ssh,1.0,a_only,chronicles
ssh,0.5094339622641509,shared,toward
ssh,0.6494845360824743,shared,oldest
ssh,1.0,a_only,angst
ssh,1.0,a_only,administered
ssh,0.5165876777251185,shared,capital
ssh,0.350210970464135,shared,plain
ssh,0.5165876777251185,shared,keeps
ssh,1.0,a_only,nave
ssh,1.0,a_only,complexity
ssh,1.0,a_only,radio
ssh,0.5023474178403756,shared,teach
ssh,0.3333333333333333,shared,difficult
ssh,1.0,a_only,altitude
ssh,1.0,a_only,ar
ssh,1.0,a_only,radar
ssh,1.0,a_only,resemble
ssh,0.21212121212121213,b_only,frowned
ssh,0.5841584158415841,shared,richard
ssh,1.0,a_only,atlantic
ssh,0.6494845360824743,shared,dwelt
ssh,1.0,a_only,wilhelm
ssh,0.5165876777251185,shared,interview
ssh,0.6842105263157895,shared,teaching
ssh,0.2260536398467433,b_only,paw
ssh,0.10344827586206896,b_only,hint
ssh,1.0,a_only,gr
ssh,1.0,a_only,snowball
ssh,0.20754716981132076,b_only,szgany
ssh,1.0,a_only,priority
ssh,1.0,a_only,rc
ssh,0.16363636363636364,b_only,marrying
ssh,0.6410256410256411,shared,conception
ssh,0.415929203539823,shared,personal
ssh,0.3168724279835391,shared,sake
ssh,0.4611872146118721,shared,lion
ssh,0.19850187265917604,b_only,sawed
ssh,0.4883720930232558,shared,hazard
ssh,1.0,a_only,laureate
ssh,0.6326530612244898,shared,student
ssh,0.20754716981132076,b_only,repetition
ssh,1.0,a_only,amaranthus
ssh,0.24031007751937986,b_only,thrill
ssh,0.2749003984063745,shared,until
ssh,0.3333333333333333,shared,harm
ssh,1.0,a_only,armenia
ssh,1.0,a_only,appreciation
ssh,1.0,a_only,orbits
ssh,0.22137404580152673,b_only,tut
ssh,0.3559322033898305,shared,form
ssh,0.5023474178403756,shared,bloom
ssh,0.5023474178403756,shared,introduced
ssh,0.47465437788018433,shared,glorious
ssh,1.0,a_only,inverse
ssh,0.5384615384615384,shared,ii
ssh,0.5238095238095238,shared,frame
ssh,0.3333333333333333,shared,court
ssh,1.0,a_only,ethanol
ssh,1.0,a_only,doyle
ssh,0.5533980582524272,shared,shine
ssh,0.18518518518518517,b_only,rejoined
ssh,1.0,a_only,hypothesis
ssh,1.0,a_only,stan
ssh,0.1678832116788321,b_only,forster
ssh,0.11888111888111888,b_only,reproach
ssh,1.0,a_only,protocol
ssh,0.5023474178403756,shared,concept
ssh,0.21212121212121213,b_only,renfield
ssh,0.4349775784753363,shared,doors
ssh,1.0,a_only,phil
ssh,1.0,a_only,footballer
ssh,1.0,a_only,hugo
ssh,1.0,a_only,opposing
ssh,1.0,a_only,galt
ssh,0.21212121212121213,b_only,innocence
ssh,0.5686274509803921,shared,probability
ssh,1.0,a_only,disabilities
ssh,0.6410256410256411,shared,passes
ssh,1.0,a_only,corinth
ssh,0.37339055793991416,shared,former
ssh,1.0,a_only,international
ssh,1.0,a_only,dharma
ssh,0.22137404580152673,b_only,cough
ssh,0.5533980582524272,shared,learning
ssh,0.48148148148148145,shared,beating
ssh,1.0,a_only,arithmetic
ssh,0.6,shared,suitable
ssh,0.40350877192982454,shared,lies
ssh,0.4883720930232558,shared,wholly
ssh,0.1678832116788321,b_only,keenly
ssh,1.0,a_only,sanction
ssh,1.0,a_only,justification
ssh,0.350210970464135,shared,probably
ssh,0.6666666666666666,shared,uncertainty
ssh,1.0,a_only,asiatic
ssh,0.19850187265917604,b_only,turk
ssh,0.18081180811808117,b_only,justine
ssh,1.0,a_only,literally
ssh,0.5458937198067633,shared,deceased
ssh,0.7021276595744681,shared,wonderland
ssh,0.4479638009049774,shared,denied
ssh,0.5238095238095238,shared,tickets
ssh,1.0,a_only,ch
ssh,0.45454545454545453,shared,sh
ssh,1.0,a_only,walter
ssh,1.0,a_only,symbolic
ssh,0.40350877192982454,shared,driver
ssh,0.3617021276595745,shared,pick
ssh,1.0,a_only,teachings
ssh,0.3114754098360656,shared,companion
ssh,0.4479638009049774,shared,wear
ssh,1.0,a_only,rio
ssh,1.0,a_only,cuisine
ssh,1.0,a_only,innovative
ssh,0.350210970464135,shared,wine
ssh,0.5686274509803921,shared,g
ssh,0.5841584158415841,shared,everlasting
ssh,0.4883720930232558,shared,guide
ssh,1.0,a_only,claiming
ssh,1.0,a_only,headquarters
ssh,0.42857142857142855,shared,sing
ssh,0.5384615384615384,shared,farmer
ssh,0.5384615384615384,shared,bestowed
ssh,0.2648221343873518,shared,easy
ssh,0.5609756097560976,shared,unwilling
ssh,1.0,a_only,innovations
ssh,0.4479638009049774,shared,beloved
ssh,1.0,a_only,businessman
ssh,0.6410256410256411,shared,essence
ssh,1.0,a_only,astronaut
ssh,1.0,a_only,input
ssh,1.0,a_only,violation
ssh,0.22137404580152673,b_only,hovel
ssh,1.0,a_only,tested
ssh,1.0,a_only,henri
ssh,0.7877094972067039,shared,additions
ssh,0.10726643598615918,shared,it
ssh,1.0,a_only,hiv
ssh,1.0,a_only,astrology
ssh,0.4349775784753363,shared,resting
ssh,1.0,a_only,sovereignty
ssh,0.6580310880829016,shared,activity
ssh,1.0,a_only,supporter
ssh,1.0,a_only,wallace
ssh,0.21673003802281368,b_only,unicorn
ssh,0.3617021276595745,shared,despair
ssh,1.0,a_only,actinium
ssh,0.1552346570397112,b_only,endeavouring
ssh,1.0,a_only,anatolia
ssh,1.0,a_only,byzantine
ssh,0.2549019607843137,b_only,logs
ssh,0.10726643598615918,b_only,bundle
ssh,0.1895910780669145,b_only,safie
ssh,0.3278008298755187,shared,understand
ssh,0.5165876777251185,shared,families
ssh,0.40969162995594716,shared,castle
ssh,0.4349775784753363,shared,coloured
ssh,0.285140562248996,shared,children
ssh,0.1347517730496454,b_only,staring
ssh,1.0,a_only,ft
ssh,0.5609756097560976,shared,possibility
ssh,0.5238095238095238,shared,murderer
ssh,0.44144144144144143,shared,month
ssh,1.0,a_only,premiers
ssh,1.0,a_only,empirical
ssh,0.7021276595744681,shared,languages
ssh,1.0,a_only,chicago
ssh,1.0,a_only,neighboring
ssh,0.6243654822335025,shared,sal
ssh,0.5841584158415841,shared,novel
ssh,0.1267605633802817,b_only,cheek
ssh,1.0,a_only,karpov
ssh,1.0,a_only,funded
ssh,0.09965635738831616,b_only,fortnight
ssh,0.17647058823529413,b_only,loveliness
ssh,0.17216117216117216,shared,look
ssh,1.0,a_only,quotes
ssh,0.5023474178403756,shared,neville
ssh,0.19850187265917604,b_only,vacant
ssh,0.6,shared,national
ssh,0.6,shared,vii
ssh,1.0,a_only,java
ssh,0.5841584158415841,shared,represent
ssh,1.0,a_only,discussions
ssh,0.285140562248996,shared,exclaimed
ssh,0.7297297297297297,shared,forcing
ssh,1.0,a_only,arkansas
ssh,0.48148148148148145,shared,introduce
ssh,0.5686274509803921,shared,chapel
ssh,0.1111111111111111,b_only,careless
ssh,0.20754716981132076,b_only,emigrant
ssh,0.5384615384615384,shared,strangers
ssh,1.0,a_only,frames
ssh,0.4611872146118721,shared,rotten
ssh,0.2260536398467433,b_only,wink
ssh,0.4349775784753363,shared,opposite
ssh,1.0,a_only,restrictions
ssh,1.0,a_only,apache
ssh,1.0,a_only,coastline
ssh,0.5094339622641509,shared,bug
ssh,1.0,a_only,anarcho
ssh,0.5023474178403756,shared,grace
ssh,0.350210970464135,shared,immediately
ssh,0.48148148148148145,shared,crown
ssh,0.11888111888111888,b_only,lunch
ssh,1.0,a_only,sheikh
ssh,1.0,a_only,embedded
ssh,1.0,a_only,competing
ssh,0.6410256410256411,shared,originally
ssh,0.3793103448275862,shared,hate
ssh,0.5686274509803921,shared,trip
ssh,0.5023474178403756,shared,dumb
ssh,0.5238095238095238,shared,prejudice
ssh,0.1267605633802817,b_only,astonished
ssh,0.5841584158415841,shared,signed
ssh,1.0,a_only,goddess
ssh,1.0,a_only,taxonomy
ssh,1.0,a_only,leon
ssh,1.0,a_only,noteworthy
ssh,0.2260536398467433,b_only,somewheres
ssh,1.0,a_only,buffalo
ssh,0.6080402010050251,shared,threatened
ssh,1.0,a_only,ed
ssh,0.6410256410256411,shared,springs
ssh,0.23552123552123552,shared,seen
ssh,0.350210970464135,shared,received
ssh,0.6666666666666666,shared,ensuing
ssh,0.5686274509803921,shared,principally
ssh,0.3114754098360656,shared,ground
ssh,0.245136186770428,shared,ve
ssh,0.7679558011049724,shared,ohio
ssh,1.0,a_only,polish
ssh,1.0,a_only,domini
ssh,1.0,a_only,corinthians
ssh,0.3278008298755187,shared,angry
ssh,0.7021276595744681,shared,movements
ssh,0.5763546798029556,shared,characteristic
ssh,1.0,a_only,messagepad
ssh,0.21673003802281368,b_only,galatz
ssh,1.0,a_only,efficient
ssh,0.4611872146118721,shared,tis
ssh,0.2903225806451613,shared,read
ssh,0.48148148148148145,shared,square
ssh,0.6326530612244898,shared,co
ssh,0.415929203539823,shared,decided
ssh,0.42857142857142855,shared,houses
ssh,0.4953271028037383,shared,sovereign
ssh,1.0,a_only,africa
ssh,1.0,a_only,inorganic
ssh,0.09215017064846416,b_only,kindness
ssh,0.5311004784688995,shared,immensely
ssh,1.0,a_only,shells
ssh,1.0,a_only,diverse
ssh,1.0,a_only,rom
ssh,1.0,a_only,generate
ssh,0.6931216931216931,shared,twentieth
ssh,0.5238095238095238,shared,disguise
ssh,1.0,a_only,institution
ssh,0.2648221343873518,shared,conversation
ssh,0.11888111888111888,b_only,disappointment
ssh,0.6931216931216931,shared,lloyd
ssh,0.4349775784753363,shared,deck
ssh,1.0,a_only,predecessors
ssh,0.12280701754385964,b_only,rattle
ssh,0.45454545454545453,shared,familiar
ssh,0.19402985074626866,b_only,nicely
ssh,1.0,a_only,providing
ssh,1.0,a_only,composer
ssh,0.12280701754385964,b_only,whitby
ssh,0.5841584158415841,shared,india
ssh,0.6,shared,gas
ssh,0.7391304347826086,shared,ceremonies
ssh,0.10726643598615918,b_only,meryton
ssh,0.5763546798029556,shared,peasants
ssh,0.1895910780669145,b_only,watchman
ssh,0.5094339622641509,shared,criminal
ssh,0.7021276595744681,shared,halting
ssh,0.45454545454545453,shared,pushed
ssh,1.0,a_only,psychology
ssh,0.2749003984063745,shared,heard
ssh,1.0,a_only,typically
ssh,0.6666666666666666,shared,argued
ssh,0.4883720930232558,shared,persons
ssh,1.0,a_only,protestants
ssh,0.5458937198067633,shared,mainly
ssh,1.0,a_only,margin
ssh,0.2698412698412698,shared,money
ssh,1.0,a_only,reconstruction
ssh,1.0,a_only,assistive
ssh,0.3445378151260504,shared,english
ssh,0.21212121212121213,shared,hand
ssh,1.0,a_only,economic
ssh,0.5094339622641509,shared,certainty
ssh,1.0,a_only,taylor
ssh,0.6666666666666666,shared,guitar
ssh,0.6080402010050251,shared,pushing
ssh,0.18518518518518517,b_only,drifting
ssh,0.48148148148148145,shared,field
ssh,1.0,a_only,reducing
ssh,1.0,a_only,federer
ssh,0.6243654822335025,shared,acts
ssh,0.16363636363636364,b_only,disagreeable
ssh,1.0,a_only,fleece
ssh,0.22137404580152673,shared,no
ssh,0.6580310880829016,shared,appearances
ssh,1.0,a_only,orchestra
ssh,1.0,a_only,diacritic
ssh,0.7582417582417582,shared,famine
ssh,0.40350877192982454,shared,takes
ssh,0.5238095238095238,shared,scattered
ssh,1.0,a_only,hellenic
ssh,1.0,a_only,anchors
ssh,0.5841584158415841,shared,justified
ssh,0.28,shared,confess
ssh,0.5458937198067633,shared,punished
ssh,0.24031007751937986,shared,lord
ssh,0.47465437788018433,shared,sailor
ssh,1.0,a_only,airports
ssh,1.0,a_only,mineral
ssh,0.5920398009950248,shared,hubbard
ssh,1.0,a_only,alkali
ssh,0.6842105263157895,shared,vegetable
ssh,0.1111111111111111,b_only,tremble
ssh,0.7112299465240641,shared,shell
ssh,1.0,a_only,il
ssh,0.5023474178403756,shared,partner
ssh,1.0,a_only,emigrated
ssh,0.6326530612244898,shared,associated
ssh,1.0,a_only,cartridge
ssh,1.0,a_only,exclusively
ssh,1.0,a_only,doses
ssh,1.0,a_only,sch
ssh,0.29554655870445345,shared,watch
ssh,1.0,a_only,featuring
ssh,0.21673003802281368,shared,don
ssh,0.4222222222222222,shared,meantime
ssh,1.0,a_only,syriac
ssh,0.6494845360824743,shared,consequences
ssh,1.0,a_only,routes
ssh,0.11498257839721254,b_only,bye
ssh,1.0,a_only,beatles
ssh,0.3278008298755187,shared,kill
ssh,0.4222222222222222,shared,garlic
ssh,1.0,a_only,observances
ssh,0.4479638009049774,shared,share
ssh,1.0,a_only,anglicanism
ssh,1.0,a_only,vowel
ssh,1.0,a_only,beta
ssh,1.0,a_only,speer
ssh,1.0,a_only,asl
ssh,1.0,a_only,czech
ssh,0.44144144144144143,shared,seemingly
ssh,0.3008130081300813,shared,scene
ssh,0.5384615384615384,shared,viii
ssh,0.6,shared,dependence
ssh,0.45454545454545453,shared,contents
ssh,0.36752136752136755,shared,tom
ssh,0.23076923076923078,shared,ask
ssh,0.4349775784753363,shared,refuse
ssh,0.21673003802281368,b_only,hatherley
ssh,1.0,a_only,controversial
ssh,0.1111111111111111,b_only,knock
ssh,0.11498257839721254,b_only,waking
ssh,0.0958904109589041,b_only,uncomfortable
ssh,1.0,a_only,bellows
ssh,1.0,a_only,maguey
ssh,1.0,a_only,cornwallis
ssh,0.2549019607843137,shared,once
ssh,1.0,a_only,carlos
ssh,0.3114754098360656,shared,themselves
ssh,0.11498257839721254,b_only,cruelty
ssh,0.5238095238095238,shared,august
ssh,0.7112299465240641,shared,collapse
ssh,1.0,a_only,reviews
ssh,0.6080402010050251,shared,responsibility
ssh,0.22137404580152673,b_only,ringing
ssh,1.0,a_only,acta
ssh,1.0,a_only,martial
ssh,0.21212121212121213,shared,wonder
ssh,1.0,a_only,penguin
ssh,1.0,a_only,aaron
ssh,0.4611872146118721,shared,landed
ssh,0.22137404580152673,shared,happy
ssh,0.3278008298755187,shared,regard
ssh,1.0,a_only,rice
ssh,0.18518518518518517,b_only,beautifully
ssh,0.21673003802281368,b_only,jewel
ssh,1.0,a_only,awarded
ssh,0.24031007751937986,b_only,bride
ssh,1.0,a_only,substitution
ssh,1.0,a_only,symmetry
ssh,0.6666666666666666,shared,derived
ssh,0.675392670157068,shared,considerations
ssh,0.6580310880829016,shared,successfully
ssh,1.0,a_only,civilizations
ssh,0.3445378151260504,shared,weak
ssh,1.0,a_only,varies
ssh,0.09965635738831616,b_only,softly
ssh,0.5458937198067633,shared,towers
ssh,0.21212121212121213,b_only,drownded
ssh,1.0,a_only,das
ssh,0.7112299465240641,shared,additional
ssh,1.0,a_only,agnostics
ssh,0.6410256410256411,shared,musical
ssh,1.0,a_only,underwent
ssh,0.4349775784753363,shared,tells
ssh,0.3008130081300813,shared,influence
ssh,0.6326530612244898,shared,plot
ssh,0.10726643598615918,b_only,hungry
ssh,0.20754716981132076,b_only,hoarsely
ssh,0.2903225806451613,shared,kept
ssh,1.0,a_only,amines
ssh,1.0,a_only,anaximander
ssh,0.5311004784688995,shared,hydraulic
ssh,0.6410256410256411,shared,blanc
ssh,0.4222222222222222,shared,nursery
ssh,0.6326530612244898,shared,attributed
ssh,0.42857142857142855,shared,mud
ssh,1.0,a_only,assuming
ssh,0.415929203539823,shared,echoes
ssh,1.0,a_only,raymond
ssh,1.0,a_only,disc
ssh,0.5609756097560976,shared,promising
ssh,1.0,a_only,exclusion
ssh,1.0,a_only,executive
ssh,1.0,a_only,ep
ssh,0.2698412698412698,shared,knew
ssh,0.6580310880829016,shared,bureau
ssh,0.5686274509803921,shared,waist
ssh,0.21212121212121213,b_only,peeped
ssh,1.0,a_only,crater
ssh,1.0,a_only,hermes
ssh,0.4883720930232558,shared,weather
ssh,1.0,a_only,successive
ssh,1.0,a_only,verbal
ssh,0.11498257839721254,b_only,fetch
ssh,1.0,a_only,commitment
ssh,0.675392670157068,shared,relates
ssh,1.0,a_only,mead
ssh,1.0,a_only,gases
ssh,1.0,a_only,positron
ssh,0.18081180811808117,shared,would
ssh,1.0,a_only,al
ssh,0.40969162995594716,shared,copyright
ssh,0.29554655870445345,shared,late
ssh,0.5238095238095238,shared,bitterly
ssh,0.10726643598615918,b_only,attendant
ssh,0.5686274509803921,shared,bohemia
ssh,0.2648221343873518,shared,course
ssh,0.6931216931216931,shared,recognition
ssh,1.0,a_only,clan
ssh,0.5384615384615384,shared,selfishness
ssh,1.0,a_only,histories
ssh,0.3333333333333333,shared,greatest
ssh,0.5609756097560976,shared,guests
ssh,1.0,a_only,essays
ssh,0.5458937198067633,shared,multitude
ssh,0.3445378151260504,shared,somewhere
ssh,1.0,a_only,costs
ssh,0.5165876777251185,shared,bowl
ssh,1.0,a_only,operatorname
ssh,1.0,a_only,surveillance
ssh,0.5384615384615384,shared,spiritual
ssh,1.0,a_only,holocaust
ssh,0.5311004784688995,shared,bigger
ssh,0.5311004784688995,shared,eating
ssh,0.6666666666666666,shared,updated
ssh,0.25,shared,next
ssh,0.3114754098360656,shared,feared
ssh,0.40969162995594716,shared,recalled
ssh,0.5763546798029556,shared,bible
ssh,0.6080402010050251,shared,rings
ssh,0.5384615384615384,shared,connections
ssh,0.5609756097560976,shared,knot
ssh,0.10344827586206896,b_only,horrid
ssh,0.25984251968503935,shared,arms
ssh,0.5458937198067633,shared,profound
ssh,1.0,a_only,latitude
ssh,0.5238095238095238,shared,compose
ssh,0.37339055793991416,shared,possibly
ssh,1.0,a_only,franklin
ssh,0.32231404958677684,shared,hung
ssh,0.5686274509803921,shared,gardens
ssh,0.7112299465240641,shared,deliberate
ssh,0.4479638009049774,shared,size
ssh,1.0,a_only,conferences
ssh,1.0,a_only,natives
ssh,0.5686274509803921,shared,disease
ssh,0.6410256410256411,shared,pages
ssh,0.32231404958677684,shared,trying
ssh,1.0,a_only,clark
ssh,0.5458937198067633,shared,remaining
ssh,0.5023474178403756,shared,passions
ssh,0.21673003802281368,shared,horses
ssh,1.0,a_only,governmental
ssh,0.5023474178403756,shared,labour
ssh,0.245136186770428,shared,hold
ssh,0.32231404958677684,shared,advantage
ssh,0.5458937198067633,shared,generosity
ssh,0.10726643598615918,b_only,astonishment
ssh,1.0,a_only,revision
ssh,0.5533980582524272,shared,burned
ssh,0.5311004784688995,shared,brief
ssh,0.4883720930232558,shared,artist
ssh,1.0,a_only,monasteries
ssh,1.0,a_only,genocide
ssh,0.12280701754385964,b_only,happily
ssh,0.1895910780669145,b_only,plunged
ssh,0.8604651162790697,shared,opens
ssh,0.5763546798029556,shared,heat
ssh,0.5920398009950248,shared,miller
ssh,0.21212121212121213,b_only,lunatic
ssh,0.6243654822335025,shared,casual
ssh,0.5311004784688995,shared,gladly
ssh,0.3389121338912134,shared,above
ssh,0.5533980582524272,shared,medicine
ssh,1.0,a_only,fm
ssh,1.0,a_only,nebraska
ssh,1.0,a_only,organised
ssh,0.22137404580152673,b_only,growled
ssh,1.0,a_only,database
ssh,0.5311004784688995,shared,mortal
ssh,1.0,a_only,particle
ssh,0.40969162995594716,shared,awoke
ssh,0.45454545454545453,shared,hit
ssh,0.6931216931216931,shared,mechanical
ssh,0.5023474178403756,shared,searching
ssh,0.415929203539823,shared,dry
ssh,0.46788990825688076,shared,brothers
ssh,1.0,a_only,examples
ssh,0.675392670157068,shared,briefly
ssh,1.0,a_only,norman
ssh,0.7777777777777778,shared,sixth
ssh,0.19402985074626866,b_only,openshaw
ssh,1.0,a_only,eliminate
ssh,1.0,a_only,jos
ssh,1.0,a_only,famously
ssh,0.7297297297297297,shared,commonly
ssh,1.0,a_only,therapy
ssh,0.19850187265917604,b_only,relapse
ssh,0.5458937198067633,shared,desired
ssh,0.18518518518518517,b_only,cane
ssh,1.0,a_only,community
ssh,0.20300751879699247,b_only,winchester
ssh,0.16363636363636364,b_only,inquired
ssh,0.13074204946996468,b_only,suspicions
ssh,1.0,a_only,incidence
ssh,0.5238095238095238,shared,wandering
ssh,0.08843537414965986,b_only,dinner
ssh,1.0,a_only,extends
ssh,0.4349775784753363,shared,travelling
ssh,1.0,a_only,constitution
ssh,1.0,a_only,medieval
ssh,0.5920398009950248,shared,insect
ssh,0.19402985074626866,b_only,caroline
ssh,0.5533980582524272,shared,strings
ssh,0.6410256410256411,shared,slaughter
ssh,0.23076923076923078,b_only,doomed
ssh,0.4349775784753363,shared,according
ssh,0.7297297297297297,shared,simplicity
ssh,1.0,a_only,deities
ssh,0.19850187265917604,b_only,1894
ssh,1.0,a_only,titled
ssh,0.20300751879699247,b_only,rubbing
ssh,0.4953271028037383,shared,hitherto
ssh,0.5458937198067633,shared,egg
ssh,1.0,a_only,yields
ssh,0.6494845360824743,shared,sized
ssh,0.14285714285714285,b_only,distressed
ssh,0.18518518518518517,b_only,whispering
ssh,0.1895910780669145,b_only,longed
ssh,1.0,a_only,northwest
ssh,1.0,a_only,monetary
ssh,0.7391304347826086,shared,butler
ssh,0.245136186770428,shared,free
ssh,0.25984251968503935,shared,john
ssh,1.0,a_only,variants
ssh,1.0,a_only,ancestor
ssh,0.5609756097560976,shared,failure
ssh,0.7112299465240641,shared,acceptable
ssh,0.6243654822335025,shared,honor
ssh,0.48148148148148145,shared,accompanied
ssh,0.4883720930232558,shared,endless
ssh,1.0,a_only,babbage
ssh,0.4349775784753363,shared,owe
ssh,0.44144144144144143,shared,wilson
ssh,0.6842105263157895,shared,differently
ssh,1.0,a_only,behavioral
ssh,0.1267605633802817,b_only,sid
ssh,1.0,a_only,occurring
ssh,1.0,a_only,seljuk
ssh,0.4222222222222222,shared,hated
ssh,0.6580310880829016,shared,extra
ssh,0.21212121212121213,b_only,tumbling
ssh,1.0,a_only,argon
ssh,0.3114754098360656,shared,length
ssh,1.0,a_only,portuguese
ssh,1.0,a_only,algebra
ssh,0.675392670157068,shared,robinson
ssh,0.1387900355871886,b_only,nigh
ssh,0.3278008298755187,shared,gently
ssh,0.7021276595744681,shared,article
ssh,0.5763546798029556,shared,oppression
ssh,0.6494845360824743,shared,contrasted
ssh,1.0,a_only,augusta
ssh,1.0,a_only,nato
ssh,0.6666666666666666,shared,religion
ssh,1.0,a_only,andr
ssh,0.7112299465240641,shared,closest
ssh,0.21212121212121213,b_only,nervously
ssh,0.19850187265917604,b_only,rushes
ssh,0.3445378151260504,shared,difference
ssh,0.29554655870445345,shared,wendy
ssh,1.0,a_only,canaris
ssh,0.1895910780669145,b_only,climbed
ssh,0.3852813852813853,shared,england
ssh,0.391304347826087,shared,evidence
ssh,1.0,a_only,journals
ssh,0.4953271028037383,shared,furnished
ssh,0.19850187265917604,b_only,bully
ssh,1.0,a_only,governments
ssh,0.25984251968503935,shared,brave
ssh,1.0,a_only,phylum
ssh,0.350210970464135,shared,dress
ssh,1.0,a_only,applet
ssh,0.5763546798029556,shared,pearls
ssh,0.3008130081300813,shared,line
ssh,0.1895910780669145,b_only,swell
ssh,0.5841584158415841,shared,sale
ssh,1.0,a_only,toll
ssh,1.0,a_only,equipment
ssh,1.0,a_only,novelist
ssh,1.0,a_only,architectural
ssh,0.5920398009950248,shared,launch
ssh,0.6,shared,duncan
ssh,1.0,a_only,boris
ssh,1.0,a_only,ra
ssh,0.24031007751937986,b_only,sinister
ssh,0.6666666666666666,shared,precautions
ssh,0.4222222222222222,shared,favourite
ssh,1.0,a_only,capitalist
ssh,0.4479638009049774,shared,yard
ssh,1.0,a_only,el
ssh,0.5238095238095238,shared,solid
ssh,0.5686274509803921,shared,appeal
ssh,1.0,a_only,bulk
ssh,0.4953271028037383,shared,behaved
ssh,0.5841584158415841,shared,poverty
ssh,1.0,a_only,atheism
ssh,0.7877094972067039,shared,sympathetic
ssh,0.2698412698412698,shared,jerry
ssh,0.11888111888111888,b_only,ghastly
ssh,0.4479638009049774,shared,explanation
ssh,1.0,a_only,alexandria
ssh,0.5841584158415841,shared,personally
ssh,1.0,a_only,ambient
ssh,0.11888111888111888,b_only,regret
ssh,0.3389121338912134,shared,purpose
ssh,1.0,a_only,gettysburg
ssh,1.0,a_only,wisconsin
ssh,0.3389121338912134,shared,serious
ssh,1.0,a_only,mosque
ssh,0.19850187265917604,b_only,congratulations
ssh,0.5165876777251185,shared,silver
ssh,0.16363636363636364,b_only,swore
ssh,1.0,a_only,consistently
ssh,0.7486338797814208,shared,vegetables
ssh,1.0,a_only,classification
ssh,0.7112299465240641,shared,surroundings
ssh,0.6161616161616161,shared,newspapers
ssh,0.47465437788018433,shared,sold
ssh,0.10344827586206896,b_only,plainly
ssh,1.0,a_only,reign
ssh,1.0,a_only,statistical
ssh,1.0,a_only,zealand
ssh,0.3793103448275862,shared,setting
ssh,0.6080402010050251,shared,xx
ssh,1.0,a_only,astronauts
ssh,0.4953271028037383,shared,resolution
ssh,1.0,a_only,texts
ssh,0.6080402010050251,shared,piano
ssh,1.0,a_only,plants
ssh,0.5384615384615384,shared,press
ssh,0.245136186770428,shared,tears
ssh,0.5311004784688995,shared,punishment
ssh,0.5763546798029556,shared,cure
ssh,0.47465437788018433,shared,examined
ssh,1.0,a_only,assigned
ssh,1.0,a_only,iso
ssh,0.24031007751937986,shared,speak
ssh,1.0,a_only,andy
ssh,0.4883720930232558,shared,flight
ssh,0.47465437788018433,shared,bills
ssh,0.23076923076923078,b_only,aloft
ssh,0.5311004784688995,shared,horizon
ssh,1.0,a_only,alberta
ssh,1.0,a_only,antimatter
ssh,0.20300751879699247,b_only,escort
ssh,1.0,a_only,dan
ssh,0.8181818181818182,shared,york
ssh,1.0,a_only,altaic
ssh,0.6326530612244898,shared,thence
ssh,0.42857142857142855,shared,fatal
ssh,0.6080402010050251,shared,placing
ssh,1.0,a_only,successors
ssh,1.0,a_only,inequality
ssh,0.19850187265917604,b_only,narborough
ssh,1.0,a_only,differ
ssh,0.20300751879699247,b_only,weeping
ssh,0.5384615384615384,shared,hood
ssh,0.3559322033898305,shared,dressing
ssh,0.3168724279835391,shared,fact
ssh,0.0847457627118644,b_only,throat
ssh,1.0,a_only,factors
ssh,1.0,a_only,alchemist
ssh,0.5763546798029556,shared,onto
ssh,0.5920398009950248,shared,threatening
ssh,0.42857142857142855,shared,prisoners
ssh,1.0,a_only,aidan
ssh,0.2698412698412698,shared,where
ssh,0.3333333333333333,shared,following
ssh,0.18518518518518517,b_only,sunrise
ssh,0.5165876777251185,shared,copy
ssh,1.0,a_only,koestler
ssh,0.7582417582417582,shared,reverse
ssh,1.0,a_only,automobiles
ssh,0.4953271028037383,shared,modern
ssh,0.18518518518518517,b_only,ladyship
ssh,0.7391304347826086,shared,paul
ssh,0.5609756097560976,shared,animals
ssh,1.0,a_only,aberdeen
ssh,0.42857142857142855,shared,rush
ssh,0.11888111888111888,b_only,guessed
ssh,1.0,a_only,typical
ssh,1.0,a_only,tommy
ssh,0.22137404580152673,b_only,clapped
ssh,0.5458937198067633,shared,harvey
ssh,0.2903225806451613,shared,seemed
ssh,0.37339055793991416,shared,speech
ssh,0.5609756097560976,shared,voluntarily
ssh,0.20300751879699247,b_only,spectacles
ssh,0.675392670157068,shared,gift
ssh,0.6494845360824743,shared,banished
ssh,0.19850187265917604,b_only,coroner
ssh,0.5458937198067633,shared,sheer
ssh,1.0,a_only,americana
ssh,0.6326530612244898,shared,penetrate
ssh,0.4479638009049774,shared,dig
ssh,0.4953271028037383,shared,comrade
ssh,1.0,a_only,rating
ssh,0.6080402010050251,shared,divided
ssh,1.0,a_only,directory
ssh,0.5920398009950248,shared,selected
ssh,1.0,a_only,tiberius
ssh,1.0,a_only,autonomous
ssh,0.3389121338912134,shared,vain
ssh,0.6161616161616161,shared,autumn
ssh,0.5920398009950248,shared,gallery
ssh,0.5384615384615384,shared,belt
ssh,1.0,a_only,vol
ssh,0.3445378151260504,shared,rich
ssh,1.0,a_only,tubes
ssh,1.0,a_only,carboxylic
ssh,0.3008130081300813,shared,small
ssh,1.0,a_only,personnel
ssh,0.3793103448275862,shared,france
ssh,0.30612244897959184,shared,foot
ssh,1.0,a_only,museums
ssh,1.0,a_only,apostle
ssh,1.0,a_only,poland
ssh,0.21212121212121213,shared,nor
ssh,0.22137404580152673,b_only,drifted
ssh,0.5165876777251185,shared,period
ssh,0.21673003802281368,b_only,sullen
ssh,1.0,a_only,molecules
ssh,1.0,a_only,surfaces
ssh,0.45454545454545453,shared,temple
ssh,1.0,a_only,premise
ssh,0.2749003984063745,shared,truth
ssh,0.47465437788018433,shared,digging
ssh,1.0,a_only,prevention
ssh,1.0,a_only,prohibited
ssh,0.40350877192982454,shared,wishing
ssh,1.0,a_only,notably
ssh,1.0,a_only,colorado
ssh,1.0,a_only,individualist
ssh,1.0,a_only,parks
ssh,0.48148148148148145,shared,sour
ssh,0.4222222222222222,shared,removed
ssh,0.5094339622641509,shared,response
ssh,0.5311004784688995,shared,seizing
ssh,1.0,a_only,vulnerable
ssh,0.5686274509803921,shared,deliver
ssh,0.48148148148148145,shared,fairy
ssh,0.46788990825688076,shared,clay
ssh,1.0,a_only,michigan
ssh,1.0,a_only,progression
ssh,0.6931216931216931,shared,colleague
ssh,0.3168724279835391,shared,wishes
ssh,0.5458937198067633,shared,exact
ssh,0.39737991266375544,shared,flew
ssh,1.0,a_only,elector
ssh,1.0,a_only,springfield
ssh,0.7877094972067039,shared,selection
ssh,1.0,a_only,historic
ssh,0.21212121212121213,b_only,dis
ssh,0.5094339622641509,shared,british
ssh,0.18081180811808117,b_only,flushed
ssh,1.0,a_only,export
ssh,0.5458937198067633,shared,yielded
ssh,0.5458937198067633,shared,inform
ssh,1.0,a_only,aircraft
ssh,0.6243654822335025,shared,saving
ssh,0.4883720930232558,shared,advertisement
ssh,0.44144144144144143,shared,burning
ssh,1.0,a_only,pregnant
ssh,0.3114754098360656,shared,broken
ssh,0.7679558011049724,shared,conductor
ssh,1.0,a_only,computing
ssh,0.3168724279835391,shared,tongue
ssh,0.5841584158415841,shared,animated
ssh,1.0,a_only,tasmania
ssh,0.4883720930232558,shared,patriots
ssh,1.0,a_only,taxation
ssh,1.0,a_only,domain
ssh,0.5763546798029556,shared,crop
ssh,0.18081180811808117,b_only,commonplace
ssh,1.0,a_only,reportedly
ssh,0.1895910780669145,b_only,piccadilly
ssh,0.44144144144144143,shared,anger
ssh,0.3114754098360656,shared,blessed
ssh,1.0,a_only,derive
ssh,0.7204301075268817,shared,victoria
ssh,1.0,a_only,doctrine
ssh,0.5920398009950248,shared,colours
ssh,1.0,a_only,logo
ssh,0.3617021276595745,shared,blow
ssh,0.675392670157068,shared,dia
ssh,0.21673003802281368,b_only,awe
ssh,1.0,a_only,si
ssh,0.3008130081300813,shared,king
ssh,1.0,a_only,clarke
ssh,1.0,a_only,atheistic
ssh,0.5311004784688995,shared,smoking
ssh,0.37339055793991416,shared,engaged
ssh,0.5458937198067633,shared,confirmed
ssh,0.4611872146118721,shared,store
ssh,1.0,a_only,russians
ssh,0.4349775784753363,shared,broad
ssh,1.0,a_only,dose
ssh,0.7486338797814208,shared,perpendicular
ssh,0.5609756097560976,shared,unusually
ssh,1.0,a_only,appoint
ssh,1.0,a_only,tarkovsky
ssh,1.0,a_only,expand
ssh,0.5841584158415841,shared,mirror
ssh,0.18081180811808117,shared,now
ssh,0.37339055793991416,shared,convinced
ssh,0.14285714285714285,b_only,endeavoured
ssh,0.11888111888111888,b_only,thankful
ssh,1.0,a_only,null
ssh,1.0,a_only,sculpture
ssh,1.0,a_only,mexico
ssh,0.5384615384615384,shared,principle
ssh,0.5023474178403756,shared,chicken
ssh,0.7486338797814208,shared,psychological
ssh,0.7297297297297297,shared,knights
ssh,0.5458937198067633,shared,definite
ssh,0.4883720930232558,shared,rules
ssh,0.1387900355871886,b_only,fortunately
ssh,1.0,a_only,telescope
ssh,1.0,a_only,ron
ssh,1.0,a_only,unions
ssh,0.19402985074626866,b_only,17
ssh,0.7204301075268817,shared,antiquity
ssh,0.6666666666666666,shared,covering
ssh,1.0,a_only,atheists
ssh,0.4883720930232558,shared,religious
ssh,0.3389121338912134,shared,bitter
ssh,0.40350877192982454,shared,evident
ssh,0.5609756097560976,shared,nowadays
ssh,0.20754716981132076,b_only,dad
ssh,0.4349775784753363,shared,mysterious
ssh,0.5533980582524272,shared,properly
ssh,1.0,a_only,utc
ssh,1.0,a_only,crystals
ssh,0.5165876777251185,shared,vessel
ssh,0.47465437788018433,shared,seriously
ssh,0.7486338797814208,shared,warming
ssh,0.6842105263157895,shared,operations
ssh,0.4349775784753363,shared,dislike
ssh,0.21673003802281368,b_only,lemme
ssh,0.48148148148148145,shared,farther
ssh,0.5920398009950248,shared,exhibition
ssh,1.0,a_only,bavaria
ssh,0.20300751879699247,b_only,scent
ssh,0.0958904109589041,b_only,disposed
ssh,0.22137404580152673,b_only,alteration
ssh,1.0,a_only,berber
ssh,0.6243654822335025,shared,everyone
ssh,1.0,a_only,ibn
ssh,0.5023474178403756,shared,guarded
ssh,1.0,a_only,airline
ssh,0.6931216931216931,shared,survey
ssh,1.0,a_only,cit
ssh,0.36752136752136755,shared,law
ssh,0.5686274509803921,shared,thy
ssh,0.20300751879699247,b_only,shucks
ssh,1.0,a_only,volcanoes
ssh,1.0,a_only,ales
ssh,0.40350877192982454,shared,mccarthy
ssh,0.10726643598615918,b_only,roused
ssh,1.0,a_only,cabinda
ssh,0.2749003984063745,shared,except
ssh,0.47465437788018433,shared,splendid
ssh,0.48148148148148145,shared,chocolate
ssh,0.19850187265917604,b_only,mo
ssh,1.0,a_only,imagery
ssh,0.5686274509803921,shared,mixture
ssh,0.7204301075268817,shared,consists
ssh,1.0,a_only,environmental
ssh,1.0,a_only,corresponding
ssh,0.3445378151260504,shared,power
ssh,0.7021276595744681,shared,fragments
ssh,1.0,a_only,gen
ssh,0.20754716981132076,b_only,kneeling
ssh,0.36752136752136755,shared,saved
ssh,0.29554655870445345,shared,point
ssh,1.0,a_only,incorrect
ssh,0.5609756097560976,shared,scandal
ssh,0.15942028985507245,b_only,bout
ssh,0.23076923076923078,b_only,fireplace
ssh,0.5023474178403756,shared,traces
ssh,0.19850187265917604,b_only,reck
ssh,0.5763546798029556,shared,unfortunately
ssh,0.2903225806451613,shared,surprise
ssh,0.19402985074626866,b_only,beetle
ssh,1.0,a_only,automorphisms
ssh,0.2903225806451613,shared,acquaintance
ssh,0.6410256410256411,shared,gravity
ssh,0.5311004784688995,shared,gathering
ssh,0.5094339622641509,shared,deepest
ssh,0.5609756097560976,shared,introduction
ssh,0.6410256410256411,shared,dialogue
ssh,0.5533980582524272,shared,process
ssh,0.7391304347826086,shared,abandon
ssh,0.5841584158415841,shared,upwards
ssh,0.6161616161616161,shared,scale
ssh,0.5094339622641509,shared,philosophy
ssh,0.6580310880829016,shared,impossibility
ssh,1.0,a_only,overthrow
ssh,0.14695340501792115,b_only,godalming
ssh,0.30612244897959184,shared,book
ssh,1.0,a_only,meanings
ssh,0.29554655870445345,shared,six
ssh,0.3333333333333333,shared,bag
ssh,0.4883720930232558,shared,performance
ssh,0.285140562248996,shared,easily
ssh,1.0,a_only,interpretation
ssh,1.0,a_only,alpaca
ssh,1.0,a_only,cricket
ssh,0.5763546798029556,shared,conclusions
ssh,1.0,a_only,tennis
ssh,1.0,a_only,millennium
ssh,1.0,a_only,utah
ssh,0.6410256410256411,shared,comparatively
ssh,0.6243654822335025,shared,belonging
ssh,0.1267605633802817,b_only,rid
ssh,1.0,a_only,preventing
ssh,1.0,a_only,inventors
ssh,1.0,a_only,aurelius
ssh,1.0,a_only,compounds
ssh,0.36752136752136755,shared,grief
ssh,1.0,a_only,role
ssh,0.7112299465240641,shared,hostile
ssh,0.7297297297297297,shared,britain
ssh,0.3278008298755187,shared,sense
ssh,0.6931216931216931,shared,horns
ssh,0.19850187265917604,b_only,prisons
ssh,1.0,a_only,helicopter
ssh,0.2260536398467433,b_only,coachman
ssh,0.20300751879699247,b_only,doubted
ssh,1.0,a_only,anschluss
ssh,1.0,a_only,ongoing
ssh,1.0,a_only,vesta
ssh,0.23076923076923078,shared,this
ssh,1.0,a_only,collectively
ssh,0.16363636363636364,b_only,hertfordshire
ssh,0.20300751879699247,b_only,pierced
ssh,0.2260536398467433,b_only,choked
ssh,1.0,a_only,donald
ssh,0.2549019607843137,shared,evening
ssh,0.5458937198067633,shared,overlooked
ssh,1.0,a_only,serial
ssh,0.7021276595744681,shared,display
ssh,0.5533980582524272,shared,audience
ssh,0.6410256410256411,shared,crisis
ssh,0.5023474178403756,shared,grey
ssh,0.23076923076923078,b_only,exclamation
ssh,0.4222222222222222,shared,truly
ssh,0.7297297297297297,shared,chemistry
ssh,0.21673003802281368,b_only,snoring
ssh,0.7582417582417582,shared,emergency
ssh,0.09215017064846416,b_only,smile
ssh,0.6410256410256411,shared,lee
ssh,0.18518518518518517,b_only,nodding
ssh,1.0,a_only,referenced
ssh,0.2749003984063745,shared,pain
ssh,0.6666666666666666,shared,unchanged
ssh,0.18518518518518517,b_only,sane
ssh,1.0,a_only,ak
ssh,0.46788990825688076,shared,attack
ssh,1.0,a_only,johnson
ssh,1.0,a_only,statues
ssh,1.0,a_only,systematically
ssh,1.0,a_only,nathaniel
ssh,1.0,a_only,florida
ssh,0.4479638009049774,shared,ink
ssh,1.0,a_only,illegal
ssh,0.6410256410256411,shared,backward
ssh,0.8285714285714286,shared,secretary
ssh,0.6931216931216931,shared,available
ssh,0.0958904109589041,b_only,gloom
ssh,0.7297297297297297,shared,recovery
ssh,0.5533980582524272,shared,newly
ssh,1.0,a_only,worldwide
ssh,0.6080402010050251,shared,reduced
ssh,0.3008130081300813,shared,settled
ssh,0.5533980582524272,shared,complexion
ssh,1.0,a_only,tucker
ssh,0.29554655870445345,shared,child
ssh,0.40969162995594716,shared,knight
ssh,0.14285714285714285,b_only,soothing
ssh,0.6,shared,crimes
ssh,0.44144144144144143,shared,decidedly
ssh,1.0,a_only,herman
ssh,0.29554655870445345,shared,usual
ssh,0.5023474178403756,shared,content
ssh,0.7112299465240641,shared,imperial
ssh,0.5686274509803921,shared,pigs
ssh,1.0,a_only,orbital
ssh,0.5533980582524272,shared,moreover
ssh,0.3389121338912134,shared,leaving
ssh,1.0,a_only,alabama
ssh,0.5165876777251185,shared,nervous
ssh,0.6842105263157895,shared,ash
ssh,0.6931216931216931,shared,occupy
ssh,0.1678832116788321,b_only,sternly
ssh,0.3168724279835391,shared,guard
ssh,1.0,a_only,currently
ssh,0.39737991266375544,shared,aside
ssh,0.36752136752136755,shared,devil
ssh,0.5384615384615384,shared,port
ssh,1.0,a_only,followers
ssh,1.0,a_only,sensei
ssh,1.0,a_only,emma
ssh,1.0,a_only,enacted
ssh,0.18518518518518517,b_only,tenderness
ssh,0.25,shared,end
ssh,0.1895910780669145,b_only,subdued
ssh,1.0,a_only,antisemitism
ssh,1.0,a_only,regime
ssh,0.4883720930232558,shared,hollow
ssh,0.5920398009950248,shared,lungs
ssh,0.19850187265917604,b_only,pemberley
ssh,1.0,a_only,prophet
ssh,0.3008130081300813,shared,wake
ssh,1.0,a_only,carrier
ssh,0.7679558011049724,shared,muscle
ssh,1.0,a_only,attributes
ssh,0.06666666666666667,shared,to
ssh,0.44144144144144143,shared,midst
ssh,0.5238095238095238,shared,disdain
ssh,0.1552346570397112,b_only,mina
ssh,0.1347517730496454,b_only,haunted
ssh,0.5238095238095238,shared,forest
ssh,1.0,a_only,dialects
ssh,0.6666666666666666,shared,beneficial
ssh,0.47465437788018433,shared,described
ssh,1.0,a_only,surplus
ssh,1.0,a_only,retrieved
ssh,0.5686274509803921,shared,angels
ssh,1.0,a_only,legendary
ssh,1.0,a_only,banned
ssh,1.0,a_only,operators
ssh,0.5841584158415841,shared,shakespeare
ssh,0.6326530612244898,shared,inhabited
ssh,1.0,a_only,document
ssh,0.3008130081300813,shared,fire
ssh,1.0,a_only,sector
ssh,1.0,a_only,imperium
ssh,1.0,a_only,weekly
ssh,1.0,a_only,turing
ssh,0.6,shared,questioned
ssh,0.391304347826087,shared,wise
ssh,0.5920398009950248,shared,winning
ssh,0.6931216931216931,shared,westminster
ssh,1.0,a_only,sultan
ssh,0.1387900355871886,b_only,entreat
ssh,0.3389121338912134,shared,passion
ssh,0.3333333333333333,shared,different
ssh,0.5686274509803921,shared,shapes
ssh,0.7391304347826086,shared,consuming
ssh,0.5094339622641509,shared,imaginary
ssh,0.6326530612244898,shared,weigh
ssh,0.19402985074626866,b_only,busted
ssh,1.0,a_only,dakota
ssh,1.0,a_only,spontaneous
ssh,0.6,shared,justify
ssh,0.25,shared,am
ssh,1.0,a_only,jesus
ssh,0.42857142857142855,shared,crossed
ssh,0.3333333333333333,shared,property
ssh,0.5686274509803921,shared,q
ssh,1.0,a_only,delegates
ssh,0.2903225806451613,shared,jim
ssh,0.6326530612244898,shared,thorough
ssh,0.6326530612244898,shared,individual
ssh,1.0,a_only,termed
ssh,0.5763546798029556,shared,constantly
ssh,0.14695340501792115,b_only,shout
ssh,0.5686274509803921,shared,shrugged
ssh,0.6080402010050251,shared,involved
ssh,0.5165876777251185,shared,sung
ssh,0.6580310880829016,shared,gifts
ssh,0.4349775784753363,shared,shows
ssh,0.20754716981132076,b_only,mermaids
ssh,1.0,a_only,glenn
ssh,0.6494845360824743,shared,posts
ssh,0.09965635738831616,b_only,agreeable
ssh,1.0,a_only,benefits
ssh,1.0,a_only,cambridge
ssh,0.415929203539823,shared,wasted
ssh,0.7297297297297297,shared,opinions
ssh,0.23552123552123552,shared,satisfied
ssh,0.3617021276595745,shared,supposed
ssh,0.2749003984063745,shared,waiting
ssh,0.21212121212121213,shared,tell
ssh,0.5841584158415841,shared,wearing
ssh,1.0,a_only,prominent
ssh,1.0,a_only,gender
ssh,0.5384615384615384,shared,characters
ssh,0.18518518518518517,b_only,faults
ssh,0.5094339622641509,shared,rod
ssh,0.6410256410256411,shared,partners
ssh,1.0,a_only,radioactive
ssh,0.1387900355871886,shared,be
ssh,1.0,a_only,arians
ssh,0.21212121212121213,b_only,swiftly
ssh,0.08843537414965986,b_only,dull
ssh,0.1111111111111111,b_only,fury
ssh,0.30612244897959184,shared,passed
ssh,0.3008130081300813,shared,piece
ssh,0.6931216931216931,shared,career
ssh,0.6494845360824743,shared,moses
ssh,1.0,a_only,princess
ssh,0.1895910780669145,b_only,holmwood
ssh,1.0,a_only,playwright
ssh,0.7582417582417582,shared,flowing
ssh,0.4222222222222222,shared,buy
ssh,0.3333333333333333,shared,filled
ssh,0.6161616161616161,shared,experiment
ssh,1.0,a_only,lutheran
ssh,1.0,a_only,obsolete
ssh,0.2749003984063745,shared,interest
ssh,0.6410256410256411,shared,obtain
ssh,0.28,shared,towards
ssh,1.0,a_only,hastings
ssh,1.0,a_only,applies
ssh,0.3559322033898305,shared,m
ssh,0.7297297297297297,shared,rescue
ssh,0.25984251968503935,shared,bear
ssh,0.5458937198067633,shared,pump
ssh,0.2903225806451613,shared,laying
ssh,0.48148148148148145,shared,faster
ssh,0.12280701754385964,b_only,sore
ssh,0.4479638009049774,shared,lightly
ssh,0.5841584158415841,shared,eighteenth
ssh,0.5458937198067633,shared,tragic
ssh,1.0,a_only,mythology
ssh,0.25,shared,spoke
ssh,0.6494845360824743,shared,shoot
ssh,1.0,a_only,carnival
ssh,0.5458937198067633,shared,attract
ssh,1.0,a_only,hellenistic
ssh,0.675392670157068,shared,killing
ssh,0.6161616161616161,shared,attain
ssh,0.6,shared,succession
ssh,1.0,a_only,hermann
ssh,1.0,a_only,armenians
ssh,0.19850187265917604,b_only,shovel
ssh,1.0,a_only,apocrypha
ssh,1.0,a_only,industrial
ssh,0.5165876777251185,shared,hello
ssh,0.5094339622641509,shared,precisely
ssh,0.28,shared,possible
ssh,0.1347517730496454,shared,we
ssh,0.7297297297297297,shared,fires
ssh,1.0,a_only,contribution
ssh,0.45454545454545453,shared,built
ssh,0.797752808988764,shared,plains
ssh,0.7021276595744681,shared,kills
ssh,1.0,a_only,jurisdictions
ssh,1.0,a_only,scholarly
ssh,0.18081180811808117,b_only,heartless
ssh,0.5023474178403756,shared,friday
ssh,0.5311004784688995,shared,visitors
ssh,0.4953271028037383,shared,thoroughly
ssh,1.0,a_only,committee
ssh,1.0,a_only,herbert
ssh,0.6580310880829016,shared,electronic
ssh,0.23076923076923078,b_only,expressive
ssh,0.19850187265917604,b_only,towel
ssh,0.24031007751937986,shared,best
ssh,0.21212121212121213,b_only,interruption
ssh,1.0,a_only,algebras
ssh,0.17216117216117216,b_only,oppressed
ssh,0.5533980582524272,shared,remarks
ssh,1.0,a_only,oral
ssh,0.5023474178403756,shared,fright
ssh,0.48148148148148145,shared,park
ssh,1.0,a_only,liberals
ssh,0.18518518518518517,b_only,spoiled
ssh,0.2749003984063745,shared,holmes
ssh,1.0,a_only,decreasing
ssh,0.2749003984063745,shared,certain
ssh,0.42857142857142855,shared,lots
ssh,0.5311004784688995,shared,prepare
ssh,0.2549019607843137,shared,night
ssh,0.48148148148148145,shared,violent
ssh,1.0,a_only,haliotis
ssh,0.4479638009049774,shared,backs
ssh,0.6410256410256411,shared,experiences
ssh,1.0,a_only,scotia
ssh,0.3559322033898305,shared,blue
ssh,0.3617021276595745,shared,excellent
ssh,1.0,a_only,unemployment
ssh,0.2260536398467433,shared,re
ssh,0.7204301075268817,shared,stationed
ssh,1.0,a_only,resign
ssh,0.45454545454545453,shared,midnight
ssh,0.18081180811808117,b_only,seeming
ssh,0.7582417582417582,shared,boundary
ssh,0.5023474178403756,shared,freely
ssh,0.17647058823529413,b_only,ceiling
ssh,1.0,a_only,anconia
ssh,1.0,a_only,cartoon
ssh,0.42857142857142855,shared,estate
ssh,1.0,a_only,organisation
ssh,0.44144144144144143,shared,jealous
ssh,0.3168724279835391,shared,struck
ssh,0.20754716981132076,b_only,lucases
ssh,0.23076923076923078,shared,young
ssh,1.0,a_only,restaurants
ssh,1.0,a_only,intel
ssh,1.0,a_only,lyon
ssh,0.48148148148148145,shared,directed
ssh,0.6161616161616161,shared,preaching
ssh,0.5094339622641509,shared,gather
ssh,0.5609756097560976,shared,spreading
ssh,1.0,a_only,commissioned
ssh,0.5686274509803921,shared,elsewhere
ssh,0.6580310880829016,shared,assume
ssh,0.1267605633802817,b_only,manage
ssh,0.22137404580152673,b_only,tread
ssh,0.3617021276595745,shared,thanks
ssh,1.0,a_only,unstable
ssh,1.0,a_only,commonwealth
ssh,0.350210970464135,shared,sharp
ssh,1.0,a_only,namibia
ssh,0.4222222222222222,shared,rolled
ssh,0.5609756097560976,shared,active
ssh,0.7297297297297297,shared,rarely
ssh,0.5023474178403756,shared,fighting
ssh,0.245136186770428,shared,sure
ssh,1.0,a_only,eurovision
ssh,0.19850187265917604,b_only,lily
ssh,0.18081180811808117,b_only,hansom
ssh,0.11498257839721254,b_only,slipped
ssh,0.2698412698412698,shared,please
ssh,0.6080402010050251,shared,calculated
ssh,0.11498257839721254,b_only,admire
ssh,0.22137404580152673,b_only,dormouse
ssh,0.5384615384615384,shared,bottles
ssh,0.6666666666666666,shared,duck
ssh,0.5311004784688995,shared,wealth
ssh,1.0,a_only,amaranth
ssh,0.30612244897959184,shared,harry
ssh,0.19402985074626866,b_only,darkened
ssh,0.5920398009950248,shared,inches
ssh,0.3793103448275862,shared,shoulders
ssh,0.4479638009049774,shared,privilege
ssh,0.23552123552123552,shared,their
ssh,0.5920398009950248,shared,renamed
ssh,0.20754716981132076,b_only,lazy
ssh,0.5686274509803921,shared,studies
ssh,0.4953271028037383,shared,phrase
ssh,0.4953271028037383,shared,departed
ssh,1.0,a_only,unmanned
ssh,1.0,a_only,legally
ssh,0.3445378151260504,shared,shadows
ssh,0.7112299465240641,shared,cultivated
ssh,0.14285714285714285,b_only,darcy
ssh,0.5384615384615384,shared,owl
ssh,0.6580310880829016,shared,appointed
ssh,0.3617021276595745,shared,sisters
ssh,1.0,a_only,criticized
ssh,1.0,a_only,talmud
ssh,0.21212121212121213,b_only,dances
ssh,0.15942028985507245,b_only,thirst
ssh,1.0,a_only,module
ssh,1.0,a_only,capitalists
ssh,0.2698412698412698,shared,father
ssh,1.0,a_only,officially
ssh,0.7679558011049724,shared,rounds
ssh,0.6494845360824743,shared,stores
ssh,0.0958904109589041,b_only,disturb
ssh,0.5458937198067633,shared,resemblance
ssh,0.40969162995594716,shared,drive
ssh,0.21212121212121213,b_only,telegram
ssh,0.40969162995594716,shared,hunter
ssh,1.0,a_only,determining
ssh,1.0,a_only,gravitational
ssh,1.0,a_only,astronomer
ssh,0.21212121212121213,b_only,xvii
ssh,0.10344827586206896,b_only,pockets
ssh,0.23552123552123552,shared,began
ssh,1.0,a_only,electrons
ssh,0.3559322033898305,shared,favour
ssh,0.23552123552123552,b_only,entreaties
ssh,0.6410256410256411,shared,detective
ssh,1.0,a_only,eusebius
ssh,0.18518518518518517,b_only,faculties
ssh,0.7204301075268817,shared,simpler
ssh,0.4883720930232558,shared,space
ssh,0.20754716981132076,b_only,heah
ssh,1.0,a_only,korea
ssh,0.1111111111111111,b_only,pleased
ssh,0.5458937198067633,shared,f
ssh,0.21673003802281368,shared,surprised
ssh,1.0,a_only,arminian
ssh,0.6842105263157895,shared,villa
ssh,0.5920398009950248,shared,scores
ssh,0.39737991266375544,shared,sherlock
ssh,0.40969162995594716,shared,chief
ssh,0.5763546798029556,shared,indicated
ssh,0.5165876777251185,shared,ate
ssh,0.6243654822335025,shared,barren
ssh,0.18518518518518517,b_only,floated
ssh,1.0,a_only,tennessee
ssh,0.1267605633802817,b_only,dismal
ssh,0.5384615384615384,shared,holy
ssh,0.5533980582524272,shared,corners
ssh,0.11498257839721254,b_only,amazement
ssh,0.5165876777251185,shared,beaten
ssh,0.1347517730496454,b_only,gasped
ssh,0.6,shared,upright
ssh,1.0,a_only,roman
ssh,0.09965635738831616,b_only,shut
ssh,0.23552123552123552,b_only,frankly
ssh,0.6161616161616161,shared,flint
ssh,1.0,a_only,recipient
ssh,1.0,a_only,portable
ssh,0.12280701754385964,b_only,chill
ssh,0.5023474178403756,shared,posted
ssh,1.0,a_only,remedies
ssh,1.0,a_only,criticism
ssh,0.48148148148148145,shared,dukes
ssh,0.4479638009049774,shared,details
ssh,0.6326530612244898,shared,introducing
ssh,0.5533980582524272,shared,sacrificed
ssh,0.19850187265917604,b_only,gazette
ssh,1.0,a_only,director
ssh,0.2903225806451613,shared,white
ssh,0.3114754098360656,shared,ten
ssh,1.0,a_only,theology
ssh,0.5238095238095238,shared,provided
ssh,1.0,a_only,validity
ssh,0.1552346570397112,shared,do
ssh,0.6080402010050251,shared,cottages
ssh,1.0,a_only,greece
ssh,0.5920398009950248,shared,fleet
ssh,1.0,a_only,guy
ssh,1.0,a_only,marie
ssh,1.0,a_only,differs
ssh,0.350210970464135,shared,carefully
ssh,0.6080402010050251,shared,commands
ssh,0.6326530612244898,shared,cylinder
ssh,0.3278008298755187,shared,colonel
ssh,0.7486338797814208,shared,sands
ssh,1.0,a_only,epidemic
ssh,1.0,a_only,nih
ssh,0.0847457627118644,b_only,sit
ssh,0.7391304347826086,shared,assert
ssh,0.7582417582417582,shared,instances
ssh,1.0,a_only,department
ssh,0.48148148148148145,shared,needle
ssh,0.48148148148148145,shared,civil
ssh,0.350210970464135,shared,three
ssh,0.6080402010050251,shared,warned
ssh,0.7021276595744681,shared,conclude
ssh,1.0,a_only,ampere
ssh,0.19402985074626866,b_only,horner
ssh,0.6410256410256411,shared,diamonds
ssh,0.5311004784688995,shared,prefer
ssh,1.0,a_only,denotes
ssh,0.4883720930232558,shared,animal
ssh,0.5094339622641509,shared,cover
ssh,0.5094339622641509,shared,fitted
ssh,0.6410256410256411,shared,manuscript
ssh,0.22137404580152673,shared,sweet
ssh,0.675392670157068,shared,authoritative
ssh,1.0,a_only,program
ssh,0.40969162995594716,shared,hanging
ssh,0.6494845360824743,shared,depends
ssh,0.4611872146118721,shared,stock
ssh,0.42857142857142855,shared,pan
ssh,0.6580310880829016,shared,glacier
ssh,0.19402985074626866,shared,an
ssh,0.4222222222222222,shared,warm
ssh,0.4883720930232558,shared,reflection
ssh,0.36752136752136755,shared,lightning
ssh,0.19850187265917604,b_only,kinder
ssh,1.0,a_only,amethyst
ssh,1.0,a_only,agni
ssh,0.5609756097560976,shared,levi
ssh,0.20300751879699247,shared,us
ssh,0.44144144144144143,shared,james
ssh,1.0,a_only,ankara
ssh,0.5458937198067633,shared,extreme
ssh,0.1895910780669145,b_only,whiskers
ssh,0.3793103448275862,shared,grown
ssh,0.5763546798029556,shared,foe
ssh,0.2903225806451613,shared,sound
ssh,0.29554655870445345,shared,liked
ssh,0.19402985074626866,b_only,flames
ssh,1.0,a_only,separately
ssh,1.0,a_only,honorary
ssh,0.10726643598615918,b_only,trifle
ssh,0.7204301075268817,shared,vary
ssh,1.0,a_only,magazine
ssh,0.28,shared,boy
ssh,0.5023474178403756,shared,superior
ssh,1.0,a_only,dc
ssh,1.0,a_only,yeast
ssh,1.0,a_only,administrator
ssh,0.44144144144144143,shared,destroy
ssh,0.6580310880829016,shared,balance
ssh,0.5023474178403756,shared,upward
ssh,1.0,a_only,interpreted
ssh,1.0,a_only,camera
ssh,1.0,a_only,continues
ssh,0.6580310880829016,shared,channel
ssh,0.24031007751937986,b_only,shrink
ssh,0.5094339622641509,shared,dusk
ssh,0.6931216931216931,shared,engineer
ssh,0.21212121212121213,b_only,flatter
ssh,0.7021276595744681,shared,composition
ssh,0.7679558011049724,shared,agency
ssh,1.0,a_only,organic
ssh,1.0,a_only,aphex
ssh,1.0,a_only,ratified
ssh,1.0,a_only,vogt
ssh,1.0,a_only,sebastian
ssh,0.4349775784753363,shared,circle
ssh,0.4883720930232558,shared,keen
ssh,1.0,a_only,adoption
ssh,0.5023474178403756,shared,passages
ssh,0.6243654822335025,shared,rugged
ssh,0.7204301075268817,shared,memorable
ssh,1.0,a_only,epic
ssh,1.0,a_only,symbolism
ssh,1.0,a_only,doubles
ssh,0.45454545454545453,shared,showing
ssh,1.0,a_only,comics
ssh,0.10726643598615918,b_only,awake
ssh,0.6161616161616161,shared,physician
ssh,0.48148148148148145,shared,faced
ssh,0.09965635738831616,b_only,limbs
ssh,0.09215017064846416,b_only,eager
ssh,0.5763546798029556,shared,conspicuous
ssh,1.0,a_only,alamanni
ssh,1.0,a_only,outcome
ssh,0.350210970464135,shared,stretched
ssh,0.7021276595744681,shared,petersburg
ssh,1.0,a_only,finance
ssh,1.0,a_only,calvinism
ssh,0.4349775784753363,shared,hell
ssh,1.0,a_only,calculating
ssh,1.0,a_only,passive
ssh,1.0,a_only,momentum
ssh,1.0,a_only,marshal
ssh,0.20754716981132076,b_only,ticking
ssh,0.2260536398467433,shared,walk
ssh,1.0,a_only,explicitly
ssh,1.0,a_only,catholics
ssh,0.6326530612244898,shared,verse
ssh,0.7112299465240641,shared,refrain
ssh,1.0,a_only,comprising
ssh,1.0,a_only,fluke
ssh,0.20300751879699247,b_only,spoon
ssh,1.0,a_only,democratic
ssh,0.5165876777251185,shared,served
ssh,0.415929203539823,shared,condition
ssh,0.4883720930232558,shared,compared
ssh,1.0,a_only,formula
ssh,0.5311004784688995,shared,rapid
ssh,1.0,a_only,democrats
ssh,0.3559322033898305,shared,monster
ssh,0.5094339622641509,shared,bend
ssh,0.45454545454545453,shared,wet
ssh,1.0,a_only,princeton
ssh,0.6161616161616161,shared,ultimately
ssh,1.0,a_only,operated
ssh,0.245136186770428,shared,death
ssh,0.0738255033557047,b_only,whisper
ssh,0.5686274509803921,shared,actions
ssh,0.45454545454545453,shared,picked
ssh,1.0,a_only,broadly
ssh,0.5165876777251185,shared,profession
ssh,0.1895910780669145,b_only,yourselves
ssh,0.5841584158415841,shared,rely
ssh,0.5763546798029556,shared,flower
ssh,0.5841584158415841,shared,ceremony
ssh,0.5686274509803921,shared,quest
ssh,0.7112299465240641,shared,hatred
ssh,0.5533980582524272,shared,win
ssh,1.0,a_only,via
ssh,0.47465437788018433,shared,faith
ssh,0.42857142857142855,shared,delicacy
ssh,0.5384615384615384,shared,im
ssh,0.4222222222222222,shared,spell
ssh,1.0,a_only,milan
ssh,1.0,a_only,rand
ssh,0.23076923076923078,b_only,complain
ssh,1.0,a_only,alpacas
ssh,1.0,a_only,akm
ssh,0.5533980582524272,shared,chiefly
ssh,1.0,a_only,quantities
ssh,0.7021276595744681,shared,writer
ssh,0.5763546798029556,shared,wages
ssh,0.5384615384615384,shared,citizens
ssh,1.0,a_only,barbara
ssh,0.5609756097560976,shared,verdict
ssh,0.5533980582524272,shared,actual
ssh,1.0,a_only,constantine
ssh,1.0,a_only,geometry
ssh,0.2549019607843137,shared,why
ssh,1.0,a_only,monk
ssh,1.0,a_only,fisheries
ssh,0.6161616161616161,shared,foreigners
ssh,0.415929203539823,shared,spent
ssh,0.1895910780669145,b_only,willingly
ssh,0.5165876777251185,shared,petition
ssh,0.6842105263157895,shared,reader
ssh,0.6931216931216931,shared,labor
ssh,0.4349775784753363,shared,souls
ssh,0.07023411371237458,b_only,chimney
ssh,0.10344827586206896,b_only,dracula
ssh,0.45454545454545453,shared,attending
ssh,1.0,a_only,schuschnigg
ssh,0.40350877192982454,shared,accept
ssh,0.807909604519774,shared,cape
ssh,0.6494845360824743,shared,retreated
ssh,0.1347517730496454,b_only,manette
ssh,0.5384615384615384,shared,create
ssh,0.5763546798029556,shared,parts
ssh,0.5920398009950248,shared,explore
ssh,1.0,a_only,pervasive
ssh,1.0,a_only,theologian
ssh,0.6161616161616161,shared,chronicle
ssh,0.40350877192982454,shared,express
ssh,1.0,a_only,os
ssh,1.0,a_only,online
ssh,0.6931216931216931,shared,amazing
ssh,1.0,a_only,saharan
ssh,1.0,a_only,enlightenment
ssh,0.4883720930232558,shared,belongs
ssh,1.0,a_only,vietnam
ssh,0.5920398009950248,shared,insufficient
ssh,0.4883720930232558,shared,list
ssh,0.4611872146118721,shared,destiny
ssh,0.1111111111111111,b_only,solemnly
ssh,1.0,a_only,neutrality
ssh,0.6410256410256411,shared,submitted
ssh,0.14285714285714285,b_only,becky
ssh,0.4883720930232558,shared,elapsed
ssh,0.07023411371237458,b_only,aunt
ssh,1.0,a_only,recognizes
ssh,1.0,a_only,nearby
ssh,0.2749003984063745,shared,hope
ssh,0.3008130081300813,shared,twice
ssh,0.18081180811808117,b_only,caterpillar
ssh,0.28,shared,curious
ssh,0.6580310880829016,shared,elements
ssh,0.5686274509803921,shared,mood
ssh,1.0,a_only,discontinued
ssh,0.5023474178403756,shared,america
ssh,0.5023474178403756,shared,persuaded
ssh,0.6410256410256411,shared,harvest
ssh,1.0,a_only,uke
ssh,1.0,a_only,jr
ssh,1.0,a_only,iraqi
ssh,0.6,shared,standard
ssh,1.0,a_only,unix
ssh,0.5609756097560976,shared,highest
ssh,1.0,a_only,benjamin
ssh,0.42857142857142855,shared,trial
ssh,0.25,shared,take
ssh,1.0,a_only,albrecht
ssh,0.11888111888111888,b_only,wolves
ssh,0.5841584158415841,shared,enjoyed
ssh,0.4953271028037383,shared,confused
ssh,0.5458937198067633,shared,card
ssh,1.0,a_only,thereafter
ssh,1.0,a_only,oliver
ssh,0.2260536398467433,b_only,amy
ssh,0.4953271028037383,shared,class
ssh,0.675392670157068,shared,cynical
ssh,0.24031007751937986,b_only,eloquent
ssh,0.6161616161616161,shared,ross
ssh,1.0,a_only,contains
ssh,1.0,a_only,badge
ssh,0.2698412698412698,shared,madame
ssh,0.7486338797814208,shared,anne
ssh,1.0,a_only,unclear
ssh,0.6080402010050251,shared,cease
ssh,1.0,a_only,trans
ssh,1.0,a_only,financial
ssh,1.0,a_only,mnd
ssh,0.5533980582524272,shared,le
ssh,0.7391304347826086,shared,deemed
ssh,0.5841584158415841,shared,depart
ssh,0.20300751879699247,b_only,hum
ssh,0.3333333333333333,shared,curiosity
ssh,0.3333333333333333,shared,general
ssh,0.5023474178403756,shared,delicate
ssh,0.22137404580152673,b_only,precaution
ssh,0.4953271028037383,shared,sink
ssh,0.10344827586206896,b_only,softened
ssh,1.0,a_only,ipod
ssh,0.3559322033898305,shared,sorrow
ssh,0.20754716981132076,b_only,verses
ssh,0.11498257839721254,b_only,gazed
ssh,0.22137404580152673,b_only,adler
ssh,1.0,a_only,barcelona
ssh,1.0,a_only,barry
ssh,0.12280701754385964,b_only,likes
ssh,0.28,shared,people
ssh,0.6161616161616161,shared,stretching
ssh,0.5609756097560976,shared,intense
ssh,0.4883720930232558,shared,cigarette
ssh,1.0,a_only,richmond
ssh,1.0,a_only,scored
ssh,0.48148148148148145,shared,alley
ssh,0.6494845360824743,shared,strict
ssh,0.6931216931216931,shared,adopt
ssh,1.0,a_only,albanian
ssh,0.6080402010050251,shared,greedy
ssh,1.0,a_only,schedule
ssh,1.0,a_only,iceland
ssh,0.4953271028037383,shared,bore
ssh,1.0,a_only,contributing
ssh,1.0,a_only,qur
ssh,1.0,a_only,mises
ssh,1.0,a_only,judicial
ssh,0.2549019607843137,shared,again
ssh,0.7297297297297297,shared,approval
ssh,1.0,a_only,linebackers
ssh,0.6326530612244898,shared,childhood
ssh,1.0,a_only,taxes
ssh,1.0,a_only,metro
ssh,0.7204301075268817,shared,seasons
ssh,0.25984251968503935,shared,sometimes
ssh,0.17216117216117216,b_only,silas
ssh,1.0,a_only,arianism
ssh,0.6410256410256411,shared,neighbors
ssh,0.21673003802281368,b_only,catched
ssh,1.0,a_only,manga
ssh,0.14695340501792115,b_only,prayed
ssh,0.18081180811808117,b_only,clutched
ssh,0.11498257839721254,b_only,utter
ssh,0.30612244897959184,shared,uncle
ssh,0.6494845360824743,shared,dated
ssh,1.0,a_only,universe
ssh,1.0,a_only,abram
ssh,1.0,a_only,ireland
ssh,1.0,a_only,colony
ssh,0.19850187265917604,b_only,furious
ssh,1.0,a_only,environments
ssh,0.7391304347826086,shared,remedy
ssh,1.0,a_only,electronics
ssh,0.3852813852813853,shared,pull
ssh,1.0,a_only,equivalent
ssh,0.6161616161616161,shared,craft
ssh,0.25984251968503935,shared,stay
ssh,1.0,a_only,cancer
ssh,0.2260536398467433,shared,perhaps
ssh,0.12280701754385964,b_only,dread
ssh,1.0,a_only,consumer
ssh,0.45454545454545453,shared,pleasing
ssh,0.1552346570397112,b_only,cares
ssh,0.6080402010050251,shared,eastern
ssh,0.3445378151260504,shared,corner
ssh,1.0,a_only,competitive
ssh,0.40969162995594716,shared,various
ssh,1.0,a_only,hydrogen
ssh,1.0,a_only,rebellion
ssh,0.20300751879699247,b_only,tooth
ssh,1.0,a_only,aes
ssh,0.7297297297297297,shared,bah
ssh,1.0,a_only,wyoming
ssh,1.0,a_only,economics
ssh,1.0,a_only,muslims
ssh,0.21212121212121213,b_only,tiptoe
ssh,0.3793103448275862,shared,proceeded
ssh,1.0,a_only,alkane
ssh,0.5841584158415841,shared,magnificent
ssh,1.0,a_only,incorporated
ssh,1.0,a_only,archaeological
ssh,1.0,a_only,team
ssh,0.6494845360824743,shared,contracted
ssh,0.6161616161616161,shared,millions
ssh,0.4953271028037383,shared,beast
ssh,0.5384615384615384,shared,brick
ssh,0.5763546798029556,shared,preparation
ssh,0.11498257839721254,b_only,yesterday
ssh,0.6666666666666666,shared,inch
ssh,0.6243654822335025,shared,suicide
ssh,0.32231404958677684,shared,sister
ssh,1.0,a_only,converted
ssh,1.0,a_only,transmitted
ssh,0.7297297297297297,shared,morality
ssh,0.4349775784753363,shared,mate
ssh,0.46788990825688076,shared,positively
ssh,1.0,a_only,operator
ssh,1.0,a_only,graduate
ssh,0.415929203539823,shared,clean
ssh,1.0,a_only,gregory
ssh,0.4883720930232558,shared,demanded
ssh,1.0,a_only,automatic
ssh,0.6080402010050251,shared,venetian
ssh,0.5686274509803921,shared,correspondent
ssh,1.0,a_only,brazilian
ssh,1.0,a_only,percentage
ssh,1.0,a_only,facto
ssh,0.3114754098360656,shared,taken
ssh,0.22137404580152673,b_only,copying
ssh,0.4222222222222222,shared,bill
ssh,0.6666666666666666,shared,merchant
ssh,0.11498257839721254,b_only,dorian
ssh,1.0,a_only,biology
ssh,1.0,a_only,animalia
ssh,0.11498257839721254,b_only,touching
ssh,0.45454545454545453,shared,ball
ssh,0.3617021276595745,shared,feet
ssh,1.0,a_only,epistle
ssh,1.0,a_only,agreements
ssh,1.0,a_only,cd
ssh,0.5458937198067633,shared,purity
ssh,0.1267605633802817,b_only,kitty
ssh,0.20300751879699247,b_only,brow
ssh,0.5165876777251185,shared,horrors
ssh,1.0,a_only,prairie
ssh,1.0,a_only,critics
ssh,1.0,a_only,permanently
ssh,1.0,a_only,acclaimed
ssh,1.0,a_only,volunteers
ssh,0.44144144144144143,shared,working
ssh,0.40969162995594716,shared,buried
ssh,0.3389121338912134,shared,nonsense
ssh,0.3278008298755187,shared,meeting
ssh,0.21673003802281368,b_only,moran
ssh,0.24031007751937986,b_only,hellish
ssh,1.0,a_only,confederation
ssh,1.0,a_only,gains
ssh,1.0,a_only,nuremberg
ssh,0.6,shared,condemned
ssh,0.6243654822335025,shared,leader
ssh,0.4611872146118721,shared,constant
ssh,0.21212121212121213,b_only,windibank
ssh,1.0,a_only,fermented
ssh,1.0,a_only,females
ssh,1.0,a_only,senate
ssh,1.0,a_only,fans
ssh,1.0,a_only,individualists
ssh,0.3617021276595745,shared,gold
ssh,0.6666666666666666,shared,bush
ssh,1.0,a_only,rivalry
ssh,0.7486338797814208,shared,thereby
ssh,0.6580310880829016,shared,treats
ssh,1.0,a_only,unity
ssh,0.5686274509803921,shared,kicking
ssh,0.5920398009950248,shared,provision
ssh,0.19850187265917604,b_only,phonograph
ssh,1.0,a_only,defensive
ssh,0.19402985074626866,b_only,geese
ssh,0.6161616161616161,shared,proposal
ssh,1.0,a_only,reflects
ssh,0.22137404580152673,shared,too
ssh,0.5165876777251185,shared,earlier
ssh,0.47465437788018433,shared,borne
ssh,0.5384615384615384,shared,earthly
ssh,0.3852813852813853,shared,style
ssh,1.0,a_only,respond
ssh,1.0,a_only,numerical
ssh,0.5311004784688995,shared,preparing
ssh,1.0,a_only,islam
ssh,1.0,a_only,neurons
ssh,0.32231404958677684,shared,send
ssh,0.7679558011049724,shared,varieties
ssh,0.5094339622641509,shared,rolling
ssh,0.44144144144144143,shared,crazy
ssh,1.0,a_only,markov
ssh,0.42857142857142855,shared,calling
ssh,0.3389121338912134,shared,party
ssh,0.6080402010050251,shared,boarding
ssh,0.25,shared,doing
ssh,0.6161616161616161,shared,cash
ssh,0.5763546798029556,shared,europe
ssh,0.6,shared,attorney
ssh,0.42857142857142855,shared,suggested
ssh,1.0,a_only,overview
ssh,0.25984251968503935,shared,placed
ssh,0.6243654822335025,shared,customary
ssh,0.7021276595744681,shared,obligation
ssh,0.20754716981132076,b_only,amazed
ssh,1.0,a_only,scientists
ssh,1.0,a_only,alcohol
ssh,1.0,a_only,indicator
ssh,1.0,a_only,einstein
ssh,1.0,a_only,evolutionary
ssh,1.0,a_only,est
ssh,0.5609756097560976,shared,represented
ssh,0.7582417582417582,shared,accordance
ssh,0.2903225806451613,shared,change
ssh,1.0,a_only,transcontinental
ssh,0.29554655870445345,shared,jane
ssh,0.6161616161616161,shared,behalf
ssh,1.0,a_only,ibrahim
ssh,0.0847457627118644,b_only,knees
ssh,1.0,a_only,pioneered
ssh,1.0,a_only,finnish
ssh,0.7204301075268817,shared,widely
ssh,0.23076923076923078,b_only,27
ssh,0.20754716981132076,b_only,governess
ssh,0.5094339622641509,shared,language
ssh,0.48148148148148145,shared,hoping
ssh,1.0,a_only,iowa
ssh,1.0,a_only,academy
ssh,0.30612244897959184,shared,cried
ssh,0.36752136752136755,shared,forced
ssh,0.47465437788018433,shared,impulse
ssh,0.6326530612244898,shared,olive
ssh,1.0,a_only,noun
ssh,0.4611872146118721,shared,mamma
ssh,1.0,a_only,discography
ssh,1.0,a_only,define
ssh,0.23076923076923078,shared,eat
ssh,1.0,a_only,prior
ssh,0.3168724279835391,shared,led
ssh,1.0,a_only,implementations
ssh,0.21673003802281368,shared,face
ssh,0.46788990825688076,shared,counter
ssh,0.6326530612244898,shared,greek
ssh,1.0,a_only,evaluation
ssh,0.415929203539823,shared,fifteen
ssh,0.18518518518518517,b_only,solemnity
ssh,1.0,a_only,currents
ssh,0.6080402010050251,shared,model
ssh,0.14285714285714285,b_only,lamps
ssh,0.32231404958677684,shared,crowd
ssh,1.0,a_only,car
ssh,0.5023474178403756,shared,plum
ssh,0.4222222222222222,shared,nearer
ssh,0.46788990825688076,shared,main
ssh,0.4611872146118721,shared,distinctly
ssh,0.3445378151260504,shared,lying
ssh,0.5920398009950248,shared,barrier
ssh,0.6080402010050251,shared,summit
ssh,1.0,a_only,maritime
ssh,0.6243654822335025,shared,interference
ssh,1.0,a_only,presumably
ssh,1.0,a_only,hebrews
ssh,0.29554655870445345,shared,begin
ssh,1.0,a_only,tissues
ssh,1.0,a_only,strictly
ssh,0.6080402010050251,shared,hospital
ssh,0.19402985074626866,b_only,barsad
ssh,0.20300751879699247,b_only,austen
ssh,0.4611872146118721,shared,messenger
ssh,1.0,a_only,conquer
ssh,0.1895910780669145,b_only,claws
ssh,0.2549019607843137,shared,ought
ssh,0.4222222222222222,shared,value
ssh,1.0,a_only,involvement
ssh,1.0,a_only,constellations
ssh,0.350210970464135,shared,experience
ssh,0.20300751879699247,b_only,sickly
ssh,1.0,a_only,hu
ssh,0.30612244897959184,shared,sitting
ssh,1.0,a_only,ornamental
ssh,0.4883720930232558,shared,forty
ssh,0.4883720930232558,shared,advance
ssh,0.40350877192982454,shared,simple
ssh,0.28,shared,love
ssh,0.3168724279835391,shared,stone
ssh,1.0,a_only,pelagianism
ssh,1.0,a_only,canadian
ssh,0.285140562248996,shared,company
ssh,0.7877094972067039,shared,forests
ssh,0.6410256410256411,shared,offers
ssh,1.0,a_only,olympics
ssh,0.7486338797814208,shared,devices
ssh,0.24031007751937986,b_only,breeze
ssh,1.0,a_only,statute
ssh,0.3559322033898305,shared,growing
ssh,1.0,a_only,relationships
ssh,0.3278008298755187,shared,lonely
ssh,1.0,a_only,nfl
ssh,1.0,a_only,hercule
ssh,0.10726643598615918,b_only,listening
ssh,0.6494845360824743,shared,railway
ssh,1.0,a_only,physiology
ssh,0.18518518518518517,b_only,theirs
ssh,0.1510791366906475,b_only,rat
ssh,1.0,a_only,proton
ssh,0.23076923076923078,b_only,scar
ssh,0.48148148148148145,shared,false
ssh,0.6666666666666666,shared,tunnel
ssh,0.37339055793991416,shared,peter
ssh,0.21673003802281368,b_only,vile
ssh,0.6494845360824743,shared,lowest
ssh,0.3389121338912134,shared,innocent
ssh,0.6,shared,require
ssh,0.11888111888111888,b_only,wondered
ssh,1.0,a_only,doubleday
ssh,1.0,a_only,armenian
ssh,0.5841584158415841,shared,contemplation
ssh,1.0,a_only,japan
ssh,0.3114754098360656,shared,hurt
ssh,0.675392670157068,shared,dot
ssh,0.6931216931216931,shared,signature
ssh,0.4349775784753363,shared,journal
ssh,0.5384615384615384,shared,today
ssh,1.0,a_only,increases
ssh,0.40969162995594716,shared,cairo
ssh,0.6410256410256411,shared,excessive
ssh,0.39737991266375544,shared,disturbed
ssh,0.3114754098360656,shared,sydney
ssh,1.0,a_only,replacement
ssh,1.0,a_only,implies
ssh,0.6494845360824743,shared,arches
ssh,0.22137404580152673,b_only,maids
ssh,1.0,a_only,swedish
ssh,1.0,a_only,mechanics
ssh,0.21673003802281368,b_only,frighten
ssh,0.6,shared,authors
ssh,1.0,a_only,races
ssh,0.5384615384615384,shared,imprisonment
ssh,1.0,a_only,develop
ssh,0.7204301075268817,shared,genuine
ssh,0.1552346570397112,b_only,waked
ssh,0.7112299465240641,shared,attempting
ssh,0.45454545454545453,shared,glory
ssh,0.5094339622641509,shared,vanity
ssh,0.6580310880829016,shared,granted
ssh,0.1267605633802817,b_only,amiable
ssh,0.2648221343873518,shared,story
ssh,1.0,a_only,aqueous
ssh,0.17216117216117216,b_only,murmur
ssh,0.5686274509803921,shared,helmet
ssh,0.5920398009950248,shared,fidelity
ssh,0.6,shared,obedience
ssh,0.2260536398467433,b_only,pencil
ssh,0.17647058823529413,b_only,civility
ssh,1.0,a_only,ceo
ssh,0.6494845360824743,shared,hired
ssh,0.6080402010050251,shared,agent
ssh,1.0,a_only,arid
ssh,0.48148148148148145,shared,suspected
ssh,1.0,a_only,steven
ssh,0.6580310880829016,shared,observer
ssh,0.6931216931216931,shared,tightly
ssh,1.0,a_only,promoting
ssh,0.6243654822335025,shared,proportion
ssh,1.0,a_only,dramatically
ssh,0.7877094972067039,shared,eve
ssh,0.47465437788018433,shared,hears
ssh,0.48148148148148145,shared,undertake
ssh,0.17216117216117216,b_only,quitted
ssh,0.5841584158415841,shared,resentment
ssh,1.0,a_only,grains
ssh,0.09215017064846416,b_only,smoke
ssh,0.25984251968503935,shared,questions
ssh,1.0,a_only,emirates
ssh,1.0,a_only,characterized
ssh,1.0,a_only,legends
ssh,0.3852813852813853,shared,calm
ssh,0.6161616161616161,shared,alliance
ssh,0.6,shared,shores
ssh,0.5023474178403756,shared,y
ssh,0.3852813852813853,shared,whenever
ssh,1.0,a_only,speculative
ssh,0.6494845360824743,shared,salt
ssh,0.2260536398467433,b_only,kennel
ssh,0.6243654822335025,shared,collection
ssh,1.0,a_only,bantu
ssh,1.0,a_only,christopher
ssh,1.0,a_only,squealer
ssh,1.0,a_only,implement
ssh,1.0,a_only,construct
ssh,0.5533980582524272,shared,buttons
ssh,1.0,a_only,periodic
ssh,0.3389121338912134,shared,lit
ssh,0.4883720930232558,shared,carrying
ssh,1.0,a_only,diacritics
ssh,1.0,a_only,emancipation
ssh,1.0,a_only,graph
ssh,0.391304347826087,shared,humour
ssh,0.5023474178403756,shared,produce
ssh,0.7204301075268817,shared,te
ssh,0.19850187265917604,b_only,slim
ssh,0.2903225806451613,shared,another
ssh,0.25,shared,bed
ssh,0.5686274509803921,shared,discourse
ssh,0.5384615384615384,shared,disposal
ssh,0.3559322033898305,shared,difficulty
ssh,0.40969162995594716,shared,rode
ssh,1.0,a_only,tim
ssh,0.20754716981132076,b_only,crooked
ssh,0.42857142857142855,shared,loaded
ssh,0.7486338797814208,shared,ward
ssh,0.6,shared,owned
ssh,0.40969162995594716,shared,dawn
ssh,0.5238095238095238,shared,exhibit
ssh,0.22137404580152673,b_only,breathed
ssh,1.0,a_only,favored
ssh,1.0,a_only,genesis
ssh,0.3559322033898305,shared,seward
ssh,1.0,a_only,abbots
ssh,0.3445378151260504,shared,threw
ssh,0.11498257839721254,b_only,conveyed
ssh,0.4479638009049774,shared,fill
ssh,0.7112299465240641,shared,overthrown
ssh,1.0,a_only,propagation
ssh,0.5920398009950248,shared,china
ssh,1.0,a_only,ascii
ssh,0.44144144144144143,shared,mercy
ssh,0.46788990825688076,shared,satisfactory
ssh,0.6080402010050251,shared,deliberately
ssh,0.675392670157068,shared,flood
ssh,1.0,a_only,omotic
ssh,0.19850187265917604,b_only,doom
ssh,0.6410256410256411,shared,garment
ssh,0.6,shared,winds
ssh,1.0,a_only,casualties
ssh,0.07744107744107744,b_only,sleepy
ssh,1.0,a_only,chloride
ssh,0.21212121212121213,b_only,searched
ssh,0.5238095238095238,shared,premises
ssh,1.0,a_only,coup
ssh,0.5238095238095238,shared,whispers
ssh,0.7112299465240641,shared,perished
ssh,0.7777777777777778,shared,cultivation
ssh,0.7391304347826086,shared,expanded
ssh,1.0,a_only,ethnic
ssh,1.0,a_only,inc
ssh,1.0,a_only,sites
ssh,0.19402985074626866,b_only,jis
ssh,0.6161616161616161,shared,establishment
ssh,0.5384615384615384,shared,mistress
ssh,0.30612244897959184,shared,wants
ssh,1.0,a_only,erosion
ssh,1.0,a_only,algiers
ssh,0.5023474178403756,shared,exercise
ssh,0.3114754098360656,shared,troubled
ssh,1.0,a_only,halley
ssh,1.0,a_only,dominance
ssh,0.245136186770428,shared,safe
ssh,0.5686274509803921,shared,arabian
ssh,0.40969162995594716,shared,grand
ssh,0.16363636363636364,b_only,thoughtful
ssh,1.0,a_only,kingdoms
ssh,1.0,a_only,mol
ssh,1.0,a_only,albums
ssh,1.0,a_only,currency
ssh,0.6494845360824743,shared,confirm
ssh,1.0,a_only,projects
ssh,0.7486338797814208,shared,territory
ssh,0.6666666666666666,shared,situated
ssh,0.5763546798029556,shared,dangers
ssh,0.13074204946996468,b_only,hurrying
ssh,0.4479638009049774,shared,restored
ssh,0.4611872146118721,shared,gesture
ssh,0.11498257839721254,b_only,circumstance
ssh,1.0,a_only,editor
ssh,1.0,a_only,nile
ssh,0.11498257839721254,b_only,boots
ssh,1.0,a_only,socialist
ssh,0.45454545454545453,shared,needed
ssh,0.2549019607843137,shared,poor
ssh,0.07023411371237458,b_only,beg
ssh,1.0,a_only,municipalities
ssh,0.6161616161616161,shared,parent
ssh,1.0,a_only,representative
ssh,0.19850187265917604,shared,happened
ssh,1.0,a_only,facilities
ssh,0.4222222222222222,shared,painter
ssh,0.45454545454545453,shared,july
ssh,0.21212121212121213,b_only,stain
ssh,0.8285714285714286,shared,reject
ssh,0.2549019607843137,shared,saying
ssh,1.0,a_only,prices
ssh,1.0,a_only,baldwin
ssh,1.0,a_only,provinces
ssh,0.5920398009950248,shared,displayed
ssh,0.3333333333333333,shared,brain
ssh,1.0,a_only,initial
ssh,0.29554655870445345,shared,quick
ssh,0.32231404958677684,shared,art
ssh,1.0,a_only,entropy
ssh,0.4953271028037383,shared,witnesses
ssh,0.5763546798029556,shared,spelling
ssh,0.44144144144144143,shared,angel
ssh,0.21212121212121213,b_only,warmth
ssh,1.0,a_only,libertarianism
ssh,0.6410256410256411,shared,relationship
ssh,1.0,a_only,satellite
ssh,0.5384615384615384,shared,sin
ssh,0.5094339622641509,shared,jump
ssh,0.6494845360824743,shared,militia
ssh,0.4953271028037383,shared,concerning
ssh,0.5311004784688995,shared,occasional
ssh,0.4349775784753363,shared,dirty
ssh,0.5023474178403756,shared,opium
ssh,1.0,a_only,google
ssh,0.4479638009049774,shared,corn
ssh,0.285140562248996,shared,seeing
ssh,1.0,a_only,soccer
ssh,1.0,a_only,nashville
ssh,0.44144144144144143,shared,addressed
ssh,1.0,a_only,conventional
ssh,0.14285714285714285,b_only,pross
ssh,0.2648221343873518,shared,trouble
ssh,0.5920398009950248,shared,mankind
ssh,0.7021276595744681,shared,voluntary
ssh,0.23552123552123552,b_only,lookout
ssh,0.6161616161616161,shared,determination
ssh,0.18518518518518517,b_only,nana
ssh,0.6842105263157895,shared,spider
ssh,0.3852813852813853,shared,pirate
ssh,0.6326530612244898,shared,printed
ssh,1.0,a_only,formally
ssh,0.1267605633802817,b_only,stillness
ssh,0.391304347826087,shared,fifty
ssh,0.17647058823529413,b_only,varna
ssh,1.0,a_only,eric
ssh,0.2903225806451613,shared,give
ssh,1.0,a_only,launches
ssh,0.19402985074626866,b_only,odour
ssh,1.0,a_only,magazines
ssh,1.0,a_only,serbia
ssh,0.23076923076923078,shared,everything
ssh,1.0,a_only,inland
ssh,0.18518518518518517,b_only,wonders
ssh,1.0,a_only,calculus
ssh,1.0,a_only,allosaurus
ssh,1.0,a_only,divergence
ssh,0.13074204946996468,b_only,collar
ssh,0.6410256410256411,shared,sustain
ssh,0.47465437788018433,shared,doubtless
ssh,1.0,a_only,br
ssh,0.4953271028037383,shared,rushing
ssh,0.4611872146118721,shared,fascinating
ssh,1.0,a_only,hennecke
ssh,0.5238095238095238,shared,retire
ssh,1.0,a_only,virginia
ssh,0.3793103448275862,shared,admit
ssh,0.20754716981132076,b_only,trusting
ssh,0.7297297297297297,shared,simplest
ssh,1.0,a_only,ashoka
ssh,0.5763546798029556,shared,iv
ssh,0.5763546798029556,shared,bachelor
ssh,1.0,a_only,students
ssh,0.5238095238095238,shared,impressed
ssh,0.4349775784753363,shared,ice
ssh,0.415929203539823,shared,invitation
ssh,0.5533980582524272,shared,successful
ssh,0.4222222222222222,shared,number
ssh,0.5023474178403756,shared,addressing
ssh,0.6080402010050251,shared,suspended
ssh,0.2698412698412698,shared,subject
ssh,1.0,a_only,album
ssh,1.0,a_only,luther
ssh,1.0,a_only,solo
ssh,0.37339055793991416,shared,morris
ssh,1.0,a_only,abdominal
ssh,1.0,a_only,autobiography
ssh,0.48148148148148145,shared,tight
ssh,0.5165876777251185,shared,rendered
ssh,1.0,a_only,mountainous
ssh,0.5165876777251185,shared,club
ssh,0.3793103448275862,shared,wedding
ssh,1.0,a_only,penalty
ssh,0.6580310880829016,shared,balanced
ssh,0.6243654822335025,shared,exposed
ssh,0.6494845360824743,shared,globe
ssh,0.5311004784688995,shared,apparent
ssh,0.45454545454545453,shared,job
ssh,1.0,a_only,maintains
ssh,1.0,a_only,staff
ssh,0.6410256410256411,shared,sworn
ssh,1.0,a_only,rd
ssh,0.29554655870445345,shared,does
ssh,0.28,shared,deal
ssh,0.3278008298755187,shared,extraordinary
ssh,1.0,a_only,multiple
ssh,0.5920398009950248,shared,amsterdam
ssh,1.0,a_only,privileges
ssh,0.5023474178403756,shared,adventures
ssh,0.6410256410256411,shared,virtues
ssh,0.19402985074626866,b_only,boast
ssh,0.3008130081300813,shared,dead
ssh,0.40969162995594716,shared,hopping
ssh,0.2648221343873518,shared,ready
ssh,0.6,shared,curves
ssh,0.0847457627118644,b_only,cheerful
ssh,0.4349775784753363,shared,courtyard
ssh,1.0,a_only,rebuilding
ssh,0.25984251968503935,shared,whilst
ssh,1.0,a_only,rural
ssh,0.21212121212121213,b_only,cousins
ssh,0.4222222222222222,shared,ideas
ssh,0.23076923076923078,b_only,nuther
ssh,0.6410256410256411,shared,sets
ssh,0.5686274509803921,shared,quality
ssh,0.6243654822335025,shared,patients
ssh,1.0,a_only,contemporaries
ssh,1.0,a_only,positions
ssh,0.5311004784688995,shared,assistance
ssh,0.45454545454545453,shared,alan
ssh,0.6580310880829016,shared,cathedral
ssh,0.245136186770428,shared,try
ssh,1.0,a_only,isomers
ssh,1.0,a_only,racing
ssh,0.47465437788018433,shared,lane
ssh,0.7486338797814208,shared,acres
ssh,0.6931216931216931,shared,panic
ssh,0.6080402010050251,shared,consul
ssh,1.0,a_only,explosive
ssh,1.0,a_only,bus
ssh,0.20754716981132076,b_only,valet
ssh,0.7112299465240641,shared,omitted
ssh,1.0,a_only,keyboards
ssh,1.0,a_only,macedon
ssh,1.0,a_only,harris
ssh,0.2549019607843137,shared,who
ssh,0.18518518518518517,b_only,shaken
ssh,1.0,a_only,canons
ssh,0.6243654822335025,shared,preserve
ssh,0.3617021276595745,shared,sympathy
ssh,0.245136186770428,shared,meant
ssh,0.6580310880829016,shared,revolution
ssh,1.0,a_only,bierce
ssh,0.2549019607843137,shared,put
ssh,1.0,a_only,origins
ssh,0.44144144144144143,shared,dragged
ssh,1.0,a_only,matthew
ssh,0.5094339622641509,shared,burnt
ssh,0.20754716981132076,b_only,vivid
ssh,0.7112299465240641,shared,revival
ssh,0.6326530612244898,shared,slang
ssh,1.0,a_only,alexis
ssh,1.0,a_only,relatively
ssh,1.0,a_only,admits
ssh,1.0,a_only,limiting
ssh,0.20754716981132076,b_only,paddled
ssh,0.19850187265917604,b_only,intolerable
ssh,0.46788990825688076,shared,faithful
ssh,1.0,a_only,machinery
ssh,1.0,a_only,ambients
ssh,1.0,a_only,roles
ssh,0.0958904109589041,b_only,brass
ssh,0.40350877192982454,shared,escape
ssh,0.6243654822335025,shared,possess
ssh,0.4611872146118721,shared,weight
ssh,1.0,a_only,horizontal
ssh,0.6326530612244898,shared,domestic
ssh,0.1510791366906475,b_only,ere
ssh,1.0,a_only,sayings
ssh,0.4349775784753363,shared,dance
ssh,0.6666666666666666,shared,encourage
ssh,1.0,a_only,theoretical
ssh,1.0,a_only,miscellaneous
ssh,0.36752136752136755,shared,fortune
ssh,0.1510791366906475,b_only,smee
ssh,0.7204301075268817,shared,germany
ssh,0.6580310880829016,shared,encyclop
ssh,1.0,a_only,assumes
ssh,0.28,shared,remembered
ssh,0.20754716981132076,b_only,runaway
ssh,1.0,a_only,hemisphere
ssh,1.0,a_only,expeditions
ssh,0.6842105263157895,shared,uses
ssh,0.45454545454545453,shared,solomon
ssh,0.09965635738831616,b_only,lorry
ssh,1.0,a_only,astronomy
ssh,0.47465437788018433,shared,p
ssh,1.0,a_only,annales
ssh,1.0,a_only,forums
ssh,0.6080402010050251,shared,sustained
ssh,1.0,a_only,economist
ssh,0.21673003802281368,b_only,ebook
ssh,0.5458937198067633,shared,encouragement
ssh,0.09965635738831616,b_only,flung
ssh,1.0,a_only,edited
ssh,0.5533980582524272,shared,sugar
ssh,0.0847457627118644,b_only,hesitated
ssh,0.19402985074626866,b_only,evr
ssh,1.0,a_only,exports
ssh,0.6,shared,lakes
ssh,0.7486338797814208,shared,substitute
ssh,0.5763546798029556,shared,bodies
ssh,0.25,shared,turned
ssh,0.1552346570397112,b_only,curtain
ssh,0.14285714285714285,b_only,silly
ssh,0.18518518518518517,b_only,coronet
ssh,0.391304347826087,shared,camp
ssh,1.0,a_only,academic
ssh,0.6161616161616161,shared,victims
ssh,0.7112299465240641,shared,tastes
ssh,0.7391304347826086,shared,establish
ssh,0.6410256410256411,shared,fortress
ssh,1.0,a_only,ignored
ssh,0.5165876777251185,shared,perceive
ssh,0.32231404958677684,shared,enter
ssh,0.5458937198067633,shared,magistrate
ssh,0.5238095238095238,shared,weapons
ssh,1.0,a_only,zone
ssh,0.5920398009950248,shared,drift
ssh,0.6080402010050251,shared,grandfather
ssh,1.0,a_only,psyche
ssh,1.0,a_only,irrigation
ssh,0.6842105263157895,shared,panel
ssh,0.6931216931216931,shared,witnessed
ssh,0.19850187265917604,b_only,mumps
ssh,0.6494845360824743,shared,crushing
ssh,1.0,a_only,touchdown
ssh,0.7112299465240641,shared,arch
ssh,1.0,a_only,realm
ssh,0.40350877192982454,shared,names
ssh,0.5609756097560976,shared,eventually
ssh,0.29554655870445345,shared,desire
ssh,0.5311004784688995,shared,duties
ssh,0.5023474178403756,shared,slam
ssh,1.0,a_only,amide
ssh,1.0,a_only,clinical
ssh,0.10344827586206896,b_only,drank
ssh,0.47465437788018433,shared,library
ssh,0.4883720930232558,shared,catching
ssh,0.18518518518518517,shared,wouldn
ssh,0.5384615384615384,shared,complaint
ssh,1.0,a_only,defended
ssh,0.2549019607843137,shared,felt
ssh,1.0,a_only,scientist
ssh,1.0,a_only,historian
ssh,1.0,a_only,anarchists
ssh,0.21673003802281368,b_only,slightest
ssh,0.285140562248996,shared,same
ssh,1.0,a_only,voters
ssh,0.09215017064846416,b_only,darling
ssh,0.6080402010050251,shared,withdrew
ssh,1.0,a_only,terminology
ssh,0.12280701754385964,b_only,knocking
ssh,0.6580310880829016,shared,requires
ssh,1.0,a_only,als
ssh,0.18081180811808117,b_only,remorse
ssh,1.0,a_only,capitalism
ssh,0.285140562248996,shared,later
ssh,1.0,a_only,sp
ssh,0.24031007751937986,shared,away
ssh,0.6080402010050251,shared,divine
ssh,1.0,a_only,asteraceae
ssh,0.7391304347826086,shared,pupil
ssh,0.415929203539823,shared,thunder
ssh,1.0,a_only,integration
ssh,1.0,a_only,almonds
ssh,1.0,a_only,secondary
ssh,0.1347517730496454,b_only,lighted
ssh,0.6326530612244898,shared,travellers
ssh,0.6243654822335025,shared,mutual
ssh,1.0,a_only,frankish
ssh,0.48148148148148145,shared,e
ssh,1.0,a_only,hybrid
ssh,0.22137404580152673,b_only,conjecture
ssh,1.0,a_only,scoring
ssh,1.0,a_only,receivers
ssh,0.285140562248996,shared,simply
ssh,1.0,a_only,pioneer
ssh,0.10726643598615918,b_only,awhile
ssh,0.6494845360824743,shared,balls
ssh,1.0,a_only,forum
ssh,0.6666666666666666,shared,episode
ssh,0.46788990825688076,shared,behold
ssh,0.16363636363636364,b_only,ridiculous
ssh,1.0,a_only,continental
ssh,1.0,a_only,plural
ssh,0.4953271028037383,shared,rider
ssh,1.0,a_only,monarch
ssh,1.0,a_only,abdomen
ssh,0.350210970464135,shared,expected
ssh,1.0,a_only,genetic
ssh,1.0,a_only,designation
ssh,0.6080402010050251,shared,reliance
ssh,1.0,a_only,dutch
ssh,1.0,a_only,afterlife
ssh,0.2260536398467433,b_only,whooping
ssh,1.0,a_only,peru
ssh,1.0,a_only,neutrons
ssh,1.0,a_only,computers
ssh,0.7877094972067039,shared,vessels
ssh,1.0,a_only,macedonia
ssh,0.5841584158415841,shared,relation
ssh,0.3445378151260504,shared,staggered
ssh,0.5533980582524272,shared,intentions
ssh,1.0,a_only,altruists
ssh,0.22137404580152673,b_only,pathetic
ssh,0.2749003984063745,shared,men
ssh,0.245136186770428,shared,professor
ssh,1.0,a_only,utility
ssh,1.0,a_only,versions
ssh,1.0,a_only,pianist
ssh,0.1510791366906475,b_only,hearted
ssh,0.5609756097560976,shared,readiness
ssh,0.37339055793991416,shared,single
ssh,0.5841584158415841,shared,partial
ssh,0.6410256410256411,shared,completed
ssh,0.6080402010050251,shared,choosing
ssh,0.6326530612244898,shared,courtesy
ssh,0.5920398009950248,shared,spun
ssh,1.0,a_only,anguilla
ssh,0.21673003802281368,b_only,transylvania
ssh,0.6410256410256411,shared,bonds
ssh,0.3114754098360656,shared,grave
ssh,0.09215017064846416,b_only,glance
ssh,0.5023474178403756,shared,unexpected
ssh,1.0,a_only,charlie
ssh,0.19850187265917604,shared,one
ssh,1.0,a_only,jules
ssh,0.5609756097560976,shared,induce
ssh,1.0,a_only,traits
ssh,0.5311004784688995,shared,surrounded
ssh,1.0,a_only,frequency
ssh,0.5686274509803921,shared,beds
ssh,0.19850187265917604,b_only,lodging
ssh,0.4479638009049774,shared,owns
ssh,1.0,a_only,proven
ssh,0.4883720930232558,shared,missing
ssh,0.5238095238095238,shared,intent
ssh,0.3445378151260504,shared,self
ssh,0.5165876777251185,shared,metal
ssh,0.39737991266375544,shared,useful
ssh,0.6580310880829016,shared,designs
ssh,0.10726643598615918,b_only,crept
ssh,0.13074204946996468,b_only,consolation
ssh,1.0,a_only,var
ssh,0.40350877192982454,shared,tore
ssh,0.3793103448275862,shared,attention
ssh,0.36752136752136755,shared,moments
ssh,0.5458937198067633,shared,assembled
ssh,1.0,a_only,cinema
ssh,1.0,a_only,dirac
ssh,0.20754716981132076,b_only,dipped
ssh,0.7112299465240641,shared,discretion
ssh,0.6494845360824743,shared,resided
ssh,0.5165876777251185,shared,weeds
ssh,1.0,a_only,ren
ssh,1.0,a_only,overall
ssh,0.2903225806451613,shared,drew
ssh,1.0,a_only,reigning
ssh,0.8604651162790697,shared,architecture
ssh,0.7021276595744681,shared,seeds
ssh,0.46788990825688076,shared,photograph
ssh,0.3389121338912134,shared,straight
ssh,0.30612244897959184,shared,opportunity
ssh,0.6410256410256411,shared,embrace
ssh,1.0,a_only,amides
ssh,0.11888111888111888,b_only,monsieur
ssh,0.1895910780669145,b_only,happiest
ssh,1.0,a_only,autism
ssh,0.4349775784753363,shared,endure
ssh,0.6842105263157895,shared,decoration
ssh,1.0,a_only,classic
ssh,0.7297297297297297,shared,rejected
ssh,1.0,a_only,chadic
ssh,0.6161616161616161,shared,smooth
ssh,0.1895910780669145,b_only,arrange
ssh,0.08108108108108109,b_only,puzzled
ssh,1.0,a_only,sizes
ssh,1.0,a_only,analytical
ssh,1.0,a_only,convert
ssh,1.0,a_only,syria
ssh,0.5686274509803921,shared,league
ssh,1.0,a_only,correspond
ssh,0.5458937198067633,shared,oil
ssh,0.5841584158415841,shared,button
ssh,0.36752136752136755,shared,giving
ssh,0.7297297297297297,shared,diminished
ssh,0.22137404580152673,shared,get
ssh,0.6580310880829016,shared,region
ssh,0.17647058823529413,b_only,harker
ssh,1.0,a_only,arian
ssh,1.0,a_only,abc
ssh,0.7777777777777778,shared,improvements
ssh,0.5686274509803921,shared,improvement
ssh,0.47465437788018433,shared,flash
ssh,0.4883720930232558,shared,november
ssh,1.0,a_only,respective
ssh,1.0,a_only,patented
ssh,1.0,a_only,cleopatra
ssh,1.0,a_only,enters
ssh,0.19402985074626866,b_only,unlocked
ssh,0.47465437788018433,shared,fishing
ssh,0.12280701754385964,b_only,defarge
ssh,0.6161616161616161,shared,confronted
ssh,0.20754716981132076,b_only,gaiety
ssh,0.1111111111111111,b_only,torture
ssh,0.19850187265917604,b_only,buck
ssh,0.5311004784688995,shared,daily
ssh,0.18081180811808117,b_only,boyhood
ssh,1.0,a_only,linear
ssh,0.5609756097560976,shared,confident
ssh,1.0,a_only,fischer
ssh,1.0,a_only,jan
ssh,0.3333333333333333,shared,itself
ssh,0.18081180811808117,b_only,breathe
ssh,0.5686274509803921,shared,filed
ssh,0.5609756097560976,shared,pink
ssh,0.1895910780669145,b_only,distributing
ssh,1.0,a_only,mm
ssh,0.13074204946996468,b_only,uttered
ssh,0.6842105263157895,shared,rail
ssh,0.6080402010050251,shared,republican
ssh,0.7582417582417582,shared,gateway
ssh,0.42857142857142855,shared,rope
ssh,0.350210970464135,shared,loving
ssh,0.6243654822335025,shared,extracts
ssh,1.0,a_only,losses
ssh,1.0,a_only,eichmann
ssh,1.0,a_only,diocese
ssh,0.3278008298755187,shared,pleasant
ssh,0.3114754098360656,shared,fast
ssh,0.6494845360824743,shared,courier
ssh,0.3168724279835391,shared,watching
ssh,0.18081180811808117,b_only,flattered
ssh,0.3617021276595745,shared,citizen
ssh,0.42857142857142855,shared,questioning
ssh,0.6580310880829016,shared,breaks
ssh,0.1510791366906475,shared,but
ssh,0.20300751879699247,b_only,squeeze
ssh,1.0,a_only,ukrainian
ssh,1.0,a_only,glaciers
ssh,0.3852813852813853,shared,ghosts
ssh,0.29554655870445345,shared,set
ssh,0.6580310880829016,shared,block
ssh,0.7877094972067039,shared,signals
ssh,0.1111111111111111,b_only,parted
ssh,0.5841584158415841,shared,imitation
ssh,0.4611872146118721,shared,eleven
ssh,1.0,a_only,reliable
ssh,0.6243654822335025,shared,executed
ssh,0.675392670157068,shared,dispute
ssh,0.6080402010050251,shared,lasts
ssh,1.0,a_only,apocryphal
ssh,1.0,a_only,brotherhood
ssh,0.4611872146118721,shared,perceived
ssh,0.6931216931216931,shared,permitted
ssh,1.0,a_only,similarities
ssh,0.5533980582524272,shared,slain
ssh,1.0,a_only,predicted
ssh,0.28,shared,our
ssh,0.3793103448275862,shared,hearts
ssh,0.1552346570397112,b_only,stealing
ssh,0.19402985074626866,b_only,distribute
ssh,1.0,a_only,pro
ssh,0.19402985074626866,b_only,sublime
ssh,0.19850187265917604,b_only,miseries
ssh,1.0,a_only,ancestry
ssh,0.23076923076923078,shared,much
ssh,1.0,a_only,pottery
ssh,0.1347517730496454,b_only,impatient
ssh,0.5094339622641509,shared,communication
ssh,0.5458937198067633,shared,investigation
ssh,1.0,a_only,jay
ssh,0.4349775784753363,shared,baby
ssh,1.0,a_only,karl
ssh,0.5763546798029556,shared,pronounced
ssh,0.5841584158415841,shared,exchanged
ssh,0.5533980582524272,shared,humanity
ssh,0.3168724279835391,shared,begun
ssh,0.6243654822335025,shared,rewarded
ssh,1.0,a_only,mathbb
ssh,0.10344827586206896,b_only,pirates
ssh,0.5920398009950248,shared,weaken
ssh,0.7021276595744681,shared,anglo
ssh,1.0,a_only,zones
ssh,1.0,a_only,jo
ssh,0.3793103448275862,shared,antoine
ssh,0.3168724279835391,shared,drawing
ssh,0.350210970464135,shared,interesting
ssh,0.6080402010050251,shared,expense
ssh,1.0,a_only,benny
ssh,1.0,a_only,exhibits
ssh,0.3389121338912134,shared,glass
ssh,1.0,a_only,controlled
ssh,0.6410256410256411,shared,ascent
ssh,0.6243654822335025,shared,chambers
ssh,0.2749003984063745,shared,two
ssh,0.3168724279835391,shared,close
ssh,0.19402985074626866,b_only,bells
ssh,0.39737991266375544,shared,generally
ssh,1.0,a_only,antony
ssh,0.5763546798029556,shared,tobacco
ssh,1.0,a_only,legitimate
ssh,0.6243654822335025,shared,arising
ssh,0.5841584158415841,shared,vision
ssh,0.17647058823529413,b_only,mender
ssh,0.19850187265917604,b_only,quivered
ssh,1.0,a_only,themes
ssh,0.1552346570397112,b_only,sunset
ssh,0.5686274509803921,shared,sickness
ssh,0.25,shared,how
ssh,0.6931216931216931,shared,yielding
ssh,0.19402985074626866,b_only,apiece
ssh,0.5094339622641509,shared,famous
ssh,0.2749003984063745,shared,since
ssh,1.0,a_only,comprehensive
ssh,1.0,a_only,approaches
ssh,0.20300751879699247,b_only,gryphon
ssh,0.15942028985507245,b_only,instinct
ssh,0.391304347826087,shared,ben
ssh,0.285140562248996,shared,ones
ssh,0.6666666666666666,shared,author
ssh,0.5609756097560976,shared,dates
ssh,0.4883720930232558,shared,theatre
ssh,0.5094339622641509,shared,likewise
ssh,1.0,a_only,adults
ssh,0.6080402010050251,shared,arrest
ssh,0.21673003802281368,b_only,slate
ssh,1.0,a_only,kurt
ssh,0.10726643598615918,b_only,ventured
ssh,0.36752136752136755,shared,standing
ssh,0.6580310880829016,shared,surprising
ssh,0.285140562248996,shared,making
ssh,0.7297297297297297,shared,sequence
ssh,1.0,a_only,disputed
ssh,0.6666666666666666,shared,porter
ssh,1.0,a_only,casa
ssh,0.2903225806451613,shared,air
ssh,0.4611872146118721,shared,starting
ssh,0.6,shared,schemes
ssh,1.0,a_only,television
ssh,0.2260536398467433,b_only,hurriedly
ssh,0.5384615384615384,shared,eggs
ssh,1.0,a_only,afl
ssh,0.21212121212121213,b_only,neglect
ssh,0.3852813852813853,shared,years
ssh,0.17216117216117216,b_only,underneath
ssh,0.3333333333333333,shared,dog
ssh,1.0,a_only,monastic
ssh,0.6243654822335025,shared,income
ssh,0.350210970464135,shared,drawn
ssh,1.0,a_only,cultures
ssh,1.0,a_only,user
ssh,1.0,a_only,review
ssh,0.5763546798029556,shared,offensive
ssh,1.0,a_only,cleveland
ssh,1.0,a_only,aachen
ssh,1.0,a_only,vatican
ssh,0.3617021276595745,shared,locked
ssh,1.0,a_only,fran
ssh,0.29554655870445345,shared,make
ssh,0.5920398009950248,shared,countess
ssh,0.4349775784753363,shared,unfortunate
ssh,0.5384615384615384,shared,bacon
ssh,0.675392670157068,shared,score
ssh,1.0,a_only,babylon
ssh,0.6494845360824743,shared,defined
ssh,0.797752808988764,shared,ex
ssh,0.6580310880829016,shared,restoration
ssh,0.6161616161616161,shared,succeeding
ssh,0.7021276595744681,shared,defend
ssh,1.0,a_only,convent
ssh,1.0,a_only,trophy
ssh,0.285140562248996,shared,marquis
ssh,0.2260536398467433,b_only,brushed
ssh,1.0,a_only,mexican
ssh,1.0,a_only,actively
ssh,1.0,a_only,spacecraft
ssh,1.0,a_only,settlers
ssh,1.0,a_only,obtaining
ssh,0.1111111111111111,b_only,shirt
ssh,0.1678832116788321,b_only,sunshine
ssh,1.0,a_only,semi
ssh,1.0,a_only,generated
ssh,1.0,a_only,dict
ssh,1.0,a_only,proudhon
ssh,0.6931216931216931,shared,homage
ssh,0.350210970464135,shared,afternoon
ssh,1.0,a_only,houston
ssh,0.350210970464135,shared,darkness
ssh,0.3168724279835391,shared,foolish
ssh,1.0,a_only,flights
ssh,0.3559322033898305,shared,importance
ssh,1.0,a_only,jefferson
ssh,0.5094339622641509,shared,frog
ssh,0.19850187265917604,b_only,waiter
ssh,1.0,a_only,odysseus
ssh,0.44144144144144143,shared,approached
ssh,0.6666666666666666,shared,linked
ssh,0.11498257839721254,b_only,anyhow
ssh,0.6666666666666666,shared,discussed
ssh,0.5311004784688995,shared,seventeen
ssh,0.15942028985507245,b_only,traveller
ssh,0.7582417582417582,shared,struggles
ssh,0.6580310880829016,shared,fragment
ssh,0.18518518518518517,b_only,abhorred
ssh,1.0,a_only,cloister
ssh,0.1267605633802817,b_only,eyebrows
ssh,0.6326530612244898,shared,rays
ssh,0.4349775784753363,shared,geoffrey
ssh,0.5238095238095238,shared,casting
ssh,0.21673003802281368,b_only,blast
ssh,0.19850187265917604,b_only,bred
ssh,0.7391304347826086,shared,games
ssh,1.0,a_only,clash
ssh,0.6,shared,operation
ssh,0.5165876777251185,shared,steadily
ssh,0.3852813852813853,shared,board
ssh,0.4479638009049774,shared,blamed
ssh,0.30612244897959184,shared,perfectly
ssh,0.5023474178403756,shared,revealed
ssh,0.19402985074626866,b_only,fooling
ssh,0.4883720930232558,shared,hereafter
ssh,0.4479638009049774,shared,thumb
ssh,0.2549019607843137,shared,call
ssh,1.0,a_only,printing
ssh,0.3389121338912134,shared,bank
ssh,0.32231404958677684,shared,lead
ssh,1.0,a_only,hector
ssh,1.0,a_only,animistic
ssh,0.4953271028037383,shared,willow
ssh,1.0,a_only,conventions
ssh,1.0,a_only,enlarged
ssh,1.0,a_only,israel
ssh,0.3559322033898305,shared,slight
ssh,0.5458937198067633,shared,mental
ssh,0.08108108108108109,b_only,moonlight
ssh,1.0,a_only,contribute
ssh,0.4479638009049774,shared,presented
ssh,0.39737991266375544,shared,mouse
ssh,0.1552346570397112,b_only,brush
ssh,0.30612244897959184,shared,died
ssh,0.3168724279835391,shared,quietly
ssh,0.5609756097560976,shared,branch
ssh,0.4479638009049774,shared,sides
ssh,1.0,a_only,saturn
ssh,0.3559322033898305,shared,running
ssh,0.4953271028037383,shared,informed
ssh,1.0,a_only,arminianism
ssh,1.0,a_only,albert
ssh,0.29554655870445345,shared,whom
ssh,1.0,a_only,punk
ssh,0.42857142857142855,shared,lip
ssh,0.6666666666666666,shared,symptoms
ssh,0.7112299465240641,shared,largest
ssh,1.0,a_only,aphrodite
ssh,0.5238095238095238,shared,disappearance
ssh,0.32231404958677684,shared,church
ssh,0.6580310880829016,shared,los
ssh,0.6931216931216931,shared,leap
ssh,0.10726643598615918,b_only,wretch
ssh,1.0,a_only,strategic
ssh,0.6666666666666666,shared,fishermen
ssh,0.4479638009049774,shared,track
ssh,0.2903225806451613,shared,kick
ssh,0.5920398009950248,shared,xvi
ssh,1.0,a_only,tombs
ssh,0.21673003802281368,b_only,peculiarly
ssh,1.0,a_only,athens
ssh,0.1552346570397112,b_only,cries
ssh,1.0,a_only,saints
ssh,1.0,a_only,compromise
ssh,0.6666666666666666,shared,january
ssh,0.6,shared,gestures
ssh,1.0,a_only,grammar
ssh,0.40350877192982454,shared,yellow
ssh,1.0,a_only,wesley
ssh,0.36752136752136755,shared,shock
ssh,1.0,a_only,catholic
ssh,0.5686274509803921,shared,preceding
ssh,1.0,a_only,reflecting
ssh,0.2549019607843137,b_only,roared
ssh,0.3008130081300813,shared,family
ssh,1.0,a_only,profitable
ssh,0.1895910780669145,b_only,spectacle
ssh,0.7582417582417582,shared,statue
ssh,0.46788990825688076,shared,paint
ssh,1.0,a_only,australians
ssh,0.23552123552123552,b_only,fishes
ssh,1.0,a_only,todd
ssh,0.21673003802281368,b_only,brighter
ssh,1.0,a_only,computer
ssh,0.4611872146118721,shared,thee
ssh,0.37339055793991416,shared,servant
ssh,0.7391304347826086,shared,wars
ssh,0.08843537414965986,b_only,lest
ssh,1.0,a_only,bolivia
ssh,0.37339055793991416,shared,rage
ssh,0.3793103448275862,shared,loves
ssh,1.0,a_only,helps
ssh,1.0,a_only,lithuania
ssh,0.29554655870445345,shared,basil
ssh,0.6580310880829016,shared,threat
ssh,1.0,a_only,luke
ssh,1.0,a_only,clinton
ssh,0.5384615384615384,shared,r
ssh,1.0,a_only,defining
ssh,0.6243654822335025,shared,guards
ssh,0.285140562248996,shared,followed
ssh,0.2549019607843137,shared,mad
ssh,0.6326530612244898,shared,basis
ssh,0.5609756097560976,shared,hut
ssh,0.245136186770428,b_only,kite
ssh,1.0,a_only,burgoyne
ssh,1.0,a_only,electrical
ssh,1.0,a_only,relaxation
ssh,1.0,a_only,funk
ssh,0.285140562248996,shared,nights
ssh,0.09965635738831616,b_only,shade
ssh,1.0,a_only,commerce
ssh,0.5533980582524272,shared,happens
ssh,0.285140562248996,shared,should
ssh,0.09215017064846416,b_only,monstrous
ssh,1.0,a_only,skills
ssh,0.6931216931216931,shared,coin
ssh,0.03225806451612903,neither,<unk>
ssh,1.0,a_only,aramaic
ssh,1.0,a_only,expert
ssh,0.4883720930232558,shared,reception
ssh,0.2749003984063745,shared,loved
ssh,0.17216117216117216,shared,could
ssh,0.5686274509803921,shared,consciousness
ssh,0.6666666666666666,shared,nations
ssh,1.0,a_only,era
ssh,0.1895910780669145,b_only,ecstasy
ssh,1.0,a_only,uk
ssh,1.0,a_only,senator
ssh,0.32231404958677684,shared,entirely
ssh,0.08843537414965986,b_only,trembling
ssh,0.1111111111111111,b_only,disgrace
ssh,1.0,a_only,pacifist
ssh,1.0,a_only,adriatic
ssh,0.7486338797814208,shared,et
ssh,1.0,a_only,intermediate
ssh,0.6326530612244898,shared,recognized
ssh,1.0,a_only,egyptian
ssh,0.3852813852813853,shared,fashion
ssh,0.4479638009049774,shared,tide
ssh,1.0,a_only,bambaataa
ssh,1.0,a_only,crusade
ssh,0.12280701754385964,b_only,knitting
ssh,0.6243654822335025,shared,decree
ssh,0.5165876777251185,shared,badly
ssh,1.0,a_only,grants
ssh,0.5458937198067633,shared,reputation
ssh,1.0,a_only,sqq
ssh,0.245136186770428,shared,dressed
ssh,0.3114754098360656,shared,prisoner
ssh,1.0,a_only,concerto
ssh,0.5609756097560976,shared,taught
ssh,0.7021276595744681,shared,association
ssh,0.17647058823529413,b_only,churchyard
ssh,0.6931216931216931,shared,tar
ssh,0.2903225806451613,shared,upon
ssh,1.0,a_only,albertus
ssh,1.0,a_only,computational
ssh,0.45454545454545453,shared,events
ssh,0.40969162995594716,shared,safety
ssh,0.5686274509803921,shared,release
ssh,0.7486338797814208,shared,gulf
ssh,0.20754716981132076,shared,know
ssh,0.29554655870445345,shared,last
ssh,1.0,a_only,participation
ssh,0.6494845360824743,shared,heroes
ssh,0.19402985074626866,b_only,basket
ssh,0.4611872146118721,shared,crow
ssh,1.0,a_only,aligned
ssh,1.0,a_only,macintosh
ssh,0.14285714285714285,b_only,desolate
ssh,1.0,a_only,mathematician
ssh,0.1347517730496454,b_only,dear
ssh,1.0,a_only,legacy
ssh,0.5458937198067633,shared,building
ssh,1.0,a_only,opponents
ssh,1.0,a_only,factor
ssh,0.36752136752136755,shared,books
ssh,0.45454545454545453,shared,credit
ssh,1.0,a_only,architect
ssh,0.6,shared,recorded
ssh,0.5920398009950248,shared,villain
ssh,0.4611872146118721,shared,singing
ssh,1.0,a_only,teams
ssh,0.5841584158415841,shared,sole
ssh,0.4611872146118721,shared,wolf
ssh,0.5458937198067633,shared,increase
ssh,1.0,a_only,impact
ssh,0.19850187265917604,shared,afraid
ssh,0.675392670157068,shared,originated
ssh,1.0,a_only,merged
ssh,0.7391304347826086,shared,producing
ssh,0.48148148148148145,shared,mourning
ssh,1.0,a_only,bond
ssh,0.36752136752136755,shared,top
ssh,0.09965635738831616,b_only,compassion
ssh,0.19402985074626866,b_only,gems
ssh,1.0,a_only,core
ssh,1.0,a_only,euclidean
ssh,0.3559322033898305,shared,light
ssh,1.0,a_only,residents
ssh,0.1510791366906475,b_only,groan
ssh,0.5023474178403756,shared,register
ssh,0.20754716981132076,shared,here
ssh,0.2549019607843137,shared,about
ssh,0.6931216931216931,shared,commons
ssh,0.1267605633802817,b_only,tin
ssh,1.0,a_only,russia
ssh,0.5920398009950248,shared,tries
ssh,0.32231404958677684,shared,second
ssh,0.4349775784753363,shared,greater
ssh,0.5686274509803921,shared,security
ssh,0.20754716981132076,b_only,frock
ssh,0.20300751879699247,b_only,deepened
ssh,1.0,a_only,provides
ssh,1.0,a_only,deals
ssh,0.6410256410256411,shared,sandy
ssh,0.32231404958677684,shared,impossible
ssh,1.0,a_only,intervention
ssh,0.5458937198067633,shared,intelligence
ssh,0.7297297297297297,shared,worlds
ssh,1.0,a_only,publishers
ssh,0.08843537414965986,b_only,excuse
ssh,0.7582417582417582,shared,herbs
ssh,0.2260536398467433,shared,everybody
ssh,1.0,a_only,assassinated
ssh,0.4222222222222222,shared,race
ssh,0.675392670157068,shared,feminine
ssh,0.21673003802281368,b_only,ingolstadt
ssh,0.39737991266375544,shared,previous
ssh,1.0,a_only,activities
ssh,0.5165876777251185,shared,vague
ssh,1.0,a_only,anthem
ssh,1.0,a_only,constitutes
ssh,0.3445378151260504,shared,wall
ssh,0.6,shared,illusion
ssh,0.25984251968503935,shared,knows
ssh,0.7486338797814208,shared,construction
ssh,0.45454545454545453,shared,dodo
ssh,0.6161616161616161,shared,ideal
ssh,0.20300751879699247,b_only,misfortunes
ssh,0.46788990825688076,shared,higher
ssh,0.7777777777777778,shared,rejection
ssh,0.10344827586206896,b_only,bet
ssh,1.0,a_only,aided
ssh,1.0,a_only,zf
ssh,1.0,a_only,portals
ssh,0.4611872146118721,shared,hole
ssh,0.5533980582524272,shared,solved
ssh,0.6326530612244898,shared,division
ssh,1.0,a_only,abugidas
ssh,0.7021276595744681,shared,crowned
ssh,0.42857142857142855,shared,attempt
ssh,0.3852813852813853,shared,cases
ssh,0.5763546798029556,shared,atmosphere
ssh,1.0,a_only,auto
ssh,0.2903225806451613,shared,daughter
ssh,1.0,a_only,nationalism
ssh,1.0,a_only,affiliated
ssh,1.0,a_only,seeks
ssh,1.0,a_only,damaged
ssh,1.0,a_only,abbeys
ssh,1.0,a_only,includes
ssh,0.3114754098360656,shared,listened
ssh,0.5094339622641509,shared,overhead
ssh,0.7297297297297297,shared,prevailing
ssh,0.5841584158415841,shared,studio
ssh,1.0,a_only,hudson
ssh,0.4222222222222222,shared,headed
ssh,1.0,a_only,territories
ssh,0.4611872146118721,shared,meal
ssh,0.47465437788018433,shared,roads
ssh,0.4611872146118721,shared,howl
ssh,0.13074204946996468,b_only,shuddered
ssh,0.5763546798029556,shared,convenient
ssh,0.6243654822335025,shared,system
ssh,0.245136186770428,shared,silent
ssh,0.48148148148148145,shared,waves
ssh,0.11498257839721254,b_only,terribly
ssh,0.5841584158415841,shared,remarkably
ssh,1.0,a_only,ba
ssh,0.3559322033898305,shared,killed
ssh,0.415929203539823,shared,rain
ssh,0.37339055793991416,shared,interrupted
ssh,0.30612244897959184,shared,niggers
ssh,0.44144144144144143,shared,treat
ssh,1.0,a_only,circular
ssh,0.48148148148148145,shared,pipes
ssh,0.2260536398467433,b_only,shattered
ssh,1.0,a_only,mythological
ssh,0.40350877192982454,shared,brandy
ssh,0.7777777777777778,shared,members
ssh,1.0,a_only,manufacturer
ssh,0.4953271028037383,shared,bonnet
ssh,1.0,a_only,differences
ssh,0.20754716981132076,b_only,abreast
ssh,0.5920398009950248,shared,rows
ssh,0.3852813852813853,shared,ruin
ssh,1.0,a_only,respiratory
ssh,1.0,a_only,palmer
ssh,0.22137404580152673,b_only,wander
ssh,1.0,a_only,nickname
ssh,1.0,a_only,formations
ssh,1.0,a_only,kenneth
ssh,0.40969162995594716,shared,flies
ssh,0.3114754098360656,shared,honour
ssh,0.3852813852813853,shared,upset
ssh,0.5165876777251185,shared,departure
ssh,1.0,a_only,experimental
ssh,1.0,a_only,commercial
ssh,0.4349775784753363,shared,rough
ssh,0.5023474178403756,shared,ordinary
ssh,0.6,shared,douglas
ssh,0.19402985074626866,b_only,stepping
ssh,0.2749003984063745,shared,sleep
ssh,1.0,a_only,karabakh
ssh,0.4479638009049774,shared,closer
ssh,0.2749003984063745,shared,show
ssh,0.3008130081300813,shared,under
ssh,0.3793103448275862,shared,cousin
ssh,0.09965635738831616,b_only,fortunate
ssh,0.15942028985507245,b_only,lap
ssh,0.7777777777777778,shared,salvation
ssh,1.0,a_only,processes
ssh,1.0,a_only,hun
ssh,0.0958904109589041,b_only,hurried
ssh,0.6326530612244898,shared,guided
ssh,1.0,a_only,quebec
ssh,1.0,a_only,connecting
ssh,0.23552123552123552,shared,wasn
ssh,0.6161616161616161,shared,tour
ssh,0.06312292358803986,shared,the
ssh,0.5023474178403756,shared,serpent
ssh,0.2260536398467433,b_only,lodgings
ssh,0.4222222222222222,shared,hunt
ssh,1.0,a_only,prominently
ssh,1.0,a_only,wittgenstein
ssh,1.0,a_only,artifacts
ssh,0.675392670157068,shared,loop
ssh,1.0,a_only,portions
ssh,0.42857142857142855,shared,ordered
ssh,0.22137404580152673,b_only,shoemaker
ssh,1.0,a_only,legislature
ssh,1.0,a_only,researchers
ssh,0.391304347826087,shared,spread
ssh,1.0,a_only,lesser
ssh,1.0,a_only,movies
ssh,1.0,a_only,exaggerated
ssh,0.350210970464135,shared,woods
ssh,0.3168724279835391,shared,having
ssh,1.0,a_only,temperature
ssh,0.5023474178403756,shared,cook
ssh,1.0,a_only,theorem
ssh,1.0,a_only,southernmost
ssh,1.0,a_only,canon
ssh,0.2260536398467433,b_only,breathless
ssh,0.20300751879699247,b_only,oars
ssh,1.0,a_only,ranging
ssh,0.08108108108108109,b_only,sawyer
ssh,1.0,a_only,pete
ssh,0.7112299465240641,shared,investigations
ssh,1.0,a_only,allan
ssh,0.2698412698412698,shared,place
ssh,1.0,a_only,transport
ssh,0.5023474178403756,shared,hay
ssh,1.0,a_only,phenomenon
ssh,1.0,a_only,kilometers
ssh,0.20300751879699247,b_only,peering
ssh,1.0,a_only,abbreviated
ssh,1.0,a_only,gasoline
ssh,1.0,a_only,ski
ssh,0.20754716981132076,b_only,redskins
ssh,0.6,shared,inspired
ssh,0.350210970464135,shared,affection
ssh,0.5533980582524272,shared,flat
ssh,0.20754716981132076,b_only,wigwam
ssh,0.7679558011049724,shared,edition
ssh,0.4222222222222222,shared,waved
ssh,0.4349775784753363,shared,la
ssh,0.45454545454545453,shared,shocked
ssh,0.3278008298755187,shared,fall
ssh,1.0,a_only,carthage
ssh,0.4883720930232558,shared,absorbed
ssh,0.7112299465240641,shared,earthquake
ssh,0.3389121338912134,shared,obliged
ssh,0.6580310880829016,shared,innumerable
ssh,1.0,a_only,omega
ssh,1.0,a_only,yankee
ssh,0.6161616161616161,shared,costume
ssh,0.391304347826087,shared,exceedingly
ssh,0.18518518518518517,b_only,smiles
ssh,0.19850187265917604,b_only,garret
ssh,0.5609756097560976,shared,shelves
ssh,0.4953271028037383,shared,justice
ssh,0.2698412698412698,shared,case
ssh,0.1895910780669145,b_only,fairies
ssh,0.3333333333333333,shared,diary
ssh,1.0,a_only,product
ssh,1.0,a_only,alder
ssh,1.0,a_only,johannes
ssh,0.5311004784688995,shared,puts
ssh,1.0,a_only,churchill
ssh,1.0,a_only,organism
ssh,1.0,a_only,matrix
ssh,0.6931216931216931,shared,cooking
ssh,0.5238095238095238,shared,hundreds
ssh,0.6931216931216931,shared,wherein
ssh,1.0,a_only,theorists
ssh,0.45454545454545453,shared,brown
ssh,1.0,a_only,entities
ssh,0.3559322033898305,shared,particularly
ssh,0.5238095238095238,shared,pig
ssh,0.6666666666666666,shared,unlikely
ssh,1.0,a_only,oriented
ssh,0.18081180811808117,b_only,pier
ssh,1.0,a_only,kalinga
ssh,0.5841584158415841,shared,resurrection
ssh,0.6580310880829016,shared,openly
ssh,1.0,a_only,opus
ssh,1.0,a_only,interaction
ssh,1.0,a_only,summary
ssh,0.22137404580152673,b_only,soho
ssh,0.3008130081300813,shared,answer
ssh,0.10726643598615918,b_only,hang
ssh,0.44144144144144143,shared,worthy
ssh,1.0,a_only,consist
ssh,1.0,a_only,monastery
ssh,0.7679558011049724,shared,webster
ssh,1.0,a_only,diving
ssh,1.0,a_only,encounters
ssh,0.2749003984063745,shared,loud
ssh,0.2648221343873518,shared,like
ssh,1.0,a_only,ultimate
ssh,0.5609756097560976,shared,practical
ssh,0.5686274509803921,shared,discuss
ssh,1.0,a_only,potassium
ssh,0.13074204946996468,shared,then
ssh,1.0,a_only,approximately
ssh,0.6161616161616161,shared,landscape
ssh,1.0,a_only,unnamed
ssh,0.2698412698412698,shared,beginning
ssh,0.7391304347826086,shared,vehicle
ssh,1.0,a_only,julian
ssh,1.0,a_only,gospels
ssh,1.0,a_only,leonard
ssh,1.0,a_only,zero
ssh,1.0,a_only,strategies
ssh,0.6931216931216931,shared,turkey
ssh,1.0,a_only,austria
ssh,1.0,a_only,nietzsche
ssh,1.0,a_only,philippines
ssh,0.24031007751937986,shared,looking
ssh,0.6931216931216931,shared,social
ssh,0.350210970464135,shared,agreed
ssh,0.5023474178403756,shared,stronger
ssh,1.0,a_only,proponents
ssh,0.39737991266375544,shared,settle
ssh,0.5920398009950248,shared,pooh
ssh,0.15942028985507245,b_only,fetched
ssh,1.0,a_only,arius
ssh,0.21212121212121213,b_only,hammer
ssh,1.0,a_only,http
ssh,0.6161616161616161,shared,amusing
ssh,0.391304347826087,shared,neck
ssh,0.36752136752136755,shared,mystery
ssh,1.0,a_only,coalition
ssh,0.5609756097560976,shared,depths
ssh,0.6080402010050251,shared,permit
ssh,0.3445378151260504,shared,knowledge
ssh,0.21212121212121213,b_only,hearty
ssh,1.0,a_only,identical
ssh,1.0,a_only,valid
ssh,0.6931216931216931,shared,consistent
ssh,0.675392670157068,shared,roughly
ssh,0.4883720930232558,shared,event
ssh,0.20754716981132076,b_only,gentleness
ssh,1.0,a_only,murders
ssh,0.2903225806451613,shared,michael
ssh,1.0,a_only,ethiopia
ssh,0.6580310880829016,shared,representing
ssh,0.4883720930232558,shared,crash
ssh,0.5165876777251185,shared,fearing
ssh,1.0,a_only,electricity
ssh,0.5238095238095238,shared,authority
ssh,0.1895910780669145,b_only,offended
ssh,0.3852813852813853,shared,windows
ssh,0.48148148148148145,shared,instrument
ssh,1.0,a_only,col
ssh,0.1510791366906475,b_only,stiff
ssh,0.0738255033557047,b_only,frightened
ssh,0.5094339622641509,shared,sins
ssh,1.0,a_only,amounts
ssh,0.5165876777251185,shared,novelty
ssh,0.7021276595744681,shared,logic
ssh,0.4479638009049774,shared,rank
ssh,1.0,a_only,saga
ssh,0.5458937198067633,shared,household
ssh,0.5023474178403756,shared,whales
ssh,0.3168724279835391,shared,appeared
ssh,1.0,a_only,phrases
ssh,1.0,a_only,ibm
ssh,0.46788990825688076,shared,funeral
ssh,1.0,a_only,tourist
ssh,0.5311004784688995,shared,bridge
ssh,0.6243654822335025,shared,murray
ssh,0.6842105263157895,shared,comedy
ssh,1.0,a_only,anarchy
ssh,1.0,a_only,somalia
ssh,1.0,a_only,berlin
ssh,0.39737991266375544,shared,stuff
ssh,0.5311004784688995,shared,passionate
ssh,0.0958904109589041,b_only,cunning
ssh,0.3333333333333333,shared,beyond
ssh,0.7021276595744681,shared,perpetual
ssh,0.6161616161616161,shared,prizes
ssh,0.47465437788018433,shared,accepted
ssh,1.0,a_only,consonants
ssh,1.0,a_only,gear
ssh,0.245136186770428,b_only,closet
ssh,1.0,a_only,kennedy
ssh,1.0,a_only,links
ssh,0.3559322033898305,shared,police
ssh,0.7112299465240641,shared,lawrence
ssh,0.6842105263157895,shared,shipping
ssh,0.6,shared,throughout
ssh,0.7486338797814208,shared,file
ssh,0.675392670157068,shared,towns
ssh,0.5384615384615384,shared,prevailed
ssh,1.0,a_only,trend
ssh,0.6931216931216931,shared,ruled
ssh,1.0,a_only,agouti
ssh,0.6410256410256411,shared,publicly
ssh,1.0,a_only,legislation
ssh,0.3852813852813853,shared,proved
ssh,1.0,a_only,exceptions
ssh,0.6243654822335025,shared,whitney
ssh,0.6410256410256411,shared,mysteries
ssh,1.0,a_only,hollywood
ssh,0.44144144144144143,shared,chased
ssh,0.09215017064846416,b_only,dreadful
ssh,0.350210970464135,shared,promised
ssh,0.3008130081300813,shared,natural
ssh,0.6080402010050251,shared,stated
ssh,0.10726643598615918,b_only,gown
ssh,0.22137404580152673,b_only,momentary
ssh,0.675392670157068,shared,ridge
ssh,0.3793103448275862,shared,train
ssh,1.0,a_only,risks
ssh,0.23552123552123552,shared,cannot
ssh,0.19850187265917604,b_only,jug
ssh,0.415929203539823,shared,holder
ssh,0.0958904109589041,b_only,uneasiness
ssh,0.16363636363636364,b_only,waistcoat
ssh,0.5023474178403756,shared,message
ssh,1.0,a_only,revolutionaries
ssh,0.2698412698412698,shared,girl
ssh,0.3617021276595745,shared,deeply
ssh,0.5023474178403756,shared,stones
ssh,0.3278008298755187,shared,drunk
ssh,0.16363636363636364,b_only,30
ssh,0.23076923076923078,b_only,perish
ssh,0.285140562248996,shared,carry
ssh,0.5763546798029556,shared,seconds
ssh,1.0,a_only,include
ssh,1.0,a_only,depicted
ssh,0.19402985074626866,b_only,warmly
ssh,1.0,a_only,cancelled
ssh,1.0,a_only,february
ssh,0.6494845360824743,shared,naked
ssh,0.39737991266375544,shared,log
ssh,0.5458937198067633,shared,lake
ssh,1.0,a_only,telephone
ssh,0.4222222222222222,shared,gained
ssh,0.1510791366906475,b_only,wondering
ssh,0.5023474178403756,shared,enjoy
ssh,1.0,a_only,neoclassical
ssh,0.5841584158415841,shared,check
ssh,0.42857142857142855,shared,ring
ssh,1.0,a_only,framework
ssh,0.4349775784753363,shared,murdered
ssh,0.1895910780669145,b_only,jackal
ssh,0.4222222222222222,shared,readily
ssh,0.4953271028037383,shared,baker
ssh,0.5841584158415841,shared,issue
ssh,1.0,a_only,korean
ssh,0.3333333333333333,shared,use
ssh,1.0,a_only,jean
ssh,0.10726643598615918,b_only,sounded
ssh,1.0,a_only,estimated
ssh,0.4349775784753363,shared,managed
ssh,0.32231404958677684,shared,faces
ssh,0.6243654822335025,shared,proceeding
ssh,0.5165876777251185,shared,purchase
ssh,0.2903225806451613,shared,heavy
ssh,1.0,a_only,hart
ssh,1.0,a_only,visigoths
ssh,0.6931216931216931,shared,sources
ssh,0.19850187265917604,b_only,polished
ssh,0.40969162995594716,shared,strained
ssh,1.0,a_only,interestingly
ssh,0.350210970464135,shared,slowly
ssh,0.30612244897959184,shared,precious
ssh,0.4953271028037383,shared,kitchen
ssh,0.6580310880829016,shared,surface
ssh,0.10344827586206896,b_only,shouted
ssh,1.0,a_only,ambrosia
ssh,1.0,a_only,infected
ssh,0.46788990825688076,shared,inclination
ssh,0.4883720930232558,shared,severe
ssh,1.0,a_only,unit
ssh,1.0,a_only,manhattan
ssh,0.3793103448275862,shared,seized
ssh,1.0,a_only,geographic
ssh,1.0,a_only,capability
ssh,1.0,a_only,hydroxyl
ssh,0.5311004784688995,shared,waste
ssh,1.0,a_only,dating
ssh,0.350210970464135,shared,unhappy
ssh,1.0,a_only,meaningless
ssh,0.5609756097560976,shared,borrowed
ssh,0.675392670157068,shared,adopted
ssh,1.0,a_only,vilayet
ssh,0.6080402010050251,shared,arise
ssh,0.6410256410256411,shared,missouri
ssh,0.6580310880829016,shared,latest
ssh,1.0,a_only,magnus
ssh,0.5533980582524272,shared,efforts
ssh,0.5094339622641509,shared,tragedy
ssh,0.2260536398467433,b_only,glided
ssh,0.5533980582524272,shared,popular
ssh,1.0,a_only,ernst
ssh,0.350210970464135,shared,suffered
ssh,0.6326530612244898,shared,alpha
ssh,1.0,a_only,ministry
ssh,0.5763546798029556,shared,obscure
ssh,0.5533980582524272,shared,owner
ssh,0.5165876777251185,shared,decide
ssh,0.7112299465240641,shared,drives
ssh,0.5533980582524272,shared,packed
ssh,0.12280701754385964,b_only,procession
ssh,1.0,a_only,decade
ssh,0.5094339622641509,shared,echo
ssh,0.5094339622641509,shared,hanged
ssh,0.21673003802281368,b_only,blows
ssh,0.3617021276595745,shared,effect
ssh,0.2749003984063745,shared,sad
ssh,0.3008130081300813,shared,fool
ssh,1.0,a_only,greene
ssh,0.2903225806451613,shared,far
ssh,0.6666666666666666,shared,plague
ssh,0.2903225806451613,shared,part
ssh,0.2698412698412698,shared,cold
ssh,0.28,shared,quickly
ssh,0.5023474178403756,shared,necessity
ssh,0.5311004784688995,shared,lessons
ssh,1.0,a_only,underlying
ssh,1.0,a_only,accession
ssh,1.0,a_only,ted
ssh,0.1552346570397112,b_only,calmly
ssh,1.0,a_only,median
ssh,0.415929203539823,shared,fellows
ssh,1.0,a_only,seabed
ssh,0.5533980582524272,shared,type
ssh,1.0,a_only,newton
ssh,0.5458937198067633,shared,unseen
ssh,1.0,a_only,norwegian
ssh,0.5023474178403756,shared,original
ssh,0.415929203539823,shared,whale
ssh,0.4222222222222222,shared,peril
ssh,1.0,a_only,dynasty
ssh,0.23076923076923078,b_only,pigeon
ssh,0.6580310880829016,shared,destitute
ssh,0.7297297297297297,shared,asserted
ssh,0.5238095238095238,shared,proposals
ssh,0.46788990825688076,shared,closing
ssh,0.28,shared,act
ssh,1.0,a_only,chancellor
ssh,0.10726643598615918,b_only,jury
ssh,1.0,a_only,calcium
ssh,0.7021276595744681,shared,limitations
ssh,0.6666666666666666,shared,wool
ssh,0.6326530612244898,shared,endurance
ssh,1.0,a_only,chronic
ssh,0.24031007751937986,shared,wanted
ssh,1.0,a_only,mainstream
ssh,1.0,a_only,morpork
ssh,0.6931216931216931,shared,chord
ssh,0.5686274509803921,shared,spectators
ssh,0.3559322033898305,shared,sank
ssh,0.46788990825688076,shared,subtle
ssh,0.5686274509803921,shared,cutting
ssh,1.0,a_only,alligator
ssh,1.0,a_only,abolition
ssh,0.25984251968503935,shared,hour
ssh,0.6666666666666666,shared,disorder
ssh,0.42857142857142855,shared,connection
ssh,0.5023474178403756,shared,benevolent
ssh,1.0,a_only,gibson
ssh,0.5094339622641509,shared,application
ssh,1.0,a_only,dhabi
ssh,1.0,a_only,procedure
ssh,0.3008130081300813,shared,charles
ssh,1.0,a_only,christianity
ssh,1.0,a_only,lacking
ssh,1.0,a_only,denominations
ssh,0.7486338797814208,shared,geography
ssh,0.6666666666666666,shared,pressure
ssh,0.4953271028037383,shared,cents
ssh,0.3389121338912134,shared,places
ssh,1.0,a_only,derivative
ssh,0.3852813852813853,shared,mentioned
ssh,0.4479638009049774,shared,respects
ssh,0.45454545454545453,shared,protected
ssh,0.6243654822335025,shared,resource
ssh,0.3168724279835391,shared,finger
ssh,0.7679558011049724,shared,visions
ssh,1.0,a_only,algebraically
ssh,0.13074204946996468,b_only,fiend
ssh,1.0,a_only,juan
ssh,1.0,a_only,spencer
ssh,0.1895910780669145,b_only,clouded
ssh,0.20754716981132076,b_only,brooding
ssh,1.0,a_only,channels
ssh,0.7297297297297297,shared,engines
ssh,0.4349775784753363,shared,leg
ssh,1.0,a_only,testing
ssh,1.0,a_only,progressive
ssh,1.0,a_only,indiana
ssh,0.15942028985507245,b_only,sleeps
ssh,0.12280701754385964,b_only,heap
ssh,0.5920398009950248,shared,accord
ssh,0.22137404580152673,shared,may
ssh,0.2903225806451613,shared,early
ssh,0.42857142857142855,shared,bottle
ssh,0.17647058823529413,b_only,supposing
ssh,1.0,a_only,rebuilt
ssh,0.3617021276595745,shared,pride
ssh,0.1267605633802817,b_only,hastily
ssh,0.21673003802281368,b_only,ef
ssh,0.22137404580152673,shared,anybody
ssh,0.6494845360824743,shared,customer
ssh,1.0,a_only,scripts
ssh,0.6,shared,enthusiasm
ssh,0.6580310880829016,shared,destroying
ssh,0.3008130081300813,shared,view
ssh,0.7297297297297297,shared,poisoning
ssh,0.22137404580152673,b_only,alarming
ssh,1.0,a_only,vocals
ssh,0.350210970464135,shared,stepped
ssh,0.3389121338912134,shared,stick
ssh,1.0,a_only,damage
ssh,0.4611872146118721,shared,relieve
ssh,0.6080402010050251,shared,kingdom
ssh,0.44144144144144143,shared,quarrel
ssh,0.6842105263157895,shared,inheritance
ssh,1.0,a_only,mammals
ssh,1.0,a_only,communities
ssh,1.0,a_only,calgary
ssh,1.0,a_only,businesses
ssh,0.5533980582524272,shared,communicate
ssh,0.6580310880829016,shared,ray
ssh,0.285140562248996,shared,bailey
ssh,0.32231404958677684,shared,gentle
ssh,1.0,a_only,thereof
ssh,0.5920398009950248,shared,roll
ssh,0.6494845360824743,shared,shaped
ssh,0.5458937198067633,shared,burden
ssh,1.0,a_only,nova
ssh,1.0,a_only,hits
ssh,0.5165876777251185,shared,beings
ssh,1.0,a_only,orthodox
ssh,0.40969162995594716,shared,vengeance
ssh,0.6931216931216931,shared,mid
ssh,0.5686274509803921,shared,lofty
ssh,0.6931216931216931,shared,unique
ssh,1.0,a_only,judah
ssh,0.19850187265917604,b_only,hearth
ssh,0.18518518518518517,b_only,exeter
ssh,0.675392670157068,shared,offering
ssh,0.23076923076923078,b_only,confide
ssh,0.3793103448275862,shared,kings
ssh,0.45454545454545453,shared,shape
ssh,0.5311004784688995,shared,forms
ssh,0.3333333333333333,shared,honest
ssh,0.3278008298755187,shared,rather
ssh,1.0,a_only,archbishop
ssh,0.5311004784688995,shared,encouraged
ssh,0.0958904109589041,b_only,forgot
ssh,1.0,a_only,kurosawa
ssh,0.48148148148148145,shared,accomplished
ssh,0.5609756097560976,shared,bristol
ssh,1.0,a_only,diesel
ssh,0.37339055793991416,shared,thirty
ssh,0.24031007751937986,shared,o
ssh,0.5841584158415841,shared,method
ssh,1.0,a_only,miami
ssh,0.18518518518518517,b_only,paddle
ssh,0.45454545454545453,shared,worried
ssh,1.0,a_only,diagnosed
ssh,1.0,a_only,robots
ssh,0.4349775784753363,shared,naturally
ssh,1.0,a_only,elliott
ssh,0.5458937198067633,shared,quarters
ssh,0.08843537414965986,b_only,sigh
ssh,1.0,a_only,stamps
ssh,0.675392670157068,shared,ridges
ssh,0.20754716981132076,b_only,clumb
ssh,1.0,a_only,caesar
ssh,1.0,a_only,loyalists
ssh,1.0,a_only,physicians
ssh,1.0,a_only,budget
ssh,0.7021276595744681,shared,gods
ssh,0.1111111111111111,b_only,rang
ssh,1.0,a_only,lovelace
ssh,0.7679558011049724,shared,lieutenant
ssh,1.0,a_only,com
ssh,0.5238095238095238,shared,hills
ssh,1.0,a_only,layout
ssh,0.5384615384615384,shared,source
ssh,0.21673003802281368,b_only,rattled
ssh,0.5311004784688995,shared,tonight
ssh,0.6243654822335025,shared,foundations
ssh,0.12280701754385964,b_only,unpleasant
ssh,1.0,a_only,muhammad
ssh,0.7877094972067039,shared,anatomy
ssh,1.0,a_only,dementia
ssh,1.0,a_only,splitting
ssh,0.21673003802281368,b_only,heaps
ssh,1.0,a_only,renowned
ssh,0.5165876777251185,shared,curse
ssh,0.5533980582524272,shared,confusion
ssh,0.6080402010050251,shared,xi
ssh,0.07744107744107744,b_only,goodness
ssh,1.0,a_only,distances
ssh,0.4953271028037383,shared,obey
ssh,0.7297297297297297,shared,rival
ssh,1.0,a_only,blocking
ssh,0.5023474178403756,shared,elder
ssh,0.2749003984063745,shared,turn
ssh,1.0,a_only,supplies
ssh,0.6931216931216931,shared,premature
ssh,1.0,a_only,focus
ssh,1.0,a_only,cession
ssh,0.44144144144144143,shared,friendship
ssh,0.32231404958677684,shared,looks
ssh,0.7112299465240641,shared,appeals
ssh,0.5384615384615384,shared,protection
ssh,1.0,a_only,jerusalem
ssh,0.7486338797814208,shared,skies
ssh,1.0,a_only,qutb
ssh,1.0,a_only,heritage
ssh,0.5533980582524272,shared,wit
ssh,1.0,a_only,friedman
ssh,0.20300751879699247,b_only,timid
ssh,0.675392670157068,shared,relative
ssh,0.3333333333333333,shared,beautiful
ssh,1.0,a_only,operates
ssh,0.4479638009049774,shared,preacher
ssh,1.0,a_only,aix
ssh,0.5458937198067633,shared,pounds
ssh,0.24031007751937986,b_only,hullo
ssh,0.28,shared,friend
ssh,1.0,a_only,alloys
ssh,0.18081180811808117,b_only,tuesday
ssh,0.5094339622641509,shared,victor
ssh,1.0,a_only,welsh
ssh,1.0,a_only,burgess
ssh,0.45454545454545453,shared,shining
ssh,1.0,a_only,sahara
ssh,0.20754716981132076,b_only,haired
ssh,0.6842105263157895,shared,recently
ssh,1.0,a_only,zambia
ssh,0.7486338797814208,shared,exile
ssh,0.5533980582524272,shared,chile
ssh,0.29554655870445345,shared,wild
ssh,0.7486338797814208,shared,comment
ssh,1.0,a_only,types
ssh,0.15942028985507245,b_only,eagerness
ssh,1.0,a_only,traditionally
ssh,0.5609756097560976,shared,youthful
ssh,1.0,a_only,pregnancy
ssh,1.0,a_only,founder
ssh,0.21212121212121213,b_only,grip
ssh,0.6243654822335025,shared,accuse
ssh,0.3617021276595745,shared,maid
ssh,0.3114754098360656,shared,picture
ssh,0.5238095238095238,shared,suited
ssh,0.7297297297297297,shared,greatness
ssh,0.1895910780669145,b_only,wagon
ssh,0.7391304347826086,shared,applying
ssh,1.0,a_only,kong
ssh,0.20754716981132076,b_only,beauties
ssh,0.6666666666666666,shared,fathers
ssh,0.2648221343873518,shared,crying
ssh,1.0,a_only,discworld
ssh,0.5384615384615384,shared,tune
ssh,1.0,a_only,anthropological
ssh,0.285140562248996,shared,learn
ssh,0.5458937198067633,shared,arrested
ssh,0.6580310880829016,shared,vital
ssh,1.0,a_only,interface
ssh,0.4611872146118721,shared,prince
ssh,0.6494845360824743,shared,ships
ssh,0.6666666666666666,shared,background
ssh,0.10726643598615918,b_only,delighted
ssh,1.0,a_only,bc
ssh,0.7391304347826086,shared,conquered
ssh,1.0,a_only,nixon
ssh,0.5763546798029556,shared,mountains
ssh,0.21673003802281368,b_only,glare
ssh,0.2648221343873518,shared,help
ssh,1.0,a_only,legislative
ssh,0.19402985074626866,b_only,frightfully
ssh,0.48148148148148145,shared,example
ssh,1.0,a_only,croatian
ssh,0.2903225806451613,shared,given
ssh,0.47465437788018433,shared,chose
ssh,1.0,a_only,leadership
ssh,0.21673003802281368,b_only,auntie
ssh,0.12280701754385964,b_only,nay
ssh,0.2749003984063745,shared,home
ssh,0.6080402010050251,shared,c
ssh,0.4953271028037383,shared,lysander
ssh,0.7112299465240641,shared,angle
ssh,1.0,a_only,carolina
ssh,0.4611872146118721,shared,explaining
ssh,0.6,shared,occasions
ssh,0.4349775784753363,shared,occur
ssh,0.19850187265917604,b_only,doorway
ssh,0.19850187265917604,b_only,abhorrence
ssh,1.0,a_only,output
ssh,0.23552123552123552,shared,b
ssh,0.5458937198067633,shared,forces
ssh,1.0,a_only,translates
ssh,1.0,a_only,religions
ssh,0.20754716981132076,b_only,grabbed
ssh,0.6931216931216931,shared,possessing
ssh,0.40969162995594716,shared,peculiar
ssh,0.4222222222222222,shared,portrait
ssh,0.2260536398467433,shared,em
ssh,1.0,a_only,abstract
ssh,0.6580310880829016,shared,preface
ssh,0.29554655870445345,shared,turning
ssh,1.0,a_only,emperors
ssh,0.45454545454545453,shared,alike
ssh,0.5094339622641509,shared,feels
ssh,0.20754716981132076,b_only,overboard
ssh,0.23552123552123552,shared,just
ssh,0.22137404580152673,shared,before
ssh,1.0,a_only,transportation
ssh,0.6326530612244898,shared,bull
ssh,0.39737991266375544,shared,third
ssh,1.0,a_only,monitor
ssh,0.5311004784688995,shared,overwhelmed
ssh,0.19850187265917604,b_only,superintendent
ssh,0.4222222222222222,shared,sheep
ssh,0.6,shared,link
ssh,0.23076923076923078,shared,told
ssh,1.0,a_only,workers
ssh,0.20754716981132076,b_only,affections
ssh,0.1267605633802817,b_only,tick
ssh,1.0,a_only,authoritarian
ssh,0.1895910780669145,b_only,slid
ssh,1.0,a_only,socrates
ssh,0.5533980582524272,shared,responsible
ssh,0.6494845360824743,shared,threats
ssh,0.797752808988764,shared,concert
ssh,0.5094339622641509,shared,lasted
ssh,1.0,a_only,athenians
ssh,0.6080402010050251,shared,enthusiastic
ssh,0.245136186770428,shared,door
ssh,1.0,a_only,references
ssh,0.6931216931216931,shared,corps
ssh,1.0,a_only,skylab
ssh,0.3793103448275862,shared,news
ssh,0.6842105263157895,shared,dialect
ssh,1.0,a_only,lyrics
ssh,0.7021276595744681,shared,acquire
ssh,1.0,a_only,senior
ssh,1.0,a_only,recording
ssh,0.23552123552123552,shared,thought
ssh,1.0,a_only,germanic
ssh,0.7204301075268817,shared,poets
ssh,1.0,a_only,uprising
ssh,0.5686274509803921,shared,distrust
ssh,0.5311004784688995,shared,cautious
ssh,0.1895910780669145,b_only,clasped
ssh,0.17647058823529413,b_only,thatcher
ssh,1.0,a_only,nero
ssh,0.19850187265917604,b_only,tweedledum
ssh,0.46788990825688076,shared,ferry
ssh,1.0,a_only,shortest
ssh,0.39737991266375544,shared,produced
ssh,1.0,a_only,indirect
ssh,0.1895910780669145,b_only,bother
ssh,1.0,a_only,branden
ssh,0.4953271028037383,shared,fools
ssh,1.0,a_only,allah
ssh,0.1111111111111111,b_only,fix
ssh,0.6666666666666666,shared,revived
ssh,1.0,a_only,extensively
ssh,0.6842105263157895,shared,fiction
ssh,0.40969162995594716,shared,covered
ssh,1.0,a_only,organs
ssh,0.45454545454545453,shared,accounts
ssh,0.6326530612244898,shared,bullet
ssh,0.5094339622641509,shared,providence
ssh,0.6080402010050251,shared,engine
ssh,1.0,a_only,comprise
ssh,1.0,a_only,randall
ssh,1.0,a_only,cube
ssh,0.6161616161616161,shared,earliest
ssh,1.0,a_only,instituted
ssh,1.0,a_only,storage
ssh,1.0,a_only,alda
ssh,0.5238095238095238,shared,limb
ssh,1.0,a_only,antiparticles
ssh,0.7877094972067039,shared,ranks
ssh,1.0,a_only,telecommunications
ssh,1.0,a_only,angola
ssh,1.0,a_only,pakistan
ssh,0.6161616161616161,shared,accepting
ssh,0.5609756097560976,shared,reveal
ssh,0.20754716981132076,b_only,dreamed
ssh,1.0,a_only,covenant
ssh,1.0,a_only,jurisdiction
ssh,1.0,a_only,reduction
ssh,0.675392670157068,shared,cotton
ssh,0.5311004784688995,shared,parish
ssh,0.3168724279835391,shared,hundred
ssh,0.5311004784688995,shared,rare
ssh,1.0,a_only,combining
ssh,0.21212121212121213,b_only,weep
ssh,1.0,a_only,speculation
ssh,0.7204301075268817,shared,tales
ssh,0.4611872146118721,shared,committed
ssh,1.0,a_only,stalin
ssh,0.5686274509803921,shared,measure
ssh,0.4953271028037383,shared,blank
ssh,0.5458937198067633,shared,complied
ssh,0.5841584158415841,shared,induced
ssh,0.6326530612244898,shared,owed
ssh,1.0,a_only,mosaic
ssh,0.48148148148148145,shared,guns
ssh,1.0,a_only,stadium
ssh,0.5763546798029556,shared,honourable
ssh,0.6580310880829016,shared,xv
ssh,0.46788990825688076,shared,tending
ssh,0.48148148148148145,shared,guilty
ssh,0.21212121212121213,shared,gone
ssh,1.0,a_only,published
ssh,1.0,a_only,ahmad
ssh,1.0,a_only,mini
ssh,0.2648221343873518,shared,moment
ssh,1.0,a_only,northwestern
ssh,1.0,a_only,enigma
ssh,1.0,a_only,affecting
ssh,1.0,a_only,ames
ssh,0.7112299465240641,shared,lions
ssh,0.29554655870445345,shared,horror
ssh,0.1347517730496454,b_only,reminded
ssh,0.2698412698412698,shared,deep
ssh,0.42857142857142855,shared,rule
ssh,1.0,a_only,notation
ssh,1.0,a_only,controversies
ssh,0.5165876777251185,shared,edges
ssh,1.0,a_only,predominant
ssh,0.5763546798029556,shared,treasures
ssh,0.48148148148148145,shared,huge
ssh,0.6410256410256411,shared,garments
ssh,0.675392670157068,shared,acquired
ssh,0.391304347826087,shared,lately
ssh,0.6494845360824743,shared,whereas
ssh,0.25984251968503935,shared,alice
ssh,1.0,a_only,fictional
ssh,1.0,a_only,libel
ssh,0.39737991266375544,shared,passage
ssh,1.0,a_only,ninth
ssh,1.0,a_only,kickoff
ssh,1.0,a_only,global
ssh,1.0,a_only,fails
ssh,1.0,a_only,bbc
ssh,0.29554655870445345,shared,danger
ssh,1.0,a_only,australian
ssh,0.36752136752136755,shared,year
ssh,0.3852813852813853,shared,excited
ssh,0.13074204946996468,b_only,patience
ssh,0.5763546798029556,shared,desirable
ssh,0.25984251968503935,shared,room
ssh,0.7204301075268817,shared,equipped
ssh,0.5094339622641509,shared,bees
ssh,1.0,a_only,warhol
ssh,1.0,a_only,joshua
ssh,0.675392670157068,shared,russian
ssh,0.19850187265917604,b_only,hey
ssh,0.5311004784688995,shared,lowered
ssh,0.5841584158415841,shared,seas
ssh,1.0,a_only,debated
ssh,0.7486338797814208,shared,errors
ssh,0.6842105263157895,shared,alfred
ssh,0.16363636363636364,b_only,quincey
ssh,0.21673003802281368,b_only,pie
ssh,0.4883720930232558,shared,render
ssh,0.3333333333333333,shared,particular
ssh,0.5763546798029556,shared,sufficiently
ssh,0.40350877192982454,shared,join
ssh,0.5023474178403756,shared,jack
ssh,0.7679558011049724,shared,attractive
ssh,1.0,a_only,exclusive
ssh,1.0,a_only,astronomical
ssh,0.415929203539823,shared,correct
ssh,0.6161616161616161,shared,equality
ssh,0.29554655870445345,shared,de
ssh,1.0,a_only,z
ssh,1.0,a_only,alaric
ssh,0.7021276595744681,shared,travels
ssh,0.7204301075268817,shared,independence
ssh,1.0,a_only,depravity
ssh,0.285140562248996,shared,thin
ssh,0.5763546798029556,shared,lack
ssh,1.0,a_only,denmark
ssh,0.16363636363636364,b_only,glimpse
ssh,1.0,a_only,johnston
ssh,0.3389121338912134,shared,finally
ssh,1.0,a_only,seals
ssh,1.0,a_only,queensland
ssh,0.36752136752136755,shared,raise
ssh,0.7486338797814208,shared,tomorrow
ssh,0.40350877192982454,shared,tale
ssh,1.0,a_only,hera
ssh,1.0,a_only,caiman
ssh,1.0,a_only,dual
ssh,0.25,shared,wait
ssh,0.6161616161616161,shared,weaker
ssh,0.46788990825688076,shared,den
ssh,0.7297297297297297,shared,critical
ssh,1.0,a_only,fluid
ssh,1.0,a_only,plasma
ssh,0.1111111111111111,shared,up
ssh,0.0958904109589041,shared,my
ssh,0.36752136752136755,shared,propose
ssh,0.6080402010050251,shared,oxford
ssh,0.6243654822335025,shared,educated
ssh,0.3168724279835391,shared,pay
ssh,0.5533980582524272,shared,professions
ssh,0.7021276595744681,shared,resistance
ssh,0.0958904109589041,b_only,daylight
ssh,1.0,a_only,shots
ssh,0.18518518518518517,b_only,squeezed
ssh,0.6580310880829016,shared,discoveries
ssh,1.0,a_only,ram
ssh,0.22137404580152673,shared,can
ssh,0.3793103448275862,shared,resolved
ssh,0.5533980582524272,shared,throws
ssh,1.0,a_only,au
ssh,0.6080402010050251,shared,rises
ssh,0.5533980582524272,shared,violet
ssh,0.3168724279835391,shared,heads
ssh,1.0,a_only,alleged
ssh,0.19850187265917604,b_only,washing
ssh,0.28,shared,sight
ssh,0.6580310880829016,shared,joining
ssh,1.0,a_only,acapulco
ssh,0.19402985074626866,b_only,roses
ssh,1.0,a_only,lifetime
ssh,1.0,a_only,qquad
ssh,0.5238095238095238,shared,extent
ssh,1.0,a_only,britannica
ssh,0.5311004784688995,shared,eldest
ssh,0.5841584158415841,shared,employment
ssh,0.10344827586206896,shared,i
ssh,0.3389121338912134,shared,understood
ssh,0.45454545454545453,shared,willing
ssh,0.46788990825688076,shared,extremely
ssh,0.20300751879699247,b_only,graceful
ssh,0.39737991266375544,shared,jumped
ssh,0.3168724279835391,shared,dying
ssh,1.0,a_only,spain
ssh,0.5920398009950248,shared,routine
ssh,0.48148148148148145,shared,tempered
ssh,0.5238095238095238,shared,reflections
ssh,0.21212121212121213,b_only,hatter
ssh,1.0,a_only,gand
ssh,1.0,a_only,dimensions
ssh,0.20754716981132076,b_only,widder
ssh,0.6931216931216931,shared,messages
ssh,1.0,a_only,innovation
ssh,0.6494845360824743,shared,eternity
ssh,0.19850187265917604,b_only,pleasantly
ssh,0.5311004784688995,shared,direct
ssh,1.0,a_only,cf
ssh,1.0,a_only,stevens
ssh,0.4222222222222222,shared,senses
ssh,1.0,a_only,thelema
ssh,1.0,a_only,adelaide
ssh,1.0,a_only,diplomatic
ssh,1.0,a_only,vector
ssh,0.1347517730496454,shared,s
ssh,0.20754716981132076,b_only,bastille
ssh,0.47465437788018433,shared,sprung
ssh,0.1895910780669145,b_only,bestow
ssh,0.5094339622641509,shared,uncommon
ssh,1.0,a_only,norse
ssh,1.0,a_only,asteroids
ssh,0.44144144144144143,shared,song
ssh,1.0,a_only,african
ssh,1.0,a_only,context
ssh,0.44144144144144143,shared,etc
ssh,0.6161616161616161,shared,difficulties
ssh,0.24031007751937986,shared,bring
ssh,0.19402985074626866,b_only,gratified
ssh,0.18518518518518517,shared,come
ssh,0.5458937198067633,shared,german
ssh,0.2549019607843137,shared,warn
ssh,0.5763546798029556,shared,desires
ssh,1.0,a_only,clement
ssh,0.675392670157068,shared,commit
ssh,0.7204301075268817,shared,daniel
ssh,0.7486338797814208,shared,manager
ssh,0.20300751879699247,b_only,picking
ssh,1.0,a_only,everyday
ssh,0.675392670157068,shared,traded
ssh,0.5841584158415841,shared,arrow
ssh,0.5023474178403756,shared,pulling
ssh,0.44144144144144143,shared,relieved
ssh,1.0,a_only,peninsula
ssh,0.3008130081300813,shared,note
ssh,1.0,a_only,lovell
ssh,0.245136186770428,shared,big
ssh,0.285140562248996,shared,strong
ssh,1.0,a_only,sa
ssh,0.2549019607843137,shared,grew
ssh,0.11888111888111888,b_only,shone
ssh,0.4349775784753363,shared,conclusion
ssh,0.6243654822335025,shared,xii
ssh,0.20754716981132076,b_only,nibs
ssh,0.5533980582524272,shared,realised
ssh,0.08843537414965986,b_only,thread
ssh,1.0,a_only,atanasoff
ssh,0.6931216931216931,shared,reaction
ssh,0.5023474178403756,shared,counting
ssh,0.1678832116788321,b_only,haste
ssh,1.0,a_only,proclamation
ssh,0.5384615384615384,shared,farm
ssh,1.0,a_only,anarchist
ssh,0.5311004784688995,shared,wrought
ssh,0.18518518518518517,shared,time
ssh,0.7679558011049724,shared,eagle
ssh,1.0,a_only,sherman
ssh,0.25984251968503935,shared,fixed
ssh,1.0,a_only,philip
ssh,1.0,a_only,indonesia
ssh,1.0,a_only,site
ssh,1.0,a_only,avicenna
ssh,1.0,a_only,protons
ssh,0.39737991266375544,shared,music
ssh,1.0,a_only,ethics
ssh,0.4953271028037383,shared,shelf
ssh,0.20300751879699247,b_only,remind
ssh,0.2549019607843137,shared,others
ssh,0.21673003802281368,b_only,carfax
ssh,0.22137404580152673,b_only,whoop
ssh,0.6842105263157895,shared,directing
ssh,0.5609756097560976,shared,aboard
ssh,1.0,a_only,decades
ssh,0.10726643598615918,b_only,lucky
ssh,1.0,a_only,civilian
ssh,0.5841584158415841,shared,pine
ssh,1.0,a_only,sciences
ssh,1.0,a_only,azerbaijan
ssh,0.17216117216117216,b_only,lydia
ssh,0.28,shared,dream
ssh,0.42857142857142855,shared,band
ssh,0.2260536398467433,b_only,staircase
ssh,0.5094339622641509,shared,blowing
ssh,0.675392670157068,shared,inspire
ssh,0.675392670157068,shared,artistic
ssh,1.0,a_only,antiparticle
ssh,1.0,a_only,gdp
ssh,1.0,a_only,dinosaur
ssh,1.0,a_only,downtown
ssh,1.0,a_only,anthropology
ssh,1.0,a_only,jesuit
ssh,1.0,a_only,richardson
ssh,1.0,a_only,nationalist
ssh,0.5311004784688995,shared,aristocracy
ssh,1.0,a_only,default
ssh,0.14285714285714285,b_only,composure
ssh,0.3852813852813853,shared,breathing
ssh,1.0,a_only,cia
ssh,1.0,a_only,oxide
ssh,0.6080402010050251,shared,esteem
ssh,0.1552346570397112,shared,as
ssh,0.10344827586206896,b_only,fence
ssh,1.0,a_only,afc
ssh,0.3445378151260504,shared,mouth
ssh,0.20300751879699247,b_only,fo
ssh,1.0,a_only,tokyo
ssh,0.19402985074626866,b_only,stool
ssh,1.0,a_only,isotope
ssh,1.0,a_only,depicts
ssh,0.415929203539823,shared,counted
ssh,0.7679558011049724,shared,trials
ssh,0.19850187265917604,b_only,lodge
ssh,0.5841584158415841,shared,guilt
ssh,1.0,a_only,atlanta
ssh,0.7582417582417582,shared,earned
ssh,0.1895910780669145,b_only,mum
ssh,0.20300751879699247,b_only,illustrious
ssh,1.0,a_only,crucial
ssh,0.391304347826087,shared,impression
ssh,0.2260536398467433,b_only,serene
ssh,0.7391304347826086,shared,japanese
ssh,0.7777777777777778,shared,rear
ssh,0.23552123552123552,b_only,jolly
ssh,0.3008130081300813,shared,doubt
ssh,0.5165876777251185,shared,lone
ssh,0.3008130081300813,shared,gray
ssh,1.0,a_only,ber
ssh,1.0,a_only,target
ssh,0.14695340501792115,b_only,longbourn
ssh,0.6842105263157895,shared,convince
ssh,0.2903225806451613,shared,forward
ssh,0.4883720930232558,shared,fairly
ssh,1.0,a_only,surgery
ssh,0.3114754098360656,shared,bound
ssh,0.6410256410256411,shared,ivory
ssh,1.0,a_only,interviews
ssh,0.6080402010050251,shared,holds
ssh,0.45454545454545453,shared,remains
ssh,1.0,a_only,libertarian
ssh,0.17216117216117216,b_only,kitten
ssh,0.24031007751937986,b_only,rag
ssh,0.5094339622641509,shared,command
ssh,0.6931216931216931,shared,existing
ssh,0.29554655870445345,shared,lose
ssh,0.47465437788018433,shared,driving
ssh,0.19850187265917604,b_only,juliet
ssh,0.5533980582524272,shared,orleans
ssh,1.0,a_only,semantics
ssh,0.42857142857142855,shared,disposition
ssh,0.7204301075268817,shared,accumulated
ssh,0.4349775784753363,shared,existence
ssh,1.0,a_only,europeans
ssh,0.7021276595744681,shared,experiments
ssh,1.0,a_only,rothbard
ssh,1.0,a_only,magnetic
ssh,0.21212121212121213,b_only,madman
ssh,0.4479638009049774,shared,welcome
ssh,0.42857142857142855,shared,rise
ssh,0.5165876777251185,shared,hotel
ssh,0.3333333333333333,shared,near
ssh,0.21673003802281368,b_only,bitterness
ssh,1.0,a_only,afghans
ssh,1.0,a_only,denies
ssh,1.0,a_only,movie
ssh,0.45454545454545453,shared,intended
ssh,0.3445378151260504,shared,red
ssh,0.6243654822335025,shared,refer
ssh,0.5763546798029556,shared,reserved
ssh,0.15942028985507245,b_only,dimly
ssh,0.25,shared,carriage
ssh,1.0,a_only,licensing
ssh,0.1387900355871886,b_only,comprehend
ssh,1.0,a_only,measurement
ssh,1.0,a_only,facilitate
ssh,0.415929203539823,shared,fish
ssh,1.0,a_only,launched
ssh,1.0,a_only,amplitude
ssh,0.6161616161616161,shared,complex
ssh,1.0,a_only,jimmy
ssh,0.6161616161616161,shared,correspondence
ssh,0.5920398009950248,shared,judges
ssh,1.0,a_only,turkic
ssh,0.675392670157068,shared,bodily
ssh,0.3445378151260504,shared,swing
ssh,1.0,a_only,quantum
ssh,1.0,a_only,asphalt
ssh,1.0,a_only,sartre
ssh,0.3793103448275862,shared,private
ssh,0.5238095238095238,shared,argue
ssh,1.0,a_only,yale
ssh,1.0,a_only,aggressive
ssh,0.19402985074626866,b_only,pap
ssh,1.0,a_only,calvinist
ssh,0.11498257839721254,b_only,busy
ssh,0.23552123552123552,shared,clock
ssh,0.18081180811808117,b_only,englishman
ssh,1.0,a_only,unification
ssh,1.0,a_only,aires
ssh,1.0,a_only,believers
ssh,0.20754716981132076,b_only,entreated
ssh,0.21212121212121213,b_only,blush
ssh,0.17647058823529413,b_only,ling
ssh,0.22137404580152673,b_only,speck
ssh,1.0,a_only,mechanism
ssh,1.0,a_only,discussing
ssh,1.0,a_only,ankh
ssh,0.21212121212121213,b_only,stead
ssh,0.08843537414965986,b_only,pardon
ssh,0.6580310880829016,shared,lovers
ssh,1.0,a_only,ownership
ssh,0.6,shared,birth
ssh,1.0,a_only,hans
ssh,0.7391304347826086,shared,rhine
ssh,0.20300751879699247,b_only,sledge
ssh,0.48148148148148145,shared,scream
ssh,1.0,a_only,racial
ssh,0.5384615384615384,shared,intellect
ssh,1.0,a_only,plato
ssh,0.3114754098360656,shared,soul
ssh,0.3168724279835391,shared,black
ssh,0.7204301075268817,shared,fruit
ssh,1.0,a_only,campaigns
ssh,1.0,a_only,describes
ssh,0.5686274509803921,shared,compositions
ssh,1.0,a_only,florence
ssh,0.5763546798029556,shared,margaret
ssh,1.0,a_only,parthenon
ssh,1.0,a_only,kay
ssh,0.7391304347826086,shared,novels
ssh,0.7679558011049724,shared,abuse
ssh,0.6,shared,proportions
ssh,1.0,a_only,cartier
ssh,0.21673003802281368,b_only,draught
ssh,0.5238095238095238,shared,forever
ssh,1.0,a_only,tv
ssh,0.21212121212121213,b_only,partiality
ssh,1.0,a_only,implementation
ssh,0.6666666666666666,shared,surgeon
ssh,0.7112299465240641,shared,dealt
ssh,1.0,a_only,organ
ssh,1.0,a_only,ottoman
ssh,1.0,a_only,refers
ssh,0.7021276595744681,shared,muscles
ssh,1.0,a_only,zahn
ssh,0.23076923076923078,b_only,creep
ssh,0.20300751879699247,b_only,flashed
ssh,0.675392670157068,shared,rests
ssh,0.6080402010050251,shared,distinction
ssh,0.25984251968503935,shared,exactly
ssh,1.0,a_only,musicians
ssh,1.0,a_only,receiver
ssh,0.3114754098360656,shared,necessary
ssh,0.4611872146118721,shared,affairs
ssh,0.3445378151260504,shared,fit
ssh,0.415929203539823,shared,gay
ssh,1.0,a_only,compound
ssh,1.0,a_only,valence
ssh,0.48148148148148145,shared,protect
ssh,0.3333333333333333,shared,mere
ssh,1.0,a_only,documented
ssh,0.5238095238095238,shared,defect
ssh,0.7112299465240641,shared,area
ssh,0.40350877192982454,shared,hare
ssh,0.4349775784753363,shared,struggle
ssh,0.4222222222222222,shared,attend
ssh,1.0,a_only,saxony
ssh,1.0,a_only,dedicated
ssh,0.19850187265917604,b_only,anew
ssh,0.46788990825688076,shared,capable
ssh,1.0,a_only,translations
ssh,0.6580310880829016,shared,reaching
ssh,0.19850187265917604,b_only,firmness
ssh,0.24031007751937986,shared,wish
ssh,0.25,shared,terrible
ssh,0.42857142857142855,shared,current
ssh,1.0,a_only,prometheus
ssh,0.245136186770428,shared,didn
ssh,0.20300751879699247,b_only,toller
ssh,0.5841584158415841,shared,stuffed
ssh,0.19402985074626866,b_only,drowned
ssh,1.0,a_only,portugal
ssh,0.3389121338912134,shared,study
ssh,1.0,a_only,functional
ssh,1.0,a_only,antihydrogen
ssh,0.6410256410256411,shared,politics
ssh,0.2260536398467433,b_only,endeavours
ssh,1.0,a_only,achill
ssh,0.1510791366906475,shared,there
ssh,0.5763546798029556,shared,iii
ssh,0.19850187265917604,b_only,dah
ssh,0.2903225806451613,shared,return
ssh,1.0,a_only,max
ssh,0.23076923076923078,shared,telling
ssh,1.0,a_only,multiplication
ssh,0.285140562248996,shared,somebody
ssh,0.47465437788018433,shared,passengers
ssh,0.4953271028037383,shared,arose
ssh,0.09965635738831616,b_only,slip
ssh,0.3389121338912134,shared,voices
ssh,1.0,a_only,territorial
ssh,0.20754716981132076,b_only,ashore
ssh,0.6,shared,control
ssh,0.4953271028037383,shared,heel
ssh,0.14695340501792115,b_only,heartily
ssh,1.0,a_only,iverson
ssh,0.5458937198067633,shared,u
ssh,0.3333333333333333,shared,fallen
ssh,1.0,a_only,ussr
ssh,1.0,a_only,tests
ssh,0.4222222222222222,shared,formed
ssh,0.6161616161616161,shared,enterprise
ssh,0.19402985074626866,b_only,darted
ssh,1.0,a_only,allies
ssh,0.19402985074626866,b_only,footman
ssh,0.285140562248996,shared,things
ssh,1.0,a_only,louise
ssh,0.4953271028037383,shared,landing
ssh,1.0,a_only,statistics
ssh,0.19850187265917604,b_only,conjectured
ssh,1.0,a_only,agents
ssh,1.0,a_only,turks
ssh,1.0,a_only,boyle
ssh,0.391304347826087,shared,especially
ssh,0.4611872146118721,shared,advanced
ssh,0.06666666666666667,b_only,laughed
ssh,0.2698412698412698,shared,old
ssh,0.5311004784688995,shared,checked
ssh,0.7679558011049724,shared,wealthy
ssh,0.4953271028037383,shared,customers
ssh,0.3278008298755187,shared,isn
ssh,0.4349775784753363,shared,behaviour
ssh,0.22137404580152673,b_only,motioned
ssh,0.5920398009950248,shared,deference
ssh,1.0,a_only,sq
ssh,0.4883720930232558,shared,handle
ssh,0.1510791366906475,b_only,cellar
ssh,0.20754716981132076,b_only,sealed
ssh,0.1347517730496454,shared,by
ssh,1.0,a_only,documentary
ssh,0.3114754098360656,shared,amongst
ssh,1.0,a_only,debate
ssh,0.20754716981132076,b_only,spies
ssh,0.7582417582417582,shared,continuing
ssh,0.6,shared,tax
ssh,0.7297297297297297,shared,pearl
ssh,1.0,a_only,winters
ssh,1.0,a_only,champions
ssh,0.1111111111111111,b_only,lucy
ssh,1.0,a_only,commentary
ssh,0.14285714285714285,b_only,doubts
ssh,1.0,a_only,domination
ssh,0.6410256410256411,shared,laboratory
ssh,0.2260536398467433,b_only,vexed
ssh,1.0,a_only,resulting
ssh,1.0,a_only,modulation
ssh,0.6161616161616161,shared,positive
ssh,0.5763546798029556,shared,aperture
ssh,0.2260536398467433,shared,else
ssh,0.3617021276595745,shared,conscious
ssh,1.0,a_only,represents
ssh,0.6494845360824743,shared,term
ssh,1.0,a_only,credits
ssh,0.391304347826087,shared,tall
ssh,0.39737991266375544,shared,atonement
ssh,1.0,a_only,photographs
ssh,0.3278008298755187,shared,box
ssh,0.1678832116788321,b_only,bedroom
ssh,1.0,a_only,lisa
ssh,1.0,a_only,plastic
ssh,0.18518518518518517,b_only,sleeve
ssh,0.5458937198067633,shared,centre
ssh,1.0,a_only,subsequently
ssh,0.20300751879699247,shared,are
ssh,0.5238095238095238,shared,suggest
ssh,0.21212121212121213,b_only,persuasion
ssh,0.7582417582417582,shared,owners
ssh,0.1895910780669145,b_only,canvas
ssh,1.0,a_only,encoding
ssh,0.6931216931216931,shared,surrounding
ssh,0.6931216931216931,shared,treason
ssh,0.20300751879699247,b_only,woe
ssh,0.5094339622641509,shared,north
ssh,0.675392670157068,shared,comparing
ssh,1.0,a_only,pueblo
ssh,0.5920398009950248,shared,patriot
ssh,0.3445378151260504,shared,trust
ssh,0.6931216931216931,shared,usage
ssh,0.3617021276595745,shared,otherwise
ssh,0.2260536398467433,b_only,comin
ssh,0.32231404958677684,shared,post
ssh,1.0,a_only,parliament
ssh,0.5311004784688995,shared,toe
ssh,0.675392670157068,shared,unaware
ssh,1.0,a_only,files
ssh,0.5238095238095238,shared,created
ssh,1.0,a_only,canal
ssh,0.5458937198067633,shared,betrayed
ssh,0.4953271028037383,shared,solitude
ssh,0.29554655870445345,shared,instant
ssh,1.0,a_only,usa
ssh,0.19850187265917604,b_only,wickedness
ssh,0.7297297297297297,shared,coal
ssh,1.0,a_only,audiogalaxy
ssh,0.5094339622641509,shared,behave
ssh,1.0,a_only,melody
ssh,1.0,a_only,agate
ssh,1.0,a_only,renaissance
ssh,1.0,a_only,funding
ssh,0.5609756097560976,shared,dwelling
ssh,1.0,a_only,unita
ssh,1.0,a_only,li
ssh,0.6161616161616161,shared,seize
ssh,0.7112299465240641,shared,neutral
ssh,0.6494845360824743,shared,severity
ssh,0.5763546798029556,shared,june
ssh,1.0,a_only,producer
ssh,1.0,a_only,transition
ssh,0.675392670157068,shared,hymn
ssh,0.3168724279835391,shared,ladies
ssh,0.7112299465240641,shared,intelligent
ssh,0.7021276595744681,shared,charity
ssh,0.1895910780669145,b_only,hypnotic
ssh,0.7391304347826086,shared,jet
ssh,1.0,a_only,detailed
ssh,1.0,a_only,reforms
ssh,0.30612244897959184,shared,stranger
ssh,0.1267605633802817,b_only,lovely
ssh,1.0,a_only,jacob
ssh,0.7777777777777778,shared,hardy
ssh,1.0,a_only,archives
ssh,0.4883720930232558,shared,urged
ssh,0.08843537414965986,b_only,sorry
ssh,0.5686274509803921,shared,visits
ssh,1.0,a_only,nazi
ssh,0.6326530612244898,shared,unite
ssh,0.13074204946996468,b_only,dreaded
ssh,0.5609756097560976,shared,changing
ssh,0.3852813852813853,shared,pipe
ssh,1.0,a_only,conformation
ssh,0.23076923076923078,b_only,7
ssh,1.0,a_only,homepage
ssh,0.5533980582524272,shared,shin
ssh,0.5094339622641509,shared,argument
ssh,0.6666666666666666,shared,associate
ssh,0.14695340501792115,b_only,fancied
ssh,0.4953271028037383,shared,thomas
ssh,1.0,a_only,starring
ssh,1.0,a_only,adaptation
ssh,0.4479638009049774,shared,golden
ssh,0.6080402010050251,shared,host
ssh,0.5023474178403756,shared,related
ssh,0.22137404580152673,b_only,claw
ssh,0.6326530612244898,shared,barely
ssh,1.0,a_only,explorer
ssh,0.23076923076923078,b_only,fluttered
ssh,1.0,a_only,andrew
ssh,1.0,a_only,layers
ssh,0.6243654822335025,shared,excess
ssh,0.5533980582524272,shared,thou
ssh,0.18518518518518517,b_only,fascinated
ssh,1.0,a_only,conrad
ssh,0.4611872146118721,shared,debts
ssh,0.6842105263157895,shared,varied
ssh,1.0,a_only,basketball
ssh,1.0,a_only,tract
ssh,1.0,a_only,regardless
ssh,0.1387900355871886,b_only,fastened
ssh,0.21673003802281368,b_only,stricken
ssh,1.0,a_only,abolished
ssh,1.0,a_only,patrol
ssh,0.6931216931216931,shared,maps
ssh,1.0,a_only,communion
ssh,0.4479638009049774,shared,hunger
ssh,1.0,a_only,chiefs
ssh,1.0,a_only,ai
ssh,1.0,a_only,decisions
ssh,0.20754716981132076,b_only,jest
ssh,0.09965635738831616,b_only,paused
ssh,0.8181818181818182,shared,soil
ssh,0.5094339622641509,shared,banks
ssh,0.3278008298755187,shared,expression
ssh,0.4222222222222222,shared,action
ssh,1.0,a_only,roland
ssh,0.39737991266375544,shared,spiders
ssh,1.0,a_only,inherent
ssh,1.0,a_only,destructive
ssh,0.4883720930232558,shared,sixteen
ssh,0.6080402010050251,shared,l
ssh,1.0,a_only,elect
ssh,0.5920398009950248,shared,jackson
ssh,1.0,a_only,trinity
ssh,0.6326530612244898,shared,preparations
ssh,0.7021276595744681,shared,regularly
ssh,0.6842105263157895,shared,tended
ssh,1.0,a_only,unified
ssh,0.2549019607843137,shared,oh
ssh,0.20300751879699247,b_only,bourgh
ssh,0.675392670157068,shared,version
ssh,0.6,shared,rogers
ssh,1.0,a_only,housing
ssh,0.25,shared,back
ssh,1.0,a_only,mackenzie
ssh,1.0,a_only,gnosticism
ssh,0.3852813852813853,shared,burst
ssh,0.09965635738831616,b_only,fancy
ssh,0.7582417582417582,shared,binding
ssh,0.19402985074626866,b_only,unlucky
ssh,0.350210970464135,shared,surely
ssh,0.32231404958677684,shared,bad
ssh,1.0,a_only,nasa
ssh,1.0,a_only,rally
ssh,0.5238095238095238,shared,picturesque
ssh,1.0,a_only,andre
ssh,0.2260536398467433,b_only,blanket
ssh,0.3168724279835391,shared,day
ssh,0.7486338797814208,shared,diamond
ssh,0.48148148148148145,shared,perform
ssh,0.2260536398467433,b_only,hasn
ssh,1.0,a_only,subfamily
ssh,0.19850187265917604,b_only,lid
ssh,1.0,a_only,versa
ssh,1.0,a_only,shopping
ssh,1.0,a_only,demanding
ssh,0.4883720930232558,shared,sailing
ssh,0.5533980582524272,shared,official
ssh,0.21212121212121213,b_only,erskine
ssh,0.3852813852813853,shared,worn
ssh,1.0,a_only,lateral
ssh,1.0,a_only,indicate
ssh,0.5609756097560976,shared,articles
ssh,0.5238095238095238,shared,degrees
ssh,0.7297297297297297,shared,emotional
ssh,1.0,a_only,switch
ssh,0.11498257839721254,b_only,wept
ssh,0.21673003802281368,b_only,fro
ssh,1.0,a_only,powered
ssh,0.1895910780669145,b_only,doan
ssh,1.0,a_only,treating
ssh,1.0,a_only,ranges
ssh,1.0,a_only,particles
ssh,0.6410256410256411,shared,inscriptions
ssh,0.3852813852813853,shared,sprang
ssh,0.09965635738831616,b_only,gracious
ssh,0.18518518518518517,b_only,depended
ssh,1.0,a_only,aspects
ssh,0.6410256410256411,shared,surrey
ssh,0.7204301075268817,shared,pious
ssh,0.3617021276595745,shared,suspicion
ssh,0.7297297297297297,shared,associations
ssh,0.20754716981132076,b_only,dusty
ssh,0.3617021276595745,shared,streets
ssh,0.2648221343873518,shared,lot
ssh,1.0,a_only,automorphism
ssh,0.4883720930232558,shared,recommend
ssh,0.19850187265917604,b_only,dinah
ssh,0.18081180811808117,b_only,starkey
ssh,0.5384615384615384,shared,rights
ssh,0.6580310880829016,shared,westward
ssh,1.0,a_only,traditional
ssh,0.5533980582524272,shared,easier
ssh,0.5609756097560976,shared,rocks
ssh,0.5094339622641509,shared,apply
ssh,0.7777777777777778,shared,trained
ssh,1.0,a_only,voted
ssh,0.40350877192982454,shared,shop
ssh,0.45454545454545453,shared,summoned
ssh,0.7297297297297297,shared,retirement
ssh,1.0,a_only,arabic
ssh,0.5165876777251185,shared,abode
ssh,0.19850187265917604,b_only,huck
ssh,0.5311004784688995,shared,ghost
ssh,0.17216117216117216,b_only,impatiently
ssh,0.7877094972067039,shared,involve
ssh,1.0,a_only,nationality
ssh,0.39737991266375544,shared,sounds
ssh,1.0,a_only,connecticut
ssh,0.23552123552123552,b_only,dreary
ssh,0.5920398009950248,shared,submit
ssh,0.6243654822335025,shared,ties
ssh,0.21212121212121213,b_only,dripping
ssh,1.0,a_only,taoism
ssh,0.3168724279835391,shared,slept
ssh,1.0,a_only,annexation
ssh,0.3114754098360656,shared,empty
ssh,1.0,a_only,treaty
ssh,0.21673003802281368,b_only,flapping
ssh,1.0,a_only,africans
ssh,0.415929203539823,shared,sacred
ssh,0.6410256410256411,shared,wrath
ssh,1.0,a_only,christie
ssh,1.0,a_only,samoa
ssh,0.4611872146118721,shared,saint
ssh,1.0,a_only,roy
ssh,1.0,a_only,semitism
ssh,0.3114754098360656,shared,blood
ssh,0.5165876777251185,shared,fourth
ssh,0.2648221343873518,shared,dark
ssh,0.2648221343873518,shared,actress
ssh,1.0,a_only,advances
ssh,0.245136186770428,shared,maybe
ssh,1.0,a_only,liver
ssh,0.4883720930232558,shared,painting
ssh,1.0,a_only,inventor
ssh,1.0,a_only,penalties
ssh,0.3793103448275862,shared,offered
ssh,0.42857142857142855,shared,veins
ssh,0.5533980582524272,shared,boot
ssh,0.4953271028037383,shared,keys
ssh,1.0,a_only,universities
ssh,0.25,shared,stop
ssh,1.0,a_only,chemicals
ssh,0.21212121212121213,b_only,8
ssh,0.23552123552123552,b_only,recollections
ssh,1.0,a_only,populations
ssh,0.7679558011049724,shared,welfare
ssh,1.0,a_only,israeli
ssh,1.0,a_only,physically
ssh,1.0,a_only,declares
ssh,1.0,a_only,models
ssh,0.29554655870445345,shared,ye
ssh,1.0,a_only,crashes
ssh,1.0,a_only,variable
ssh,0.21673003802281368,shared,if
ssh,0.5165876777251185,shared,visible
ssh,0.21212121212121213,b_only,dainty
ssh,0.5094339622641509,shared,yards
ssh,0.6842105263157895,shared,chemical
ssh,0.5686274509803921,shared,harmony
ssh,1.0,a_only,goddesses
ssh,0.20754716981132076,b_only,shouldn
ssh,0.5384615384615384,shared,nail
ssh,1.0,a_only,aluminium
ssh,1.0,a_only,ports
ssh,1.0,a_only,vocal
ssh,0.285140562248996,shared,boys
ssh,1.0,a_only,austrians
ssh,0.3389121338912134,shared,sent
ssh,1.0,a_only,bhfiann
ssh,0.6161616161616161,shared,instruments
ssh,1.0,a_only,credited
ssh,0.6931216931216931,shared,congress
ssh,0.2648221343873518,shared,something
ssh,0.3278008298755187,shared,patient
ssh,1.0,a_only,stored
ssh,0.42857142857142855,shared,repeat
ssh,1.0,a_only,soviet
ssh,1.0,a_only,ancestral
ssh,0.5686274509803921,shared,entry
ssh,1.0,a_only,spaces
ssh,0.5165876777251185,shared,reynolds
ssh,1.0,a_only,recurring
ssh,0.4883720930232558,shared,contrary
ssh,0.5533980582524272,shared,healthy
ssh,0.11498257839721254,b_only,expectation
ssh,0.08108108108108109,b_only,candle
ssh,1.0,a_only,abraxas
ssh,1.0,a_only,plateau
ssh,1.0,a_only,denote
ssh,1.0,a_only,truffaut
ssh,1.0,a_only,khan
ssh,0.19402985074626866,b_only,dashed
ssh,1.0,a_only,settlements
ssh,1.0,a_only,huxley
ssh,1.0,a_only,oxidation
ssh,0.29554655870445345,shared,without
ssh,0.5763546798029556,shared,worshipped
ssh,1.0,a_only,armor
ssh,0.6666666666666666,shared,resolve
ssh,1.0,a_only,adonis
ssh,0.7021276595744681,shared,mall
ssh,1.0,a_only,sample
ssh,0.24031007751937986,shared,think
ssh,0.6080402010050251,shared,consequently
ssh,0.6243654822335025,shared,capacity
ssh,0.6,shared,grandson
ssh,1.0,a_only,terminal
ssh,0.6080402010050251,shared,flocked
ssh,0.5841584158415841,shared,military
ssh,0.5384615384615384,shared,narrative
ssh,1.0,a_only,akkad
ssh,0.7391304347826086,shared,reveals
ssh,0.0958904109589041,b_only,lad
ssh,1.0,a_only,tribes
ssh,1.0,a_only,neil
ssh,0.20300751879699247,shared,anything
ssh,0.40350877192982454,shared,bench
ssh,0.6243654822335025,shared,apt
ssh,0.4883720930232558,shared,praise
ssh,0.7582417582417582,shared,transferred
ssh,0.6410256410256411,shared,separation
ssh,1.0,a_only,governing
ssh,0.285140562248996,shared,journey
ssh,0.2549019607843137,shared,soon
ssh,0.5023474178403756,shared,pressing
ssh,0.5686274509803921,shared,shorter
ssh,1.0,a_only,maintain
ssh,1.0,a_only,sweden
ssh,0.6161616161616161,shared,promises
ssh,1.0,a_only,metres
ssh,0.21212121212121213,b_only,stile
ssh,1.0,a_only,alexander
ssh,0.5920398009950248,shared,ernest
ssh,0.07744107744107744,b_only,nodded
ssh,1.0,a_only,generic
ssh,1.0,a_only,antonio
ssh,1.0,a_only,holidays
ssh,1.0,a_only,sri
ssh,1.0,a_only,votes
ssh,1.0,a_only,digestive
ssh,0.37339055793991416,shared,bow
ssh,0.415929203539823,shared,excitement
ssh,1.0,a_only,experts
ssh,0.0738255033557047,b_only,swear
ssh,0.5165876777251185,shared,virtue
ssh,1.0,a_only,enabling
ssh,0.10344827586206896,b_only,fond
ssh,1.0,a_only,ferdinand
ssh,0.5165876777251185,shared,views
ssh,1.0,a_only,carrel
ssh,0.44144144144144143,shared,geneva
ssh,1.0,a_only,theater
ssh,0.5384615384615384,shared,pace
ssh,1.0,a_only,gamma
ssh,1.0,a_only,derives
ssh,0.415929203539823,shared,client
ssh,0.2549019607843137,shared,clear
ssh,0.39737991266375544,shared,october
ssh,1.0,a_only,depicting
ssh,0.32231404958677684,shared,terror
ssh,0.415929203539823,shared,pistol
ssh,0.36752136752136755,shared,actually
ssh,0.5238095238095238,shared,reserve
ssh,0.7021276595744681,shared,requested
ssh,0.3008130081300813,shared,sign
ssh,0.42857142857142855,shared,steady
ssh,1.0,a_only,methane
ssh,1.0,a_only,presidency
ssh,1.0,a_only,neurological
ssh,0.4953271028037383,shared,corridor
ssh,0.0738255033557047,b_only,guess
ssh,0.42857142857142855,shared,quarter
ssh,0.3852813852813853,shared,anywhere
ssh,0.6842105263157895,shared,ca
ssh,1.0,a_only,asa
ssh,0.7021276595744681,shared,male
ssh,1.0,a_only,indicating
ssh,0.30612244897959184,shared,creature
ssh,1.0,a_only,temperate
ssh,0.4479638009049774,shared,scratch
ssh,0.24031007751937986,shared,mind
ssh,1.0,a_only,symmetric
ssh,0.42857142857142855,shared,odd
ssh,1.0,a_only,viewpoint
ssh,0.285140562248996,shared,touched
ssh,0.5533980582524272,shared,destined
ssh,0.4883720930232558,shared,replace
ssh,0.1678832116788321,b_only,knives
ssh,0.20754716981132076,b_only,panting
ssh,0.5920398009950248,shared,split
ssh,0.21673003802281368,b_only,blankets
ssh,0.5609756097560976,shared,brutal
ssh,0.19850187265917604,b_only,wrung
ssh,1.0,a_only,tat
ssh,1.0,a_only,bilingual
ssh,1.0,a_only,ff
ssh,0.19850187265917604,b_only,deduce
ssh,0.5533980582524272,shared,supported
ssh,0.3168724279835391,shared,interested
ssh,1.0,a_only,santa
ssh,1.0,a_only,coverage
ssh,1.0,a_only,publicity
ssh,0.6410256410256411,shared,gaining
ssh,0.6243654822335025,shared,sensitive
ssh,0.3389121338912134,shared,high
ssh,1.0,a_only,photographer
ssh,0.3114754098360656,shared,pale
ssh,0.6080402010050251,shared,drum
ssh,1.0,a_only,monks
ssh,1.0,a_only,protein
ssh,0.29554655870445345,shared,kind
ssh,1.0,a_only,iranian
ssh,0.7112299465240641,shared,traffic
ssh,0.11888111888111888,b_only,pains
ssh,1.0,a_only,categories
ssh,0.6243654822335025,shared,discharge
ssh,1.0,a_only,marketing
ssh,0.5686274509803921,shared,testament
ssh,0.5763546798029556,shared,effects
ssh,0.7021276595744681,shared,greenland
ssh,1.0,a_only,disagreement
ssh,0.2749003984063745,shared,however
ssh,1.0,a_only,brandenburg
ssh,0.15942028985507245,b_only,noticing
ssh,1.0,a_only,neolithic
ssh,0.5686274509803921,shared,resist
ssh,0.5609756097560976,shared,attracted
ssh,0.47465437788018433,shared,roof
ssh,0.2260536398467433,b_only,gleam
ssh,0.21212121212121213,b_only,elbows
ssh,0.6243654822335025,shared,converse
ssh,1.0,a_only,graphics
ssh,0.1267605633802817,b_only,steal
ssh,0.391304347826087,shared,witness
ssh,0.5920398009950248,shared,ordering
ssh,0.29554655870445345,shared,become
ssh,1.0,a_only,temples
ssh,0.29554655870445345,shared,stirring
ssh,1.0,a_only,sheen
ssh,1.0,a_only,implicit
ssh,0.5533980582524272,shared,chase
ssh,0.15942028985507245,b_only,helsing
ssh,0.6161616161616161,shared,discussion
ssh,0.5458937198067633,shared,prevented
ssh,0.15942028985507245,b_only,betray
ssh,1.0,a_only,sanjaks
ssh,1.0,a_only,unsuccessful
ssh,0.5384615384615384,shared,meat
ssh,0.7582417582417582,shared,ancestors
ssh,1.0,a_only,civilians
ssh,1.0,a_only,archaeology
ssh,0.17647058823529413,b_only,ragged
ssh,0.5165876777251185,shared,skill
ssh,1.0,a_only,cavity
ssh,0.28,shared,reason
ssh,0.40350877192982454,shared,generous
ssh,0.7679558011049724,shared,miraculous
ssh,0.6931216931216931,shared,attendance
ssh,0.7679558011049724,shared,abundant
ssh,1.0,a_only,kevin
ssh,0.6494845360824743,shared,fewer
ssh,0.3617021276595745,shared,city
ssh,0.5841584158415841,shared,asks
ssh,0.19850187265917604,b_only,wrist
ssh,1.0,a_only,linemen
ssh,0.2749003984063745,shared,water
ssh,0.7204301075268817,shared,mathematics
ssh,1.0,a_only,fauna
ssh,1.0,a_only,scheduled
ssh,0.19850187265917604,b_only,clad
ssh,0.5094339622641509,shared,unnatural
ssh,0.3278008298755187,shared,luck
ssh,1.0,a_only,physicists
ssh,0.6161616161616161,shared,blunt
ssh,1.0,a_only,server
ssh,0.1267605633802817,shared,on
ssh,0.29554655870445345,shared,break
ssh,0.45454545454545453,shared,strain
ssh,0.245136186770428,shared,work
ssh,1.0,a_only,episodes
ssh,0.2749003984063745,shared,has
ssh,1.0,a_only,lanka
ssh,1.0,a_only,monument
ssh,0.36752136752136755,shared,iron
ssh,0.7204301075268817,shared,acute
ssh,0.5458937198067633,shared,astonishing
ssh,1.0,a_only,amphibians
ssh,0.6931216931216931,shared,exist
ssh,1.0,a_only,claude
ssh,0.10344827586206896,b_only,plenty
ssh,0.5686274509803921,shared,sharing
ssh,0.2260536398467433,b_only,clearing
ssh,0.2749003984063745,shared,own
ssh,1.0,a_only,burns
ssh,0.5686274509803921,shared,composed
ssh,0.5384615384615384,shared,causes
ssh,0.19850187265917604,b_only,carpenter
ssh,0.6161616161616161,shared,ad
ssh,0.23076923076923078,shared,off
ssh,1.0,a_only,albatross
ssh,0.2749003984063745,shared,ever
ssh,0.797752808988764,shared,ensure
ssh,0.4479638009049774,shared,sees
ssh,0.5763546798029556,shared,detected
ssh,1.0,a_only,federal
ssh,1.0,a_only,operating
ssh,1.0,a_only,pago
ssh,1.0,a_only,butane
ssh,1.0,a_only,apatosaurus
ssh,0.6,shared,ix
ssh,0.1267605633802817,b_only,hunted
ssh,0.4222222222222222,shared,fears
ssh,1.0,a_only,berry
ssh,0.20300751879699247,b_only,resolute
ssh,0.37339055793991416,shared,goes
ssh,1.0,a_only,choir
ssh,0.245136186770428,shared,miss
ssh,0.6842105263157895,shared,deer
ssh,0.19850187265917604,b_only,angrily
ssh,0.2549019607843137,shared,voice
ssh,0.5920398009950248,shared,soldier
ssh,0.4953271028037383,shared,talents
ssh,0.5238095238095238,shared,leading
ssh,0.47465437788018433,shared,honey
ssh,0.5384615384615384,shared,abroad
ssh,0.47465437788018433,shared,veil
ssh,0.7112299465240641,shared,shield
ssh,0.7297297297297297,shared,elevation
ssh,1.0,a_only,anterior
ssh,1.0,a_only,relevant
ssh,1.0,a_only,feeding
ssh,1.0,a_only,aromatic
ssh,0.6494845360824743,shared,locks
ssh,0.5609756097560976,shared,guest
ssh,1.0,a_only,antoninus
ssh,1.0,a_only,adams
ssh,1.0,a_only,participate
ssh,1.0,a_only,enforced
ssh,1.0,a_only,franco
ssh,0.6,shared,chorus
ssh,1.0,a_only,franks
ssh,0.21673003802281368,b_only,carelessly
ssh,0.44144144144144143,shared,prospect
ssh,0.6326530612244898,shared,western
ssh,1.0,a_only,awards
ssh,0.3008130081300813,shared,age
ssh,1.0,a_only,anarchism
ssh,0.21673003802281368,b_only,trifling
ssh,0.5686274509803921,shared,sand
ssh,0.5165876777251185,shared,begins
ssh,1.0,a_only,numbered
ssh,0.3278008298755187,shared,finn
ssh,1.0,a_only,jobs
ssh,1.0,a_only,oceans
ssh,0.5458937198067633,shared,comparison
ssh,0.44144144144144143,shared,taste
ssh,0.350210970464135,shared,disappeared
ssh,0.47465437788018433,shared,aid
ssh,0.2698412698412698,shared,many
ssh,0.47465437788018433,shared,hunting
ssh,0.6326530612244898,shared,concerns
ssh,0.5533980582524272,shared,incident
ssh,0.7021276595744681,shared,medium
ssh,0.3333333333333333,shared,remark
ssh,1.0,a_only,circ
ssh,0.11498257839721254,b_only,anxiously
ssh,0.11888111888111888,b_only,cab
ssh,1.0,a_only,publisher
ssh,0.6080402010050251,shared,cargo
ssh,0.2260536398467433,b_only,queens
ssh,1.0,a_only,vehicles
ssh,1.0,a_only,charts
ssh,0.5763546798029556,shared,umbrella
ssh,0.3008130081300813,shared,thousand
ssh,0.350210970464135,shared,moon
ssh,1.0,a_only,illustrated
ssh,0.7777777777777778,shared,precise
ssh,0.4953271028037383,shared,elbow
ssh,0.6,shared,helping
ssh,0.6842105263157895,shared,improve
ssh,0.2549019607843137,shared,both
ssh,0.20754716981132076,b_only,gloves
ssh,1.0,a_only,premier
ssh,0.5238095238095238,shared,calls
ssh,1.0,a_only,ethical
ssh,0.2698412698412698,shared,stood
ssh,1.0,a_only,contributions
ssh,0.3793103448275862,shared,spare
ssh,0.5165876777251185,shared,personality
ssh,1.0,a_only,pogroms
ssh,1.0,a_only,maryland
ssh,1.0,a_only,germans
ssh,0.7112299465240641,shared,believes
ssh,1.0,a_only,saskatchewan
ssh,0.4349775784753363,shared,brighton
ssh,1.0,a_only,iupac
ssh,0.6931216931216931,shared,grant
ssh,0.5686274509803921,shared,adjusted
ssh,0.48148148148148145,shared,delayed
ssh,0.5841584158415841,shared,considerably
ssh,0.5686274509803921,shared,expressions
ssh,0.3333333333333333,shared,instantly
ssh,1.0,a_only,subsequent
ssh,1.0,a_only,govern
ssh,0.675392670157068,shared,adding
ssh,0.7679558011049724,shared,christ
ssh,0.21212121212121213,b_only,warmed
ssh,0.24031007751937986,b_only,sherburn
ssh,0.3278008298755187,shared,week
ssh,0.17647058823529413,shared,more
ssh,0.5763546798029556,shared,horn
ssh,0.5533980582524272,shared,copper
ssh,1.0,a_only,favor
ssh,0.4883720930232558,shared,mail
ssh,0.1347517730496454,b_only,stake
ssh,0.3278008298755187,shared,cat
ssh,0.1895910780669145,b_only,rags
ssh,0.5686274509803921,shared,oak
ssh,0.1552346570397112,b_only,damp
ssh,0.4349775784753363,shared,holes
ssh,0.19402985074626866,b_only,charmed
ssh,0.6410256410256411,shared,lined
ssh,1.0,a_only,colspan
ssh,0.6161616161616161,shared,practise
ssh,0.5458937198067633,shared,drunken
ssh,1.0,a_only,regulations
ssh,1.0,a_only,derleth
ssh,0.19850187265917604,b_only,consented
ssh,0.19850187265917604,b_only,finer
ssh,0.2903225806451613,shared,might
ssh,1.0,a_only,boston
ssh,0.6,shared,contain
ssh,0.47465437788018433,shared,appears
ssh,0.285140562248996,shared,always
ssh,0.5763546798029556,shared,brilliant
ssh,1.0,a_only,align
ssh,0.6080402010050251,shared,fuller
ssh,1.0,a_only,andorra
ssh,1.0,a_only,feminist
ssh,0.5311004784688995,shared,valued
ssh,1.0,a_only,statesman
ssh,0.23076923076923078,b_only,orgies
ssh,1.0,a_only,kilometres
ssh,0.7777777777777778,shared,mississippi
ssh,0.5609756097560976,shared,notwithstanding
ssh,0.3617021276595745,shared,slow
ssh,0.21212121212121213,b_only,natured
ssh,0.5311004784688995,shared,anchor
ssh,1.0,a_only,axioms
ssh,1.0,a_only,debut
ssh,0.6580310880829016,shared,tip
ssh,0.20754716981132076,b_only,implored
ssh,1.0,a_only,esoteric
ssh,0.7297297297297297,shared,survived
ssh,0.4953271028037383,shared,accompany
ssh,0.4611872146118721,shared,venture
ssh,1.0,a_only,harvard
ssh,0.42857142857142855,shared,due
ssh,0.37339055793991416,shared,sought
ssh,0.6080402010050251,shared,string
ssh,1.0,a_only,stuart
ssh,1.0,a_only,protestant
ssh,0.6666666666666666,shared,southern
ssh,0.22137404580152673,shared,never
ssh,1.0,a_only,persecution
ssh,0.20754716981132076,b_only,gladness
ssh,0.23076923076923078,b_only,whither
ssh,0.245136186770428,shared,leave
ssh,0.5920398009950248,shared,carved
ssh,0.0958904109589041,b_only,forgive
ssh,0.20754716981132076,b_only,sincere
ssh,0.3559322033898305,shared,equal
ssh,1.0,a_only,ambiguity
ssh,1.0,a_only,constellation
ssh,0.19402985074626866,b_only,sibyl
ssh,0.350210970464135,shared,rooms
ssh,1.0,a_only,stages
ssh,0.3114754098360656,shared,couple
ssh,0.6161616161616161,shared,hero
ssh,0.6931216931216931,shared,cord
ssh,0.1267605633802817,b_only,tearing
ssh,0.2549019607843137,shared,judged
ssh,0.5023474178403756,shared,license
ssh,0.3168724279835391,shared,table
ssh,0.5384615384615384,shared,steering
ssh,0.5238095238095238,shared,native
ssh,1.0,a_only,markets
ssh,1.0,a_only,antiproton
ssh,0.7297297297297297,shared,necessarily
ssh,1.0,a_only,fernando
ssh,0.7297297297297297,shared,route
ssh,1.0,a_only,chess
ssh,0.3168724279835391,shared,proud
ssh,0.7021276595744681,shared,mixing
ssh,0.20754716981132076,b_only,forbid
ssh,1.0,a_only,flowering
ssh,0.4349775784753363,shared,suit
ssh,0.5311004784688995,shared,cost
ssh,1.0,a_only,theodosius
ssh,1.0,a_only,focused
ssh,0.4222222222222222,shared,nest
ssh,1.0,a_only,predominantly
ssh,0.42857142857142855,shared,agitation
ssh,1.0,a_only,circuits
ssh,1.0,a_only,motivation
ssh,1.0,a_only,taliban
ssh,0.5023474178403756,shared,occasionally
ssh,0.1678832116788321,b_only,pretending
ssh,0.18518518518518517,b_only,sufferings
ssh,1.0,a_only,abba
ssh,0.46788990825688076,shared,storm
ssh,0.5023474178403756,shared,agree
ssh,1.0,a_only,sodium
ssh,0.5165876777251185,shared,tortured
ssh,1.0,a_only,municipal
ssh,0.17216117216117216,b_only,perplexity
ssh,0.3852813852813853,shared,snapped
ssh,0.11498257839721254,b_only,tolerable
ssh,1.0,a_only,immigrants
ssh,0.28,shared,longer
ssh,0.6580310880829016,shared,depression
ssh,0.5238095238095238,shared,qualities
ssh,0.17216117216117216,b_only,pleaded
ssh,0.2549019607843137,shared,nearly
ssh,0.3278008298755187,shared,tried
ssh,1.0,a_only,bishop
ssh,0.2903225806451613,shared,pray
ssh,0.5533980582524272,shared,instructions
ssh,0.16363636363636364,b_only,rusty
ssh,0.4883720930232558,shared,chamber
ssh,0.48148148148148145,shared,feather
ssh,0.3793103448275862,shared,gnat
ssh,0.24031007751937986,b_only,presume
ssh,1.0,a_only,technologies
ssh,1.0,a_only,electoral
ssh,0.23552123552123552,b_only,snowy
ssh,1.0,a_only,kansas
ssh,0.7204301075268817,shared,isolated
ssh,0.20754716981132076,b_only,trot
ssh,0.32231404958677684,shared,clever
ssh,0.6161616161616161,shared,anticipated
ssh,0.3008130081300813,shared,days
ssh,1.0,a_only,processing
ssh,1.0,a_only,palestine
ssh,0.6494845360824743,shared,privately
ssh,0.2903225806451613,shared,putting
ssh,0.3008130081300813,shared,first
ssh,0.5311004784688995,shared,valuable
ssh,0.6,shared,scarce
ssh,1.0,a_only,artefacts
ssh,0.391304347826087,shared,pressed
ssh,1.0,a_only,anglicans
ssh,0.28,shared,every
ssh,0.21212121212121213,shared,way
ssh,0.5165876777251185,shared,prayers
ssh,0.5165876777251185,shared,flame
ssh,0.12280701754385964,shared,said
ssh,1.0,a_only,shifted
ssh,0.3389121338912134,shared,dollars
ssh,0.415929203539823,shared,haven
ssh,0.7112299465240641,shared,speaker
ssh,1.0,a_only,experimented
ssh,0.22137404580152673,b_only,cavern
ssh,0.5533980582524272,shared,accidents
ssh,0.415929203539823,shared,tomb
ssh,1.0,a_only,inventions
ssh,1.0,a_only,agrippina
ssh,1.0,a_only,woolfson
ssh,1.0,a_only,conflicts
ssh,0.6,shared,species
ssh,1.0,a_only,columbia
ssh,0.25,b_only,unjust
ssh,0.5165876777251185,shared,cliff
ssh,1.0,a_only,anthropologists
ssh,0.5763546798029556,shared,confined
ssh,1.0,a_only,ares
ssh,1.0,a_only,continent
ssh,1.0,a_only,developmental
ssh,0.807909604519774,shared,pope
ssh,0.3278008298755187,shared,n
ssh,1.0,a_only,schopenhauer
ssh,0.47465437788018433,shared,collected
ssh,0.2260536398467433,shared,took
ssh,0.21673003802281368,shared,lips
ssh,1.0,a_only,png
ssh,0.7204301075268817,shared,enraged
ssh,0.7021276595744681,shared,injuries
ssh,1.0,a_only,decisive
ssh,0.7021276595744681,shared,industry
ssh,1.0,a_only,broadcasting
ssh,0.5920398009950248,shared,grab
ssh,0.10726643598615918,b_only,dreadfully
ssh,1.0,a_only,designer
ssh,0.5165876777251185,shared,captivity
ssh,1.0,a_only,annihilation
ssh,1.0,a_only,bavarian
ssh,1.0,a_only,contexts
ssh,0.5841584158415841,shared,secured
ssh,1.0,a_only,howe
ssh,1.0,a_only,paintings
ssh,1.0,a_only,abacus
ssh,0.675392670157068,shared,replaced
ssh,1.0,a_only,epistles
ssh,0.6,shared,employ
ssh,0.6494845360824743,shared,complained
ssh,0.5763546798029556,shared,applied
ssh,0.285140562248996,shared,none
ssh,1.0,a_only,belgian
ssh,0.7391304347826086,shared,total
ssh,1.0,a_only,specifically
ssh,0.21673003802281368,b_only,shire
ssh,1.0,a_only,portrayed
ssh,1.0,a_only,achilles
ssh,1.0,a_only,tends
ssh,0.6,shared,respecting
ssh,1.0,a_only,commander
ssh,1.0,a_only,products
ssh,0.5533980582524272,shared,chances
ssh,0.3008130081300813,shared,window
ssh,1.0,a_only,cult
ssh,0.391304347826087,shared,painful
ssh,1.0,a_only,lunar
ssh,0.5686274509803921,shared,welcomed
ssh,0.5609756097560976,shared,customs
ssh,1.0,a_only,conceptual
ssh,1.0,a_only,athabasca
ssh,1.0,a_only,eventual
ssh,0.24031007751937986,shared,must
ssh,1.0,a_only,photos
ssh,1.0,a_only,specialized
ssh,1.0,a_only,hawaii
ssh,0.47465437788018433,shared,energy
ssh,0.20300751879699247,b_only,confession
ssh,0.6080402010050251,shared,arriving
ssh,1.0,a_only,ld
ssh,0.2260536398467433,b_only,wig
ssh,1.0,a_only,philosophies
ssh,0.5533980582524272,shared,acknowledged
ssh,1.0,a_only,extraction
ssh,0.5686274509803921,shared,crowds
ssh,0.5609756097560976,shared,nobility
ssh,0.4953271028037383,shared,firm
ssh,1.0,a_only,abbreviations
ssh,0.20754716981132076,b_only,watchful
ssh,0.6326530612244898,shared,arrows
ssh,0.7582417582417582,shared,shift
ssh,1.0,a_only,colored
ssh,0.32231404958677684,shared,doesn
ssh,0.6080402010050251,shared,tower
ssh,1.0,a_only,receives
ssh,1.0,a_only,julia
ssh,0.44144144144144143,shared,hearing
ssh,1.0,a_only,counties
ssh,0.6494845360824743,shared,masses
ssh,1.0,a_only,revenue
ssh,0.23076923076923078,b_only,plank
ssh,1.0,a_only,translated
ssh,0.0958904109589041,b_only,glancing
ssh,1.0,a_only,petroleum
ssh,0.6080402010050251,shared,defence
ssh,0.7486338797814208,shared,erected
ssh,0.20754716981132076,b_only,madly
ssh,0.21212121212121213,b_only,tempest
ssh,1.0,a_only,amber
ssh,1.0,a_only,replica
ssh,0.6326530612244898,shared,conditions
ssh,0.44144144144144143,shared,amid
ssh,1.0,a_only,liberation
ssh,1.0,a_only,performing
ssh,0.350210970464135,shared,road
ssh,0.40969162995594716,shared,highly
ssh,0.5763546798029556,shared,provisions
ssh,1.0,a_only,charter
ssh,1.0,a_only,hydrochloric
ssh,1.0,a_only,originating
ssh,0.5609756097560976,shared,prize
ssh,0.10726643598615918,b_only,seated
ssh,0.44144144144144143,shared,lover
ssh,0.6842105263157895,shared,identity
ssh,1.0,a_only,issues
ssh,0.415929203539823,shared,pet
ssh,1.0,a_only,reactive
ssh,0.5023474178403756,shared,wire
ssh,1.0,a_only,divisions
ssh,0.23076923076923078,b_only,12
ssh,0.1267605633802817,b_only,brains
ssh,0.3278008298755187,shared,ways
ssh,0.19850187265917604,b_only,hasten
ssh,0.1895910780669145,b_only,shawl
ssh,0.1387900355871886,shared,for
ssh,1.0,a_only,politician
ssh,0.18518518518518517,b_only,triumphantly
ssh,1.0,a_only,digits
ssh,0.675392670157068,shared,dominant
ssh,0.17647058823529413,b_only,1
ssh,0.36752136752136755,shared,french
ssh,0.2698412698412698,shared,already
ssh,0.18518518518518517,b_only,settling
ssh,0.44144144144144143,shared,required
ssh,0.30612244897959184,shared,spoken
ssh,0.18518518518518517,b_only,frost
ssh,0.10344827586206896,b_only,wretched
ssh,0.5458937198067633,shared,traced
ssh,0.48148148148148145,shared,fields
ssh,0.45454545454545453,shared,marks
ssh,0.29554655870445345,shared,arm
ssh,0.5763546798029556,shared,dried
ssh,1.0,a_only,coupled
ssh,0.23076923076923078,b_only,faintly
ssh,0.5533980582524272,shared,wounded
ssh,1.0,a_only,seq
ssh,0.7582417582417582,shared,holland
ssh,1.0,a_only,siberia
ssh,0.7486338797814208,shared,slaves
ssh,0.5238095238095238,shared,ride
ssh,0.7582417582417582,shared,rubber
ssh,0.5165876777251185,shared,increased
ssh,0.5384615384615384,shared,accurate
ssh,0.5763546798029556,shared,treatment
ssh,1.0,a_only,ban
ssh,0.6666666666666666,shared,root
ssh,1.0,a_only,spartan
ssh,1.0,a_only,thetis
ssh,0.29554655870445345,shared,henry
ssh,0.1895910780669145,b_only,curled
ssh,0.48148148148148145,shared,figures
ssh,0.5533980582524272,shared,slope
ssh,0.4611872146118721,shared,occupied
ssh,1.0,a_only,korzybski
ssh,0.14695340501792115,b_only,cruncher
ssh,0.19850187265917604,b_only,needn
ssh,1.0,a_only,guitarist
ssh,0.3617021276595745,shared,occurred
ssh,0.21212121212121213,b_only,chaw
ssh,0.21212121212121213,b_only,pictured
ssh,0.5686274509803921,shared,palace
ssh,1.0,a_only,correction
ssh,1.0,a_only,enhanced
ssh,0.5094339622641509,shared,utterly
ssh,0.7391304347826086,shared,writers
ssh,1.0,a_only,jazz
ssh,1.0,a_only,adobe
ssh,0.675392670157068,shared,plays
ssh,1.0,a_only,connor
ssh,0.5609756097560976,shared,tremendous
ssh,0.19402985074626866,b_only,politely
ssh,1.0,a_only,coptic
ssh,1.0,a_only,indo
ssh,1.0,a_only,friars
ssh,0.1895910780669145,b_only,wrinkled
ssh,0.40969162995594716,shared,wherever
ssh,0.37339055793991416,shared,seat
ssh,0.09215017064846416,b_only,startled
ssh,1.0,a_only,balloons
ssh,1.0,a_only,fide
ssh,1.0,a_only,julius
ssh,0.3278008298755187,shared,peace
ssh,0.48148148148148145,shared,speed
ssh,0.3617021276595745,shared,opening
ssh,0.7021276595744681,shared,defeat
ssh,1.0,a_only,aviation
ssh,0.11498257839721254,shared,with
ssh,1.0,a_only,boxer
ssh,0.6580310880829016,shared,paths
ssh,1.0,a_only,benedict
ssh,0.45454545454545453,shared,islands
ssh,0.4883720930232558,shared,winding
ssh,0.5238095238095238,shared,objection
ssh,0.1347517730496454,b_only,secrecy
ssh,0.245136186770428,shared,made
ssh,1.0,a_only,unofficial
ssh,0.37339055793991416,shared,alarm
ssh,0.3168724279835391,shared,entered
ssh,1.0,a_only,celebration
ssh,1.0,a_only,influential
ssh,1.0,a_only,hughes
ssh,1.0,a_only,array
ssh,0.5384615384615384,shared,arrangements
ssh,0.10344827586206896,b_only,uneasy
ssh,1.0,a_only,lm
ssh,1.0,a_only,singer
ssh,1.0,a_only,screenwriter
ssh,0.6326530612244898,shared,solve
ssh,0.21673003802281368,b_only,muffled
ssh,1.0,a_only,alumni
ssh,0.08843537414965986,b_only,temper
ssh,0.7112299465240641,shared,denounced
ssh,0.5920398009950248,shared,feature
ssh,1.0,a_only,christians
ssh,0.5023474178403756,shared,smell
ssh,0.1267605633802817,b_only,dining
ssh,1.0,a_only,egyptians
ssh,0.5609756097560976,shared,sunny
ssh,0.5165876777251185,shared,continually
ssh,0.1387900355871886,b_only,marvellous
ssh,0.7391304347826086,shared,songs
ssh,1.0,a_only,shuttle
ssh,0.3278008298755187,shared,move
ssh,0.25984251968503935,shared,answered
ssh,1.0,a_only,retains
ssh,0.3793103448275862,shared,matters
ssh,1.0,a_only,substances
ssh,0.4349775784753363,shared,spinning
ssh,1.0,a_only,occurs
ssh,0.5533980582524272,shared,spark
ssh,0.5763546798029556,shared,magic
ssh,0.6494845360824743,shared,destroyer
ssh,0.5384615384615384,shared,charged
ssh,0.6410256410256411,shared,political
ssh,0.7204301075268817,shared,surveying
ssh,0.2549019607843137,shared,sat
ssh,1.0,a_only,ahmed
ssh,0.45454545454545453,shared,idle
ssh,1.0,a_only,chinese
ssh,0.08843537414965986,b_only,carton
ssh,1.0,a_only,attila
ssh,1.0,a_only,louisiana
ssh,0.3278008298755187,shared,girls
ssh,0.6666666666666666,shared,farmers
ssh,0.1895910780669145,b_only,whisky
ssh,0.5165876777251185,shared,trap
ssh,1.0,a_only,accessible
ssh,0.5311004784688995,shared,star
ssh,0.28,shared,any
ssh,0.3852813852813853,shared,somewhat
ssh,1.0,a_only,contested
ssh,0.5533980582524272,shared,discouraged
ssh,1.0,a_only,municipality
ssh,1.0,a_only,proposition
ssh,0.7486338797814208,shared,peak
ssh,0.21212121212121213,b_only,sails
ssh,0.07744107744107744,b_only,darnay
ssh,1.0,a_only,suez
ssh,1.0,a_only,quoted
ssh,0.21212121212121213,b_only,slovaks
ssh,1.0,a_only,designers
ssh,1.0,a_only,pad
ssh,0.20300751879699247,b_only,steamboat
ssh,0.21212121212121213,b_only,timidly
ssh,0.6243654822335025,shared,sends
ssh,0.7486338797814208,shared,virgin
ssh,0.2260536398467433,b_only,appetite
ssh,0.5094339622641509,shared,consent
ssh,0.350210970464135,shared,joe
ssh,1.0,a_only,syndrome
ssh,1.0,a_only,economically
ssh,1.0,a_only,abu
ssh,1.0,a_only,consonant
ssh,0.5094339622641509,shared,ma
ssh,0.20754716981132076,b_only,tumbrils
ssh,1.0,a_only,establishing
ssh,0.22137404580152673,b_only,shove
ssh,1.0,a_only,southeast
ssh,1.0,a_only,abatement
ssh,0.285140562248996,shared,visit
ssh,0.25,shared,ill
ssh,0.5763546798029556,shared,unlike
ssh,0.16363636363636364,b_only,sorrowful
ssh,1.0,a_only,cited
ssh,0.245136186770428,shared,right
ssh,0.245136186770428,shared,ah
ssh,1.0,a_only,supporting
ssh,1.0,a_only,independently
ssh,0.44144144144144143,shared,buzz
ssh,0.3559322033898305,shared,unless
ssh,1.0,a_only,navy
ssh,0.09215017064846416,b_only,woke
ssh,1.0,a_only,harbor
ssh,0.6842105263157895,shared,testimony
ssh,0.39737991266375544,shared,intimate
ssh,1.0,a_only,furthermore
ssh,0.6,shared,spotted
ssh,0.21212121212121213,b_only,linen
ssh,1.0,a_only,successor
ssh,1.0,a_only,ludwig
ssh,0.5458937198067633,shared,theories
ssh,0.20300751879699247,b_only,knitted
ssh,0.5686274509803921,shared,signal
ssh,1.0,a_only,proclaimed
ssh,0.7204301075268817,shared,accuracy
ssh,1.0,a_only,fao
ssh,0.5238095238095238,shared,attempted
ssh,0.5686274509803921,shared,pattern
ssh,1.0,a_only,reversed
ssh,0.12280701754385964,b_only,tellson
ssh,0.5094339622641509,shared,risk
ssh,0.3793103448275862,shared,um
ssh,0.44144144144144143,shared,noon
ssh,1.0,a_only,etymology
ssh,0.4883720930232558,shared,plate
ssh,0.23076923076923078,shared,getting
ssh,0.6243654822335025,shared,methods
ssh,0.4611872146118721,shared,pack
ssh,0.30612244897959184,shared,rose
ssh,0.21673003802281368,b_only,repose
ssh,0.44144144144144143,shared,prevent
ssh,0.19402985074626866,b_only,shoved
ssh,0.2260536398467433,shared,got
ssh,0.1510791366906475,b_only,bingley
ssh,0.17216117216117216,b_only,tongues
ssh,0.25,shared,go
ssh,1.0,a_only,priscus
ssh,0.7777777777777778,shared,warmer
ssh,0.7204301075268817,shared,constructed
ssh,0.4883720930232558,shared,jacket
ssh,0.6931216931216931,shared,gross
ssh,1.0,a_only,regulated
ssh,1.0,a_only,nuclear
ssh,0.6326530612244898,shared,entertainment
ssh,0.3008130081300813,shared,find
ssh,0.48148148148148145,shared,endeavour
ssh,1.0,a_only,objectivist
ssh,1.0,a_only,imports
ssh,0.4479638009049774,shared,triumph
ssh,0.350210970464135,shared,mark
ssh,1.0,a_only,despite
ssh,1.0,a_only,biological
ssh,0.45454545454545453,shared,mushroom
ssh,0.7679558011049724,shared,sphere
ssh,1.0,a_only,continents
ssh,1.0,a_only,paratime
ssh,0.4883720930232558,shared,acknowledge
ssh,0.5609756097560976,shared,major
ssh,0.5920398009950248,shared,retreat
ssh,1.0,a_only,chairman
ssh,0.37339055793991416,shared,either
ssh,0.7297297297297297,shared,washington
ssh,0.797752808988764,shared,turkish
ssh,0.48148148148148145,shared,indifference
ssh,1.0,a_only,abwehr
ssh,0.2648221343873518,shared,street
ssh,0.2549019607843137,shared,neither
ssh,0.3852813852813853,shared,troubles
ssh,0.5238095238095238,shared,backwards
ssh,1.0,a_only,diagnosis
ssh,1.0,a_only,california
ssh,0.25984251968503935,shared,eye
ssh,0.675392670157068,shared,harder
ssh,0.23076923076923078,shared,came
ssh,0.6,shared,intercourse
ssh,0.2698412698412698,shared,chance
ssh,0.5841584158415841,shared,topic
ssh,0.4611872146118721,shared,affected
ssh,0.6326530612244898,shared,soap
ssh,1.0,a_only,amateurs
ssh,0.30612244897959184,shared,determined
ssh,0.6666666666666666,shared,descendants
ssh,0.7112299465240641,shared,junior
ssh,0.5023474178403756,shared,struggling
ssh,0.6,shared,aiming
ssh,0.5165876777251185,shared,intervals
ssh,0.21673003802281368,b_only,invent
ssh,0.6326530612244898,shared,exchange
ssh,0.5920398009950248,shared,emerge
ssh,1.0,a_only,choices
ssh,1.0,a_only,density
ssh,0.5686274509803921,shared,deaf
ssh,0.5920398009950248,shared,pit
ssh,0.5686274509803921,shared,president
ssh,0.6931216931216931,shared,accusation
ssh,0.5384615384615384,shared,refused
ssh,0.6243654822335025,shared,resigned
ssh,0.5533980582524272,shared,guidance
ssh,0.06666666666666667,b_only,chin
ssh,0.5165876777251185,shared,plantation
ssh,1.0,a_only,methyl
ssh,0.2260536398467433,shared,into
ssh,0.7486338797814208,shared,pilot
ssh,0.3559322033898305,shared,worst
ssh,0.22137404580152673,b_only,streak
ssh,1.0,a_only,alphabets
ssh,0.4479638009049774,shared,tools
ssh,0.20754716981132076,b_only,bunch
ssh,1.0,a_only,pi
ssh,0.6,shared,encounter
ssh,1.0,a_only,organisms
ssh,0.5238095238095238,shared,battle
ssh,0.5023474178403756,shared,mountain
ssh,0.6842105263157895,shared,planning
ssh,0.6161616161616161,shared,adjoining
ssh,0.13074204946996468,shared,was
ssh,0.5094339622641509,shared,selfish
ssh,0.6842105263157895,shared,bricks
ssh,1.0,a_only,earl
ssh,1.0,a_only,norm
ssh,0.6243654822335025,shared,chat
ssh,1.0,a_only,almond
ssh,0.23076923076923078,b_only,instinctively
ssh,0.350210970464135,shared,observe
ssh,1.0,a_only,fort
ssh,1.0,a_only,antimony
ssh,0.20754716981132076,b_only,mingled
ssh,0.5311004784688995,shared,cup
ssh,1.0,a_only,conquests
ssh,0.675392670157068,shared,images
ssh,0.7297297297297297,shared,device
ssh,0.5023474178403756,shared,louis
ssh,0.15942028985507245,b_only,tink
ssh,0.09965635738831616,b_only,leaned
ssh,0.5841584158415841,shared,appointment
ssh,0.6580310880829016,shared,steel
ssh,0.7486338797814208,shared,courts
ssh,1.0,a_only,catholicism
ssh,1.0,a_only,cooling
ssh,0.45454545454545453,shared,injured
ssh,0.3559322033898305,shared,dangerous
ssh,1.0,a_only,epithet
ssh,0.5609756097560976,shared,reasoned
ssh,1.0,a_only,poll
ssh,0.3008130081300813,shared,lived
ssh,0.3114754098360656,shared,new
ssh,1.0,a_only,ali
ssh,1.0,a_only,mans
ssh,1.0,a_only,abscess
ssh,0.6326530612244898,shared,readers
ssh,0.5023474178403756,shared,violence
ssh,0.5238095238095238,shared,war
ssh,1.0,a_only,da
ssh,0.6080402010050251,shared,deserts
ssh,1.0,a_only,potential
ssh,1.0,a_only,circuit
ssh,0.7204301075268817,shared,aimed
ssh,1.0,a_only,allegedly
ssh,0.22137404580152673,shared,mrs
ssh,0.6080402010050251,shared,motives
ssh,0.23552123552123552,shared,start
ssh,0.7391304347826086,shared,detect
ssh,0.20754716981132076,b_only,drooping
ssh,1.0,a_only,rendezvous
ssh,0.6161616161616161,shared,severely
ssh,0.14695340501792115,b_only,stryver
ssh,1.0,a_only,funds
ssh,0.4611872146118721,shared,emotion
ssh,0.23552123552123552,shared,nobody
ssh,0.3793103448275862,shared,learned
ssh,1.0,a_only,proteins
ssh,0.4479638009049774,shared,frenchman
ssh,0.245136186770428,b_only,stooping
ssh,1.0,a_only,practically
ssh,0.5920398009950248,shared,h
ssh,1.0,a_only,astrological
ssh,0.6161616161616161,shared,eloquence
ssh,0.2648221343873518,shared,because
ssh,0.6666666666666666,shared,preferred
ssh,1.0,a_only,founding
ssh,0.2260536398467433,b_only,shutters
ssh,0.20754716981132076,b_only,leviathan
ssh,0.48148148148148145,shared,secure
ssh,0.1111111111111111,b_only,stairs
ssh,0.32231404958677684,shared,knife
ssh,0.5458937198067633,shared,interval
ssh,0.6666666666666666,shared,measured
ssh,0.1111111111111111,b_only,supper
ssh,0.48148148148148145,shared,backed
ssh,0.19850187265917604,b_only,soundly
ssh,0.30612244897959184,shared,believed
ssh,1.0,a_only,ranking
ssh,1.0,a_only,gothic
ssh,0.15942028985507245,b_only,humpty
ssh,0.6080402010050251,shared,illustrations
ssh,1.0,a_only,atari
ssh,0.7204301075268817,shared,significant
ssh,0.20300751879699247,b_only,afforded
ssh,0.6494845360824743,shared,repeatedly
ssh,0.30612244897959184,shared,changed
ssh,1.0,a_only,studios
ssh,1.0,a_only,variables
ssh,1.0,a_only,infections
ssh,0.6161616161616161,shared,survive
ssh,1.0,a_only,planet
ssh,0.14285714285714285,b_only,anguish
ssh,0.6161616161616161,shared,opportunities
ssh,1.0,a_only,convicted
ssh,1.0,a_only,massachusetts
ssh,0.0738255033557047,b_only,awful
ssh,0.6494845360824743,shared,uncovered
ssh,1.0,a_only,virus
ssh,0.42857142857142855,shared,orders
ssh,0.6931216931216931,shared,film
ssh,1.0,a_only,satirical
ssh,1.0,a_only,polynomial
ssh,0.6666666666666666,shared,stripped
ssh,1.0,a_only,recordings
ssh,1.0,a_only,electromagnetic
ssh,0.6494845360824743,shared,modest
ssh,0.2260536398467433,b_only,commence
ssh,0.6410256410256411,shared,injury
ssh,1.0,a_only,chart
ssh,0.7297297297297297,shared,per
ssh,0.3445378151260504,shared,perfect
ssh,0.245136186770428,b_only,grandeur
ssh,0.2903225806451613,shared,met
ssh,0.5023474178403756,shared,attitude
ssh,0.14695340501792115,b_only,beheld
ssh,1.0,a_only,variance
ssh,1.0,a_only,philadelphia
ssh,1.0,a_only,venus
ssh,0.7679558011049724,shared,creek
ssh,0.7297297297297297,shared,estimate
ssh,0.4611872146118721,shared,consulting
ssh,0.3389121338912134,shared,youth
ssh,1.0,a_only,rivals
ssh,0.6080402010050251,shared,cabinet
ssh,1.0,a_only,reviewed
ssh,1.0,a_only,bakunin
ssh,0.24031007751937986,b_only,24
ssh,0.2903225806451613,shared,those
ssh,1.0,a_only,oklahoma
ssh,1.0,a_only,algebraic
ssh,0.37339055793991416,shared,nephew
ssh,0.6161616161616161,shared,non
ssh,0.23076923076923078,b_only,procured
ssh,0.13074204946996468,b_only,sofa
ssh,1.0,a_only,rifle
ssh,1.0,a_only,jpg
ssh,1.0,a_only,surrender
ssh,1.0,a_only,architects
ssh,0.23552123552123552,b_only,caution
ssh,0.2698412698412698,shared,other
ssh,1.0,a_only,requirement
ssh,0.6580310880829016,shared,coins
ssh,0.7021276595744681,shared,streams
ssh,0.25,shared,thing
ssh,1.0,a_only,ambrose
ssh,1.0,a_only,austin
ssh,1.0,a_only,modified
ssh,0.6931216931216931,shared,artificial
ssh,1.0,a_only,monthly
ssh,0.5686274509803921,shared,mar
ssh,0.391304347826087,shared,weakness
ssh,0.6494845360824743,shared,alexandre
ssh,1.0,a_only,referendum
ssh,0.7777777777777778,shared,realized
ssh,1.0,a_only,billion
ssh,0.48148148148148145,shared,price
ssh,0.5609756097560976,shared,nevertheless
ssh,1.0,a_only,ransom
ssh,1.0,a_only,audiences
ssh,1.0,a_only,identifies
ssh,0.3114754098360656,shared,being
ssh,0.18081180811808117,b_only,parsonage
ssh,0.23076923076923078,b_only,shrieked
ssh,1.0,a_only,photo
ssh,0.5094339622641509,shared,protested
ssh,0.2749003984063745,shared,times
ssh,1.0,a_only,clergy
ssh,0.39737991266375544,shared,station
ssh,1.0,a_only,pseudo
ssh,1.0,a_only,constitutional
ssh,0.5165876777251185,shared,detail
ssh,0.19402985074626866,b_only,dern
ssh,1.0,a_only,edinburgh
ssh,0.07744107744107744,b_only,kissed
ssh,0.5023474178403756,shared,using
ssh,0.47465437788018433,shared,directly
ssh,0.21673003802281368,b_only,hunsford
ssh,1.0,a_only,allied
ssh,0.1347517730496454,b_only,sweetness
ssh,0.5609756097560976,shared,flown
ssh,0.19850187265917604,b_only,sticking
ssh,0.18518518518518517,b_only,comply
ssh,1.0,a_only,cox
ssh,1.0,a_only,belgium
ssh,0.09965635738831616,b_only,advise
ssh,0.4611872146118721,shared,float
ssh,1.0,a_only,thinkers
ssh,0.40969162995594716,shared,miles
ssh,0.6931216931216931,shared,skull
ssh,0.6243654822335025,shared,elaborate
ssh,0.12280701754385964,b_only,sorrows
ssh,0.5238095238095238,shared,attractions
ssh,1.0,a_only,oracle
ssh,1.0,a_only,volcanic
ssh,1.0,a_only,comments
ssh,1.0,a_only,optical
ssh,0.4349775784753363,shared,paying
ssh,1.0,a_only,metals
ssh,0.45454545454545453,shared,trace
ssh,0.350210970464135,shared,reading
ssh,0.42857142857142855,shared,helped
ssh,1.0,a_only,seventh
ssh,0.5920398009950248,shared,distinguished
ssh,1.0,a_only,afghanistan
ssh,1.0,a_only,announces
ssh,0.7582417582417582,shared,population
ssh,0.21673003802281368,b_only,longing
ssh,0.19402985074626866,b_only,kirwin
ssh,1.0,a_only,essay
ssh,0.4953271028037383,shared,romantic
ssh,0.5841584158415841,shared,expressing
ssh,0.6243654822335025,shared,million
ssh,1.0,a_only,mhz
ssh,0.6161616161616161,shared,hooker
ssh,0.22137404580152673,b_only,4
ssh,0.2903225806451613,shared,sick
ssh,1.0,a_only,extract
ssh,1.0,a_only,rhetoric
ssh,0.6494845360824743,shared,boiling
ssh,1.0,a_only,solutions
ssh,0.46788990825688076,shared,counsel
ssh,1.0,a_only,reduce
ssh,0.4349775784753363,shared,flying
ssh,0.6931216931216931,shared,opposed
ssh,0.7021276595744681,shared,hebrew
ssh,0.4883720930232558,shared,apartment
ssh,0.6161616161616161,shared,section
ssh,0.6161616161616161,shared,susan
ssh,1.0,a_only,corporate
ssh,1.0,a_only,specified
ssh,1.0,a_only,criticised
ssh,0.20754716981132076,b_only,lifeless
ssh,0.10726643598615918,b_only,danced
ssh,1.0,a_only,imported
ssh,1.0,a_only,imac
ssh,1.0,a_only,android
ssh,0.5763546798029556,shared,foreign
ssh,0.6161616161616161,shared,graves
ssh,0.6080402010050251,shared,criminals
ssh,0.4479638009049774,shared,complete
ssh,0.3559322033898305,shared,beside
ssh,0.7679558011049724,shared,diseases
ssh,1.0,a_only,location
ssh,0.3333333333333333,shared,holding
ssh,1.0,a_only,kurtz
ssh,1.0,a_only,bytes
ssh,1.0,a_only,racism
ssh,1.0,a_only,cambrian
ssh,0.39737991266375544,shared,crime
ssh,0.285140562248996,shared,middle
ssh,0.350210970464135,shared,task
ssh,1.0,a_only,spear
ssh,0.6243654822335025,shared,lining
ssh,0.6326530612244898,shared,fibre
ssh,0.5458937198067633,shared,tend
ssh,0.3793103448275862,shared,tea
ssh,1.0,a_only,solving
ssh,0.1267605633802817,b_only,mock
ssh,1.0,a_only,geological
ssh,1.0,a_only,catalan
ssh,0.5238095238095238,shared,concern
ssh,0.19850187265917604,b_only,swallow
ssh,1.0,a_only,hymns
ssh,1.0,a_only,aries
ssh,1.0,a_only,supposedly
ssh,0.6666666666666666,shared,serving
ssh,0.46788990825688076,shared,choice
ssh,0.2749003984063745,shared,anxious
ssh,0.3617021276595745,shared,moving
ssh,1.0,a_only,finland
ssh,0.3559322033898305,shared,floor
ssh,0.19402985074626866,b_only,tuck
ssh,0.285140562248996,shared,means
ssh,1.0,a_only,humans
ssh,1.0,a_only,analog
ssh,1.0,a_only,economies
ssh,1.0,a_only,eugenics
ssh,0.3114754098360656,shared,body
ssh,0.5458937198067633,shared,beasts
ssh,1.0,a_only,excluded
ssh,1.0,a_only,expanding
ssh,1.0,a_only,hockey
ssh,0.5920398009950248,shared,tables
ssh,0.3008130081300813,shared,country
ssh,0.5458937198067633,shared,execution
ssh,0.5458937198067633,shared,officer
ssh,0.18518518518518517,shared,shall
ssh,1.0,a_only,swiss
ssh,1.0,a_only,conservative
ssh,0.4883720930232558,shared,nurse
ssh,0.5763546798029556,shared,youngest
ssh,0.2260536398467433,shared,nothing
ssh,1.0,a_only,algae
ssh,1.0,a_only,coastal
ssh,1.0,a_only,stanford
ssh,0.1895910780669145,b_only,uz
ssh,1.0,a_only,amoeba
ssh,0.11498257839721254,b_only,compliment
ssh,0.1111111111111111,b_only,downstairs
ssh,0.09965635738831616,b_only,yours
ssh,0.3793103448275862,shared,joke
ssh,0.4953271028037383,shared,level
ssh,0.6326530612244898,shared,tendency
ssh,1.0,a_only,stilicho
ssh,0.7391304347826086,shared,prophetic
ssh,1.0,a_only,membership
ssh,0.4883720930232558,shared,reality
ssh,0.20754716981132076,b_only,sich
ssh,0.6842105263157895,shared,irritated
ssh,0.6410256410256411,shared,enabled
ssh,1.0,a_only,reformation
ssh,1.0,a_only,promoted
ssh,0.5763546798029556,shared,female
ssh,1.0,a_only,communists
ssh,0.10344827586206896,b_only,sunk
ssh,1.0,a_only,afi
ssh,0.5238095238095238,shared,creator
ssh,1.0,a_only,minerals
ssh,1.0,a_only,develops
ssh,0.09965635738831616,b_only,forehead
ssh,1.0,a_only,theaters
ssh,0.3333333333333333,shared,explained
ssh,0.5023474178403756,shared,frequent
ssh,1.0,a_only,color
ssh,0.18518518518518517,b_only,skiff
ssh,0.7486338797814208,shared,teachers
ssh,1.0,a_only,gaul
ssh,1.0,a_only,tony
ssh,0.4479638009049774,shared,oath
ssh,1.0,a_only,terminated
ssh,0.7112299465240641,shared,theme
ssh,0.5533980582524272,shared,including
ssh,0.10726643598615918,b_only,mist
ssh,1.0,a_only,widespread
ssh,0.6494845360824743,shared,beer
ssh,1.0,a_only,objectivism
ssh,0.6080402010050251,shared,crushed
ssh,1.0,a_only,marine
ssh,0.5841584158415841,shared,confirmation
ssh,0.20754716981132076,b_only,ventilator
ssh,1.0,a_only,writings
ssh,0.20300751879699247,b_only,tops
ssh,0.18081180811808117,b_only,canoe
ssh,0.2749003984063745,shared,illustration
ssh,0.1895910780669145,b_only,favourable
ssh,0.29554655870445345,shared,george
ssh,0.47465437788018433,shared,information
ssh,1.0,a_only,abortions
ssh,1.0,a_only,oriental
ssh,0.5686274509803921,shared,suppressed
ssh,0.25,shared,enough
ssh,0.2903225806451613,shared,notice
ssh,0.21673003802281368,b_only,mustn
ssh,1.0,a_only,wright
ssh,0.3008130081300813,shared,letters
ssh,1.0,a_only,continuous
ssh,1.0,a_only,publications
ssh,0.4611872146118721,shared,vampire
ssh,0.3793103448275862,shared,disappointed
ssh,0.10344827586206896,b_only,shame
ssh,0.14285714285714285,b_only,nigger
ssh,0.5238095238095238,shared,market
ssh,1.0,a_only,cultural
ssh,0.23076923076923078,shared,comfort
ssh,1.0,a_only,automated
ssh,0.3389121338912134,shared,step
ssh,1.0,a_only,looters
ssh,0.48148148148148145,shared,concealed
ssh,0.5165876777251185,shared,sarah
ssh,0.5311004784688995,shared,confessed
ssh,0.22137404580152673,shared,follow
ssh,1.0,a_only,missile
ssh,0.6931216931216931,shared,transformed
ssh,1.0,a_only,nd
ssh,0.7391304347826086,shared,heated
ssh,0.6080402010050251,shared,maiden
ssh,0.5458937198067633,shared,immense
ssh,0.6243654822335025,shared,obtained
ssh,1.0,a_only,empire
ssh,0.3008130081300813,shared,wife
ssh,0.6326530612244898,shared,smith
ssh,1.0,a_only,polar
ssh,1.0,a_only,elders
ssh,1.0,a_only,hereditary
ssh,0.11888111888111888,b_only,desperate
ssh,0.7204301075268817,shared,players
ssh,0.6842105263157895,shared,killer
ssh,0.25,shared,thank
ssh,0.4953271028037383,shared,coffee
ssh,0.20754716981132076,b_only,chop
ssh,0.1267605633802817,b_only,parting
ssh,1.0,a_only,microsoft
ssh,1.0,a_only,elementary
ssh,0.675392670157068,shared,overwhelming
ssh,1.0,a_only,sidney
ssh,0.5920398009950248,shared,inevitable
ssh,0.6326530612244898,shared,announce
ssh,0.6494845360824743,shared,engage
ssh,1.0,a_only,goals
ssh,0.47465437788018433,shared,folly
ssh,1.0,a_only,politically
ssh,0.30612244897959184,shared,below
ssh,1.0,a_only,rainfall
ssh,1.0,a_only,commercially
ssh,1.0,a_only,paperback
ssh,0.4479638009049774,shared,movement
ssh,0.7112299465240641,shared,mission
ssh,0.42857142857142855,shared,wives
ssh,0.32231404958677684,shared,conscience
ssh,0.6580310880829016,shared,johnny
ssh,1.0,a_only,canterbury
ssh,1.0,a_only,harald
ssh,0.391304347826087,shared,treasure
ssh,0.7204301075268817,shared,fold
ssh,1.0,a_only,constitute
ssh,0.21212121212121213,b_only,tramp
ssh,1.0,a_only,ruling
ssh,1.0,a_only,infection
ssh,0.6243654822335025,shared,access
ssh,1.0,a_only,keyboard
ssh,1.0,a_only,vs
ssh,0.5920398009950248,shared,pledge
ssh,1.0,a_only,formulas
ssh,0.1510791366906475,shared,what
ssh,1.0,a_only,patterns
ssh,1.0,a_only,delta
ssh,0.675392670157068,shared,fruits
ssh,1.0,a_only,lawsuit
ssh,0.08108108108108109,b_only,glad
ssh,0.7486338797814208,shared,profit
ssh,1.0,a_only,arguing
ssh,0.6494845360824743,shared,vincent
ssh,0.23076923076923078,shared,will
ssh,1.0,a_only,attested
ssh,0.285140562248996,shared,anyway
ssh,0.36752136752136755,shared,bread
ssh,0.10344827586206896,b_only,folks
ssh,0.5533980582524272,shared,wounds
ssh,0.6580310880829016,shared,elevated
ssh,0.3333333333333333,shared,fine
ssh,0.3114754098360656,shared,imagine
ssh,1.0,a_only,dorothy
ssh,0.6580310880829016,shared,peacefully
ssh,0.6243654822335025,shared,holiday
ssh,1.0,a_only,directors
ssh,0.23076923076923078,shared,asked
ssh,0.5533980582524272,shared,failing
ssh,0.6410256410256411,shared,secretly
ssh,1.0,a_only,aesthetic
ssh,1.0,a_only,alkanes
ssh,1.0,a_only,victorian
ssh,1.0,a_only,protective
ssh,0.21212121212121213,b_only,suspect
ssh,0.3008130081300813,shared,touch
ssh,1.0,a_only,reef
ssh,1.0,a_only,conversion
ssh,1.0,a_only,communism
ssh,0.8285714285714286,shared,supernatural
ssh,0.5458937198067633,shared,aroused
ssh,0.6666666666666666,shared,res
ssh,0.5841584158415841,shared,victory
ssh,0.3008130081300813,shared,seven
ssh,1.0,a_only,scriptures
ssh,0.5609756097560976,shared,banking
ssh,1.0,a_only,ammonia
ssh,0.3114754098360656,shared,feelings
ssh,1.0,a_only,organization
ssh,0.6580310880829016,shared,mystic
ssh,1.0,a_only,soroban
ssh,0.1895910780669145,b_only,awakened
ssh,1.0,a_only,refugees
ssh,0.20300751879699247,b_only,gabelle
ssh,0.5533980582524272,shared,stable
ssh,0.39737991266375544,shared,avoid
ssh,0.5686274509803921,shared,opera
ssh,1.0,a_only,larry
ssh,0.7204301075268817,shared,reasonably
ssh,0.6931216931216931,shared,uniform
ssh,0.7021276595744681,shared,celestial
ssh,0.42857142857142855,shared,robbers
ssh,0.40350877192982454,shared,terms
ssh,0.23552123552123552,shared,talk
ssh,0.5458937198067633,shared,crack
ssh,1.0,a_only,archipelago
ssh,0.17216117216117216,b_only,pepper
ssh,0.2903225806451613,shared,tree
ssh,1.0,a_only,adult
ssh,0.25,shared,fellow
ssh,1.0,a_only,suggests
ssh,1.0,a_only,helicopters
ssh,0.40969162995594716,shared,coat
ssh,0.11498257839721254,b_only,comfortable
ssh,0.20300751879699247,b_only,fitzwilliam
ssh,0.5686274509803921,shared,eternal
ssh,0.12280701754385964,b_only,earnest
ssh,0.415929203539823,shared,success
ssh,0.2549019607843137,shared,arthur
ssh,1.0,a_only,reserves
ssh,0.5533980582524272,shared,stout
ssh,0.1678832116788321,b_only,tempted
ssh,0.4349775784753363,shared,frequently
ssh,0.7582417582417582,shared,expensive
ssh,1.0,a_only,definition
ssh,0.6080402010050251,shared,lens
ssh,1.0,a_only,billy
ssh,1.0,a_only,borman
ssh,0.415929203539823,shared,admiration
ssh,0.5023474178403756,shared,planned
ssh,0.5311004784688995,shared,accused
ssh,0.21212121212121213,b_only,sombre
ssh,0.18081180811808117,b_only,tradesman
ssh,0.5920398009950248,shared,states
ssh,1.0,a_only,km
ssh,0.5238095238095238,shared,bob
ssh,0.15942028985507245,b_only,louder
ssh,0.6410256410256411,shared,fought
ssh,1.0,a_only,congressional
ssh,0.4883720930232558,shared,arranged
ssh,0.19402985074626866,b_only,25
ssh,0.3852813852813853,shared,double
ssh,0.4953271028037383,shared,elderly
ssh,0.2260536398467433,b_only,disgust
ssh,1.0,a_only,soluble
ssh,0.5686274509803921,shared,creating
ssh,0.0958904109589041,b_only,hadn
ssh,1.0,a_only,metropolitan
ssh,1.0,a_only,graphical
ssh,1.0,a_only,memorial
ssh,0.48148148148148145,shared,partly
ssh,1.0,a_only,automobile
ssh,0.5458937198067633,shared,infamous
ssh,0.3389121338912134,shared,plan
ssh,1.0,a_only,entity
ssh,1.0,a_only,cluny
ssh,0.6326530612244898,shared,central
ssh,1.0,a_only,andrei
ssh,0.5165876777251185,shared,doctors
ssh,1.0,a_only,configuration
ssh,0.21212121212121213,b_only,groaned
ssh,0.5841584158415841,shared,variety
ssh,1.0,a_only,areas
ssh,1.0,a_only,units
ssh,1.0,a_only,anime
ssh,0.6243654822335025,shared,outer
ssh,0.37339055793991416,shared,footsteps
ssh,0.350210970464135,shared,village
ssh,1.0,a_only,loyal
ssh,0.5165876777251185,shared,stories
ssh,0.19850187265917604,b_only,ole
ssh,1.0,a_only,amendment
ssh,1.0,a_only,engineering
ssh,1.0,a_only,heating
ssh,0.23552123552123552,shared,strange
ssh,0.7679558011049724,shared,transactions
ssh,0.4349775784753363,shared,lantern
ssh,1.0,a_only,kubrick
ssh,0.47465437788018433,shared,serve
ssh,0.5165876777251185,shared,brings
ssh,0.47465437788018433,shared,singular
ssh,1.0,a_only,ontario
ssh,0.4222222222222222,shared,wide
ssh,0.4479638009049774,shared,prepared
ssh,1.0,a_only,railroad
ssh,0.7679558011049724,shared,comparative
ssh,0.36752136752136755,shared,anxiety
ssh,0.7486338797814208,shared,covers
ssh,0.391304347826087,shared,fun
ssh,0.675392670157068,shared,depth
ssh,0.21673003802281368,b_only,borrow
ssh,0.42857142857142855,shared,enemy
ssh,0.2260536398467433,shared,looked
ssh,0.5458937198067633,shared,invited
ssh,0.1552346570397112,shared,not
ssh,0.23552123552123552,b_only,feverish
ssh,0.19402985074626866,b_only,neverland
ssh,0.7877094972067039,shared,index
ssh,0.14285714285714285,shared,had
ssh,0.5238095238095238,shared,alongside
ssh,0.09965635738831616,b_only,smiling
ssh,0.6842105263157895,shared,patron
ssh,0.7777777777777778,shared,raw
ssh,0.4479638009049774,shared,pursued
ssh,0.2749003984063745,shared,used
ssh,1.0,a_only,coasts
ssh,0.09965635738831616,shared,she
ssh,1.0,a_only,hitler
ssh,0.5238095238095238,shared,swallowed
ssh,1.0,a_only,byron
ssh,0.675392670157068,shared,retain
ssh,1.0,a_only,pilots
ssh,1.0,a_only,socialism
ssh,1.0,a_only,otto
ssh,0.5609756097560976,shared,happening
ssh,1.0,a_only,discrimination
ssh,0.36752136752136755,shared,advice
ssh,0.675392670157068,shared,agreement
ssh,1.0,a_only,traveled
ssh,0.5920398009950248,shared,exerted
ssh,1.0,a_only,legend
ssh,0.45454545454545453,shared,consideration
ssh,0.5165876777251185,shared,undertaking
ssh,1.0,a_only,collections
ssh,0.415929203539823,shared,shoes
ssh,0.20754716981132076,b_only,nted
ssh,0.5533980582524272,shared,mummy
ssh,1.0,a_only,continuum
ssh,1.0,a_only,judaism
ssh,0.5384615384615384,shared,lifting
ssh,0.47465437788018433,shared,walks
ssh,0.391304347826087,shared,office
ssh,1.0,a_only,nitric
ssh,1.0,a_only,films
ssh,0.5165876777251185,shared,assurance
ssh,0.5311004784688995,shared,scarlet
ssh,0.5920398009950248,shared,pitch
ssh,0.17216117216117216,b_only,neglected
ssh,0.6080402010050251,shared,imperfect
ssh,1.0,a_only,sports
ssh,1.0,a_only,probe
ssh,0.18518518518518517,b_only,dat
ssh,0.0958904109589041,b_only,miserable
ssh,1.0,a_only,representatives
ssh,1.0,a_only,training
ssh,0.3168724279835391,shared,whole
ssh,0.415929203539823,shared,clue
ssh,1.0,a_only,challenger
ssh,1.0,a_only,victorious
ssh,0.18518518518518517,b_only,fainted
ssh,0.6161616161616161,shared,vi
ssh,1.0,a_only,rejects
ssh,0.42857142857142855,shared,sorts
ssh,1.0,a_only,internationally
ssh,0.7204301075268817,shared,thirteen
ssh,0.7486338797814208,shared,district
ssh,0.5384615384615384,shared,meets
ssh,0.6080402010050251,shared,syllables
ssh,1.0,a_only,quarterback
ssh,1.0,a_only,northeast
ssh,0.21212121212121213,b_only,wot
ssh,0.5686274509803921,shared,increasing
ssh,0.6161616161616161,shared,losing
ssh,0.350210970464135,shared,coffin
ssh,0.46788990825688076,shared,lower
ssh,1.0,a_only,candidate
ssh,1.0,a_only,napoleon
ssh,0.5023474178403756,shared,finish
ssh,0.20300751879699247,shared,mean
ssh,1.0,a_only,homo
ssh,0.5384615384615384,shared,formerly
ssh,0.5609756097560976,shared,named
ssh,0.7679558011049724,shared,culture
ssh,1.0,a_only,nonetheless
ssh,0.5920398009950248,shared,legal
ssh,0.18518518518518517,b_only,eliza
ssh,1.0,a_only,sulfur
ssh,1.0,a_only,meighen
ssh,0.25,b_only,blazing
ssh,0.6410256410256411,shared,attempts
ssh,0.415929203539823,shared,treated
ssh,0.5533980582524272,shared,shelter
ssh,1.0,a_only,ken
ssh,1.0,a_only,flourished
ssh,0.47465437788018433,shared,bottom
ssh,0.6243654822335025,shared,relatives
ssh,1.0,a_only,broadcast
ssh,0.5384615384615384,shared,contained
ssh,0.3617021276595745,shared,direction
ssh,0.675392670157068,shared,dismissed
ssh,0.48148148148148145,shared,reach
ssh,1.0,a_only,accepts
ssh,1.0,a_only,macedonian
ssh,0.19850187265917604,b_only,turtle
ssh,0.2648221343873518,b_only,chained
ssh,0.4222222222222222,shared,twelve
ssh,0.6494845360824743,shared,moves
ssh,0.5686274509803921,shared,nobles
ssh,0.6243654822335025,shared,deduction
ssh,0.3559322033898305,shared,mistaken
ssh,1.0,a_only,integral
ssh,1.0,a_only,nitrogen
ssh,0.12280701754385964,b_only,tedious
ssh,1.0,a_only,agnosticism
ssh,1.0,a_only,findings
ssh,0.5311004784688995,shared,ambition
ssh,1.0,a_only,icelandic
ssh,1.0,a_only,lands
ssh,0.7204301075268817,shared,farms
ssh,1.0,a_only,alcohols
ssh,0.3333333333333333,shared,sooner
ssh,0.25984251968503935,b_only,boscombe
ssh,0.6080402010050251,shared,issued
ssh,0.3278008298755187,shared,dogs
ssh,0.6,shared,recover
ssh,0.28,shared,fear
ssh,0.25,shared,held
ssh,0.6326530612244898,shared,designed
ssh,0.6080402010050251,shared,determine
ssh,1.0,a_only,corporation
ssh,1.0,a_only,users
ssh,1.0,a_only,defines
ssh,0.3617021276595745,shared,respectable
ssh,0.350210970464135,shared,past
ssh,1.0,a_only,alkyl
ssh,1.0,a_only,info
ssh,0.1510791366906475,shared,her
ssh,1.0,a_only,reports
ssh,0.5094339622641509,shared,design
ssh,1.0,a_only,angeles
ssh,1.0,a_only,controls
ssh,0.39737991266375544,shared,finding
ssh,1.0,a_only,anthony
ssh,0.5238095238095238,shared,dignity
ssh,1.0,a_only,multi
ssh,1.0,a_only,conquest
ssh,1.0,a_only,settlement
ssh,1.0,a_only,ki
ssh,1.0,a_only,indicates
ssh,0.2648221343873518,shared,laid
ssh,0.6494845360824743,shared,affect
ssh,1.0,a_only,pc
ssh,0.6161616161616161,shared,limit
ssh,1.0,a_only,genetics
ssh,0.6410256410256411,shared,commanded
ssh,1.0,a_only,authorized
ssh,0.3559322033898305,shared,london
ssh,0.1895910780669145,b_only,smoked
ssh,0.5023474178403756,shared,employed
ssh,1.0,a_only,theism
ssh,0.07744107744107744,b_only,talked
ssh,1.0,a_only,edmonton
ssh,1.0,a_only,strategy
ssh,0.5609756097560976,shared,secondly
ssh,0.20754716981132076,b_only,grin
ssh,0.40350877192982454,shared,rabbit
ssh,0.5094339622641509,shared,closely
ssh,1.0,a_only,tolerance
ssh,1.0,a_only,newer
ssh,0.4479638009049774,shared,undoubtedly
ssh,0.3114754098360656,shared,courage
ssh,0.5094339622641509,shared,kent
ssh,0.7204301075268817,shared,halted
ssh,0.3333333333333333,shared,bell
ssh,1.0,a_only,gulch
ssh,0.391304347826087,shared,stayed
ssh,1.0,a_only,na
ssh,1.0,a_only,hydroxide
ssh,0.8390804597701149,shared,communications
ssh,0.5384615384615384,shared,parties
ssh,0.4479638009049774,shared,reward
ssh,1.0,a_only,hosted
ssh,0.4479638009049774,shared,sell
ssh,0.4349775784753363,shared,permission
ssh,0.3793103448275862,shared,gate
ssh,0.37339055793991416,shared,works
ssh,0.6,shared,ranged
ssh,0.19402985074626866,b_only,contented
ssh,0.7679558011049724,shared,involving
ssh,0.17216117216117216,shared,which
ssh,0.17647058823529413,b_only,cottagers
ssh,0.21673003802281368,b_only,armchair
ssh,1.0,a_only,player
ssh,0.11888111888111888,b_only,habits
ssh,0.5686274509803921,shared,cradle
ssh,0.7777777777777778,shared,situations
ssh,1.0,a_only,anna
ssh,1.0,a_only,diagram
ssh,0.17216117216117216,b_only,lawn
ssh,0.37339055793991416,shared,cast
ssh,1.0,a_only,discipline
ssh,0.4883720930232558,shared,grasp
ssh,0.5165876777251185,shared,approve
ssh,1.0,a_only,elections
ssh,0.5165876777251185,shared,editions
ssh,0.6326530612244898,shared,manifested
ssh,0.36752136752136755,shared,queen
ssh,0.5763546798029556,shared,prolonged
ssh,0.3445378151260504,shared,allow
ssh,1.0,a_only,comet
ssh,0.17216117216117216,b_only,carpet
ssh,0.5763546798029556,shared,arrives
ssh,0.5609756097560976,shared,breeding
ssh,0.4611872146118721,shared,sixty
ssh,0.6,shared,mainland
ssh,0.20754716981132076,b_only,vines
ssh,0.12280701754385964,b_only,glanced
ssh,1.0,a_only,absalom
ssh,0.21673003802281368,b_only,gallantry
ssh,0.46788990825688076,shared,neighbourhood
ssh,0.4479638009049774,shared,stuck
ssh,1.0,a_only,torsion
ssh,1.0,a_only,levels
ssh,0.4479638009049774,shared,depend
ssh,0.29554655870445345,shared,almost
ssh,0.6410256410256411,shared,advised
ssh,0.23552123552123552,shared,feel
ssh,0.5384615384615384,shared,warnings
ssh,0.6,shared,lords
ssh,0.6931216931216931,shared,frogs
ssh,0.5165876777251185,shared,poetry
ssh,1.0,a_only,iliad
ssh,1.0,a_only,biblical
ssh,1.0,a_only,apostles
ssh,1.0,a_only,decrease
ssh,0.5609756097560976,shared,delivered
ssh,0.6580310880829016,shared,rooted
ssh,1.0,a_only,council
ssh,0.7679558011049724,shared,contributed
ssh,1.0,a_only,mil
ssh,1.0,a_only,dictator
ssh,1.0,a_only,boas
ssh,1.0,a_only,agnostic
ssh,0.1510791366906475,b_only,helpless
ssh,0.4222222222222222,shared,acquainted
ssh,0.675392670157068,shared,coast
ssh,1.0,a_only,basic
ssh,1.0,a_only,mathematicians
ssh,0.7297297297297297,shared,bits
ssh,0.4349775784753363,shared,attended
ssh,0.4883720930232558,shared,dropping
ssh,1.0,a_only,chloroplasts
ssh,0.2260536398467433,b_only,cursed
ssh,0.19850187265917604,b_only,trod
ssh,0.10726643598615918,b_only,hallward
ssh,0.19402985074626866,b_only,tootles
ssh,0.6161616161616161,shared,miniature
ssh,1.0,a_only,wyatt
ssh,0.5384615384615384,shared,blown
ssh,0.7391304347826086,shared,stress
ssh,1.0,a_only,persians
ssh,1.0,a_only,aarhus
ssh,1.0,a_only,consisting
ssh,0.3793103448275862,shared,paris
ssh,1.0,a_only,additionally
ssh,0.3114754098360656,shared,manners
ssh,1.0,a_only,ceres
ssh,0.6161616161616161,shared,abruptly
ssh,1.0,a_only,presidents
ssh,0.25,shared,expect
ssh,0.4349775784753363,shared,swim
ssh,0.19850187265917604,b_only,mournful
ssh,0.7297297297297297,shared,causing
ssh,1.0,a_only,differential
ssh,0.5920398009950248,shared,spanish
ssh,1.0,a_only,dominican
ssh,1.0,a_only,pagan
ssh,0.5384615384615384,shared,auction
ssh,1.0,a_only,classical
ssh,1.0,a_only,defense
ssh,0.4611872146118721,shared,apart
ssh,1.0,a_only,citizenship
ssh,0.5841584158415841,shared,stating
ssh,0.5920398009950248,shared,poison
ssh,0.6494845360824743,shared,xxvi
ssh,0.4479638009049774,shared,crowded
ssh,0.4349775784753363,shared,expressed
ssh,1.0,a_only,humanitarian
ssh,0.5311004784688995,shared,sum
ssh,0.5609756097560976,shared,attacked
ssh,1.0,a_only,surviving
ssh,0.3793103448275862,shared,facts
ssh,1.0,a_only,derivation
ssh,1.0,a_only,optimal
ssh,0.5165876777251185,shared,flora
ssh,0.47465437788018433,shared,tones
ssh,1.0,a_only,pp
ssh,0.5920398009950248,shared,existed
ssh,1.0,a_only,mentions
ssh,1.0,a_only,pod
ssh,1.0,a_only,internet
ssh,0.6931216931216931,shared,map
ssh,1.0,a_only,aleister
ssh,0.48148148148148145,shared,thrust
ssh,1.0,a_only,clockwork
ssh,1.0,a_only,resort
ssh,1.0,a_only,algeria
ssh,0.4479638009049774,shared,campbell
ssh,0.5311004784688995,shared,climb
ssh,0.6243654822335025,shared,column
ssh,0.48148148148148145,shared,declared
ssh,0.5238095238095238,shared,returning
ssh,0.09965635738831616,b_only,knocked
ssh,0.5238095238095238,shared,chosen
ssh,0.3389121338912134,shared,ship
ssh,1.0,a_only,fantasy
ssh,0.45454545454545453,shared,mask
ssh,0.5533980582524272,shared,restore
ssh,1.0,a_only,hardcover
ssh,1.0,a_only,missionary
ssh,1.0,a_only,parallels
ssh,0.6494845360824743,shared,developed
ssh,0.415929203539823,shared,ignorant
ssh,0.37339055793991416,shared,cave
ssh,0.21212121212121213,b_only,fashionable
ssh,0.10726643598615918,b_only,dozen
ssh,0.4349775784753363,shared,result
ssh,1.0,a_only,scott
ssh,1.0,a_only,org
ssh,1.0,a_only,suggesting
ssh,1.0,a_only,conceptions
ssh,0.6161616161616161,shared,infancy
ssh,0.3114754098360656,shared,bent
ssh,0.5686274509803921,shared,disturbing
ssh,1.0,a_only,offshore
ssh,1.0,a_only,maintaining
ssh,1.0,a_only,practiced
ssh,1.0,a_only,epirus
ssh,0.23076923076923078,b_only,climbing
ssh,0.5165876777251185,shared,abandoned
ssh,1.0,a_only,compilation
ssh,0.5686274509803921,shared,tough
ssh,0.32231404958677684,shared,steps
ssh,0.5023474178403756,shared,wheels
ssh,0.5458937198067633,shared,persisted
ssh,1.0,a_only,advancement
ssh,1.0,a_only,austrian
ssh,0.6,shared,assistant
ssh,0.17216117216117216,b_only,raft
ssh,0.4953271028037383,shared,mothers
ssh,1.0,a_only,fiber
ssh,0.40969162995594716,shared,cats
ssh,1.0,a_only,thirds
ssh,0.2698412698412698,shared,mother
ssh,0.5023474178403756,shared,syllable
ssh,1.0,a_only,identification
ssh,0.5763546798029556,shared,encountered
ssh,1.0,a_only,bayer
ssh,1.0,a_only,fossil
ssh,0.7112299465240641,shared,artists
ssh,1.0,a_only,finalist
ssh,0.14285714285714285,b_only,ours
ssh,0.5311004784688995,shared,possession
ssh,0.7112299465240641,shared,palm
ssh,0.20300751879699247,b_only,indebted
ssh,0.350210970464135,shared,nature
ssh,0.1552346570397112,b_only,stupid
ssh,1.0,a_only,focuses
ssh,0.6494845360824743,shared,lighter
ssh,1.0,a_only,patroclus
ssh,0.6326530612244898,shared,altar
ssh,1.0,a_only,reprinted
ssh,0.7112299465240641,shared,adapted
ssh,0.5841584158415841,shared,nerve
ssh,0.19850187265917604,b_only,stooped
ssh,0.20300751879699247,b_only,screaming
ssh,1.0,a_only,venice
ssh,1.0,a_only,animism
ssh,1.0,a_only,rijndael
ssh,0.6161616161616161,shared,descent
ssh,0.5533980582524272,shared,rome
ssh,1.0,a_only,wimbledon
ssh,0.21212121212121213,b_only,ardent
ssh,0.20754716981132076,b_only,roylott
ssh,0.29554655870445345,shared,true
ssh,0.47465437788018433,shared,proof
ssh,0.25984251968503935,shared,duke
ssh,1.0,a_only,sexually
ssh,1.0,a_only,remnants
ssh,0.6580310880829016,shared,debt
ssh,0.5458937198067633,shared,nowhere
ssh,0.6243654822335025,shared,massive
ssh,0.48148148148148145,shared,aspect
ssh,0.48148148148148145,shared,dug
ssh,1.0,a_only,operational
ssh,0.7877094972067039,shared,exercised
ssh,1.0,a_only,alternatively
ssh,1.0,a_only,farming
ssh,1.0,a_only,performances
ssh,1.0,a_only,script
ssh,1.0,a_only,withdrawal
ssh,1.0,a_only,plus
ssh,0.7297297297297297,shared,officials
ssh,0.44144144144144143,shared,east
ssh,1.0,a_only,caribbean
ssh,0.21673003802281368,b_only,housekeeper
ssh,1.0,a_only,nh
ssh,1.0,a_only,novelists
ssh,1.0,a_only,kabul
ssh,0.1510791366906475,b_only,admirable
ssh,0.42857142857142855,shared,heavily
ssh,0.5384615384615384,shared,bark
ssh,0.14695340501792115,b_only,horribly
ssh,0.40969162995594716,shared,gun
ssh,0.6666666666666666,shared,bat
ssh,0.5384615384615384,shared,gravel
ssh,0.5458937198067633,shared,vote
ssh,1.0,a_only,davis
ssh,0.5841584158415841,shared,exceptional
ssh,0.6931216931216931,shared,guardian
ssh,0.40350877192982454,shared,choose
ssh,0.6326530612244898,shared,concentrated
ssh,0.2260536398467433,b_only,malice
ssh,0.21673003802281368,shared,en
ssh,1.0,a_only,tours
ssh,1.0,a_only,maximum
ssh,0.16363636363636364,b_only,mischief
ssh,1.0,a_only,willard
ssh,0.20754716981132076,b_only,vexation
ssh,0.7021276595744681,shared,tips
ssh,0.3008130081300813,shared,worth
ssh,0.4611872146118721,shared,liberty
ssh,1.0,a_only,election
ssh,0.42857142857142855,shared,younger
ssh,1.0,a_only,tactic
ssh,0.797752808988764,shared,consequent
ssh,0.1387900355871886,b_only,charlotte
ssh,1.0,a_only,styles
ssh,1.0,a_only,metaphysical
ssh,0.47465437788018433,shared,destroyed
ssh,0.5311004784688995,shared,bean
ssh,0.18518518518518517,b_only,jumping
ssh,0.5841584158415841,shared,supplied
ssh,0.350210970464135,shared,ay
ssh,0.47465437788018433,shared,blew
ssh,0.5920398009950248,shared,accompanying
ssh,0.3852813852813853,shared,health
ssh,1.0,a_only,variation
ssh,0.22137404580152673,b_only,envy
ssh,1.0,a_only,ibid
ssh,0.7204301075268817,shared,roger
ssh,0.6931216931216931,shared,dependent
ssh,0.7391304347826086,shared,di
ssh,0.6666666666666666,shared,assertion
ssh,0.7112299465240641,shared,patent
ssh,0.5920398009950248,shared,armour
ssh,0.18518518518518517,b_only,pavement
ssh,0.15942028985507245,b_only,intently
ssh,0.7777777777777778,shared,contact
ssh,1.0,a_only,apostolic
ssh,1.0,a_only,awareness
ssh,0.1678832116788321,b_only,gazing
ssh,1.0,a_only,kalashnikov
ssh,0.5686274509803921,shared,claimed
ssh,1.0,a_only,anagram
ssh,0.21212121212121213,b_only,glow
ssh,0.21212121212121213,b_only,frankenstein
ssh,0.30612244897959184,shared,breast
ssh,0.4222222222222222,shared,points
ssh,0.6410256410256411,shared,offices
ssh,0.48148148148148145,shared,clouds
ssh,1.0,a_only,friedrich
ssh,1.0,a_only,bomb
ssh,1.0,a_only,rates
ssh,0.6931216931216931,shared,removal
ssh,0.2549019607843137,shared,well
ssh,0.3793103448275862,shared,september
ssh,0.7112299465240641,shared,containing
ssh,0.30612244897959184,shared,american
ssh,1.0,a_only,negotiations
ssh,1.0,a_only,fertility
ssh,0.5238095238095238,shared,aged
ssh,0.3008130081300813,shared,important
ssh,0.4611872146118721,shared,frank
ssh,1.0,a_only,hull
ssh,0.42857142857142855,shared,belief
ssh,1.0,a_only,implied
ssh,1.0,a_only,populated
ssh,0.5686274509803921,shared,centuries
ssh,1.0,a_only,sooty
ssh,0.5841584158415841,shared,compelled
ssh,0.25984251968503935,shared,boat
ssh,1.0,a_only,pollution
ssh,1.0,a_only,danish
ssh,0.44144144144144143,shared,game
ssh,0.20300751879699247,b_only,thoughtfully
ssh,0.0847457627118644,b_only,couldn
ssh,0.25,shared,lost
ssh,0.7021276595744681,shared,immortal
ssh,0.14285714285714285,b_only,lean
ssh,0.19850187265917604,b_only,retorted
ssh,0.2749003984063745,shared,left
ssh,0.2698412698412698,shared,herself
ssh,0.5238095238095238,shared,weapon
ssh,1.0,a_only,congo
ssh,1.0,a_only,centered
ssh,1.0,a_only,mpla
ssh,0.3389121338912134,shared,whose
ssh,0.28,shared,often
ssh,1.0,a_only,luanda
ssh,1.0,a_only,revised
ssh,0.3445378151260504,shared,island
ssh,0.6,shared,physical
ssh,0.6,shared,boards
ssh,0.3559322033898305,shared,altogether
ssh,1.0,a_only,bacteria
ssh,0.391304347826087,shared,kinds
ssh,1.0,a_only,systems
ssh,1.0,a_only,gabriel
ssh,1.0,a_only,babylonian
ssh,0.3445378151260504,shared,lamp
ssh,1.0,a_only,marsh
ssh,1.0,a_only,hrer
ssh,0.4349775784753363,shared,daughters
ssh,1.0,a_only,apollo
ssh,0.42857142857142855,shared,rats
ssh,0.5165876777251185,shared,fashioned
ssh,1.0,a_only,agnetha
ssh,0.23076923076923078,b_only,sweetly
ssh,0.5311004784688995,shared,apprehension
ssh,1.0,a_only,chris
ssh,0.17216117216117216,shared,when
ssh,0.4883720930232558,shared,similar
ssh,0.5533980582524272,shared,abbey
ssh,1.0,a_only,maintained
ssh,1.0,a_only,camus
ssh,0.5920398009950248,shared,experienced
ssh,0.3114754098360656,shared,alive
ssh,0.6494845360824743,shared,inspiration
ssh,0.20300751879699247,b_only,romeo
ssh,0.5533980582524272,shared,formal
ssh,1.0,a_only,ironically
ssh,1.0,a_only,extinct
ssh,1.0,a_only,athlete
ssh,0.350210970464135,shared,papers
ssh,0.08108108108108109,b_only,westenra
ssh,0.5533980582524272,shared,twilight
ssh,1.0,a_only,levant
ssh,1.0,a_only,chlorine
ssh,1.0,a_only,equilibrium
ssh,0.7391304347826086,shared,resources
ssh,0.5311004784688995,shared,assumed
ssh,1.0,a_only,wells
ssh,1.0,a_only,collective
ssh,1.0,a_only,contemporary
ssh,0.5384615384615384,shared,advantages
ssh,0.21212121212121213,b_only,rubbed
ssh,0.16363636363636364,b_only,handkerchief
ssh,1.0,a_only,essentially
ssh,0.08843537414965986,b_only,stared
ssh,0.40969162995594716,shared,butter
ssh,1.0,a_only,octavian
ssh,0.285140562248996,shared,bless
ssh,1.0,a_only,charlemagne
ssh,0.23552123552123552,shared,morning
ssh,0.350210970464135,shared,rising
ssh,0.6842105263157895,shared,imposing
ssh,0.0958904109589041,b_only,cheeks
ssh,1.0,a_only,districts
ssh,1.0,a_only,southwest
ssh,0.7297297297297297,shared,alternative
ssh,1.0,a_only,dissociation
ssh,1.0,a_only,football
ssh,0.5458937198067633,shared,boats
ssh,1.0,a_only,variant
ssh,0.19850187265917604,b_only,cigars
ssh,0.5384615384615384,shared,fan
ssh,1.0,a_only,ally
ssh,0.25984251968503935,shared,showed
ssh,0.5609756097560976,shared,sail
ssh,0.20300751879699247,b_only,cly
ssh,0.2260536398467433,b_only,tremulous
ssh,1.0,a_only,cnt
ssh,0.46788990825688076,shared,receiving
ssh,1.0,a_only,regional
ssh,0.1510791366906475,b_only,gardiner
ssh,0.5094339622641509,shared,chest
ssh,1.0,a_only,priests
ssh,0.391304347826087,shared,smart
ssh,0.20754716981132076,b_only,lagoon
ssh,1.0,a_only,blocks
ssh,0.6080402010050251,shared,convenience
ssh,0.23552123552123552,b_only,doubtful
ssh,1.0,a_only,based
ssh,0.42857142857142855,shared,gathered
ssh,0.37339055793991416,shared,kiss
ssh,0.5023474178403756,shared,snake
ssh,1.0,a_only,vietnamese
ssh,0.28,shared,than
ssh,0.46788990825688076,shared,row
ssh,1.0,a_only,puerto
ssh,0.4479638009049774,shared,sermon
ssh,0.20300751879699247,b_only,hosmer
ssh,1.0,a_only,victories
ssh,0.12280701754385964,b_only,begged
ssh,1.0,a_only,elected
ssh,0.2260536398467433,b_only,surmise
ssh,0.3793103448275862,shared,respect
ssh,1.0,a_only,primitive
ssh,0.5841584158415841,shared,favoured
ssh,0.6,shared,invention
ssh,1.0,a_only,nicholas
ssh,0.25,b_only,extinguished
ssh,0.6243654822335025,shared,claims
ssh,0.5533980582524272,shared,numerous
ssh,0.7021276595744681,shared,divide
ssh,1.0,a_only,arc
ssh,0.3793103448275862,shared,clearly
ssh,0.1895910780669145,b_only,rejoice
ssh,0.5023474178403756,shared,succeeded
ssh,0.7582417582417582,shared,hampshire
ssh,1.0,a_only,arminians
ssh,0.4953271028037383,shared,deserted
ssh,0.17647058823529413,b_only,eyelids
ssh,1.0,a_only,code
ssh,0.391304347826087,shared,gives
ssh,1.0,a_only,ka
ssh,1.0,a_only,nazis
ssh,0.5686274509803921,shared,arrangement
ssh,0.6080402010050251,shared,visiting
ssh,0.22137404580152673,b_only,cloak
ssh,0.40350877192982454,shared,receive
ssh,0.23076923076923078,b_only,politeness
ssh,0.2549019607843137,shared,little
ssh,1.0,a_only,sections
ssh,1.0,a_only,celtic
ssh,0.14285714285714285,b_only,cart
ssh,1.0,a_only,netherlands
ssh,0.7021276595744681,shared,university
ssh,0.6666666666666666,shared,edmund
ssh,1.0,a_only,eu
ssh,0.3793103448275862,shared,spot
ssh,0.3389121338912134,shared,keeping
ssh,1.0,a_only,trivia
ssh,1.0,a_only,matt
ssh,0.6410256410256411,shared,remainder
ssh,1.0,a_only,coercion
ssh,0.3445378151260504,shared,signs
ssh,1.0,a_only,mt
ssh,1.0,a_only,lincoln
ssh,0.46788990825688076,shared,walls
ssh,1.0,a_only,mining
ssh,0.21212121212121213,b_only,embroidered
ssh,0.5763546798029556,shared,base
ssh,0.14695340501792115,b_only,inquire
ssh,0.6842105263157895,shared,wisdom
ssh,1.0,a_only,troy
ssh,1.0,a_only,fetus
ssh,1.0,a_only,bangladesh
ssh,1.0,a_only,poems
ssh,1.0,a_only,hip
ssh,0.675392670157068,shared,beach
ssh,1.0,a_only,administration
ssh,1.0,a_only,collaboration
ssh,0.20754716981132076,b_only,nostrils
ssh,0.245136186770428,shared,really
ssh,0.2903225806451613,shared,ran
ssh,1.0,a_only,migration
ssh,0.47465437788018433,shared,overcome
ssh,0.5384615384615384,shared,engaging
ssh,0.5165876777251185,shared,talks
ssh,0.2260536398467433,b_only,tranquillity
ssh,1.0,a_only,mobile
ssh,1.0,a_only,crowley
ssh,1.0,a_only,grouped
ssh,0.18518518518518517,b_only,rip
ssh,0.6243654822335025,shared,patriotic
ssh,0.7582417582417582,shared,text
ssh,1.0,a_only,pratchett
ssh,0.4479638009049774,shared,shallow
ssh,0.20300751879699247,b_only,pens
ssh,0.6666666666666666,shared,metallic
ssh,0.6494845360824743,shared,breach
ssh,0.5023474178403756,shared,goods
ssh,0.5384615384615384,shared,joint
ssh,1.0,a_only,advocated
ssh,0.6326530612244898,shared,mix
ssh,0.13074204946996468,b_only,tender
ssh,0.3008130081300813,shared,shadow
ssh,0.19402985074626866,b_only,gaoler
ssh,1.0,a_only,molecule
ssh,1.0,a_only,temperatures
ssh,1.0,a_only,rfc
ssh,0.28,shared,need
ssh,1.0,a_only,baron
ssh,0.415929203539823,shared,riding
ssh,0.19402985074626866,b_only,daring
ssh,1.0,a_only,adolf
ssh,0.4953271028037383,shared,handful
ssh,1.0,a_only,politicians
ssh,0.7112299465240641,shared,carries
ssh,1.0,a_only,manufactured
ssh,0.5238095238095238,shared,statement
ssh,0.3114754098360656,shared,rate
ssh,1.0,a_only,vedic
ssh,0.5311004784688995,shared,memories
ssh,1.0,a_only,marking
ssh,0.40969162995594716,shared,dim
ssh,0.17647058823529413,b_only,candles
ssh,1.0,a_only,mi
ssh,0.6,shared,obviously
ssh,1.0,a_only,auteur
ssh,1.0,a_only,reed
ssh,0.29554655870445345,shared,sudden
ssh,0.29554655870445345,shared,question
ssh,0.19850187265917604,shared,your
ssh,0.5841584158415841,shared,copied
ssh,0.5533980582524272,shared,invisible
ssh,0.19850187265917604,b_only,fancies
ssh,0.6580310880829016,shared,beam
ssh,0.3559322033898305,shared,stirred
ssh,0.5384615384615384,shared,title
ssh,0.5920398009950248,shared,incredible
ssh,0.21212121212121213,b_only,shutting
ssh,1.0,a_only,www
ssh,1.0,a_only,alaska
ssh,0.47465437788018433,shared,arrive
ssh,1.0,a_only,monarchy
ssh,0.3168724279835391,shared,walking
ssh,0.6161616161616161,shared,sub
ssh,0.30612244897959184,shared,cause
ssh,1.0,a_only,bertrand
ssh,0.08843537414965986,b_only,distress
ssh,1.0,a_only,broader
ssh,0.6666666666666666,shared,circles
ssh,0.5920398009950248,shared,distinguish
ssh,1.0,a_only,geologist
ssh,0.25,shared,indeed
ssh,0.23076923076923078,shared,waited
ssh,0.18518518518518517,b_only,forgetting
ssh,0.20300751879699247,b_only,cooked
ssh,1.0,a_only,santos
ssh,0.19402985074626866,b_only,leaped
ssh,1.0,a_only,charges
ssh,0.285140562248996,shared,heart
ssh,0.5763546798029556,shared,fortunes
ssh,0.5238095238095238,shared,sensation
ssh,0.48148148148148145,shared,regiment
ssh,0.2549019607843137,shared,judge
ssh,0.23552123552123552,shared,done
ssh,0.675392670157068,shared,regions
ssh,0.285140562248996,shared,reckoned
ssh,0.350210970464135,shared,hide
ssh,1.0,a_only,zionism
ssh,1.0,a_only,combinations
ssh,0.5458937198067633,shared,eighteen
ssh,0.7877094972067039,shared,grain
ssh,0.20300751879699247,b_only,chaise
ssh,0.6666666666666666,shared,average
ssh,0.6243654822335025,shared,deprived
ssh,0.7297297297297297,shared,external
ssh,0.5165876777251185,shared,motion
ssh,0.5763546798029556,shared,identified
ssh,1.0,a_only,pennsylvania
ssh,1.0,a_only,namely
ssh,1.0,a_only,speculated
ssh,0.5165876777251185,shared,directions
ssh,0.2698412698412698,shared,thoughts
ssh,0.40350877192982454,shared,fate
ssh,0.22137404580152673,b_only,derbyshire
ssh,1.0,a_only,ian
ssh,1.0,a_only,deity
ssh,0.6,shared,prevail
ssh,1.0,a_only,rugby
ssh,1.0,a_only,integrated
ssh,1.0,a_only,worker
ssh,1.0,a_only,parity
ssh,1.0,a_only,manual
ssh,0.1895910780669145,b_only,avail
ssh,1.0,a_only,alchemical
ssh,1.0,a_only,romanian
ssh,1.0,a_only,allegiance
ssh,0.7204301075268817,shared,largely
ssh,0.3333333333333333,shared,dropped
ssh,1.0,a_only,morgan
ssh,0.5311004784688995,shared,everywhere
ssh,0.19850187265917604,b_only,remembering
ssh,1.0,a_only,technique
ssh,1.0,a_only,atoms
ssh,0.1387900355871886,b_only,lesson
ssh,0.23076923076923078,b_only,shoe
ssh,0.6161616161616161,shared,fed
ssh,1.0,a_only,utopian
ssh,1.0,a_only,physics
ssh,1.0,a_only,ajax
ssh,1.0,a_only,baseball
ssh,0.15942028985507245,b_only,cheer
ssh,1.0,a_only,altruistic
ssh,1.0,a_only,ahenobarbus
ssh,1.0,a_only,genus
ssh,0.18518518518518517,b_only,creeping
ssh,1.0,a_only,climate
ssh,0.5023474178403756,shared,principal
ssh,0.11498257839721254,shared,them
ssh,1.0,a_only,arslan
ssh,1.0,a_only,norte
ssh,0.7391304347826086,shared,pairs
ssh,1.0,a_only,defenses
ssh,0.2903225806451613,shared,remarked
ssh,1.0,a_only,johann
ssh,0.4883720930232558,shared,tail
ssh,0.46788990825688076,shared,swimming
ssh,0.2698412698412698,shared,able
ssh,1.0,a_only,technology
ssh,0.5238095238095238,shared,reflected
ssh,0.40350877192982454,shared,gets
ssh,0.10344827586206896,b_only,gloomy
ssh,0.23076923076923078,b_only,leisure
ssh,1.0,a_only,surprisingly
ssh,0.20300751879699247,b_only,bewildered
ssh,0.6243654822335025,shared,solely
ssh,0.5458937198067633,shared,needs
ssh,1.0,a_only,romans
ssh,0.24031007751937986,b_only,thimble
ssh,0.5023474178403756,shared,parents
ssh,1.0,a_only,magical
ssh,0.6931216931216931,shared,reverence
ssh,1.0,a_only,norway
ssh,0.4953271028037383,shared,wooden
ssh,0.350210970464135,shared,instead
ssh,0.46788990825688076,shared,conceal
ssh,0.6410256410256411,shared,speculate
ssh,1.0,a_only,activist
ssh,1.0,a_only,bases
ssh,0.5311004784688995,shared,stage
ssh,0.7297297297297297,shared,extending
ssh,1.0,a_only,comparable
ssh,1.0,a_only,delaware
ssh,0.37339055793991416,shared,service
ssh,0.4883720930232558,shared,jam
ssh,0.3333333333333333,shared,hat
ssh,0.6931216931216931,shared,cliffs
ssh,1.0,a_only,nelson
ssh,0.7582417582417582,shared,internal
ssh,0.42857142857142855,shared,fog
ssh,0.6161616161616161,shared,skeleton
ssh,0.11498257839721254,b_only,rested
ssh,0.19402985074626866,b_only,terrified
ssh,0.3389121338912134,shared,catherine
ssh,0.6326530612244898,shared,harshly
ssh,1.0,a_only,concepts
ssh,0.19402985074626866,b_only,indignation
ssh,1.0,a_only,socially
ssh,0.7021276595744681,shared,inherited
ssh,0.4883720930232558,shared,starved
ssh,1.0,a_only,epitome
ssh,1.0,a_only,liquid
ssh,0.5238095238095238,shared,eaten
ssh,0.25984251968503935,shared,man
ssh,0.32231404958677684,shared,hair
ssh,1.0,a_only,evolution
ssh,1.0,a_only,eden
ssh,1.0,a_only,diagnostic
ssh,1.0,a_only,settings
ssh,0.20300751879699247,b_only,rucastle
ssh,0.17647058823529413,b_only,clerval
ssh,1.0,a_only,systematic
ssh,0.1678832116788321,b_only,bending
ssh,0.5609756097560976,shared,separated
ssh,1.0,a_only,outline
ssh,0.2260536398467433,b_only,cussing
ssh,0.46788990825688076,shared,descended
ssh,0.7112299465240641,shared,normal
ssh,0.3168724279835391,shared,state
ssh,1.0,a_only,cl
ssh,0.19850187265917604,b_only,clair
ssh,0.19402985074626866,b_only,yelling
ssh,0.40969162995594716,shared,folded
ssh,0.32231404958677684,shared,likely
ssh,1.0,a_only,province
ssh,0.5384615384615384,shared,reported
ssh,0.6326530612244898,shared,paragraph
ssh,0.5311004784688995,shared,south
ssh,1.0,a_only,quote
ssh,0.3333333333333333,shared,brother
ssh,0.3617021276595745,shared,green
ssh,0.5533980582524272,shared,clergyman
ssh,0.6666666666666666,shared,adrian
ssh,1.0,a_only,confederate
ssh,0.48148148148148145,shared,science
ssh,0.5763546798029556,shared,v
ssh,0.4222222222222222,shared,ladder
ssh,1.0,a_only,augustus
ssh,0.6931216931216931,shared,buildings
ssh,0.2749003984063745,shared,business
ssh,0.6243654822335025,shared,expedition
ssh,0.675392670157068,shared,superiority
ssh,0.2260536398467433,shared,going
ssh,0.5238095238095238,shared,scheme
ssh,1.0,a_only,administrative
ssh,0.20754716981132076,b_only,spaniard
ssh,0.5458937198067633,shared,series
ssh,0.14285714285714285,b_only,wandered
ssh,0.415929203539823,shared,loose
ssh,0.40350877192982454,shared,society
ssh,1.0,a_only,associates
ssh,0.5686274509803921,shared,encouraging
ssh,0.6080402010050251,shared,beard
ssh,0.5023474178403756,shared,fever
ssh,0.7486338797814208,shared,permanent
ssh,0.10726643598615918,b_only,envelope
ssh,0.5609756097560976,shared,proceedings
ssh,0.25984251968503935,shared,friends
ssh,0.6842105263157895,shared,stephen
ssh,0.37339055793991416,shared,drop
ssh,0.6326530612244898,shared,cream
ssh,0.7391304347826086,shared,attacks
ssh,0.6494845360824743,shared,avoided
ssh,1.0,a_only,coined
ssh,0.5920398009950248,shared,christian
ssh,0.3445378151260504,shared,lucas
ssh,1.0,a_only,disastrous
ssh,1.0,a_only,overlap
ssh,0.23552123552123552,shared,head
ssh,0.2903225806451613,shared,husband
ssh,0.391304347826087,shared,across
ssh,0.6842105263157895,shared,extensive
ssh,1.0,a_only,demonstrated
ssh,0.12280701754385964,b_only,bennet
ssh,0.07744107744107744,b_only,weary
ssh,0.6410256410256411,shared,prosperity
ssh,0.2648221343873518,shared,dare
ssh,1.0,a_only,jersey
ssh,0.6842105263157895,shared,december
ssh,0.5023474178403756,shared,pen
ssh,0.6580310880829016,shared,entire
ssh,0.2260536398467433,b_only,fountain
ssh,1.0,a_only,centers
ssh,1.0,a_only,warner
ssh,1.0,a_only,benedictine
ssh,0.0958904109589041,b_only,polly
ssh,0.6161616161616161,shared,hitting
ssh,0.18081180811808117,b_only,guillotine
ssh,0.5238095238095238,shared,stained
ssh,1.0,a_only,aruba
ssh,0.4953271028037383,shared,soup
ssh,1.0,a_only,seasonal
ssh,0.7877094972067039,shared,varying
ssh,0.19850187265917604,b_only,grieved
ssh,0.4479638009049774,shared,tricks
ssh,0.6494845360824743,shared,bloody
ssh,1.0,a_only,spectacular
ssh,1.0,a_only,disorders
ssh,0.09215017064846416,b_only,yourself
ssh,1.0,a_only,accordion
ssh,0.40350877192982454,shared,played
ssh,1.0,a_only,canada
ssh,1.0,a_only,nuclei
ssh,1.0,a_only,documents
ssh,0.6410256410256411,shared,announced
ssh,0.391304347826087,shared,offer
ssh,0.3168724279835391,shared,wrote
ssh,0.17647058823529413,b_only,attentions
ssh,0.5533980582524272,shared,po
ssh,0.5763546798029556,shared,convey
ssh,1.0,a_only,designated
ssh,0.20754716981132076,b_only,ghostly
ssh,0.2749003984063745,shared,half
ssh,1.0,a_only,resident
ssh,0.6080402010050251,shared,invented
ssh,0.46788990825688076,shared,raising
ssh,0.20300751879699247,b_only,brook
ssh,0.0958904109589041,b_only,faint
ssh,0.415929203539823,shared,dust
ssh,1.0,a_only,potentially
ssh,1.0,a_only,tourism
ssh,0.46788990825688076,shared,add
ssh,0.5094339622641509,shared,silk
ssh,0.4222222222222222,shared,recall
ssh,1.0,a_only,integers
ssh,1.0,a_only,historical
ssh,1.0,a_only,behavior
ssh,0.5609756097560976,shared,purposely
ssh,0.20754716981132076,b_only,swords
ssh,1.0,a_only,francisco
ssh,1.0,a_only,runner
ssh,0.7582417582417582,shared,irish
ssh,0.7391304347826086,shared,integrity
ssh,0.20300751879699247,b_only,bite
ssh,1.0,a_only,hippolytus
ssh,0.20300751879699247,b_only,praying
ssh,0.32231404958677684,shared,against
ssh,1.0,a_only,selective
ssh,1.0,a_only,darwin
ssh,0.2648221343873518,shared,though
ssh,1.0,a_only,locally
ssh,1.0,a_only,conspiracy
ssh,0.2903225806451613,shared,afterwards
ssh,0.23076923076923078,b_only,bushes
ssh,0.40350877192982454,shared,handsome
ssh,0.7582417582417582,shared,rocket
ssh,0.7777777777777778,shared,plea
ssh,1.0,a_only,minnesota
ssh,0.20754716981132076,b_only,inquiring
ssh,0.7297297297297297,shared,plant
ssh,0.3114754098360656,shared,paper
ssh,0.3793103448275862,shared,loss
ssh,1.0,a_only,tribute
ssh,0.6080402010050251,shared,marched
ssh,1.0,a_only,values
ssh,0.5023474178403756,shared,sentence
ssh,1.0,a_only,melbourne
ssh,0.5384615384615384,shared,discovery
ssh,1.0,a_only,fusion
ssh,0.5311004784688995,shared,bold
ssh,0.3852813852813853,shared,spite
ssh,1.0,a_only,sects
ssh,1.0,a_only,graham
ssh,0.5023474178403756,shared,subjects
ssh,1.0,a_only,produces
ssh,0.1510791366906475,b_only,frowning
ssh,0.6666666666666666,shared,captured
ssh,1.0,a_only,agricultural
ssh,1.0,a_only,assumption
ssh,0.13074204946996468,shared,out
ssh,0.24031007751937986,shared,won
ssh,1.0,a_only,gene
ssh,0.6326530612244898,shared,addresses
ssh,0.20300751879699247,b_only,witch
ssh,0.6494845360824743,shared,push
ssh,0.1267605633802817,b_only,netherfield
ssh,1.0,a_only,substantial
ssh,1.0,a_only,op
ssh,1.0,a_only,armies
ssh,1.0,a_only,virtually
ssh,1.0,a_only,nucleus
ssh,0.22137404580152673,b_only,pleasures
ssh,0.20300751879699247,b_only,neighbour
ssh,1.0,a_only,gesch
ssh,0.20754716981132076,b_only,whack
ssh,1.0,a_only,leo
ssh,1.0,a_only,androids
ssh,0.21212121212121213,shared,keep
ssh,0.2260536398467433,shared,only
ssh,0.6410256410256411,shared,xiii
ssh,0.6326530612244898,shared,neighbouring
ssh,0.3114754098360656,shared,memory
ssh,1.0,a_only,profile
ssh,0.3793103448275862,shared,dreams
ssh,0.5023474178403756,shared,tiger
ssh,1.0,a_only,fred
ssh,0.1347517730496454,b_only,pretended
ssh,0.415929203539823,shared,obvious
ssh,0.19850187265917604,b_only,dirt
ssh,0.15942028985507245,b_only,deceive
ssh,1.0,a_only,revolt
ssh,0.18518518518518517,b_only,impatience
ssh,0.22137404580152673,b_only,bats
ssh,1.0,a_only,award
ssh,0.23552123552123552,b_only,sly
ssh,1.0,a_only,presidential
ssh,0.2903225806451613,shared,town
ssh,1.0,a_only,wales
ssh,0.3445378151260504,shared,pose
ssh,0.36752136752136755,shared,born
ssh,0.5165876777251185,shared,neighbours
ssh,0.46788990825688076,shared,pin
ssh,1.0,a_only,mercury
ssh,1.0,a_only,privy
ssh,1.0,a_only,dreyfus
ssh,0.6410256410256411,shared,withdraw
ssh,0.7204301075268817,shared,affinity
ssh,0.29554655870445345,shared,moved
ssh,0.21212121212121213,b_only,gwyne
ssh,0.6494845360824743,shared,execute
ssh,0.6243654822335025,shared,headache
ssh,0.07744107744107744,b_only,whispered
ssh,0.42857142857142855,shared,inquiry
ssh,1.0,a_only,reich
ssh,0.7297297297297297,shared,lectures
ssh,1.0,a_only,kasparov
ssh,1.0,a_only,homosexuality
ssh,1.0,a_only,installed
ssh,0.6931216931216931,shared,conflict
ssh,1.0,a_only,aeneas
ssh,1.0,a_only,universally
ssh,0.6494845360824743,shared,dock
ssh,0.1895910780669145,b_only,busily
ssh,0.4611872146118721,shared,thick
ssh,0.1510791366906475,b_only,roar
ssh,1.0,a_only,mathbf
ssh,0.18518518518518517,b_only,hesitation
ssh,1.0,a_only,excavation
ssh,1.0,a_only,located
ssh,0.2749003984063745,shared,idea
ssh,0.40350877192982454,shared,prove
ssh,1.0,a_only,deposits
ssh,0.2903225806451613,shared,tackle
ssh,1.0,a_only,naming
ssh,1.0,a_only,navigation
ssh,1.0,a_only,quantitative
ssh,0.29554655870445345,shared,quiet
ssh,0.675392670157068,shared,terrace
ssh,1.0,a_only,cyprus
ssh,1.0,a_only,urban
ssh,0.1387900355871886,b_only,glasses
ssh,0.1510791366906475,b_only,recollection
ssh,0.7486338797814208,shared,border
ssh,1.0,a_only,networks
ssh,0.5023474178403756,shared,sums
ssh,0.5686274509803921,shared,guinea
ssh,0.5094339622641509,shared,hailed
ssh,1.0,a_only,episcopal
ssh,0.5311004784688995,shared,considering
ssh,1.0,a_only,bernard
ssh,1.0,a_only,codes
ssh,0.22137404580152673,b_only,ornery
ssh,0.5458937198067633,shared,flesh
ssh,0.48148148148148145,shared,nation
ssh,1.0,a_only,urn
ssh,1.0,a_only,unicode
ssh,0.4883720930232558,shared,paddington
ssh,0.2549019607843137,shared,write
ssh,0.4953271028037383,shared,cake
ssh,0.5094339622641509,shared,trade
ssh,0.09965635738831616,b_only,knee
ssh,1.0,a_only,negation
ssh,0.3008130081300813,shared,marriage
ssh,0.4349775784753363,shared,hill
ssh,0.5458937198067633,shared,basin
ssh,0.30612244897959184,shared,chapter
ssh,1.0,a_only,evolved
ssh,0.6243654822335025,shared,appearing
ssh,0.6666666666666666,shared,mounted
ssh,0.09215017064846416,b_only,rushed
ssh,0.1895910780669145,b_only,wash
ssh,0.675392670157068,shared,believing
ssh,0.40969162995594716,shared,adventure
ssh,1.0,a_only,ph
ssh,1.0,a_only,increasingly
ssh,1.0,a_only,valentinian
ssh,0.5841584158415841,shared,ending
ssh,0.40969162995594716,shared,satisfaction
ssh,0.39737991266375544,shared,visitor
ssh,0.5920398009950248,shared,test
ssh,1.0,a_only,leaders
ssh,0.4611872146118721,shared,separate
ssh,0.10344827586206896,b_only,bosom
ssh,0.37339055793991416,shared,catch
ssh,1.0,a_only,homer
ssh,0.6842105263157895,shared,grove
ssh,1.0,a_only,listing
ssh,0.44144144144144143,shared,suspense
ssh,0.2549019607843137,shared,till
ssh,0.6494845360824743,shared,classes
ssh,0.4953271028037383,shared,staying
ssh,0.6,shared,provide
ssh,0.6580310880829016,shared,timber
ssh,0.391304347826087,shared,niece
ssh,1.0,a_only,amine
ssh,0.19402985074626866,b_only,chateau
ssh,0.10344827586206896,b_only,contempt
ssh,0.5311004784688995,shared,stray
ssh,1.0,a_only,estimates
ssh,0.5023474178403756,shared,meanwhile
ssh,1.0,a_only,asparagales
ssh,0.4611872146118721,shared,sons
ssh,1.0,a_only,tsar
ssh,1.0,a_only,algerian
ssh,1.0,a_only,representation
ssh,1.0,a_only,capabilities
ssh,1.0,a_only,onset
ssh,1.0,a_only,ab
ssh,1.0,a_only,sales
ssh,1.0,a_only,odyssey
ssh,0.1895910780669145,b_only,devotion
ssh,1.0,a_only,indigenous
ssh,0.7204301075268817,shared,frozen
ssh,0.4883720930232558,shared,escaped
ssh,1.0,a_only,ford
ssh,0.32231404958677684,shared,master
ssh,0.675392670157068,shared,se
ssh,0.10344827586206896,b_only,sensible
ssh,0.2549019607843137,shared,life
ssh,0.6080402010050251,shared,characteristics
ssh,1.0,a_only,variations
ssh,1.0,a_only,lipsius
ssh,1.0,a_only,apl
ssh,0.28,shared,sun
ssh,0.17216117216117216,b_only,dey
ssh,1.0,a_only,retaining
ssh,0.6080402010050251,shared,improbable
ssh,0.18518518518518517,shared,you
ssh,0.4222222222222222,shared,greatly
ssh,0.4883720930232558,shared,match
ssh,0.6931216931216931,shared,conversations
ssh,1.0,a_only,techno
ssh,0.391304347826087,shared,practice
ssh,0.20754716981132076,b_only,shabby
ssh,0.6410256410256411,shared,rational
ssh,0.20754716981132076,b_only,henceforth
ssh,1.0,a_only,geometric
ssh,0.17647058823529413,shared,went
ssh,0.675392670157068,shared,biggest
ssh,0.7297297297297297,shared,churches
ssh,0.28,shared,allowed
ssh,0.6161616161616161,shared,forming
ssh,0.11498257839721254,b_only,wickham
ssh,0.6243654822335025,shared,retained
ssh,0.13074204946996468,shared,in
ssh,1.0,a_only,cambodia
ssh,0.20300751879699247,b_only,boggs
ssh,0.40969162995594716,shared,sky
ssh,0.5311004784688995,shared,twin
ssh,0.25,shared,did
ssh,0.14285714285714285,shared,all
ssh,0.6,shared,jew
ssh,1.0,a_only,hierarchy
ssh,0.12280701754385964,b_only,amused
ssh,0.6410256410256411,shared,fraud
ssh,0.6161616161616161,shared,suggestion
ssh,1.0,a_only,diversity
ssh,1.0,a_only,shares
ssh,1.0,a_only,formulated
ssh,1.0,a_only,hardware
ssh,1.0,a_only,alternatives
ssh,1.0,a_only,strikers
ssh,0.675392670157068,shared,refined
ssh,0.19402985074626866,b_only,realise
ssh,1.0,a_only,revolutionary
ssh,0.5686274509803921,shared,mont
ssh,0.3114754098360656,shared,merely
ssh,0.6243654822335025,shared,nt
ssh,0.20300751879699247,b_only,carriages
ssh,0.6494845360824743,shared,quantity
ssh,0.4883720930232558,shared,royalties
ssh,0.6,shared,abner
ssh,0.6580310880829016,shared,virtuous
ssh,0.28,shared,returned
ssh,1.0,a_only,concrete
ssh,0.10344827586206896,b_only,stole
ssh,0.48148148148148145,shared,leather
ssh,0.5920398009950248,shared,northern
ssh,0.4953271028037383,shared,completely
ssh,0.08843537414965986,b_only,hurry
ssh,0.5686274509803921,shared,energetic
ssh,1.0,a_only,infrastructure
ssh,1.0,a_only,meters
ssh,0.22137404580152673,b_only,crush
ssh,0.6580310880829016,shared,restoring
ssh,0.6580310880829016,shared,tenth
ssh,1.0,a_only,cm
ssh,0.18518518518518517,b_only,snatched
ssh,0.6080402010050251,shared,overshadowed
ssh,0.40350877192982454,shared,servants
ssh,0.5763546798029556,shared,drums
ssh,0.44144144144144143,shared,aisles
ssh,1.0,a_only,anti
ssh,1.0,a_only,preliminary
ssh,0.4953271028037383,shared,wheel
ssh,0.1347517730496454,b_only,endured
ssh,1.0,a_only,participated
ssh,1.0,a_only,altruism
ssh,0.20300751879699247,b_only,11
ssh,1.0,a_only,goal
ssh,0.6666666666666666,shared,exceeded
ssh,0.2903225806451613,shared,known
ssh,0.4953271028037383,shared,entail
ssh,1.0,a_only,abortion
ssh,0.5686274509803921,shared,couch
ssh,0.6,shared,preserved
ssh,1.0,a_only,vertical
ssh,1.0,a_only,literacy
ssh,0.5311004784688995,shared,seeking
ssh,1.0,a_only,uterus
ssh,1.0,a_only,georgia
ssh,0.5023474178403756,shared,absent
ssh,1.0,a_only,du
ssh,0.7021276595744681,shared,frontier
ssh,0.285140562248996,shared,drove
ssh,0.1510791366906475,b_only,tails
ssh,0.19402985074626866,b_only,gigantic
ssh,0.5841584158415841,shared,local
ssh,1.0,a_only,ragnar
ssh,0.7582417582417582,shared,limits
ssh,0.1347517730496454,b_only,dreaming
ssh,1.0,a_only,width
ssh,1.0,a_only,decreased
ssh,0.47465437788018433,shared,becoming
ssh,0.6931216931216931,shared,inferior
ssh,1.0,a_only,aol
ssh,1.0,a_only,gnostic
ssh,1.0,a_only,aardvarks
ssh,0.12280701754385964,b_only,2
ssh,0.46788990825688076,shared,prosperous
ssh,1.0,a_only,tropical
ssh,0.5920398009950248,shared,inhabit
ssh,1.0,a_only,musician
ssh,0.245136186770428,shared,person
ssh,0.6410256410256411,shared,bone
ssh,0.6931216931216931,shared,void
ssh,0.675392670157068,shared,prevalent
ssh,0.5094339622641509,shared,wax
ssh,0.09215017064846416,b_only,countenance
ssh,1.0,a_only,antiprotons
ssh,1.0,a_only,survival
ssh,0.13074204946996468,b_only,cheerfully
ssh,0.21212121212121213,b_only,attentively
ssh,0.7112299465240641,shared,speeches
ssh,0.1111111111111111,b_only,charming
ssh,0.45454545454545453,shared,pursuit
ssh,1.0,a_only,brands
ssh,0.4349775784753363,shared,actor
ssh,1.0,a_only,sampras
ssh,0.4883720930232558,shared,jeff
ssh,1.0,a_only,alcott
ssh,1.0,a_only,cologne
ssh,0.797752808988764,shared,policy
ssh,0.6161616161616161,shared,established
ssh,0.47465437788018433,shared,absolute
ssh,0.37339055793991416,shared,rock
ssh,1.0,a_only,phoenician
ssh,0.6326530612244898,shared,satan
ssh,0.1895910780669145,b_only,tinker
ssh,1.0,a_only,muslim
ssh,0.17647058823529413,b_only,swinging
ssh,1.0,a_only,extension
ssh,0.11888111888111888,b_only,honoured
ssh,1.0,a_only,algol
ssh,0.4953271028037383,shared,safer
ssh,0.5165876777251185,shared,inn
ssh,0.7297297297297297,shared,beads
ssh,0.3852813852813853,shared,deed
ssh,0.6494845360824743,shared,unnecessary
ssh,1.0,a_only,abbreviation
ssh,0.6580310880829016,shared,infant
ssh,0.46788990825688076,shared,fat
ssh,0.0958904109589041,b_only,upstairs
ssh,1.0,a_only,exploration
ssh,0.22137404580152673,b_only,graveyard
ssh,0.2648221343873518,shared,object
ssh,0.20300751879699247,b_only,nails
ssh,1.0,a_only,super
ssh,0.46788990825688076,shared,cool
ssh,1.0,a_only,challenge
ssh,0.21673003802281368,b_only,raging
ssh,0.8181818181818182,shared,ministers
ssh,0.6931216931216931,shared,checking
ssh,1.0,a_only,amateur
ssh,1.0,a_only,riots
ssh,0.3008130081300813,shared,earth
ssh,1.0,a_only,immune
ssh,1.0,a_only,expelled
ssh,0.29554655870445345,shared,lie
ssh,1.0,a_only,ads
ssh,1.0,a_only,pr
ssh,1.0,a_only,fleming
ssh,0.37339055793991416,shared,lively
ssh,0.5609756097560976,shared,improved
ssh,0.7297297297297297,shared,hurricane
ssh,0.5458937198067633,shared,sheets
ssh,0.4883720930232558,shared,bought
ssh,1.0,a_only,interpretations
ssh,0.6080402010050251,shared,burn
ssh,0.675392670157068,shared,instruction
ssh,1.0,a_only,scottish
ssh,0.6931216931216931,shared,measures
ssh,0.7112299465240641,shared,identify
ssh,1.0,a_only,aboriginal
ssh,0.5384615384615384,shared,declare
ssh,0.11888111888111888,b_only,earnestly
ssh,1.0,a_only,defeated
ssh,1.0,a_only,wildlife
ssh,0.6666666666666666,shared,relating
ssh,0.3168724279835391,shared,along
ssh,1.0,a_only,americas
ssh,1.0,a_only,stanley
ssh,1.0,a_only,gore
ssh,1.0,a_only,refectory
ssh,0.48148148148148145,shared,problem
ssh,0.285140562248996,shared,fair
ssh,1.0,a_only,suburbs
ssh,1.0,a_only,magnitude
ssh,1.0,a_only,elite
ssh,0.3008130081300813,shared,less
ssh,0.32231404958677684,shared,outside
ssh,0.45454545454545453,shared,conviction
ssh,1.0,a_only,barbuda
ssh,0.21673003802281368,b_only,hateful
ssh,0.5023474178403756,shared,destruction
ssh,1.0,a_only,autistic
ssh,1.0,a_only,surgical
ssh,1.0,a_only,package
ssh,1.0,a_only,alien
ssh,1.0,a_only,classics
ssh,0.4349775784753363,shared,degree
ssh,0.2698412698412698,shared,wrong
ssh,0.4349775784753363,shared,acting
ssh,1.0,a_only,verb
ssh,0.6326530612244898,shared,cheap
ssh,1.0,a_only,featured
ssh,0.6,shared,bleeding
ssh,1.0,a_only,computation
ssh,0.675392670157068,shared,approved
ssh,0.20754716981132076,b_only,stair
ssh,1.0,a_only,beaches
ssh,0.44144144144144143,shared,succeed
ssh,1.0,a_only,explored
ssh,0.6666666666666666,shared,numbers
ssh,0.5533980582524272,shared,washed
ssh,0.19402985074626866,b_only,swelled
ssh,1.0,a_only,helen
ssh,1.0,a_only,botanical
ssh,0.29554655870445345,shared,brought
ssh,0.19850187265917604,b_only,grindstone
ssh,0.5094339622641509,shared,eyed
ssh,0.4222222222222222,shared,wore
ssh,1.0,a_only,undergo
ssh,1.0,a_only,audi
ssh,0.14695340501792115,b_only,loudly
ssh,0.44144144144144143,shared,officers
ssh,1.0,a_only,ammonium
ssh,0.09215017064846416,b_only,gratitude
ssh,0.21673003802281368,b_only,moaned
ssh,0.6,shared,offence
ssh,0.30612244897959184,shared,behind
ssh,0.5920398009950248,shared,wing
ssh,0.4479638009049774,shared,dancing
ssh,0.7112299465240641,shared,confusing
ssh,0.06666666666666667,b_only,murmured
ssh,0.5384615384615384,shared,orange
ssh,0.5763546798029556,shared,noted
ssh,0.2749003984063745,shared,ago
ssh,0.6326530612244898,shared,element
ssh,1.0,a_only,chronology
ssh,1.0,a_only,alp
ssh,0.4953271028037383,shared,furniture
ssh,0.2549019607843137,shared,even
ssh,0.4953271028037383,shared,authorities
ssh,0.5238095238095238,shared,feeble
ssh,1.0,a_only,dubbed
ssh,0.4222222222222222,shared,remarkable
ssh,1.0,a_only,radiation
ssh,1.0,a_only,vivaldi
ssh,0.20300751879699247,b_only,echoed
ssh,0.350210970464135,shared,pocket
ssh,1.0,a_only,status
ssh,0.6080402010050251,shared,degradation
ssh,1.0,a_only,carroll
ssh,0.6494845360824743,shared,compare
ssh,0.675392670157068,shared,prospects
ssh,0.4479638009049774,shared,secrets
ssh,0.17647058823529413,b_only,blinds
ssh,1.0,a_only,equation
ssh,0.18081180811808117,b_only,conceive
ssh,0.23076923076923078,shared,hear
ssh,0.21212121212121213,b_only,daresay
ssh,0.5763546798029556,shared,performed
ssh,0.7112299465240641,shared,vicinity
ssh,1.0,a_only,measurements
ssh,0.5311004784688995,shared,throwing
ssh,0.1678832116788321,b_only,twisted
ssh,1.0,a_only,arctic
ssh,0.3008130081300813,shared,bright
ssh,0.285140562248996,shared,pleasure
ssh,0.4953271028037383,shared,christmas
ssh,0.6580310880829016,shared,clothing
ssh,0.6326530612244898,shared,conducted
ssh,0.7582417582417582,shared,literary
ssh,0.7021276595744681,shared,origin
ssh,0.37339055793991416,shared,written
ssh,1.0,a_only,thesis
ssh,1.0,a_only,armstrong
ssh,0.20754716981132076,b_only,10
ssh,1.0,a_only,astronomers
ssh,0.45454545454545453,shared,consequence
ssh,0.45454545454545453,shared,legs
ssh,1.0,a_only,humorous
ssh,1.0,a_only,acacia
ssh,0.30612244897959184,shared,gave
ssh,0.7021276595744681,shared,highway
ssh,0.20300751879699247,b_only,crawled
ssh,1.0,a_only,ada
ssh,0.6326530612244898,shared,bears
ssh,1.0,a_only,provincial
ssh,1.0,a_only,warrior
ssh,1.0,a_only,martin
ssh,0.20300751879699247,b_only,faded
ssh,0.5533980582524272,shared,courses
ssh,1.0,a_only,orwell
ssh,0.5311004784688995,shared,desert
ssh,0.3168724279835391,shared,habit
ssh,0.3333333333333333,shared,force
ssh,0.5311004784688995,shared,punch
ssh,0.5094339622641509,shared,republic
ssh,0.23552123552123552,shared,talking
ssh,0.5458937198067633,shared,intellectual
ssh,0.19402985074626866,b_only,whip
ssh,0.350210970464135,shared,address
ssh,0.2260536398467433,b_only,pall
ssh,0.07023411371237458,b_only,wonderful
ssh,0.6410256410256411,shared,returns
ssh,1.0,a_only,atheist
ssh,0.6161616161616161,shared,curved
ssh,0.285140562248996,shared,closed
ssh,0.3008130081300813,shared,caught
ssh,1.0,a_only,arab
ssh,0.4953271028037383,shared,cannon
ssh,1.0,a_only,aids
ssh,0.391304347826087,shared,powerful
ssh,0.3114754098360656,shared,also
ssh,1.0,a_only,immortality
ssh,0.7391304347826086,shared,adam
ssh,0.19402985074626866,b_only,goose
ssh,0.7021276595744681,shared,longest
ssh,0.7486338797814208,shared,owes
ssh,1.0,a_only,dean
ssh,0.3852813852813853,shared,ear
ssh,0.32231404958677684,shared,sleeping
ssh,1.0,a_only,highlands
ssh,1.0,a_only,bibliography
ssh,0.23552123552123552,shared,presently
ssh,0.4611872146118721,shared,inclined
ssh,0.5686274509803921,shared,voyages
ssh,1.0,a_only,republicans
ssh,0.7112299465240641,shared,symbol
