method,phase_similarity,tag,word
ssh,1.0,a_only,tony
ssh,1.0,a_only,unemployment
ssh,0.6243654822335025,shared,traced
ssh,1.0,a_only,benz
ssh,1.0,a_only,est
ssh,0.3445378151260504,shared,possibly
ssh,0.7204301075268817,shared,expenses
ssh,0.2749003984063745,shared,nearly
ssh,0.3445378151260504,shared,greater
ssh,0.3852813852813853,shared,marquis
ssh,1.0,a_only,planet
ssh,1.0,a_only,amines
ssh,1.0,a_only,speculated
ssh,1.0,a_only,propagation
ssh,1.0,a_only,nucleus
ssh,1.0,a_only,overseas
ssh,0.7486338797814208,shared,errors
ssh,0.10726643598615918,b_only,wretchedness
ssh,0.08843537414965986,b_only,momentary
ssh,0.7777777777777778,shared,famine
ssh,1.0,a_only,institution
ssh,0.3445378151260504,shared,power
ssh,0.30612244897959184,shared,s
ssh,1.0,a_only,training
ssh,0.40350877192982454,shared,rock
ssh,1.0,a_only,aids
ssh,1.0,a_only,neurological
ssh,1.0,a_only,orbitals
ssh,1.0,a_only,geological
ssh,1.0,a_only,arctic
ssh,0.7391304347826086,shared,grain
ssh,0.6,shared,sovereign
ssh,1.0,a_only,apache
ssh,1.0,a_only,review
ssh,0.6326530612244898,shared,banking
ssh,0.4611872146118721,shared,receiving
ssh,0.7486338797814208,shared,serves
ssh,1.0,a_only,accession
ssh,0.46788990825688076,shared,unusual
ssh,0.30612244897959184,shared,slept
ssh,0.6080402010050251,shared,wearing
ssh,1.0,a_only,administrator
ssh,0.675392670157068,shared,populace
ssh,0.2903225806451613,shared,shoulder
ssh,1.0,a_only,publisher
ssh,1.0,a_only,construct
ssh,1.0,a_only,ignored
ssh,0.7204301075268817,shared,neutral
ssh,0.1111111111111111,b_only,conjecture
ssh,0.6161616161616161,shared,wing
ssh,0.4953271028037383,shared,bark
ssh,0.11888111888111888,b_only,shone
ssh,0.28,shared,leave
ssh,0.3114754098360656,shared,duchess
ssh,1.0,a_only,orbits
ssh,1.0,a_only,abortions
ssh,0.7297297297297297,shared,beam
ssh,0.7021276595744681,shared,stuffed
ssh,0.10726643598615918,b_only,heartless
ssh,1.0,a_only,immigration
ssh,0.7486338797814208,shared,manager
ssh,0.07023411371237458,b_only,trousers
ssh,1.0,a_only,athlete
ssh,0.5094339622641509,shared,beloved
ssh,0.7486338797814208,shared,hugh
ssh,0.7582417582417582,shared,harder
ssh,0.0958904109589041,b_only,temptation
ssh,0.10726643598615918,b_only,contented
ssh,0.07744107744107744,b_only,hearted
ssh,0.5763546798029556,shared,descent
ssh,0.7486338797814208,shared,philosopher
ssh,0.6080402010050251,shared,western
ssh,0.37339055793991416,shared,devil
ssh,0.2749003984063745,shared,looking
ssh,1.0,a_only,starring
ssh,0.4953271028037383,shared,actress
ssh,1.0,a_only,geographic
ssh,1.0,a_only,electoral
ssh,1.0,a_only,mm
ssh,0.675392670157068,shared,file
ssh,0.6080402010050251,shared,crossing
ssh,0.797752808988764,shared,involve
ssh,0.7204301075268817,shared,beneficial
ssh,1.0,a_only,cd
ssh,0.0958904109589041,b_only,ceiling
ssh,0.6,shared,ambition
ssh,0.0958904109589041,b_only,beauties
ssh,0.8181818181818182,shared,lions
ssh,0.3114754098360656,shared,known
ssh,0.6161616161616161,shared,claims
ssh,1.0,a_only,positions
ssh,1.0,a_only,numbered
ssh,0.32231404958677684,shared,weeks
ssh,0.675392670157068,shared,bay
ssh,0.5384615384615384,shared,guilty
ssh,0.5920398009950248,shared,patients
ssh,0.0738255033557047,b_only,sunk
ssh,0.6494845360824743,shared,groups
ssh,0.3852813852813853,shared,raising
ssh,0.10344827586206896,b_only,10
ssh,1.0,a_only,phil
ssh,0.08843537414965986,b_only,glimpse
ssh,1.0,a_only,role
ssh,0.5238095238095238,shared,mercy
ssh,1.0,a_only,legislature
ssh,1.0,a_only,represents
ssh,1.0,a_only,fairbanks
ssh,1.0,a_only,admits
ssh,0.7112299465240641,shared,imprisonment
ssh,0.11888111888111888,b_only,merry
ssh,0.07744107744107744,b_only,attendants
ssh,1.0,a_only,neutrality
ssh,0.3278008298755187,shared,sort
ssh,0.5023474178403756,shared,departed
ssh,0.46788990825688076,shared,shock
ssh,0.6666666666666666,shared,trained
ssh,0.0847457627118644,b_only,miserable
ssh,0.40969162995594716,shared,figures
ssh,1.0,a_only,races
ssh,1.0,a_only,surveillance
ssh,0.807909604519774,shared,abundant
ssh,1.0,a_only,distinctive
ssh,0.47465437788018433,shared,argument
ssh,0.5609756097560976,shared,flat
ssh,0.7582417582417582,shared,intensity
ssh,0.0958904109589041,b_only,mingled
ssh,0.48148148148148145,shared,landed
ssh,0.40350877192982454,shared,grand
ssh,1.0,a_only,conservative
ssh,0.807909604519774,shared,yielding
ssh,0.5458937198067633,shared,basis
ssh,1.0,a_only,global
ssh,0.11888111888111888,b_only,worry
ssh,1.0,a_only,atheists
ssh,1.0,a_only,historically
ssh,1.0,a_only,components
ssh,1.0,a_only,tokyo
ssh,0.5609756097560976,shared,benefit
ssh,1.0,a_only,alamanni
ssh,0.7486338797814208,shared,turkey
ssh,0.21212121212121213,shared,meet
ssh,0.8181818181818182,shared,edmund
ssh,0.10344827586206896,b_only,ther
ssh,1.0,a_only,celebration
ssh,0.09215017064846416,b_only,likeness
ssh,0.07023411371237458,b_only,warmth
ssh,0.2698412698412698,shared,men
ssh,0.5165876777251185,shared,inspired
ssh,1.0,a_only,deity
ssh,1.0,a_only,peaks
ssh,0.09965635738831616,b_only,stiff
ssh,0.47465437788018433,shared,regarding
ssh,1.0,a_only,sartre
ssh,0.5238095238095238,shared,enormous
ssh,1.0,a_only,values
ssh,0.08843537414965986,b_only,lodgings
ssh,0.09215017064846416,b_only,wuz
ssh,1.0,a_only,blocking
ssh,0.6410256410256411,shared,italian
ssh,0.807909604519774,shared,investigations
ssh,0.7021276595744681,shared,buildings
ssh,0.5686274509803921,shared,fascinating
ssh,0.5384615384615384,shared,decide
ssh,0.6931216931216931,shared,beard
ssh,0.2903225806451613,shared,beautiful
ssh,0.6326530612244898,shared,mill
ssh,0.06312292358803986,b_only,eyelids
ssh,1.0,a_only,resulted
ssh,0.48148148148148145,shared,constant
ssh,0.08108108108108109,b_only,bowed
ssh,0.7679558011049724,shared,homes
ssh,1.0,a_only,acropolis
ssh,0.6326530612244898,shared,deference
ssh,0.3389121338912134,shared,back
ssh,0.09215017064846416,b_only,grim
ssh,0.4222222222222222,shared,chamber
ssh,0.3389121338912134,shared,high
ssh,0.5458937198067633,shared,owner
ssh,1.0,a_only,beta
ssh,0.7679558011049724,shared,slaughter
ssh,1.0,a_only,ancestral
ssh,0.08108108108108109,b_only,cared
ssh,0.8390804597701149,shared,cynical
ssh,0.6080402010050251,shared,slavery
ssh,0.3793103448275862,shared,nursery
ssh,1.0,a_only,periodic
ssh,1.0,a_only,interact
ssh,0.7877094972067039,shared,estimate
ssh,0.4479638009049774,shared,treated
ssh,0.0738255033557047,b_only,clouded
ssh,0.29554655870445345,shared,tired
ssh,1.0,a_only,cited
ssh,0.2903225806451613,shared,horse
ssh,1.0,a_only,inter
ssh,0.675392670157068,shared,japanese
ssh,1.0,a_only,disputes
ssh,1.0,a_only,olympics
ssh,1.0,a_only,senate
ssh,0.07023411371237458,b_only,upstairs
ssh,0.7877094972067039,shared,luxurious
ssh,0.7297297297297297,shared,fishermen
ssh,0.47465437788018433,shared,carrying
ssh,0.40350877192982454,shared,senses
ssh,0.797752808988764,shared,porter
ssh,1.0,a_only,skylab
ssh,0.6080402010050251,shared,pa
ssh,0.5458937198067633,shared,pushed
ssh,1.0,a_only,algebraically
ssh,0.5920398009950248,shared,interfere
ssh,1.0,a_only,comprising
ssh,0.11498257839721254,b_only,extinguished
ssh,1.0,a_only,archaeological
ssh,1.0,a_only,millennium
ssh,0.30612244897959184,shared,turned
ssh,1.0,a_only,involvement
ssh,0.6842105263157895,shared,ties
ssh,1.0,a_only,norse
ssh,0.8285714285714286,shared,impossibility
ssh,0.0738255033557047,b_only,breathe
ssh,0.08108108108108109,b_only,swords
ssh,1.0,a_only,coverage
ssh,0.7204301075268817,shared,throws
ssh,0.47465437788018433,shared,bottle
ssh,0.3333333333333333,shared,trust
ssh,1.0,a_only,undergo
ssh,1.0,a_only,airplane
ssh,1.0,a_only,entropy
ssh,0.7021276595744681,shared,joining
ssh,1.0,a_only,habsburg
ssh,0.7204301075268817,shared,poets
ssh,1.0,a_only,geographical
ssh,1.0,a_only,effective
ssh,0.39737991266375544,shared,crime
ssh,0.7582417582417582,shared,complaints
ssh,1.0,a_only,andre
ssh,0.09215017064846416,b_only,nodded
ssh,0.3278008298755187,shared,study
ssh,0.3008130081300813,shared,said
ssh,0.44144144144144143,shared,thinks
ssh,0.0847457627118644,b_only,mournful
ssh,0.675392670157068,shared,flown
ssh,0.7112299465240641,shared,moves
ssh,1.0,a_only,unity
ssh,0.5384615384615384,shared,deck
ssh,0.0847457627118644,b_only,inquired
ssh,0.7021276595744681,shared,statements
ssh,0.30612244897959184,shared,sweet
ssh,0.5238095238095238,shared,messenger
ssh,1.0,a_only,creed
ssh,1.0,a_only,separately
ssh,0.6666666666666666,shared,depressed
ssh,1.0,a_only,operating
ssh,0.08843537414965986,b_only,bye
ssh,1.0,a_only,cit
ssh,1.0,a_only,fertility
ssh,0.3333333333333333,shared,evil
ssh,1.0,a_only,downtown
ssh,1.0,a_only,melody
ssh,0.807909604519774,shared,alert
ssh,0.6931216931216931,shared,responsibility
ssh,0.28,shared,gentleman
ssh,1.0,a_only,strictly
ssh,1.0,a_only,objectivist
ssh,0.08843537414965986,b_only,rejoined
ssh,1.0,a_only,nominee
ssh,1.0,a_only,valentinian
ssh,1.0,a_only,practiced
ssh,0.4953271028037383,shared,screen
ssh,0.7112299465240641,shared,locks
ssh,1.0,a_only,aftermath
ssh,1.0,a_only,thereafter
ssh,0.3793103448275862,shared,opposite
ssh,0.5094339622641509,shared,reflections
ssh,1.0,a_only,amplitude
ssh,0.3389121338912134,shared,sherlock
ssh,0.7777777777777778,shared,asserted
ssh,0.6842105263157895,shared,drug
ssh,1.0,a_only,broader
ssh,1.0,a_only,barbara
ssh,0.09965635738831616,b_only,begged
ssh,0.28,shared,waiting
ssh,0.11888111888111888,b_only,orgies
ssh,0.0738255033557047,b_only,fury
ssh,1.0,a_only,kalinga
ssh,0.5165876777251185,shared,smoking
ssh,0.7204301075268817,shared,boards
ssh,0.7297297297297297,shared,complaint
ssh,1.0,a_only,conquest
ssh,1.0,a_only,tucker
ssh,0.08108108108108109,b_only,longbourn
ssh,0.11498257839721254,b_only,whitby
ssh,1.0,a_only,geologist
ssh,0.10726643598615918,b_only,welshman
ssh,0.06666666666666667,b_only,monstrous
ssh,0.7204301075268817,shared,text
ssh,1.0,a_only,governments
ssh,0.45454545454545453,shared,admit
ssh,0.7679558011049724,shared,proceeding
ssh,0.4953271028037383,shared,murderer
ssh,1.0,a_only,albanian
ssh,0.46788990825688076,shared,stones
ssh,1.0,a_only,algae
ssh,0.0958904109589041,b_only,lucky
ssh,0.0958904109589041,b_only,saddle
ssh,0.7777777777777778,shared,gifts
ssh,0.6410256410256411,shared,bureau
ssh,0.5094339622641509,shared,solid
ssh,0.09215017064846416,b_only,sinister
ssh,0.350210970464135,shared,shop
ssh,1.0,a_only,chromatic
ssh,0.5763546798029556,shared,republican
ssh,1.0,a_only,photographs
ssh,0.807909604519774,shared,acceptable
ssh,0.09965635738831616,b_only,stooped
ssh,1.0,a_only,eurovision
ssh,1.0,a_only,egoism
ssh,0.10726643598615918,b_only,agreeable
ssh,0.8285714285714286,shared,edward
ssh,0.3389121338912134,shared,small
ssh,0.7582417582417582,shared,individually
ssh,0.6580310880829016,shared,mummy
ssh,0.32231404958677684,shared,draw
ssh,0.6326530612244898,shared,owe
ssh,0.6243654822335025,shared,encounter
ssh,0.285140562248996,shared,allowed
ssh,1.0,a_only,marshal
ssh,0.3852813852813853,shared,heavily
ssh,0.7112299465240641,shared,arising
ssh,0.7777777777777778,shared,cooking
ssh,1.0,a_only,cl
ssh,1.0,a_only,revision
ssh,1.0,a_only,danish
ssh,1.0,a_only,strategy
ssh,0.1111111111111111,b_only,sweat
ssh,1.0,a_only,vegetation
ssh,0.7877094972067039,shared,flocked
ssh,0.6494845360824743,shared,industry
ssh,0.40350877192982454,shared,chief
ssh,0.7877094972067039,shared,vegetable
ssh,0.391304347826087,shared,produced
ssh,0.7777777777777778,shared,conversations
ssh,0.7297297297297297,shared,deliberate
ssh,1.0,a_only,britannica
ssh,0.7877094972067039,shared,situations
ssh,1.0,a_only,algiers
ssh,0.44144144144144143,shared,familiar
ssh,1.0,a_only,murders
ssh,1.0,a_only,spaces
ssh,0.7486338797814208,shared,mixing
ssh,0.6161616161616161,shared,asks
ssh,1.0,a_only,quotes
ssh,1.0,a_only,reprinted
ssh,0.6161616161616161,shared,conceived
ssh,0.44144144144144143,shared,gay
ssh,0.08843537414965986,b_only,shut
ssh,0.45454545454545453,shared,crossed
ssh,1.0,a_only,primitive
ssh,1.0,a_only,julia
ssh,0.09215017064846416,b_only,loathing
ssh,0.5238095238095238,shared,exhibit
ssh,0.415929203539823,shared,bill
ssh,1.0,a_only,connor
ssh,0.3617021276595745,shared,drunk
ssh,1.0,a_only,chess
ssh,0.5763546798029556,shared,practical
ssh,0.0958904109589041,b_only,shrink
ssh,1.0,a_only,focus
ssh,1.0,a_only,offense
ssh,1.0,a_only,tommy
ssh,0.3168724279835391,shared,entered
ssh,0.3114754098360656,shared,result
ssh,0.3333333333333333,shared,wishes
ssh,1.0,a_only,migration
ssh,0.7391304347826086,shared,justify
ssh,1.0,a_only,contribution
ssh,1.0,a_only,agreements
ssh,0.7391304347826086,shared,lined
ssh,0.44144144144144143,shared,behaviour
ssh,1.0,a_only,alkane
ssh,0.10344827586206896,b_only,aloud
ssh,0.5533980582524272,shared,genius
ssh,0.3168724279835391,shared,left
ssh,0.4953271028037383,shared,wise
ssh,0.6410256410256411,shared,picturesque
ssh,1.0,a_only,eliminate
ssh,0.4953271028037383,shared,reasonable
ssh,1.0,a_only,prohibited
ssh,0.37339055793991416,shared,absence
ssh,0.10726643598615918,b_only,thoughtful
ssh,1.0,a_only,latitude
ssh,1.0,a_only,dissociation
ssh,0.4953271028037383,shared,west
ssh,1.0,a_only,antihydrogen
ssh,0.3559322033898305,shared,escape
ssh,1.0,a_only,climate
ssh,1.0,a_only,academic
ssh,1.0,a_only,comprise
ssh,0.45454545454545453,shared,collected
ssh,1.0,a_only,layer
ssh,1.0,a_only,items
ssh,1.0,a_only,romanian
ssh,0.42857142857142855,shared,officers
ssh,0.10344827586206896,b_only,gentlemen
ssh,1.0,a_only,belgium
ssh,1.0,a_only,structural
ssh,0.2648221343873518,shared,told
ssh,0.40350877192982454,shared,remark
ssh,1.0,a_only,applications
ssh,0.6666666666666666,shared,bears
ssh,0.3168724279835391,shared,opinion
ssh,0.2698412698412698,shared,presently
ssh,0.5763546798029556,shared,vital
ssh,0.7486338797814208,shared,assert
ssh,0.24031007751937986,shared,need
ssh,0.7391304347826086,shared,tradition
ssh,1.0,a_only,antony
ssh,0.09965635738831616,b_only,fancied
ssh,0.10726643598615918,b_only,sledge
ssh,0.44144144144144143,shared,brown
ssh,0.7582417582417582,shared,soap
ssh,0.5533980582524272,shared,capital
ssh,0.6161616161616161,shared,affect
ssh,1.0,a_only,diversity
ssh,1.0,a_only,movies
ssh,0.48148148148148145,shared,friendly
ssh,1.0,a_only,congressional
ssh,0.32231404958677684,shared,been
ssh,1.0,a_only,racism
ssh,0.07023411371237458,b_only,blinds
ssh,0.5023474178403756,shared,beneath
ssh,1.0,a_only,branden
ssh,1.0,a_only,broadcasting
ssh,1.0,a_only,aga
ssh,1.0,a_only,decades
ssh,0.0847457627118644,b_only,floated
ssh,1.0,a_only,johnson
ssh,1.0,a_only,finland
ssh,0.7204301075268817,shared,perpetual
ssh,1.0,a_only,nonetheless
ssh,1.0,a_only,extant
ssh,1.0,a_only,executive
ssh,0.08108108108108109,b_only,disgrace
ssh,0.4953271028037383,shared,moral
ssh,0.3617021276595745,shared,rising
ssh,0.5920398009950248,shared,spreading
ssh,0.44144144144144143,shared,clean
ssh,1.0,a_only,assumption
ssh,1.0,a_only,technologies
ssh,1.0,a_only,grains
ssh,0.10726643598615918,b_only,trot
ssh,0.7297297297297297,shared,trading
ssh,1.0,a_only,profitable
ssh,0.5763546798029556,shared,alter
ssh,0.4953271028037383,shared,contrast
ssh,0.0847457627118644,b_only,scent
ssh,1.0,a_only,unix
ssh,1.0,a_only,wesley
ssh,0.08108108108108109,b_only,crucifix
ssh,0.09215017064846416,b_only,awakened
ssh,1.0,a_only,christianity
ssh,1.0,a_only,identifies
ssh,0.09965635738831616,b_only,arrange
ssh,0.25984251968503935,shared,heard
ssh,0.5763546798029556,shared,strangers
ssh,1.0,a_only,infection
ssh,0.08108108108108109,b_only,kitten
ssh,1.0,a_only,terminology
ssh,1.0,a_only,manual
ssh,0.46788990825688076,shared,examination
ssh,1.0,a_only,expand
ssh,0.10726643598615918,b_only,clerval
ssh,0.6666666666666666,shared,shy
ssh,1.0,a_only,deals
ssh,0.0847457627118644,b_only,dreadful
ssh,0.7021276595744681,shared,joseph
ssh,0.07023411371237458,b_only,roared
ssh,0.30612244897959184,shared,together
ssh,0.5458937198067633,shared,serpent
ssh,1.0,a_only,gothic
ssh,0.0847457627118644,b_only,soho
ssh,0.6410256410256411,shared,peasants
ssh,1.0,a_only,amino
ssh,0.09215017064846416,b_only,odour
ssh,1.0,a_only,aka
ssh,0.09215017064846416,b_only,jackal
ssh,0.2648221343873518,shared,nature
ssh,0.0958904109589041,b_only,shrill
ssh,0.6842105263157895,shared,airs
ssh,1.0,a_only,burgess
ssh,0.47465437788018433,shared,client
ssh,0.3445378151260504,shared,heads
ssh,0.6580310880829016,shared,cattle
ssh,0.5238095238095238,shared,closing
ssh,0.8497109826589595,shared,thereby
ssh,0.5763546798029556,shared,render
ssh,0.09215017064846416,b_only,hosmer
ssh,0.2903225806451613,shared,death
ssh,0.09215017064846416,b_only,jest
ssh,0.7112299465240641,shared,slain
ssh,1.0,a_only,plus
ssh,0.6931216931216931,shared,messages
ssh,1.0,a_only,bombing
ssh,1.0,a_only,screenplay
ssh,0.7486338797814208,shared,partially
ssh,1.0,a_only,gaul
ssh,1.0,a_only,theology
ssh,0.0847457627118644,b_only,solemnly
ssh,1.0,a_only,brazilian
ssh,0.29554655870445345,shared,pain
ssh,1.0,a_only,ansi
ssh,1.0,a_only,electrons
ssh,0.6666666666666666,shared,recommended
ssh,1.0,a_only,egyptian
ssh,0.10726643598615918,b_only,knee
ssh,1.0,a_only,fort
ssh,1.0,a_only,variable
ssh,0.0738255033557047,b_only,housekeeper
ssh,0.10726643598615918,b_only,tellson
ssh,1.0,a_only,cession
ssh,0.0847457627118644,b_only,tremble
ssh,0.6666666666666666,shared,dominated
ssh,1.0,a_only,subfamily
ssh,0.0847457627118644,b_only,chimney
ssh,0.11498257839721254,b_only,downstairs
ssh,1.0,a_only,onset
ssh,0.8285714285714286,shared,rival
ssh,0.44144144144144143,shared,ordered
ssh,0.6080402010050251,shared,reserved
ssh,0.0958904109589041,b_only,natured
ssh,0.7486338797814208,shared,incredible
ssh,1.0,a_only,tissue
ssh,0.08108108108108109,b_only,slipped
ssh,0.391304347826087,shared,paid
ssh,0.6161616161616161,shared,dug
ssh,1.0,a_only,defenders
ssh,0.7021276595744681,shared,notable
ssh,1.0,a_only,zones
ssh,0.08843537414965986,b_only,sickly
ssh,0.7486338797814208,shared,rewarded
ssh,0.6410256410256411,shared,refusing
ssh,0.09215017064846416,b_only,mos
ssh,1.0,a_only,korean
ssh,0.5165876777251185,shared,fled
ssh,0.5763546798029556,shared,opera
ssh,0.675392670157068,shared,esteem
ssh,1.0,a_only,abacus
ssh,0.29554655870445345,shared,be
ssh,0.0847457627118644,b_only,parsonage
ssh,1.0,a_only,ruins
ssh,0.25,shared,seemed
ssh,0.39737991266375544,shared,narrow
ssh,0.3008130081300813,shared,living
ssh,0.10344827586206896,b_only,nuther
ssh,1.0,a_only,respiratory
ssh,1.0,a_only,functionality
ssh,0.5686274509803921,shared,executed
ssh,0.6931216931216931,shared,failing
ssh,0.2903225806451613,shared,set
ssh,0.7391304347826086,shared,umbrella
ssh,1.0,a_only,napoleon
ssh,0.7204301075268817,shared,firing
ssh,0.7021276595744681,shared,tastes
ssh,0.4222222222222222,shared,points
ssh,1.0,a_only,seventh
ssh,0.4953271028037383,shared,original
ssh,0.08108108108108109,b_only,feverish
ssh,1.0,a_only,diesel
ssh,0.6666666666666666,shared,smaller
ssh,0.32231404958677684,shared,sun
ssh,0.30612244897959184,shared,crowd
ssh,0.675392670157068,shared,pine
ssh,0.09215017064846416,b_only,cellar
ssh,0.7297297297297297,shared,accompanying
ssh,0.4349775784753363,shared,relief
ssh,0.7297297297297297,shared,tended
ssh,0.797752808988764,shared,guardian
ssh,0.6080402010050251,shared,invented
ssh,0.44144144144144143,shared,disturbed
ssh,1.0,a_only,artemis
ssh,0.6666666666666666,shared,bohemia
ssh,0.10344827586206896,b_only,traps
ssh,1.0,a_only,fiber
ssh,0.6080402010050251,shared,stolen
ssh,0.6494845360824743,shared,pages
ssh,1.0,a_only,industries
ssh,1.0,a_only,advances
ssh,0.5238095238095238,shared,brute
ssh,0.46788990825688076,shared,custom
ssh,0.7204301075268817,shared,youthful
ssh,0.4349775784753363,shared,appears
ssh,0.3008130081300813,shared,took
ssh,0.47465437788018433,shared,connections
ssh,1.0,a_only,sensei
ssh,0.08108108108108109,b_only,cheek
ssh,1.0,a_only,ueshiba
ssh,0.04918032786885246,b_only,cruelty
ssh,0.46788990825688076,shared,welcome
ssh,0.29554655870445345,shared,heart
ssh,0.7877094972067039,shared,pursuits
ssh,0.7486338797814208,shared,sketch
ssh,1.0,a_only,interactions
ssh,0.2749003984063745,shared,character
ssh,0.08843537414965986,b_only,confession
ssh,1.0,a_only,antiproton
ssh,0.3559322033898305,shared,second
ssh,1.0,a_only,rc
ssh,1.0,a_only,restrictions
ssh,1.0,a_only,differ
ssh,0.7112299465240641,shared,whitney
ssh,1.0,a_only,transport
ssh,1.0,a_only,diverse
ssh,0.47465437788018433,shared,excitement
ssh,0.6842105263157895,shared,walton
ssh,1.0,a_only,atoms
ssh,0.08108108108108109,b_only,kissed
ssh,0.08108108108108109,b_only,waving
ssh,0.6666666666666666,shared,lend
ssh,0.675392670157068,shared,cows
ssh,1.0,a_only,html
ssh,0.11498257839721254,b_only,beetle
ssh,0.5686274509803921,shared,distinguished
ssh,1.0,a_only,yankee
ssh,0.7112299465240641,shared,symbol
ssh,0.3168724279835391,shared,fall
ssh,1.0,a_only,peninsula
ssh,1.0,a_only,arkansas
ssh,1.0,a_only,genre
ssh,0.6,shared,conditions
ssh,0.36752136752136755,shared,instantly
ssh,1.0,a_only,aqueous
ssh,1.0,a_only,lanka
ssh,1.0,a_only,leo
ssh,0.5533980582524272,shared,firmly
ssh,0.08843537414965986,b_only,25
ssh,0.5165876777251185,shared,stable
ssh,1.0,a_only,arable
ssh,0.46788990825688076,shared,log
ssh,0.5384615384615384,shared,profound
ssh,0.5238095238095238,shared,resting
ssh,0.09215017064846416,b_only,hiding
ssh,0.7777777777777778,shared,reasonably
ssh,1.0,a_only,dirac
ssh,0.4349775784753363,shared,james
ssh,0.5384615384615384,shared,vast
ssh,0.06312292358803986,b_only,solicitor
ssh,0.48148148148148145,shared,brighton
ssh,0.07744107744107744,b_only,endured
ssh,0.5384615384615384,shared,intellectual
ssh,1.0,a_only,gordon
ssh,0.39737991266375544,shared,creatures
ssh,0.8604651162790697,shared,parker
ssh,1.0,a_only,developments
ssh,0.3114754098360656,shared,i
ssh,0.2549019607843137,shared,you
ssh,0.3114754098360656,shared,itself
ssh,1.0,a_only,amendment
ssh,1.0,a_only,genres
ssh,0.7582417582417582,shared,skeleton
ssh,0.48148148148148145,shared,b
ssh,0.3389121338912134,shared,alive
ssh,1.0,a_only,clarke
ssh,0.3852813852813853,shared,daughters
ssh,1.0,a_only,prussia
ssh,0.6161616161616161,shared,tempered
ssh,0.2698412698412698,shared,began
ssh,0.09965635738831616,b_only,carriages
ssh,0.28,shared,they
ssh,1.0,a_only,hindu
ssh,0.4349775784753363,shared,approach
ssh,0.09215017064846416,b_only,claws
ssh,1.0,a_only,editing
ssh,1.0,a_only,genera
ssh,0.7877094972067039,shared,vicinity
ssh,1.0,a_only,sanskrit
ssh,0.807909604519774,shared,clothing
ssh,1.0,a_only,compiled
ssh,1.0,a_only,characterized
ssh,0.6326530612244898,shared,pipes
ssh,1.0,a_only,visual
ssh,0.08843537414965986,b_only,drifting
ssh,0.7021276595744681,shared,cease
ssh,0.09215017064846416,b_only,eloquent
ssh,1.0,a_only,poll
ssh,1.0,a_only,substances
ssh,0.09215017064846416,b_only,sorrowful
ssh,1.0,a_only,facilities
ssh,0.5311004784688995,shared,recognized
ssh,0.10344827586206896,b_only,clasped
ssh,0.03896103896103896,b_only,knitted
ssh,0.39737991266375544,shared,plans
ssh,0.0958904109589041,b_only,17
ssh,0.09965635738831616,b_only,adler
ssh,1.0,a_only,pratchett
ssh,0.7582417582417582,shared,engines
ssh,1.0,a_only,colony
ssh,1.0,a_only,models
ssh,0.07023411371237458,b_only,rag
ssh,0.5384615384615384,shared,fleet
ssh,1.0,a_only,epistle
ssh,0.7391304347826086,shared,illustrations
ssh,0.6326530612244898,shared,printed
ssh,0.2749003984063745,shared,stand
ssh,0.5609756097560976,shared,indian
ssh,0.6243654822335025,shared,snakes
ssh,0.09965635738831616,b_only,narborough
ssh,0.47465437788018433,shared,apparently
ssh,0.06312292358803986,b_only,guillotine
ssh,0.7112299465240641,shared,judges
ssh,0.7679558011049724,shared,aristocracy
ssh,1.0,a_only,automobile
ssh,0.8181818181818182,shared,blinded
ssh,1.0,a_only,debated
ssh,0.7582417582417582,shared,literary
ssh,0.5533980582524272,shared,passenger
ssh,0.09215017064846416,b_only,tender
ssh,0.08108108108108109,b_only,sticking
ssh,1.0,a_only,anagram
ssh,1.0,a_only,gore
ssh,1.0,a_only,iso
ssh,1.0,a_only,variants
ssh,0.40969162995594716,shared,summer
ssh,1.0,a_only,ba
ssh,0.6410256410256411,shared,magic
ssh,1.0,a_only,abbreviations
ssh,0.6666666666666666,shared,clergyman
ssh,0.7391304347826086,shared,poisoning
ssh,0.3168724279835391,shared,him
ssh,1.0,a_only,festival
ssh,1.0,a_only,constantine
ssh,0.5384615384615384,shared,leads
ssh,1.0,a_only,unnamed
ssh,1.0,a_only,administration
ssh,0.5841584158415841,shared,suppressed
ssh,1.0,a_only,conformation
ssh,0.42857142857142855,shared,german
ssh,1.0,a_only,remnants
ssh,0.391304347826087,shared,regular
ssh,0.7486338797814208,shared,bullet
ssh,0.5533980582524272,shared,fright
ssh,0.6666666666666666,shared,activity
ssh,0.391304347826087,shared,nearer
ssh,0.3559322033898305,shared,pulled
ssh,0.7777777777777778,shared,respecting
ssh,1.0,a_only,heracles
ssh,0.391304347826087,shared,suffered
ssh,1.0,a_only,agassi
ssh,1.0,a_only,mises
ssh,1.0,a_only,color
ssh,1.0,a_only,reflects
ssh,0.25,shared,coming
ssh,1.0,a_only,undertaken
ssh,0.5311004784688995,shared,pistol
ssh,0.7877094972067039,shared,streams
ssh,0.2903225806451613,shared,middle
ssh,0.4479638009049774,shared,disposition
ssh,0.09965635738831616,b_only,vile
ssh,0.3114754098360656,shared,each
ssh,0.7582417582417582,shared,electric
ssh,1.0,a_only,ranked
ssh,0.5023474178403756,shared,observation
ssh,0.6243654822335025,shared,hears
ssh,0.08108108108108109,b_only,wrinkled
ssh,0.3114754098360656,shared,common
ssh,0.6,shared,consulting
ssh,1.0,a_only,alternatively
ssh,1.0,a_only,ransom
ssh,0.6842105263157895,shared,influenced
ssh,0.5094339622641509,shared,suspense
ssh,0.3333333333333333,shared,dress
ssh,1.0,a_only,typically
ssh,1.0,a_only,goals
ssh,0.6931216931216931,shared,collecting
ssh,0.10344827586206896,b_only,thrill
ssh,0.39737991266375544,shared,success
ssh,0.5609756097560976,shared,blown
ssh,0.08843537414965986,b_only,agitated
ssh,0.13074204946996468,b_only,thread
ssh,0.5763546798029556,shared,cow
ssh,0.5311004784688995,shared,scratch
ssh,1.0,a_only,reed
ssh,1.0,a_only,reforms
ssh,0.5686274509803921,shared,neighbours
ssh,0.5311004784688995,shared,borne
ssh,1.0,a_only,tv
ssh,0.6326530612244898,shared,cutting
ssh,1.0,a_only,harvard
ssh,0.09215017064846416,b_only,deepened
ssh,0.09215017064846416,b_only,breeze
ssh,0.40969162995594716,shared,failed
ssh,0.7204301075268817,shared,succeeding
ssh,1.0,a_only,director
ssh,1.0,a_only,encounters
ssh,0.5533980582524272,shared,splendid
ssh,0.08843537414965986,b_only,walrus
ssh,1.0,a_only,algeria
ssh,0.10344827586206896,b_only,procession
ssh,1.0,a_only,catholics
ssh,0.0738255033557047,b_only,mum
ssh,0.0738255033557047,b_only,longed
ssh,0.3333333333333333,shared,touch
ssh,0.08843537414965986,b_only,amiable
ssh,1.0,a_only,norman
ssh,0.5384615384615384,shared,quarters
ssh,0.7582417582417582,shared,fee
ssh,0.7391304347826086,shared,sights
ssh,0.3852813852813853,shared,pieces
ssh,0.3008130081300813,shared,sat
ssh,1.0,a_only,kingdoms
ssh,0.5384615384615384,shared,test
ssh,0.0738255033557047,b_only,manette
ssh,0.6931216931216931,shared,construction
ssh,1.0,a_only,adiabatic
ssh,0.6080402010050251,shared,pouring
ssh,0.5841584158415841,shared,hut
ssh,0.5686274509803921,shared,produce
ssh,1.0,a_only,providing
ssh,0.5094339622641509,shared,relate
ssh,1.0,a_only,kg
ssh,0.09215017064846416,b_only,lodge
ssh,0.5609756097560976,shared,preparation
ssh,1.0,a_only,consonants
ssh,0.1111111111111111,b_only,towel
ssh,1.0,a_only,accusations
ssh,0.6,shared,pursuing
ssh,0.6326530612244898,shared,hymn
ssh,1.0,a_only,buenos
ssh,0.10344827586206896,b_only,dusty
ssh,0.7877094972067039,shared,criminals
ssh,0.2903225806451613,shared,likely
ssh,1.0,a_only,koestler
ssh,0.7391304347826086,shared,exposure
ssh,0.1111111111111111,b_only,shucks
ssh,0.7021276595744681,shared,fox
ssh,0.059602649006622516,b_only,ghastly
ssh,1.0,a_only,performing
ssh,0.39737991266375544,shared,isn
ssh,0.3333333333333333,shared,also
ssh,1.0,a_only,microsoft
ssh,0.0738255033557047,b_only,sobbing
ssh,0.10344827586206896,b_only,ingolstadt
ssh,0.4611872146118721,shared,refuse
ssh,1.0,a_only,provinces
ssh,1.0,a_only,tube
ssh,1.0,a_only,negligible
ssh,0.7204301075268817,shared,route
ssh,1.0,a_only,sexual
ssh,0.3008130081300813,shared,ourselves
ssh,0.3617021276595745,shared,neck
ssh,0.7297297297297297,shared,fulfilled
ssh,0.5920398009950248,shared,suggest
ssh,1.0,a_only,ahmad
ssh,1.0,a_only,dementia
ssh,0.09965635738831616,b_only,interrupt
ssh,0.2648221343873518,shared,shall
ssh,1.0,a_only,products
ssh,0.5023474178403756,shared,introduced
ssh,1.0,a_only,include
ssh,0.0958904109589041,b_only,tongues
ssh,1.0,a_only,legitimate
ssh,0.11498257839721254,b_only,sufferings
ssh,0.0958904109589041,b_only,pemberley
ssh,1.0,a_only,marcus
ssh,1.0,a_only,archaeology
ssh,1.0,a_only,immune
ssh,0.08843537414965986,b_only,parted
ssh,1.0,a_only,charlemagne
ssh,1.0,a_only,combat
ssh,1.0,a_only,hockey
ssh,0.6243654822335025,shared,truck
ssh,0.5165876777251185,shared,v
ssh,0.0847457627118644,b_only,laughed
ssh,1.0,a_only,technical
ssh,0.6666666666666666,shared,removal
ssh,0.3617021276595745,shared,foolish
ssh,0.10344827586206896,b_only,cries
ssh,1.0,a_only,albrecht
ssh,0.08843537414965986,b_only,sternly
ssh,1.0,a_only,circa
ssh,0.07744107744107744,b_only,fro
ssh,0.06312292358803986,b_only,kindness
ssh,1.0,a_only,charter
ssh,1.0,a_only,nietzsche
ssh,0.675392670157068,shared,lecture
ssh,0.48148148148148145,shared,hollow
ssh,0.10726643598615918,b_only,blankets
ssh,0.09965635738831616,b_only,desperate
ssh,1.0,a_only,carrier
ssh,0.285140562248996,shared,their
ssh,0.6326530612244898,shared,purple
ssh,1.0,a_only,columns
ssh,0.06312292358803986,b_only,lorry
ssh,0.08108108108108109,b_only,carpenter
ssh,0.4349775784753363,shared,ben
ssh,0.7582417582417582,shared,amusing
ssh,1.0,a_only,gibson
ssh,1.0,a_only,abscess
ssh,1.0,a_only,atheist
ssh,1.0,a_only,techno
ssh,0.7679558011049724,shared,accumulated
ssh,0.5920398009950248,shared,volume
ssh,0.5094339622641509,shared,mistaken
ssh,0.3278008298755187,shared,taking
ssh,1.0,a_only,algol
ssh,0.6666666666666666,shared,flora
ssh,1.0,a_only,commercial
ssh,0.7297297297297297,shared,appearances
ssh,1.0,a_only,fernando
ssh,1.0,a_only,municipality
ssh,1.0,a_only,frederick
ssh,1.0,a_only,rhetoric
ssh,0.6842105263157895,shared,identity
ssh,0.8285714285714286,shared,earned
ssh,0.7391304347826086,shared,arch
ssh,0.7297297297297297,shared,preservation
ssh,1.0,a_only,valleys
ssh,0.48148148148148145,shared,upset
ssh,0.5533980582524272,shared,dislike
ssh,0.6243654822335025,shared,military
ssh,0.7204301075268817,shared,treasures
ssh,0.09965635738831616,b_only,fortunately
ssh,0.5165876777251185,shared,trace
ssh,0.6243654822335025,shared,citizens
ssh,1.0,a_only,inclusion
ssh,0.675392670157068,shared,growth
ssh,1.0,a_only,processor
ssh,0.675392670157068,shared,gaining
ssh,0.11888111888111888,b_only,lizzy
ssh,0.7204301075268817,shared,consistent
ssh,0.285140562248996,shared,true
ssh,1.0,a_only,currency
ssh,0.5311004784688995,shared,wilson
ssh,1.0,a_only,vector
ssh,0.5094339622641509,shared,hunting
ssh,1.0,a_only,damage
ssh,0.7486338797814208,shared,bricks
ssh,0.45454545454545453,shared,anyone
ssh,1.0,a_only,interior
ssh,0.08843537414965986,b_only,rejoiced
ssh,1.0,a_only,taliban
ssh,1.0,a_only,province
ssh,0.08108108108108109,b_only,cussing
ssh,1.0,a_only,fuel
ssh,0.7204301075268817,shared,eve
ssh,0.1111111111111111,b_only,brightly
ssh,1.0,a_only,oliver
ssh,1.0,a_only,persia
ssh,0.6080402010050251,shared,smith
ssh,0.5311004784688995,shared,prepare
ssh,0.0847457627118644,b_only,ventilator
ssh,1.0,a_only,radioactive
ssh,0.47465437788018433,shared,grasp
ssh,1.0,a_only,fascist
ssh,1.0,a_only,apatosaurus
ssh,0.5609756097560976,shared,pressing
ssh,0.3008130081300813,shared,charles
ssh,0.7021276595744681,shared,illusion
ssh,0.5238095238095238,shared,immense
ssh,0.44144144144144143,shared,burst
ssh,1.0,a_only,coupled
ssh,0.056105610561056105,b_only,unjust
ssh,0.3389121338912134,shared,exclaimed
ssh,1.0,a_only,interpretations
ssh,0.3445378151260504,shared,uncle
ssh,0.4611872146118721,shared,justice
ssh,0.29554655870445345,shared,enough
ssh,1.0,a_only,strikers
ssh,1.0,a_only,comet
ssh,0.6842105263157895,shared,speaker
ssh,1.0,a_only,ph
ssh,0.40969162995594716,shared,features
ssh,0.07023411371237458,b_only,uncomfortable
ssh,0.7777777777777778,shared,cash
ssh,0.5609756097560976,shared,catching
ssh,1.0,a_only,com
ssh,0.08843537414965986,b_only,hang
ssh,0.797752808988764,shared,acquire
ssh,0.25984251968503935,shared,bring
ssh,0.6494845360824743,shared,map
ssh,1.0,a_only,counties
ssh,0.47465437788018433,shared,suspected
ssh,0.3333333333333333,shared,affection
ssh,1.0,a_only,judaism
ssh,0.8181818181818182,shared,elephant
ssh,0.10726643598615918,b_only,sit
ssh,1.0,a_only,nile
ssh,0.7112299465240641,shared,persisted
ssh,1.0,a_only,connecting
ssh,0.29554655870445345,shared,faces
ssh,0.06666666666666667,b_only,leaned
ssh,0.3389121338912134,shared,black
ssh,0.5763546798029556,shared,axe
ssh,0.12280701754385964,b_only,sweetly
ssh,1.0,a_only,reconstruction
ssh,0.4883720930232558,shared,bore
ssh,0.11498257839721254,b_only,tin
ssh,0.5841584158415841,shared,fill
ssh,0.056105610561056105,b_only,ef
ssh,1.0,a_only,fullback
ssh,0.6580310880829016,shared,complexion
ssh,1.0,a_only,raymond
ssh,0.2648221343873518,shared,lost
ssh,0.23076923076923078,shared,friends
ssh,0.4349775784753363,shared,playing
ssh,0.44144144144144143,shared,united
ssh,0.7112299465240641,shared,adopt
ssh,1.0,a_only,imports
ssh,0.675392670157068,shared,adding
ssh,1.0,a_only,penalties
ssh,0.08108108108108109,b_only,rude
ssh,0.285140562248996,shared,thousand
ssh,0.7204301075268817,shared,worldly
ssh,1.0,a_only,peru
ssh,0.350210970464135,shared,formed
ssh,1.0,a_only,mathematicians
ssh,0.7777777777777778,shared,considerations
ssh,1.0,a_only,qutb
ssh,0.5165876777251185,shared,amusement
ssh,1.0,a_only,monopoly
ssh,1.0,a_only,brian
ssh,0.285140562248996,shared,wild
ssh,0.6080402010050251,shared,jam
ssh,0.675392670157068,shared,theme
ssh,0.07744107744107744,b_only,unpleasant
ssh,0.5023474178403756,shared,hated
ssh,0.5763546798029556,shared,increasing
ssh,0.8604651162790697,shared,accusation
ssh,0.7204301075268817,shared,dialogue
ssh,1.0,a_only,expert
ssh,0.7021276595744681,shared,weaker
ssh,1.0,a_only,altruistic
ssh,1.0,a_only,nd
ssh,0.09215017064846416,b_only,rusty
ssh,1.0,a_only,switch
ssh,0.5841584158415841,shared,date
ssh,0.6494845360824743,shared,honourable
ssh,1.0,a_only,ritual
ssh,1.0,a_only,lindbergh
ssh,1.0,a_only,canon
ssh,0.3333333333333333,shared,knife
ssh,0.5023474178403756,shared,riding
ssh,0.48148148148148145,shared,shallow
ssh,0.7204301075268817,shared,believing
ssh,0.7486338797814208,shared,troops
ssh,0.2749003984063745,shared,chance
ssh,1.0,a_only,proton
ssh,0.7204301075268817,shared,describing
ssh,0.4222222222222222,shared,connection
ssh,0.5023474178403756,shared,useless
ssh,0.6,shared,landing
ssh,1.0,a_only,surfaces
ssh,0.6666666666666666,shared,hazard
ssh,0.3168724279835391,shared,dog
ssh,1.0,a_only,baltic
ssh,0.6494845360824743,shared,confessed
ssh,0.45454545454545453,shared,presented
ssh,0.5023474178403756,shared,spared
ssh,0.5533980582524272,shared,holy
ssh,1.0,a_only,receivers
ssh,1.0,a_only,tasmania
ssh,1.0,a_only,haer
ssh,0.11498257839721254,b_only,sincerely
ssh,1.0,a_only,acupuncture
ssh,0.06666666666666667,b_only,intend
ssh,0.0738255033557047,b_only,bennet
ssh,0.0847457627118644,b_only,sleepy
ssh,1.0,a_only,definitive
ssh,0.36752136752136755,shared,interrupted
ssh,0.3852813852813853,shared,directed
ssh,0.350210970464135,shared,number
ssh,0.2698412698412698,shared,alone
ssh,0.3559322033898305,shared,believe
ssh,0.6080402010050251,shared,measures
ssh,1.0,a_only,kurt
ssh,0.3617021276595745,shared,vain
ssh,1.0,a_only,defensive
ssh,0.6326530612244898,shared,amsterdam
ssh,1.0,a_only,tropical
ssh,1.0,a_only,ellis
ssh,1.0,a_only,fossil
ssh,0.46788990825688076,shared,dreams
ssh,0.06666666666666667,b_only,cheeks
ssh,0.08108108108108109,b_only,bride
ssh,0.6161616161616161,shared,economy
ssh,0.7877094972067039,shared,cylinder
ssh,1.0,a_only,australian
ssh,1.0,a_only,measurement
ssh,0.4953271028037383,shared,reported
ssh,0.7204301075268817,shared,mounted
ssh,1.0,a_only,coordination
ssh,0.7297297297297297,shared,announce
ssh,0.7204301075268817,shared,preference
ssh,0.0958904109589041,b_only,happiest
ssh,1.0,a_only,kubrick
ssh,0.09965635738831616,b_only,lonesome
ssh,0.3617021276595745,shared,gold
ssh,1.0,a_only,authorized
ssh,1.0,a_only,genetics
ssh,0.25984251968503935,shared,business
ssh,0.09965635738831616,b_only,shed
ssh,1.0,a_only,equivalent
ssh,1.0,a_only,web
ssh,1.0,a_only,colonists
ssh,0.3617021276595745,shared,matter
ssh,0.7204301075268817,shared,requested
ssh,0.08108108108108109,b_only,frost
ssh,0.6326530612244898,shared,device
ssh,0.28,shared,among
ssh,0.28,shared,crying
ssh,0.3333333333333333,shared,foot
ssh,1.0,a_only,homosexuality
ssh,1.0,a_only,delta
ssh,0.4883720930232558,shared,estate
ssh,0.45454545454545453,shared,explanation
ssh,1.0,a_only,formally
ssh,0.5609756097560976,shared,flame
ssh,0.4883720930232558,shared,sons
ssh,0.675392670157068,shared,nations
ssh,0.3389121338912134,shared,board
ssh,1.0,a_only,ideology
ssh,0.0738255033557047,b_only,2
ssh,0.40969162995594716,shared,nation
ssh,0.0738255033557047,b_only,monseigneur
ssh,1.0,a_only,domain
ssh,0.5165876777251185,shared,treatment
ssh,1.0,a_only,steve
ssh,0.3114754098360656,shared,peace
ssh,0.350210970464135,shared,offer
ssh,0.10344827586206896,b_only,quitted
ssh,1.0,a_only,parliamentary
ssh,1.0,a_only,priority
ssh,0.28,shared,exactly
ssh,1.0,a_only,negotiations
ssh,0.30612244897959184,shared,beyond
ssh,0.6931216931216931,shared,sending
ssh,0.5533980582524272,shared,studying
ssh,0.7204301075268817,shared,strings
ssh,1.0,a_only,nuclei
ssh,1.0,a_only,footballer
ssh,0.7777777777777778,shared,frogs
ssh,0.44144144144144143,shared,sacred
ssh,0.2698412698412698,shared,your
ssh,0.6161616161616161,shared,existed
ssh,0.5920398009950248,shared,apparent
ssh,0.09215017064846416,b_only,unlucky
ssh,1.0,a_only,translates
ssh,1.0,a_only,hm
ssh,0.3114754098360656,shared,box
ssh,0.7391304347826086,shared,rejected
ssh,1.0,a_only,generals
ssh,0.09965635738831616,b_only,whither
ssh,0.6494845360824743,shared,stark
ssh,1.0,a_only,estimated
ssh,0.7777777777777778,shared,notwithstanding
ssh,0.5384615384615384,shared,lots
ssh,1.0,a_only,directory
ssh,1.0,a_only,natives
ssh,0.0958904109589041,b_only,imprudence
ssh,0.29554655870445345,shared,me
ssh,1.0,a_only,hennecke
ssh,0.6842105263157895,shared,infant
ssh,0.47465437788018433,shared,completely
ssh,1.0,a_only,crystals
ssh,0.7297297297297297,shared,boarding
ssh,1.0,a_only,malaysia
ssh,0.8285714285714286,shared,oppose
ssh,1.0,a_only,timeline
ssh,0.8181818181818182,shared,consequent
ssh,1.0,a_only,samoa
ssh,0.5384615384615384,shared,corridor
ssh,0.6666666666666666,shared,edges
ssh,0.5920398009950248,shared,completed
ssh,0.5094339622641509,shared,apart
ssh,0.6931216931216931,shared,ridge
ssh,1.0,a_only,divisions
ssh,1.0,a_only,phenomena
ssh,0.2698412698412698,shared,hope
ssh,0.4349775784753363,shared,castle
ssh,1.0,a_only,challenge
ssh,0.675392670157068,shared,promising
ssh,1.0,a_only,discontinued
ssh,1.0,a_only,cancer
ssh,1.0,a_only,chinese
ssh,1.0,a_only,das
ssh,0.5920398009950248,shared,learning
ssh,0.5686274509803921,shared,feels
ssh,0.24031007751937986,shared,little
ssh,1.0,a_only,csm
ssh,0.5841584158415841,shared,assistance
ssh,0.7391304347826086,shared,highway
ssh,0.6243654822335025,shared,trunk
ssh,0.7777777777777778,shared,conductor
ssh,0.3793103448275862,shared,future
ssh,0.45454545454545453,shared,recalled
ssh,0.6666666666666666,shared,soldier
ssh,1.0,a_only,arcade
ssh,1.0,a_only,preventing
ssh,0.08108108108108109,b_only,delight
ssh,1.0,a_only,shells
ssh,0.08843537414965986,b_only,fascinated
ssh,0.09215017064846416,b_only,mender
ssh,0.09965635738831616,b_only,wondering
ssh,1.0,a_only,argentine
ssh,0.5920398009950248,shared,split
ssh,0.5384615384615384,shared,older
ssh,0.2903225806451613,shared,can
ssh,1.0,a_only,hydrochloric
ssh,0.7777777777777778,shared,warmer
ssh,1.0,a_only,aided
ssh,1.0,a_only,anarchist
ssh,1.0,a_only,contributing
ssh,1.0,a_only,gases
ssh,0.6326530612244898,shared,entry
ssh,1.0,a_only,willard
ssh,0.2749003984063745,shared,close
ssh,1.0,a_only,studios
ssh,0.3333333333333333,shared,object
ssh,0.3333333333333333,shared,step
ssh,0.47465437788018433,shared,bottom
ssh,0.08108108108108109,b_only,rattle
ssh,0.07023411371237458,b_only,reckon
ssh,0.09215017064846416,b_only,agin
ssh,0.6243654822335025,shared,tending
ssh,0.7112299465240641,shared,lasts
ssh,0.391304347826087,shared,hall
ssh,1.0,a_only,pregnant
ssh,0.30612244897959184,shared,note
ssh,1.0,a_only,illustrated
ssh,0.7297297297297297,shared,cleaned
ssh,0.42857142857142855,shared,similar
ssh,0.6842105263157895,shared,aimed
ssh,1.0,a_only,herman
ssh,0.6931216931216931,shared,slang
ssh,0.5533980582524272,shared,animals
ssh,1.0,a_only,arius
ssh,0.5023474178403756,shared,league
ssh,1.0,a_only,enhanced
ssh,0.5841584158415841,shared,oath
ssh,0.059602649006622516,b_only,sah
ssh,1.0,a_only,welsh
ssh,0.5023474178403756,shared,immediate
ssh,1.0,a_only,merged
ssh,1.0,a_only,contemporary
ssh,0.25,shared,jonathan
ssh,0.5458937198067633,shared,apprehension
ssh,0.09965635738831616,b_only,stryver
ssh,0.7297297297297297,shared,poem
ssh,0.7112299465240641,shared,drunken
ssh,1.0,a_only,edmonton
ssh,0.28,shared,change
ssh,0.5609756097560976,shared,monday
ssh,1.0,a_only,scotia
ssh,0.6161616161616161,shared,resemblance
ssh,0.5458937198067633,shared,motive
ssh,1.0,a_only,positron
ssh,1.0,a_only,anguilla
ssh,1.0,a_only,defeated
ssh,0.6,shared,allowing
ssh,1.0,a_only,argon
ssh,1.0,a_only,exodus
ssh,0.7486338797814208,shared,rocky
ssh,0.09215017064846416,b_only,repose
ssh,0.675392670157068,shared,attract
ssh,0.7391304347826086,shared,mob
ssh,0.6,shared,dwelling
ssh,0.7391304347826086,shared,january
ssh,0.44144144144144143,shared,winter
ssh,1.0,a_only,therapy
ssh,1.0,a_only,neutrons
ssh,0.6580310880829016,shared,esteemed
ssh,1.0,a_only,monarchy
ssh,1.0,a_only,linemen
ssh,0.47465437788018433,shared,twin
ssh,1.0,a_only,elected
ssh,1.0,a_only,outline
ssh,1.0,a_only,memorial
ssh,0.09215017064846416,b_only,vacant
ssh,1.0,a_only,entities
ssh,1.0,a_only,iupac
ssh,0.37339055793991416,shared,rule
ssh,0.08108108108108109,b_only,tempted
ssh,0.807909604519774,shared,involving
ssh,0.06312292358803986,b_only,roar
ssh,1.0,a_only,lm
ssh,1.0,a_only,extensively
ssh,0.11888111888111888,b_only,cart
ssh,0.6580310880829016,shared,congregation
ssh,0.08108108108108109,b_only,gratitude
ssh,1.0,a_only,cuisine
ssh,0.4222222222222222,shared,safety
ssh,1.0,a_only,yields
ssh,0.7486338797814208,shared,presentation
ssh,0.6666666666666666,shared,breed
ssh,0.6580310880829016,shared,rent
ssh,0.23076923076923078,shared,wanted
ssh,0.7877094972067039,shared,drives
ssh,0.2903225806451613,shared,full
ssh,0.6080402010050251,shared,kingdom
ssh,0.675392670157068,shared,promises
ssh,0.3008130081300813,shared,time
ssh,1.0,a_only,maritime
ssh,1.0,a_only,psychology
ssh,1.0,a_only,uterus
ssh,0.6580310880829016,shared,overwhelmed
ssh,0.3559322033898305,shared,front
ssh,1.0,a_only,mac
ssh,1.0,a_only,heritage
ssh,0.0738255033557047,b_only,misfortunes
ssh,0.09215017064846416,b_only,wigwam
ssh,0.07023411371237458,b_only,desolate
ssh,0.6666666666666666,shared,xiii
ssh,1.0,a_only,defines
ssh,0.4222222222222222,shared,funeral
ssh,1.0,a_only,fluid
ssh,0.06312292358803986,b_only,slip
ssh,1.0,a_only,digital
ssh,0.8497109826589595,shared,composition
ssh,0.6931216931216931,shared,norton
ssh,0.7486338797814208,shared,background
ssh,0.6842105263157895,shared,sailed
ssh,0.0847457627118644,b_only,sincere
ssh,0.415929203539823,shared,particularly
ssh,0.07023411371237458,b_only,gryphon
ssh,0.2698412698412698,shared,hear
ssh,0.8181818181818182,shared,consuming
ssh,1.0,a_only,aliens
ssh,1.0,a_only,yale
ssh,1.0,a_only,convent
ssh,1.0,a_only,sites
ssh,0.6080402010050251,shared,correspondence
ssh,0.5920398009950248,shared,improvement
ssh,1.0,a_only,alkyl
ssh,0.7391304347826086,shared,kills
ssh,0.3389121338912134,shared,carry
ssh,1.0,a_only,historic
ssh,1.0,a_only,harold
ssh,0.0847457627118644,b_only,suspect
ssh,0.40969162995594716,shared,sky
ssh,0.6931216931216931,shared,imposed
ssh,0.5458937198067633,shared,guns
ssh,0.5920398009950248,shared,social
ssh,0.3278008298755187,shared,lot
ssh,0.6666666666666666,shared,exalted
ssh,1.0,a_only,viewpoint
ssh,0.08108108108108109,b_only,drawers
ssh,1.0,a_only,semitic
ssh,1.0,a_only,libel
ssh,1.0,a_only,colonial
ssh,0.2903225806451613,shared,themselves
ssh,1.0,a_only,reaches
ssh,0.10344827586206896,b_only,clair
ssh,1.0,a_only,shifted
ssh,0.25984251968503935,shared,write
ssh,0.6494845360824743,shared,combination
ssh,0.4611872146118721,shared,thunder
ssh,1.0,a_only,operators
ssh,0.07023411371237458,b_only,sleeps
ssh,0.37339055793991416,shared,police
ssh,0.2903225806451613,shared,of
ssh,0.39737991266375544,shared,burning
ssh,0.0738255033557047,b_only,delightful
ssh,0.5238095238095238,shared,swift
ssh,0.5094339622641509,shared,wives
ssh,1.0,a_only,defended
ssh,0.6243654822335025,shared,outer
ssh,0.09215017064846416,b_only,soothing
ssh,0.09965635738831616,b_only,swell
ssh,0.06312292358803986,b_only,annoyed
ssh,1.0,a_only,egypt
ssh,0.39737991266375544,shared,deeply
ssh,1.0,a_only,enters
ssh,1.0,a_only,ashoka
ssh,0.25984251968503935,shared,boat
ssh,0.04918032786885246,b_only,flushed
ssh,0.08108108108108109,b_only,trusting
ssh,1.0,a_only,lifetime
ssh,1.0,a_only,extraction
ssh,0.6580310880829016,shared,warned
ssh,0.32231404958677684,shared,through
ssh,0.7582417582417582,shared,architecture
ssh,0.12280701754385964,b_only,keenly
ssh,0.415929203539823,shared,kings
ssh,0.29554655870445345,shared,while
ssh,0.5763546798029556,shared,beaten
ssh,1.0,a_only,cnt
ssh,1.0,a_only,advocates
ssh,1.0,a_only,virginia
ssh,0.6326530612244898,shared,tire
ssh,0.4349775784753363,shared,vanished
ssh,0.7021276595744681,shared,posts
ssh,0.6410256410256411,shared,attorney
ssh,1.0,a_only,gr
ssh,1.0,a_only,cox
ssh,1.0,a_only,americium
ssh,1.0,a_only,inventor
ssh,0.675392670157068,shared,protest
ssh,0.7112299465240641,shared,encountered
ssh,1.0,a_only,economically
ssh,0.6931216931216931,shared,autumn
ssh,0.4953271028037383,shared,stage
ssh,0.07023411371237458,b_only,gwyne
ssh,1.0,a_only,howard
ssh,0.7112299465240641,shared,shops
ssh,1.0,a_only,electromagnetic
ssh,1.0,a_only,exists
ssh,1.0,a_only,sparta
ssh,0.2648221343873518,shared,first
ssh,0.11498257839721254,b_only,gallantry
ssh,1.0,a_only,dick
ssh,1.0,a_only,iliad
ssh,0.7112299465240641,shared,confronted
ssh,1.0,a_only,vulnerable
ssh,0.6410256410256411,shared,kent
ssh,1.0,a_only,server
ssh,0.2698412698412698,shared,real
ssh,0.7112299465240641,shared,invariably
ssh,0.09965635738831616,b_only,echoed
ssh,1.0,a_only,enabling
ssh,1.0,a_only,flights
ssh,1.0,a_only,tests
ssh,0.7877094972067039,shared,diseases
ssh,1.0,a_only,decade
ssh,0.0738255033557047,b_only,fo
ssh,1.0,a_only,fossils
ssh,0.29554655870445345,shared,thus
ssh,1.0,a_only,applies
ssh,0.07744107744107744,b_only,pallor
ssh,1.0,a_only,relaxation
ssh,0.07744107744107744,b_only,marvellous
ssh,1.0,a_only,interaction
ssh,0.6580310880829016,shared,exist
ssh,0.3445378151260504,shared,plan
ssh,1.0,a_only,scholarship
ssh,0.40350877192982454,shared,breathing
ssh,0.059602649006622516,b_only,dorian
ssh,0.44144144144144143,shared,tail
ssh,0.350210970464135,shared,giving
ssh,0.6326530612244898,shared,satisfy
ssh,0.6326530612244898,shared,sang
ssh,1.0,a_only,extension
ssh,1.0,a_only,gand
ssh,0.6494845360824743,shared,atmosphere
ssh,1.0,a_only,png
ssh,0.3168724279835391,shared,did
ssh,0.5311004784688995,shared,photograph
ssh,0.2903225806451613,shared,ways
ssh,0.5920398009950248,shared,chorus
ssh,0.797752808988764,shared,pilot
ssh,1.0,a_only,initially
ssh,0.391304347826087,shared,warm
ssh,0.5763546798029556,shared,properly
ssh,1.0,a_only,agrippina
ssh,0.0738255033557047,b_only,trifle
ssh,1.0,a_only,regulated
ssh,0.2698412698412698,shared,going
ssh,0.5533980582524272,shared,proceed
ssh,0.5763546798029556,shared,chains
ssh,0.6161616161616161,shared,interference
ssh,0.32231404958677684,shared,rather
ssh,1.0,a_only,kilometers
ssh,0.5165876777251185,shared,mate
ssh,0.6842105263157895,shared,intelligible
ssh,0.30612244897959184,shared,twenty
ssh,1.0,a_only,benedictine
ssh,0.350210970464135,shared,pointing
ssh,0.6494845360824743,shared,mild
ssh,0.08108108108108109,b_only,twas
ssh,0.7021276595744681,shared,fragment
ssh,1.0,a_only,lfheim
ssh,1.0,a_only,ornamental
ssh,0.0958904109589041,b_only,glided
ssh,0.3389121338912134,shared,people
ssh,0.6666666666666666,shared,dukes
ssh,0.3617021276595745,shared,inside
ssh,0.0847457627118644,b_only,cautiously
ssh,0.7679558011049724,shared,attendance
ssh,0.48148148148148145,shared,scream
ssh,0.4953271028037383,shared,accident
ssh,0.08108108108108109,b_only,timidly
ssh,0.6580310880829016,shared,non
ssh,0.7204301075268817,shared,telegraph
ssh,1.0,a_only,stanley
ssh,0.4349775784753363,shared,farm
ssh,1.0,a_only,parallels
ssh,1.0,a_only,grammar
ssh,0.5920398009950248,shared,dollar
ssh,1.0,a_only,behavioral
ssh,0.40350877192982454,shared,played
ssh,0.6931216931216931,shared,rests
ssh,0.5311004784688995,shared,aboard
ssh,0.1111111111111111,b_only,goin
ssh,0.7777777777777778,shared,mix
ssh,0.5023474178403756,shared,actions
ssh,0.07023411371237458,b_only,lemme
ssh,0.6842105263157895,shared,fraud
ssh,1.0,a_only,cambridge
ssh,0.5094339622641509,shared,sung
ssh,0.6494845360824743,shared,sheer
ssh,0.807909604519774,shared,rescue
ssh,0.5311004784688995,shared,proposed
ssh,0.6494845360824743,shared,tonight
ssh,1.0,a_only,roles
ssh,0.7021276595744681,shared,paul
ssh,1.0,a_only,caiman
ssh,1.0,a_only,atomic
ssh,0.0958904109589041,b_only,yours
ssh,1.0,a_only,mechanics
ssh,0.45454545454545453,shared,event
ssh,0.5238095238095238,shared,ideal
ssh,0.7486338797814208,shared,refined
ssh,1.0,a_only,ancestor
ssh,0.07744107744107744,b_only,keeper
ssh,0.1111111111111111,b_only,dipped
ssh,0.6931216931216931,shared,robert
ssh,1.0,a_only,rothbard
ssh,1.0,a_only,stability
ssh,0.3114754098360656,shared,having
ssh,0.415929203539823,shared,cruel
ssh,0.5763546798029556,shared,chiefly
ssh,0.06312292358803986,b_only,grieved
ssh,1.0,a_only,forts
ssh,0.5458937198067633,shared,voyage
ssh,0.5458937198067633,shared,personality
ssh,0.5458937198067633,shared,easier
ssh,0.7204301075268817,shared,chaos
ssh,0.2648221343873518,shared,fine
ssh,0.10344827586206896,b_only,comin
ssh,1.0,a_only,caligula
ssh,0.285140562248996,shared,has
ssh,0.5094339622641509,shared,regarded
ssh,0.3389121338912134,shared,servant
ssh,0.09965635738831616,b_only,searched
ssh,1.0,a_only,physicists
ssh,0.2698412698412698,shared,drove
ssh,1.0,a_only,annexed
ssh,1.0,a_only,suppression
ssh,0.10344827586206896,b_only,budge
ssh,1.0,a_only,revenue
ssh,1.0,a_only,organized
ssh,0.3793103448275862,shared,reading
ssh,0.08108108108108109,b_only,intolerable
ssh,1.0,a_only,arguably
ssh,0.7204301075268817,shared,campaign
ssh,1.0,a_only,historical
ssh,0.5609756097560976,shared,indifference
ssh,0.7112299465240641,shared,laden
ssh,0.4349775784753363,shared,attended
ssh,0.36752136752136755,shared,hill
ssh,1.0,a_only,anniversary
ssh,0.2648221343873518,shared,spirits
ssh,1.0,a_only,venus
ssh,0.08843537414965986,b_only,particulars
ssh,0.40969162995594716,shared,haven
ssh,1.0,a_only,explorers
ssh,0.29554655870445345,shared,move
ssh,1.0,a_only,treaty
ssh,0.415929203539823,shared,described
ssh,1.0,a_only,prolific
ssh,0.5920398009950248,shared,accurate
ssh,0.5094339622641509,shared,deserted
ssh,0.5533980582524272,shared,row
ssh,0.6080402010050251,shared,twilight
ssh,0.08108108108108109,b_only,geese
ssh,0.5384615384615384,shared,yield
ssh,0.7204301075268817,shared,accordance
ssh,0.10344827586206896,b_only,overboard
ssh,0.7582417582417582,shared,caves
ssh,0.09215017064846416,b_only,hum
ssh,0.5609756097560976,shared,apple
ssh,1.0,a_only,athena
ssh,1.0,a_only,governmental
ssh,0.4611872146118721,shared,thrust
ssh,0.2549019607843137,shared,pleasure
ssh,1.0,a_only,advocated
ssh,0.6494845360824743,shared,agreement
ssh,0.6842105263157895,shared,desirable
ssh,0.5023474178403756,shared,sword
ssh,0.7486338797814208,shared,emerge
ssh,0.6243654822335025,shared,behold
ssh,1.0,a_only,liberation
ssh,1.0,a_only,seasonal
ssh,1.0,a_only,comic
ssh,1.0,a_only,fide
ssh,0.29554655870445345,shared,shaking
ssh,1.0,a_only,allows
ssh,0.09965635738831616,b_only,4
ssh,1.0,a_only,altruism
ssh,0.46788990825688076,shared,forever
ssh,1.0,a_only,paratime
ssh,1.0,a_only,gesch
ssh,1.0,a_only,hiv
ssh,0.47465437788018433,shared,ends
ssh,0.5165876777251185,shared,signal
ssh,0.6666666666666666,shared,cells
ssh,1.0,a_only,norte
ssh,1.0,a_only,athens
ssh,1.0,a_only,philip
ssh,1.0,a_only,tsar
ssh,1.0,a_only,alchemist
ssh,0.3114754098360656,shared,earth
ssh,1.0,a_only,alphabet
ssh,0.6842105263157895,shared,arches
ssh,1.0,a_only,ludwig
ssh,0.7877094972067039,shared,carries
ssh,0.30612244897959184,shared,influence
ssh,1.0,a_only,si
ssh,0.285140562248996,shared,low
ssh,1.0,a_only,nicene
ssh,0.6931216931216931,shared,rely
ssh,0.07023411371237458,b_only,wreck
ssh,1.0,a_only,disputed
ssh,0.07744107744107744,b_only,farewell
ssh,1.0,a_only,gamma
ssh,0.7777777777777778,shared,majority
ssh,0.39737991266375544,shared,sympathy
ssh,0.4479638009049774,shared,progress
ssh,1.0,a_only,team
ssh,0.2749003984063745,shared,already
ssh,0.5686274509803921,shared,poverty
ssh,1.0,a_only,competitive
ssh,1.0,a_only,anchorage
ssh,0.3445378151260504,shared,circumstances
ssh,1.0,a_only,arnold
ssh,1.0,a_only,equations
ssh,0.5384615384615384,shared,walks
ssh,0.350210970464135,shared,above
ssh,0.3168724279835391,shared,mentioned
ssh,0.3333333333333333,shared,placed
ssh,1.0,a_only,finalist
ssh,0.08108108108108109,b_only,angrily
ssh,1.0,a_only,consist
ssh,0.3168724279835391,shared,far
ssh,0.391304347826087,shared,lights
ssh,1.0,a_only,dharma
ssh,1.0,a_only,users
ssh,1.0,a_only,autistics
ssh,0.5023474178403756,shared,philosophy
ssh,0.3008130081300813,shared,lead
ssh,1.0,a_only,jean
ssh,1.0,a_only,disorders
ssh,0.10344827586206896,b_only,motionless
ssh,0.6580310880829016,shared,americans
ssh,0.7486338797814208,shared,foreigners
ssh,0.5533980582524272,shared,observing
ssh,1.0,a_only,san
ssh,0.28,shared,evening
ssh,0.5458937198067633,shared,base
ssh,1.0,a_only,adds
ssh,0.32231404958677684,shared,o
ssh,0.7391304347826086,shared,affirmative
ssh,0.45454545454545453,shared,arranged
ssh,0.7021276595744681,shared,recognition
ssh,0.7486338797814208,shared,visiting
ssh,0.0958904109589041,b_only,busily
ssh,0.11888111888111888,b_only,expectation
ssh,1.0,a_only,alchemical
ssh,0.7679558011049724,shared,hound
ssh,1.0,a_only,autistic
ssh,0.10344827586206896,b_only,silly
ssh,0.29554655870445345,shared,considerable
ssh,0.40350877192982454,shared,rats
ssh,1.0,a_only,companies
ssh,1.0,a_only,economists
ssh,0.06666666666666667,b_only,raging
ssh,0.6,shared,superstition
ssh,1.0,a_only,isaac
ssh,0.2549019607843137,shared,wish
ssh,0.6161616161616161,shared,ultimately
ssh,1.0,a_only,warren
ssh,1.0,a_only,doses
ssh,0.08843537414965986,b_only,yourself
ssh,0.47465437788018433,shared,stuff
ssh,1.0,a_only,empirical
ssh,1.0,a_only,champion
ssh,1.0,a_only,stamps
ssh,1.0,a_only,benny
ssh,0.7204301075268817,shared,tightly
ssh,0.3008130081300813,shared,party
ssh,1.0,a_only,invasion
ssh,0.6410256410256411,shared,po
ssh,1.0,a_only,sebastian
ssh,0.7391304347826086,shared,signals
ssh,1.0,a_only,boas
ssh,1.0,a_only,accessed
ssh,0.2648221343873518,shared,soon
ssh,0.5920398009950248,shared,legal
ssh,1.0,a_only,neil
ssh,0.08843537414965986,b_only,glad
ssh,0.10344827586206896,b_only,shuddering
ssh,1.0,a_only,loyal
ssh,0.08843537414965986,b_only,manage
ssh,0.6161616161616161,shared,elegant
ssh,0.2648221343873518,shared,though
ssh,1.0,a_only,crater
ssh,1.0,a_only,movie
ssh,1.0,a_only,epic
ssh,0.2903225806451613,shared,woman
ssh,1.0,a_only,receives
ssh,0.5920398009950248,shared,provide
ssh,0.5023474178403756,shared,sacrifice
ssh,1.0,a_only,acids
ssh,0.6494845360824743,shared,fiction
ssh,1.0,a_only,richmond
ssh,1.0,a_only,anime
ssh,0.7582417582417582,shared,tent
ssh,0.2749003984063745,shared,longer
ssh,0.4349775784753363,shared,den
ssh,0.3168724279835391,shared,passed
ssh,0.7486338797814208,shared,influences
ssh,1.0,a_only,br
ssh,0.23076923076923078,shared,happened
ssh,1.0,a_only,zealand
ssh,0.675392670157068,shared,tricks
ssh,0.675392670157068,shared,external
ssh,0.6842105263157895,shared,preparations
ssh,0.7204301075268817,shared,secretly
ssh,1.0,a_only,emphasize
ssh,0.807909604519774,shared,preaching
ssh,0.12280701754385964,b_only,impatient
ssh,0.48148148148148145,shared,south
ssh,0.6842105263157895,shared,wounds
ssh,0.285140562248996,shared,how
ssh,0.3389121338912134,shared,sad
ssh,0.3559322033898305,shared,prove
ssh,1.0,a_only,albatross
ssh,0.3008130081300813,shared,night
ssh,1.0,a_only,ois
ssh,1.0,a_only,anthropological
ssh,0.07744107744107744,b_only,subdued
ssh,0.6666666666666666,shared,writers
ssh,0.0847457627118644,b_only,flapping
ssh,0.08843537414965986,b_only,redskins
ssh,0.0847457627118644,b_only,wondered
ssh,0.6243654822335025,shared,deeds
ssh,0.45454545454545453,shared,deed
ssh,0.29554655870445345,shared,new
ssh,0.37339055793991416,shared,directly
ssh,1.0,a_only,dhabi
ssh,0.32231404958677684,shared,pale
ssh,0.7112299465240641,shared,customer
ssh,1.0,a_only,impact
ssh,1.0,a_only,athenians
ssh,0.6410256410256411,shared,standard
ssh,1.0,a_only,snowball
ssh,0.3445378151260504,shared,that
ssh,0.7777777777777778,shared,miraculous
ssh,1.0,a_only,aspects
ssh,1.0,a_only,elector
ssh,0.391304347826087,shared,clever
ssh,0.6931216931216931,shared,extra
ssh,0.7204301075268817,shared,wrath
ssh,1.0,a_only,linebacker
ssh,0.7204301075268817,shared,defeat
ssh,0.7021276595744681,shared,openly
ssh,1.0,a_only,producers
ssh,0.2648221343873518,shared,conversation
ssh,0.5384615384615384,shared,iii
ssh,1.0,a_only,chancellor
ssh,0.8390804597701149,shared,overthrown
ssh,0.391304347826087,shared,ideas
ssh,0.5458937198067633,shared,painting
ssh,1.0,a_only,ethanol
ssh,1.0,a_only,roman
ssh,0.10344827586206896,b_only,smiling
ssh,1.0,a_only,macedonian
ssh,0.0847457627118644,b_only,nervously
ssh,1.0,a_only,eden
ssh,1.0,a_only,axis
ssh,1.0,a_only,challenger
ssh,0.7777777777777778,shared,uniform
ssh,0.7582417582417582,shared,britain
ssh,1.0,a_only,arab
ssh,0.5686274509803921,shared,tickets
ssh,1.0,a_only,ram
ssh,0.3333333333333333,shared,occasion
ssh,0.0847457627118644,b_only,pausing
ssh,0.3793103448275862,shared,order
ssh,0.08843537414965986,b_only,groaned
ssh,0.0847457627118644,b_only,speck
ssh,0.6842105263157895,shared,chemical
ssh,0.807909604519774,shared,commands
ssh,1.0,a_only,isomers
ssh,0.5841584158415841,shared,meat
ssh,0.40350877192982454,shared,prepared
ssh,0.7391304347826086,shared,destination
ssh,0.6842105263157895,shared,piano
ssh,1.0,a_only,suez
ssh,1.0,a_only,antonio
ssh,1.0,a_only,pad
ssh,0.07023411371237458,b_only,mischief
ssh,0.25984251968503935,shared,give
ssh,0.5763546798029556,shared,cell
ssh,0.4222222222222222,shared,share
ssh,1.0,a_only,sciences
ssh,0.46788990825688076,shared,owns
ssh,0.08108108108108109,b_only,doorway
ssh,1.0,a_only,airports
ssh,0.8713450292397661,shared,greenland
ssh,0.0738255033557047,b_only,gardiner
ssh,1.0,a_only,controlled
ssh,0.5686274509803921,shared,simon
ssh,1.0,a_only,justification
ssh,1.0,a_only,potential
ssh,1.0,a_only,derek
ssh,0.5238095238095238,shared,butter
ssh,1.0,a_only,scholar
ssh,0.10726643598615918,b_only,trembled
ssh,0.36752136752136755,shared,rate
ssh,0.4953271028037383,shared,valley
ssh,0.08843537414965986,b_only,sorrows
ssh,0.5763546798029556,shared,concluded
ssh,0.5165876777251185,shared,inspector
ssh,1.0,a_only,violation
ssh,0.3389121338912134,shared,mouth
ssh,1.0,a_only,overdose
ssh,1.0,a_only,core
ssh,0.42857142857142855,shared,forty
ssh,0.30612244897959184,shared,despair
ssh,0.09215017064846416,b_only,shudder
ssh,0.7582417582417582,shared,travels
ssh,1.0,a_only,kickoff
ssh,0.2903225806451613,shared,able
ssh,0.08108108108108109,b_only,5
ssh,0.7391304347826086,shared,assume
ssh,1.0,a_only,site
ssh,1.0,a_only,archive
ssh,0.6080402010050251,shared,languages
ssh,0.7112299465240641,shared,attempting
ssh,1.0,a_only,magnetic
ssh,1.0,a_only,queensland
ssh,1.0,a_only,formation
ssh,1.0,a_only,licensing
ssh,0.350210970464135,shared,whether
ssh,0.07744107744107744,b_only,triumphantly
ssh,0.6080402010050251,shared,victory
ssh,0.3793103448275862,shared,buy
ssh,0.797752808988764,shared,cliffs
ssh,0.09215017064846416,b_only,dared
ssh,0.1387900355871886,b_only,nerves
ssh,0.09215017064846416,b_only,godalming
ssh,0.5920398009950248,shared,mood
ssh,0.7021276595744681,shared,employ
ssh,1.0,a_only,confederate
ssh,0.5238095238095238,shared,bought
ssh,0.7777777777777778,shared,commons
ssh,0.3852813852813853,shared,birds
ssh,0.08108108108108109,b_only,lucases
ssh,0.47465437788018433,shared,revenge
ssh,0.06666666666666667,b_only,hunted
ssh,0.11498257839721254,b_only,conveyed
ssh,0.7204301075268817,shared,elevated
ssh,0.3389121338912134,shared,imagine
ssh,1.0,a_only,regional
ssh,0.6243654822335025,shared,hired
ssh,0.7877094972067039,shared,stationed
ssh,1.0,a_only,privileges
ssh,0.08108108108108109,b_only,warmed
ssh,0.797752808988764,shared,bah
ssh,0.6243654822335025,shared,shelter
ssh,0.07744107744107744,b_only,creeping
ssh,1.0,a_only,affiliated
ssh,0.7486338797814208,shared,fidelity
ssh,0.25984251968503935,shared,thinking
ssh,1.0,a_only,predecessors
ssh,1.0,a_only,boundaries
ssh,1.0,a_only,suggests
ssh,1.0,a_only,decreased
ssh,0.7297297297297297,shared,imperial
ssh,0.7679558011049724,shared,communications
ssh,0.6243654822335025,shared,survive
ssh,0.3793103448275862,shared,occupied
ssh,1.0,a_only,automated
ssh,0.6931216931216931,shared,counting
ssh,0.6842105263157895,shared,gift
ssh,0.7021276595744681,shared,submit
ssh,1.0,a_only,audi
ssh,0.5023474178403756,shared,sing
ssh,0.5384615384615384,shared,thoroughly
ssh,1.0,a_only,annihilation
ssh,1.0,a_only,votes
ssh,0.0847457627118644,b_only,hawkins
ssh,0.2749003984063745,shared,wasn
ssh,0.6080402010050251,shared,victims
ssh,1.0,a_only,criticized
ssh,1.0,a_only,communities
ssh,0.0738255033557047,b_only,eager
ssh,1.0,a_only,organised
ssh,0.5458937198067633,shared,imagined
ssh,1.0,a_only,featuring
ssh,0.7877094972067039,shared,stress
ssh,0.2903225806451613,shared,school
ssh,0.08843537414965986,b_only,quincey
ssh,1.0,a_only,starred
ssh,1.0,a_only,cardinal
ssh,0.2648221343873518,shared,oh
ssh,1.0,a_only,sizes
ssh,0.8285714285714286,shared,handing
ssh,1.0,a_only,afl
ssh,0.5094339622641509,shared,iv
ssh,1.0,a_only,embedded
ssh,1.0,a_only,finals
ssh,1.0,a_only,exaggerated
ssh,0.06666666666666667,b_only,trod
ssh,0.09965635738831616,b_only,dear
ssh,1.0,a_only,continental
ssh,0.6410256410256411,shared,virtues
ssh,1.0,a_only,uk
ssh,0.5920398009950248,shared,animated
ssh,0.5763546798029556,shared,labours
ssh,0.7582417582417582,shared,discourse
ssh,0.5238095238095238,shared,gather
ssh,0.10344827586206896,b_only,netherfield
ssh,0.7112299465240641,shared,dies
ssh,0.6080402010050251,shared,fortunes
ssh,0.07744107744107744,b_only,typewriter
ssh,0.8285714285714286,shared,ceremonies
ssh,0.7297297297297297,shared,imitation
ssh,0.4349775784753363,shared,command
ssh,0.25984251968503935,shared,in
ssh,0.5023474178403756,shared,wolf
ssh,0.07744107744107744,b_only,quivered
ssh,0.5311004784688995,shared,comparison
ssh,0.08843537414965986,b_only,lunch
ssh,0.3278008298755187,shared,light
ssh,0.36752136752136755,shared,song
ssh,1.0,a_only,universally
ssh,0.7391304347826086,shared,accurately
ssh,1.0,a_only,fischer
ssh,0.5533980582524272,shared,awkward
ssh,1.0,a_only,contains
ssh,0.807909604519774,shared,sal
ssh,1.0,a_only,sina
ssh,0.5384615384615384,shared,torn
ssh,1.0,a_only,chiefs
ssh,1.0,a_only,urn
ssh,1.0,a_only,jo
ssh,0.6243654822335025,shared,refer
ssh,1.0,a_only,burgoyne
ssh,0.39737991266375544,shared,catch
ssh,0.5023474178403756,shared,tiger
ssh,0.5384615384615384,shared,shining
ssh,0.391304347826087,shared,niggers
ssh,0.09215017064846416,b_only,procured
ssh,0.23552123552123552,shared,right
ssh,0.797752808988764,shared,detect
ssh,0.5841584158415841,shared,desert
ssh,0.10344827586206896,b_only,impatience
ssh,1.0,a_only,mpla
ssh,1.0,a_only,conversion
ssh,0.7486338797814208,shared,farms
ssh,0.7204301075268817,shared,spots
ssh,0.6666666666666666,shared,weird
ssh,1.0,a_only,mythology
ssh,0.7204301075268817,shared,resigned
ssh,0.45454545454545453,shared,friendship
ssh,1.0,a_only,socially
ssh,1.0,a_only,medal
ssh,0.10726643598615918,b_only,thimble
ssh,0.7877094972067039,shared,covers
ssh,0.6666666666666666,shared,capture
ssh,0.4349775784753363,shared,setting
ssh,1.0,a_only,asian
ssh,0.6,shared,whence
ssh,0.5763546798029556,shared,eternal
ssh,1.0,a_only,terminal
ssh,1.0,a_only,specifically
ssh,0.7582417582417582,shared,pledge
ssh,0.5311004784688995,shared,sensation
ssh,0.08843537414965986,b_only,kneeling
ssh,1.0,a_only,agesilaus
ssh,0.06666666666666667,b_only,darnay
ssh,0.3333333333333333,shared,somebody
ssh,0.6326530612244898,shared,lysander
ssh,0.6,shared,eggs
ssh,0.5023474178403756,shared,answering
ssh,0.08108108108108109,b_only,hush
ssh,0.6842105263157895,shared,garments
ssh,1.0,a_only,increases
ssh,0.06666666666666667,b_only,reproach
ssh,1.0,a_only,messagepad
ssh,0.47465437788018433,shared,example
ssh,0.7297297297297297,shared,lining
ssh,0.0847457627118644,b_only,tinker
ssh,0.807909604519774,shared,weigh
ssh,0.30612244897959184,shared,himself
ssh,0.4953271028037383,shared,evident
ssh,1.0,a_only,nationalism
ssh,0.6580310880829016,shared,recommend
ssh,0.6494845360824743,shared,towers
ssh,0.3389121338912134,shared,knowing
ssh,0.5533980582524272,shared,creation
ssh,0.46788990825688076,shared,nephew
ssh,1.0,a_only,uprising
ssh,0.07023411371237458,b_only,plunged
ssh,0.22137404580152673,shared,better
ssh,1.0,a_only,reigning
ssh,0.08843537414965986,b_only,rat
ssh,1.0,a_only,goal
ssh,1.0,a_only,hereditary
ssh,1.0,a_only,portrayal
ssh,0.06312292358803986,b_only,fortnight
ssh,1.0,a_only,homo
ssh,0.7021276595744681,shared,disliked
ssh,1.0,a_only,median
ssh,0.09215017064846416,b_only,risen
ssh,0.40969162995594716,shared,falling
ssh,0.797752808988764,shared,accuse
ssh,0.5094339622641509,shared,nevertheless
ssh,0.6243654822335025,shared,materials
ssh,0.09965635738831616,b_only,serene
ssh,0.2749003984063745,shared,know
ssh,1.0,a_only,var
ssh,0.2549019607843137,shared,which
ssh,0.6161616161616161,shared,whales
ssh,0.0847457627118644,b_only,daring
ssh,0.2903225806451613,shared,say
ssh,0.6931216931216931,shared,pooh
ssh,0.8285714285714286,shared,unite
ssh,1.0,a_only,egyptians
ssh,1.0,a_only,notably
ssh,1.0,a_only,woolfson
ssh,0.7582417582417582,shared,submitted
ssh,0.0958904109589041,b_only,endeavours
ssh,0.5165876777251185,shared,flash
ssh,0.5094339622641509,shared,virtue
ssh,0.0738255033557047,b_only,insist
ssh,1.0,a_only,behaviors
ssh,0.3333333333333333,shared,allow
ssh,1.0,a_only,judah
ssh,1.0,a_only,printing
ssh,0.7297297297297297,shared,induce
ssh,0.2903225806451613,shared,strange
ssh,0.6580310880829016,shared,commanded
ssh,0.7297297297297297,shared,operate
ssh,0.6080402010050251,shared,islands
ssh,0.675392670157068,shared,purposely
ssh,0.8181818181818182,shared,dishes
ssh,0.7021276595744681,shared,songs
ssh,0.285140562248996,shared,knew
ssh,1.0,a_only,differential
ssh,0.3114754098360656,shared,latter
ssh,0.2698412698412698,shared,read
ssh,0.6161616161616161,shared,heavier
ssh,1.0,a_only,mathbf
ssh,1.0,a_only,officially
ssh,1.0,a_only,anderson
ssh,0.7777777777777778,shared,syllables
ssh,0.42857142857142855,shared,connected
ssh,1.0,a_only,defenses
ssh,1.0,a_only,convention
ssh,0.3008130081300813,shared,making
ssh,1.0,a_only,helicopters
ssh,0.6326530612244898,shared,largest
ssh,0.5841584158415841,shared,numbers
ssh,0.7777777777777778,shared,trail
ssh,0.3278008298755187,shared,cry
ssh,1.0,a_only,aidan
ssh,0.08843537414965986,b_only,cough
ssh,1.0,a_only,bbc
ssh,0.6243654822335025,shared,privilege
ssh,1.0,a_only,politicians
ssh,1.0,a_only,orbit
ssh,0.0958904109589041,b_only,doubtful
ssh,0.10344827586206896,b_only,sufferer
ssh,0.7486338797814208,shared,obviously
ssh,1.0,a_only,initial
ssh,1.0,a_only,discussions
ssh,1.0,a_only,stanford
ssh,1.0,a_only,mesopotamia
ssh,0.7777777777777778,shared,mirrors
ssh,0.3333333333333333,shared,entirely
ssh,1.0,a_only,assigned
ssh,0.2648221343873518,shared,open
ssh,1.0,a_only,anconia
ssh,1.0,a_only,andrew
ssh,0.5094339622641509,shared,desk
ssh,1.0,a_only,capability
ssh,0.3389121338912134,shared,closed
ssh,1.0,a_only,anterior
ssh,0.7391304347826086,shared,shell
ssh,0.5609756097560976,shared,remove
ssh,0.5384615384615384,shared,species
ssh,0.29554655870445345,shared,dressed
ssh,0.2549019607843137,shared,besides
ssh,0.30612244897959184,shared,professor
ssh,0.23552123552123552,shared,certainly
ssh,0.3168724279835391,shared,jim
ssh,0.4222222222222222,shared,usually
ssh,0.3445378151260504,shared,agreed
ssh,1.0,a_only,albert
ssh,1.0,a_only,renaissance
ssh,0.7112299465240641,shared,drum
ssh,1.0,a_only,subordinate
ssh,0.0738255033557047,b_only,poured
ssh,0.6842105263157895,shared,addresses
ssh,1.0,a_only,channels
ssh,0.3114754098360656,shared,bright
ssh,1.0,a_only,doctrine
ssh,1.0,a_only,constantinople
ssh,0.0958904109589041,b_only,shoemaker
ssh,0.29554655870445345,shared,gave
ssh,1.0,a_only,surrendered
ssh,1.0,a_only,cult
ssh,0.8181818181818182,shared,tenth
ssh,0.45454545454545453,shared,period
ssh,1.0,a_only,favorite
ssh,0.5920398009950248,shared,dumb
ssh,0.059602649006622516,b_only,cunning
ssh,0.3793103448275862,shared,neighbourhood
ssh,0.42857142857142855,shared,bow
ssh,0.7582417582417582,shared,strip
ssh,0.06666666666666667,b_only,smile
ssh,0.3333333333333333,shared,hung
ssh,1.0,a_only,amphibians
ssh,0.0738255033557047,b_only,cane
ssh,0.5238095238095238,shared,punishment
ssh,0.3389121338912134,shared,then
ssh,1.0,a_only,abolished
ssh,0.6,shared,guest
ssh,1.0,a_only,jordan
ssh,0.5533980582524272,shared,leaf
ssh,1.0,a_only,arianism
ssh,1.0,a_only,demographics
ssh,0.07023411371237458,b_only,spoiled
ssh,1.0,a_only,aeneas
ssh,1.0,a_only,angola
ssh,0.3333333333333333,shared,against
ssh,0.5094339622641509,shared,views
ssh,0.3559322033898305,shared,brave
ssh,0.07744107744107744,b_only,stair
ssh,0.2749003984063745,shared,eat
ssh,1.0,a_only,taylor
ssh,0.5238095238095238,shared,holes
ssh,1.0,a_only,arizona
ssh,0.5238095238095238,shared,response
ssh,1.0,a_only,publicity
ssh,0.48148148148148145,shared,fever
ssh,1.0,a_only,finance
ssh,1.0,a_only,max
ssh,1.0,a_only,auteur
ssh,0.0847457627118644,b_only,garret
ssh,0.28,shared,always
ssh,1.0,a_only,kay
ssh,0.42857142857142855,shared,probable
ssh,0.2903225806451613,shared,and
ssh,1.0,a_only,approximately
ssh,1.0,a_only,australians
ssh,0.2698412698412698,shared,have
ssh,0.09965635738831616,b_only,softly
ssh,0.07023411371237458,b_only,nibs
ssh,0.285140562248996,shared,this
ssh,1.0,a_only,investment
ssh,0.7877094972067039,shared,patron
ssh,0.07744107744107744,b_only,eyebrows
ssh,1.0,a_only,holidays
ssh,1.0,a_only,jurisdictions
ssh,1.0,a_only,demonstrated
ssh,0.5920398009950248,shared,valuable
ssh,1.0,a_only,alabama
ssh,1.0,a_only,nomination
ssh,1.0,a_only,properties
ssh,1.0,a_only,mikhail
ssh,0.10344827586206896,b_only,copying
ssh,1.0,a_only,racing
ssh,1.0,a_only,albatrosses
ssh,1.0,a_only,methane
ssh,0.4349775784753363,shared,sleeping
ssh,0.0958904109589041,b_only,anguish
ssh,1.0,a_only,statesman
ssh,0.07744107744107744,b_only,violently
ssh,1.0,a_only,stewart
ssh,0.45454545454545453,shared,lover
ssh,0.6243654822335025,shared,reaching
ssh,1.0,a_only,kim
ssh,1.0,a_only,generic
ssh,0.4349775784753363,shared,stream
ssh,0.5686274509803921,shared,pew
ssh,1.0,a_only,frac
ssh,0.48148148148148145,shared,stands
ssh,0.675392670157068,shared,salt
ssh,0.0847457627118644,b_only,affectionate
ssh,0.5384615384615384,shared,string
ssh,1.0,a_only,measurements
ssh,0.7679558011049724,shared,coin
ssh,0.7877094972067039,shared,contrasted
ssh,0.0958904109589041,b_only,implored
ssh,0.7777777777777778,shared,gulf
ssh,0.7391304347826086,shared,discharge
ssh,0.7204301075268817,shared,bolt
ssh,1.0,a_only,ed
ssh,0.7582417582417582,shared,convenience
ssh,0.0738255033557047,b_only,frauds
ssh,0.2903225806451613,shared,past
ssh,1.0,a_only,linguistics
ssh,0.3389121338912134,shared,meant
ssh,0.3114754098360656,shared,letters
ssh,0.46788990825688076,shared,strongly
ssh,0.7777777777777778,shared,choosing
ssh,1.0,a_only,lands
ssh,0.5384615384615384,shared,jump
ssh,0.3008130081300813,shared,questions
ssh,1.0,a_only,arabs
ssh,0.3168724279835391,shared,en
ssh,1.0,a_only,airport
ssh,0.3617021276595745,shared,coffin
ssh,1.0,a_only,manufacture
ssh,0.2749003984063745,shared,well
ssh,1.0,a_only,sovereignty
ssh,0.3852813852813853,shared,bank
ssh,1.0,a_only,collectively
ssh,0.06666666666666667,b_only,formidable
ssh,0.1111111111111111,b_only,wrung
ssh,0.2749003984063745,shared,used
ssh,0.5458937198067633,shared,pet
ssh,0.09965635738831616,b_only,hearth
ssh,1.0,a_only,fetus
ssh,0.7391304347826086,shared,research
ssh,0.6494845360824743,shared,simultaneously
ssh,0.6494845360824743,shared,members
ssh,0.10344827586206896,b_only,countenance
ssh,0.391304347826087,shared,midnight
ssh,1.0,a_only,rifles
ssh,0.37339055793991416,shared,shot
ssh,0.2648221343873518,shared,my
ssh,1.0,a_only,epitome
ssh,1.0,a_only,ammunition
ssh,1.0,a_only,behavior
ssh,0.0847457627118644,b_only,confide
ssh,1.0,a_only,similarities
ssh,1.0,a_only,coptic
ssh,1.0,a_only,chlorine
ssh,1.0,a_only,sp
ssh,0.2749003984063745,shared,dream
ssh,0.6931216931216931,shared,leap
ssh,0.39737991266375544,shared,wear
ssh,1.0,a_only,confederation
ssh,1.0,a_only,extends
ssh,0.8181818181818182,shared,obligations
ssh,0.5384615384615384,shared,detail
ssh,1.0,a_only,objectivism
ssh,0.4479638009049774,shared,veins
ssh,0.08843537414965986,b_only,lagoon
ssh,0.4479638009049774,shared,buried
ssh,0.6080402010050251,shared,fascination
ssh,0.48148148148148145,shared,seemingly
ssh,1.0,a_only,demanding
ssh,0.3852813852813853,shared,dance
ssh,1.0,a_only,goths
ssh,1.0,a_only,percent
ssh,0.6842105263157895,shared,jew
ssh,0.6,shared,sources
ssh,0.3168724279835391,shared,john
ssh,1.0,a_only,catholic
ssh,1.0,a_only,organ
ssh,1.0,a_only,describes
ssh,1.0,a_only,delaware
ssh,1.0,a_only,facto
ssh,0.32231404958677684,shared,coach
ssh,0.7582417582417582,shared,crisis
ssh,0.10344827586206896,b_only,grandeur
ssh,0.3617021276595745,shared,paris
ssh,1.0,a_only,ralph
ssh,0.4953271028037383,shared,exact
ssh,0.08843537414965986,b_only,daylight
ssh,1.0,a_only,capitalists
ssh,1.0,a_only,epistles
ssh,1.0,a_only,diving
ssh,1.0,a_only,conceptions
ssh,0.2903225806451613,shared,what
ssh,0.5384615384615384,shared,snake
ssh,0.37339055793991416,shared,degree
ssh,0.45454545454545453,shared,travel
ssh,1.0,a_only,computation
ssh,0.5533980582524272,shared,inhabitants
ssh,0.3559322033898305,shared,thirty
ssh,0.07744107744107744,b_only,stile
ssh,0.0847457627118644,b_only,madness
ssh,1.0,a_only,cancelled
ssh,0.44144144144144143,shared,job
ssh,1.0,a_only,referendum
ssh,0.09215017064846416,b_only,fearful
ssh,1.0,a_only,aristotle
ssh,1.0,a_only,proto
ssh,1.0,a_only,seq
ssh,1.0,a_only,linguistic
ssh,1.0,a_only,calendar
ssh,0.7297297297297297,shared,discouraged
ssh,0.5165876777251185,shared,sees
ssh,1.0,a_only,ireland
ssh,0.0958904109589041,b_only,snowy
ssh,0.7486338797814208,shared,killer
ssh,0.3008130081300813,shared,remain
ssh,0.6,shared,h
ssh,0.7204301075268817,shared,readiness
ssh,0.7391304347826086,shared,linked
ssh,1.0,a_only,parity
ssh,1.0,a_only,contributions
ssh,0.0847457627118644,b_only,pirates
ssh,1.0,a_only,mol
ssh,0.7021276595744681,shared,enterprise
ssh,1.0,a_only,spencer
ssh,0.7486338797814208,shared,reliance
ssh,0.7486338797814208,shared,chemistry
ssh,0.5609756097560976,shared,crimes
ssh,0.0958904109589041,b_only,pretended
ssh,0.09215017064846416,b_only,hallward
ssh,0.6580310880829016,shared,hanged
ssh,0.5384615384615384,shared,northern
ssh,0.47465437788018433,shared,list
ssh,0.6080402010050251,shared,elaborate
ssh,0.40969162995594716,shared,morris
ssh,1.0,a_only,february
ssh,0.7486338797814208,shared,wars
ssh,0.6410256410256411,shared,selected
ssh,0.6326530612244898,shared,usage
ssh,0.391304347826087,shared,iron
ssh,0.3008130081300813,shared,or
ssh,1.0,a_only,supporters
ssh,0.7679558011049724,shared,perseverance
ssh,0.28,shared,ll
ssh,0.07023411371237458,b_only,sunshine
ssh,0.6931216931216931,shared,backwards
ssh,1.0,a_only,ibid
ssh,0.47465437788018433,shared,wedding
ssh,0.7112299465240641,shared,praised
ssh,1.0,a_only,sherman
ssh,0.3114754098360656,shared,beside
ssh,0.10344827586206896,b_only,shaken
ssh,0.4611872146118721,shared,ruin
ssh,0.8181818181818182,shared,attraction
ssh,1.0,a_only,abortion
ssh,0.29554655870445345,shared,died
ssh,0.675392670157068,shared,bath
ssh,0.5841584158415841,shared,opposed
ssh,0.6326530612244898,shared,frenchman
ssh,1.0,a_only,favored
ssh,0.40350877192982454,shared,advantage
ssh,1.0,a_only,units
ssh,0.29554655870445345,shared,opened
ssh,0.36752136752136755,shared,perfect
ssh,1.0,a_only,dorothy
ssh,1.0,a_only,calvinist
ssh,1.0,a_only,clubs
ssh,0.3168724279835391,shared,appear
ssh,0.2749003984063745,shared,doing
ssh,0.5384615384615384,shared,sentence
ssh,1.0,a_only,territories
ssh,1.0,a_only,prophets
ssh,0.09965635738831616,b_only,commonplace
ssh,0.30612244897959184,shared,speaking
ssh,0.6080402010050251,shared,average
ssh,0.40969162995594716,shared,trial
ssh,1.0,a_only,factor
ssh,0.5609756097560976,shared,animation
ssh,0.5238095238095238,shared,persuade
ssh,0.08843537414965986,b_only,hearty
ssh,0.797752808988764,shared,stops
ssh,0.6,shared,student
ssh,1.0,a_only,potassium
ssh,0.3445378151260504,shared,bound
ssh,0.7391304347826086,shared,stephen
ssh,1.0,a_only,diagnosis
ssh,1.0,a_only,andr
ssh,0.7486338797814208,shared,cream
ssh,1.0,a_only,editor
ssh,0.42857142857142855,shared,french
ssh,1.0,a_only,aviation
ssh,0.0738255033557047,b_only,envy
ssh,1.0,a_only,amaranth
ssh,0.5238095238095238,shared,offensive
ssh,0.5384615384615384,shared,turner
ssh,0.10726643598615918,b_only,sobs
ssh,0.3559322033898305,shared,village
ssh,0.5686274509803921,shared,suitable
ssh,1.0,a_only,alder
ssh,0.06666666666666667,b_only,ardently
ssh,0.09965635738831616,b_only,7
ssh,1.0,a_only,mountainous
ssh,1.0,a_only,tissues
ssh,0.4883720930232558,shared,committed
ssh,1.0,a_only,franklin
ssh,0.7486338797814208,shared,periods
ssh,1.0,a_only,billion
ssh,0.3852813852813853,shared,describe
ssh,0.6931216931216931,shared,compare
ssh,0.44144144144144143,shared,painful
ssh,1.0,a_only,argues
ssh,0.7204301075268817,shared,label
ssh,0.3559322033898305,shared,sharp
ssh,0.6666666666666666,shared,buzz
ssh,1.0,a_only,cologne
ssh,1.0,a_only,abbot
ssh,1.0,a_only,thermal
ssh,0.48148148148148145,shared,recall
ssh,1.0,a_only,ell
ssh,1.0,a_only,circular
ssh,0.1111111111111111,b_only,dining
ssh,1.0,a_only,somalia
ssh,0.44144144144144143,shared,acting
ssh,0.4953271028037383,shared,correct
ssh,0.6842105263157895,shared,globe
ssh,0.3389121338912134,shared,than
ssh,0.09965635738831616,b_only,doomed
ssh,1.0,a_only,founder
ssh,1.0,a_only,international
ssh,0.6161616161616161,shared,burial
ssh,0.5763546798029556,shared,trusted
ssh,1.0,a_only,attila
ssh,0.5023474178403756,shared,household
ssh,1.0,a_only,supplies
ssh,1.0,a_only,establishes
ssh,1.0,a_only,swedish
ssh,1.0,a_only,edwin
ssh,0.6931216931216931,shared,petersburg
ssh,1.0,a_only,calculating
ssh,0.7486338797814208,shared,manifested
ssh,1.0,a_only,haliotis
ssh,1.0,a_only,researchers
ssh,0.6842105263157895,shared,convey
ssh,0.7112299465240641,shared,defects
ssh,0.2903225806451613,shared,breath
ssh,0.3617021276595745,shared,moon
ssh,0.5686274509803921,shared,scientific
ssh,0.5094339622641509,shared,contrary
ssh,0.675392670157068,shared,bottles
ssh,1.0,a_only,iverson
ssh,0.056105610561056105,b_only,rucastle
ssh,0.0738255033557047,b_only,brow
ssh,0.0738255033557047,b_only,appetite
ssh,0.5763546798029556,shared,domestic
ssh,0.08843537414965986,b_only,sofa
ssh,0.7582417582417582,shared,declaration
ssh,1.0,a_only,nagorno
ssh,1.0,a_only,explosion
ssh,0.4883720930232558,shared,declared
ssh,0.0847457627118644,b_only,gabelle
ssh,1.0,a_only,television
ssh,0.7679558011049724,shared,toes
ssh,1.0,a_only,republicans
ssh,1.0,a_only,northeast
ssh,0.7777777777777778,shared,anticipated
ssh,0.7877094972067039,shared,crude
ssh,0.07023411371237458,b_only,brighter
ssh,0.7391304347826086,shared,converse
ssh,0.48148148148148145,shared,quality
ssh,1.0,a_only,mammals
ssh,0.0847457627118644,b_only,indignation
ssh,0.5384615384615384,shared,praise
ssh,0.415929203539823,shared,match
ssh,1.0,a_only,assignment
ssh,0.2749003984063745,shared,blood
ssh,1.0,a_only,lillian
ssh,0.07744107744107744,b_only,smee
ssh,0.7777777777777778,shared,cultivated
ssh,0.4953271028037383,shared,rare
ssh,0.5311004784688995,shared,machine
ssh,0.3617021276595745,shared,bag
ssh,1.0,a_only,sri
ssh,0.3559322033898305,shared,goes
ssh,0.6580310880829016,shared,latin
ssh,0.47465437788018433,shared,vengeance
ssh,1.0,a_only,employees
ssh,0.42857142857142855,shared,peculiar
ssh,0.6842105263157895,shared,illness
ssh,1.0,a_only,vertical
ssh,0.0738255033557047,b_only,hatter
ssh,0.5023474178403756,shared,notes
ssh,0.09965635738831616,b_only,nana
ssh,1.0,a_only,virtual
ssh,0.5609756097560976,shared,plates
ssh,1.0,a_only,annually
ssh,0.05263157894736842,b_only,szgany
ssh,0.6410256410256411,shared,scale
ssh,0.7679558011049724,shared,peak
ssh,1.0,a_only,metals
ssh,1.0,a_only,winner
ssh,1.0,a_only,sq
ssh,0.47465437788018433,shared,injured
ssh,1.0,a_only,sects
ssh,0.6080402010050251,shared,eastern
ssh,1.0,a_only,protestants
ssh,0.3793103448275862,shared,proved
ssh,0.5920398009950248,shared,infamous
ssh,0.7112299465240641,shared,structure
ssh,0.6161616161616161,shared,build
ssh,1.0,a_only,op
ssh,0.29554655870445345,shared,show
ssh,0.48148148148148145,shared,weapons
ssh,1.0,a_only,theologian
ssh,0.3114754098360656,shared,jane
ssh,1.0,a_only,occupies
ssh,0.07023411371237458,b_only,curly
ssh,1.0,a_only,listing
ssh,1.0,a_only,troy
ssh,0.4611872146118721,shared,leg
ssh,1.0,a_only,andorra
ssh,0.5533980582524272,shared,harbour
ssh,0.2903225806451613,shared,therefore
ssh,1.0,a_only,requirements
ssh,0.797752808988764,shared,convince
ssh,0.2903225806451613,shared,kill
ssh,0.3168724279835391,shared,particular
ssh,1.0,a_only,tourists
ssh,1.0,a_only,storage
ssh,0.6842105263157895,shared,johnny
ssh,0.8604651162790697,shared,relied
ssh,1.0,a_only,octavian
ssh,0.4953271028037383,shared,failure
ssh,1.0,a_only,negation
ssh,0.06666666666666667,b_only,whooping
ssh,1.0,a_only,mosque
ssh,0.48148148148148145,shared,authorities
ssh,0.675392670157068,shared,altar
ssh,0.07744107744107744,b_only,fetched
ssh,0.5686274509803921,shared,marble
ssh,0.6161616161616161,shared,birthday
ssh,0.40969162995594716,shared,gives
ssh,0.3114754098360656,shared,cat
ssh,1.0,a_only,kilgore
ssh,1.0,a_only,motor
ssh,1.0,a_only,champions
ssh,0.46788990825688076,shared,confused
ssh,0.0958904109589041,b_only,hurried
ssh,1.0,a_only,amethyst
ssh,1.0,a_only,formulated
ssh,0.2903225806451613,shared,get
ssh,0.6161616161616161,shared,sex
ssh,0.6,shared,snapped
ssh,1.0,a_only,agamemnon
ssh,0.09215017064846416,b_only,varna
ssh,1.0,a_only,incorporated
ssh,0.7391304347826086,shared,halted
ssh,0.5384615384615384,shared,spend
ssh,1.0,a_only,cricket
ssh,1.0,a_only,realm
ssh,1.0,a_only,cyprus
ssh,0.08108108108108109,b_only,whaling
ssh,0.3445378151260504,shared,after
ssh,0.6931216931216931,shared,gods
ssh,0.8181818181818182,shared,spending
ssh,0.5165876777251185,shared,sermon
ssh,1.0,a_only,loyalists
ssh,1.0,a_only,technological
ssh,1.0,a_only,davis
ssh,0.3333333333333333,shared,cold
ssh,0.5609756097560976,shared,sheets
ssh,1.0,a_only,magazine
ssh,0.48148148148148145,shared,store
ssh,0.10726643598615918,b_only,tavern
ssh,1.0,a_only,asteroids
ssh,0.30612244897959184,shared,another
ssh,0.25,shared,started
ssh,1.0,a_only,entity
ssh,0.0958904109589041,b_only,frightened
ssh,0.3008130081300813,shared,side
ssh,0.3114754098360656,shared,alice
ssh,0.4953271028037383,shared,message
ssh,0.675392670157068,shared,decidedly
ssh,0.350210970464135,shared,cave
ssh,1.0,a_only,anglicans
ssh,0.07744107744107744,b_only,horribly
ssh,0.807909604519774,shared,surrey
ssh,1.0,a_only,era
ssh,1.0,a_only,leonard
ssh,1.0,a_only,dedicated
ssh,0.07023411371237458,b_only,bred
ssh,0.10344827586206896,b_only,apiece
ssh,1.0,a_only,advancement
ssh,1.0,a_only,antimony
ssh,1.0,a_only,pp
ssh,0.3559322033898305,shared,nights
ssh,0.4883720930232558,shared,famous
ssh,1.0,a_only,lateral
ssh,0.45454545454545453,shared,driven
ssh,0.5094339622641509,shared,effects
ssh,0.3617021276595745,shared,struggle
ssh,1.0,a_only,independently
ssh,1.0,a_only,receiver
ssh,0.3389121338912134,shared,raise
ssh,0.25984251968503935,shared,doctor
ssh,0.11498257839721254,b_only,suits
ssh,1.0,a_only,sudan
ssh,0.2698412698412698,shared,trouble
ssh,1.0,a_only,exclusive
ssh,1.0,a_only,banned
ssh,1.0,a_only,aalborg
ssh,0.5384615384615384,shared,admitted
ssh,1.0,a_only,avicenna
ssh,1.0,a_only,namely
ssh,1.0,a_only,hippolytus
ssh,0.28,shared,silent
ssh,0.6410256410256411,shared,attacks
ssh,0.07744107744107744,b_only,escort
ssh,0.0847457627118644,b_only,sings
ssh,0.285140562248996,shared,rest
ssh,0.2549019607843137,shared,country
ssh,0.10344827586206896,b_only,dreadfully
ssh,1.0,a_only,gains
ssh,0.7777777777777778,shared,imply
ssh,0.45454545454545453,shared,rank
ssh,0.47465437788018433,shared,deadly
ssh,0.25984251968503935,shared,really
ssh,0.5533980582524272,shared,trick
ssh,0.6161616161616161,shared,continually
ssh,1.0,a_only,siege
ssh,0.09215017064846416,b_only,toil
ssh,1.0,a_only,explicitly
ssh,0.2648221343873518,shared,just
ssh,0.5311004784688995,shared,needle
ssh,0.2698412698412698,shared,never
ssh,0.0738255033557047,b_only,flattered
ssh,0.6,shared,gates
ssh,0.3168724279835391,shared,curiosity
ssh,1.0,a_only,agnostic
ssh,0.10344827586206896,b_only,whisky
ssh,1.0,a_only,govern
ssh,0.09965635738831616,b_only,woe
ssh,0.3559322033898305,shared,river
ssh,0.6580310880829016,shared,introducing
ssh,1.0,a_only,consonant
ssh,1.0,a_only,assistive
ssh,0.10344827586206896,b_only,verses
ssh,1.0,a_only,literally
ssh,1.0,a_only,cultures
ssh,0.0738255033557047,b_only,sweetness
ssh,0.5023474178403756,shared,intelligence
ssh,1.0,a_only,issues
ssh,0.2648221343873518,shared,wants
ssh,0.7391304347826086,shared,relating
ssh,0.08108108108108109,b_only,precaution
ssh,0.7777777777777778,shared,witnessed
ssh,0.5763546798029556,shared,hopeless
ssh,0.5686274509803921,shared,hence
ssh,1.0,a_only,chronic
ssh,0.5094339622641509,shared,rocks
ssh,1.0,a_only,skilled
ssh,1.0,a_only,halogens
ssh,0.30612244897959184,shared,stood
ssh,0.5609756097560976,shared,glorious
ssh,0.29554655870445345,shared,reason
ssh,0.06666666666666667,b_only,sigh
ssh,1.0,a_only,shares
ssh,0.09965635738831616,b_only,8
ssh,0.6326530612244898,shared,gathering
ssh,0.059602649006622516,b_only,vivid
ssh,0.5763546798029556,shared,healthy
ssh,0.7582417582417582,shared,lofty
ssh,0.797752808988764,shared,slope
ssh,0.2903225806451613,shared,sir
ssh,0.6580310880829016,shared,pot
ssh,1.0,a_only,domitius
ssh,0.4222222222222222,shared,mars
ssh,0.5763546798029556,shared,freely
ssh,1.0,a_only,boyle
ssh,0.2903225806451613,shared,it
ssh,1.0,a_only,gabriel
ssh,0.6161616161616161,shared,release
ssh,0.42857142857142855,shared,cross
ssh,0.5533980582524272,shared,bacon
ssh,0.797752808988764,shared,execute
ssh,1.0,a_only,parks
ssh,0.6580310880829016,shared,separation
ssh,1.0,a_only,tourist
ssh,1.0,a_only,bertrand
ssh,1.0,a_only,reduce
ssh,0.5384615384615384,shared,criminal
ssh,0.415929203539823,shared,extremely
ssh,0.7021276595744681,shared,diaries
ssh,1.0,a_only,ac
ssh,0.0847457627118644,b_only,gracious
ssh,0.0847457627118644,b_only,invite
ssh,0.675392670157068,shared,foul
ssh,1.0,a_only,judicial
ssh,1.0,a_only,arslan
ssh,0.5920398009950248,shared,whispers
ssh,1.0,a_only,apostolic
ssh,1.0,a_only,criteria
ssh,0.7391304347826086,shared,detected
ssh,1.0,a_only,outcome
ssh,0.5841584158415841,shared,worried
ssh,1.0,a_only,regulations
ssh,0.5533980582524272,shared,harsh
ssh,0.11498257839721254,b_only,spectacle
ssh,0.6410256410256411,shared,oak
ssh,1.0,a_only,cognitive
ssh,0.5763546798029556,shared,china
ssh,0.5458937198067633,shared,opium
ssh,1.0,a_only,alkanes
ssh,0.7582417582417582,shared,tough
ssh,1.0,a_only,anschluss
ssh,0.3389121338912134,shared,several
ssh,0.2698412698412698,shared,silence
ssh,1.0,a_only,cia
ssh,1.0,a_only,denotes
ssh,1.0,a_only,scheduled
ssh,0.7391304347826086,shared,serving
ssh,0.675392670157068,shared,ad
ssh,0.3617021276595745,shared,holding
ssh,0.23552123552123552,shared,them
ssh,0.40969162995594716,shared,portrait
ssh,1.0,a_only,herbert
ssh,0.36752136752136755,shared,marked
ssh,0.47465437788018433,shared,misfortune
ssh,0.5384615384615384,shared,consequently
ssh,0.6,shared,idle
ssh,0.30612244897959184,shared,beauty
ssh,1.0,a_only,epithet
ssh,0.3852813852813853,shared,whale
ssh,0.3559322033898305,shared,obliged
ssh,0.6842105263157895,shared,encouragement
ssh,0.5763546798029556,shared,banker
ssh,0.675392670157068,shared,suggestion
ssh,0.29554655870445345,shared,taken
ssh,0.5311004784688995,shared,apply
ssh,1.0,a_only,allied
ssh,0.350210970464135,shared,times
ssh,0.6666666666666666,shared,snap
ssh,0.675392670157068,shared,arts
ssh,1.0,a_only,azerbaijan
ssh,1.0,a_only,settlement
ssh,0.08108108108108109,b_only,entreaty
ssh,0.6080402010050251,shared,execution
ssh,0.0738255033557047,b_only,dull
ssh,0.36752136752136755,shared,pipe
ssh,0.3008130081300813,shared,learn
ssh,1.0,a_only,trilogy
ssh,1.0,a_only,concertos
ssh,0.7486338797814208,shared,shin
ssh,0.7679558011049724,shared,exceeded
ssh,0.285140562248996,shared,begin
ssh,1.0,a_only,ports
ssh,0.3008130081300813,shared,could
ssh,0.3114754098360656,shared,writing
ssh,1.0,a_only,solubility
ssh,1.0,a_only,computing
ssh,0.07744107744107744,b_only,roses
ssh,0.5023474178403756,shared,stories
ssh,0.2903225806451613,shared,london
ssh,0.5920398009950248,shared,leader
ssh,0.6842105263157895,shared,grandson
ssh,0.6666666666666666,shared,dangers
ssh,0.28,shared,michael
ssh,0.44144144144144143,shared,concerned
ssh,1.0,a_only,actively
ssh,0.0738255033557047,b_only,inquest
ssh,0.09965635738831616,b_only,ole
ssh,0.4479638009049774,shared,north
ssh,0.46788990825688076,shared,pretend
ssh,0.06666666666666667,b_only,erskine
ssh,0.5311004784688995,shared,europe
ssh,0.6161616161616161,shared,limited
ssh,0.45454545454545453,shared,baker
ssh,1.0,a_only,elect
ssh,1.0,a_only,monarchs
ssh,0.10344827586206896,b_only,cab
ssh,1.0,a_only,col
ssh,1.0,a_only,tons
ssh,1.0,a_only,protein
ssh,1.0,a_only,louisiana
ssh,0.5920398009950248,shared,generation
ssh,0.6842105263157895,shared,observer
ssh,0.48148148148148145,shared,r
ssh,0.4953271028037383,shared,market
ssh,0.7112299465240641,shared,embrace
ssh,1.0,a_only,legislative
ssh,0.5458937198067633,shared,studio
ssh,0.29554655870445345,shared,four
ssh,0.5094339622641509,shared,animal
ssh,0.08843537414965986,b_only,thanked
ssh,1.0,a_only,capturing
ssh,0.07023411371237458,b_only,sorry
ssh,1.0,a_only,portal
ssh,0.6666666666666666,shared,intervals
ssh,0.5533980582524272,shared,centuries
ssh,1.0,a_only,respective
ssh,0.5763546798029556,shared,pattern
ssh,0.2648221343873518,shared,place
ssh,0.7021276595744681,shared,defend
ssh,0.797752808988764,shared,paths
ssh,1.0,a_only,explosive
ssh,0.36752136752136755,shared,precious
ssh,1.0,a_only,mike
ssh,1.0,a_only,representative
ssh,1.0,a_only,amine
ssh,0.08843537414965986,b_only,haste
ssh,0.7877094972067039,shared,impressive
ssh,0.12280701754385964,b_only,waistcoat
ssh,1.0,a_only,soccer
ssh,0.6410256410256411,shared,plum
ssh,0.3114754098360656,shared,perfectly
ssh,0.08108108108108109,b_only,phonograph
ssh,0.6842105263157895,shared,essence
ssh,0.6,shared,assurance
ssh,0.10726643598615918,b_only,alarmed
ssh,0.48148148148148145,shared,disappointed
ssh,1.0,a_only,basketball
ssh,0.8390804597701149,shared,sympathetic
ssh,0.4883720930232558,shared,treasure
ssh,0.5920398009950248,shared,feather
ssh,0.40350877192982454,shared,ice
ssh,1.0,a_only,formula
ssh,1.0,a_only,indicate
ssh,0.7297297297297297,shared,handwriting
ssh,0.675392670157068,shared,appealing
ssh,1.0,a_only,directors
ssh,0.09965635738831616,b_only,leisure
ssh,0.675392670157068,shared,nobility
ssh,1.0,a_only,jesus
ssh,1.0,a_only,vienna
ssh,0.46788990825688076,shared,occur
ssh,0.09215017064846416,b_only,wandered
ssh,0.48148148148148145,shared,counter
ssh,1.0,a_only,format
ssh,1.0,a_only,hypothesis
ssh,1.0,a_only,diagnosed
ssh,0.28,shared,early
ssh,1.0,a_only,abjads
ssh,1.0,a_only,abalone
ssh,1.0,a_only,iran
ssh,0.0958904109589041,b_only,citizeness
ssh,0.6494845360824743,shared,limb
ssh,0.7777777777777778,shared,uncovered
ssh,0.7877094972067039,shared,knights
ssh,1.0,a_only,alcohols
ssh,1.0,a_only,aq
ssh,0.6326530612244898,shared,hydraulic
ssh,0.7679558011049724,shared,selection
ssh,1.0,a_only,patroclus
ssh,0.6,shared,solution
ssh,1.0,a_only,brotherhood
ssh,0.06666666666666667,b_only,witches
ssh,0.6410256410256411,shared,pit
ssh,0.10344827586206896,b_only,nay
ssh,0.32231404958677684,shared,touched
ssh,0.4611872146118721,shared,delay
ssh,1.0,a_only,ratified
ssh,0.45454545454545453,shared,powers
ssh,0.7486338797814208,shared,customary
ssh,1.0,a_only,subsequently
ssh,0.5384615384615384,shared,certainty
ssh,1.0,a_only,kournikova
ssh,1.0,a_only,israeli
ssh,1.0,a_only,transcontinental
ssh,0.6,shared,enjoyed
ssh,0.6,shared,associated
ssh,1.0,a_only,mi
ssh,0.08108108108108109,b_only,injun
ssh,0.6,shared,founded
ssh,1.0,a_only,prefix
ssh,1.0,a_only,allegedly
ssh,1.0,a_only,rating
ssh,1.0,a_only,adelaide
ssh,1.0,a_only,drivers
ssh,0.6666666666666666,shared,desires
ssh,0.059602649006622516,b_only,howling
ssh,1.0,a_only,listed
ssh,0.09215017064846416,b_only,circumstance
ssh,1.0,a_only,linebackers
ssh,0.4349775784753363,shared,swept
ssh,1.0,a_only,thompson
ssh,0.3168724279835391,shared,moments
ssh,1.0,a_only,nitric
ssh,0.08843537414965986,b_only,jarvis
ssh,1.0,a_only,variables
ssh,0.6494845360824743,shared,speaks
ssh,0.40350877192982454,shared,shadows
ssh,0.7877094972067039,shared,exceeding
ssh,1.0,a_only,overview
ssh,1.0,a_only,saxony
ssh,1.0,a_only,software
ssh,1.0,a_only,sumter
ssh,0.2749003984063745,shared,knows
ssh,1.0,a_only,categories
ssh,0.09215017064846416,b_only,insolent
ssh,0.5920398009950248,shared,shorthand
ssh,0.0738255033557047,b_only,carfax
ssh,0.42857142857142855,shared,humour
ssh,0.3278008298755187,shared,point
ssh,1.0,a_only,hun
ssh,0.6842105263157895,shared,towns
ssh,0.391304347826087,shared,worn
ssh,0.7204301075268817,shared,twentieth
ssh,0.09215017064846416,b_only,uneasy
ssh,0.07023411371237458,b_only,lesson
ssh,0.6842105263157895,shared,alternative
ssh,0.6410256410256411,shared,advantages
ssh,0.797752808988764,shared,reverence
ssh,0.5609756097560976,shared,records
ssh,0.07023411371237458,b_only,buck
ssh,1.0,a_only,arid
ssh,0.6410256410256411,shared,countries
ssh,0.2698412698412698,shared,upon
ssh,0.5686274509803921,shared,endless
ssh,0.4953271028037383,shared,sides
ssh,0.5165876777251185,shared,nest
ssh,0.07023411371237458,b_only,wash
ssh,1.0,a_only,licensed
ssh,1.0,a_only,microscopic
ssh,0.3793103448275862,shared,forced
ssh,0.39737991266375544,shared,journal
ssh,0.6666666666666666,shared,carved
ssh,0.5023474178403756,shared,hit
ssh,0.3008130081300813,shared,sleep
ssh,0.10344827586206896,b_only,renfield
ssh,0.807909604519774,shared,comparing
ssh,0.5384615384615384,shared,customers
ssh,0.07744107744107744,b_only,blessing
ssh,1.0,a_only,kong
ssh,1.0,a_only,arguing
ssh,0.5311004784688995,shared,leagues
ssh,0.6842105263157895,shared,display
ssh,0.7297297297297297,shared,infancy
ssh,0.39737991266375544,shared,missed
ssh,0.08108108108108109,b_only,chap
ssh,1.0,a_only,oxygen
ssh,0.7777777777777778,shared,odds
ssh,0.5686274509803921,shared,developed
ssh,0.3445378151260504,shared,looks
ssh,0.5533980582524272,shared,trap
ssh,0.08843537414965986,b_only,entreaties
ssh,0.5458937198067633,shared,sand
ssh,0.7391304347826086,shared,worlds
ssh,0.245136186770428,shared,listened
ssh,0.6080402010050251,shared,washed
ssh,1.0,a_only,transportation
ssh,1.0,a_only,portals
ssh,1.0,a_only,appropriate
ssh,1.0,a_only,weekly
ssh,1.0,a_only,axioms
ssh,0.2698412698412698,shared,bit
ssh,0.7297297297297297,shared,coins
ssh,0.44144144144144143,shared,closer
ssh,1.0,a_only,shuttle
ssh,1.0,a_only,civilizations
ssh,0.09965635738831616,b_only,neverland
ssh,1.0,a_only,leaders
ssh,1.0,a_only,experimented
ssh,1.0,a_only,forums
ssh,0.0958904109589041,b_only,pens
ssh,1.0,a_only,oxide
ssh,0.675392670157068,shared,territory
ssh,0.08843537414965986,b_only,grateful
ssh,0.7777777777777778,shared,internal
ssh,0.3114754098360656,shared,break
ssh,0.6494845360824743,shared,critical
ssh,1.0,a_only,retains
ssh,1.0,a_only,volumes
ssh,0.07744107744107744,b_only,picking
ssh,0.07023411371237458,b_only,afforded
ssh,1.0,a_only,monthly
ssh,0.07744107744107744,b_only,finer
ssh,0.0847457627118644,b_only,embarrassment
ssh,0.7582417582417582,shared,massacre
ssh,0.3278008298755187,shared,table
ssh,0.3114754098360656,shared,spoken
ssh,0.0738255033557047,b_only,repeating
ssh,0.7297297297297297,shared,contributed
ssh,0.8181818181818182,shared,horns
ssh,0.3793103448275862,shared,de
ssh,1.0,a_only,zf
ssh,1.0,a_only,lacked
ssh,0.6580310880829016,shared,tortured
ssh,0.5094339622641509,shared,informed
ssh,0.2903225806451613,shared,struck
ssh,0.285140562248996,shared,spot
ssh,0.2903225806451613,shared,liked
ssh,0.6931216931216931,shared,agency
ssh,0.7021276595744681,shared,copies
ssh,1.0,a_only,presumably
ssh,1.0,a_only,limiting
ssh,1.0,a_only,defining
ssh,0.7204301075268817,shared,wilderness
ssh,0.0958904109589041,b_only,malice
ssh,0.28,shared,was
ssh,0.675392670157068,shared,lovers
ssh,0.7297297297297297,shared,dramatic
ssh,0.30612244897959184,shared,clothes
ssh,1.0,a_only,apostles
ssh,0.2903225806451613,shared,see
ssh,1.0,a_only,nickname
ssh,0.40969162995594716,shared,beat
ssh,1.0,a_only,surgical
ssh,0.4222222222222222,shared,unconscious
ssh,0.08108108108108109,b_only,shuddered
ssh,1.0,a_only,marx
ssh,0.5238095238095238,shared,cairo
ssh,0.5384615384615384,shared,feed
ssh,0.0847457627118644,b_only,beautifully
ssh,0.3278008298755187,shared,piece
ssh,1.0,a_only,exclusively
ssh,0.6842105263157895,shared,encourage
ssh,0.7777777777777778,shared,stretching
ssh,1.0,a_only,cleveland
ssh,0.6842105263157895,shared,corruption
ssh,0.7679558011049724,shared,trials
ssh,1.0,a_only,provides
ssh,0.08843537414965986,b_only,plenty
ssh,0.09965635738831616,b_only,interruption
ssh,0.7204301075268817,shared,decline
ssh,0.6580310880829016,shared,recovering
ssh,1.0,a_only,ultimate
ssh,0.3559322033898305,shared,surely
ssh,1.0,a_only,protestant
ssh,0.3168724279835391,shared,half
ssh,0.7582417582417582,shared,fibre
ssh,1.0,a_only,absalom
ssh,0.7297297297297297,shared,immensely
ssh,1.0,a_only,les
ssh,0.1111111111111111,b_only,torture
ssh,0.5311004784688995,shared,lake
ssh,0.6326530612244898,shared,laboratory
ssh,1.0,a_only,fundamental
ssh,1.0,a_only,macedon
ssh,0.6243654822335025,shared,consists
ssh,0.07023411371237458,b_only,composure
ssh,0.1111111111111111,b_only,helsing
ssh,1.0,a_only,hamilton
ssh,0.1387900355871886,b_only,vexation
ssh,0.40350877192982454,shared,difficult
ssh,1.0,a_only,quantum
ssh,0.4953271028037383,shared,library
ssh,1.0,a_only,wallace
ssh,0.5384615384615384,shared,elbow
ssh,1.0,a_only,automorphism
ssh,0.06666666666666667,b_only,fetch
ssh,0.7112299465240641,shared,conception
ssh,1.0,a_only,controversy
ssh,1.0,a_only,suburb
ssh,1.0,a_only,matrix
ssh,0.4953271028037383,shared,modern
ssh,0.5094339622641509,shared,protect
ssh,1.0,a_only,detailed
ssh,0.5023474178403756,shared,jealous
ssh,1.0,a_only,melting
ssh,1.0,a_only,asl
ssh,0.36752136752136755,shared,greatly
ssh,0.3168724279835391,shared,sydney
ssh,0.5094339622641509,shared,seriously
ssh,0.5094339622641509,shared,waved
ssh,0.10726643598615918,b_only,insensible
ssh,1.0,a_only,chadic
ssh,0.6494845360824743,shared,customs
ssh,0.6842105263157895,shared,ordering
ssh,1.0,a_only,neurons
ssh,0.8285714285714286,shared,continuing
ssh,0.6494845360824743,shared,sailors
ssh,0.09965635738831616,b_only,sadly
ssh,1.0,a_only,equation
ssh,1.0,a_only,restaurants
ssh,0.6326530612244898,shared,rays
ssh,0.12280701754385964,b_only,coarse
ssh,0.7582417582417582,shared,lens
ssh,1.0,a_only,variations
ssh,1.0,a_only,bands
ssh,1.0,a_only,internationally
ssh,0.06666666666666667,b_only,gigantic
ssh,0.7486338797814208,shared,expanded
ssh,0.6666666666666666,shared,medium
ssh,0.675392670157068,shared,shine
ssh,1.0,a_only,unified
ssh,0.29554655870445345,shared,desire
ssh,1.0,a_only,metro
ssh,0.3389121338912134,shared,god
ssh,0.3852813852813853,shared,year
ssh,0.6,shared,rotten
ssh,0.08843537414965986,b_only,crept
ssh,0.09215017064846416,b_only,realise
ssh,0.09965635738831616,b_only,fairies
ssh,1.0,a_only,telephone
ssh,0.06666666666666667,b_only,polished
ssh,1.0,a_only,au
ssh,0.6494845360824743,shared,vehicle
ssh,0.5609756097560976,shared,interview
ssh,0.3114754098360656,shared,expression
ssh,1.0,a_only,versus
ssh,0.3333333333333333,shared,terrible
ssh,0.7391304347826086,shared,chord
ssh,0.2749003984063745,shared,horrible
ssh,1.0,a_only,cornwallis
ssh,0.2648221343873518,shared,but
ssh,0.5384615384615384,shared,quantity
ssh,1.0,a_only,aardvarks
ssh,0.5609756097560976,shared,actual
ssh,1.0,a_only,density
ssh,1.0,a_only,elementary
ssh,1.0,a_only,os
ssh,1.0,a_only,potentially
ssh,1.0,a_only,automorphisms
ssh,0.3168724279835391,shared,wake
ssh,0.7486338797814208,shared,guards
ssh,1.0,a_only,spontaneous
ssh,1.0,a_only,validity
ssh,0.37339055793991416,shared,killed
ssh,0.3168724279835391,shared,girls
ssh,0.4953271028037383,shared,beating
ssh,0.7582417582417582,shared,insect
ssh,1.0,a_only,automatic
ssh,1.0,a_only,theodosius
ssh,1.0,a_only,operated
ssh,1.0,a_only,sanjaks
ssh,1.0,a_only,blockade
ssh,0.3168724279835391,shared,sudden
ssh,0.3168724279835391,shared,day
ssh,0.0958904109589041,b_only,regret
ssh,0.08108108108108109,b_only,commence
ssh,0.391304347826087,shared,spite
ssh,0.5533980582524272,shared,crew
ssh,0.3333333333333333,shared,appearance
ssh,0.6931216931216931,shared,sworn
ssh,0.0847457627118644,b_only,intending
ssh,0.675392670157068,shared,banished
ssh,0.7877094972067039,shared,anatomy
ssh,0.6410256410256411,shared,merchant
ssh,0.7112299465240641,shared,varied
ssh,0.7112299465240641,shared,safer
ssh,0.39737991266375544,shared,snow
ssh,1.0,a_only,aleutian
ssh,0.6580310880829016,shared,logical
ssh,0.6666666666666666,shared,captured
ssh,1.0,a_only,christopher
ssh,0.10344827586206896,b_only,whip
ssh,1.0,a_only,christie
ssh,0.7204301075268817,shared,college
ssh,0.7204301075268817,shared,bone
ssh,0.7486338797814208,shared,riddle
ssh,0.6080402010050251,shared,relative
ssh,0.48148148148148145,shared,p
ssh,0.6842105263157895,shared,descendants
ssh,0.5686274509803921,shared,assisted
ssh,0.6080402010050251,shared,exception
ssh,0.09965635738831616,b_only,neglect
ssh,1.0,a_only,claude
ssh,0.6080402010050251,shared,check
ssh,0.8713450292397661,shared,sands
ssh,0.4883720930232558,shared,anger
ssh,0.8285714285714286,shared,abruptly
ssh,0.5094339622641509,shared,formerly
ssh,1.0,a_only,semi
ssh,1.0,a_only,atari
ssh,1.0,a_only,crystal
ssh,0.0847457627118644,b_only,dinah
ssh,1.0,a_only,promoted
ssh,1.0,a_only,emirates
ssh,1.0,a_only,iraqi
ssh,1.0,a_only,ambiguity
ssh,0.6842105263157895,shared,overwhelming
ssh,1.0,a_only,preliminary
ssh,0.07023411371237458,b_only,ventured
ssh,0.350210970464135,shared,pay
ssh,1.0,a_only,terry
ssh,1.0,a_only,prussian
ssh,0.7486338797814208,shared,fires
ssh,1.0,a_only,emperor
ssh,1.0,a_only,korea
ssh,1.0,a_only,cycle
ssh,0.45454545454545453,shared,closely
ssh,1.0,a_only,confederacy
ssh,0.07744107744107744,b_only,bother
ssh,0.3559322033898305,shared,hurt
ssh,0.7391304347826086,shared,charity
ssh,0.7486338797814208,shared,sandy
ssh,0.3445378151260504,shared,forgotten
ssh,0.6931216931216931,shared,alpha
ssh,0.06666666666666667,b_only,mermaids
ssh,1.0,a_only,liberalism
ssh,1.0,a_only,toll
ssh,1.0,a_only,abba
ssh,0.7204301075268817,shared,bold
ssh,0.2903225806451613,shared,secret
ssh,0.46788990825688076,shared,brandy
ssh,0.797752808988764,shared,tallest
ssh,0.09215017064846416,b_only,peculiarly
ssh,1.0,a_only,framework
ssh,0.28,shared,ill
ssh,0.7021276595744681,shared,dried
ssh,0.48148148148148145,shared,flying
ssh,1.0,a_only,script
ssh,1.0,a_only,selective
ssh,0.8181818181818182,shared,vincent
ssh,0.48148148148148145,shared,niece
ssh,1.0,a_only,dramatically
ssh,1.0,a_only,gettysburg
ssh,1.0,a_only,lovecraft
ssh,0.5920398009950248,shared,author
ssh,1.0,a_only,utopian
ssh,1.0,a_only,machinery
ssh,0.7021276595744681,shared,exceptional
ssh,0.47465437788018433,shared,consequence
ssh,0.3114754098360656,shared,gray
ssh,1.0,a_only,decreasing
ssh,1.0,a_only,oral
ssh,1.0,a_only,festivals
ssh,1.0,a_only,pogroms
ssh,0.6842105263157895,shared,recognize
ssh,1.0,a_only,subsequent
ssh,0.08108108108108109,b_only,growled
ssh,0.6243654822335025,shared,dropping
ssh,1.0,a_only,gender
ssh,0.5763546798029556,shared,shaped
ssh,0.3559322033898305,shared,dropped
ssh,0.2698412698412698,shared,natural
ssh,0.7112299465240641,shared,balance
ssh,0.3389121338912134,shared,feelings
ssh,0.7021276595744681,shared,ahab
ssh,0.10344827586206896,b_only,sawyer
ssh,1.0,a_only,dividing
ssh,1.0,a_only,monks
ssh,0.2903225806451613,shared,worse
ssh,1.0,a_only,kilometres
ssh,0.7679558011049724,shared,stripped
ssh,0.415929203539823,shared,sold
ssh,1.0,a_only,roy
ssh,1.0,a_only,transition
ssh,0.7777777777777778,shared,supernatural
ssh,0.2648221343873518,shared,mine
ssh,0.40350877192982454,shared,carefully
ssh,0.6842105263157895,shared,irish
ssh,1.0,a_only,enforced
ssh,0.675392670157068,shared,explicit
ssh,0.7297297297297297,shared,referring
ssh,0.7391304347826086,shared,destroyer
ssh,1.0,a_only,based
ssh,1.0,a_only,ecology
ssh,0.7486338797814208,shared,blunt
ssh,0.2549019607843137,shared,poor
ssh,1.0,a_only,anagrams
ssh,0.6494845360824743,shared,trivial
ssh,1.0,a_only,afghans
ssh,1.0,a_only,palestine
ssh,1.0,a_only,input
ssh,0.675392670157068,shared,exchanged
ssh,0.5238095238095238,shared,throughout
ssh,0.08108108108108109,b_only,handkerchief
ssh,1.0,a_only,epidemic
ssh,0.059602649006622516,b_only,dozen
ssh,1.0,a_only,excavation
ssh,0.0847457627118644,b_only,asleep
ssh,0.415929203539823,shared,dim
ssh,0.7204301075268817,shared,maker
ssh,0.5686274509803921,shared,minded
ssh,0.5238095238095238,shared,cook
ssh,0.5763546798029556,shared,searching
ssh,0.25984251968503935,shared,look
ssh,0.08843537414965986,b_only,rubbed
ssh,0.0847457627118644,b_only,felicity
ssh,1.0,a_only,apocalypse
ssh,0.3389121338912134,shared,fashion
ssh,0.25984251968503935,shared,seem
ssh,1.0,a_only,protons
ssh,1.0,a_only,indicates
ssh,0.0738255033557047,b_only,utter
ssh,1.0,a_only,substantially
ssh,0.059602649006622516,b_only,theirs
ssh,1.0,a_only,playwright
ssh,0.07744107744107744,b_only,hertfordshire
ssh,1.0,a_only,sections
ssh,1.0,a_only,libertarianism
ssh,0.7391304347826086,shared,overshadowed
ssh,0.44144144144144143,shared,managed
ssh,1.0,a_only,applet
ssh,1.0,a_only,postal
ssh,0.29554655870445345,shared,forward
ssh,1.0,a_only,publications
ssh,0.09215017064846416,b_only,prayed
ssh,0.40350877192982454,shared,grief
ssh,0.675392670157068,shared,descending
ssh,0.5763546798029556,shared,reflected
ssh,0.30612244897959184,shared,expected
ssh,0.7297297297297297,shared,crescent
ssh,0.10344827586206896,b_only,contemplated
ssh,0.1347517730496454,b_only,candles
ssh,1.0,a_only,summary
ssh,0.6410256410256411,shared,chambers
ssh,0.0958904109589041,b_only,dances
ssh,0.797752808988764,shared,concentration
ssh,1.0,a_only,valid
ssh,1.0,a_only,crusade
ssh,0.7486338797814208,shared,purchased
ssh,1.0,a_only,opus
ssh,1.0,a_only,antiparticle
ssh,0.6410256410256411,shared,posted
ssh,1.0,a_only,comprehensive
ssh,0.6931216931216931,shared,patent
ssh,1.0,a_only,efficient
ssh,0.5165876777251185,shared,sheet
ssh,0.3114754098360656,shared,watson
ssh,0.6842105263157895,shared,obtain
ssh,1.0,a_only,charges
ssh,1.0,a_only,participated
ssh,1.0,a_only,literacy
ssh,0.47465437788018433,shared,discovery
ssh,0.7391304347826086,shared,transparent
ssh,1.0,a_only,philosophical
ssh,0.0738255033557047,b_only,reck
ssh,0.807909604519774,shared,irritated
ssh,0.08108108108108109,b_only,footman
ssh,0.5165876777251185,shared,engagement
ssh,0.7391304347826086,shared,intentions
ssh,0.11498257839721254,b_only,superintendent
ssh,1.0,a_only,amoeba
ssh,1.0,a_only,varies
ssh,1.0,a_only,congo
ssh,1.0,a_only,bond
ssh,1.0,a_only,mobile
ssh,1.0,a_only,carbon
ssh,0.797752808988764,shared,practise
ssh,0.42857142857142855,shared,project
ssh,1.0,a_only,tiberius
ssh,0.0958904109589041,b_only,moran
ssh,1.0,a_only,rural
ssh,0.08108108108108109,b_only,gaze
ssh,0.6243654822335025,shared,rivers
ssh,1.0,a_only,metaphysics
ssh,0.1111111111111111,b_only,roused
ssh,0.675392670157068,shared,gravel
ssh,1.0,a_only,philosophies
ssh,1.0,a_only,ethiopia
ssh,1.0,a_only,feeding
ssh,0.5165876777251185,shared,press
ssh,1.0,a_only,israel
ssh,0.2903225806451613,shared,duty
ssh,0.7679558011049724,shared,gross
ssh,1.0,a_only,instrumental
ssh,1.0,a_only,usa
ssh,0.09965635738831616,b_only,furious
ssh,0.0738255033557047,b_only,boots
ssh,0.3389121338912134,shared,strike
ssh,0.11498257839721254,b_only,disgust
ssh,0.059602649006622516,b_only,dinner
ssh,0.7112299465240641,shared,mistress
ssh,0.10726643598615918,b_only,fancies
ssh,1.0,a_only,develop
ssh,1.0,a_only,fm
ssh,0.08843537414965986,b_only,hoarsely
ssh,0.3559322033898305,shared,difference
ssh,0.7112299465240641,shared,bat
ssh,0.7582417582417582,shared,liberal
ssh,0.5311004784688995,shared,mccarthy
ssh,1.0,a_only,parsons
ssh,1.0,a_only,benefits
ssh,1.0,a_only,canaris
ssh,0.7297297297297297,shared,monsters
ssh,1.0,a_only,religions
ssh,0.6080402010050251,shared,texas
ssh,0.39737991266375544,shared,tale
ssh,1.0,a_only,illegal
ssh,1.0,a_only,romans
ssh,1.0,a_only,steven
ssh,0.6931216931216931,shared,decree
ssh,1.0,a_only,denote
ssh,0.7486338797814208,shared,exercised
ssh,1.0,a_only,chairman
ssh,0.2648221343873518,shared,away
ssh,0.07023411371237458,b_only,stairs
ssh,0.4611872146118721,shared,prisoners
ssh,0.7204301075268817,shared,mutual
ssh,1.0,a_only,genesis
ssh,0.11888111888111888,b_only,fishes
ssh,0.09965635738831616,b_only,lookout
ssh,0.056105610561056105,b_only,consult
ssh,0.07023411371237458,b_only,sunset
ssh,0.8285714285714286,shared,owes
ssh,0.5458937198067633,shared,exercise
ssh,0.2749003984063745,shared,means
ssh,1.0,a_only,structured
ssh,0.7877094972067039,shared,resources
ssh,0.4349775784753363,shared,native
ssh,1.0,a_only,civilians
ssh,1.0,a_only,ataxia
ssh,1.0,a_only,heinrich
ssh,0.10344827586206896,b_only,flashed
ssh,0.30612244897959184,shared,afternoon
ssh,0.675392670157068,shared,passes
ssh,1.0,a_only,variant
ssh,1.0,a_only,ally
ssh,1.0,a_only,database
ssh,0.46788990825688076,shared,spiders
ssh,1.0,a_only,scored
ssh,0.675392670157068,shared,engineer
ssh,0.3168724279835391,shared,week
ssh,1.0,a_only,palmer
ssh,1.0,a_only,powered
ssh,1.0,a_only,obsolete
ssh,0.5686274509803921,shared,burn
ssh,0.675392670157068,shared,bee
ssh,1.0,a_only,agouti
ssh,0.4953271028037383,shared,delicacy
ssh,0.5165876777251185,shared,humble
ssh,1.0,a_only,manchester
ssh,0.5763546798029556,shared,assistant
ssh,1.0,a_only,ferdinand
ssh,0.4349775784753363,shared,affected
ssh,1.0,a_only,commonwealth
ssh,0.5094339622641509,shared,formal
ssh,1.0,a_only,fuels
ssh,0.5841584158415841,shared,matches
ssh,0.39737991266375544,shared,fault
ssh,0.11888111888111888,b_only,24
ssh,1.0,a_only,incorrect
ssh,1.0,a_only,popularity
ssh,0.7112299465240641,shared,lasting
ssh,1.0,a_only,elite
ssh,0.6842105263157895,shared,lone
ssh,1.0,a_only,aberdeen
ssh,1.0,a_only,practices
ssh,1.0,a_only,autonomous
ssh,0.06666666666666667,b_only,gazing
ssh,1.0,a_only,rotation
ssh,0.07023411371237458,b_only,congratulations
ssh,1.0,a_only,marshall
ssh,0.3852813852813853,shared,un
ssh,0.4222222222222222,shared,copyright
ssh,0.5686274509803921,shared,utterly
ssh,0.5384615384615384,shared,pin
ssh,0.40969162995594716,shared,useful
ssh,1.0,a_only,cluny
ssh,1.0,a_only,mackenzie
ssh,1.0,a_only,wilhelm
ssh,0.3114754098360656,shared,forget
ssh,0.07744107744107744,b_only,hypnotic
ssh,1.0,a_only,bhfiann
ssh,0.8390804597701149,shared,salvation
ssh,0.6580310880829016,shared,crack
ssh,1.0,a_only,lucius
ssh,0.10344827586206896,b_only,shawl
ssh,1.0,a_only,jesuit
ssh,0.7021276595744681,shared,shores
ssh,0.6580310880829016,shared,preceding
ssh,1.0,a_only,commentary
ssh,1.0,a_only,tasks
ssh,0.5023474178403756,shared,emotion
ssh,0.08108108108108109,b_only,tear
ssh,0.5686274509803921,shared,absent
ssh,1.0,a_only,allah
ssh,0.23076923076923078,shared,seems
ssh,0.10726643598615918,b_only,screamed
ssh,0.797752808988764,shared,apt
ssh,0.5311004784688995,shared,urged
ssh,0.5533980582524272,shared,angle
ssh,0.4611872146118721,shared,delivered
ssh,1.0,a_only,euclidean
ssh,0.675392670157068,shared,horsemen
ssh,1.0,a_only,legendary
ssh,0.7582417582417582,shared,dependence
ssh,1.0,a_only,routes
ssh,0.3114754098360656,shared,turning
ssh,0.8181818181818182,shared,precautions
ssh,1.0,a_only,programs
ssh,0.391304347826087,shared,seven
ssh,0.36752136752136755,shared,seward
ssh,0.39737991266375544,shared,reply
ssh,0.44144144144144143,shared,ordinary
ssh,0.7877094972067039,shared,index
ssh,0.08108108108108109,b_only,waked
ssh,1.0,a_only,trojan
ssh,0.0738255033557047,b_only,rejoice
ssh,0.8285714285714286,shared,struggles
ssh,0.7204301075268817,shared,violet
ssh,1.0,a_only,interface
ssh,0.3168724279835391,shared,sick
ssh,1.0,a_only,fresnel
ssh,1.0,a_only,align
ssh,0.7112299465240641,shared,similarly
ssh,0.4953271028037383,shared,subjects
ssh,1.0,a_only,wayne
ssh,0.7021276595744681,shared,rail
ssh,0.6161616161616161,shared,updated
ssh,1.0,a_only,joan
ssh,1.0,a_only,augustine
ssh,1.0,a_only,produces
ssh,0.29554655870445345,shared,brought
ssh,0.48148148148148145,shared,september
ssh,1.0,a_only,ted
ssh,0.5094339622641509,shared,wings
ssh,1.0,a_only,economist
ssh,0.6243654822335025,shared,needles
ssh,0.7777777777777778,shared,imposing
ssh,0.10344827586206896,b_only,grindstone
ssh,0.3852813852813853,shared,younger
ssh,0.28,shared,followed
ssh,0.5023474178403756,shared,theories
ssh,1.0,a_only,aa
ssh,1.0,a_only,naval
ssh,0.6410256410256411,shared,tour
ssh,0.7679558011049724,shared,fathers
ssh,1.0,a_only,asteraceae
ssh,0.5238095238095238,shared,universal
ssh,1.0,a_only,bc
ssh,0.6580310880829016,shared,governor
ssh,1.0,a_only,superorder
ssh,0.7777777777777778,shared,removing
ssh,0.4883720930232558,shared,card
ssh,0.7582417582417582,shared,dependent
ssh,0.6666666666666666,shared,explaining
ssh,0.7486338797814208,shared,atonement
ssh,0.6161616161616161,shared,novelty
ssh,1.0,a_only,puerto
ssh,1.0,a_only,vacuum
ssh,0.5609756097560976,shared,probability
ssh,0.7582417582417582,shared,pope
ssh,0.0847457627118644,b_only,brains
ssh,1.0,a_only,minimum
ssh,1.0,a_only,montana
ssh,1.0,a_only,armenians
ssh,1.0,a_only,molecules
ssh,1.0,a_only,americas
ssh,1.0,a_only,revelation
ssh,0.285140562248996,shared,evidently
ssh,1.0,a_only,fleece
ssh,0.06666666666666667,b_only,bingley
ssh,1.0,a_only,crops
ssh,0.7112299465240641,shared,problems
ssh,0.6161616161616161,shared,link
ssh,0.10344827586206896,b_only,wig
ssh,0.6243654822335025,shared,friday
ssh,0.415929203539823,shared,gathered
ssh,0.30612244897959184,shared,hook
ssh,0.7297297297297297,shared,duncan
ssh,1.0,a_only,maintain
ssh,1.0,a_only,theoretical
ssh,0.7582417582417582,shared,completion
ssh,0.797752808988764,shared,conquered
ssh,0.8181818181818182,shared,metallic
ssh,0.807909604519774,shared,diamonds
ssh,1.0,a_only,quantitative
ssh,1.0,a_only,cooling
ssh,0.3168724279835391,shared,ran
ssh,1.0,a_only,operatorname
ssh,0.08108108108108109,b_only,jury
ssh,1.0,a_only,colonies
ssh,1.0,a_only,dominican
ssh,0.6,shared,pillow
ssh,0.8390804597701149,shared,ann
ssh,0.0738255033557047,b_only,bunch
ssh,1.0,a_only,fermented
ssh,1.0,a_only,gary
ssh,1.0,a_only,mentions
ssh,0.10344827586206896,b_only,peering
ssh,0.40969162995594716,shared,lower
ssh,1.0,a_only,johnston
ssh,0.28,shared,prison
ssh,1.0,a_only,currents
ssh,0.40969162995594716,shared,proper
ssh,1.0,a_only,armor
ssh,0.797752808988764,shared,homage
ssh,1.0,a_only,adriatic
ssh,1.0,a_only,dialects
ssh,0.40350877192982454,shared,express
ssh,1.0,a_only,exhibits
ssh,1.0,a_only,armstrong
ssh,0.08108108108108109,b_only,tradesman
ssh,1.0,a_only,bibliography
ssh,1.0,a_only,renowned
ssh,0.46788990825688076,shared,fish
ssh,0.7204301075268817,shared,spin
ssh,1.0,a_only,conflicts
ssh,0.06312292358803986,b_only,chateau
ssh,0.25984251968503935,shared,course
ssh,0.5920398009950248,shared,magnificent
ssh,1.0,a_only,wartime
ssh,0.2903225806451613,shared,word
ssh,0.08843537414965986,b_only,lordship
ssh,0.5686274509803921,shared,louis
ssh,0.1111111111111111,b_only,retorted
ssh,1.0,a_only,surplus
ssh,0.6080402010050251,shared,commission
ssh,0.7112299465240641,shared,miniature
ssh,0.3114754098360656,shared,watched
ssh,1.0,a_only,discrimination
ssh,0.28,shared,good
ssh,0.2903225806451613,shared,person
ssh,1.0,a_only,markets
ssh,0.7486338797814208,shared,viewed
ssh,1.0,a_only,associates
ssh,1.0,a_only,enigma
ssh,0.09965635738831616,b_only,melancholy
ssh,1.0,a_only,capita
ssh,0.6410256410256411,shared,ruled
ssh,0.3389121338912134,shared,feared
ssh,0.10344827586206896,b_only,ascended
ssh,0.5384615384615384,shared,reflect
ssh,1.0,a_only,tai
ssh,0.6494845360824743,shared,appointed
ssh,0.5094339622641509,shared,geneva
ssh,1.0,a_only,abolition
ssh,1.0,a_only,musician
ssh,1.0,a_only,organisation
ssh,0.3445378151260504,shared,streets
ssh,0.08108108108108109,b_only,heap
ssh,1.0,a_only,emancipation
ssh,1.0,a_only,annales
ssh,0.07023411371237458,b_only,pavement
ssh,0.09965635738831616,b_only,smoked
ssh,1.0,a_only,pierre
ssh,1.0,a_only,flowering
ssh,1.0,a_only,journals
ssh,0.7582417582417582,shared,underground
ssh,1.0,a_only,alex
ssh,0.2648221343873518,shared,subject
ssh,0.675392670157068,shared,achieve
ssh,1.0,a_only,denies
ssh,1.0,a_only,differs
ssh,0.25984251968503935,shared,life
ssh,1.0,a_only,stan
ssh,0.3793103448275862,shared,convinced
ssh,0.5686274509803921,shared,silk
ssh,1.0,a_only,selling
ssh,1.0,a_only,tribes
ssh,0.5686274509803921,shared,pack
ssh,1.0,a_only,constellation
ssh,0.3617021276595745,shared,existence
ssh,0.5841584158415841,shared,motion
ssh,0.08108108108108109,b_only,clutched
ssh,0.5533980582524272,shared,hoping
ssh,0.0847457627118644,b_only,peeped
ssh,0.4349775784753363,shared,discover
ssh,0.5311004784688995,shared,parties
ssh,0.6410256410256411,shared,score
ssh,1.0,a_only,ceo
ssh,0.3114754098360656,shared,had
ssh,0.6326530612244898,shared,available
ssh,0.5238095238095238,shared,skill
ssh,0.5763546798029556,shared,mixture
ssh,1.0,a_only,publication
ssh,0.5311004784688995,shared,separated
ssh,1.0,a_only,shortest
ssh,0.350210970464135,shared,st
ssh,0.7877094972067039,shared,rejection
ssh,0.08843537414965986,b_only,sunrise
ssh,0.0958904109589041,b_only,abhorrence
ssh,1.0,a_only,riots
ssh,0.1111111111111111,b_only,caution
ssh,0.8181818181818182,shared,dot
ssh,0.3278008298755187,shared,anxious
ssh,0.0958904109589041,b_only,sleeve
ssh,0.29554655870445345,shared,general
ssh,0.7297297297297297,shared,marvel
ssh,0.36752136752136755,shared,seat
ssh,0.30612244897959184,shared,danger
ssh,1.0,a_only,physically
ssh,0.09965635738831616,b_only,persuasion
ssh,0.3852813852813853,shared,hot
ssh,1.0,a_only,procedures
ssh,1.0,a_only,radical
ssh,1.0,a_only,dominance
ssh,0.7486338797814208,shared,samuel
ssh,0.6,shared,fan
ssh,1.0,a_only,females
ssh,1.0,a_only,magical
ssh,0.3617021276595745,shared,game
ssh,0.5384615384615384,shared,thee
ssh,1.0,a_only,replacing
ssh,1.0,a_only,conquests
ssh,0.7204301075268817,shared,barrel
ssh,0.5238095238095238,shared,recognised
ssh,1.0,a_only,engineering
ssh,0.37339055793991416,shared,marry
ssh,1.0,a_only,www
ssh,0.6580310880829016,shared,distrust
ssh,0.5311004784688995,shared,everywhere
ssh,0.5920398009950248,shared,fools
ssh,1.0,a_only,victorian
ssh,0.09215017064846416,b_only,darcy
ssh,1.0,a_only,ptolemy
ssh,1.0,a_only,armenian
ssh,0.6580310880829016,shared,occupations
ssh,1.0,a_only,jules
ssh,1.0,a_only,russia
ssh,0.6243654822335025,shared,plays
ssh,1.0,a_only,hip
ssh,0.08843537414965986,b_only,glasses
ssh,0.6931216931216931,shared,prosperity
ssh,0.09965635738831616,b_only,drooping
ssh,1.0,a_only,rebuilding
ssh,0.6080402010050251,shared,breeding
ssh,0.08108108108108109,b_only,becky
ssh,0.350210970464135,shared,eight
ssh,0.5384615384615384,shared,ferry
ssh,0.7112299465240641,shared,northward
ssh,0.08843537414965986,b_only,distress
ssh,1.0,a_only,imagery
ssh,0.4953271028037383,shared,pirate
ssh,0.30612244897959184,shared,much
ssh,0.08843537414965986,b_only,nails
ssh,1.0,a_only,colspan
ssh,0.2698412698412698,shared,ready
ssh,0.08108108108108109,b_only,yelling
ssh,1.0,a_only,increasingly
ssh,0.4611872146118721,shared,amount
ssh,0.7486338797814208,shared,scope
ssh,1.0,a_only,ki
ssh,0.2903225806451613,shared,sense
ssh,0.5458937198067633,shared,control
ssh,0.5920398009950248,shared,win
ssh,0.7679558011049724,shared,disaster
ssh,0.7391304347826086,shared,endurance
ssh,1.0,a_only,franco
ssh,0.6580310880829016,shared,tribunal
ssh,0.32231404958677684,shared,scarcely
ssh,1.0,a_only,winners
ssh,0.4222222222222222,shared,dressing
ssh,0.5458937198067633,shared,shelf
ssh,0.7204301075268817,shared,scores
ssh,0.285140562248996,shared,illustration
ssh,0.7204301075268817,shared,oppression
ssh,1.0,a_only,losses
ssh,1.0,a_only,implicit
ssh,1.0,a_only,nitrogen
ssh,1.0,a_only,ren
ssh,0.10726643598615918,b_only,blows
ssh,1.0,a_only,percentage
ssh,0.5238095238095238,shared,distinguish
ssh,0.6080402010050251,shared,harvey
ssh,0.4953271028037383,shared,declare
ssh,0.3168724279835391,shared,suddenly
ssh,1.0,a_only,ads
ssh,0.2903225806451613,shared,do
ssh,0.6080402010050251,shared,l
ssh,0.3114754098360656,shared,pride
ssh,0.5165876777251185,shared,wounded
ssh,0.3333333333333333,shared,sent
ssh,0.10726643598615918,b_only,nodding
ssh,0.0847457627118644,b_only,patience
ssh,1.0,a_only,theorists
ssh,1.0,a_only,depending
ssh,1.0,a_only,planets
ssh,1.0,a_only,africans
ssh,0.6326530612244898,shared,principles
ssh,0.46788990825688076,shared,attempted
ssh,1.0,a_only,apostle
ssh,0.3793103448275862,shared,rope
ssh,1.0,a_only,spectrum
ssh,0.6,shared,shoot
ssh,0.3793103448275862,shared,rabbit
ssh,1.0,a_only,irregular
ssh,1.0,a_only,encyclopedia
ssh,1.0,a_only,define
ssh,1.0,a_only,highlands
ssh,0.7204301075268817,shared,strive
ssh,0.6080402010050251,shared,keen
ssh,0.3445378151260504,shared,fortune
ssh,0.7391304347826086,shared,decision
ssh,0.6842105263157895,shared,closest
ssh,0.6931216931216931,shared,supplied
ssh,0.8390804597701149,shared,treats
ssh,0.0958904109589041,b_only,perplexed
ssh,0.11498257839721254,b_only,pretending
ssh,0.7486338797814208,shared,adjacent
ssh,0.4883720930232558,shared,strain
ssh,0.3793103448275862,shared,green
ssh,0.3168724279835391,shared,journey
ssh,1.0,a_only,classical
ssh,0.5165876777251185,shared,prospect
ssh,0.5533980582524272,shared,cover
ssh,1.0,a_only,media
ssh,0.09215017064846416,b_only,aunt
ssh,0.3389121338912134,shared,corner
ssh,1.0,a_only,composer
ssh,1.0,a_only,particle
ssh,1.0,a_only,sculpture
ssh,1.0,a_only,ada
ssh,1.0,a_only,astrological
ssh,0.6080402010050251,shared,fat
ssh,0.6326530612244898,shared,deepest
ssh,0.3114754098360656,shared,made
ssh,0.7679558011049724,shared,explanations
ssh,1.0,a_only,implementing
ssh,1.0,a_only,butane
ssh,0.6243654822335025,shared,attributed
ssh,1.0,a_only,dutch
ssh,0.11498257839721254,b_only,knowed
ssh,0.08108108108108109,b_only,tremulous
ssh,1.0,a_only,rand
ssh,1.0,a_only,isotopes
ssh,1.0,a_only,arabic
ssh,0.0958904109589041,b_only,touching
ssh,0.11888111888111888,b_only,tempest
ssh,0.5533980582524272,shared,farther
ssh,0.45454545454545453,shared,painted
ssh,0.6326530612244898,shared,rises
ssh,0.5384615384615384,shared,access
ssh,0.7777777777777778,shared,vegetables
ssh,1.0,a_only,imperium
ssh,1.0,a_only,cars
ssh,0.675392670157068,shared,artistic
ssh,1.0,a_only,plutarch
ssh,0.5763546798029556,shared,exhausted
ssh,0.6410256410256411,shared,eligible
ssh,0.7297297297297297,shared,pitch
ssh,0.5533980582524272,shared,instruments
ssh,1.0,a_only,greene
ssh,1.0,a_only,thailand
ssh,0.6080402010050251,shared,studies
ssh,1.0,a_only,aurelius
ssh,0.5686274509803921,shared,shooting
ssh,0.6666666666666666,shared,resistance
ssh,0.7679558011049724,shared,penetrate
ssh,0.5920398009950248,shared,swimming
ssh,0.24031007751937986,shared,got
ssh,1.0,a_only,compound
ssh,0.09215017064846416,b_only,forgot
ssh,0.675392670157068,shared,toe
ssh,1.0,a_only,appreciation
ssh,0.07023411371237458,b_only,attendant
ssh,0.5609756097560976,shared,republic
ssh,0.415929203539823,shared,fishing
ssh,1.0,a_only,integration
ssh,0.2749003984063745,shared,count
ssh,1.0,a_only,wisconsin
ssh,1.0,a_only,emigration
ssh,0.675392670157068,shared,forbidden
ssh,0.056105610561056105,b_only,wolves
ssh,1.0,a_only,reportedly
ssh,1.0,a_only,treatise
ssh,0.25984251968503935,shared,like
ssh,0.350210970464135,shared,shown
ssh,0.797752808988764,shared,dia
ssh,1.0,a_only,kurosawa
ssh,1.0,a_only,bacteria
ssh,0.07744107744107744,b_only,spies
ssh,1.0,a_only,outbreak
ssh,0.6494845360824743,shared,suspended
ssh,0.11498257839721254,b_only,streak
ssh,0.675392670157068,shared,successfully
ssh,0.8390804597701149,shared,seeds
ssh,0.45454545454545453,shared,supposed
ssh,0.7877094972067039,shared,pairs
ssh,0.09215017064846416,b_only,glow
ssh,0.0847457627118644,b_only,choked
ssh,1.0,a_only,resin
ssh,1.0,a_only,canonical
ssh,1.0,a_only,imac
ssh,0.09965635738831616,b_only,surmise
ssh,1.0,a_only,program
ssh,0.4953271028037383,shared,u
ssh,0.0847457627118644,b_only,squeezed
ssh,0.5609756097560976,shared,swallowed
ssh,0.8604651162790697,shared,halting
ssh,0.39737991266375544,shared,dig
ssh,1.0,a_only,jpg
ssh,1.0,a_only,ainu
ssh,0.5533980582524272,shared,delicate
ssh,0.09965635738831616,b_only,scar
ssh,0.4883720930232558,shared,chosen
ssh,1.0,a_only,regardless
ssh,0.5311004784688995,shared,parents
ssh,1.0,a_only,ranking
ssh,0.5609756097560976,shared,clay
ssh,0.3008130081300813,shared,road
ssh,1.0,a_only,organizations
ssh,1.0,a_only,rally
ssh,0.0958904109589041,b_only,becuz
ssh,0.1111111111111111,b_only,pinch
ssh,0.44144144144144143,shared,accounts
ssh,0.2260536398467433,shared,care
ssh,0.5165876777251185,shared,crazy
ssh,1.0,a_only,finnish
ssh,0.07023411371237458,b_only,recollection
ssh,0.0958904109589041,b_only,anew
ssh,1.0,a_only,vocabulary
ssh,1.0,a_only,evolutionary
ssh,0.08843537414965986,b_only,hunsford
ssh,0.7297297297297297,shared,brutal
ssh,1.0,a_only,statues
ssh,1.0,a_only,implement
ssh,0.3278008298755187,shared,act
ssh,0.4479638009049774,shared,possession
ssh,1.0,a_only,verbal
ssh,0.09215017064846416,b_only,peasant
ssh,0.675392670157068,shared,objected
ssh,0.4222222222222222,shared,design
ssh,0.1111111111111111,b_only,busted
ssh,0.6326530612244898,shared,bang
ssh,0.7582417582417582,shared,harvest
ssh,0.7112299465240641,shared,originated
ssh,0.7582417582417582,shared,perished
ssh,0.5609756097560976,shared,expense
ssh,1.0,a_only,annual
ssh,0.6842105263157895,shared,rows
ssh,0.7112299465240641,shared,respected
ssh,1.0,a_only,alternate
ssh,0.10344827586206896,b_only,helpless
ssh,1.0,a_only,concerto
ssh,0.5311004784688995,shared,accepted
ssh,1.0,a_only,video
ssh,0.05263157894736842,b_only,ticket
ssh,0.11888111888111888,b_only,weighed
ssh,0.2903225806451613,shared,often
ssh,0.08843537414965986,b_only,tranquillity
ssh,0.7486338797814208,shared,ca
ssh,0.807909604519774,shared,gradual
ssh,0.1111111111111111,b_only,polite
ssh,0.06312292358803986,b_only,tink
ssh,0.4222222222222222,shared,created
ssh,0.08108108108108109,b_only,elbows
ssh,0.6243654822335025,shared,beach
ssh,0.07744107744107744,b_only,gazed
ssh,1.0,a_only,jr
ssh,0.5686274509803921,shared,confined
ssh,0.45454545454545453,shared,facts
ssh,0.5533980582524272,shared,arrested
ssh,0.22137404580152673,neither,<unk>
ssh,1.0,a_only,dynasty
ssh,1.0,a_only,physiology
ssh,1.0,a_only,adaptation
ssh,0.40969162995594716,shared,station
ssh,1.0,a_only,angeles
ssh,0.08843537414965986,b_only,stole
ssh,0.6161616161616161,shared,relieve
ssh,0.30612244897959184,shared,gone
ssh,0.5763546798029556,shared,ate
ssh,0.32231404958677684,shared,late
ssh,0.6161616161616161,shared,dwell
ssh,0.6410256410256411,shared,scholars
ssh,0.7112299465240641,shared,marched
ssh,0.7679558011049724,shared,enthusiastic
ssh,0.5533980582524272,shared,wealth
ssh,0.5533980582524272,shared,tracks
ssh,0.6494845360824743,shared,vanish
ssh,0.7877094972067039,shared,signature
ssh,1.0,a_only,evolution
ssh,0.08843537414965986,b_only,distressed
ssh,0.7297297297297297,shared,resolve
ssh,1.0,a_only,morpork
ssh,0.09215017064846416,b_only,kite
ssh,0.7204301075268817,shared,border
ssh,1.0,a_only,khan
ssh,0.4222222222222222,shared,saturday
ssh,0.5686274509803921,shared,bailey
ssh,1.0,a_only,ajax
ssh,0.2648221343873518,shared,if
ssh,1.0,a_only,function
ssh,1.0,a_only,abram
ssh,0.11498257839721254,b_only,xvii
ssh,1.0,a_only,thetis
ssh,0.7391304347826086,shared,enable
ssh,0.32231404958677684,shared,public
ssh,0.3617021276595745,shared,keeping
ssh,0.7679558011049724,shared,vary
ssh,0.0847457627118644,b_only,hasten
ssh,0.08108108108108109,b_only,distribute
ssh,0.5686274509803921,shared,articles
ssh,1.0,a_only,concepts
ssh,1.0,a_only,sooty
ssh,1.0,a_only,buddhist
ssh,1.0,a_only,pop
ssh,1.0,a_only,milne
ssh,1.0,a_only,indigenous
ssh,1.0,a_only,ambrosia
ssh,0.10726643598615918,b_only,rushed
ssh,1.0,a_only,wheat
ssh,0.5165876777251185,shared,stern
ssh,0.30612244897959184,shared,hands
ssh,1.0,a_only,allosaurus
ssh,0.5238095238095238,shared,lasted
ssh,0.2698412698412698,shared,spent
ssh,0.3008130081300813,shared,take
ssh,0.28,shared,short
ssh,0.675392670157068,shared,inner
ssh,1.0,a_only,celtic
ssh,1.0,a_only,yearly
ssh,1.0,a_only,manufacturer
ssh,0.6580310880829016,shared,attractions
ssh,1.0,a_only,practically
ssh,0.45454545454545453,shared,branches
ssh,0.6842105263157895,shared,mathematics
ssh,0.08843537414965986,b_only,murmured
ssh,0.7297297297297297,shared,nowadays
ssh,0.10344827586206896,b_only,paddled
ssh,1.0,a_only,instituted
ssh,0.08108108108108109,b_only,nigger
ssh,0.23552123552123552,shared,will
ssh,0.08108108108108109,b_only,wonderful
ssh,0.44144144144144143,shared,soft
ssh,0.4611872146118721,shared,tells
ssh,0.7679558011049724,shared,personally
ssh,0.6,shared,orleans
ssh,1.0,a_only,democrats
ssh,1.0,a_only,indo
ssh,1.0,a_only,compromise
ssh,0.6161616161616161,shared,hank
ssh,1.0,a_only,sulfur
ssh,0.807909604519774,shared,rhine
ssh,1.0,a_only,website
ssh,1.0,a_only,phoenix
ssh,1.0,a_only,qquad
ssh,0.3008130081300813,shared,didn
ssh,0.6410256410256411,shared,button
ssh,0.7582417582417582,shared,merits
ssh,0.7021276595744681,shared,adrian
ssh,0.09215017064846416,b_only,rubbing
ssh,1.0,a_only,production
ssh,1.0,a_only,thereof
ssh,1.0,a_only,treatments
ssh,0.09965635738831616,b_only,yonder
ssh,0.0738255033557047,b_only,nigh
ssh,0.3389121338912134,shared,music
ssh,1.0,a_only,austria
ssh,0.47465437788018433,shared,begins
ssh,1.0,a_only,photographer
ssh,0.0958904109589041,b_only,cloak
ssh,0.285140562248996,shared,below
ssh,0.06666666666666667,b_only,heah
ssh,0.09965635738831616,b_only,underneath
ssh,0.2648221343873518,shared,everything
ssh,0.5094339622641509,shared,jones
ssh,1.0,a_only,glenn
ssh,0.07744107744107744,b_only,wink
ssh,0.4883720930232558,shared,pair
ssh,0.7877094972067039,shared,crushing
ssh,0.5023474178403756,shared,considering
ssh,0.7204301075268817,shared,traditions
ssh,0.6161616161616161,shared,mask
ssh,0.09215017064846416,b_only,sore
ssh,1.0,a_only,kennedy
ssh,1.0,a_only,formations
ssh,0.6494845360824743,shared,arrest
ssh,0.3278008298755187,shared,standing
ssh,0.5238095238095238,shared,energy
ssh,0.5094339622641509,shared,staggered
ssh,1.0,a_only,oceans
ssh,1.0,a_only,agate
ssh,1.0,a_only,awareness
ssh,0.7582417582417582,shared,planning
ssh,1.0,a_only,criticism
ssh,0.06312292358803986,b_only,wednesday
ssh,0.3445378151260504,shared,manners
ssh,0.3114754098360656,shared,extraordinary
ssh,0.6080402010050251,shared,alike
ssh,0.5609756097560976,shared,protection
ssh,1.0,a_only,spectacular
ssh,0.6,shared,positive
ssh,0.5609756097560976,shared,supply
ssh,0.7391304347826086,shared,sarah
ssh,0.6410256410256411,shared,arabian
ssh,1.0,a_only,enacted
ssh,1.0,a_only,car
ssh,1.0,a_only,immortality
ssh,1.0,a_only,innovations
ssh,0.3389121338912134,shared,rooms
ssh,1.0,a_only,historians
ssh,0.5165876777251185,shared,occasions
ssh,1.0,a_only,gide
ssh,0.2698412698412698,shared,story
ssh,0.32231404958677684,shared,case
ssh,0.5311004784688995,shared,co
ssh,1.0,a_only,vatican
ssh,0.5609756097560976,shared,battle
ssh,0.5311004784688995,shared,dignity
ssh,0.7391304347826086,shared,patriotic
ssh,1.0,a_only,essays
ssh,0.42857142857142855,shared,conscious
ssh,1.0,a_only,doubles
ssh,0.5841584158415841,shared,president
ssh,0.40350877192982454,shared,sank
ssh,0.5763546798029556,shared,undertaking
ssh,1.0,a_only,portable
ssh,0.2648221343873518,shared,at
ssh,1.0,a_only,casa
ssh,1.0,a_only,unsuccessful
ssh,1.0,a_only,karl
ssh,0.6931216931216931,shared,wool
ssh,1.0,a_only,ceres
ssh,0.797752808988764,shared,mississippi
ssh,0.415929203539823,shared,belief
ssh,0.5311004784688995,shared,lawyer
ssh,0.32231404958677684,shared,honour
ssh,1.0,a_only,specific
ssh,0.5023474178403756,shared,sixty
ssh,0.5841584158415841,shared,finds
ssh,1.0,a_only,ragnar
ssh,0.08843537414965986,b_only,delighted
ssh,0.415929203539823,shared,adventure
ssh,0.3278008298755187,shared,queen
ssh,0.7486338797814208,shared,profit
ssh,0.6931216931216931,shared,ranks
ssh,0.32231404958677684,shared,remembered
ssh,0.7112299465240641,shared,solve
ssh,0.10726643598615918,b_only,exeter
ssh,0.5920398009950248,shared,tobacco
ssh,0.5841584158415841,shared,reaction
ssh,0.42857142857142855,shared,frame
ssh,0.2903225806451613,shared,else
ssh,1.0,a_only,modulation
ssh,1.0,a_only,atom
ssh,0.6494845360824743,shared,alliance
ssh,0.08108108108108109,b_only,softened
ssh,1.0,a_only,clergy
ssh,0.5384615384615384,shared,repeat
ssh,0.5023474178403756,shared,cake
ssh,1.0,a_only,africa
ssh,1.0,a_only,lawsuit
ssh,1.0,a_only,dagny
ssh,0.7391304347826086,shared,travellers
ssh,0.6080402010050251,shared,bend
ssh,1.0,a_only,alexander
ssh,0.0847457627118644,b_only,dey
ssh,0.7582417582417582,shared,thence
ssh,0.7112299465240641,shared,central
ssh,0.11888111888111888,b_only,terrified
ssh,1.0,a_only,chloroplasts
ssh,0.46788990825688076,shared,mysterious
ssh,0.7679558011049724,shared,strongest
ssh,0.5841584158415841,shared,teach
ssh,0.807909604519774,shared,courts
ssh,0.3793103448275862,shared,lucas
ssh,0.4222222222222222,shared,companions
ssh,1.0,a_only,agave
ssh,0.48148148148148145,shared,tide
ssh,1.0,a_only,darius
ssh,0.5686274509803921,shared,plane
ssh,0.415929203539823,shared,finish
ssh,1.0,a_only,algorithms
ssh,0.10726643598615918,b_only,clad
ssh,1.0,a_only,consensus
ssh,1.0,a_only,debut
ssh,1.0,a_only,damaged
ssh,1.0,a_only,aires
ssh,0.7486338797814208,shared,excessive
ssh,1.0,a_only,domini
ssh,0.11888111888111888,b_only,clumb
ssh,0.7021276595744681,shared,inferior
ssh,0.6161616161616161,shared,hello
ssh,0.5533980582524272,shared,corpse
ssh,1.0,a_only,java
ssh,0.7777777777777778,shared,varieties
ssh,0.08843537414965986,b_only,agony
ssh,0.29554655870445345,shared,suppose
ssh,1.0,a_only,benedict
ssh,0.5094339622641509,shared,required
ssh,0.44144144144144143,shared,helped
ssh,0.28,shared,stone
ssh,0.5384615384615384,shared,seldom
ssh,0.6931216931216931,shared,pearls
ssh,1.0,a_only,mnd
ssh,0.6410256410256411,shared,assembly
ssh,0.7112299465240641,shared,danube
ssh,0.0958904109589041,b_only,weep
ssh,0.3114754098360656,shared,very
ssh,0.5094339622641509,shared,slave
ssh,0.07744107744107744,b_only,sich
ssh,1.0,a_only,dynasties
ssh,1.0,a_only,titled
ssh,1.0,a_only,retaining
ssh,0.7021276595744681,shared,minor
ssh,1.0,a_only,develops
ssh,0.5311004784688995,shared,narrative
ssh,0.5533980582524272,shared,clerk
ssh,1.0,a_only,acacia
ssh,0.3114754098360656,shared,curious
ssh,0.2749003984063745,shared,led
ssh,0.1111111111111111,b_only,silas
ssh,1.0,a_only,swiss
ssh,1.0,a_only,individualists
ssh,1.0,a_only,helps
ssh,0.10344827586206896,b_only,coachman
ssh,0.5023474178403756,shared,accompanied
ssh,0.807909604519774,shared,holland
ssh,0.1111111111111111,b_only,6
ssh,1.0,a_only,molecule
ssh,0.3559322033898305,shared,teeth
ssh,0.3793103448275862,shared,tom
ssh,0.285140562248996,shared,turn
ssh,0.7112299465240641,shared,integrity
ssh,0.5920398009950248,shared,limit
ssh,1.0,a_only,gravitational
ssh,1.0,a_only,neolithic
ssh,0.24031007751937986,shared,some
ssh,0.3617021276595745,shared,somewhat
ssh,0.48148148148148145,shared,prevented
ssh,1.0,a_only,gnostic
ssh,0.4222222222222222,shared,dangerous
ssh,0.6931216931216931,shared,significant
ssh,0.09965635738831616,b_only,betray
ssh,0.5094339622641509,shared,final
ssh,0.07744107744107744,b_only,pardon
ssh,1.0,a_only,thinkers
ssh,1.0,a_only,designation
ssh,0.7679558011049724,shared,morals
ssh,0.09965635738831616,b_only,tolerably
ssh,0.4953271028037383,shared,partner
ssh,0.6666666666666666,shared,gardens
ssh,1.0,a_only,computers
ssh,0.5763546798029556,shared,apartment
ssh,1.0,a_only,pago
ssh,0.6,shared,host
ssh,1.0,a_only,bj
ssh,1.0,a_only,initiated
ssh,0.09965635738831616,b_only,paddle
ssh,0.44144144144144143,shared,intended
ssh,1.0,a_only,reserves
ssh,0.24031007751937986,shared,pretty
ssh,1.0,a_only,corinth
ssh,0.05263157894736842,b_only,busy
ssh,0.4222222222222222,shared,dying
ssh,1.0,a_only,tennessee
ssh,0.415929203539823,shared,tongue
ssh,1.0,a_only,theological
ssh,0.0738255033557047,b_only,disappointment
ssh,1.0,a_only,settings
ssh,1.0,a_only,salts
ssh,1.0,a_only,sedgwick
ssh,0.7582417582417582,shared,advocate
ssh,0.13074204946996468,b_only,guessed
ssh,1.0,a_only,irrational
ssh,1.0,a_only,bayer
ssh,0.7297297297297297,shared,persian
ssh,1.0,a_only,tribute
ssh,1.0,a_only,baldwin
ssh,0.350210970464135,shared,doesn
ssh,0.5094339622641509,shared,disease
ssh,0.5841584158415841,shared,consisted
ssh,1.0,a_only,parallel
ssh,0.056105610561056105,b_only,faded
ssh,1.0,a_only,crystalline
ssh,0.5763546798029556,shared,oxford
ssh,1.0,a_only,saga
ssh,1.0,a_only,homer
ssh,1.0,a_only,anders
ssh,0.7486338797814208,shared,chat
ssh,1.0,a_only,revolt
ssh,0.3278008298755187,shared,brother
ssh,1.0,a_only,wildlife
ssh,1.0,a_only,occult
ssh,1.0,a_only,commerce
ssh,0.8497109826589595,shared,rainbow
ssh,0.5609756097560976,shared,article
ssh,0.5165876777251185,shared,stroke
ssh,1.0,a_only,compilation
ssh,0.807909604519774,shared,decoration
ssh,0.5238095238095238,shared,escaped
ssh,0.7391304347826086,shared,meetings
ssh,0.3333333333333333,shared,without
ssh,0.2648221343873518,shared,bad
ssh,0.6666666666666666,shared,badly
ssh,0.797752808988764,shared,transactions
ssh,1.0,a_only,aluminium
ssh,0.3168724279835391,shared,own
ssh,1.0,a_only,abraxas
ssh,0.7777777777777778,shared,rooted
ssh,1.0,a_only,ibn
ssh,0.2549019607843137,shared,laid
ssh,0.2749003984063745,shared,does
ssh,0.48148148148148145,shared,frequent
ssh,1.0,a_only,abatement
ssh,0.4222222222222222,shared,recovered
ssh,1.0,a_only,gregory
ssh,0.6080402010050251,shared,spanish
ssh,0.4883720930232558,shared,concerning
ssh,0.3389121338912134,shared,stranger
ssh,1.0,a_only,calgary
ssh,0.675392670157068,shared,timber
ssh,0.4479638009049774,shared,march
ssh,0.09215017064846416,b_only,frowning
ssh,0.07023411371237458,b_only,vines
ssh,0.28,shared,everybody
ssh,0.6842105263157895,shared,prolonged
ssh,1.0,a_only,presidential
ssh,0.6326530612244898,shared,appointment
ssh,1.0,a_only,liver
ssh,1.0,a_only,statistics
ssh,0.3278008298755187,shared,t
ssh,0.46788990825688076,shared,eleven
ssh,1.0,a_only,numerical
ssh,0.797752808988764,shared,sustain
ssh,1.0,a_only,suffix
ssh,0.46788990825688076,shared,thomas
ssh,0.08843537414965986,b_only,hoarse
ssh,1.0,a_only,albedo
ssh,0.09965635738831616,b_only,glanced
ssh,1.0,a_only,hymns
ssh,0.10344827586206896,b_only,endeavoured
ssh,0.0958904109589041,b_only,haunted
ssh,1.0,a_only,honorary
ssh,0.40969162995594716,shared,lifted
ssh,0.09965635738831616,b_only,folks
ssh,0.8285714285714286,shared,garment
ssh,0.6080402010050251,shared,star
ssh,1.0,a_only,coercion
ssh,0.05263157894736842,b_only,faint
ssh,0.7297297297297297,shared,puts
ssh,0.1267605633802817,b_only,coldly
ssh,1.0,a_only,monastery
ssh,0.807909604519774,shared,bounds
ssh,0.6842105263157895,shared,ruined
ssh,0.6931216931216931,shared,shakespeare
ssh,1.0,a_only,hephaestus
ssh,0.3389121338912134,shared,lamp
ssh,0.5311004784688995,shared,shocked
ssh,0.7486338797814208,shared,killing
ssh,0.6243654822335025,shared,per
ssh,1.0,a_only,dc
ssh,1.0,a_only,awarded
ssh,0.5763546798029556,shared,eventually
ssh,0.40969162995594716,shared,tied
ssh,0.0958904109589041,b_only,hideous
ssh,1.0,a_only,react
ssh,1.0,a_only,solo
ssh,0.7582417582417582,shared,eagle
ssh,1.0,a_only,eu
ssh,1.0,a_only,paintings
ssh,0.0847457627118644,b_only,lestrade
ssh,0.2698412698412698,shared,her
ssh,1.0,a_only,omega
ssh,0.6161616161616161,shared,wit
ssh,0.6243654822335025,shared,bid
ssh,1.0,a_only,chemicals
ssh,1.0,a_only,committee
ssh,0.5686274509803921,shared,wasted
ssh,0.48148148148148145,shared,soup
ssh,1.0,a_only,representation
ssh,0.42857142857142855,shared,toward
ssh,1.0,a_only,array
ssh,1.0,a_only,harbor
ssh,1.0,a_only,vehicles
ssh,0.4883720930232558,shared,image
ssh,1.0,a_only,hercule
ssh,1.0,a_only,correspond
ssh,0.6410256410256411,shared,coast
ssh,0.6931216931216931,shared,depths
ssh,0.10726643598615918,b_only,catched
ssh,0.7777777777777778,shared,weakened
ssh,1.0,a_only,thesis
ssh,0.2749003984063745,shared,even
ssh,0.6326530612244898,shared,crop
ssh,0.5094339622641509,shared,report
ssh,0.47465437788018433,shared,shortly
ssh,1.0,a_only,guy
ssh,1.0,a_only,continuous
ssh,0.7582417582417582,shared,york
ssh,0.44144144144144143,shared,k
ssh,0.11498257839721254,b_only,soundly
ssh,0.6,shared,chase
ssh,0.7297297297297297,shared,immortal
ssh,0.7582417582417582,shared,owed
ssh,1.0,a_only,nixon
ssh,0.7391304347826086,shared,permit
ssh,0.42857142857142855,shared,flew
ssh,0.46788990825688076,shared,enjoy
ssh,0.4953271028037383,shared,huge
ssh,1.0,a_only,seals
ssh,1.0,a_only,normally
ssh,0.7297297297297297,shared,solely
ssh,0.7391304347826086,shared,cabinet
ssh,1.0,a_only,schopenhauer
ssh,0.3445378151260504,shared,sisters
ssh,1.0,a_only,claiming
ssh,0.350210970464135,shared,troubled
ssh,0.7297297297297297,shared,games
ssh,0.6842105263157895,shared,wages
ssh,0.09965635738831616,b_only,derbyshire
ssh,0.5533980582524272,shared,moreover
ssh,1.0,a_only,sqrt
ssh,1.0,a_only,proclaimed
ssh,0.09965635738831616,b_only,offended
ssh,0.09215017064846416,b_only,grip
ssh,0.7112299465240641,shared,injuries
ssh,0.675392670157068,shared,players
ssh,1.0,a_only,dynamic
ssh,0.6410256410256411,shared,bees
ssh,0.3278008298755187,shared,passion
ssh,0.7021276595744681,shared,renewed
ssh,0.08843537414965986,b_only,warmly
ssh,1.0,a_only,diacritic
ssh,0.5920398009950248,shared,error
ssh,1.0,a_only,gregorian
ssh,0.11498257839721254,b_only,talked
ssh,0.7582417582417582,shared,sacrificed
ssh,0.48148148148148145,shared,ghosts
ssh,1.0,a_only,berber
ssh,1.0,a_only,broadcast
ssh,0.08108108108108109,b_only,stupid
ssh,0.08843537414965986,b_only,remembering
ssh,1.0,a_only,ambrose
ssh,0.0847457627118644,b_only,earnest
ssh,1.0,a_only,saharan
ssh,1.0,a_only,lesser
ssh,1.0,a_only,optical
ssh,0.4953271028037383,shared,peril
ssh,1.0,a_only,worldwide
ssh,1.0,a_only,tertiary
ssh,1.0,a_only,minority
ssh,0.675392670157068,shared,bleeding
ssh,0.45454545454545453,shared,freedom
ssh,1.0,a_only,emigrated
ssh,0.7204301075268817,shared,intercourse
ssh,0.6,shared,elements
ssh,0.5023474178403756,shared,lift
ssh,0.6080402010050251,shared,sole
ssh,0.5609756097560976,shared,intense
ssh,0.45454545454545453,shared,stars
ssh,0.6080402010050251,shared,patriot
ssh,0.0738255033557047,b_only,chin
ssh,0.350210970464135,shared,hour
ssh,0.6842105263157895,shared,assist
ssh,0.6410256410256411,shared,visits
ssh,0.0847457627118644,b_only,wid
ssh,0.0847457627118644,b_only,tenderness
ssh,0.09215017064846416,b_only,mustn
ssh,1.0,a_only,option
ssh,0.07744107744107744,b_only,trifling
ssh,0.675392670157068,shared,india
ssh,0.0847457627118644,b_only,ticking
ssh,1.0,a_only,punk
ssh,0.6410256410256411,shared,staying
ssh,1.0,a_only,alpacas
ssh,0.08108108108108109,b_only,parting
ssh,0.23076923076923078,shared,drew
ssh,0.7777777777777778,shared,peacefully
ssh,1.0,a_only,atlas
ssh,0.6080402010050251,shared,youngest
ssh,0.10344827586206896,b_only,austen
ssh,1.0,a_only,embassy
ssh,1.0,a_only,affecting
ssh,0.285140562248996,shared,thought
ssh,0.5920398009950248,shared,chocolate
ssh,0.6842105263157895,shared,ray
ssh,0.6326530612244898,shared,dusk
ssh,0.08108108108108109,b_only,lick
ssh,1.0,a_only,industrial
ssh,1.0,a_only,halley
ssh,1.0,a_only,abbeys
ssh,1.0,a_only,doctrines
ssh,0.807909604519774,shared,traded
ssh,0.3333333333333333,shared,leaves
ssh,0.675392670157068,shared,undertake
ssh,0.3114754098360656,shared,stopped
ssh,0.6842105263157895,shared,embraced
ssh,0.09965635738831616,b_only,governess
ssh,0.6842105263157895,shared,announced
ssh,1.0,a_only,communion
ssh,0.350210970464135,shared,promised
ssh,0.29554655870445345,shared,comes
ssh,1.0,a_only,aquarius
ssh,0.7204301075268817,shared,extracts
ssh,0.5841584158415841,shared,arguments
ssh,0.30612244897959184,shared,situation
ssh,1.0,a_only,babylon
ssh,0.08843537414965986,b_only,brush
ssh,0.0738255033557047,b_only,slid
ssh,1.0,a_only,americana
ssh,1.0,a_only,player
ssh,1.0,a_only,stalin
ssh,0.11498257839721254,b_only,recollect
ssh,0.4611872146118721,shared,pool
ssh,0.797752808988764,shared,attain
ssh,0.7021276595744681,shared,robinson
ssh,0.0958904109589041,b_only,ragged
ssh,0.7021276595744681,shared,root
ssh,1.0,a_only,squealer
ssh,0.675392670157068,shared,stout
ssh,1.0,a_only,aleister
ssh,1.0,a_only,gospels
ssh,0.391304347826087,shared,grown
ssh,0.5384615384615384,shared,bob
ssh,1.0,a_only,asphalt
ssh,0.7877094972067039,shared,relaxed
ssh,1.0,a_only,football
ssh,1.0,a_only,rijndael
ssh,0.46788990825688076,shared,lane
ssh,1.0,a_only,apocrypha
ssh,1.0,a_only,overall
ssh,0.45454545454545453,shared,sorrow
ssh,0.6326530612244898,shared,sets
ssh,1.0,a_only,communism
ssh,0.6,shared,guidance
ssh,0.5311004784688995,shared,supported
ssh,0.06666666666666667,b_only,cottage
ssh,1.0,a_only,focused
ssh,1.0,a_only,perspective
ssh,0.7877094972067039,shared,prevail
ssh,1.0,a_only,adoption
ssh,0.5686274509803921,shared,million
ssh,0.08843537414965986,b_only,sounded
ssh,1.0,a_only,bierce
ssh,0.10344827586206896,b_only,juliet
ssh,0.6931216931216931,shared,convenient
ssh,1.0,a_only,telescopes
ssh,0.3278008298755187,shared,fit
ssh,0.7486338797814208,shared,imperfect
ssh,0.29554655870445345,shared,not
ssh,0.4883720930232558,shared,club
ssh,1.0,a_only,ethnic
ssh,0.5609756097560976,shared,possibility
ssh,0.7391304347826086,shared,levi
ssh,0.7391304347826086,shared,offence
ssh,0.391304347826087,shared,remarkable
ssh,1.0,a_only,crossroads
ssh,1.0,a_only,hydroxyl
ssh,0.4611872146118721,shared,copy
ssh,1.0,a_only,publishing
ssh,0.2749003984063745,shared,done
ssh,0.3168724279835391,shared,throw
ssh,0.4479638009049774,shared,tragedy
ssh,0.2903225806451613,shared,there
ssh,0.6931216931216931,shared,divide
ssh,0.5920398009950248,shared,improved
ssh,0.5094339622641509,shared,skin
ssh,0.07744107744107744,b_only,conceive
ssh,0.29554655870445345,shared,caught
ssh,1.0,a_only,translation
ssh,0.285140562248996,shared,might
ssh,0.40350877192982454,shared,spare
ssh,0.8285714285714286,shared,warming
ssh,0.7582417582417582,shared,deaths
ssh,0.6,shared,remaining
ssh,0.08108108108108109,b_only,charming
ssh,0.4611872146118721,shared,rage
ssh,1.0,a_only,patented
ssh,0.6494845360824743,shared,gallery
ssh,0.059602649006622516,b_only,steamboat
ssh,1.0,a_only,canal
ssh,0.6,shared,plot
ssh,1.0,a_only,abwehr
ssh,0.6842105263157895,shared,crab
ssh,1.0,a_only,atheism
ssh,0.1111111111111111,b_only,foulon
ssh,0.10344827586206896,b_only,cheerfully
ssh,1.0,a_only,handling
ssh,0.28,shared,ever
ssh,1.0,a_only,dos
ssh,0.07023411371237458,b_only,traveller
ssh,1.0,a_only,risks
ssh,1.0,a_only,caribbean
ssh,1.0,a_only,documentary
ssh,0.5384615384615384,shared,ages
ssh,1.0,a_only,david
ssh,1.0,a_only,politically
ssh,0.3114754098360656,shared,dare
ssh,0.3559322033898305,shared,takes
ssh,1.0,a_only,supports
ssh,0.08108108108108109,b_only,tails
ssh,1.0,a_only,dual
ssh,1.0,a_only,codes
ssh,0.7391304347826086,shared,xv
ssh,0.25984251968503935,shared,appeared
ssh,1.0,a_only,botanical
ssh,0.7391304347826086,shared,struggling
ssh,0.5311004784688995,shared,blamed
ssh,0.7021276595744681,shared,outward
ssh,0.7112299465240641,shared,disposal
ssh,0.4479638009049774,shared,type
ssh,0.5841584158415841,shared,inclined
ssh,0.6080402010050251,shared,jackson
ssh,1.0,a_only,conservatives
ssh,0.10726643598615918,b_only,draught
ssh,0.4222222222222222,shared,saved
ssh,0.0958904109589041,b_only,kinder
ssh,0.7486338797814208,shared,unfinished
ssh,0.08843537414965986,b_only,stake
ssh,1.0,a_only,victories
ssh,1.0,a_only,centers
ssh,0.08843537414965986,b_only,sleeves
ssh,0.4953271028037383,shared,referred
ssh,1.0,a_only,mathematical
ssh,1.0,a_only,crowley
ssh,1.0,a_only,april
ssh,1.0,a_only,aachen
ssh,0.4883720930232558,shared,park
ssh,1.0,a_only,subcontinent
ssh,0.1111111111111111,b_only,12
ssh,0.3793103448275862,shared,lines
ssh,0.6080402010050251,shared,syllable
ssh,0.09965635738831616,b_only,worm
ssh,1.0,a_only,mainstream
ssh,0.3333333333333333,shared,feet
ssh,0.09215017064846416,b_only,romeo
ssh,0.36752136752136755,shared,luck
ssh,0.07023411371237458,b_only,unconsciously
ssh,0.5458937198067633,shared,addition
ssh,0.3333333333333333,shared,wood
ssh,1.0,a_only,crucial
ssh,0.08843537414965986,b_only,wretched
ssh,1.0,a_only,vs
ssh,0.6410256410256411,shared,lightly
ssh,1.0,a_only,invade
ssh,0.08108108108108109,b_only,depended
ssh,0.08843537414965986,b_only,gloomy
ssh,1.0,a_only,topics
ssh,0.3114754098360656,shared,believed
ssh,0.5920398009950248,shared,restore
ssh,1.0,a_only,des
ssh,0.09215017064846416,b_only,rip
ssh,0.0847457627118644,b_only,lunatic
ssh,0.42857142857142855,shared,rules
ssh,1.0,a_only,atlantic
ssh,1.0,a_only,tool
ssh,0.3168724279835391,shared,heavy
ssh,1.0,a_only,greece
ssh,0.7112299465240641,shared,fuller
ssh,1.0,a_only,astronaut
ssh,1.0,a_only,turing
ssh,0.47465437788018433,shared,introduce
ssh,1.0,a_only,observances
ssh,1.0,a_only,combine
ssh,0.5841584158415841,shared,artists
ssh,0.6931216931216931,shared,fed
ssh,0.7021276595744681,shared,shorter
ssh,0.0847457627118644,b_only,remorse
ssh,0.2749003984063745,shared,felt
ssh,1.0,a_only,friars
ssh,0.7486338797814208,shared,railway
ssh,1.0,a_only,pakistan
ssh,0.3278008298755187,shared,england
ssh,0.6326530612244898,shared,expressions
ssh,0.08108108108108109,b_only,frankly
ssh,0.7297297297297297,shared,grab
ssh,1.0,a_only,complexity
ssh,1.0,a_only,stilicho
ssh,0.7297297297297297,shared,necessarily
ssh,0.10344827586206896,b_only,boggs
ssh,0.5686274509803921,shared,compared
ssh,0.6080402010050251,shared,capacity
ssh,0.6410256410256411,shared,experiences
ssh,0.6580310880829016,shared,bloody
ssh,1.0,a_only,astronomical
ssh,0.7486338797814208,shared,responded
ssh,0.5165876777251185,shared,reference
ssh,1.0,a_only,ames
ssh,1.0,a_only,meaningless
ssh,1.0,a_only,coastline
ssh,1.0,a_only,calcium
ssh,0.7112299465240641,shared,xx
ssh,1.0,a_only,asparagales
ssh,0.5238095238095238,shared,aware
ssh,1.0,a_only,alchemy
ssh,0.285140562248996,shared,use
ssh,0.6326530612244898,shared,shapes
ssh,0.6161616161616161,shared,admired
ssh,0.7486338797814208,shared,transformed
ssh,0.6580310880829016,shared,mentioning
ssh,0.7391304347826086,shared,simplicity
ssh,1.0,a_only,computational
ssh,1.0,a_only,assault
ssh,0.07744107744107744,b_only,bells
ssh,0.1387900355871886,b_only,devils
ssh,0.6410256410256411,shared,providence
ssh,1.0,a_only,semitism
ssh,0.6842105263157895,shared,arrow
ssh,0.0958904109589041,b_only,wildly
ssh,0.6494845360824743,shared,nerve
ssh,1.0,a_only,termed
ssh,0.3445378151260504,shared,proud
ssh,1.0,a_only,pius
ssh,0.7204301075268817,shared,plea
ssh,1.0,a_only,attributes
ssh,0.059602649006622516,b_only,jug
ssh,0.3852813852813853,shared,during
ssh,1.0,a_only,reviews
ssh,0.28,shared,part
ssh,1.0,a_only,transformations
ssh,0.10726643598615918,b_only,alarming
ssh,0.3333333333333333,shared,doubt
ssh,1.0,a_only,baseball
ssh,1.0,a_only,quebec
ssh,0.32231404958677684,shared,sign
ssh,0.3333333333333333,shared,six
ssh,0.0958904109589041,b_only,dimly
ssh,0.6580310880829016,shared,savage
ssh,1.0,a_only,environment
ssh,0.350210970464135,shared,garden
ssh,1.0,a_only,abdomen
ssh,0.6494845360824743,shared,accent
ssh,0.6666666666666666,shared,allusion
ssh,0.7877094972067039,shared,greatness
ssh,0.6410256410256411,shared,entail
ssh,1.0,a_only,incidence
ssh,1.0,a_only,amber
ssh,1.0,a_only,macedonia
ssh,0.5841584158415841,shared,pulling
ssh,0.7877094972067039,shared,sphere
ssh,1.0,a_only,accessible
ssh,1.0,a_only,visigoths
ssh,0.6326530612244898,shared,divided
ssh,1.0,a_only,speer
ssh,1.0,a_only,environmental
ssh,1.0,a_only,sales
ssh,0.4349775784753363,shared,states
ssh,1.0,a_only,jersey
ssh,1.0,a_only,alloy
ssh,1.0,a_only,touring
ssh,1.0,a_only,colored
ssh,0.3333333333333333,shared,drawn
ssh,0.0738255033557047,b_only,hullo
ssh,0.7679558011049724,shared,olive
ssh,0.48148148148148145,shared,awoke
ssh,0.47465437788018433,shared,contents
ssh,0.47465437788018433,shared,level
ssh,0.3793103448275862,shared,mile
ssh,0.6161616161616161,shared,heroes
ssh,1.0,a_only,township
ssh,0.47465437788018433,shared,wherever
ssh,1.0,a_only,scripture
ssh,0.40969162995594716,shared,mouse
ssh,0.797752808988764,shared,ohio
ssh,0.0958904109589041,b_only,swiftly
ssh,0.5311004784688995,shared,perform
ssh,1.0,a_only,asia
ssh,1.0,a_only,torsion
ssh,0.6410256410256411,shared,sub
ssh,0.32231404958677684,shared,sounds
ssh,1.0,a_only,sampras
ssh,0.4611872146118721,shared,attitude
ssh,1.0,a_only,algebra
ssh,0.5841584158415841,shared,respects
ssh,0.37339055793991416,shared,camp
ssh,0.3333333333333333,shared,peter
ssh,0.0847457627118644,b_only,chop
ssh,1.0,a_only,debate
ssh,0.5094339622641509,shared,winding
ssh,0.6410256410256411,shared,commonly
ssh,0.4349775784753363,shared,dry
ssh,1.0,a_only,hong
ssh,0.807909604519774,shared,pat
ssh,1.0,a_only,lf
ssh,0.7486338797814208,shared,policy
ssh,1.0,a_only,writings
ssh,0.0958904109589041,b_only,brows
ssh,1.0,a_only,cf
ssh,0.7582417582417582,shared,normal
ssh,0.0958904109589041,b_only,henceforth
ssh,0.7204301075268817,shared,deemed
ssh,0.2749003984063745,shared,once
ssh,0.5609756097560976,shared,invited
ssh,1.0,a_only,mining
ssh,1.0,a_only,patterns
ssh,0.2549019607843137,shared,grave
ssh,1.0,a_only,helicopter
ssh,0.0847457627118644,b_only,temper
ssh,1.0,a_only,relationships
ssh,0.09965635738831616,b_only,auntie
ssh,1.0,a_only,histories
ssh,1.0,a_only,institutions
ssh,0.4611872146118721,shared,fellows
ssh,0.3333333333333333,shared,pass
ssh,1.0,a_only,spartan
ssh,0.5686274509803921,shared,conviction
ssh,0.10726643598615918,b_only,ebook
ssh,0.07744107744107744,b_only,pockets
ssh,0.6580310880829016,shared,chances
ssh,1.0,a_only,refugees
ssh,0.30612244897959184,shared,five
ssh,0.3852813852813853,shared,murder
ssh,0.7777777777777778,shared,amazing
ssh,1.0,a_only,biblical
ssh,0.5763546798029556,shared,solitude
ssh,0.4883720930232558,shared,east
ssh,0.6666666666666666,shared,derived
ssh,0.807909604519774,shared,rubber
ssh,0.10726643598615918,b_only,conjectured
ssh,0.23076923076923078,shared,on
ssh,0.5311004784688995,shared,source
ssh,1.0,a_only,implementations
ssh,0.3278008298755187,shared,joe
ssh,0.08108108108108109,b_only,gown
ssh,0.675392670157068,shared,sharing
ssh,0.0847457627118644,b_only,lamps
ssh,0.7112299465240641,shared,approval
ssh,0.7391304347826086,shared,williams
ssh,1.0,a_only,resemble
ssh,0.08108108108108109,b_only,strolled
ssh,1.0,a_only,ak
ssh,1.0,a_only,proclamation
ssh,0.7112299465240641,shared,calculated
ssh,1.0,a_only,indonesia
ssh,1.0,a_only,expeditions
ssh,1.0,a_only,camera
ssh,0.42857142857142855,shared,centre
ssh,1.0,a_only,trend
ssh,1.0,a_only,der
ssh,0.5533980582524272,shared,garlic
ssh,0.7391304347826086,shared,deceased
ssh,0.6,shared,creator
ssh,0.675392670157068,shared,discuss
ssh,0.285140562248996,shared,idea
ssh,0.5311004784688995,shared,series
ssh,1.0,a_only,nobel
ssh,1.0,a_only,analog
ssh,0.39737991266375544,shared,saint
ssh,1.0,a_only,carthage
ssh,0.5458937198067633,shared,thousands
ssh,1.0,a_only,carrel
ssh,0.06312292358803986,b_only,deduce
ssh,0.10726643598615918,b_only,bedroom
ssh,0.0958904109589041,b_only,huckleberry
ssh,0.5023474178403756,shared,hotel
ssh,0.46788990825688076,shared,distant
ssh,1.0,a_only,fails
ssh,1.0,a_only,serial
ssh,0.8497109826589595,shared,berkeley
ssh,1.0,a_only,alain
ssh,1.0,a_only,effectively
ssh,0.08108108108108109,b_only,attentively
ssh,1.0,a_only,resort
ssh,0.24031007751937986,shared,satisfied
ssh,0.2903225806451613,shared,father
ssh,0.7582417582417582,shared,revival
ssh,0.28,shared,judged
ssh,0.5763546798029556,shared,sailing
ssh,1.0,a_only,authoritarian
ssh,1.0,a_only,maguey
ssh,1.0,a_only,expansion
ssh,1.0,a_only,projects
ssh,0.09965635738831616,b_only,spaniard
ssh,1.0,a_only,limestone
ssh,0.5238095238095238,shared,american
ssh,0.7486338797814208,shared,culture
ssh,0.6410256410256411,shared,labor
ssh,1.0,a_only,humans
ssh,0.5841584158415841,shared,impulse
ssh,1.0,a_only,predominantly
ssh,0.6161616161616161,shared,sensitive
ssh,0.7204301075268817,shared,hospitality
ssh,0.6410256410256411,shared,neighbouring
ssh,1.0,a_only,calvinism
ssh,1.0,a_only,trans
ssh,0.3617021276595745,shared,explained
ssh,1.0,a_only,epiphanius
ssh,1.0,a_only,discography
ssh,0.0958904109589041,b_only,horner
ssh,0.32231404958677684,shared,creature
ssh,0.46788990825688076,shared,extended
ssh,1.0,a_only,functional
ssh,0.6080402010050251,shared,testament
ssh,0.5384615384615384,shared,attempts
ssh,0.4222222222222222,shared,careful
ssh,0.4953271028037383,shared,protected
ssh,1.0,a_only,legacy
ssh,1.0,a_only,withdrawal
ssh,0.7021276595744681,shared,occupy
ssh,1.0,a_only,musicians
ssh,0.5841584158415841,shared,encouraged
ssh,0.7391304347826086,shared,daniel
ssh,1.0,a_only,pregnancy
ssh,1.0,a_only,quarterback
ssh,0.6580310880829016,shared,boom
ssh,1.0,a_only,definition
ssh,1.0,a_only,launches
ssh,0.44144144144144143,shared,murdered
ssh,0.8181818181818182,shared,compact
ssh,0.5763546798029556,shared,lessons
ssh,1.0,a_only,illegitimate
ssh,0.7582417582417582,shared,opens
ssh,0.7679558011049724,shared,lewis
ssh,0.4222222222222222,shared,ball
ssh,0.6931216931216931,shared,intelligent
ssh,0.6666666666666666,shared,milk
ssh,1.0,a_only,architectural
ssh,1.0,a_only,translate
ssh,0.4953271028037383,shared,restless
ssh,1.0,a_only,estimates
ssh,1.0,a_only,sidney
ssh,0.4953271028037383,shared,content
ssh,1.0,a_only,maintained
ssh,0.6666666666666666,shared,negative
ssh,0.6580310880829016,shared,ix
ssh,0.7777777777777778,shared,carter
ssh,0.6,shared,conspicuous
ssh,0.4953271028037383,shared,passions
ssh,0.7297297297297297,shared,latest
ssh,1.0,a_only,thirds
ssh,0.6494845360824743,shared,pressure
ssh,0.7204301075268817,shared,european
ssh,0.7297297297297297,shared,ability
ssh,0.6161616161616161,shared,strict
ssh,1.0,a_only,frankish
ssh,0.6666666666666666,shared,resource
ssh,1.0,a_only,telecommunications
ssh,0.5609756097560976,shared,false
ssh,0.07023411371237458,b_only,nted
ssh,0.08843537414965986,b_only,hesitated
ssh,0.3114754098360656,shared,please
ssh,0.0958904109589041,b_only,dasn
ssh,1.0,a_only,cambodia
ssh,0.285140562248996,shared,stop
ssh,1.0,a_only,greeks
ssh,0.10726643598615918,b_only,whistle
ssh,1.0,a_only,staff
ssh,1.0,a_only,afro
ssh,1.0,a_only,themes
ssh,0.5023474178403756,shared,letting
ssh,0.7297297297297297,shared,circles
ssh,1.0,a_only,voters
ssh,0.2903225806451613,shared,more
ssh,0.5609756097560976,shared,burned
ssh,0.7582417582417582,shared,lawrence
ssh,0.09965635738831616,b_only,hateful
ssh,1.0,a_only,grouped
ssh,0.48148148148148145,shared,scenes
ssh,0.6080402010050251,shared,weeds
ssh,0.0738255033557047,b_only,vexed
ssh,1.0,a_only,hugo
ssh,0.3278008298755187,shared,whatever
ssh,1.0,a_only,ambiguous
ssh,1.0,a_only,zionism
ssh,0.07023411371237458,b_only,shook
ssh,0.3793103448275862,shared,arrival
ssh,0.47465437788018433,shared,extreme
ssh,0.5609756097560976,shared,imaginary
ssh,1.0,a_only,practitioners
ssh,1.0,a_only,mhz
ssh,1.0,a_only,interpret
ssh,1.0,a_only,indicator
ssh,0.391304347826087,shared,wore
ssh,0.7297297297297297,shared,lords
ssh,0.44144144144144143,shared,baby
ssh,0.3852813852813853,shared,guard
ssh,0.5023474178403756,shared,civil
ssh,1.0,a_only,physics
ssh,0.7204301075268817,shared,comparative
ssh,0.6410256410256411,shared,mirror
ssh,0.7582417582417582,shared,grove
ssh,1.0,a_only,novelist
ssh,1.0,a_only,launched
ssh,0.2698412698412698,shared,re
ssh,0.5165876777251185,shared,june
ssh,0.7679558011049724,shared,mistakes
ssh,0.09215017064846416,b_only,gilt
ssh,0.6161616161616161,shared,talks
ssh,1.0,a_only,nicolas
ssh,1.0,a_only,abraham
ssh,0.5763546798029556,shared,difficulties
ssh,1.0,a_only,hart
ssh,1.0,a_only,achill
ssh,0.5023474178403756,shared,price
ssh,0.7777777777777778,shared,perception
ssh,0.7112299465240641,shared,adjusted
ssh,0.7391304347826086,shared,ranged
ssh,0.7021276595744681,shared,ross
ssh,0.1111111111111111,b_only,suspicions
ssh,1.0,a_only,ipod
ssh,1.0,a_only,lithuania
ssh,0.5458937198067633,shared,wheels
ssh,0.09965635738831616,b_only,shovel
ssh,0.5094339622641509,shared,upper
ssh,1.0,a_only,aggressive
ssh,0.5686274509803921,shared,bonnet
ssh,0.0847457627118644,b_only,lily
ssh,0.6410256410256411,shared,behaved
ssh,0.7777777777777778,shared,manuscript
ssh,1.0,a_only,architects
ssh,0.2698412698412698,shared,let
ssh,1.0,a_only,columbia
ssh,0.3852813852813853,shared,innocent
ssh,1.0,a_only,antiprotons
ssh,1.0,a_only,gnosticism
ssh,1.0,a_only,aquarii
ssh,0.37339055793991416,shared,meeting
ssh,1.0,a_only,alaska
ssh,0.3852813852813853,shared,jumped
ssh,0.0847457627118644,b_only,goose
ssh,0.3168724279835391,shared,window
ssh,0.5384615384615384,shared,composed
ssh,0.7112299465240641,shared,identify
ssh,1.0,a_only,jefferson
ssh,0.5609756097560976,shared,today
ssh,0.3617021276595745,shared,dogs
ssh,1.0,a_only,electricity
ssh,1.0,a_only,oriental
ssh,1.0,a_only,costs
ssh,0.7112299465240641,shared,inch
ssh,1.0,a_only,inorganic
ssh,0.06312292358803986,b_only,git
ssh,0.6842105263157895,shared,xi
ssh,0.3389121338912134,shared,visit
ssh,1.0,a_only,sayings
ssh,0.08108108108108109,b_only,breakfast
ssh,1.0,a_only,allan
ssh,0.08843537414965986,b_only,forgetting
ssh,1.0,a_only,elliott
ssh,0.39737991266375544,shared,weather
ssh,0.7582417582417582,shared,dismissed
ssh,0.1111111111111111,b_only,cousins
ssh,0.4349775784753363,shared,counted
ssh,1.0,a_only,aix
ssh,1.0,a_only,internet
ssh,0.7391304347826086,shared,tip
ssh,1.0,a_only,resident
ssh,0.0847457627118644,b_only,couldn
ssh,0.48148148148148145,shared,cats
ssh,0.5686274509803921,shared,issue
ssh,1.0,a_only,consisting
ssh,0.5311004784688995,shared,forest
ssh,1.0,a_only,remedies
ssh,1.0,a_only,fascism
ssh,0.4349775784753363,shared,blessed
ssh,0.45454545454545453,shared,ignorant
ssh,0.29554655870445345,shared,think
ssh,1.0,a_only,algorithm
ssh,0.42857142857142855,shared,remains
ssh,1.0,a_only,modified
ssh,0.6666666666666666,shared,consulted
ssh,0.5311004784688995,shared,humanity
ssh,0.415929203539823,shared,advice
ssh,1.0,a_only,accordion
ssh,0.07744107744107744,b_only,shoe
ssh,0.09965635738831616,b_only,fancy
ssh,0.7021276595744681,shared,sour
ssh,0.11888111888111888,b_only,bestow
ssh,0.4479638009049774,shared,observe
ssh,0.3852813852813853,shared,serious
ssh,0.1111111111111111,b_only,steal
ssh,1.0,a_only,recipient
ssh,0.08843537414965986,b_only,englishman
ssh,1.0,a_only,experts
ssh,1.0,a_only,efficiency
ssh,1.0,a_only,opposing
ssh,0.40350877192982454,shared,monster
ssh,0.6842105263157895,shared,worshipped
ssh,0.2648221343873518,shared,absolutely
ssh,0.7204301075268817,shared,accord
ssh,0.6080402010050251,shared,alley
ssh,1.0,a_only,infantry
ssh,0.6494845360824743,shared,casting
ssh,0.7297297297297297,shared,hop
ssh,0.7486338797814208,shared,te
ssh,1.0,a_only,tract
ssh,0.47465437788018433,shared,loving
ssh,0.6,shared,explore
ssh,1.0,a_only,amounts
ssh,0.7297297297297297,shared,tries
ssh,0.29554655870445345,shared,slow
ssh,0.5763546798029556,shared,tis
ssh,1.0,a_only,chicago
ssh,0.45454545454545453,shared,naturally
ssh,0.5686274509803921,shared,portion
ssh,1.0,a_only,hermes
ssh,0.7112299465240641,shared,thorough
ssh,1.0,a_only,clinton
ssh,0.6,shared,crow
ssh,0.4222222222222222,shared,devoted
ssh,0.5763546798029556,shared,concerns
ssh,0.6666666666666666,shared,lee
ssh,0.3008130081300813,shared,purpose
ssh,0.4611872146118721,shared,increased
ssh,1.0,a_only,organism
ssh,1.0,a_only,via
ssh,1.0,a_only,federation
ssh,0.7391304347826086,shared,punished
ssh,0.5238095238095238,shared,c
ssh,0.7112299465240641,shared,slam
ssh,1.0,a_only,digestive
ssh,1.0,a_only,criticisms
ssh,1.0,a_only,establishing
ssh,0.3114754098360656,shared,walking
ssh,1.0,a_only,uke
ssh,1.0,a_only,franz
ssh,0.3278008298755187,shared,wine
ssh,1.0,a_only,marking
ssh,0.1267605633802817,b_only,hesitation
ssh,0.5094339622641509,shared,attached
ssh,0.4883720930232558,shared,advertisement
ssh,1.0,a_only,virtually
ssh,0.07023411371237458,b_only,sill
ssh,1.0,a_only,depicting
ssh,0.11888111888111888,b_only,loveliness
ssh,0.5920398009950248,shared,sunlight
ssh,0.10726643598615918,b_only,advise
ssh,0.7777777777777778,shared,balanced
ssh,0.8390804597701149,shared,questionable
ssh,1.0,a_only,supporter
ssh,0.5841584158415841,shared,handle
ssh,0.3114754098360656,shared,perhaps
ssh,0.3445378151260504,shared,fresh
ssh,0.3445378151260504,shared,slight
ssh,0.09965635738831616,b_only,inconvenience
ssh,1.0,a_only,theistic
ssh,0.5841584158415841,shared,balls
ssh,0.0847457627118644,b_only,bastille
ssh,1.0,a_only,velocity
ssh,1.0,a_only,derivative
ssh,1.0,a_only,iceland
ssh,1.0,a_only,novelists
ssh,0.6666666666666666,shared,discussed
ssh,0.3278008298755187,shared,wrote
ssh,0.5311004784688995,shared,copper
ssh,0.6842105263157895,shared,foundations
ssh,0.415929203539823,shared,special
ssh,0.0738255033557047,b_only,sober
ssh,1.0,a_only,cipher
ssh,0.09965635738831616,b_only,graceful
ssh,0.3559322033898305,shared,reckoned
ssh,0.3114754098360656,shared,kept
ssh,0.08108108108108109,b_only,misery
ssh,1.0,a_only,moscow
ssh,0.7112299465240641,shared,logic
ssh,1.0,a_only,governing
ssh,0.07744107744107744,b_only,communicated
ssh,1.0,a_only,akkad
ssh,0.6580310880829016,shared,voyages
ssh,0.5841584158415841,shared,communicate
ssh,1.0,a_only,assassination
ssh,1.0,a_only,astronomer
ssh,0.1111111111111111,b_only,oars
ssh,1.0,a_only,enlarged
ssh,1.0,a_only,victorious
ssh,0.10344827586206896,b_only,tucked
ssh,0.7486338797814208,shared,dwelt
ssh,1.0,a_only,alumni
ssh,1.0,a_only,premier
ssh,0.5841584158415841,shared,tiny
ssh,0.0738255033557047,b_only,blazing
ssh,0.48148148148148145,shared,pan
ssh,1.0,a_only,manhattan
ssh,0.40350877192982454,shared,shoulders
ssh,0.30612244897959184,shared,answered
ssh,0.10344827586206896,b_only,dormouse
ssh,0.6161616161616161,shared,fashioned
ssh,0.285140562248996,shared,ought
ssh,1.0,a_only,headquarters
ssh,0.2749003984063745,shared,up
ssh,1.0,a_only,bellows
ssh,0.11888111888111888,b_only,wander
ssh,0.6243654822335025,shared,insisted
ssh,0.2749003984063745,shared,account
ssh,0.5311004784688995,shared,solitary
ssh,0.415929203539823,shared,coat
ssh,0.391304347826087,shared,fight
ssh,0.07744107744107744,b_only,awhile
ssh,0.5165876777251185,shared,hundreds
ssh,0.08108108108108109,b_only,carton
ssh,0.2549019607843137,shared,she
ssh,1.0,a_only,theaters
ssh,0.7204301075268817,shared,plant
ssh,0.6842105263157895,shared,column
ssh,0.2698412698412698,shared,long
ssh,0.48148148148148145,shared,fields
ssh,0.5094339622641509,shared,yo
ssh,0.5458937198067633,shared,bridge
ssh,0.0738255033557047,b_only,deceived
ssh,1.0,a_only,verb
ssh,0.6666666666666666,shared,behalf
ssh,0.10344827586206896,b_only,deserved
ssh,0.37339055793991416,shared,key
ssh,1.0,a_only,synthetic
ssh,1.0,a_only,cultural
ssh,1.0,a_only,coasts
ssh,1.0,a_only,target
ssh,0.6,shared,flag
ssh,0.5533980582524272,shared,nurse
ssh,1.0,a_only,specimens
ssh,0.6326530612244898,shared,medical
ssh,0.4611872146118721,shared,summoned
ssh,1.0,a_only,subset
ssh,0.6666666666666666,shared,soil
ssh,1.0,a_only,houston
ssh,0.6326530612244898,shared,induced
ssh,0.6,shared,confirmed
ssh,0.10344827586206896,b_only,compassion
ssh,0.32231404958677684,shared,arrived
ssh,0.3008130081300813,shared,bent
ssh,1.0,a_only,ambient
ssh,0.08108108108108109,b_only,cooked
ssh,0.6931216931216931,shared,unwilling
ssh,0.285140562248996,shared,still
ssh,0.5686274509803921,shared,related
ssh,0.4883720930232558,shared,wet
ssh,0.12280701754385964,b_only,embroidered
ssh,0.3333333333333333,shared,across
ssh,0.08108108108108109,b_only,turk
ssh,0.0847457627118644,b_only,pier
ssh,0.46788990825688076,shared,superior
ssh,1.0,a_only,integers
ssh,0.07744107744107744,b_only,cheer
ssh,0.6931216931216931,shared,waist
ssh,1.0,a_only,worker
ssh,0.08108108108108109,b_only,compliments
ssh,0.3617021276595745,shared,evidence
ssh,1.0,a_only,graphics
ssh,1.0,a_only,afghan
ssh,0.7486338797814208,shared,disturbing
ssh,0.7582417582417582,shared,officials
ssh,1.0,a_only,adobe
ssh,0.6161616161616161,shared,rider
ssh,0.7297297297297297,shared,episode
ssh,0.29554655870445345,shared,passing
ssh,0.7021276595744681,shared,sufficiently
ssh,0.350210970464135,shared,fingers
ssh,0.44144144144144143,shared,gate
ssh,1.0,a_only,martial
ssh,0.4349775784753363,shared,sprang
ssh,0.7582417582417582,shared,appreciate
ssh,1.0,a_only,seabed
ssh,0.6666666666666666,shared,retire
ssh,0.6243654822335025,shared,incidents
ssh,1.0,a_only,berlin
ssh,0.3793103448275862,shared,harm
ssh,0.4222222222222222,shared,claim
ssh,1.0,a_only,gospel
ssh,0.285140562248996,shared,later
ssh,0.48148148148148145,shared,wholly
ssh,0.797752808988764,shared,seasons
ssh,0.5920398009950248,shared,assembled
ssh,0.807909604519774,shared,simpler
ssh,1.0,a_only,http
ssh,0.7777777777777778,shared,hurricane
ssh,1.0,a_only,acta
ssh,0.10726643598615918,b_only,utmost
ssh,0.28,shared,sound
ssh,0.6243654822335025,shared,horseback
ssh,1.0,a_only,crashes
ssh,0.0958904109589041,b_only,wot
ssh,1.0,a_only,ideals
ssh,1.0,a_only,brands
ssh,0.08843537414965986,b_only,humpty
ssh,0.5763546798029556,shared,traces
ssh,0.7391304347826086,shared,boundary
ssh,1.0,a_only,ashmore
ssh,1.0,a_only,ethane
ssh,0.5533980582524272,shared,y
ssh,1.0,a_only,titles
ssh,0.4611872146118721,shared,minds
ssh,0.7021276595744681,shared,offers
ssh,1.0,a_only,prometheus
ssh,1.0,a_only,civilian
ssh,0.47465437788018433,shared,concept
ssh,0.675392670157068,shared,sale
ssh,1.0,a_only,kinetic
ssh,1.0,a_only,awards
ssh,1.0,a_only,ne
ssh,0.09215017064846416,b_only,exertion
ssh,0.08843537414965986,b_only,needn
ssh,0.09215017064846416,b_only,endeavouring
ssh,1.0,a_only,excluding
ssh,0.5384615384615384,shared,enemies
ssh,0.11498257839721254,b_only,daresay
ssh,1.0,a_only,telescope
ssh,0.7777777777777778,shared,barrels
ssh,0.7777777777777778,shared,abner
ssh,0.7112299465240641,shared,priest
ssh,0.5094339622641509,shared,travelling
ssh,0.6,shared,ribbon
ssh,0.3445378151260504,shared,family
ssh,1.0,a_only,allegiance
ssh,0.7204301075268817,shared,significance
ssh,0.3852813852813853,shared,condition
ssh,1.0,a_only,iranian
ssh,0.6666666666666666,shared,exhibited
ssh,0.29554655870445345,shared,tone
ssh,1.0,a_only,acoustics
ssh,0.4953271028037383,shared,guarded
ssh,0.3168724279835391,shared,possible
ssh,0.11498257839721254,b_only,lads
ssh,1.0,a_only,scholarly
ssh,0.6410256410256411,shared,measured
ssh,1.0,a_only,volcanic
ssh,0.06666666666666667,b_only,dern
ssh,1.0,a_only,arians
ssh,1.0,a_only,uss
ssh,0.5763546798029556,shared,rapid
ssh,0.7204301075268817,shared,junior
ssh,0.6243654822335025,shared,alfred
ssh,0.350210970464135,shared,changed
ssh,0.4883720930232558,shared,echoes
ssh,0.29554655870445345,shared,lit
ssh,0.5094339622641509,shared,solomon
ssh,0.6,shared,sixteen
ssh,0.7204301075268817,shared,filed
ssh,0.5609756097560976,shared,changing
ssh,0.5686274509803921,shared,sugar
ssh,0.6080402010050251,shared,owing
ssh,1.0,a_only,taoism
ssh,0.7582417582417582,shared,constructed
ssh,0.6494845360824743,shared,millions
ssh,0.3852813852813853,shared,reach
ssh,0.10344827586206896,b_only,cigars
ssh,0.36752136752136755,shared,calm
ssh,0.09215017064846416,b_only,lingering
ssh,1.0,a_only,origins
ssh,0.6243654822335025,shared,covering
ssh,1.0,a_only,erosion
ssh,0.7777777777777778,shared,fried
ssh,0.3852813852813853,shared,movement
ssh,1.0,a_only,el
ssh,0.7486338797814208,shared,brick
ssh,0.7877094972067039,shared,hebrew
ssh,1.0,a_only,dsm
ssh,1.0,a_only,polish
ssh,0.09215017064846416,b_only,pross
ssh,1.0,a_only,hungary
ssh,1.0,a_only,denominations
ssh,0.3793103448275862,shared,edge
ssh,0.11888111888111888,b_only,skiff
ssh,1.0,a_only,turks
ssh,0.0738255033557047,b_only,telegram
ssh,0.0847457627118644,b_only,pap
ssh,0.5920398009950248,shared,everyone
ssh,1.0,a_only,bus
ssh,1.0,a_only,florence
ssh,1.0,a_only,films
ssh,0.4349775784753363,shared,violent
ssh,0.2648221343873518,shared,talking
ssh,1.0,a_only,wimbledon
ssh,0.807909604519774,shared,forcing
ssh,1.0,a_only,gene
ssh,1.0,a_only,quad
ssh,0.797752808988764,shared,attractive
ssh,0.6666666666666666,shared,specially
ssh,0.1111111111111111,b_only,knives
ssh,0.2749003984063745,shared,walked
ssh,1.0,a_only,proteins
ssh,1.0,a_only,shopping
ssh,0.6666666666666666,shared,gravity
ssh,0.6494845360824743,shared,reveal
ssh,0.8390804597701149,shared,perpendicular
ssh,0.42857142857142855,shared,style
ssh,0.25,shared,myself
ssh,1.0,a_only,polynomial
ssh,1.0,a_only,beaches
ssh,0.5384615384615384,shared,endeavour
ssh,1.0,a_only,arithmetic
ssh,1.0,a_only,federer
ssh,0.4953271028037383,shared,inquiry
ssh,1.0,a_only,donate
ssh,0.6326530612244898,shared,individual
ssh,0.6842105263157895,shared,spectators
ssh,1.0,a_only,conventions
ssh,0.07744107744107744,b_only,damp
ssh,0.3389121338912134,shared,works
ssh,0.08108108108108109,b_only,goodness
ssh,1.0,a_only,temperature
ssh,0.5165876777251185,shared,sell
ssh,1.0,a_only,credited
ssh,0.0958904109589041,b_only,cavern
ssh,0.5023474178403756,shared,frank
ssh,1.0,a_only,funded
ssh,0.08843537414965986,b_only,evils
ssh,0.6666666666666666,shared,paragraph
ssh,0.08108108108108109,b_only,shove
ssh,1.0,a_only,paperback
ssh,1.0,a_only,bishop
ssh,0.893491124260355,shared,ruby
ssh,1.0,a_only,organic
ssh,1.0,a_only,organisms
ssh,0.2749003984063745,shared,watching
ssh,1.0,a_only,magnus
ssh,1.0,a_only,demands
ssh,0.6410256410256411,shared,pupils
ssh,0.10344827586206896,b_only,frankenstein
ssh,0.7204301075268817,shared,complained
ssh,1.0,a_only,alligator
ssh,0.6410256410256411,shared,destined
ssh,0.675392670157068,shared,prizes
ssh,1.0,a_only,atheistic
ssh,1.0,a_only,larry
ssh,1.0,a_only,zahn
ssh,1.0,a_only,department
ssh,1.0,a_only,solutions
ssh,0.5311004784688995,shared,possess
ssh,1.0,a_only,hellenistic
ssh,0.42857142857142855,shared,meal
ssh,0.44144144144144143,shared,willing
ssh,0.48148148148148145,shared,cool
ssh,1.0,a_only,keyboard
ssh,0.6410256410256411,shared,patriots
ssh,1.0,a_only,myths
ssh,0.3008130081300813,shared,dark
ssh,1.0,a_only,albania
ssh,0.6580310880829016,shared,performance
ssh,0.6842105263157895,shared,december
ssh,1.0,a_only,amhr
ssh,1.0,a_only,pelagianism
ssh,0.2698412698412698,shared,anything
ssh,0.4349775784753363,shared,using
ssh,0.32231404958677684,shared,threw
ssh,1.0,a_only,album
ssh,0.6080402010050251,shared,uncommon
ssh,1.0,a_only,genetic
ssh,0.6494845360824743,shared,prosperous
ssh,0.19402985074626866,shared,as
ssh,1.0,a_only,senior
ssh,0.0958904109589041,b_only,abhorred
ssh,0.28,shared,about
ssh,0.32231404958677684,shared,beginning
ssh,0.6080402010050251,shared,stamped
ssh,0.675392670157068,shared,captivity
ssh,0.45454545454545453,shared,driver
ssh,1.0,a_only,homepage
ssh,0.3852813852813853,shared,interesting
ssh,0.11498257839721254,b_only,frightful
ssh,0.0958904109589041,b_only,bully
ssh,0.807909604519774,shared,testimony
ssh,1.0,a_only,annexation
ssh,0.5609756097560976,shared,succession
ssh,0.09965635738831616,b_only,circus
ssh,0.08843537414965986,b_only,fireplace
ssh,1.0,a_only,measuring
ssh,0.8181818181818182,shared,virtuous
ssh,0.3852813852813853,shared,simple
ssh,0.7112299465240641,shared,relates
ssh,0.0847457627118644,b_only,bosom
ssh,1.0,a_only,expanding
ssh,0.391304347826087,shared,size
ssh,1.0,a_only,debates
ssh,0.7486338797814208,shared,res
ssh,0.07744107744107744,b_only,kirwin
ssh,0.09215017064846416,b_only,tweedledee
ssh,0.807909604519774,shared,surroundings
ssh,1.0,a_only,beliefs
ssh,0.4611872146118721,shared,liberty
ssh,1.0,a_only,combinations
ssh,0.06312292358803986,b_only,sibyl
ssh,1.0,a_only,fictional
ssh,0.8497109826589595,shared,creek
ssh,0.7391304347826086,shared,dock
ssh,1.0,a_only,membership
ssh,1.0,a_only,systematically
ssh,1.0,a_only,secession
ssh,0.6243654822335025,shared,rational
ssh,1.0,a_only,facilitate
ssh,0.5763546798029556,shared,leather
ssh,0.6842105263157895,shared,repeatedly
ssh,1.0,a_only,optimal
ssh,0.5920398009950248,shared,education
ssh,1.0,a_only,includes
ssh,0.5763546798029556,shared,electronic
ssh,0.3168724279835391,shared,ain
ssh,1.0,a_only,autobiography
ssh,0.7297297297297297,shared,pump
ssh,0.285140562248996,shared,mad
ssh,0.48148148148148145,shared,description
ssh,0.7297297297297297,shared,adapted
ssh,1.0,a_only,springfield
ssh,1.0,a_only,eichmann
ssh,1.0,a_only,stadium
ssh,0.285140562248996,shared,loved
ssh,1.0,a_only,systems
ssh,0.08108108108108109,b_only,fountain
ssh,0.3008130081300813,shared,husband
ssh,0.675392670157068,shared,sprung
ssh,0.10726643598615918,b_only,doom
ssh,0.4953271028037383,shared,pounds
ssh,1.0,a_only,georgia
ssh,0.7204301075268817,shared,barely
ssh,0.4883720930232558,shared,highest
ssh,0.09215017064846416,b_only,politeness
ssh,0.10344827586206896,b_only,forbid
ssh,0.7877094972067039,shared,eighth
ssh,0.4479638009049774,shared,needed
ssh,0.44144144144144143,shared,gets
ssh,0.5458937198067633,shared,likewise
ssh,0.5841584158415841,shared,rolling
ssh,0.5533980582524272,shared,variety
ssh,0.3008130081300813,shared,why
ssh,1.0,a_only,diet
ssh,0.09215017064846416,b_only,indebted
ssh,0.09965635738831616,b_only,climbed
ssh,0.36752136752136755,shared,drive
ssh,0.11888111888111888,b_only,stealing
ssh,0.3445378151260504,shared,enter
ssh,0.46788990825688076,shared,add
ssh,0.675392670157068,shared,determination
ssh,0.5686274509803921,shared,eighteen
ssh,0.350210970464135,shared,noticed
ssh,0.285140562248996,shared,way
ssh,0.3389121338912134,shared,grow
ssh,0.4611872146118721,shared,unknown
ssh,0.4222222222222222,shared,barred
ssh,1.0,a_only,francisco
ssh,1.0,a_only,penalty
ssh,0.48148148148148145,shared,hunger
ssh,1.0,a_only,passive
ssh,1.0,a_only,aaron
ssh,1.0,a_only,feminist
ssh,1.0,a_only,constitutional
ssh,0.6842105263157895,shared,roger
ssh,0.30612244897959184,shared,lives
ssh,1.0,a_only,del
ssh,1.0,a_only,civic
ssh,0.23552123552123552,shared,fellow
ssh,0.7582417582417582,shared,appeals
ssh,1.0,a_only,stevens
ssh,1.0,a_only,yeast
ssh,0.37339055793991416,shared,ear
ssh,1.0,a_only,rebuilt
ssh,1.0,a_only,austrians
ssh,1.0,a_only,criticised
ssh,0.4883720930232558,shared,yard
ssh,0.6080402010050251,shared,incapable
ssh,1.0,a_only,petroleum
ssh,1.0,a_only,donald
ssh,0.7204301075268817,shared,militia
ssh,1.0,a_only,claudius
ssh,1.0,a_only,northwestern
ssh,1.0,a_only,abbots
ssh,0.6666666666666666,shared,entitled
ssh,1.0,a_only,secular
ssh,1.0,a_only,additionally
ssh,0.2698412698412698,shared,fire
ssh,0.2749003984063745,shared,cause
ssh,1.0,a_only,universe
ssh,1.0,a_only,inability
ssh,1.0,a_only,macintosh
ssh,0.47465437788018433,shared,attend
ssh,0.6931216931216931,shared,greedy
ssh,0.7297297297297297,shared,helmet
ssh,0.36752136752136755,shared,probably
ssh,0.797752808988764,shared,pacific
ssh,0.40969162995594716,shared,whenever
ssh,1.0,a_only,monastic
ssh,0.09965635738831616,b_only,climbing
ssh,0.2903225806451613,shared,feel
ssh,0.29554655870445345,shared,finished
ssh,0.5609756097560976,shared,quest
ssh,0.5763546798029556,shared,occasional
ssh,0.29554655870445345,shared,chapter
ssh,0.6931216931216931,shared,rugged
ssh,0.6842105263157895,shared,threat
ssh,0.47465437788018433,shared,loaded
ssh,0.0847457627118644,b_only,hatherley
ssh,1.0,a_only,diameter
ssh,1.0,a_only,eclipsed
ssh,1.0,a_only,awk
ssh,1.0,a_only,tactic
ssh,0.5533980582524272,shared,earliest
ssh,0.42857142857142855,shared,grounds
ssh,0.5686274509803921,shared,national
ssh,0.7777777777777778,shared,villages
ssh,0.0847457627118644,b_only,waking
ssh,1.0,a_only,survival
ssh,1.0,a_only,abjad
ssh,0.5165876777251185,shared,elderly
ssh,0.24031007751937986,shared,surprised
ssh,0.6161616161616161,shared,miller
ssh,1.0,a_only,pamphlet
ssh,1.0,a_only,gabon
ssh,0.5165876777251185,shared,examining
ssh,1.0,a_only,collections
ssh,0.40969162995594716,shared,decided
ssh,0.7297297297297297,shared,xii
ssh,1.0,a_only,budget
ssh,0.7204301075268817,shared,provisions
ssh,1.0,a_only,administered
ssh,1.0,a_only,ali
ssh,0.6161616161616161,shared,mental
ssh,0.09965635738831616,b_only,roylott
ssh,0.3617021276595745,shared,opening
ssh,0.6666666666666666,shared,graves
ssh,0.44144144144144143,shared,details
ssh,1.0,a_only,declares
ssh,0.5920398009950248,shared,resist
ssh,0.285140562248996,shared,merely
ssh,0.4953271028037383,shared,operation
ssh,1.0,a_only,symbols
ssh,0.40350877192982454,shared,theatre
ssh,0.5311004784688995,shared,principal
ssh,1.0,a_only,corresponding
ssh,1.0,a_only,publishers
ssh,1.0,a_only,converted
ssh,1.0,a_only,compete
ssh,0.3445378151260504,shared,glass
ssh,1.0,a_only,producer
ssh,0.0958904109589041,b_only,spectacles
ssh,1.0,a_only,equipment
ssh,0.8497109826589595,shared,confusing
ssh,0.09215017064846416,b_only,woke
ssh,0.5023474178403756,shared,beds
ssh,0.40350877192982454,shared,examined
ssh,0.807909604519774,shared,ensuing
ssh,0.3333333333333333,shared,clear
ssh,1.0,a_only,axiom
ssh,1.0,a_only,operator
ssh,0.09215017064846416,b_only,calmly
ssh,0.5533980582524272,shared,america
ssh,0.797752808988764,shared,advised
ssh,0.09965635738831616,b_only,ornery
ssh,0.0738255033557047,b_only,tuck
ssh,1.0,a_only,theorem
ssh,0.6931216931216931,shared,lowest
ssh,1.0,a_only,trapped
ssh,0.5763546798029556,shared,unexpected
ssh,0.7777777777777778,shared,vessels
ssh,0.40969162995594716,shared,leaving
ssh,1.0,a_only,physicist
ssh,0.3389121338912134,shared,terms
ssh,0.7297297297297297,shared,unlikely
ssh,0.797752808988764,shared,raw
ssh,1.0,a_only,antigua
ssh,1.0,a_only,cleopatra
ssh,1.0,a_only,decrease
ssh,0.08108108108108109,b_only,dreamed
ssh,1.0,a_only,motto
ssh,0.13074204946996468,b_only,gravely
ssh,0.07744107744107744,b_only,brooding
ssh,1.0,a_only,alcohol
ssh,0.06666666666666667,b_only,resolute
ssh,1.0,a_only,catholicism
ssh,0.46788990825688076,shared,acquainted
ssh,1.0,a_only,buffalo
ssh,0.07023411371237458,b_only,jolly
ssh,0.08108108108108109,b_only,frighten
ssh,1.0,a_only,goddesses
ssh,0.10726643598615918,b_only,sullen
ssh,1.0,a_only,polar
ssh,0.25,shared,because
ssh,0.6,shared,speedily
ssh,1.0,a_only,nearby
ssh,0.6326530612244898,shared,producing
ssh,0.1111111111111111,b_only,bending
ssh,1.0,a_only,jazz
ssh,1.0,a_only,princess
ssh,0.3168724279835391,shared,harry
ssh,1.0,a_only,component
ssh,0.3008130081300813,shared,courage
ssh,0.5533980582524272,shared,professional
ssh,1.0,a_only,prominent
ssh,1.0,a_only,factbook
ssh,0.7021276595744681,shared,questioned
ssh,1.0,a_only,ampere
ssh,0.10344827586206896,b_only,whispering
ssh,0.7112299465240641,shared,cord
ssh,1.0,a_only,jan
ssh,0.0958904109589041,b_only,chaw
ssh,0.6494845360824743,shared,launch
ssh,1.0,a_only,procedure
ssh,0.6842105263157895,shared,register
ssh,0.0738255033557047,b_only,armchair
ssh,0.7204301075268817,shared,estates
ssh,1.0,a_only,texts
ssh,0.36752136752136755,shared,mark
ssh,1.0,a_only,cooperation
ssh,1.0,a_only,louise
ssh,0.11498257839721254,b_only,rid
ssh,1.0,a_only,surrender
ssh,0.8181818181818182,shared,additions
ssh,0.07744107744107744,b_only,curiously
ssh,0.0958904109589041,b_only,perish
ssh,1.0,a_only,conceptual
ssh,0.6243654822335025,shared,tax
ssh,0.44144144144144143,shared,banks
ssh,1.0,a_only,indicating
ssh,0.3617021276595745,shared,brain
ssh,1.0,a_only,refectory
ssh,0.8181818181818182,shared,accepting
ssh,1.0,a_only,tours
ssh,1.0,a_only,exclave
ssh,1.0,a_only,clan
ssh,0.08843537414965986,b_only,hey
ssh,0.7582417582417582,shared,precise
ssh,0.6,shared,vote
ssh,1.0,a_only,babylonian
ssh,0.07023411371237458,b_only,plank
ssh,0.7204301075268817,shared,exhibition
ssh,0.2648221343873518,shared,best
ssh,1.0,a_only,ra
ssh,0.1111111111111111,b_only,tranquil
ssh,1.0,a_only,hybrid
ssh,0.4479638009049774,shared,faith
ssh,1.0,a_only,origen
ssh,0.11888111888111888,b_only,gloom
ssh,0.4222222222222222,shared,france
ssh,0.39737991266375544,shared,growing
ssh,1.0,a_only,antarctic
ssh,0.6326530612244898,shared,oldest
ssh,0.1111111111111111,b_only,runaway
ssh,0.797752808988764,shared,nt
ssh,0.5311004784688995,shared,official
ssh,0.6931216931216931,shared,ash
ssh,1.0,a_only,corresponds
ssh,0.6,shared,runs
ssh,0.6410256410256411,shared,stature
ssh,1.0,a_only,proudhon
ssh,1.0,a_only,hosts
ssh,0.7679558011049724,shared,grows
ssh,0.46788990825688076,shared,emerged
ssh,0.5533980582524272,shared,rod
ssh,1.0,a_only,monk
ssh,1.0,a_only,camps
ssh,0.7112299465240641,shared,hubbard
ssh,0.3278008298755187,shared,youth
ssh,0.7777777777777778,shared,privately
ssh,1.0,a_only,innovation
ssh,0.30612244897959184,shared,man
ssh,1.0,a_only,dakota
ssh,1.0,a_only,sodium
ssh,0.391304347826087,shared,considered
ssh,0.5920398009950248,shared,overcome
ssh,1.0,a_only,ownership
ssh,0.07744107744107744,b_only,1
ssh,0.2749003984063745,shared,horses
ssh,1.0,a_only,assuming
ssh,0.0958904109589041,b_only,looky
ssh,0.8181818181818182,shared,ascent
ssh,0.40969162995594716,shared,ring
ssh,0.0738255033557047,b_only,thoughtfully
ssh,1.0,a_only,credits
ssh,1.0,a_only,digits
ssh,0.6842105263157895,shared,granted
ssh,1.0,a_only,keyboards
ssh,0.09215017064846416,b_only,glare
ssh,0.7679558011049724,shared,aiming
ssh,0.1111111111111111,b_only,ardour
ssh,1.0,a_only,generated
ssh,0.48148148148148145,shared,leaning
ssh,0.4953271028037383,shared,midst
ssh,0.45454545454545453,shared,sin
ssh,0.06666666666666667,b_only,secrecy
ssh,0.3008130081300813,shared,until
ssh,0.6,shared,suited
ssh,0.07744107744107744,b_only,swinging
ssh,0.08108108108108109,b_only,wept
ssh,1.0,a_only,bering
ssh,0.3114754098360656,shared,other
ssh,0.6666666666666666,shared,division
ssh,1.0,a_only,alcuin
ssh,0.0958904109589041,b_only,oppressed
ssh,1.0,a_only,rejects
ssh,0.5533980582524272,shared,hitherto
ssh,1.0,a_only,documented
ssh,0.285140562248996,shared,remained
ssh,1.0,a_only,saul
ssh,1.0,a_only,byzantine
ssh,0.5533980582524272,shared,fairy
ssh,0.28,shared,looked
ssh,0.29554655870445345,shared,most
ssh,0.7204301075268817,shared,comment
ssh,0.285140562248996,shared,talk
ssh,0.5920398009950248,shared,handful
ssh,0.24031007751937986,shared,till
ssh,0.2549019607843137,shared,laugh
ssh,1.0,a_only,adolf
ssh,0.675392670157068,shared,depth
ssh,0.10726643598615918,b_only,grabbed
ssh,1.0,a_only,promoting
ssh,1.0,a_only,communist
ssh,0.2749003984063745,shared,ah
ssh,0.7877094972067039,shared,frozen
ssh,0.44144144144144143,shared,choice
ssh,0.4611872146118721,shared,intention
ssh,1.0,a_only,plato
ssh,0.5841584158415841,shared,backs
ssh,0.08843537414965986,b_only,pie
ssh,0.3333333333333333,shared,since
ssh,0.6494845360824743,shared,francis
ssh,0.2648221343873518,shared,were
ssh,1.0,a_only,network
ssh,1.0,a_only,legally
ssh,1.0,a_only,predynastic
ssh,0.3333333333333333,shared,darkness
ssh,1.0,a_only,geometric
ssh,1.0,a_only,screenwriter
ssh,0.6494845360824743,shared,abode
ssh,1.0,a_only,humorous
ssh,0.6410256410256411,shared,section
ssh,0.5533980582524272,shared,eyed
ssh,0.7204301075268817,shared,deserts
ssh,0.807909604519774,shared,accuracy
ssh,0.0958904109589041,b_only,mist
ssh,0.5686274509803921,shared,keeps
ssh,0.7021276595744681,shared,cage
ssh,0.5609756097560976,shared,gain
ssh,0.5384615384615384,shared,creating
ssh,1.0,a_only,layers
ssh,0.6243654822335025,shared,preserve
ssh,0.08108108108108109,b_only,candle
ssh,1.0,a_only,augustus
ssh,0.0958904109589041,b_only,pains
ssh,0.5238095238095238,shared,pile
ssh,0.32231404958677684,shared,round
ssh,0.40969162995594716,shared,rough
ssh,0.5686274509803921,shared,sentiments
ssh,0.3114754098360656,shared,no
ssh,1.0,a_only,meters
ssh,0.6842105263157895,shared,experiment
ssh,0.11498257839721254,b_only,lap
ssh,0.675392670157068,shared,approved
ssh,0.08843537414965986,b_only,sherburn
ssh,0.797752808988764,shared,panel
ssh,0.8181818181818182,shared,flowing
ssh,0.6931216931216931,shared,invisible
ssh,0.06666666666666667,b_only,tidings
ssh,1.0,a_only,vedic
ssh,1.0,a_only,refers
ssh,1.0,a_only,suggesting
ssh,1.0,a_only,factory
ssh,1.0,a_only,hastings
ssh,0.3559322033898305,shared,seek
ssh,0.2903225806451613,shared,came
ssh,1.0,a_only,vocals
ssh,0.06666666666666667,b_only,affections
ssh,1.0,a_only,activities
ssh,0.6842105263157895,shared,expressing
ssh,1.0,a_only,rivalry
ssh,0.6410256410256411,shared,complied
ssh,1.0,a_only,gasoline
ssh,1.0,a_only,controversies
ssh,0.5763546798029556,shared,boats
ssh,0.5841584158415841,shared,daytime
ssh,0.6580310880829016,shared,refuge
ssh,1.0,a_only,chart
ssh,0.6410256410256411,shared,preferred
ssh,0.6494845360824743,shared,tragic
ssh,1.0,a_only,byron
ssh,0.6326530612244898,shared,gap
ssh,0.807909604519774,shared,virgin
ssh,1.0,a_only,seljuk
ssh,1.0,a_only,schuschnigg
ssh,0.2903225806451613,shared,pray
ssh,1.0,a_only,easter
ssh,1.0,a_only,altruists
ssh,0.7112299465240641,shared,fewer
ssh,0.29554655870445345,shared,neither
ssh,0.0958904109589041,b_only,astonished
ssh,0.6161616161616161,shared,substance
ssh,0.6243654822335025,shared,roll
ssh,0.08843537414965986,b_only,hovel
ssh,0.6326530612244898,shared,helping
ssh,0.7391304347826086,shared,costume
ssh,0.44144144144144143,shared,temple
ssh,1.0,a_only,sweden
ssh,1.0,a_only,ibrahim
ssh,1.0,a_only,rio
ssh,0.10344827586206896,b_only,blanket
ssh,1.0,a_only,processes
ssh,0.5920398009950248,shared,element
ssh,1.0,a_only,classified
ssh,0.40350877192982454,shared,higher
ssh,1.0,a_only,election
ssh,0.44144144144144143,shared,information
ssh,0.0847457627118644,b_only,mouths
ssh,0.6326530612244898,shared,threatened
ssh,1.0,a_only,schweitzer
ssh,0.7679558011049724,shared,newspaper
ssh,1.0,a_only,bronze
ssh,1.0,a_only,campaigns
ssh,0.6580310880829016,shared,ships
ssh,0.5094339622641509,shared,credit
ssh,0.3168724279835391,shared,yes
ssh,0.6243654822335025,shared,situated
ssh,0.797752808988764,shared,rendering
ssh,0.09965635738831616,b_only,tut
ssh,0.6494845360824743,shared,prayers
ssh,0.08108108108108109,b_only,congratulate
ssh,0.5238095238095238,shared,demanded
ssh,0.3168724279835391,shared,things
ssh,0.46788990825688076,shared,tools
ssh,0.3389121338912134,shared,strong
ssh,0.4953271028037383,shared,science
ssh,0.5763546798029556,shared,eldest
ssh,1.0,a_only,traveled
ssh,0.4349775784753363,shared,e
ssh,1.0,a_only,rivals
ssh,1.0,a_only,comedian
ssh,0.797752808988764,shared,precision
ssh,0.7679558011049724,shared,abilities
ssh,0.7112299465240641,shared,pork
ssh,0.07744107744107744,b_only,earnestly
ssh,1.0,a_only,mystical
ssh,0.285140562248996,shared,moment
ssh,0.4479638009049774,shared,courtyard
ssh,1.0,a_only,disc
ssh,0.8285714285714286,shared,prophetic
ssh,0.7582417582417582,shared,dealt
ssh,0.7112299465240641,shared,characteristics
ssh,0.6,shared,losing
ssh,0.6842105263157895,shared,dispute
ssh,0.48148148148148145,shared,singing
ssh,1.0,a_only,howe
ssh,1.0,a_only,classics
ssh,0.6161616161616161,shared,plantation
ssh,1.0,a_only,contract
ssh,0.0958904109589041,b_only,noticing
ssh,0.08108108108108109,b_only,linen
ssh,1.0,a_only,senator
ssh,0.30612244897959184,shared,colonel
ssh,1.0,a_only,explorer
ssh,1.0,a_only,warfare
ssh,0.7297297297297297,shared,confirmation
ssh,0.7877094972067039,shared,emotional
ssh,0.7391304347826086,shared,exciting
ssh,0.42857142857142855,shared,alarm
ssh,1.0,a_only,commercially
ssh,0.08843537414965986,b_only,hadn
ssh,0.7391304347826086,shared,version
ssh,0.5165876777251185,shared,concern
ssh,0.40350877192982454,shared,habit
ssh,0.8181818181818182,shared,speeches
ssh,1.0,a_only,ernst
ssh,1.0,a_only,terra
ssh,0.13074204946996468,b_only,evr
ssh,1.0,a_only,dimensions
ssh,1.0,a_only,federal
ssh,0.08843537414965986,b_only,gratified
ssh,0.06312292358803986,b_only,brushed
ssh,0.5763546798029556,shared,satisfactory
ssh,0.6,shared,purposes
ssh,0.6842105263157895,shared,justified
ssh,0.245136186770428,shared,with
ssh,0.4883720930232558,shared,request
ssh,0.5238095238095238,shared,families
ssh,1.0,a_only,oklahoma
ssh,1.0,a_only,abu
ssh,0.5763546798029556,shared,pursue
ssh,0.40350877192982454,shared,ease
ssh,0.6842105263157895,shared,opinions
ssh,0.09215017064846416,b_only,muffled
ssh,0.2648221343873518,shared,fair
ssh,0.3389121338912134,shared,diary
ssh,1.0,a_only,wyatt
ssh,0.5841584158415841,shared,directions
ssh,0.46788990825688076,shared,romantic
ssh,0.0738255033557047,b_only,astonishment
ssh,0.5841584158415841,shared,sailor
ssh,0.30612244897959184,shared,all
ssh,1.0,a_only,loosely
ssh,0.8285714285714286,shared,inheritance
ssh,0.3008130081300813,shared,something
ssh,1.0,a_only,quantities
ssh,1.0,a_only,earthquakes
ssh,0.6,shared,rob
ssh,0.3333333333333333,shared,houses
ssh,0.7582417582417582,shared,fitting
ssh,1.0,a_only,pagan
ssh,1.0,a_only,anthem
ssh,0.3445378151260504,shared,fallen
ssh,0.0847457627118644,b_only,galatz
ssh,1.0,a_only,abandonment
ssh,0.6842105263157895,shared,owl
ssh,0.4479638009049774,shared,choose
ssh,0.3617021276595745,shared,importance
ssh,0.45454545454545453,shared,tight
ssh,0.5165876777251185,shared,smart
ssh,0.0738255033557047,b_only,fond
ssh,0.46788990825688076,shared,thumb
ssh,0.3278008298755187,shared,captain
ssh,1.0,a_only,naming
ssh,0.7679558011049724,shared,rear
ssh,0.056105610561056105,b_only,exultation
ssh,1.0,a_only,toxic
ssh,0.09215017064846416,b_only,madam
ssh,1.0,a_only,buddhism
ssh,0.09215017064846416,b_only,yesterday
ssh,1.0,a_only,orthodox
ssh,0.5920398009950248,shared,platform
ssh,1.0,a_only,walter
ssh,0.07023411371237458,b_only,30
ssh,1.0,a_only,ahenobarbus
ssh,1.0,a_only,czech
ssh,0.3008130081300813,shared,wind
ssh,0.29554655870445345,shared,except
ssh,0.7679558011049724,shared,reluctant
ssh,0.7877094972067039,shared,casual
ssh,1.0,a_only,electronics
ssh,1.0,a_only,supposedly
ssh,0.8390804597701149,shared,pupil
ssh,0.5165876777251185,shared,elder
ssh,0.675392670157068,shared,negro
ssh,0.5533980582524272,shared,burden
ssh,0.6494845360824743,shared,mid
ssh,1.0,a_only,continuum
ssh,0.7582417582417582,shared,morality
ssh,1.0,a_only,alchemists
ssh,0.6494845360824743,shared,operations
ssh,1.0,a_only,influential
ssh,1.0,a_only,robot
ssh,0.47465437788018433,shared,persuaded
ssh,0.08843537414965986,b_only,audible
ssh,0.5841584158415841,shared,brings
ssh,0.40350877192982454,shared,quarter
ssh,0.0847457627118644,b_only,dis
ssh,0.7679558011049724,shared,representing
ssh,0.7204301075268817,shared,discretion
ssh,0.6842105263157895,shared,generosity
ssh,1.0,a_only,neo
ssh,0.7391304347826086,shared,debt
ssh,1.0,a_only,individuals
ssh,0.07744107744107744,b_only,yer
ssh,0.3445378151260504,shared,heaven
ssh,0.8181818181818182,shared,diminished
ssh,0.48148148148148145,shared,treat
ssh,0.7112299465240641,shared,complex
ssh,0.3278008298755187,shared,knowledge
ssh,0.7486338797814208,shared,warnings
ssh,0.8497109826589595,shared,binding
ssh,0.5165876777251185,shared,cap
ssh,0.7391304347826086,shared,drag
ssh,1.0,a_only,radians
ssh,0.46788990825688076,shared,permission
ssh,0.6666666666666666,shared,prey
ssh,0.4883720930232558,shared,stuck
ssh,1.0,a_only,unstable
ssh,0.8181818181818182,shared,traffic
ssh,1.0,a_only,ethics
ssh,1.0,a_only,businesses
ssh,0.48148148148148145,shared,vanity
ssh,0.3008130081300813,shared,tried
ssh,0.3559322033898305,shared,hoped
ssh,0.6243654822335025,shared,obey
ssh,1.0,a_only,cabinda
ssh,0.5311004784688995,shared,war
ssh,0.6666666666666666,shared,beasts
ssh,0.08108108108108109,b_only,hurry
ssh,1.0,a_only,typical
ssh,0.5384615384615384,shared,romance
ssh,0.8285714285714286,shared,rocket
ssh,0.3008130081300813,shared,saw
ssh,0.8181818181818182,shared,deposited
ssh,0.3793103448275862,shared,noise
ssh,0.5763546798029556,shared,income
ssh,1.0,a_only,rom
ssh,0.797752808988764,shared,acres
ssh,1.0,a_only,promote
ssh,0.5023474178403756,shared,confusion
ssh,0.4883720930232558,shared,heavens
ssh,0.2749003984063745,shared,work
ssh,0.6931216931216931,shared,chalk
ssh,1.0,a_only,aluminum
ssh,0.7582417582417582,shared,lieutenant
ssh,0.07023411371237458,b_only,chaise
ssh,0.36752136752136755,shared,various
ssh,0.7297297297297297,shared,coincidence
ssh,0.6410256410256411,shared,prevailed
ssh,0.350210970464135,shared,excellent
ssh,0.25984251968503935,shared,he
ssh,1.0,a_only,railroad
ssh,0.11498257839721254,b_only,praying
ssh,0.0738255033557047,b_only,1894
ssh,0.6666666666666666,shared,unnatural
ssh,0.0958904109589041,b_only,amused
ssh,0.391304347826087,shared,majesty
ssh,0.10344827586206896,b_only,plainly
ssh,0.7777777777777778,shared,westward
ssh,0.415929203539823,shared,steady
ssh,0.5841584158415841,shared,vi
ssh,0.2903225806451613,shared,start
ssh,0.7021276595744681,shared,aisles
ssh,0.7391304347826086,shared,fearing
ssh,0.23076923076923078,shared,wished
ssh,1.0,a_only,essentially
ssh,1.0,a_only,neighboring
ssh,1.0,a_only,structures
ssh,0.40969162995594716,shared,spy
ssh,1.0,a_only,announces
ssh,1.0,a_only,sensory
ssh,0.37339055793991416,shared,gently
ssh,0.08108108108108109,b_only,sane
ssh,1.0,a_only,admiral
ssh,1.0,a_only,maintains
ssh,0.09965635738831616,b_only,uz
ssh,0.0738255033557047,b_only,paw
ssh,0.285140562248996,shared,putting
ssh,1.0,a_only,saudi
ssh,0.7679558011049724,shared,professions
ssh,1.0,a_only,coup
ssh,0.807909604519774,shared,governed
ssh,1.0,a_only,priests
ssh,0.7877094972067039,shared,longest
ssh,1.0,a_only,hudson
ssh,0.23076923076923078,shared,now
ssh,0.7679558011049724,shared,duck
ssh,1.0,a_only,chris
ssh,0.7877094972067039,shared,colleague
ssh,1.0,a_only,marketing
ssh,1.0,a_only,tat
ssh,1.0,a_only,covenant
ssh,0.7777777777777778,shared,alps
ssh,0.46788990825688076,shared,readily
ssh,1.0,a_only,helen
ssh,1.0,a_only,drama
ssh,1.0,a_only,missionary
ssh,0.4222222222222222,shared,building
ssh,0.5686274509803921,shared,fourteen
ssh,1.0,a_only,types
ssh,1.0,a_only,arian
ssh,0.25984251968503935,shared,hand
ssh,1.0,a_only,chi
ssh,1.0,a_only,births
ssh,0.40350877192982454,shared,join
ssh,1.0,a_only,disambiguation
ssh,0.7021276595744681,shared,ensure
ssh,1.0,a_only,florida
ssh,0.6580310880829016,shared,benevolent
ssh,1.0,a_only,african
ssh,0.45454545454545453,shared,ashes
ssh,1.0,a_only,organization
ssh,0.7877094972067039,shared,seed
ssh,1.0,a_only,programming
ssh,0.6080402010050251,shared,colours
ssh,0.7391304347826086,shared,generations
ssh,0.7112299465240641,shared,thirteen
ssh,0.4883720930232558,shared,becomes
ssh,0.7877094972067039,shared,erected
ssh,0.797752808988764,shared,mall
ssh,0.06312292358803986,b_only,shoved
ssh,0.675392670157068,shared,defined
ssh,1.0,a_only,experimental
ssh,0.47465437788018433,shared,vague
ssh,0.4883720930232558,shared,driving
ssh,0.5841584158415841,shared,bachelor
ssh,1.0,a_only,genus
ssh,1.0,a_only,aes
ssh,0.7582417582417582,shared,elevation
ssh,0.3445378151260504,shared,terror
ssh,0.7877094972067039,shared,hi
ssh,0.3852813852813853,shared,top
ssh,0.3617021276595745,shared,house
ssh,0.5609756097560976,shared,enjoyment
ssh,0.2749003984063745,shared,for
ssh,0.40969162995594716,shared,highly
ssh,0.30612244897959184,shared,next
ssh,0.7486338797814208,shared,eighty
ssh,0.5094339622641509,shared,amid
ssh,0.6842105263157895,shared,advancing
ssh,1.0,a_only,famously
ssh,0.4349775784753363,shared,perceived
ssh,1.0,a_only,aol
ssh,0.5458937198067633,shared,ceremony
ssh,0.7297297297297297,shared,abuse
ssh,0.4479638009049774,shared,straw
ssh,0.08843537414965986,b_only,collar
ssh,0.40350877192982454,shared,notion
ssh,0.7777777777777778,shared,equipped
ssh,0.48148148148148145,shared,whoever
ssh,0.6161616161616161,shared,independence
ssh,0.3114754098360656,shared,to
ssh,0.7297297297297297,shared,tune
ssh,0.807909604519774,shared,retirement
ssh,0.21212121212121213,shared,walk
ssh,0.5458937198067633,shared,thou
ssh,0.6494845360824743,shared,services
ssh,1.0,a_only,societies
ssh,0.7297297297297297,shared,discoveries
ssh,0.0738255033557047,b_only,honoured
ssh,1.0,a_only,fantasy
ssh,0.47465437788018433,shared,arrive
ssh,1.0,a_only,ab
ssh,1.0,a_only,manufacturers
ssh,0.5094339622641509,shared,method
ssh,1.0,a_only,followers
ssh,0.10726643598615918,b_only,ours
ssh,0.807909604519774,shared,hardy
ssh,0.5094339622641509,shared,artist
ssh,0.11888111888111888,b_only,windibank
ssh,0.45454545454545453,shared,editions
ssh,0.6410256410256411,shared,physician
ssh,0.5094339622641509,shared,rush
ssh,0.47465437788018433,shared,visited
ssh,1.0,a_only,prices
ssh,0.4479638009049774,shared,antoine
ssh,1.0,a_only,mt
ssh,1.0,a_only,territorial
ssh,0.3114754098360656,shared,notice
ssh,1.0,a_only,otto
ssh,1.0,a_only,decimal
ssh,0.3168724279835391,shared,letter
ssh,0.285140562248996,shared,sister
ssh,1.0,a_only,hosted
ssh,0.46788990825688076,shared,efforts
ssh,0.6243654822335025,shared,seventy
ssh,1.0,a_only,districts
ssh,1.0,a_only,antarctica
ssh,1.0,a_only,speculation
ssh,1.0,a_only,involves
ssh,0.807909604519774,shared,simplest
ssh,1.0,a_only,facial
ssh,0.7297297297297297,shared,xxvi
ssh,0.7777777777777778,shared,upwards
ssh,0.3793103448275862,shared,explain
ssh,1.0,a_only,trophy
ssh,1.0,a_only,metaphysical
ssh,0.07744107744107744,b_only,cly
ssh,0.5165876777251185,shared,taught
ssh,1.0,a_only,disastrous
ssh,0.6326530612244898,shared,sink
ssh,0.5609756097560976,shared,previously
ssh,0.29554655870445345,shared,yet
ssh,0.40350877192982454,shared,suggested
ssh,1.0,a_only,revised
ssh,1.0,a_only,technique
ssh,0.06666666666666667,b_only,shan
ssh,0.06666666666666667,b_only,tread
ssh,0.6410256410256411,shared,farmer
ssh,0.06666666666666667,b_only,swung
ssh,0.6080402010050251,shared,refusal
ssh,0.3114754098360656,shared,least
ssh,1.0,a_only,fluke
ssh,0.8285714285714286,shared,glacier
ssh,0.0738255033557047,b_only,dirt
ssh,0.4349775784753363,shared,caused
ssh,0.44144144144144143,shared,sufficient
ssh,0.48148148148148145,shared,picked
ssh,1.0,a_only,colleges
ssh,0.5384615384615384,shared,gnat
ssh,0.4883720930232558,shared,parts
ssh,0.7486338797814208,shared,rarely
ssh,1.0,a_only,warhol
ssh,1.0,a_only,anna
ssh,0.6,shared,float
ssh,0.08843537414965986,b_only,weeping
ssh,1.0,a_only,holocaust
ssh,0.6842105263157895,shared,schemes
ssh,1.0,a_only,reviewed
ssh,0.4611872146118721,shared,honey
ssh,0.45454545454545453,shared,agree
ssh,0.3114754098360656,shared,memory
ssh,0.5023474178403756,shared,violence
ssh,0.2749003984063745,shared,whole
ssh,0.6666666666666666,shared,stomach
ssh,0.7297297297297297,shared,assertion
ssh,0.10344827586206896,b_only,watchman
ssh,0.6494845360824743,shared,hopping
ssh,0.5841584158415841,shared,entire
ssh,0.09965635738831616,b_only,crimson
ssh,0.5094339622641509,shared,bones
ssh,1.0,a_only,successor
ssh,1.0,a_only,stance
ssh,0.3389121338912134,shared,pointed
ssh,0.24031007751937986,shared,too
ssh,0.5238095238095238,shared,heading
ssh,0.07023411371237458,b_only,marrying
ssh,0.5238095238095238,shared,destruction
ssh,0.4883720930232558,shared,renamed
ssh,0.7112299465240641,shared,germany
ssh,1.0,a_only,zeus
ssh,0.09215017064846416,b_only,neglected
ssh,0.6243654822335025,shared,spinning
ssh,0.7679558011049724,shared,weaken
ssh,0.3389121338912134,shared,home
ssh,0.5094339622641509,shared,support
ssh,1.0,a_only,identification
ssh,0.3278008298755187,shared,human
ssh,0.5686274509803921,shared,christian
ssh,0.350210970464135,shared,broad
ssh,0.4953271028037383,shared,visible
ssh,0.5458937198067633,shared,illinois
ssh,1.0,a_only,churchill
ssh,0.8285714285714286,shared,invested
ssh,0.6080402010050251,shared,discovering
ssh,0.7777777777777778,shared,tunnel
ssh,0.6326530612244898,shared,australia
ssh,1.0,a_only,package
ssh,0.391304347826087,shared,complete
ssh,0.7112299465240641,shared,mission
ssh,0.5458937198067633,shared,meantime
ssh,0.44144144144144143,shared,capable
ssh,0.07744107744107744,b_only,czarina
ssh,1.0,a_only,metres
ssh,0.4479638009049774,shared,blind
ssh,1.0,a_only,operates
ssh,0.46788990825688076,shared,adventures
ssh,0.6580310880829016,shared,encouraging
ssh,1.0,a_only,austrian
ssh,0.09215017064846416,b_only,thankful
ssh,0.7486338797814208,shared,beads
ssh,0.285140562248996,shared,under
ssh,0.5094339622641509,shared,warning
ssh,1.0,a_only,rd
ssh,1.0,a_only,temples
ssh,0.07023411371237458,b_only,limbs
ssh,1.0,a_only,cities
ssh,0.3114754098360656,shared,angry
ssh,0.8181818181818182,shared,treason
ssh,0.1111111111111111,b_only,snoring
ssh,0.3852813852813853,shared,asking
ssh,1.0,a_only,collective
ssh,1.0,a_only,caucasus
ssh,1.0,a_only,magazines
ssh,0.5686274509803921,shared,distinctly
ssh,1.0,a_only,ambients
ssh,1.0,a_only,aircraft
ssh,0.6410256410256411,shared,prevalent
ssh,0.2698412698412698,shared,by
ssh,1.0,a_only,aphex
ssh,0.5609756097560976,shared,steel
ssh,0.5384615384615384,shared,inclination
ssh,1.0,a_only,pioneer
ssh,0.22137404580152673,shared,tell
ssh,0.2903225806451613,shared,child
ssh,0.5384615384615384,shared,worthy
ssh,0.40969162995594716,shared,twelve
ssh,1.0,a_only,quoted
ssh,0.6326530612244898,shared,pole
ssh,0.45454545454545453,shared,provided
ssh,0.5920398009950248,shared,digging
ssh,1.0,a_only,drawings
ssh,1.0,a_only,phrases
ssh,0.40350877192982454,shared,unable
ssh,0.6080402010050251,shared,british
ssh,1.0,a_only,inverse
ssh,1.0,a_only,aboriginal
ssh,0.6243654822335025,shared,oil
ssh,1.0,a_only,hardware
ssh,1.0,a_only,reactive
ssh,0.5841584158415841,shared,consequences
ssh,1.0,a_only,melbourne
ssh,0.5763546798029556,shared,neat
ssh,0.7021276595744681,shared,freed
ssh,0.25,shared,body
ssh,1.0,a_only,amide
ssh,1.0,a_only,implementation
ssh,0.3333333333333333,shared,king
ssh,1.0,a_only,marsh
ssh,0.29554655870445345,shared,showed
ssh,1.0,a_only,todd
ssh,1.0,a_only,edited
ssh,0.09215017064846416,b_only,georgiana
ssh,1.0,a_only,isotope
ssh,0.6842105263157895,shared,enthusiasm
ssh,0.08843537414965986,b_only,fantastic
ssh,0.3793103448275862,shared,action
ssh,0.2903225806451613,shared,marriage
ssh,0.09215017064846416,b_only,dreaded
ssh,0.3168724279835391,shared,clock
ssh,0.7391304347826086,shared,vicious
ssh,0.20754716981132076,shared,hardly
ssh,0.5533980582524272,shared,invention
ssh,0.6410256410256411,shared,brief
ssh,0.0738255033557047,b_only,carpet
ssh,1.0,a_only,poirot
ssh,0.29554655870445345,shared,run
ssh,0.6842105263157895,shared,talent
ssh,0.5384615384615384,shared,questioning
ssh,0.3445378151260504,shared,same
ssh,1.0,a_only,adult
ssh,1.0,a_only,qur
ssh,1.0,a_only,recording
ssh,1.0,a_only,southeast
ssh,0.6842105263157895,shared,tend
ssh,1.0,a_only,pdf
ssh,0.6410256410256411,shared,peoples
ssh,0.2549019607843137,shared,thank
ssh,0.0958904109589041,b_only,motioned
ssh,1.0,a_only,anthropologists
ssh,0.6494845360824743,shared,declined
ssh,0.4222222222222222,shared,solemn
ssh,0.0738255033557047,b_only,loathsome
ssh,1.0,a_only,educational
ssh,0.5458937198067633,shared,branch
ssh,1.0,a_only,rugby
ssh,0.7112299465240641,shared,breaks
ssh,1.0,a_only,harald
ssh,0.7582417582417582,shared,adam
ssh,0.0847457627118644,b_only,staring
ssh,0.7204301075268817,shared,cathedral
ssh,1.0,a_only,philippines
ssh,1.0,a_only,luanda
ssh,0.08843537414965986,b_only,tick
ssh,1.0,a_only,rv
ssh,0.2648221343873518,shared,arthur
ssh,0.5841584158415841,shared,popular
ssh,1.0,a_only,lebanon
ssh,0.0958904109589041,b_only,entreat
ssh,0.44144144144144143,shared,personal
ssh,0.285140562248996,shared,only
ssh,0.6666666666666666,shared,crowds
ssh,1.0,a_only,arsenic
ssh,1.0,a_only,hollywood
ssh,0.3008130081300813,shared,duke
ssh,1.0,a_only,ep
ssh,0.6842105263157895,shared,political
ssh,1.0,a_only,significantly
ssh,0.5311004784688995,shared,singular
ssh,1.0,a_only,recurring
ssh,0.1111111111111111,b_only,wilks
ssh,0.25,shared,hard
ssh,0.5920398009950248,shared,wrought
ssh,1.0,a_only,solar
ssh,1.0,a_only,kansas
ssh,0.7021276595744681,shared,boiling
ssh,0.6410256410256411,shared,interval
ssh,0.08843537414965986,b_only,kitty
ssh,0.7486338797814208,shared,designs
ssh,1.0,a_only,defeats
ssh,1.0,a_only,abbreviated
ssh,0.7297297297297297,shared,joint
ssh,1.0,a_only,amateurs
ssh,0.6494845360824743,shared,parent
ssh,0.8181818181818182,shared,ward
ssh,0.10344827586206896,b_only,tedious
ssh,0.5763546798029556,shared,waters
ssh,1.0,a_only,suburbs
ssh,0.5165876777251185,shared,interests
ssh,1.0,a_only,cartridge
ssh,0.7391304347826086,shared,panic
ssh,1.0,a_only,traditionally
ssh,0.675392670157068,shared,inspiration
ssh,0.415929203539823,shared,square
ssh,0.5094339622641509,shared,ancient
ssh,0.4611872146118721,shared,aspect
ssh,1.0,a_only,lyrics
ssh,0.5238095238095238,shared,dodo
ssh,1.0,a_only,sporting
ssh,1.0,a_only,carlos
ssh,0.6931216931216931,shared,pushing
ssh,1.0,a_only,hellenic
ssh,1.0,a_only,creates
ssh,0.5609756097560976,shared,vice
ssh,0.44144144144144143,shared,affair
ssh,1.0,a_only,pi
ssh,0.37339055793991416,shared,enemy
ssh,0.10726643598615918,b_only,ecstasy
ssh,0.4611872146118721,shared,struggled
ssh,0.6410256410256411,shared,existing
ssh,0.5609756097560976,shared,elsewhere
ssh,0.7777777777777778,shared,memorable
ssh,0.6326530612244898,shared,behave
ssh,0.5311004784688995,shared,objection
ssh,0.37339055793991416,shared,english
ssh,0.39737991266375544,shared,mention
ssh,0.3114754098360656,shared,who
ssh,1.0,a_only,vocal
ssh,0.47465437788018433,shared,prayer
ssh,0.7679558011049724,shared,j
ssh,0.391304347826087,shared,boxes
ssh,0.30612244897959184,shared,spirit
ssh,0.5763546798029556,shared,faithful
ssh,0.285140562248996,shared,don
ssh,0.0958904109589041,b_only,heaps
ssh,1.0,a_only,alternatives
ssh,0.09215017064846416,b_only,policeman
ssh,0.3168724279835391,shared,every
ssh,0.5094339622641509,shared,model
ssh,1.0,a_only,secondary
ssh,0.08843537414965986,b_only,groan
ssh,0.3445378151260504,shared,jerry
ssh,0.3168724279835391,shared,months
ssh,0.5533980582524272,shared,conceal
ssh,0.3793103448275862,shared,events
ssh,0.13074204946996468,b_only,beg
ssh,0.46788990825688076,shared,fully
ssh,1.0,a_only,attitudes
ssh,1.0,a_only,adonis
ssh,1.0,a_only,monuments
ssh,0.7297297297297297,shared,chronicle
ssh,1.0,a_only,boris
ssh,1.0,a_only,sqq
ssh,0.09215017064846416,b_only,flung
ssh,0.09965635738831616,b_only,3
ssh,0.5165876777251185,shared,keys
ssh,1.0,a_only,allies
ssh,0.0847457627118644,b_only,charlotte
ssh,1.0,a_only,engineers
ssh,1.0,a_only,inventions
ssh,0.6161616161616161,shared,trip
ssh,1.0,a_only,communists
ssh,1.0,a_only,starts
ssh,0.10726643598615918,b_only,stooping
ssh,1.0,a_only,aldrin
ssh,0.2749003984063745,shared,off
ssh,0.7582417582417582,shared,upright
ssh,0.807909604519774,shared,concert
ssh,1.0,a_only,google
ssh,0.08843537414965986,b_only,dearest
ssh,0.45454545454545453,shared,laws
ssh,1.0,a_only,abydos
ssh,0.44144144144144143,shared,equally
ssh,0.6,shared,brilliant
ssh,0.4953271028037383,shared,communication
ssh,0.6666666666666666,shared,inches
ssh,1.0,a_only,ld
ssh,0.09965635738831616,b_only,wonderfully
ssh,1.0,a_only,arminians
ssh,1.0,a_only,mexican
ssh,1.0,a_only,personnel
ssh,1.0,a_only,warrior
ssh,0.4883720930232558,shared,throwing
ssh,0.0958904109589041,b_only,gazette
ssh,0.6494845360824743,shared,defence
ssh,1.0,a_only,residents
ssh,0.6666666666666666,shared,hatred
ssh,1.0,a_only,nathaniel
ssh,1.0,a_only,depicted
ssh,0.0847457627118644,b_only,turtle
ssh,1.0,a_only,kenya
ssh,0.059602649006622516,b_only,favourable
ssh,1.0,a_only,poems
ssh,1.0,a_only,substitution
ssh,0.7021276595744681,shared,unchanged
ssh,1.0,a_only,saskatchewan
ssh,0.4953271028037383,shared,mode
ssh,1.0,a_only,comments
ssh,0.350210970464135,shared,unless
ssh,0.3333333333333333,shared,head
ssh,1.0,a_only,kenneth
ssh,1.0,a_only,achievement
ssh,1.0,a_only,technically
ssh,0.0958904109589041,b_only,claw
ssh,0.675392670157068,shared,neighbors
ssh,1.0,a_only,ford
ssh,1.0,a_only,implemented
ssh,0.7112299465240641,shared,equality
ssh,1.0,a_only,saturn
ssh,0.09965635738831616,b_only,tootles
ssh,1.0,a_only,occurring
ssh,0.40969162995594716,shared,shape
ssh,1.0,a_only,rebellion
ssh,0.6580310880829016,shared,vision
ssh,0.42857142857142855,shared,favour
ssh,0.5763546798029556,shared,passengers
ssh,0.4611872146118721,shared,signed
ssh,0.46788990825688076,shared,nonsense
ssh,1.0,a_only,anarchists
ssh,1.0,a_only,borman
ssh,0.7112299465240641,shared,realize
ssh,0.08843537414965986,b_only,cheerful
ssh,1.0,a_only,etymology
ssh,1.0,a_only,despite
ssh,1.0,a_only,animism
ssh,1.0,a_only,multiple
ssh,1.0,a_only,traits
ssh,0.5094339622641509,shared,grace
ssh,1.0,a_only,autism
ssh,1.0,a_only,semantics
ssh,0.675392670157068,shared,rings
ssh,0.5384615384615384,shared,wrapped
ssh,0.3114754098360656,shared,alas
ssh,0.807909604519774,shared,supreme
ssh,1.0,a_only,nebraska
ssh,1.0,a_only,teachings
ssh,0.3333333333333333,shared,sea
ssh,0.7021276595744681,shared,aim
ssh,0.3168724279835391,shared,tree
ssh,1.0,a_only,vivaldi
ssh,0.3278008298755187,shared,collins
ssh,0.10344827586206896,b_only,nostrils
ssh,0.4222222222222222,shared,main
ssh,1.0,a_only,mathematician
ssh,0.25984251968503935,shared,matters
ssh,1.0,a_only,distributed
ssh,0.6080402010050251,shared,involved
ssh,0.36752136752136755,shared,satisfaction
ssh,1.0,a_only,multi
ssh,0.09215017064846416,b_only,twins
ssh,0.5920398009950248,shared,comrade
ssh,1.0,a_only,coastal
ssh,0.08843537414965986,b_only,kennel
ssh,1.0,a_only,phenomenon
ssh,0.5686274509803921,shared,deny
ssh,0.0958904109589041,b_only,smiled
ssh,0.6842105263157895,shared,engage
ssh,0.0738255033557047,b_only,openshaw
ssh,0.5165876777251185,shared,bust
ssh,1.0,a_only,archaeologists
ssh,0.6842105263157895,shared,differently
ssh,0.10726643598615918,b_only,anxiously
ssh,0.6931216931216931,shared,southern
ssh,0.6580310880829016,shared,burnt
ssh,1.0,a_only,heir
ssh,0.42857142857142855,shared,circle
ssh,0.6,shared,musical
ssh,0.7486338797814208,shared,plague
ssh,0.36752136752136755,shared,ye
ssh,0.7391304347826086,shared,severely
ssh,0.5311004784688995,shared,application
ssh,0.46788990825688076,shared,vessel
ssh,1.0,a_only,henri
ssh,0.07023411371237458,b_only,ling
ssh,1.0,a_only,stored
ssh,0.7777777777777778,shared,loop
ssh,0.675392670157068,shared,management
ssh,0.7204301075268817,shared,extensive
ssh,0.0958904109589041,b_only,huck
ssh,0.23552123552123552,shared,come
ssh,1.0,a_only,portrayed
ssh,1.0,a_only,tennis
ssh,0.0958904109589041,b_only,muff
ssh,0.0847457627118644,b_only,envelope
ssh,0.7777777777777778,shared,arrows
ssh,0.6080402010050251,shared,astonishing
ssh,0.6161616161616161,shared,withdrew
ssh,0.4479638009049774,shared,bench
ssh,0.0847457627118644,b_only,clearing
ssh,0.5238095238095238,shared,female
ssh,0.6326530612244898,shared,cloth
ssh,0.5165876777251185,shared,causes
ssh,1.0,a_only,ancestry
ssh,1.0,a_only,oval
ssh,1.0,a_only,recognizes
ssh,0.42857142857142855,shared,track
ssh,0.2749003984063745,shared,master
ssh,1.0,a_only,rates
ssh,0.6410256410256411,shared,briefly
ssh,1.0,a_only,complications
ssh,0.7877094972067039,shared,akin
ssh,0.797752808988764,shared,possessing
ssh,0.7877094972067039,shared,confer
ssh,0.6842105263157895,shared,villain
ssh,0.08108108108108109,b_only,stead
ssh,0.2648221343873518,shared,minute
ssh,1.0,a_only,programmers
ssh,0.5533980582524272,shared,range
ssh,0.7204301075268817,shared,relatives
ssh,1.0,a_only,schedule
ssh,0.0958904109589041,b_only,hurriedly
ssh,1.0,a_only,choir
ssh,0.6580310880829016,shared,willow
ssh,0.6580310880829016,shared,reasoning
ssh,0.09965635738831616,b_only,lighted
ssh,0.6842105263157895,shared,sustained
ssh,0.10726643598615918,b_only,repetition
ssh,1.0,a_only,eventual
ssh,1.0,a_only,multiplication
ssh,0.5023474178403756,shared,absolute
ssh,1.0,a_only,conventional
ssh,0.6161616161616161,shared,chapel
ssh,1.0,a_only,pod
ssh,0.0738255033557047,b_only,stump
ssh,1.0,a_only,extend
ssh,0.7112299465240641,shared,consumed
ssh,0.46788990825688076,shared,arose
ssh,1.0,a_only,gdp
ssh,1.0,a_only,submarine
ssh,0.45454545454545453,shared,resolution
ssh,0.6161616161616161,shared,charged
ssh,1.0,a_only,ales
ssh,0.4953271028037383,shared,pleasing
ssh,1.0,a_only,clement
ssh,0.5686274509803921,shared,sport
ssh,1.0,a_only,sheikh
ssh,0.6,shared,furnished
ssh,1.0,a_only,thebes
ssh,1.0,a_only,endangered
ssh,0.4953271028037383,shared,yards
ssh,0.3793103448275862,shared,acquaintance
ssh,1.0,a_only,nave
ssh,0.3793103448275862,shared,listen
ssh,0.06666666666666667,b_only,mumps
ssh,1.0,a_only,canadian
ssh,0.7679558011049724,shared,di
ssh,0.0738255033557047,b_only,grin
ssh,0.675392670157068,shared,celebrated
ssh,1.0,a_only,pc
ssh,0.2698412698412698,shared,thoughts
ssh,0.4222222222222222,shared,finn
ssh,0.059602649006622516,b_only,rang
ssh,1.0,a_only,lovelace
ssh,1.0,a_only,hardcover
ssh,1.0,a_only,surviving
ssh,0.2749003984063745,shared,easy
ssh,0.245136186770428,shared,telling
ssh,1.0,a_only,fans
ssh,0.7297297297297297,shared,von
ssh,1.0,a_only,standards
ssh,0.6666666666666666,shared,boot
ssh,0.7877094972067039,shared,enduring
ssh,1.0,a_only,anthropology
ssh,0.6,shared,retained
ssh,0.10344827586206896,b_only,seeming
ssh,0.5165876777251185,shared,title
ssh,1.0,a_only,grants
ssh,0.285140562248996,shared,worked
ssh,1.0,a_only,karpov
ssh,1.0,a_only,rfc
ssh,0.5841584158415841,shared,film
ssh,1.0,a_only,inherent
ssh,1.0,a_only,miscellaneous
ssh,1.0,a_only,mythological
ssh,0.10726643598615918,b_only,curled
ssh,0.5023474178403756,shared,poison
ssh,0.6,shared,government
ssh,1.0,a_only,mathbb
ssh,1.0,a_only,voted
ssh,0.09215017064846416,b_only,monsieur
ssh,1.0,a_only,dreyfus
ssh,0.6931216931216931,shared,whereas
ssh,0.3114754098360656,shared,figure
ssh,0.6494845360824743,shared,mankind
ssh,1.0,a_only,predicted
ssh,0.39737991266375544,shared,alan
ssh,1.0,a_only,badge
ssh,0.7679558011049724,shared,proportions
ssh,1.0,a_only,charts
ssh,0.7679558011049724,shared,emergency
ssh,0.0958904109589041,b_only,pictured
ssh,1.0,a_only,derive
ssh,1.0,a_only,sophisticated
ssh,0.807909604519774,shared,fragments
ssh,1.0,a_only,reef
ssh,1.0,a_only,furthermore
ssh,0.7297297297297297,shared,achieved
ssh,0.797752808988764,shared,fold
ssh,1.0,a_only,businessman
ssh,0.47465437788018433,shared,ahead
ssh,0.42857142857142855,shared,crown
ssh,1.0,a_only,coral
ssh,1.0,a_only,asa
ssh,0.6842105263157895,shared,army
ssh,0.7777777777777778,shared,reasoned
ssh,0.7679558011049724,shared,betrayed
ssh,0.6931216931216931,shared,realised
ssh,1.0,a_only,columbus
ssh,0.4479638009049774,shared,shows
ssh,0.7391304347826086,shared,area
ssh,0.7204301075268817,shared,cope
ssh,0.11498257839721254,b_only,basket
ssh,1.0,a_only,laureate
ssh,0.4222222222222222,shared,jacques
ssh,1.0,a_only,germans
ssh,1.0,a_only,controlling
ssh,0.08108108108108109,b_only,gaiety
ssh,0.28,shared,book
ssh,0.47465437788018433,shared,returning
ssh,1.0,a_only,primary
ssh,0.23076923076923078,shared,nobody
ssh,0.40969162995594716,shared,suffer
ssh,1.0,a_only,geometry
ssh,1.0,a_only,terminated
ssh,0.6080402010050251,shared,partial
ssh,0.7777777777777778,shared,tension
ssh,1.0,a_only,circ
ssh,0.37339055793991416,shared,wide
ssh,1.0,a_only,equilibrium
ssh,0.10344827586206896,b_only,forster
ssh,0.07744107744107744,b_only,doan
ssh,0.5238095238095238,shared,sinking
ssh,1.0,a_only,progressive
ssh,0.45454545454545453,shared,cast
ssh,0.415929203539823,shared,blow
ssh,0.5458937198067633,shared,stated
ssh,0.7777777777777778,shared,dictionary
ssh,0.4479638009049774,shared,rushing
ssh,1.0,a_only,dan
ssh,0.07744107744107744,b_only,pall
ssh,1.0,a_only,sa
ssh,1.0,a_only,designated
ssh,0.6243654822335025,shared,november
ssh,1.0,a_only,roland
ssh,1.0,a_only,phylum
ssh,0.5763546798029556,shared,characters
ssh,0.4222222222222222,shared,according
ssh,1.0,a_only,constitution
ssh,0.6580310880829016,shared,literature
ssh,1.0,a_only,capitalist
ssh,0.21673003802281368,shared,follow
ssh,1.0,a_only,relatively
ssh,0.3114754098360656,shared,afterwards
ssh,0.6494845360824743,shared,craft
ssh,0.0738255033557047,b_only,perplexity
ssh,1.0,a_only,russians
ssh,0.797752808988764,shared,shift
ssh,0.5920398009950248,shared,principle
ssh,1.0,a_only,chloride
ssh,1.0,a_only,anatolia
ssh,0.7582417582417582,shared,speculate
ssh,0.29554655870445345,shared,went
ssh,0.6161616161616161,shared,expectations
ssh,1.0,a_only,hera
ssh,0.7391304347826086,shared,steering
ssh,0.8285714285714286,shared,appealed
ssh,0.06666666666666667,b_only,handy
ssh,1.0,a_only,shah
ssh,1.0,a_only,isbn
ssh,0.6410256410256411,shared,deliver
ssh,1.0,a_only,culminated
ssh,0.5533980582524272,shared,harper
ssh,0.3445378151260504,shared,books
ssh,1.0,a_only,theater
ssh,0.10344827586206896,b_only,console
ssh,1.0,a_only,presidents
ssh,0.09215017064846416,b_only,illustrious
ssh,1.0,a_only,epirus
ssh,0.6931216931216931,shared,push
ssh,0.2648221343873518,shared,feeling
ssh,1.0,a_only,workers
ssh,1.0,a_only,agencies
ssh,0.5165876777251185,shared,objects
ssh,0.3278008298755187,shared,woods
ssh,1.0,a_only,institute
ssh,0.0738255033557047,b_only,aloft
ssh,1.0,a_only,barry
ssh,1.0,a_only,turkic
ssh,1.0,a_only,teams
ssh,0.07023411371237458,b_only,complain
ssh,1.0,a_only,orchestra
ssh,0.3793103448275862,shared,bless
ssh,1.0,a_only,aardvark
ssh,0.28,shared,those
ssh,0.5311004784688995,shared,consent
ssh,1.0,a_only,drugs
ssh,0.7877094972067039,shared,armour
ssh,1.0,a_only,intermediate
ssh,1.0,a_only,touchdown
ssh,0.6666666666666666,shared,stray
ssh,0.10344827586206896,b_only,anyhow
ssh,0.07744107744107744,b_only,piccadilly
ssh,0.2903225806451613,shared,should
ssh,0.2749003984063745,shared,dr
ssh,0.3445378151260504,shared,experience
ssh,1.0,a_only,comics
ssh,0.0847457627118644,b_only,ere
ssh,0.5238095238095238,shared,faster
ssh,0.3278008298755187,shared,discovered
ssh,0.10344827586206896,b_only,slightest
ssh,0.5841584158415841,shared,surface
ssh,1.0,a_only,almonds
ssh,1.0,a_only,jupiter
ssh,0.3114754098360656,shared,ask
ssh,0.797752808988764,shared,rounds
ssh,0.5533980582524272,shared,perceive
ssh,0.07023411371237458,b_only,hurrying
ssh,0.5609756097560976,shared,viii
ssh,0.4611872146118721,shared,storm
ssh,0.7582417582417582,shared,collapse
ssh,0.40969162995594716,shared,gun
ssh,1.0,a_only,legends
ssh,0.6326530612244898,shared,moderate
ssh,0.6,shared,borrowed
ssh,1.0,a_only,soluble
ssh,0.5384615384615384,shared,discussion
ssh,0.7679558011049724,shared,mount
ssh,1.0,a_only,metropolitan
ssh,0.5165876777251185,shared,arrangement
ssh,0.39737991266375544,shared,bitter
ssh,1.0,a_only,ron
ssh,0.6931216931216931,shared,modest
ssh,0.08108108108108109,b_only,inquiring
ssh,0.0738255033557047,b_only,sensible
ssh,0.893491124260355,shared,refrain
ssh,1.0,a_only,ginsberg
ssh,1.0,a_only,singles
ssh,1.0,a_only,hydrocarbons
ssh,0.3617021276595745,shared,thrown
ssh,0.37339055793991416,shared,instance
ssh,0.5384615384615384,shared,religious
ssh,0.44144144144144143,shared,exceedingly
ssh,1.0,a_only,psyche
ssh,0.06312292358803986,b_only,thatcher
ssh,0.7582417582417582,shared,jet
ssh,0.7112299465240641,shared,paradise
ssh,0.07023411371237458,b_only,sly
ssh,0.5094339622641509,shared,noon
ssh,1.0,a_only,seeks
ssh,0.3008130081300813,shared,address
ssh,0.797752808988764,shared,voluntary
ssh,0.3114754098360656,shared,last
ssh,0.7112299465240641,shared,sighted
ssh,0.3114754098360656,shared,two
ssh,0.0958904109589041,b_only,westenra
ssh,0.415929203539823,shared,voices
ssh,1.0,a_only,vowels
ssh,1.0,a_only,machines
ssh,0.6580310880829016,shared,threatening
ssh,0.08108108108108109,b_only,gladness
ssh,0.07744107744107744,b_only,tumbrils
ssh,1.0,a_only,ares
ssh,1.0,a_only,eric
ssh,1.0,a_only,graph
ssh,0.3278008298755187,shared,pleasant
ssh,0.3445378151260504,shared,interested
ssh,0.675392670157068,shared,climb
ssh,0.7679558011049724,shared,overlooked
ssh,0.07023411371237458,b_only,unlocked
ssh,0.0958904109589041,b_only,pudding
ssh,0.6494845360824743,shared,schools
ssh,0.3008130081300813,shared,learned
ssh,0.07023411371237458,b_only,strangely
ssh,0.2749003984063745,shared,quite
ssh,1.0,a_only,electrical
ssh,1.0,a_only,norway
ssh,1.0,a_only,altitude
ssh,0.36752136752136755,shared,charge
ssh,0.7777777777777778,shared,qualified
ssh,1.0,a_only,bruce
ssh,0.5458937198067633,shared,egg
ssh,1.0,a_only,ber
ssh,0.5841584158415841,shared,worship
ssh,1.0,a_only,farming
ssh,0.8390804597701149,shared,limits
ssh,1.0,a_only,descriptions
ssh,1.0,a_only,numbering
ssh,1.0,a_only,interpreted
ssh,0.6,shared,dover
ssh,1.0,a_only,respectively
ssh,1.0,a_only,indirect
ssh,0.7297297297297297,shared,believes
ssh,0.6161616161616161,shared,punch
ssh,0.6243654822335025,shared,magistrate
ssh,0.3389121338912134,shared,shore
ssh,0.11498257839721254,b_only,flames
ssh,1.0,a_only,journalist
ssh,0.3114754098360656,shared,go
ssh,1.0,a_only,ruling
ssh,1.0,a_only,populations
ssh,0.42857142857142855,shared,destroyed
ssh,1.0,a_only,nationality
ssh,0.797752808988764,shared,resided
ssh,1.0,a_only,iowa
ssh,1.0,a_only,delegates
ssh,1.0,a_only,hans
ssh,0.5920398009950248,shared,essential
ssh,1.0,a_only,algerian
ssh,1.0,a_only,reactions
ssh,0.07023411371237458,b_only,ashamed
ssh,0.7486338797814208,shared,sheltered
ssh,1.0,a_only,eros
ssh,0.40350877192982454,shared,spring
ssh,1.0,a_only,fauna
ssh,1.0,a_only,invaded
ssh,0.5841584158415841,shared,obscure
ssh,1.0,a_only,phi
ssh,0.05263157894736842,b_only,trembling
ssh,0.3008130081300813,shared,happiness
ssh,0.5094339622641509,shared,results
ssh,0.5686274509803921,shared,process
ssh,0.8181818181818182,shared,statue
ssh,0.7204301075268817,shared,fortress
ssh,0.45454545454545453,shared,destroy
ssh,1.0,a_only,radiation
ssh,0.29554655870445345,shared,elizabeth
ssh,0.7486338797814208,shared,maps
ssh,1.0,a_only,aruba
ssh,1.0,a_only,portuguese
ssh,0.1111111111111111,b_only,likes
ssh,1.0,a_only,capabilities
ssh,1.0,a_only,mediterranean
ssh,0.6931216931216931,shared,guests
ssh,0.7582417582417582,shared,slaves
ssh,0.7112299465240641,shared,wisdom
ssh,1.0,a_only,vietnamese
ssh,0.5920398009950248,shared,audience
ssh,0.5533980582524272,shared,passionate
ssh,0.056105610561056105,b_only,slate
ssh,0.415929203539823,shared,fog
ssh,0.7486338797814208,shared,tomorrow
ssh,0.4953271028037383,shared,feeble
ssh,0.2549019607843137,shared,rose
ssh,0.285140562248996,shared,van
ssh,1.0,a_only,surveys
ssh,0.7877094972067039,shared,vigorous
ssh,1.0,a_only,clockwork
ssh,0.3617021276595745,shared,ceased
ssh,0.5165876777251185,shared,furniture
ssh,0.09215017064846416,b_only,knock
ssh,0.4222222222222222,shared,hearing
ssh,1.0,a_only,agriculture
ssh,1.0,a_only,southwest
ssh,1.0,a_only,magnitude
ssh,0.3793103448275862,shared,avoid
ssh,1.0,a_only,reduction
ssh,1.0,a_only,mercury
ssh,0.675392670157068,shared,prime
ssh,0.32231404958677684,shared,hopes
ssh,0.46788990825688076,shared,contained
ssh,0.7582417582417582,shared,addison
ssh,1.0,a_only,ethical
ssh,1.0,a_only,canada
ssh,0.36752136752136755,shared,potter
ssh,1.0,a_only,reich
ssh,1.0,a_only,esoteric
ssh,0.7877094972067039,shared,net
ssh,1.0,a_only,symmetric
ssh,0.4611872146118721,shared,visitor
ssh,0.6243654822335025,shared,guinea
ssh,1.0,a_only,contested
ssh,1.0,a_only,nuclear
ssh,1.0,a_only,abugidas
ssh,1.0,a_only,navigation
ssh,0.7582417582417582,shared,sam
ssh,0.7679558011049724,shared,ninety
ssh,0.5686274509803921,shared,novel
ssh,0.3114754098360656,shared,holmes
ssh,0.6326530612244898,shared,objections
ssh,0.5609756097560976,shared,avenue
ssh,0.28,shared,lying
ssh,0.45454545454545453,shared,weight
ssh,1.0,a_only,denoted
ssh,0.1111111111111111,b_only,mina
ssh,0.4479638009049774,shared,respectable
ssh,0.7679558011049724,shared,pledged
ssh,1.0,a_only,municipalities
ssh,0.28,shared,lived
ssh,0.45454545454545453,shared,admiration
ssh,1.0,a_only,bakunin
ssh,1.0,a_only,alloys
ssh,0.42857142857142855,shared,aid
ssh,0.2903225806451613,shared,attention
ssh,1.0,a_only,statute
ssh,0.08108108108108109,b_only,gems
ssh,0.5311004784688995,shared,foundation
ssh,0.7582417582417582,shared,observations
ssh,1.0,a_only,plasma
ssh,0.7391304347826086,shared,fourteenth
ssh,0.7582417582417582,shared,arriving
ssh,0.285140562248996,shared,sometimes
ssh,0.5841584158415841,shared,elapsed
ssh,0.4222222222222222,shared,honest
ssh,0.5533980582524272,shared,security
ssh,0.3168724279835391,shared,when
ssh,0.48148148148148145,shared,applied
ssh,1.0,a_only,portions
ssh,0.48148148148148145,shared,pen
ssh,1.0,a_only,combining
ssh,1.0,a_only,antoninus
ssh,0.797752808988764,shared,ancestors
ssh,0.7112299465240641,shared,threats
ssh,0.2648221343873518,shared,lips
ssh,1.0,a_only,locally
ssh,0.28,shared,nor
ssh,0.48148148148148145,shared,um
ssh,0.0958904109589041,b_only,hungry
ssh,1.0,a_only,underlying
ssh,0.0847457627118644,b_only,holmwood
ssh,0.11888111888111888,b_only,abreast
ssh,0.46788990825688076,shared,dancing
ssh,0.1111111111111111,b_only,closet
ssh,1.0,a_only,vilayet
ssh,0.3559322033898305,shared,regard
ssh,0.6580310880829016,shared,obligation
ssh,0.5384615384615384,shared,falls
ssh,0.32231404958677684,shared,hair
ssh,1.0,a_only,und
ssh,1.0,a_only,ironically
ssh,1.0,a_only,temperatures
ssh,1.0,a_only,jerome
ssh,0.07023411371237458,b_only,ridiculous
ssh,1.0,a_only,leadership
ssh,1.0,a_only,android
ssh,0.32231404958677684,shared,so
ssh,0.40969162995594716,shared,health
ssh,0.4479638009049774,shared,maid
ssh,1.0,a_only,eugenics
ssh,0.5686274509803921,shared,surrounded
ssh,0.7486338797814208,shared,recovery
ssh,0.4611872146118721,shared,legs
ssh,0.5533980582524272,shared,ho
ssh,0.0958904109589041,b_only,thursday
ssh,0.39737991266375544,shared,hanging
ssh,1.0,a_only,nazis
ssh,0.7582417582417582,shared,velvet
ssh,1.0,a_only,processing
ssh,1.0,a_only,agnostics
ssh,1.0,a_only,heating
ssh,0.7112299465240641,shared,edition
ssh,0.13074204946996468,b_only,shade
ssh,0.391304347826087,shared,bar
ssh,1.0,a_only,circuit
ssh,1.0,a_only,online
ssh,0.11498257839721254,b_only,lean
ssh,0.3278008298755187,shared,scene
ssh,0.5238095238095238,shared,missing
ssh,1.0,a_only,socialist
ssh,0.7112299465240641,shared,containing
ssh,0.09215017064846416,b_only,recollections
ssh,1.0,a_only,interestingly
ssh,0.08843537414965986,b_only,pepper
ssh,0.5311004784688995,shared,pure
ssh,0.4479638009049774,shared,royal
ssh,0.47465437788018433,shared,clue
ssh,0.6494845360824743,shared,requires
ssh,1.0,a_only,propaganda
ssh,0.7021276595744681,shared,largely
ssh,0.6161616161616161,shared,dated
ssh,0.2648221343873518,shared,seeing
ssh,1.0,a_only,pacifist
ssh,0.7679558011049724,shared,museum
ssh,0.5384615384615384,shared,wire
ssh,0.4883720930232558,shared,ride
ssh,0.5165876777251185,shared,smell
ssh,0.5458937198067633,shared,remembrance
ssh,1.0,a_only,looters
ssh,0.5686274509803921,shared,medicine
ssh,0.3333333333333333,shared,knight
ssh,0.3617021276595745,shared,meaning
ssh,0.3445378151260504,shared,self
ssh,0.8285714285714286,shared,occurrence
ssh,0.5533980582524272,shared,visitors
ssh,1.0,a_only,regime
ssh,0.0847457627118644,b_only,sealed
ssh,0.6410256410256411,shared,pigs
ssh,0.5165876777251185,shared,roof
ssh,1.0,a_only,antiparticles
ssh,1.0,a_only,carolina
ssh,1.0,a_only,elections
ssh,0.5609756097560976,shared,condemned
ssh,1.0,a_only,afghanistan
ssh,1.0,a_only,nih
ssh,0.5023474178403756,shared,demand
ssh,0.39737991266375544,shared,expressed
ssh,0.24031007751937986,shared,anybody
ssh,1.0,a_only,classic
ssh,0.807909604519774,shared,wealthy
ssh,0.6,shared,concentrated
ssh,1.0,a_only,award
ssh,0.7204301075268817,shared,gestures
ssh,0.4953271028037383,shared,replace
ssh,0.0958904109589041,b_only,happily
ssh,1.0,a_only,determining
ssh,0.7877094972067039,shared,surprising
ssh,0.5686274509803921,shared,tower
ssh,0.48148148148148145,shared,suffering
ssh,0.11498257839721254,b_only,supposing
ssh,0.5023474178403756,shared,earlier
ssh,0.2549019607843137,shared,cannot
ssh,1.0,a_only,apl
ssh,0.0457516339869281,b_only,intimacy
ssh,0.5920398009950248,shared,surrounding
ssh,0.5841584158415841,shared,echo
ssh,1.0,a_only,networks
ssh,0.3008130081300813,shared,immediately
ssh,0.45454545454545453,shared,settle
ssh,0.08843537414965986,b_only,charmed
ssh,0.675392670157068,shared,wherein
ssh,1.0,a_only,ammonia
ssh,0.6161616161616161,shared,frog
ssh,0.08108108108108109,b_only,coronet
ssh,0.6666666666666666,shared,intellect
ssh,0.08843537414965986,b_only,inquire
ssh,0.6931216931216931,shared,curves
ssh,0.45454545454545453,shared,sum
ssh,1.0,a_only,na
ssh,1.0,a_only,hits
ssh,0.08108108108108109,b_only,stepfather
ssh,0.3445378151260504,shared,breast
ssh,0.5533980582524272,shared,folly
ssh,1.0,a_only,li
ssh,0.350210970464135,shared,actually
ssh,0.3333333333333333,shared,wife
ssh,0.3389121338912134,shared,written
ssh,0.350210970464135,shared,weak
ssh,1.0,a_only,newer
ssh,1.0,a_only,basic
ssh,1.0,a_only,satellite
ssh,0.6666666666666666,shared,collect
ssh,0.7021276595744681,shared,inhabit
ssh,0.40350877192982454,shared,troubles
ssh,0.0958904109589041,b_only,madly
ssh,0.350210970464135,shared,play
ssh,1.0,a_only,rainfall
ssh,1.0,a_only,defendant
ssh,0.07023411371237458,b_only,widder
ssh,1.0,a_only,rearden
ssh,0.807909604519774,shared,philosophers
ssh,0.4611872146118721,shared,argue
ssh,0.0847457627118644,b_only,drawer
ssh,0.30612244897959184,shared,again
ssh,1.0,a_only,occurs
ssh,0.36752136752136755,shared,question
ssh,0.07744107744107744,b_only,protectors
ssh,0.3793103448275862,shared,fifty
ssh,0.0847457627118644,b_only,compliment
ssh,1.0,a_only,displays
ssh,1.0,a_only,provincial
ssh,0.1267605633802817,b_only,jis
ssh,0.6494845360824743,shared,depends
ssh,1.0,a_only,afi
ssh,0.29554655870445345,shared,received
ssh,1.0,a_only,alpaca
ssh,0.4883720930232558,shared,class
ssh,1.0,a_only,controls
ssh,0.6080402010050251,shared,county
ssh,0.5094339622641509,shared,rolled
ssh,1.0,a_only,bavarian
ssh,0.5311004784688995,shared,agitation
ssh,0.6931216931216931,shared,cradle
ssh,1.0,a_only,spacecraft
ssh,1.0,a_only,hu
ssh,1.0,a_only,camus
ssh,0.2749003984063745,shared,want
ssh,1.0,a_only,actors
ssh,0.2648221343873518,shared,view
ssh,1.0,a_only,herbal
ssh,1.0,a_only,ammonium
ssh,0.11888111888111888,b_only,firmness
ssh,0.059602649006622516,b_only,somehow
ssh,0.3114754098360656,shared,makes
ssh,0.11498257839721254,b_only,caterpillar
ssh,0.5311004784688995,shared,poetry
ssh,0.3114754098360656,shared,further
ssh,1.0,a_only,organs
ssh,0.6931216931216931,shared,safely
ssh,1.0,a_only,augusta
ssh,0.7877094972067039,shared,hostile
ssh,0.6080402010050251,shared,g
ssh,0.2648221343873518,shared,broke
ssh,1.0,a_only,physicians
ssh,1.0,a_only,parliament
ssh,0.07023411371237458,b_only,pigeon
ssh,0.7297297297297297,shared,principally
ssh,0.6580310880829016,shared,spark
ssh,0.2648221343873518,shared,determined
ssh,0.5920398009950248,shared,displayed
ssh,1.0,a_only,versions
ssh,0.6842105263157895,shared,revived
ssh,1.0,a_only,tolerance
ssh,0.7877094972067039,shared,emphatic
ssh,1.0,a_only,talmud
ssh,0.7021276595744681,shared,angels
ssh,1.0,a_only,sometime
ssh,0.5841584158415841,shared,le
ssh,0.29554655870445345,shared,days
ssh,1.0,a_only,pollution
ssh,1.0,a_only,dean
ssh,0.3008130081300813,shared,eye
ssh,1.0,a_only,interactive
ssh,0.5165876777251185,shared,attachment
ssh,1.0,a_only,choices
ssh,0.06312292358803986,b_only,ashore
ssh,0.1111111111111111,b_only,slim
ssh,1.0,a_only,prevention
ssh,0.3445378151260504,shared,m
ssh,0.6243654822335025,shared,remarkably
ssh,1.0,a_only,cosmic
ssh,0.4883720930232558,shared,consideration
ssh,0.09965635738831616,b_only,maids
ssh,1.0,a_only,sanction
ssh,0.6,shared,bug
ssh,1.0,a_only,distances
ssh,0.09215017064846416,b_only,panting
ssh,0.09215017064846416,b_only,settling
ssh,0.5311004784688995,shared,represented
ssh,1.0,a_only,apollo
ssh,1.0,a_only,frames
ssh,1.0,a_only,muslims
ssh,1.0,a_only,protective
ssh,0.6161616161616161,shared,cannon
ssh,0.6243654822335025,shared,reduced
ssh,1.0,a_only,siberia
ssh,1.0,a_only,blocks
ssh,1.0,a_only,orbital
ssh,0.44144144144144143,shared,month
ssh,0.08843537414965986,b_only,instinct
ssh,1.0,a_only,canons
ssh,0.07744107744107744,b_only,drownded
ssh,1.0,a_only,imported
ssh,0.7486338797814208,shared,courses
ssh,0.42857142857142855,shared,loose
ssh,0.10726643598615918,b_only,yourselves
ssh,0.6243654822335025,shared,methods
ssh,1.0,a_only,senators
ssh,1.0,a_only,volunteers
ssh,0.4611872146118721,shared,fairly
ssh,0.6080402010050251,shared,avoided
ssh,0.6326530612244898,shared,presents
ssh,0.6580310880829016,shared,holiday
ssh,0.6580310880829016,shared,earn
ssh,0.3114754098360656,shared,shadow
ssh,0.7021276595744681,shared,gladly
ssh,1.0,a_only,contemporaries
ssh,1.0,a_only,beatles
ssh,1.0,a_only,constitute
ssh,0.0847457627118644,b_only,cares
ssh,1.0,a_only,sided
ssh,0.5920398009950248,shared,roots
ssh,1.0,a_only,rendezvous
ssh,0.4349775784753363,shared,mud
ssh,0.3278008298755187,shared,its
ssh,1.0,a_only,monument
ssh,0.08108108108108109,b_only,charm
ssh,0.7391304347826086,shared,immoral
ssh,0.415929203539823,shared,persons
ssh,1.0,a_only,johann
ssh,1.0,a_only,defense
ssh,1.0,a_only,locations
ssh,1.0,a_only,implies
ssh,0.7204301075268817,shared,comparatively
ssh,0.797752808988764,shared,authoritative
ssh,0.2698412698412698,shared,ten
ssh,0.6580310880829016,shared,childhood
ssh,0.6,shared,blew
ssh,1.0,a_only,infrastructure
ssh,1.0,a_only,successive
ssh,0.25984251968503935,shared,blame
ssh,1.0,a_only,housing
ssh,1.0,a_only,addictive
ssh,0.0738255033557047,b_only,bewildered
ssh,1.0,a_only,replacement
ssh,1.0,a_only,domination
ssh,1.0,a_only,priscus
ssh,1.0,a_only,samples
ssh,0.675392670157068,shared,ivory
ssh,1.0,a_only,carroll
ssh,0.08108108108108109,b_only,awake
ssh,0.08108108108108109,b_only,tenderly
ssh,0.11888111888111888,b_only,disposed
ssh,0.3114754098360656,shared,great
ssh,1.0,a_only,innovative
ssh,0.06666666666666667,b_only,bourgh
ssh,0.7204301075268817,shared,proportion
ssh,1.0,a_only,anaconda
ssh,0.675392670157068,shared,im
ssh,1.0,a_only,parthenon
ssh,0.7582417582417582,shared,preface
ssh,0.3852813852813853,shared,force
ssh,0.5686274509803921,shared,accomplished
ssh,0.06666666666666667,b_only,haggard
ssh,1.0,a_only,episcopal
ssh,1.0,a_only,branched
ssh,0.08108108108108109,b_only,drifted
ssh,1.0,a_only,fund
ssh,0.350210970464135,shared,witness
ssh,0.3008130081300813,shared,ones
ssh,1.0,a_only,omotic
ssh,0.11498257839721254,b_only,vulgar
ssh,0.415929203539823,shared,spread
ssh,1.0,a_only,rice
ssh,0.6080402010050251,shared,officer
ssh,0.7021276595744681,shared,tendency
ssh,0.5458937198067633,shared,weakness
ssh,0.7112299465240641,shared,experiments
ssh,1.0,a_only,islam
ssh,0.6842105263157895,shared,comedy
ssh,0.10726643598615918,b_only,silently
ssh,0.6494845360824743,shared,movements
ssh,0.46788990825688076,shared,accept
ssh,0.5384615384615384,shared,lists
ssh,0.675392670157068,shared,educated
ssh,0.5094339622641509,shared,august
ssh,0.6,shared,prize
ssh,1.0,a_only,notation
ssh,0.797752808988764,shared,owners
ssh,0.8285714285714286,shared,unaware
ssh,1.0,a_only,nova
ssh,1.0,a_only,agnosticism
ssh,1.0,a_only,radio
ssh,0.23552123552123552,shared,young
ssh,0.7877094972067039,shared,partners
ssh,0.2549019607843137,shared,we
ssh,0.5609756097560976,shared,steadily
ssh,0.09215017064846416,b_only,horrid
ssh,0.07744107744107744,b_only,whoop
ssh,0.28,shared,straight
ssh,0.5920398009950248,shared,identified
ssh,0.46788990825688076,shared,unfortunate
ssh,1.0,a_only,bases
ssh,1.0,a_only,reversed
ssh,0.06666666666666667,b_only,attentions
ssh,0.08843537414965986,b_only,cheerfulness
ssh,1.0,a_only,democracy
ssh,1.0,a_only,commitment
ssh,1.0,a_only,generate
ssh,0.5841584158415841,shared,uncertain
ssh,0.4883720930232558,shared,successful
ssh,0.5763546798029556,shared,holds
ssh,0.0738255033557047,b_only,leviathan
ssh,0.391304347826087,shared,law
ssh,0.3278008298755187,shared,line
ssh,0.5920398009950248,shared,attacked
ssh,1.0,a_only,olympic
ssh,1.0,a_only,radicals
ssh,1.0,a_only,funk
ssh,1.0,a_only,matthew
ssh,0.6842105263157895,shared,cheap
ssh,0.807909604519774,shared,superiority
ssh,1.0,a_only,persians
ssh,1.0,a_only,edinburgh
ssh,0.09215017064846416,b_only,dashed
ssh,0.5920398009950248,shared,studied
ssh,0.7297297297297297,shared,correspondent
ssh,1.0,a_only,requirement
ssh,0.45454545454545453,shared,sooner
ssh,0.46788990825688076,shared,hunter
ssh,1.0,a_only,relativity
ssh,0.6080402010050251,shared,combined
ssh,0.3617021276595745,shared,important
ssh,0.4883720930232558,shared,fierce
ssh,1.0,a_only,focuses
ssh,1.0,a_only,algebras
ssh,1.0,a_only,coined
ssh,1.0,a_only,adults
ssh,1.0,a_only,ranges
ssh,1.0,a_only,inc
ssh,0.5384615384615384,shared,fur
ssh,0.39737991266375544,shared,cases
ssh,0.6161616161616161,shared,proceedings
ssh,1.0,a_only,students
ssh,1.0,a_only,anti
ssh,0.6410256410256411,shared,emotions
ssh,0.09215017064846416,b_only,amazement
ssh,0.6243654822335025,shared,offices
ssh,0.3389121338912134,shared,sought
ssh,1.0,a_only,radar
ssh,0.0958904109589041,b_only,lawn
ssh,0.4883720930232558,shared,wooden
ssh,0.0847457627118644,b_only,carelessly
ssh,0.3278008298755187,shared,effect
ssh,1.0,a_only,representatives
ssh,1.0,a_only,reliable
ssh,0.48148148148148145,shared,grass
ssh,1.0,a_only,creative
ssh,1.0,a_only,ankh
ssh,1.0,a_only,horizontal
ssh,0.7582417582417582,shared,dense
ssh,1.0,a_only,nfl
ssh,0.4349775784753363,shared,finding
ssh,0.5023474178403756,shared,authority
ssh,1.0,a_only,concrete
ssh,1.0,a_only,lutheran
ssh,1.0,a_only,dominions
ssh,0.46788990825688076,shared,license
ssh,1.0,a_only,muslim
ssh,1.0,a_only,cartier
ssh,0.1111111111111111,b_only,flatter
ssh,0.675392670157068,shared,unseen
ssh,0.7204301075268817,shared,cracking
ssh,0.245136186770428,shared,replied
ssh,1.0,a_only,monetary
ssh,1.0,a_only,democratic
ssh,1.0,a_only,battles
ssh,1.0,a_only,operational
ssh,1.0,a_only,aspirin
ssh,0.5686274509803921,shared,petition
ssh,0.5609756097560976,shared,distinction
ssh,0.6494845360824743,shared,meets
ssh,0.7486338797814208,shared,premature
ssh,0.6842105263157895,shared,writer
ssh,0.7391304347826086,shared,sequence
ssh,0.5533980582524272,shared,dates
ssh,1.0,a_only,artifacts
ssh,1.0,a_only,eusebius
ssh,0.46788990825688076,shared,examine
ssh,0.7021276595744681,shared,approve
ssh,0.6243654822335025,shared,constantly
ssh,0.08843537414965986,b_only,glance
ssh,0.6580310880829016,shared,multitude
ssh,0.0958904109589041,b_only,scared
ssh,1.0,a_only,casualties
ssh,1.0,a_only,restaurant
ssh,0.2903225806451613,shared,kind
ssh,0.6,shared,acquired
ssh,0.7021276595744681,shared,buttons
ssh,0.6,shared,chicken
ssh,0.5384615384615384,shared,residence
ssh,1.0,a_only,scientist
ssh,1.0,a_only,alda
ssh,1.0,a_only,ethiopic
ssh,0.245136186770428,shared,held
ssh,1.0,a_only,patrol
ssh,0.7297297297297297,shared,fruits
ssh,0.3168724279835391,shared,from
ssh,0.10344827586206896,b_only,cigar
ssh,1.0,a_only,legend
ssh,0.7021276595744681,shared,merit
ssh,1.0,a_only,arbitrary
ssh,0.7877094972067039,shared,biggest
ssh,1.0,a_only,proposition
ssh,0.24031007751937986,shared,called
ssh,1.0,a_only,splitting
ssh,1.0,a_only,altaic
ssh,1.0,a_only,archives
ssh,0.3008130081300813,shared,tea
ssh,0.5238095238095238,shared,counsel
ssh,1.0,a_only,babbage
ssh,0.285140562248996,shared,settled
ssh,0.3008130081300813,shared,added
ssh,0.24031007751937986,shared,sure
ssh,0.8181818181818182,shared,skies
ssh,0.7877094972067039,shared,retreated
ssh,0.08843537414965986,b_only,swore
ssh,1.0,a_only,mechanism
ssh,0.3278008298755187,shared,n
ssh,0.675392670157068,shared,eaten
ssh,0.48148148148148145,shared,sins
ssh,1.0,a_only,destructive
ssh,0.6666666666666666,shared,consul
ssh,0.5238095238095238,shared,serve
ssh,1.0,a_only,wells
ssh,0.7204301075268817,shared,originally
ssh,0.10344827586206896,b_only,shire
ssh,0.4883720930232558,shared,fatal
ssh,0.6080402010050251,shared,abbey
ssh,0.3852813852813853,shared,confidence
ssh,0.8285714285714286,shared,shepherd
ssh,1.0,a_only,tim
ssh,0.5609756097560976,shared,bury
ssh,1.0,a_only,solving
ssh,0.3168724279835391,shared,behind
ssh,1.0,a_only,cushitic
ssh,0.7777777777777778,shared,spectral
ssh,0.5311004784688995,shared,ugly
ssh,0.5165876777251185,shared,continue
ssh,0.6580310880829016,shared,selfishness
ssh,0.4479638009049774,shared,equal
ssh,0.36752136752136755,shared,floor
ssh,0.7582417582417582,shared,cottages
ssh,0.10726643598615918,b_only,solicitude
ssh,0.8497109826589595,shared,affinity
ssh,0.6931216931216931,shared,load
ssh,0.4349775784753363,shared,relations
ssh,0.415929203539823,shared,language
ssh,0.5094339622641509,shared,daily
ssh,0.1111111111111111,b_only,stool
ssh,1.0,a_only,lacking
ssh,0.2549019607843137,shared,em
ssh,0.46788990825688076,shared,coloured
ssh,0.5311004784688995,shared,duties
ssh,1.0,a_only,unofficial
ssh,1.0,a_only,organisations
ssh,0.6,shared,bean
ssh,0.3445378151260504,shared,deep
ssh,0.48148148148148145,shared,brothers
ssh,1.0,a_only,kabul
ssh,0.6410256410256411,shared,entertainment
ssh,1.0,a_only,succeeds
ssh,0.09965635738831616,b_only,consolation
ssh,1.0,a_only,penguin
ssh,0.8285714285714286,shared,pious
ssh,0.08843537414965986,b_only,washing
ssh,1.0,a_only,utility
ssh,0.39737991266375544,shared,hole
ssh,0.5533980582524272,shared,data
ssh,0.5841584158415841,shared,winning
ssh,0.10344827586206896,b_only,stricken
ssh,0.0958904109589041,b_only,chill
ssh,1.0,a_only,speculative
ssh,1.0,a_only,cemetery
ssh,0.5238095238095238,shared,secure
ssh,0.08843537414965986,b_only,hugged
ssh,0.5023474178403756,shared,wandering
ssh,0.37339055793991416,shared,sunday
ssh,0.5023474178403756,shared,denied
ssh,0.07023411371237458,b_only,tweedledum
ssh,0.391304347826087,shared,tall
ssh,0.3852813852813853,shared,moving
ssh,0.6842105263157895,shared,secondly
ssh,0.48148148148148145,shared,measure
ssh,1.0,a_only,marine
ssh,0.5238095238095238,shared,douglas
ssh,0.6666666666666666,shared,westminster
ssh,0.07744107744107744,b_only,27
ssh,0.6931216931216931,shared,remainder
ssh,0.7486338797814208,shared,shield
ssh,0.3114754098360656,shared,nine
ssh,0.7877094972067039,shared,limitations
ssh,0.7582417582417582,shared,saxon
ssh,1.0,a_only,derleth
ssh,1.0,a_only,singer
ssh,1.0,a_only,japan
ssh,0.3168724279835391,shared,certain
ssh,0.3168724279835391,shared,water
ssh,0.11888111888111888,b_only,fastened
ssh,0.09215017064846416,b_only,crawled
ssh,0.7112299465240641,shared,surveyed
ssh,1.0,a_only,obtaining
ssh,0.797752808988764,shared,cape
ssh,1.0,a_only,bavaria
ssh,0.7486338797814208,shared,dealing
ssh,1.0,a_only,context
ssh,0.0738255033557047,b_only,mock
ssh,0.08108108108108109,b_only,sally
ssh,0.5311004784688995,shared,pronounced
ssh,0.391304347826087,shared,lightning
ssh,0.4479638009049774,shared,taste
ssh,0.7486338797814208,shared,robe
ssh,0.675392670157068,shared,stretch
ssh,0.797752808988764,shared,feminine
ssh,0.5023474178403756,shared,problem
ssh,0.7204301075268817,shared,susan
ssh,0.5238095238095238,shared,feature
ssh,1.0,a_only,thelema
ssh,0.0958904109589041,b_only,gleam
ssh,0.6842105263157895,shared,inscription
ssh,0.3852813852813853,shared,resolved
ssh,0.7486338797814208,shared,imprisoned
ssh,0.7391304347826086,shared,eighteenth
ssh,0.6931216931216931,shared,verse
ssh,0.25,shared,sitting
ssh,1.0,a_only,biological
ssh,0.7582417582417582,shared,depression
ssh,1.0,a_only,cavity
ssh,1.0,a_only,disciplines
ssh,0.0738255033557047,b_only,boyhood
ssh,0.5841584158415841,shared,nearest
ssh,0.6666666666666666,shared,admission
ssh,0.39737991266375544,shared,doors
ssh,0.7297297297297297,shared,mystic
ssh,0.5094339622641509,shared,accused
ssh,0.7021276595744681,shared,improbable
ssh,1.0,a_only,mini
ssh,0.3278008298755187,shared,presence
ssh,0.09215017064846416,b_only,uneasiness
ssh,1.0,a_only,status
ssh,0.46788990825688076,shared,headed
ssh,1.0,a_only,missions
ssh,0.8604651162790697,shared,cotton
ssh,1.0,a_only,matt
ssh,0.06312292358803986,b_only,sawed
ssh,1.0,a_only,corporation
ssh,1.0,a_only,germanic
ssh,0.807909604519774,shared,terrace
ssh,0.6666666666666666,shared,insufficient
ssh,0.7486338797814208,shared,prosecution
ssh,1.0,a_only,pronunciation
ssh,0.7021276595744681,shared,upward
ssh,0.4611872146118721,shared,ghost
ssh,0.08108108108108109,b_only,smiles
ssh,0.5920398009950248,shared,gimme
ssh,0.5458937198067633,shared,newly
ssh,0.08108108108108109,b_only,borrow
ssh,0.675392670157068,shared,unnecessary
ssh,1.0,a_only,revolutionaries
ssh,0.5686274509803921,shared,cliff
ssh,0.5311004784688995,shared,howl
ssh,1.0,a_only,taxonomy
ssh,0.6161616161616161,shared,murray
ssh,1.0,a_only,traditional
ssh,0.3168724279835391,shared,repeated
ssh,1.0,a_only,org
ssh,0.5609756097560976,shared,w
ssh,0.5686274509803921,shared,relieved
ssh,1.0,a_only,professionals
ssh,0.0958904109589041,b_only,logs
ssh,0.7204301075268817,shared,corps
ssh,0.42857142857142855,shared,tomb
ssh,1.0,a_only,rifle
ssh,0.6494845360824743,shared,channel
ssh,0.7204301075268817,shared,contemplation
ssh,0.3168724279835391,shared,blue
ssh,0.8823529411764706,shared,heroic
ssh,0.08108108108108109,b_only,timid
ssh,1.0,a_only,excluded
ssh,0.0738255033557047,b_only,hastily
ssh,0.675392670157068,shared,inhabited
ssh,1.0,a_only,norwegian
ssh,1.0,a_only,fleming
ssh,0.08108108108108109,b_only,dracula
ssh,0.807909604519774,shared,loses
ssh,1.0,a_only,california
ssh,0.40969162995594716,shared,worst
ssh,0.5023474178403756,shared,suspicious
ssh,0.6410256410256411,shared,politics
ssh,1.0,a_only,contexts
ssh,1.0,a_only,mil
ssh,0.5094339622641509,shared,flight
ssh,0.4479638009049774,shared,attempt
ssh,1.0,a_only,ayn
ssh,0.391304347826087,shared,mystery
ssh,0.6494845360824743,shared,backward
ssh,0.08108108108108109,b_only,breathed
ssh,0.8181818181818182,shared,forests
ssh,1.0,a_only,burns
ssh,1.0,a_only,strategic
ssh,0.5533980582524272,shared,tackle
ssh,0.5920398009950248,shared,heat
ssh,1.0,a_only,ban
ssh,0.09215017064846416,b_only,coroner
ssh,1.0,a_only,transmission
ssh,1.0,a_only,stages
ssh,1.0,a_only,eukaryotes
ssh,0.0738255033557047,b_only,bats
ssh,1.0,a_only,referenced
ssh,0.6842105263157895,shared,authors
ssh,0.10344827586206896,b_only,swallow
ssh,1.0,a_only,hull
ssh,0.6666666666666666,shared,crowned
ssh,1.0,a_only,newton
ssh,0.7391304347826086,shared,diamond
ssh,0.7679558011049724,shared,dialect
ssh,0.09215017064846416,b_only,somewheres
ssh,0.0958904109589041,b_only,lid
ssh,1.0,a_only,acapulco
ssh,0.36752136752136755,shared,nose
ssh,1.0,a_only,identical
ssh,0.7679558011049724,shared,lectures
ssh,1.0,a_only,agnetha
ssh,0.2698412698412698,shared,prisoner
ssh,1.0,a_only,afc
ssh,0.6580310880829016,shared,tribe
ssh,0.6842105263157895,shared,exploring
ssh,0.5841584158415841,shared,determine
ssh,1.0,a_only,designers
ssh,0.3617021276595745,shared,mere
ssh,0.5311004784688995,shared,appeal
ssh,0.29554655870445345,shared,present
ssh,0.4611872146118721,shared,marks
ssh,1.0,a_only,alaric
ssh,0.07744107744107744,b_only,swear
ssh,0.4953271028037383,shared,approached
ssh,0.06312292358803986,b_only,wrist
ssh,1.0,a_only,irrigation
ssh,0.42857142857142855,shared,gang
ssh,0.5686274509803921,shared,bitterly
ssh,1.0,a_only,aegean
ssh,0.32231404958677684,shared,mr
ssh,1.0,a_only,z
ssh,0.2749003984063745,shared,put
ssh,1.0,a_only,lincoln
ssh,0.12280701754385964,b_only,loudly
ssh,1.0,a_only,andy
ssh,0.5609756097560976,shared,altered
ssh,0.7297297297297297,shared,deliberately
ssh,0.09215017064846416,b_only,stain
ssh,0.6494845360824743,shared,expedition
ssh,0.25984251968503935,shared,must
ssh,0.4883720930232558,shared,coffee
ssh,0.4953271028037383,shared,partly
ssh,0.7021276595744681,shared,vent
ssh,1.0,a_only,diagnostic
ssh,0.29554655870445345,shared,out
ssh,1.0,a_only,approaches
ssh,0.8497109826589595,shared,whatsoever
ssh,0.7679558011049724,shared,corrupt
ssh,0.6580310880829016,shared,conclusions
ssh,0.36752136752136755,shared,laying
ssh,0.3008130081300813,shared,big
ssh,0.4479638009049774,shared,soldiers
ssh,0.5165876777251185,shared,page
ssh,0.2698412698412698,shared,are
ssh,0.08843537414965986,b_only,gasped
ssh,1.0,a_only,depicts
ssh,1.0,a_only,balloons
ssh,0.350210970464135,shared,loud
ssh,0.5311004784688995,shared,campbell
ssh,0.4479638009049774,shared,conclusion
ssh,0.09965635738831616,b_only,gaoler
ssh,0.7679558011049724,shared,establish
ssh,0.6326530612244898,shared,reserve
ssh,1.0,a_only,jungle
ssh,0.245136186770428,shared,afraid
ssh,1.0,a_only,achilles
ssh,1.0,a_only,economic
ssh,0.6326530612244898,shared,waste
ssh,0.7297297297297297,shared,swing
ssh,0.07744107744107744,b_only,snatched
ssh,1.0,a_only,constitutes
ssh,0.7582417582417582,shared,defect
ssh,0.36752136752136755,shared,finger
ssh,1.0,a_only,environments
ssh,0.7391304347826086,shared,temporary
ssh,0.7204301075268817,shared,maiden
ssh,1.0,a_only,frequency
ssh,0.415929203539823,shared,footsteps
ssh,1.0,a_only,fran
ssh,1.0,a_only,ahmed
ssh,0.40350877192982454,shared,double
ssh,0.7582417582417582,shared,disorder
ssh,1.0,a_only,ai
ssh,1.0,a_only,almond
ssh,1.0,a_only,examples
ssh,1.0,a_only,evangelical
ssh,1.0,a_only,alhazred
ssh,1.0,a_only,reformation
ssh,0.08843537414965986,b_only,chairs
ssh,1.0,a_only,empire
ssh,0.7204301075268817,shared,premises
ssh,1.0,a_only,alabaster
ssh,1.0,a_only,predominant
ssh,0.7021276595744681,shared,grandfather
ssh,0.7021276595744681,shared,venetian
ssh,1.0,a_only,profile
ssh,0.4479638009049774,shared,suspicion
ssh,0.0847457627118644,b_only,amidst
ssh,1.0,a_only,akm
ssh,0.5238095238095238,shared,dish
ssh,0.0958904109589041,b_only,swelled
ssh,0.3008130081300813,shared,returned
ssh,0.10344827586206896,b_only,forehead
ssh,0.8390804597701149,shared,seal
ssh,0.7021276595744681,shared,reform
ssh,0.6161616161616161,shared,issued
ssh,0.7486338797814208,shared,harshly
ssh,1.0,a_only,audio
ssh,1.0,a_only,graphical
ssh,0.4953271028037383,shared,cost
ssh,0.39737991266375544,shared,rain
ssh,0.5384615384615384,shared,endure
ssh,0.797752808988764,shared,abandon
ssh,0.4611872146118721,shared,fifteen
ssh,1.0,a_only,eddie
ssh,0.5686274509803921,shared,memories
ssh,0.6842105263157895,shared,resurrection
ssh,0.5094339622641509,shared,secrets
ssh,1.0,a_only,serbia
ssh,0.6666666666666666,shared,harmony
ssh,1.0,a_only,mcclellan
ssh,0.7297297297297297,shared,jews
ssh,0.2549019607843137,shared,cut
ssh,0.7486338797814208,shared,requiring
ssh,1.0,a_only,voting
ssh,0.7204301075268817,shared,teaching
ssh,0.5165876777251185,shared,crash
ssh,1.0,a_only,benjamin
ssh,0.08843537414965986,b_only,terribly
ssh,1.0,a_only,il
ssh,0.6080402010050251,shared,ii
ssh,1.0,a_only,asteroid
ssh,0.6080402010050251,shared,exposed
ssh,0.797752808988764,shared,prevailing
ssh,1.0,a_only,jurisdiction
ssh,0.4883720930232558,shared,nervous
ssh,0.285140562248996,shared,slowly
ssh,0.07744107744107744,b_only,drowned
ssh,0.6931216931216931,shared,xvi
ssh,1.0,a_only,ce
ssh,0.797752808988764,shared,bristol
ssh,1.0,a_only,widespread
ssh,1.0,a_only,earl
ssh,0.5094339622641509,shared,increase
ssh,0.7877094972067039,shared,reverse
ssh,1.0,a_only,arminianism
ssh,0.3008130081300813,shared,send
ssh,0.23552123552123552,shared,over
ssh,0.6,shared,excess
ssh,0.2549019607843137,shared,sight
ssh,1.0,a_only,user
ssh,0.32231404958677684,shared,married
ssh,1.0,a_only,luke
ssh,0.0958904109589041,b_only,fortunate
ssh,0.7297297297297297,shared,decay
ssh,0.7297297297297297,shared,uncertainty
ssh,0.7112299465240641,shared,powder
ssh,0.6,shared,scandal
ssh,0.6243654822335025,shared,depart
ssh,0.6326530612244898,shared,masters
ssh,0.47465437788018433,shared,including
ssh,0.36752136752136755,shared,aside
ssh,0.06312292358803986,b_only,polly
ssh,0.7204301075268817,shared,cautious
ssh,1.0,a_only,asiatic
ssh,0.6494845360824743,shared,writes
ssh,0.7297297297297297,shared,bigger
ssh,0.0738255033557047,b_only,toller
ssh,0.3559322033898305,shared,running
ssh,1.0,a_only,opponents
ssh,0.3445378151260504,shared,mind
ssh,0.3114754098360656,shared,fear
ssh,0.07744107744107744,b_only,dread
ssh,0.3793103448275862,shared,working
ssh,0.3008130081300813,shared,grew
ssh,1.0,a_only,minerals
ssh,0.1111111111111111,b_only,stepping
ssh,0.40350877192982454,shared,fate
ssh,0.3445378151260504,shared,bird
ssh,1.0,a_only,paradox
ssh,0.1111111111111111,b_only,grasped
ssh,0.10344827586206896,b_only,rags
ssh,0.5023474178403756,shared,restored
ssh,1.0,a_only,conrad
ssh,0.4953271028037383,shared,material
ssh,0.2648221343873518,shared,eyes
ssh,0.807909604519774,shared,substitute
ssh,0.09215017064846416,b_only,seated
ssh,0.5686274509803921,shared,hailed
ssh,0.6666666666666666,shared,sunny
ssh,1.0,a_only,angles
ssh,1.0,a_only,carnival
ssh,0.3389121338912134,shared,speech
ssh,0.5533980582524272,shared,seconds
ssh,1.0,a_only,iraq
ssh,0.7391304347826086,shared,stores
ssh,1.0,a_only,runner
ssh,0.5023474178403756,shared,generous
ssh,0.47465437788018433,shared,entering
ssh,0.10344827586206896,b_only,phelps
ssh,1.0,a_only,infections
ssh,1.0,a_only,continues
ssh,0.29554655870445345,shared,soul
ssh,0.3333333333333333,shared,many
ssh,1.0,a_only,aesthetic
ssh,1.0,a_only,contribute
ssh,0.44144144144144143,shared,food
ssh,0.09215017064846416,b_only,boscombe
ssh,1.0,a_only,transmitted
ssh,1.0,a_only,adams
ssh,1.0,a_only,dose
ssh,0.40350877192982454,shared,lonely
ssh,0.09965635738831616,b_only,pity
ssh,1.0,a_only,veterans
ssh,0.415929203539823,shared,flies
ssh,1.0,a_only,mead
ssh,0.2648221343873518,shared,room
ssh,1.0,a_only,terrain
ssh,0.3617021276595745,shared,filled
ssh,1.0,a_only,tends
ssh,0.3852813852813853,shared,drop
ssh,0.056105610561056105,b_only,cursed
ssh,0.5841584158415841,shared,yielded
ssh,1.0,a_only,antimatter
ssh,0.7391304347826086,shared,inevitable
ssh,0.2549019607843137,shared,remember
ssh,0.0847457627118644,b_only,intently
ssh,0.46788990825688076,shared,armed
ssh,0.0847457627118644,b_only,rosings
ssh,0.5841584158415841,shared,neville
ssh,1.0,a_only,architect
ssh,1.0,a_only,squid
ssh,0.4479638009049774,shared,desired
ssh,1.0,a_only,bangladesh
ssh,1.0,a_only,angst
ssh,0.6326530612244898,shared,happening
ssh,0.350210970464135,shared,names
ssh,0.056105610561056105,b_only,defarge
ssh,0.6,shared,alongside
ssh,0.3559322033898305,shared,pocket
ssh,0.10344827586206896,b_only,hansom
ssh,0.6410256410256411,shared,nowhere
ssh,0.46788990825688076,shared,lively
ssh,1.0,a_only,levant
ssh,0.6580310880829016,shared,moses
ssh,1.0,a_only,colorado
ssh,0.30612244897959184,shared,different
ssh,1.0,a_only,conservation
ssh,0.11498257839721254,b_only,stared
ssh,0.07023411371237458,b_only,innocence
ssh,0.807909604519774,shared,inherited
ssh,0.3278008298755187,shared,former
ssh,0.7777777777777778,shared,varying
ssh,0.3445378151260504,shared,due
ssh,1.0,a_only,berry
ssh,0.4222222222222222,shared,born
ssh,1.0,a_only,prototype
ssh,1.0,a_only,item
ssh,0.5238095238095238,shared,recent
ssh,0.5841584158415841,shared,finest
ssh,0.42857142857142855,shared,chain
ssh,0.08843537414965986,b_only,consented
ssh,1.0,a_only,code
ssh,0.7204301075268817,shared,spotted
ssh,0.30612244897959184,shared,red
ssh,0.0847457627118644,b_only,faults
ssh,1.0,a_only,actinium
ssh,0.06666666666666667,b_only,rattled
ssh,1.0,a_only,bomb
ssh,0.4479638009049774,shared,ladder
ssh,1.0,a_only,successors
ssh,0.6161616161616161,shared,belt
ssh,0.08108108108108109,b_only,approaching
ssh,0.7877094972067039,shared,bordered
ssh,0.675392670157068,shared,packed
ssh,1.0,a_only,zinc
ssh,0.29554655870445345,shared,engaged
ssh,1.0,a_only,economies
ssh,1.0,a_only,genocide
ssh,0.3445378151260504,shared,seized
ssh,0.40350877192982454,shared,drink
ssh,0.07023411371237458,b_only,shouldn
ssh,0.797752808988764,shared,planted
ssh,0.3114754098360656,shared,lie
ssh,0.2903225806451613,shared,any
ssh,0.0738255033557047,b_only,fiend
ssh,1.0,a_only,maintaining
ssh,0.5763546798029556,shared,f
ssh,0.285140562248996,shared,son
ssh,0.4479638009049774,shared,ha
ssh,1.0,a_only,bin
ssh,0.7391304347826086,shared,omitted
ssh,0.7021276595744681,shared,replaced
ssh,0.7204301075268817,shared,assent
ssh,0.5458937198067633,shared,cure
ssh,0.08843537414965986,b_only,afeard
ssh,1.0,a_only,documents
ssh,1.0,a_only,beginnings
ssh,0.5238095238095238,shared,active
ssh,0.3793103448275862,shared,respect
ssh,1.0,a_only,specialized
ssh,1.0,a_only,orwell
ssh,0.7679558011049724,shared,checking
ssh,0.5686274509803921,shared,bearing
ssh,0.6161616161616161,shared,rogers
ssh,0.0738255033557047,b_only,hasn
ssh,1.0,a_only,kevin
ssh,0.08108108108108109,b_only,louder
ssh,0.6080402010050251,shared,scarlet
ssh,0.7021276595744681,shared,los
ssh,0.07023411371237458,b_only,learnt
ssh,1.0,a_only,comprises
ssh,0.11888111888111888,b_only,waiter
ssh,0.6666666666666666,shared,association
ssh,0.797752808988764,shared,hungarian
ssh,0.7112299465240641,shared,mar
ssh,1.0,a_only,northwest
ssh,0.6,shared,mortal
ssh,1.0,a_only,maryland
ssh,1.0,a_only,administrative
ssh,1.0,a_only,lipsius
ssh,0.3168724279835391,shared,daughter
ssh,0.28,shared,wrong
ssh,1.0,a_only,conferences
ssh,0.3793103448275862,shared,especially
ssh,0.10344827586206896,b_only,winchester
ssh,0.7777777777777778,shared,holt
ssh,1.0,a_only,module
ssh,0.5841584158415841,shared,chest
ssh,0.7486338797814208,shared,shelves
ssh,1.0,a_only,legislation
ssh,0.6842105263157895,shared,sickness
ssh,0.4349775784753363,shared,starting
ssh,0.3114754098360656,shared,save
ssh,0.4479638009049774,shared,forms
ssh,0.40350877192982454,shared,reasons
ssh,0.39737991266375544,shared,passage
ssh,0.3008130081300813,shared,companion
ssh,1.0,a_only,amides
ssh,0.7112299465240641,shared,foe
ssh,0.5023474178403756,shared,silver
ssh,0.8390804597701149,shared,entries
ssh,0.5609756097560976,shared,subtle
ssh,1.0,a_only,volcanoes
ssh,0.40350877192982454,shared,lantern
ssh,0.07023411371237458,b_only,shirt
ssh,1.0,a_only,odysseus
ssh,0.2903225806451613,shared,raised
ssh,1.0,a_only,anarchy
ssh,0.5841584158415841,shared,chile
ssh,1.0,a_only,pyramid
ssh,0.3278008298755187,shared,finally
ssh,0.3333333333333333,shared,our
ssh,1.0,a_only,reducing
ssh,0.5686274509803921,shared,beats
ssh,1.0,a_only,alberta
ssh,0.3445378151260504,shared,anyway
ssh,0.6243654822335025,shared,solved
ssh,1.0,a_only,cosmology
ssh,1.0,a_only,supporting
ssh,0.30612244897959184,shared,joy
ssh,1.0,a_only,amaranthus
ssh,1.0,a_only,decisive
ssh,1.0,a_only,transformation
ssh,0.5841584158415841,shared,retreat
ssh,0.07744107744107744,b_only,beheld
ssh,0.7877094972067039,shared,exposing
ssh,0.2648221343873518,shared,whilst
ssh,1.0,a_only,armies
ssh,0.391304347826087,shared,shoes
ssh,0.2549019607843137,shared,where
ssh,0.3278008298755187,shared,drawing
ssh,0.07744107744107744,b_only,forgive
ssh,1.0,a_only,morocco
ssh,0.42857142857142855,shared,served
ssh,0.5609756097560976,shared,gas
ssh,1.0,a_only,medieval
ssh,1.0,a_only,computer
ssh,0.45454545454545453,shared,bible
ssh,0.6243654822335025,shared,heel
ssh,0.4953271028037383,shared,goods
ssh,0.06666666666666667,b_only,dined
ssh,0.8285714285714286,shared,surveying
ssh,1.0,a_only,advent
ssh,0.06666666666666667,b_only,disturb
ssh,0.6580310880829016,shared,calf
ssh,0.11888111888111888,b_only,tow
ssh,1.0,a_only,translated
ssh,0.285140562248996,shared,instant
ssh,0.4611872146118721,shared,statement
ssh,1.0,a_only,warriors
ssh,1.0,a_only,unsafe
ssh,0.3445378151260504,shared,kiss
ssh,0.2698412698412698,shared,end
ssh,1.0,a_only,exports
ssh,0.28,shared,indeed
ssh,0.10344827586206896,b_only,unicorn
ssh,0.6931216931216931,shared,sticks
ssh,0.47465437788018433,shared,speed
ssh,0.3333333333333333,shared,places
ssh,0.0958904109589041,b_only,gaily
ssh,0.5841584158415841,shared,starved
ssh,1.0,a_only,ascii
ssh,0.5920398009950248,shared,geoffrey
ssh,1.0,a_only,da
ssh,0.7297297297297297,shared,obscurity
ssh,0.285140562248996,shared,an
ssh,1.0,a_only,output
ssh,0.30612244897959184,shared,these
ssh,1.0,a_only,massachusetts
ssh,0.5458937198067633,shared,unlike
ssh,0.5533980582524272,shared,strained
ssh,1.0,a_only,width
ssh,0.4349775784753363,shared,judgment
ssh,0.4611872146118721,shared,mainly
ssh,0.40969162995594716,shared,impression
ssh,1.0,a_only,designer
ssh,0.5763546798029556,shared,create
ssh,0.3278008298755187,shared,age
ssh,0.350210970464135,shared,patient
ssh,0.5094339622641509,shared,port
ssh,1.0,a_only,stations
ssh,1.0,a_only,deposits
ssh,0.47465437788018433,shared,quarrel
ssh,0.09215017064846416,b_only,stoner
ssh,0.2698412698412698,shared,instead
ssh,1.0,a_only,satirical
ssh,0.7582417582417582,shared,everlasting
ssh,0.5920398009950248,shared,lighting
ssh,0.0958904109589041,b_only,tiptoe
ssh,1.0,a_only,unification
ssh,1.0,a_only,nevada
ssh,1.0,a_only,disagreement
ssh,1.0,a_only,pseudo
ssh,1.0,a_only,treating
ssh,1.0,a_only,deities
ssh,0.5238095238095238,shared,sweep
ssh,0.7204301075268817,shared,population
ssh,0.4611872146118721,shared,royalties
ssh,0.47465437788018433,shared,scotland
ssh,1.0,a_only,developmental
ssh,1.0,a_only,randall
ssh,1.0,a_only,europeans
ssh,0.08108108108108109,b_only,hurst
ssh,0.4479638009049774,shared,rapidly
ssh,1.0,a_only,disability
ssh,0.3278008298755187,shared,private
ssh,1.0,a_only,pennsylvania
ssh,0.4883720930232558,shared,la
ssh,0.4611872146118721,shared,wheel
ssh,0.6161616161616161,shared,honor
ssh,1.0,a_only,cube
ssh,0.7112299465240641,shared,tales
ssh,1.0,a_only,argentina
ssh,0.6931216931216931,shared,associate
ssh,0.6,shared,preparing
ssh,0.6410256410256411,shared,blowing
ssh,0.415929203539823,shared,becoming
ssh,0.6080402010050251,shared,jealousy
ssh,0.5238095238095238,shared,preacher
ssh,0.5165876777251185,shared,jack
ssh,0.08843537414965986,b_only,trance
ssh,0.7877094972067039,shared,commit
ssh,0.09215017064846416,b_only,staircase
ssh,0.2749003984063745,shared,around
ssh,0.5094339622641509,shared,purchase
ssh,0.2749003984063745,shared,girl
ssh,0.6326530612244898,shared,emphasis
ssh,1.0,a_only,racial
ssh,0.6410256410256411,shared,registered
ssh,0.6243654822335025,shared,seventeen
ssh,1.0,a_only,kalashnikov
ssh,0.7486338797814208,shared,nail
ssh,0.3278008298755187,shared,twice
ssh,0.4479638009049774,shared,etc
ssh,0.7297297297297297,shared,springs
ssh,1.0,a_only,derivation
ssh,0.3559322033898305,shared,altogether
ssh,1.0,a_only,premiers
ssh,0.39737991266375544,shared,frequently
ssh,0.5165876777251185,shared,holder
ssh,1.0,a_only,clark
ssh,0.5763546798029556,shared,represent
ssh,0.11888111888111888,b_only,dripping
ssh,0.07744107744107744,b_only,distributing
ssh,1.0,a_only,heights
ssh,1.0,a_only,anno
ssh,1.0,a_only,circuits
ssh,0.7297297297297297,shared,accidental
ssh,0.2648221343873518,shared,stay
ssh,0.6326530612244898,shared,answers
ssh,0.5384615384615384,shared,robbers
ssh,1.0,a_only,championship
ssh,0.7021276595744681,shared,giant
ssh,1.0,a_only,patrick
ssh,0.3445378151260504,shared,william
ssh,0.48148148148148145,shared,retired
ssh,0.675392670157068,shared,symptoms
ssh,0.6080402010050251,shared,deaf
ssh,0.10344827586206896,b_only,hellish
ssh,0.36752136752136755,shared,trees
ssh,0.7021276595744681,shared,headache
ssh,0.1111111111111111,b_only,canoe
ssh,0.6,shared,doctors
ssh,1.0,a_only,monasteries
ssh,0.06666666666666667,b_only,inquiries
ssh,0.6494845360824743,shared,disguise
ssh,0.6243654822335025,shared,chased
ssh,0.415929203539823,shared,pressed
ssh,1.0,a_only,distribution
ssh,0.3793103448275862,shared,flowers
ssh,0.415929203539823,shared,mistake
ssh,0.12280701754385964,b_only,ladyship
ssh,0.5238095238095238,shared,crushed
ssh,0.5384615384615384,shared,print
ssh,1.0,a_only,animistic
ssh,1.0,a_only,guitarist
ssh,0.3617021276595745,shared,pause
ssh,0.3008130081300813,shared,art
ssh,1.0,a_only,binary
ssh,1.0,a_only,consumer
ssh,1.0,a_only,centered
ssh,1.0,a_only,phoenician
ssh,0.5841584158415841,shared,career
ssh,0.08843537414965986,b_only,pleasantly
ssh,0.7391304347826086,shared,anglo
ssh,1.0,a_only,princeton
ssh,0.5763546798029556,shared,physical
ssh,0.6842105263157895,shared,considerably
ssh,0.7877094972067039,shared,regions
ssh,0.4953271028037383,shared,risk
ssh,0.7297297297297297,shared,poet
ssh,0.28,shared,words
ssh,0.09215017064846416,b_only,moonlight
ssh,0.5533980582524272,shared,characteristic
ssh,0.7021276595744681,shared,hospital
ssh,1.0,a_only,findings
ssh,1.0,a_only,exploration
ssh,0.7582417582417582,shared,block
ssh,0.1111111111111111,b_only,mast
ssh,0.797752808988764,shared,bind
ssh,1.0,a_only,minnesota
ssh,1.0,a_only,episodes
ssh,0.5686274509803921,shared,lack
ssh,0.5384615384615384,shared,named
ssh,0.09215017064846416,b_only,tearing
ssh,0.5023474178403756,shared,intimate
ssh,0.7679558011049724,shared,horn
ssh,0.5763546798029556,shared,reputation
ssh,0.3389121338912134,shared,somewhere
ssh,1.0,a_only,archipelago
ssh,1.0,a_only,currently
ssh,1.0,a_only,santos
ssh,1.0,a_only,hayek
ssh,0.09215017064846416,b_only,knocking
ssh,0.07023411371237458,b_only,whisper
ssh,1.0,a_only,robots
ssh,0.28,shared,boys
ssh,0.2698412698412698,shared,found
ssh,0.6410256410256411,shared,missouri
ssh,0.30612244897959184,shared,safe
ssh,0.2903225806451613,shared,catherine
ssh,0.6494845360824743,shared,italy
ssh,1.0,a_only,addiction
ssh,0.6410256410256411,shared,basin
ssh,0.8285714285714286,shared,random
ssh,0.3168724279835391,shared,quietly
ssh,0.5165876777251185,shared,seeking
ssh,0.47465437788018433,shared,lip
ssh,0.056105610561056105,b_only,dreaming
ssh,0.3852813852813853,shared,fail
ssh,1.0,a_only,clinical
ssh,0.5763546798029556,shared,weapon
ssh,0.5165876777251185,shared,barrier
ssh,0.5609756097560976,shared,fought
ssh,0.6161616161616161,shared,adopted
ssh,0.2903225806451613,shared,comfort
ssh,1.0,a_only,corporate
ssh,0.7021276595744681,shared,breadth
ssh,1.0,a_only,cloister
ssh,1.0,a_only,andes
ssh,0.6931216931216931,shared,extending
ssh,1.0,a_only,algebraic
ssh,1.0,a_only,astrology
ssh,0.1111111111111111,b_only,darling
ssh,1.0,a_only,anarchism
ssh,0.6161616161616161,shared,bowl
ssh,1.0,a_only,jobs
ssh,0.7297297297297297,shared,professed
ssh,1.0,a_only,overthrow
ssh,1.0,a_only,arc
ssh,0.7391304347826086,shared,artificial
ssh,1.0,a_only,community
ssh,0.09215017064846416,b_only,lodging
ssh,1.0,a_only,nelson
ssh,0.5023474178403756,shared,folded
ssh,0.7486338797814208,shared,genuine
ssh,0.6842105263157895,shared,auction
ssh,0.6494845360824743,shared,development
ssh,0.6080402010050251,shared,palace
ssh,1.0,a_only,bulk
ssh,0.2749003984063745,shared,arms
ssh,0.6580310880829016,shared,motives
ssh,0.5311004784688995,shared,afford
ssh,0.3114754098360656,shared,empty
ssh,1.0,a_only,pilots
ssh,1.0,a_only,chronology
ssh,1.0,a_only,apocryphal
ssh,0.7582417582417582,shared,alexandre
ssh,0.5238095238095238,shared,victim
ssh,0.08843537414965986,b_only,amy
ssh,0.5686274509803921,shared,flow
ssh,0.5686274509803921,shared,incident
ssh,0.7877094972067039,shared,withdraw
ssh,0.10726643598615918,b_only,sombre
ssh,1.0,a_only,glaciers
ssh,0.42857142857142855,shared,hearts
ssh,0.7021276595744681,shared,permanent
ssh,0.08108108108108109,b_only,soothed
ssh,1.0,a_only,winters
ssh,0.6243654822335025,shared,fifth
ssh,1.0,a_only,boston
ssh,0.3617021276595745,shared,understood
ssh,0.7679558011049724,shared,skull
ssh,0.1111111111111111,b_only,fluttered
ssh,1.0,a_only,afterlife
ssh,0.3168724279835391,shared,money
ssh,1.0,a_only,dictator
ssh,0.07023411371237458,b_only,wickham
ssh,0.6161616161616161,shared,mysteries
ssh,1.0,a_only,resembles
ssh,0.7777777777777778,shared,district
ssh,0.5384615384615384,shared,x
ssh,0.675392670157068,shared,included
ssh,1.0,a_only,vol
ssh,1.0,a_only,nashville
ssh,0.7777777777777778,shared,flint
ssh,0.5763546798029556,shared,wanting
ssh,0.7297297297297297,shared,abrupt
ssh,1.0,a_only,websites
ssh,1.0,a_only,reflecting
ssh,0.10344827586206896,b_only,stately
ssh,0.32231404958677684,shared,hundred
ssh,0.6666666666666666,shared,richard
ssh,1.0,a_only,skills
ssh,0.0738255033557047,b_only,twisted
ssh,0.7679558011049724,shared,teachers
ssh,0.08843537414965986,b_only,bushes
ssh,1.0,a_only,participate
ssh,0.6,shared,recorded
ssh,0.44144144144144143,shared,dawn
ssh,0.7204301075268817,shared,luxury
ssh,0.3114754098360656,shared,worth
ssh,0.0738255033557047,b_only,fix
ssh,0.5094339622641509,shared,ocean
ssh,0.3114754098360656,shared,fact
ssh,0.3114754098360656,shared,old
ssh,1.0,a_only,nomenclature
ssh,0.6666666666666666,shared,margaret
ssh,0.3389121338912134,shared,hours
ssh,1.0,a_only,swinburne
ssh,0.5841584158415841,shared,fitted
ssh,0.36752136752136755,shared,group
ssh,0.29554655870445345,shared,greatest
ssh,0.7877094972067039,shared,transferred
ssh,0.10726643598615918,b_only,lazy
ssh,0.6842105263157895,shared,destroying
ssh,1.0,a_only,ishmael
ssh,1.0,a_only,archaea
ssh,0.4222222222222222,shared,space
ssh,1.0,a_only,ibm
ssh,0.5311004784688995,shared,forces
ssh,1.0,a_only,discipline
ssh,0.10344827586206896,b_only,contempt
ssh,0.6080402010050251,shared,protested
ssh,1.0,a_only,aristotelian
ssh,1.0,a_only,oracle
ssh,0.5094339622641509,shared,departure
ssh,1.0,a_only,al
ssh,0.0738255033557047,b_only,throat
ssh,0.39737991266375544,shared,dust
ssh,0.4479638009049774,shared,pick
ssh,1.0,a_only,anchoring
ssh,1.0,a_only,valence
ssh,1.0,a_only,intervention
ssh,0.3114754098360656,shared,children
ssh,0.36752136752136755,shared,minutes
ssh,0.0738255033557047,b_only,indifferent
ssh,1.0,a_only,syndrome
ssh,0.08108108108108109,b_only,partiality
ssh,0.6410256410256411,shared,appearing
ssh,1.0,a_only,pueblo
ssh,0.5311004784688995,shared,local
ssh,1.0,a_only,meighen
ssh,0.09965635738831616,b_only,lucie
ssh,0.3389121338912134,shared,service
ssh,0.46788990825688076,shared,felix
ssh,0.44144144144144143,shared,cabin
ssh,0.7112299465240641,shared,throne
ssh,1.0,a_only,resulting
ssh,1.0,a_only,archbishop
ssh,1.0,a_only,boxer
ssh,1.0,a_only,dating
ssh,1.0,a_only,wright
ssh,0.7204301075268817,shared,seizing
ssh,0.28,shared,either
ssh,1.0,a_only,sahara
ssh,1.0,a_only,ion
ssh,1.0,a_only,marple
ssh,0.797752808988764,shared,flood
ssh,1.0,a_only,spear
ssh,1.0,a_only,auto
ssh,1.0,a_only,pioneered
ssh,1.0,a_only,franks
ssh,0.28,shared,outside
ssh,1.0,a_only,molecular
ssh,1.0,a_only,municipal
ssh,1.0,a_only,zambia
ssh,0.6666666666666666,shared,placing
ssh,0.08108108108108109,b_only,shattered
ssh,1.0,a_only,electron
ssh,1.0,a_only,emperors
ssh,0.2749003984063745,shared,won
ssh,1.0,a_only,located
ssh,0.7021276595744681,shared,offering
ssh,0.6842105263157895,shared,incomplete
ssh,0.2749003984063745,shared,surprise
ssh,1.0,a_only,abbreviation
ssh,0.09965635738831616,b_only,tumbling
ssh,0.5023474178403756,shared,pursuit
ssh,0.5458937198067633,shared,agent
ssh,0.6243654822335025,shared,manifest
ssh,1.0,a_only,soviets
ssh,0.45454545454545453,shared,scheme
ssh,1.0,a_only,wins
ssh,1.0,a_only,reign
ssh,0.42857142857142855,shared,value
ssh,0.1387900355871886,b_only,lifeless
ssh,1.0,a_only,candidate
ssh,1.0,a_only,scripts
ssh,0.7204301075268817,shared,guided
ssh,0.7112299465240641,shared,conqueror
ssh,0.7777777777777778,shared,spun
ssh,0.5023474178403756,shared,birth
ssh,0.5920398009950248,shared,cigarette
ssh,0.5533980582524272,shared,abroad
ssh,0.6410256410256411,shared,spider
ssh,1.0,a_only,spain
ssh,0.7021276595744681,shared,phase
ssh,0.7679558011049724,shared,restoring
ssh,0.11888111888111888,b_only,expressive
ssh,0.7486338797814208,shared,se
ssh,0.30612244897959184,shared,however
ssh,0.30612244897959184,shared,die
ssh,0.7297297297297297,shared,curved
ssh,0.4953271028037383,shared,mail
ssh,1.0,a_only,implied
ssh,1.0,a_only,governors
ssh,0.08843537414965986,b_only,laughing
ssh,1.0,a_only,premise
ssh,0.5609756097560976,shared,collection
ssh,0.6080402010050251,shared,parish
ssh,0.39737991266375544,shared,task
ssh,0.7112299465240641,shared,causing
ssh,1.0,a_only,mysticism
ssh,0.6842105263157895,shared,wider
ssh,1.0,a_only,encoding
ssh,0.5920398009950248,shared,hay
ssh,0.5238095238095238,shared,clouds
ssh,1.0,a_only,inflation
ssh,0.45454545454545453,shared,obvious
ssh,0.42857142857142855,shared,stirring
ssh,0.29554655870445345,shared,keep
ssh,0.47465437788018433,shared,reflection
ssh,0.5920398009950248,shared,origin
ssh,0.5609756097560976,shared,veil
ssh,0.3008130081300813,shared,fell
ssh,1.0,a_only,unita
ssh,0.5384615384615384,shared,height
ssh,0.7297297297297297,shared,kick
ssh,0.6931216931216931,shared,bonds
ssh,0.6580310880829016,shared,engine
ssh,1.0,a_only,artefacts
ssh,0.675392670157068,shared,classes
ssh,0.5238095238095238,shared,loves
ssh,0.2903225806451613,shared,form
ssh,0.08108108108108109,b_only,wonders
ssh,1.0,a_only,cable
ssh,0.6161616161616161,shared,reception
ssh,1.0,a_only,inventors
ssh,0.0958904109589041,b_only,shouting
ssh,0.08108108108108109,b_only,alteration
ssh,1.0,a_only,broadly
ssh,1.0,a_only,seceded
ssh,0.675392670157068,shared,switzerland
ssh,0.6243654822335025,shared,numerous
ssh,0.3445378151260504,shared,plain
ssh,0.08108108108108109,b_only,morrow
ssh,1.0,a_only,aligned
ssh,0.08843537414965986,b_only,longing
ssh,1.0,a_only,ft
ssh,0.2903225806451613,shared,ladies
ssh,0.3114754098360656,shared,strength
ssh,0.6666666666666666,shared,bull
ssh,1.0,a_only,albums
ssh,0.6326530612244898,shared,relation
ssh,1.0,a_only,configuration
ssh,0.3333333333333333,shared,bell
ssh,0.0958904109589041,b_only,impatiently
ssh,0.8285714285714286,shared,plains
ssh,1.0,a_only,diplomatic
ssh,0.25,shared,forth
ssh,0.09965635738831616,b_only,lest
ssh,1.0,a_only,continent
ssh,1.0,a_only,liquid
ssh,0.2903225806451613,shared,simply
ssh,1.0,a_only,sample
ssh,1.0,a_only,pro
ssh,0.2549019607843137,shared,friend
ssh,0.5023474178403756,shared,striking
ssh,0.37339055793991416,shared,fool
ssh,0.5094339622641509,shared,agatha
ssh,0.5763546798029556,shared,undoubtedly
ssh,1.0,a_only,comparable
ssh,0.3852813852813853,shared,ay
ssh,0.285140562248996,shared,call
ssh,0.11888111888111888,b_only,safie
ssh,1.0,a_only,compounds
ssh,1.0,a_only,androids
ssh,0.3278008298755187,shared,consider
ssh,0.5094339622641509,shared,follows
ssh,0.08843537414965986,b_only,attentive
ssh,1.0,a_only,temperate
ssh,0.5686274509803921,shared,slide
ssh,1.0,a_only,unit
ssh,0.3168724279835391,shared,would
ssh,0.7204301075268817,shared,fiercely
ssh,0.3333333333333333,shared,church
ssh,0.8285714285714286,shared,directing
ssh,0.415929203539823,shared,powerful
ssh,0.3389121338912134,shared,third
ssh,0.8604651162790697,shared,wills
ssh,0.6580310880829016,shared,talents
ssh,0.3008130081300813,shared,given
ssh,0.4883720930232558,shared,stronger
ssh,0.5763546798029556,shared,bars
ssh,0.08108108108108109,b_only,darkened
ssh,0.6931216931216931,shared,mechanical
ssh,0.46788990825688076,shared,season
ssh,1.0,a_only,finite
ssh,1.0,a_only,probe
ssh,0.7777777777777778,shared,unusually
ssh,1.0,a_only,definitions
ssh,0.3168724279835391,shared,sake
ssh,0.6161616161616161,shared,bills
ssh,0.675392670157068,shared,acknowledge
ssh,1.0,a_only,virus
ssh,1.0,a_only,lyon
ssh,1.0,a_only,improving
ssh,0.12280701754385964,b_only,wisht
ssh,0.797752808988764,shared,compositions
ssh,0.350210970464135,shared,return
ssh,0.5609756097560976,shared,employment
ssh,0.44144144144144143,shared,proof
ssh,0.7204301075268817,shared,devices
ssh,1.0,a_only,jewish
ssh,1.0,a_only,einstein
ssh,1.0,a_only,justin
ssh,0.0958904109589041,b_only,dreary
ssh,1.0,a_only,milan
ssh,1.0,a_only,layout
ssh,1.0,a_only,assumes
ssh,0.07023411371237458,b_only,lucy
ssh,0.350210970464135,shared,slightly
ssh,0.6580310880829016,shared,insects
ssh,0.32231404958677684,shared,almost
ssh,0.0847457627118644,b_only,disagreeable
ssh,1.0,a_only,symbolic
ssh,0.6,shared,seize
ssh,1.0,a_only,proven
ssh,0.47465437788018433,shared,rights
ssh,0.5165876777251185,shared,divine
ssh,0.6666666666666666,shared,revolution
ssh,1.0,a_only,agricultural
ssh,0.2648221343873518,shared,find
ssh,0.07744107744107744,b_only,barsad
ssh,1.0,a_only,tested
ssh,0.07023411371237458,b_only,frock
ssh,1.0,a_only,performances
ssh,0.2549019607843137,shared,quiet
ssh,1.0,a_only,pr
ssh,0.3333333333333333,shared,handed
ssh,0.7679558011049724,shared,copied
ssh,0.5238095238095238,shared,paint
ssh,1.0,a_only,gypsum
ssh,0.6,shared,thy
ssh,0.5841584158415841,shared,resentment
ssh,1.0,a_only,gen
ssh,0.0847457627118644,b_only,nicely
ssh,0.47465437788018433,shared,someone
ssh,0.10344827586206896,b_only,blast
ssh,0.6842105263157895,shared,masses
ssh,1.0,a_only,austro
ssh,0.3168724279835391,shared,wall
ssh,1.0,a_only,enlightenment
ssh,0.2698412698412698,shared,waited
ssh,1.0,a_only,transfer
ssh,1.0,a_only,technology
ssh,0.0958904109589041,b_only,haired
ssh,0.07744107744107744,b_only,watchful
ssh,1.0,a_only,alp
ssh,1.0,a_only,philadelphia
ssh,1.0,a_only,vogt
ssh,0.7204301075268817,shared,sized
ssh,0.6,shared,anchor
ssh,0.6161616161616161,shared,indicated
ssh,0.4953271028037383,shared,swim
ssh,0.5920398009950248,shared,investigation
ssh,0.5384615384615384,shared,deeper
ssh,0.45454545454545453,shared,mixed
ssh,0.5609756097560976,shared,spiritual
ssh,0.3168724279835391,shared,madame
ssh,1.0,a_only,reports
ssh,1.0,a_only,contest
ssh,0.3278008298755187,shared,paper
ssh,0.09215017064846416,b_only,laughter
ssh,1.0,a_only,martin
ssh,0.5841584158415841,shared,claimed
ssh,1.0,a_only,jos
ssh,1.0,a_only,prior
ssh,0.29554655870445345,shared,face
ssh,1.0,a_only,nationalist
ssh,0.48148148148148145,shared,belong
ssh,1.0,a_only,vladimir
ssh,0.47465437788018433,shared,advance
ssh,0.39737991266375544,shared,history
ssh,0.5165876777251185,shared,folk
ssh,1.0,a_only,astronauts
ssh,1.0,a_only,momentum
ssh,1.0,a_only,exclusion
ssh,0.29554655870445345,shared,air
ssh,0.46788990825688076,shared,grey
ssh,1.0,a_only,utah
ssh,0.4349775784753363,shared,turns
ssh,0.5841584158415841,shared,q
ssh,0.08108108108108109,b_only,habits
ssh,0.7877094972067039,shared,conclude
ssh,1.0,a_only,albertus
ssh,0.807909604519774,shared,heated
ssh,1.0,a_only,ken
ssh,0.47465437788018433,shared,july
ssh,1.0,a_only,sheen
ssh,1.0,a_only,trivia
ssh,1.0,a_only,margin
ssh,0.5384615384615384,shared,profession
ssh,1.0,a_only,permanently
ssh,0.09215017064846416,b_only,undertaker
ssh,0.08843537414965986,b_only,brass
ssh,1.0,a_only,alexandria
ssh,0.10726643598615918,b_only,chained
ssh,1.0,a_only,vietnam
ssh,1.0,a_only,bernard
ssh,1.0,a_only,dict
ssh,1.0,a_only,shots
ssh,1.0,a_only,liberals
ssh,1.0,a_only,ivan
ssh,0.46788990825688076,shared,proceeded
ssh,0.07744107744107744,b_only,monde
ssh,0.09215017064846416,b_only,funny
ssh,0.08108108108108109,b_only,neighbour
ssh,0.5763546798029556,shared,member
ssh,0.3008130081300813,shared,mighty
ssh,0.40969162995594716,shared,joined
ssh,0.4611872146118721,shared,gutenberg
ssh,0.0738255033557047,b_only,admirable
ssh,0.8285714285714286,shared,remedy
ssh,1.0,a_only,wyoming
ssh,1.0,a_only,scott
ssh,0.4222222222222222,shared,crocodile
ssh,0.5165876777251185,shared,separate
ssh,0.0738255033557047,b_only,sensations
ssh,0.7297297297297297,shared,facing
ssh,0.3389121338912134,shared,length
ssh,0.6666666666666666,shared,accidentally
ssh,0.47465437788018433,shared,victor
ssh,1.0,a_only,surprisingly
ssh,1.0,a_only,functioning
ssh,0.7021276595744681,shared,actor
ssh,0.6410256410256411,shared,owned
ssh,0.07023411371237458,b_only,cruncher
ssh,0.06666666666666667,b_only,clapped
ssh,0.5686274509803921,shared,beast
ssh,1.0,a_only,joshua
ssh,0.6326530612244898,shared,accidents
ssh,0.08843537414965986,b_only,willingly
ssh,1.0,a_only,attested
ssh,0.5094339622641509,shared,foreign
ssh,0.0847457627118644,b_only,ardent
ssh,0.5841584158415841,shared,noted
ssh,0.5023474178403756,shared,joke
ssh,1.0,a_only,convert
ssh,0.2648221343873518,shared,observed
ssh,1.0,a_only,universities
ssh,0.6243654822335025,shared,preserved
ssh,0.6,shared,massive
ssh,0.5763546798029556,shared,eating
ssh,1.0,a_only,barbuda
ssh,0.0958904109589041,b_only,madman
ssh,1.0,a_only,versa
ssh,0.5311004784688995,shared,cards
ssh,0.2549019607843137,shared,nothing
ssh,0.3168724279835391,shared,us
ssh,0.3559322033898305,shared,previous
ssh,0.7486338797814208,shared,bits
ssh,1.0,a_only,citizenship
ssh,0.7486338797814208,shared,cultivation
ssh,1.0,a_only,bonding
ssh,0.3278008298755187,shared,mary
ssh,0.7112299465240641,shared,russian
ssh,1.0,a_only,acclaimed
ssh,1.0,a_only,forum
ssh,1.0,a_only,andrei
ssh,0.09965635738831616,b_only,meryton
ssh,0.7486338797814208,shared,frontier
ssh,0.0958904109589041,b_only,knitting
ssh,1.0,a_only,collaboration
ssh,0.3559322033898305,shared,fly
ssh,0.30612244897959184,shared,am
ssh,0.7877094972067039,shared,butler
ssh,0.6666666666666666,shared,preceded
ssh,1.0,a_only,techniques
ssh,0.4953271028037383,shared,field
ssh,0.6580310880829016,shared,hail
ssh,0.06666666666666667,b_only,shutters
ssh,0.2903225806451613,shared,make
ssh,0.40350877192982454,shared,practice
ssh,1.0,a_only,council
ssh,1.0,a_only,darwin
ssh,1.0,a_only,meteorites
ssh,1.0,a_only,replica
ssh,0.7486338797814208,shared,shipping
ssh,0.2698412698412698,shared,bear
ssh,1.0,a_only,bass
ssh,0.08108108108108109,b_only,stillness
ssh,0.3445378151260504,shared,effort
ssh,0.07744107744107744,b_only,emigrant
ssh,0.3008130081300813,shared,gentle
ssh,0.08108108108108109,b_only,leaped
ssh,1.0,a_only,default
ssh,0.7021276595744681,shared,dominant
ssh,0.6666666666666666,shared,uses
ssh,1.0,a_only,hrer
ssh,0.3333333333333333,shared,few
ssh,1.0,a_only,opponent
ssh,1.0,a_only,portugal
ssh,1.0,a_only,economics
ssh,0.2260536398467433,shared,watch
ssh,0.7877094972067039,shared,satan
ssh,0.47465437788018433,shared,pull
ssh,1.0,a_only,rebel
ssh,1.0,a_only,vesta
ssh,1.0,a_only,ukrainian
ssh,0.5920398009950248,shared,proposal
ssh,0.6410256410256411,shared,horrors
ssh,0.8285714285714286,shared,destitute
ssh,0.28,shared,interest
ssh,0.25984251968503935,shared,understand
ssh,1.0,a_only,kasparov
ssh,1.0,a_only,asperger
ssh,0.6161616161616161,shared,designed
ssh,0.2260536398467433,shared,miss
ssh,1.0,a_only,modification
ssh,1.0,a_only,releases
ssh,1.0,a_only,ankara
ssh,1.0,a_only,hierarchy
ssh,0.3168724279835391,shared,lose
ssh,1.0,a_only,billy
ssh,0.06312292358803986,b_only,excuse
ssh,0.7486338797814208,shared,arrives
ssh,0.807909604519774,shared,applying
ssh,0.40969162995594716,shared,affairs
ssh,1.0,a_only,julius
ssh,0.6,shared,asylum
ssh,1.0,a_only,constellations
ssh,1.0,a_only,styles
ssh,1.0,a_only,pallas
ssh,0.5533980582524272,shared,sorts
ssh,1.0,a_only,prominently
ssh,0.6,shared,definite
ssh,0.5094339622641509,shared,invitation
ssh,1.0,a_only,socialism
ssh,0.6410256410256411,shared,vii
ssh,1.0,a_only,bolivia
ssh,1.0,a_only,published
ssh,0.0847457627118644,b_only,knees
ssh,0.0847457627118644,b_only,whack
ssh,0.29554655870445345,shared,ground
ssh,1.0,a_only,muhammad
ssh,1.0,a_only,complicated
ssh,0.7582417582417582,shared,turkish
ssh,1.0,a_only,kurtz
ssh,0.28,shared,state
ssh,1.0,a_only,alphabets
ssh,0.7877094972067039,shared,void
ssh,0.4883720930232558,shared,pictures
ssh,1.0,a_only,libertarian
ssh,0.44144144144144143,shared,race
ssh,0.6666666666666666,shared,compose
ssh,0.7486338797814208,shared,nobles
ssh,0.44144144144144143,shared,occasionally
ssh,1.0,a_only,rn
ssh,1.0,a_only,males
ssh,0.5686274509803921,shared,scattered
ssh,0.285140562248996,shared,ve
ssh,1.0,a_only,museums
ssh,0.4479638009049774,shared,kinds
ssh,0.40969162995594716,shared,pose
ssh,0.5094339622641509,shared,jacket
ssh,1.0,a_only,oxidation
ssh,0.07023411371237458,b_only,irene
ssh,0.7112299465240641,shared,total
ssh,1.0,a_only,abugida
ssh,0.7777777777777778,shared,exile
ssh,0.45454545454545453,shared,hunt
ssh,1.0,a_only,nato
ssh,1.0,a_only,consistently
ssh,0.12280701754385964,b_only,exclamation
ssh,1.0,a_only,pre
ssh,0.7204301075268817,shared,totally
ssh,1.0,a_only,installed
ssh,0.11498257839721254,b_only,mo
ssh,1.0,a_only,cern
ssh,0.3278008298755187,shared,nice
ssh,0.415929203539823,shared,released
ssh,0.2903225806451613,shared,down
ssh,1.0,a_only,rulers
ssh,0.3278008298755187,shared,three
ssh,0.7777777777777778,shared,geography
ssh,1.0,a_only,astronomers
ssh,0.675392670157068,shared,ass
ssh,0.06666666666666667,b_only,instinctively
ssh,0.6243654822335025,shared,newspapers
ssh,0.675392670157068,shared,summit
ssh,0.6243654822335025,shared,bloom
ssh,0.44144144144144143,shared,offered
ssh,1.0,a_only,alien
ssh,0.7391304347826086,shared,drums
ssh,0.675392670157068,shared,reynolds
ssh,0.6080402010050251,shared,pace
ssh,0.7112299465240641,shared,hood
ssh,1.0,a_only,combustion
ssh,0.06312292358803986,b_only,apology
ssh,0.8181818181818182,shared,ministers
ssh,0.7777777777777778,shared,breach
ssh,0.0847457627118644,b_only,darted
ssh,0.4479638009049774,shared,trademark
ssh,0.1111111111111111,b_only,dagger
ssh,0.3168724279835391,shared,hid
ssh,0.6410256410256411,shared,opposition
ssh,0.40350877192982454,shared,search
ssh,1.0,a_only,warner
ssh,1.0,a_only,caesar
ssh,0.21212121212121213,shared,saying
ssh,1.0,a_only,restricted
ssh,0.5609756097560976,shared,mon
ssh,0.46788990825688076,shared,truly
ssh,1.0,a_only,continents
ssh,0.39737991266375544,shared,advanced
ssh,1.0,a_only,functions
ssh,0.6842105263157895,shared,confident
ssh,0.07023411371237458,b_only,pleased
ssh,0.350210970464135,shared,before
ssh,0.11498257839721254,b_only,heartily
ssh,0.0847457627118644,b_only,doubts
ssh,1.0,a_only,baron
ssh,1.0,a_only,ongoing
ssh,0.07744107744107744,b_only,devotion
ssh,1.0,a_only,orient
ssh,1.0,a_only,scientists
ssh,0.7582417582417582,shared,celestial
ssh,1.0,a_only,du
ssh,1.0,a_only,scriptures
ssh,0.06666666666666667,b_only,clerks
ssh,0.7777777777777778,shared,resignation
ssh,0.5609756097560976,shared,additional
ssh,0.6326530612244898,shared,lowered
ssh,1.0,a_only,brand
ssh,0.7391304347826086,shared,severity
ssh,1.0,a_only,ss
ssh,0.10726643598615918,b_only,obeyed
ssh,0.24031007751937986,shared,morning
ssh,1.0,a_only,alleged
ssh,0.10344827586206896,b_only,curtains
ssh,0.10344827586206896,b_only,tops
ssh,0.2749003984063745,shared,is
ssh,0.7679558011049724,shared,reject
ssh,1.0,a_only,animalia
ssh,1.0,a_only,syriac
ssh,0.5841584158415841,shared,stained
ssh,0.5311004784688995,shared,peaceful
ssh,1.0,a_only,evaluation
ssh,0.10344827586206896,b_only,hats
ssh,1.0,a_only,maximum
ssh,1.0,a_only,coppola
ssh,1.0,a_only,emma
ssh,1.0,a_only,manga
ssh,0.3617021276595745,shared,record
ssh,1.0,a_only,humanitarian
ssh,0.40350877192982454,shared,handsome
ssh,1.0,a_only,nero
ssh,0.5311004784688995,shared,established
ssh,0.45454545454545453,shared,precisely
ssh,0.3008130081300813,shared,manner
ssh,0.8285714285714286,shared,wheeler
ssh,1.0,a_only,charlie
ssh,1.0,a_only,loyalty
ssh,1.0,a_only,plants
ssh,0.28,shared,carriage
ssh,1.0,a_only,presidency
ssh,1.0,a_only,associative
ssh,0.2648221343873518,shared,cried
ssh,1.0,a_only,leon
ssh,0.6580310880829016,shared,winds
ssh,0.5238095238095238,shared,sail
ssh,0.4883720930232558,shared,dirty
ssh,0.2549019607843137,shared,says
ssh,0.6410256410256411,shared,feast
ssh,1.0,a_only,ninth
ssh,0.7021276595744681,shared,inscriptions
ssh,0.391304347826087,shared,miles
ssh,0.7582417582417582,shared,encyclop
ssh,1.0,a_only,relevant
ssh,0.2749003984063745,shared,quick
ssh,0.0958904109589041,b_only,harker
ssh,0.3617021276595745,shared,loss
ssh,0.6161616161616161,shared,wax
ssh,0.8181818181818182,shared,mayor
ssh,1.0,a_only,developing
ssh,0.1111111111111111,b_only,awful
ssh,0.08108108108108109,b_only,crooked
ssh,0.7204301075268817,shared,th
ssh,1.0,a_only,venice
ssh,0.08843537414965986,b_only,muttered
ssh,0.47465437788018433,shared,labour
ssh,0.7777777777777778,shared,borders
ssh,0.3559322033898305,shared,society
ssh,0.5311004784688995,shared,venture
ssh,0.7297297297297297,shared,conflict
ssh,1.0,a_only,hawaii
ssh,0.0738255033557047,b_only,dainty
ssh,1.0,a_only,missile
ssh,0.6410256410256411,shared,injury
ssh,0.6666666666666666,shared,robin
ssh,1.0,a_only,decisions
ssh,0.7679558011049724,shared,dragon
ssh,1.0,a_only,progression
ssh,1.0,a_only,hemisphere
ssh,0.0738255033557047,b_only,hammer
ssh,0.07023411371237458,b_only,exquisite
ssh,0.245136186770428,shared,judge
ssh,1.0,a_only,underwent
ssh,0.29554655870445345,shared,towards
ssh,1.0,a_only,candidates
ssh,1.0,a_only,ratio
ssh,0.8390804597701149,shared,webster
ssh,1.0,a_only,roosevelt
ssh,0.675392670157068,shared,analysis
ssh,1.0,a_only,taggart
ssh,1.0,a_only,appoint
ssh,1.0,a_only,sports
ssh,0.7204301075268817,shared,waterloo
ssh,1.0,a_only,fao
ssh,0.3114754098360656,shared,following
ssh,1.0,a_only,links
ssh,1.0,a_only,julian
ssh,0.3008130081300813,shared,whose
ssh,0.7112299465240641,shared,lighter
ssh,0.3114754098360656,shared,town
ssh,0.7679558011049724,shared,energetic
ssh,1.0,a_only,audiogalaxy
ssh,0.07023411371237458,b_only,raft
ssh,1.0,a_only,oriented
ssh,0.46788990825688076,shared,rode
ssh,1.0,a_only,elders
ssh,0.21673003802281368,shared,try
ssh,0.09215017064846416,b_only,gentleness
ssh,1.0,a_only,sultan
ssh,0.10344827586206896,b_only,witch
ssh,0.391304347826087,shared,roads
ssh,1.0,a_only,assassinated
ssh,0.5458937198067633,shared,ink
ssh,1.0,a_only,ministry
ssh,0.6080402010050251,shared,destiny
ssh,0.5094339622641509,shared,instrument
ssh,0.7112299465240641,shared,purely
ssh,1.0,a_only,russell
ssh,0.6410256410256411,shared,saving
ssh,1.0,a_only,census
ssh,0.4349775784753363,shared,anxiety
ssh,0.07744107744107744,b_only,wagon
ssh,1.0,a_only,analytical
ssh,0.24031007751937986,shared,wouldn
ssh,0.0847457627118644,b_only,pathetic
ssh,1.0,a_only,bilingual
ssh,0.37339055793991416,shared,george
ssh,0.09965635738831616,b_only,blush
ssh,0.4953271028037383,shared,fun
ssh,0.7112299465240641,shared,palm
ssh,1.0,a_only,inland
ssh,0.28,shared,picture
ssh,0.5238095238095238,shared,steep
ssh,1.0,a_only,prophet
ssh,1.0,a_only,aggression
ssh,1.0,a_only,syntax
ssh,0.6243654822335025,shared,congress
ssh,1.0,a_only,correction
ssh,0.3445378151260504,shared,difficulty
ssh,1.0,a_only,appellate
ssh,0.09965635738831616,b_only,memorandum
ssh,1.0,a_only,adherents
ssh,0.3389121338912134,shared,remarked
ssh,0.675392670157068,shared,retain
ssh,0.29554655870445345,shared,voice
ssh,1.0,a_only,anglican
ssh,0.3389121338912134,shared,couple
ssh,1.0,a_only,anthony
ssh,0.08843537414965986,b_only,shrieked
ssh,0.4479638009049774,shared,trade
ssh,0.2903225806451613,shared,lord
ssh,1.0,a_only,conspiracy
ssh,0.7679558011049724,shared,concord
ssh,1.0,a_only,astronomy
ssh,0.09215017064846416,b_only,shame
ssh,0.7021276595744681,shared,favoured
ssh,0.3333333333333333,shared,arm
ssh,0.28,shared,seen
ssh,0.7112299465240641,shared,lungs
ssh,1.0,a_only,center
ssh,0.5841584158415841,shared,planned
ssh,1.0,a_only,funding
ssh,0.36752136752136755,shared,removed
ssh,0.5920398009950248,shared,couch
ssh,1.0,a_only,ruler
ssh,1.0,a_only,capitalism
ssh,1.0,a_only,neoclassical
ssh,0.5763546798029556,shared,impressed
ssh,0.29554655870445345,shared,begun
ssh,0.675392670157068,shared,landscape
ssh,0.0958904109589041,b_only,hint
ssh,0.5311004784688995,shared,checked
ssh,0.07023411371237458,b_only,churchyard
ssh,1.0,a_only,aphrodite
ssh,0.7679558011049724,shared,cargo
ssh,0.6842105263157895,shared,kicked
ssh,1.0,a_only,doubleday
ssh,1.0,a_only,extract
ssh,1.0,a_only,karabakh
ssh,0.2260536398467433,shared,getting
ssh,0.8181818181818182,shared,muscles
ssh,0.5841584158415841,shared,relationship
ssh,0.0847457627118644,b_only,listening
ssh,0.11888111888111888,b_only,shout
ssh,1.0,a_only,critique
ssh,0.3168724279835391,shared,hat
ssh,0.4953271028037383,shared,doubtless
ssh,0.10344827586206896,b_only,lovely
ssh,0.08108108108108109,b_only,glancing
ssh,0.7486338797814208,shared,ridges
ssh,1.0,a_only,ff
ssh,0.3008130081300813,shared,became
ssh,1.0,a_only,corinthians
ssh,0.3559322033898305,shared,bread
ssh,1.0,a_only,harris
ssh,1.0,a_only,pete
ssh,1.0,a_only,netherlands
ssh,0.5238095238095238,shared,painter
ssh,1.0,a_only,calculations
ssh,0.0958904109589041,b_only,fooling
ssh,0.6842105263157895,shared,washington
ssh,1.0,a_only,abstract
ssh,1.0,a_only,methyl
ssh,0.7112299465240641,shared,opportunities
ssh,0.8285714285714286,shared,muscle
ssh,1.0,a_only,tourism
ssh,0.5763546798029556,shared,major
ssh,1.0,a_only,unmanned
ssh,0.10344827586206896,b_only,squeeze
ssh,0.09215017064846416,b_only,guess
ssh,0.08108108108108109,b_only,recollected
ssh,0.0958904109589041,b_only,clung
ssh,0.5311004784688995,shared,severe
ssh,0.2698412698412698,shared,ago
ssh,1.0,a_only,intel
ssh,0.06312292358803986,b_only,breathless
ssh,1.0,a_only,poland
ssh,1.0,a_only,jay
ssh,0.2903225806451613,shared,one
ssh,0.5458937198067633,shared,cup
ssh,0.5384615384615384,shared,conference
ssh,0.28,shared,mother
ssh,1.0,a_only,critic
ssh,1.0,a_only,anarcho
ssh,1.0,a_only,friedrich
ssh,0.4883720930232558,shared,prince
ssh,0.09965635738831616,b_only,shutting
ssh,1.0,a_only,sch
ssh,0.285140562248996,shared,street
ssh,0.6410256410256411,shared,mainland
ssh,0.10344827586206896,b_only,dumpty
ssh,1.0,a_only,arminian
ssh,0.08843537414965986,b_only,faculties
ssh,0.675392670157068,shared,horizon
ssh,0.4611872146118721,shared,crowded
ssh,0.7021276595744681,shared,stating
ssh,0.6842105263157895,shared,drift
ssh,0.807909604519774,shared,insult
ssh,0.30612244897959184,shared,met
ssh,0.4611872146118721,shared,leading
ssh,1.0,a_only,luther
ssh,0.675392670157068,shared,pink
ssh,0.24031007751937986,shared,here
ssh,1.0,a_only,activist
ssh,0.5841584158415841,shared,shared
ssh,0.40969162995594716,shared,stick
ssh,1.0,a_only,export
ssh,0.3168724279835391,shared,windows
ssh,1.0,a_only,mosaic
ssh,0.09215017064846416,b_only,comprehend
ssh,1.0,a_only,belgian
ssh,0.0958904109589041,b_only,frowned
ssh,0.3793103448275862,shared,news
ssh,0.07023411371237458,b_only,lydia
ssh,0.5384615384615384,shared,passages
ssh,0.7582417582417582,shared,survived
ssh,0.30612244897959184,shared,chair
ssh,1.0,a_only,agents
ssh,0.0958904109589041,b_only,fitzwilliam
ssh,1.0,a_only,canterbury
ssh,1.0,a_only,gulch
ssh,0.285140562248996,shared,mean
ssh,1.0,a_only,integer
ssh,1.0,a_only,funds
ssh,0.6580310880829016,shared,tables
ssh,0.5094339622641509,shared,union
ssh,1.0,a_only,tournament
ssh,0.4479638009049774,shared,revealed
ssh,0.7112299465240641,shared,suicide
ssh,1.0,a_only,fertile
ssh,1.0,a_only,bytes
ssh,1.0,a_only,settlements
ssh,1.0,a_only,settlers
ssh,1.0,a_only,clash
ssh,0.6243654822335025,shared,mushroom
ssh,0.7582417582417582,shared,stem
ssh,0.3793103448275862,shared,rise
ssh,0.6580310880829016,shared,debts
ssh,0.08108108108108109,b_only,shouted
ssh,0.07744107744107744,b_only,bitterness
ssh,0.7297297297297297,shared,survey
ssh,0.5238095238095238,shared,mountain
ssh,0.36752136752136755,shared,property
ssh,1.0,a_only,manufacturing
ssh,0.07023411371237458,b_only,uttered
ssh,0.6161616161616161,shared,wishing
ssh,1.0,a_only,hebrews
ssh,1.0,a_only,reformed
ssh,0.6,shared,topic
ssh,0.4953271028037383,shared,accustomed
ssh,0.4953271028037383,shared,tossed
ssh,1.0,a_only,historian
ssh,0.415929203539823,shared,calling
ssh,1.0,a_only,convicted
ssh,0.4222222222222222,shared,confess
ssh,0.4953271028037383,shared,theory
ssh,0.5384615384615384,shared,sh
ssh,0.7297297297297297,shared,competition
ssh,0.10726643598615918,b_only,moods
ssh,0.40969162995594716,shared,fears
ssh,0.2749003984063745,shared,wendy
ssh,0.23076923076923078,shared,fixed
ssh,0.5384615384615384,shared,consciousness
ssh,0.6243654822335025,shared,engaging
ssh,1.0,a_only,inequality
ssh,1.0,a_only,oscar
ssh,0.7021276595744681,shared,belongs
ssh,0.807909604519774,shared,associations
ssh,0.5841584158415841,shared,disappearance
ssh,0.807909604519774,shared,ex
ssh,0.6326530612244898,shared,drops
ssh,1.0,a_only,ranging
ssh,0.6,shared,positively
ssh,0.6931216931216931,shared,nineteenth
ssh,0.09965635738831616,b_only,admire
ssh,0.6494845360824743,shared,prejudice
ssh,0.6666666666666666,shared,purity
ssh,0.7391304347826086,shared,deduction
ssh,0.7486338797814208,shared,prospects
ssh,1.0,a_only,biography
ssh,0.09215017064846416,b_only,politely
ssh,0.285140562248996,shared,others
ssh,1.0,a_only,brazil
ssh,1.0,a_only,amateur
ssh,1.0,a_only,exceptions
ssh,0.7877094972067039,shared,adjoining
ssh,0.5094339622641509,shared,lion
ssh,0.3389121338912134,shared,position
ssh,0.48148148148148145,shared,intent
ssh,0.08108108108108109,b_only,sails
ssh,1.0,a_only,graduate
ssh,1.0,a_only,lisa
ssh,0.3445378151260504,shared,otherwise
ssh,0.07744107744107744,b_only,brook
ssh,0.1111111111111111,b_only,supper
ssh,0.29554655870445345,shared,none
ssh,1.0,a_only,interviews
ssh,0.09215017064846416,b_only,rested
ssh,1.0,a_only,mp
ssh,1.0,a_only,navy
ssh,0.5763546798029556,shared,minister
ssh,0.8390804597701149,shared,professors
ssh,1.0,a_only,miami
ssh,0.4479638009049774,shared,clearly
ssh,0.3278008298755187,shared,single
ssh,0.5920398009950248,shared,arise
ssh,0.48148148148148145,shared,built
ssh,0.6243654822335025,shared,greek
ssh,1.0,a_only,revolutionary
ssh,0.4953271028037383,shared,corn
ssh,0.42857142857142855,shared,conduct
ssh,0.1111111111111111,b_only,fence
ssh,1.0,a_only,hydrogen
ssh,0.0958904109589041,b_only,eagerly
ssh,0.4349775784753363,shared,dollars
ssh,1.0,a_only,linear
ssh,1.0,a_only,discworld
ssh,0.5094339622641509,shared,absurd
ssh,0.7777777777777778,shared,herbs
ssh,1.0,a_only,plural
ssh,0.5458937198067633,shared,mass
ssh,0.7582417582417582,shared,christ
ssh,1.0,a_only,princes
ssh,0.8285714285714286,shared,indians
ssh,1.0,a_only,nicholas
ssh,0.5094339622641509,shared,refused
ssh,1.0,a_only,coalition
ssh,0.8604651162790697,shared,wonderland
ssh,0.5165876777251185,shared,attracted
ssh,0.6494845360824743,shared,inform
ssh,1.0,a_only,ka
ssh,1.0,a_only,arminius
ssh,1.0,a_only,compatible
ssh,0.4479638009049774,shared,angel
ssh,0.5458937198067633,shared,regiment
ssh,0.675392670157068,shared,earthquake
ssh,0.6494845360824743,shared,returns
ssh,0.5023474178403756,shared,gesture
ssh,1.0,a_only,believers
ssh,0.5311004784688995,shared,selfish
ssh,1.0,a_only,nasa
ssh,1.0,a_only,depravity
ssh,0.4883720930232558,shared,hate
ssh,1.0,a_only,integral
ssh,0.5686274509803921,shared,ignorance
ssh,0.6326530612244898,shared,ernest
ssh,0.3333333333333333,shared,expect
ssh,1.0,a_only,mexico
ssh,0.08108108108108109,b_only,shabby
ssh,0.0847457627118644,b_only,bet
ssh,1.0,a_only,hitchcock
ssh,0.5686274509803921,shared,experienced
ssh,1.0,a_only,persecution
ssh,1.0,a_only,odyssey
ssh,1.0,a_only,originating
ssh,1.0,a_only,substantial
ssh,0.23076923076923078,shared,become
ssh,0.5841584158415841,shared,pig
ssh,0.3008130081300813,shared,horror
ssh,0.5609756097560976,shared,hell
ssh,0.415929203539823,shared,hide
ssh,0.6243654822335025,shared,beer
ssh,0.6410256410256411,shared,courtesy
ssh,1.0,a_only,samoan
ssh,0.47465437788018433,shared,stirred
ssh,0.5165876777251185,shared,spell
ssh,0.5920398009950248,shared,instructions
ssh,0.47465437788018433,shared,wicked
ssh,1.0,a_only,athabasca
ssh,0.7112299465240641,shared,farmers
ssh,0.6666666666666666,shared,guilt
ssh,1.0,a_only,singapore
ssh,1.0,a_only,catalan
ssh,0.4349775784753363,shared,drinking
ssh,0.6580310880829016,shared,acts
ssh,1.0,a_only,indiana
ssh,1.0,a_only,expelled
ssh,0.44144144144144143,shared,receive
ssh,0.39737991266375544,shared,acted
ssh,0.36752136752136755,shared,island
ssh,0.7112299465240641,shared,acute
ssh,1.0,a_only,calculus
ssh,0.3008130081300813,shared,dead
ssh,0.675392670157068,shared,regularly
ssh,0.3008130081300813,shared,women
ssh,1.0,a_only,prehistoric
ssh,1.0,a_only,diacritics
ssh,1.0,a_only,symbolism
ssh,1.0,a_only,markov
ssh,1.0,a_only,diagram
ssh,0.39737991266375544,shared,yellow
ssh,0.7391304347826086,shared,aperture
ssh,0.10344827586206896,b_only,cottagers
ssh,0.3008130081300813,shared,carried
ssh,1.0,a_only,graham
ssh,0.7486338797814208,shared,contracted
ssh,0.7297297297297297,shared,instruction
ssh,0.5094339622641509,shared,mamma
ssh,0.7391304347826086,shared,restoration
ssh,1.0,a_only,primarily
ssh,1.0,a_only,factors
ssh,1.0,a_only,correctly
ssh,0.5686274509803921,shared,delayed
ssh,0.5023474178403756,shared,changes
ssh,0.4349775784753363,shared,stock
ssh,0.08108108108108109,b_only,relapse
ssh,0.08843537414965986,b_only,happier
ssh,0.4953271028037383,shared,mountains
ssh,0.5533980582524272,shared,happens
ssh,1.0,a_only,tarkovsky
ssh,1.0,a_only,cinema
ssh,1.0,a_only,interpretation
ssh,0.7112299465240641,shared,bullets
ssh,1.0,a_only,derives
ssh,0.7582417582417582,shared,sums
ssh,0.3008130081300813,shared,large
ssh,1.0,a_only,jerusalem
ssh,0.391304347826087,shared,gained
ssh,1.0,a_only,booth
ssh,0.0847457627118644,b_only,gloves
ssh,1.0,a_only,lunar
ssh,1.0,a_only,integrated
ssh,0.3168724279835391,shared,occurred
ssh,1.0,a_only,plastic
ssh,0.1111111111111111,b_only,prisons
ssh,1.0,a_only,dubbed
ssh,1.0,a_only,category
ssh,1.0,a_only,monarch
ssh,1.0,a_only,taxes
ssh,1.0,a_only,retrieved
ssh,0.7877094972067039,shared,hints
ssh,0.5533980582524272,shared,shrugged
ssh,0.48148148148148145,shared,chose
ssh,1.0,a_only,hermann
ssh,1.0,a_only,aikido
ssh,1.0,a_only,theism
ssh,1.0,a_only,statistical
ssh,1.0,a_only,scrimmage
ssh,1.0,a_only,recounts
ssh,1.0,a_only,differences
ssh,1.0,a_only,atanasoff
ssh,0.3617021276595745,shared,locked
ssh,0.6080402010050251,shared,recover
ssh,0.0738255033557047,b_only,sid
ssh,0.40969162995594716,shared,current
ssh,0.6326530612244898,shared,engagements
ssh,1.0,a_only,aries
ssh,0.6494845360824743,shared,fired
ssh,0.675392670157068,shared,lakes
ssh,0.7204301075268817,shared,confirm
ssh,0.2749003984063745,shared,usual
ssh,1.0,a_only,jimmy
ssh,0.3278008298755187,shared,ears
ssh,0.7582417582417582,shared,lloyd
ssh,0.7777777777777778,shared,provision
ssh,0.8497109826589595,shared,healing
ssh,1.0,a_only,founding
ssh,0.3559322033898305,shared,rich
ssh,0.0958904109589041,b_only,knelt
ssh,1.0,a_only,proponents
ssh,0.6931216931216931,shared,seats
ssh,0.2903225806451613,shared,free
ssh,0.0847457627118644,b_only,paused
ssh,0.675392670157068,shared,fame
ssh,0.5165876777251185,shared,accordingly
ssh,0.5533980582524272,shared,cents
ssh,0.5841584158415841,shared,flesh
ssh,0.7297297297297297,shared,prejudices
ssh,1.0,a_only,ussr
ssh,0.48148148148148145,shared,pursued
ssh,1.0,a_only,socrates
ssh,0.5023474178403756,shared,addressed
ssh,1.0,a_only,alexis
ssh,0.6,shared,maria
ssh,0.1111111111111111,b_only,bite
ssh,0.25984251968503935,shared,lady
ssh,1.0,a_only,conquer
ssh,1.0,a_only,tombs
ssh,0.415929203539823,shared,odd
ssh,0.7112299465240641,shared,et
ssh,0.7021276595744681,shared,sends
ssh,0.09965635738831616,b_only,comply
ssh,0.0847457627118644,b_only,dine
ssh,0.7204301075268817,shared,stamp
ssh,0.6326530612244898,shared,curse
ssh,0.23552123552123552,shared,trying
ssh,1.0,a_only,kentucky
ssh,0.7777777777777778,shared,visions
ssh,0.2903225806451613,shared,lay
ssh,0.6842105263157895,shared,verdict
ssh,0.6,shared,meanwhile
ssh,0.10344827586206896,b_only,vane
ssh,1.0,a_only,islamic
ssh,1.0,a_only,es
ssh,0.6243654822335025,shared,remote
ssh,1.0,a_only,featured
ssh,0.08843537414965986,b_only,stare
ssh,0.4953271028037383,shared,stayed
ssh,0.6243654822335025,shared,disdain
ssh,0.3114754098360656,shared,whom
ssh,1.0,a_only,protests
ssh,0.3008130081300813,shared,bed
ssh,0.24031007751937986,shared,the
ssh,0.7679558011049724,shared,perfection
ssh,1.0,a_only,transform
ssh,1.0,a_only,michigan
ssh,0.5458937198067633,shared,bodies
ssh,0.7112299465240641,shared,civilization
ssh,0.0958904109589041,b_only,awe
ssh,0.45454545454545453,shared,larger
ssh,1.0,a_only,airline
ssh,1.0,a_only,anaximander
ssh,1.0,a_only,songwriter
ssh,1.0,a_only,specified
ssh,0.11888111888111888,b_only,thirst
ssh,0.8390804597701149,shared,explains
ssh,0.3168724279835391,shared,land
ssh,0.08843537414965986,b_only,dad
ssh,0.7877094972067039,shared,secretary
ssh,1.0,a_only,molinari
ssh,0.10726643598615918,b_only,dat
ssh,0.415929203539823,shared,signs
ssh,1.0,a_only,diocese
ssh,0.0738255033557047,b_only,shiver
ssh,0.7582417582417582,shared,inspire
ssh,1.0,a_only,fisheries
ssh,1.0,a_only,bishops
ssh,0.8604651162790697,shared,guitar
ssh,0.2903225806451613,shared,within
ssh,0.6,shared,attending
ssh,0.5094339622641509,shared,entrance
ssh,1.0,a_only,symmetry
ssh,0.8497109826589595,shared,enraged
ssh,1.0,a_only,facility
ssh,1.0,a_only,richardson
ssh,1.0,a_only,levels
ssh,0.0847457627118644,b_only,hastened
ssh,0.29554655870445345,shared,company
ssh,0.3114754098360656,shared,tears
ssh,1.0,a_only,jacob
ssh,0.5458937198067633,shared,phrase
ssh,0.40350877192982454,shared,thick
ssh,0.7391304347826086,shared,coal
ssh,0.2698412698412698,shared,his
ssh,0.5841584158415841,shared,degrees
ssh,1.0,a_only,unicode
ssh,0.45454545454545453,shared,triumph
ssh,0.5609756097560976,shared,blank
ssh,1.0,a_only,signing
ssh,0.10726643598615918,b_only,amazed
ssh,1.0,a_only,hughes
ssh,0.0958904109589041,b_only,remind
ssh,0.3278008298755187,shared,widow
ssh,0.7777777777777778,shared,degradation
ssh,1.0,a_only,icelandic
ssh,0.7582417582417582,shared,scarce
ssh,0.5384615384615384,shared,guide
ssh,1.0,a_only,super
ssh,0.30612244897959184,shared,maybe
ssh,0.5094339622641509,shared,ending
ssh,0.5609756097560976,shared,unfortunately
ssh,0.056105610561056105,b_only,whispered
ssh,0.6666666666666666,shared,teacher
ssh,0.09965635738831616,b_only,fashionable
ssh,1.0,a_only,huxley
ssh,1.0,a_only,offshore
ssh,0.5533980582524272,shared,proposals
ssh,1.0,a_only,spaceflight
ssh,0.6410256410256411,shared,region
ssh,0.3168724279835391,shared,both
ssh,1.0,a_only,ski
ssh,1.0,a_only,politician
ssh,0.0738255033557047,b_only,valet
ssh,0.2903225806451613,shared,live
ssh,0.807909604519774,shared,regards
ssh,0.5686274509803921,shared,require
ssh,0.3008130081300813,shared,hold
ssh,1.0,a_only,croatian
ssh,1.0,a_only,airlines
ssh,0.7297297297297297,shared,withdrawn
ssh,1.0,a_only,fundamentally
ssh,0.11888111888111888,b_only,pierced
ssh,0.3852813852813853,shared,kindly
ssh,0.07744107744107744,b_only,pencil
ssh,0.6666666666666666,shared,independent
ssh,0.08843537414965986,b_only,heels
ssh,0.07744107744107744,b_only,boast
ssh,0.7112299465240641,shared,eternity
ssh,0.08108108108108109,b_only,moaned
ssh,0.06312292358803986,b_only,assure
ssh,0.08843537414965986,b_only,weary
ssh,0.0958904109589041,b_only,frightfully
ssh,1.0,a_only,achievements
ssh,0.5311004784688995,shared,system
ssh,0.5458937198067633,shared,cloud
ssh,1.0,a_only,nazi
ssh,1.0,a_only,sexually
ssh,0.46788990825688076,shared,waves
ssh,0.7777777777777778,shared,arisen
ssh,0.09215017064846416,b_only,18
ssh,0.285140562248996,shared,opportunity
ssh,1.0,a_only,galt
ssh,0.07744107744107744,b_only,spoon
ssh,0.7679558011049724,shared,fruit
ssh,1.0,a_only,trinity
ssh,0.09215017064846416,b_only,wretch
ssh,0.7204301075268817,shared,blanc
ssh,0.7679558011049724,shared,hitting
ssh,0.4222222222222222,shared,sheep
ssh,0.2698412698412698,shared,along
ssh,0.4611872146118721,shared,wound
ssh,0.675392670157068,shared,publicly
ssh,0.40969162995594716,shared,band
ssh,0.675392670157068,shared,reader
ssh,1.0,a_only,abc
ssh,1.0,a_only,firearms
ssh,1.0,a_only,individualist
ssh,0.0738255033557047,b_only,cracked
ssh,0.08843537414965986,b_only,sighed
ssh,1.0,a_only,populated
ssh,0.6666666666666666,shared,obedience
ssh,0.0958904109589041,b_only,assured
ssh,1.0,a_only,immigrants
ssh,0.3793103448275862,shared,servants
ssh,0.5609756097560976,shared,kitchen
ssh,0.3278008298755187,shared,being
ssh,0.5165876777251185,shared,succeeded
ssh,1.0,a_only,critics
ssh,0.6494845360824743,shared,strait
ssh,1.0,a_only,academy
ssh,0.28,shared,world
ssh,1.0,a_only,noteworthy
ssh,0.5609756097560976,shared,mothers
ssh,0.6580310880829016,shared,contain
ssh,0.5311004784688995,shared,aged
ssh,0.7877094972067039,shared,improvements
ssh,1.0,a_only,antisemitism
ssh,0.08843537414965986,b_only,deserve
ssh,1.0,a_only,divergence
ssh,0.7391304347826086,shared,draws
ssh,0.7297297297297297,shared,belonging
ssh,1.0,a_only,pianist
ssh,0.7877094972067039,shared,gateway
ssh,0.21212121212121213,shared,love
ssh,0.5458937198067633,shared,responsible
ssh,0.2903225806451613,shared,asked
ssh,0.415929203539823,shared,imagination
ssh,0.3445378151260504,shared,city
ssh,0.5686274509803921,shared,witnesses
ssh,1.0,a_only,noun
ssh,0.3114754098360656,shared,basil
ssh,0.47465437788018433,shared,favourite
ssh,0.12280701754385964,b_only,ringing
ssh,0.5841584158415841,shared,belonged
ssh,0.7021276595744681,shared,anne
ssh,0.07744107744107744,b_only,civility
ssh,1.0,a_only,korzybski
ssh,0.2698412698412698,shared,mrs
ssh,0.39737991266375544,shared,hare
ssh,0.0738255033557047,b_only,tramp
ssh,0.6161616161616161,shared,remarks
ssh,0.06312292358803986,b_only,knocked
ssh,1.0,a_only,marie
ssh,0.06666666666666667,b_only,fainted
ssh,0.7391304347826086,shared,exerted
ssh,1.0,a_only,abdominal
ssh,0.391304347826087,shared,lies
ssh,0.7777777777777778,shared,sixth
ssh,1.0,a_only,recordings
ssh,0.5533980582524272,shared,hero
ssh,0.2698412698412698,shared,may
ssh,0.5238095238095238,shared,blade
ssh,1.0,a_only,competing
ssh,1.0,a_only,tubes
ssh,0.4222222222222222,shared,tie
ssh,0.28,shared,name
ssh,0.3168724279835391,shared,continued
ssh,0.7391304347826086,shared,victoria
ssh,0.44144144144144143,shared,disappeared
ssh,0.6161616161616161,shared,establishment
ssh,0.6326530612244898,shared,bush
ssh,0.08843537414965986,b_only,fatigue
ssh,0.30612244897959184,shared,distance
ssh,0.0738255033557047,b_only,jaws
ssh,1.0,a_only,communicating
ssh,1.0,a_only,fertilizer
ssh,0.08108108108108109,b_only,miseries
ssh,1.0,a_only,photo
ssh,0.5920398009950248,shared,firm
ssh,0.48148148148148145,shared,october
ssh,1.0,a_only,soroban
ssh,0.5686274509803921,shared,inn
ssh,1.0,a_only,bce
ssh,0.0958904109589041,b_only,hain
ssh,0.0958904109589041,b_only,doubted
ssh,0.6161616161616161,shared,sliding
ssh,0.5384615384615384,shared,ma
ssh,0.40969162995594716,shared,bringing
ssh,0.0847457627118644,b_only,stir
ssh,0.40350877192982454,shared,orders
ssh,0.09965635738831616,b_only,traversed
ssh,1.0,a_only,anglicanism
ssh,0.8181818181818182,shared,deer
ssh,0.07023411371237458,b_only,curtain
ssh,0.7582417582417582,shared,tips
ssh,0.7877094972067039,shared,hooker
ssh,0.6410256410256411,shared,backed
ssh,0.11498257839721254,b_only,dah
ssh,1.0,a_only,extinct
ssh,1.0,a_only,files
ssh,0.415929203539823,shared,direct
ssh,0.4222222222222222,shared,lately
ssh,1.0,a_only,aramaic
ssh,0.37339055793991416,shared,generally
ssh,0.40350877192982454,shared,faced
ssh,1.0,a_only,fusion
ssh,0.6410256410256411,shared,infinitely
ssh,0.675392670157068,shared,valued
ssh,0.11888111888111888,b_only,starkey
ssh,0.5533980582524272,shared,term
ssh,1.0,a_only,juan
ssh,0.08108108108108109,b_only,deceive
ssh,0.6326530612244898,shared,university
ssh,0.5920398009950248,shared,tones
ssh,0.7679558011049724,shared,eloquence
ssh,0.7391304347826086,shared,mice
ssh,0.8285714285714286,shared,strikes
ssh,1.0,a_only,ecclesiastical
ssh,1.0,a_only,wiki
ssh,0.5311004784688995,shared,stopping
ssh,1.0,a_only,factions
ssh,0.10726643598615918,b_only,crush
ssh,0.2648221343873518,shared,help
ssh,0.6410256410256411,shared,recently
ssh,0.28,shared,speak
ssh,0.5094339622641509,shared,possessed
ssh,1.0,a_only,angolan
ssh,0.6326530612244898,shared,exchange
ssh,1.0,a_only,explored
ssh,0.6931216931216931,shared,novels
ssh,0.5311004784688995,shared,rendered
ssh,1.0,a_only,atlanta
ssh,0.3445378151260504,shared,amongst
ssh,0.5763546798029556,shared,floating
ssh,0.6,shared,travelled
ssh,1.0,a_only,wales
ssh,1.0,a_only,adjective
ssh,1.0,a_only,alkali
ssh,0.4883720930232558,shared,conscience
ssh,1.0,a_only,urban
ssh,0.6842105263157895,shared,jeff
ssh,0.7297297297297297,shared,earthly
ssh,0.07744107744107744,b_only,transylvania
ssh,1.0,a_only,provisional
ssh,1.0,a_only,southernmost
ssh,0.5023474178403756,shared,abandoned
ssh,0.0847457627118644,b_only,philips
ssh,1.0,a_only,mans
ssh,0.6080402010050251,shared,religion
ssh,0.3168724279835391,shared,moved
ssh,1.0,a_only,cartoon
ssh,0.5094339622641509,shared,glory
ssh,0.675392670157068,shared,compelled
ssh,1.0,a_only,dependency
ssh,0.5763546798029556,shared,arrangements
ssh,1.0,a_only,translations
ssh,0.6494845360824743,shared,deprived
ssh,0.42857142857142855,shared,quit
ssh,0.0847457627118644,b_only,dismal
ssh,0.6580310880829016,shared,contact
ssh,1.0,a_only,fred
ssh,0.6,shared,needs
ssh,0.45454545454545453,shared,infinite
ssh,0.5458937198067633,shared,concealed
ssh,0.08108108108108109,b_only,jumping
ssh,0.675392670157068,shared,routine
ssh,0.5384615384615384,shared,fourth
ssh,0.3333333333333333,shared,thin
ssh,1.0,a_only,cm
ssh,0.6,shared,absorbed
ssh,0.350210970464135,shared,cousin
ssh,0.5023474178403756,shared,hidden
ssh,1.0,a_only,mines
ssh,0.2698412698412698,shared,promise
ssh,1.0,a_only,anchors
ssh,1.0,a_only,armenia
ssh,0.5311004784688995,shared,plate
ssh,1.0,a_only,plateau
ssh,1.0,a_only,namibia
ssh,0.6410256410256411,shared,sharply
ssh,1.0,a_only,formulas
ssh,1.0,a_only,aarhus
ssh,0.7021276595744681,shared,hereafter
ssh,0.7877094972067039,shared,denying
ssh,0.7582417582417582,shared,lizard
ssh,0.2749003984063745,shared,ship
ssh,0.32231404958677684,shared,unhappy
ssh,0.40969162995594716,shared,path
ssh,0.4349775784753363,shared,gradually
ssh,0.8604651162790697,shared,courier
ssh,0.7679558011049724,shared,realized
ssh,1.0,a_only,particles
ssh,0.6494845360824743,shared,widely
ssh,0.0847457627118644,b_only,avail
ssh,1.0,a_only,saints
ssh,0.0847457627118644,b_only,danced
ssh,0.6080402010050251,shared,resumed
ssh,1.0,a_only,hitler
ssh,1.0,a_only,huns
ssh,0.6080402010050251,shared,rome
ssh,1.0,a_only,scottish
ssh,1.0,a_only,classification
ssh,0.08108108108108109,b_only,careless
ssh,0.7679558011049724,shared,bodily
ssh,0.5533980582524272,shared,conducted
ssh,0.7297297297297297,shared,male
ssh,0.5763546798029556,shared,occupation
ssh,0.5920398009950248,shared,accompany
ssh,0.45454545454545453,shared,walls
ssh,0.7391304347826086,shared,innumerable
ssh,0.6161616161616161,shared,bestowed
ssh,0.6326530612244898,shared,detective
ssh,1.0,a_only,everyday
ssh,1.0,a_only,motivated
ssh,0.0847457627118644,b_only,jewel
ssh,0.5165876777251185,shared,kin
ssh,0.40350877192982454,shared,stepped
ssh,1.0,a_only,taxation
ssh,1.0,a_only,hydroxide
ssh,0.06666666666666667,b_only,screaming
ssh,0.6666666666666666,shared,recognise
ssh,1.0,a_only,synod
ssh,0.5384615384615384,shared,christmas
ssh,0.3617021276595745,shared,colour
ssh,0.5238095238095238,shared,propose
ssh,0.3617021276595745,shared,thanks
ssh,0.6326530612244898,shared,spelling
ssh,0.5841584158415841,shared,orange
ssh,0.7112299465240641,shared,kicking
ssh,0.09965635738831616,b_only,faintly
ssh,0.5458937198067633,shared,flower
ssh,0.3168724279835391,shared,noble
ssh,0.3008130081300813,shared,quickly
ssh,0.807909604519774,shared,denounced
ssh,1.0,a_only,doyle
ssh,0.8181818181818182,shared,welfare
ssh,1.0,a_only,monitor
ssh,1.0,a_only,carboxylic
ssh,1.0,a_only,photos
ssh,1.0,a_only,biology
ssh,0.6,shared,hills
ssh,0.3793103448275862,shared,office
ssh,0.4479638009049774,shared,suit
ssh,0.3278008298755187,shared,post
ssh,1.0,a_only,christians
ssh,1.0,a_only,systematic
ssh,0.29554655870445345,shared,truth
ssh,1.0,a_only,ar
ssh,1.0,a_only,wittgenstein
ssh,0.23552123552123552,shared,warn
ssh,1.0,a_only,ottoman
ssh,0.6666666666666666,shared,sentiment
ssh,0.11498257839721254,b_only,startled
ssh,0.4349775784753363,shared,shake
ssh,0.09215017064846416,b_only,peeping
ssh,1.0,a_only,essay
ssh,1.0,a_only,conditional
ssh,0.7021276595744681,shared,psychological
ssh,1.0,a_only,myth
ssh,1.0,a_only,logo
ssh,0.11498257839721254,b_only,expecting
ssh,0.5165876777251185,shared,assumed
ssh,0.08843537414965986,b_only,justine
ssh,1.0,a_only,strategies
ssh,1.0,a_only,soviet
ssh,0.4953271028037383,shared,succeed
ssh,0.10344827586206896,b_only,pleasures
ssh,1.0,a_only,alcott
ssh,0.7679558011049724,shared,agrippa
ssh,1.0,a_only,motivation
ssh,1.0,a_only,evolved
ssh,0.45454545454545453,shared,excited
ssh,0.3114754098360656,shared,reached
ssh,0.4349775784753363,shared,wave
ssh,1.0,a_only,controversial
ssh,1.0,a_only,testing
ssh,0.5023474178403756,shared,extent
ssh,1.0,a_only,pottery
ssh,0.7297297297297297,shared,mont
ssh,1.0,a_only,chronicles
ssh,0.1111111111111111,b_only,hers
ssh,0.47465437788018433,shared,understanding
ssh,0.12280701754385964,b_only,eagerness
ssh,0.04918032786885246,b_only,eliza
ssh,0.3168724279835391,shared,less
ssh,0.28,shared,boy
ssh,1.0,a_only,johannes
ssh,1.0,a_only,sector
ssh,0.46788990825688076,shared,attack
ssh,1.0,a_only,mineral
ssh,0.10344827586206896,b_only,puzzled
ssh,1.0,a_only,commissioned
ssh,0.8285714285714286,shared,attribute
ssh,0.30612244897959184,shared,easily
ssh,0.4222222222222222,shared,prevent
ssh,0.5841584158415841,shared,seas
ssh,1.0,a_only,papyrus
ssh,1.0,a_only,product
ssh,0.0738255033557047,b_only,thither
ssh,0.5311004784688995,shared,necessity
ssh,1.0,a_only,santa
ssh,0.5920398009950248,shared,prefer
ssh,0.415929203539823,shared,breaking
ssh,1.0,a_only,ore
ssh,0.4611872146118721,shared,souls
ssh,1.0,a_only,cellular
ssh,1.0,a_only,ian
ssh,0.0958904109589041,b_only,smoke
ssh,0.3559322033898305,shared,d
ssh,0.5094339622641509,shared,descended
ssh,0.350210970464135,shared,white
ssh,0.30612244897959184,shared,necessary
ssh,0.4611872146118721,shared,metal
ssh,0.6580310880829016,shared,secured
ssh,0.6410256410256411,shared,roughly
ssh,0.5384615384615384,shared,calls
ssh,1.0,a_only,document
ssh,0.7297297297297297,shared,tar
ssh,1.0,a_only,participation
ssh,1.0,a_only,manufactured
ssh,0.8497109826589595,shared,chemist
ssh,0.10344827586206896,b_only,pleaded
ssh,0.08843537414965986,b_only,lock
ssh,0.3168724279835391,shared,fast
ssh,1.0,a_only,georg
ssh,0.3008130081300813,shared,a
ssh,0.4222222222222222,shared,mostly
ssh,0.3168724279835391,shared,answer
ssh,1.0,a_only,barcelona
ssh,1.0,a_only,disabilities
ssh,1.0,a_only,policies
ssh,0.5023474178403756,shared,vampire
ssh,0.47465437788018433,shared,reality
ssh,1.0,a_only,areas
ssh,0.7112299465240641,shared,naked
ssh,0.6666666666666666,shared,medicines
ssh,0.47465437788018433,shared,bare
ssh,0.08108108108108109,b_only,curls
ssh,0.06312292358803986,b_only,queens
ssh,1.0,a_only,speakers
ssh,0.3008130081300813,shared,although
ssh,0.7679558011049724,shared,instances
ssh,0.7297297297297297,shared,acceptance
ssh,1.0,a_only,hector
ssh,0.1510791366906475,b_only,awfully
ssh,0.08108108108108109,b_only,bundle
ssh,1.0,a_only,commander
ssh,1.0,a_only,arabia
ssh,1.0,a_only,lovell
ssh,0.7021276595744681,shared,aroused
ssh,1.0,a_only,info
ssh,0.7486338797814208,shared,improve
ssh,0.5533980582524272,shared,acknowledged
ssh,0.6931216931216931,shared,expensive
ssh,0.6666666666666666,shared,foam
ssh,0.5165876777251185,shared,depend
ssh,1.0,a_only,truffaut
ssh,0.4611872146118721,shared,employed
ssh,1.0,a_only,unclear
ssh,1.0,a_only,nh
ssh,1.0,a_only,nominated
ssh,0.0738255033557047,b_only,rushes
ssh,1.0,a_only,nuremberg
ssh,0.3008130081300813,shared,deal
ssh,1.0,a_only,unions
ssh,0.37339055793991416,shared,stretched
ssh,1.0,a_only,bantu
ssh,1.0,a_only,alpine
ssh,0.2549019607843137,shared,wait
ssh,0.675392670157068,shared,xiv
ssh,1.0,a_only,variation
ssh,0.7391304347826086,shared,isolated
ssh,1.0,a_only,exiled
ssh,0.056105610561056105,b_only,invent
ssh,0.40969162995594716,shared,papers
ssh,0.7391304347826086,shared,barren
ssh,0.6666666666666666,shared,villa
ssh,0.350210970464135,shared,train
ssh,0.09215017064846416,b_only,bout
ssh,1.0,a_only,cluster
ssh,0.0958904109589041,b_only,solemnity
ssh,0.0847457627118644,b_only,nieces
ssh,0.7021276595744681,shared,knot
ssh,1.0,a_only,ontario
ssh,1.0,a_only,superficial
ssh,0.08108108108108109,b_only,regretted
ssh,0.07744107744107744,b_only,tooth
ssh,0.6931216931216931,shared,readers
ssh,1.0,a_only,syria
ssh,0.3389121338912134,shared,impossible
ssh,1.0,a_only,aromatic
ssh,1.0,a_only,protocol
ssh,0.5533980582524272,shared,beings
ssh,1.0,a_only,bambaataa
ssh,0.5763546798029556,shared,qualities
ssh,0.6326530612244898,shared,forming
ssh,1.0,a_only,respond
ssh,0.7204301075268817,shared,countess
ssh,0.6243654822335025,shared,tremendous
ssh,1.0,a_only,quattro
ssh,1.0,a_only,generalized
ssh,1.0,a_only,discussing
ssh,0.37339055793991416,shared,court
ssh,1.0,a_only,utc
ssh,0.8390804597701149,shared,hampshire
ssh,0.5165876777251185,shared,introduction
ssh,0.3278008298755187,shared,happen
ssh,0.675392670157068,shared,onto
ssh,1.0,a_only,dinosaur
ssh,0.07023411371237458,b_only,forefinger
ssh,1.0,a_only,flourished
ssh,0.28,shared,spoke
ssh,0.0847457627118644,b_only,lad
ssh,0.5609756097560976,shared,distinct
ssh,0.40969162995594716,shared,paying
ssh,0.5533980582524272,shared,obtained
ssh,0.47465437788018433,shared,er
ssh,0.10726643598615918,b_only,murmur
ssh,0.0958904109589041,b_only,presume
ssh,0.08108108108108109,b_only,queer
ssh,0.48148148148148145,shared,fighting
ssh,0.4222222222222222,shared,reward
ssh,0.6243654822335025,shared,corners
ssh,1.0,a_only,ch
ssh,1.0,a_only,resign
ssh,1.0,a_only,favor
ssh,1.0,a_only,denmark
ssh,0.7582417582417582,shared,welcomed
ssh,0.7204301075268817,shared,feathers
ssh,1.0,a_only,zone
ssh,0.48148148148148145,shared,dragged
ssh,0.2648221343873518,shared,years
ssh,1.0,a_only,friedman
ssh,0.5533980582524272,shared,overhead
ssh,1.0,a_only,ale
ssh,0.7679558011049724,shared,astounding
ssh,1.0,a_only,accepts
ssh,0.29554655870445345,shared,steps
ssh,0.10726643598615918,b_only,ghostly
ssh,0.10344827586206896,b_only,tuesday
ssh,0.7204301075268817,shared,unique
ssh,0.6494845360824743,shared,addressing
ssh,0.40969162995594716,shared,citizen
ssh,0.6161616161616161,shared,paddington
ssh,0.07744107744107744,b_only,caroline
ssh,1.0,a_only,gear
ssh,0.4611872146118721,shared,anywhere
ssh,0.8181818181818182,shared,conducting
ssh,0.10726643598615918,b_only,tolerable
ssh,1.0,a_only,meanings
ssh,0.6080402010050251,shared,voluntarily
ssh,0.10344827586206896,b_only,wickedness
ssh,0.5238095238095238,shared,steam
ssh,0.7297297297297297,shared,violin
ssh,1.0,a_only,zero
ssh,1.0,a_only,agni
ssh,1.0,a_only,location
ssh,1.0,a_only,null
ssh,1.0,a_only,cambrian
ssh,1.0,a_only,norm
ssh,0.245136186770428,shared,happy
ssh,0.29554655870445345,shared,door
ssh,0.10726643598615918,b_only,graveyard
ssh,1.0,a_only,scoring
ssh,0.7679558011049724,shared,bounded
ssh,0.6080402010050251,shared,smallest
ssh,0.7021276595744681,shared,pearl
ssh,0.40350877192982454,shared,golden
ssh,1.0,a_only,references
ssh,0.4953271028037383,shared,tore
ssh,0.0958904109589041,b_only,reminded
ssh,1.0,a_only,automobiles
ssh,0.2749003984063745,shared,wonder
ssh,0.07744107744107744,b_only,comfortable
ssh,0.285140562248996,shared,near
ssh,0.6842105263157895,shared,permitted
ssh,0.3445378151260504,shared,such
ssh,0.350210970464135,shared,covered
ssh,0.7021276595744681,shared,antiquity
ssh,1.0,a_only,pervasive
ssh,1.0,a_only,carl
ssh,0.5458937198067633,shared,performed
ssh,1.0,a_only,infected
ssh,1.0,a_only,prairie
ssh,0.29554655870445345,shared,thing
ssh,1.0,a_only,als
ssh,0.08108108108108109,b_only,drank
ssh,1.0,a_only,goddess
ssh,0.42857142857142855,shared,cleared
ssh,0.48148148148148145,shared,allen
ssh,0.675392670157068,shared,lifting
ssh,0.6410256410256411,shared,smooth
ssh,0.807909604519774,shared,acid
ssh,0.08108108108108109,b_only,canvas
ssh,1.0,a_only,brandenburg
ssh,1.0,a_only,councils
ssh,1.0,a_only,connecticut
ssh,1.0,a_only,synthesis
ssh,1.0,a_only,overlap
ssh,0.7486338797814208,shared,reveals
ssh,0.06666666666666667,b_only,whiskers
ssh,1.0,a_only,surgery
ssh,0.675392670157068,shared,specimen
ssh,1.0,a_only,stuart
ssh,1.0,a_only,manned
ssh,1.0,a_only,morgan
ssh,0.3445378151260504,shared,direction
ssh,1.0,a_only,quote
ssh,0.13074204946996468,b_only,entreated
ssh,0.3008130081300813,shared,between
ssh,1.0,a_only,financial
ssh,1.0,a_only,vowel
ssh,0.6931216931216931,shared,grant
ssh,1.0,a_only,cavalry
ssh,1.0,a_only,privy
ssh,1.0,a_only,audiences
ssh,0.6666666666666666,shared,images
ssh,0.6,shared,mourning
ssh,0.5609756097560976,shared,ended
ssh,1.0,a_only,equator
ssh,0.7877094972067039,shared,churches
ssh,0.6410256410256411,shared,denial
ssh,0.6410256410256411,shared,enabled
ssh,0.807909604519774,shared,consumption
ssh,0.08108108108108109,b_only,sublime
ssh,0.6161616161616161,shared,argued
ssh,0.3114754098360656,shared,broken
ssh,0.5763546798029556,shared,century
ssh,0.10726643598615918,b_only,11
ssh,0.2749003984063745,shared,herself
ssh,0.40969162995594716,shared,showing
ssh,0.28,shared,henry
ssh,0.08843537414965986,b_only,slovaks
ssh,1.0,a_only,austin
ssh,1.0,a_only,variance
ssh,0.28,shared,into
ssh,1.0,a_only,km
ssh,0.09965635738831616,b_only,creep
ssh,1.0,a_only,geology
ssh,0.7204301075268817,shared,surgeon
