method,phase_similarity,tag,word
word2vec,0.8802299499511719,shared,called
word2vec,0.9721707105636597,shared,gate
word2vec,0.8950110077857971,shared,lips
word2vec,1.0,a_only,constantine
word2vec,1.0,a_only,antigua
word2vec,1.0,neither,rhus
word2vec,0.9999998807907104,neither,smithsonian
word2vec,1.0,neither,ether
word2vec,0.9999999403953552,neither,implications
word2vec,0.1004519984126091,neither,sycamore
word2vec,0.975012481212616,shared,describe
word2vec,1.0,neither,shark
word2vec,1.0,neither,parentheses
word2vec,0.9833506345748901,shared,trip
word2vec,0.9963262677192688,shared,labor
word2vec,0.9878066778182983,shared,lighting
word2vec,0.9849475026130676,shared,inn
word2vec,0.997009813785553,shared,bounds
word2vec,1.0,neither,repealed
word2vec,0.9999999403953552,neither,hring
word2vec,1.0,neither,rigorously
word2vec,0.1867326945066452,b_only,feverish
word2vec,0.9737482666969299,shared,awkward
word2vec,1.0,neither,vw
word2vec,1.0,neither,murphy
word2vec,0.9644249081611633,shared,lonely
word2vec,0.013226840645074844,neither,hire
word2vec,1.0000001192092896,a_only,mathbb
word2vec,0.99741530418396,shared,per
word2vec,0.998242199420929,shared,groups
word2vec,0.9999998807907104,a_only,gaul
word2vec,1.0000001192092896,a_only,arid
word2vec,1.0,neither,pbs
word2vec,0.9578273296356201,shared,wings
word2vec,0.9984778761863708,shared,earned
word2vec,0.9871487617492676,shared,insisted
word2vec,1.0,neither,photon
word2vec,0.9999999403953552,neither,judith
word2vec,0.3024188280105591,neither,fruitless
word2vec,1.0,a_only,levels
word2vec,1.0,neither,sadler
word2vec,1.0,neither,tubing
word2vec,0.9990485906600952,shared,questionable
word2vec,1.0,a_only,publications
word2vec,0.11352018266916275,neither,patting
word2vec,-0.08378062397241592,neither,fasten
word2vec,-0.08977887779474258,neither,fling
word2vec,0.050047505646944046,b_only,narborough
word2vec,1.0,a_only,operator
word2vec,0.06574026495218277,b_only,relapse
word2vec,-0.1199185848236084,b_only,extinguished
word2vec,0.9582552909851074,shared,party
word2vec,-0.04083162173628807,b_only,flames
word2vec,-0.1256057620048523,neither,legged
word2vec,1.0000001192092896,neither,malls
word2vec,0.2867403030395508,neither,bows
word2vec,0.04976864904165268,neither,parlor
word2vec,0.9999999403953552,neither,consular
word2vec,0.9999999403953552,a_only,origins
word2vec,1.0000001192092896,a_only,saul
word2vec,0.991012454032898,shared,resource
word2vec,1.0,neither,jointly
word2vec,0.18338406085968018,neither,furtive
word2vec,1.0,a_only,spaceflight
word2vec,0.22349503636360168,neither,mullins
word2vec,0.8459294438362122,shared,eyes
word2vec,1.0000001192092896,a_only,howe
word2vec,1.0,neither,viable
word2vec,1.0000001192092896,a_only,corporate
word2vec,0.9859567880630493,shared,sailors
word2vec,0.9999999403953552,neither,benin
word2vec,1.0000001192092896,a_only,aleutian
word2vec,0.9906370639801025,shared,negro
word2vec,1.0000001192092896,a_only,cabinda
word2vec,1.0,neither,ebionites
word2vec,1.0,neither,rehabilitation
word2vec,0.9999999403953552,a_only,municipal
word2vec,1.0000001192092896,neither,rainy
word2vec,0.9874938130378723,shared,vi
word2vec,0.9758293032646179,shared,lately
word2vec,0.02587488852441311,neither,unclean
word2vec,0.8632792234420776,shared,use
word2vec,1.0000001192092896,a_only,histories
word2vec,0.8635819554328918,shared,mine
word2vec,1.0000001192092896,neither,trinitarian
word2vec,1.0,neither,impacted
word2vec,0.9999999403953552,a_only,demonstrated
word2vec,1.0000001192092896,neither,loan
word2vec,-0.16293098032474518,neither,foremost
word2vec,0.9818694591522217,shared,according
word2vec,0.15677089989185333,neither,lynch
word2vec,0.9812507033348083,shared,robin
word2vec,-0.22300896048545837,neither,embers
word2vec,0.23929771780967712,b_only,cussing
word2vec,0.06629939377307892,b_only,pleasantly
word2vec,1.0,a_only,monk
word2vec,1.0,a_only,anthropologists
word2vec,0.9999999403953552,a_only,woolfson
word2vec,0.1756182461977005,neither,mustard
word2vec,1.0,a_only,pod
word2vec,0.11553539335727692,b_only,lock
word2vec,1.0,neither,overwhelmingly
word2vec,1.0,neither,paranormal
word2vec,1.0000001192092896,a_only,zones
word2vec,1.0000001192092896,neither,lombard
word2vec,0.9999998807907104,neither,retour
word2vec,0.9919368028640747,shared,satan
word2vec,0.994966447353363,shared,protested
word2vec,0.9870615005493164,shared,ann
word2vec,0.9881015419960022,shared,greedy
word2vec,0.10587627440690994,neither,purport
word2vec,1.0,a_only,explorer
word2vec,1.0,neither,inexpensive
word2vec,0.9750447273254395,shared,serious
word2vec,0.20159612596035004,neither,meow
word2vec,0.9840460419654846,shared,lane
word2vec,0.995701253414154,neither,excepting
word2vec,0.9798325896263123,shared,confused
word2vec,0.9635774493217468,shared,loves
word2vec,0.9639061689376831,shared,interesting
word2vec,0.09067115932703018,neither,ting
word2vec,0.9714664816856384,shared,vanished
word2vec,0.9986283183097839,shared,limited
word2vec,1.0,neither,subkey
word2vec,0.13551217317581177,neither,meanest
word2vec,1.0,a_only,proton
word2vec,1.0,neither,fighters
word2vec,1.0,neither,baptist
word2vec,1.0,a_only,mathematician
word2vec,1.0,a_only,altruistic
word2vec,0.9999998807907104,neither,imaginative
word2vec,0.0404011607170105,neither,despised
word2vec,1.0,a_only,shortest
word2vec,-0.0740436241030693,b_only,strolled
word2vec,0.9809340834617615,shared,slaughter
word2vec,0.9987010955810547,shared,characteristics
word2vec,1.0,a_only,replacement
word2vec,1.0000001192092896,a_only,denmark
word2vec,0.9919397830963135,shared,luxury
word2vec,0.9699881076812744,shared,lamp
word2vec,1.0,neither,miscarriage
word2vec,1.0,a_only,substitution
word2vec,0.9895668625831604,shared,obscure
word2vec,1.0,neither,hoffman
word2vec,0.08220135420560837,neither,trailing
word2vec,1.0,a_only,tons
word2vec,0.04352373257279396,neither,pies
word2vec,0.14982615411281586,neither,beckoned
word2vec,1.0,a_only,altaic
word2vec,0.9999999403953552,a_only,medal
word2vec,0.9236392974853516,shared,listened
word2vec,0.24647077918052673,neither,secluded
word2vec,0.15600430965423584,neither,anticipating
word2vec,1.0,a_only,alternate
word2vec,0.9999999403953552,a_only,compound
word2vec,0.9893328547477722,shared,dishes
word2vec,1.0,neither,thai
word2vec,1.0,neither,unborn
word2vec,0.056853700429201126,neither,dispersed
word2vec,0.9999999403953552,a_only,ac
word2vec,1.0,neither,dissolve
word2vec,1.0,neither,ecuador
word2vec,1.0,a_only,reserves
word2vec,1.0,a_only,collaboration
word2vec,1.0,a_only,privy
word2vec,1.0,neither,mcmurdo
word2vec,1.0,neither,existent
word2vec,0.9999998807907104,a_only,altruists
word2vec,1.0000001192092896,a_only,refers
word2vec,1.0,a_only,implement
word2vec,1.0000001192092896,neither,sheridan
word2vec,1.0,neither,inexplicable
word2vec,0.1295749396085739,neither,wearied
word2vec,0.9808573126792908,shared,partly
word2vec,1.0,a_only,complications
word2vec,0.9986469149589539,shared,bristol
word2vec,-0.11056108772754669,neither,crisp
word2vec,1.0000001192092896,neither,syndicalism
word2vec,1.0,a_only,os
word2vec,1.0000001192092896,neither,resonance
word2vec,1.0000001192092896,neither,ignatius
word2vec,1.0,neither,rudimentary
word2vec,0.9752667546272278,shared,address
word2vec,1.0000001192092896,neither,exhibitions
word2vec,0.9999999403953552,a_only,aq
word2vec,0.9999999403953552,neither,wwii
word2vec,-0.10627332329750061,b_only,wrung
word2vec,-0.1114005595445633,neither,curtained
word2vec,1.0,neither,oran
word2vec,0.07189761847257614,neither,leak
word2vec,0.9903561472892761,shared,increase
word2vec,1.0,neither,hydrocarbon
word2vec,0.9971623420715332,shared,patients
word2vec,0.9921831488609314,shared,surface
word2vec,1.0000001192092896,neither,delays
word2vec,0.9772312641143799,shared,passengers
word2vec,1.0000001192092896,neither,composers
word2vec,-0.0896540954709053,b_only,warmly
word2vec,1.0000001192092896,neither,mossad
word2vec,1.0,neither,mating
word2vec,-0.061211951076984406,neither,regrets
word2vec,-0.07100389152765274,neither,spile
word2vec,0.9999998807907104,neither,acre
word2vec,0.9999999403953552,neither,divides
word2vec,1.0,neither,carbonate
word2vec,0.9999999403953552,neither,cretaceous
word2vec,0.9648150205612183,shared,strength
word2vec,0.9759458899497986,shared,hears
word2vec,0.9977755546569824,shared,opium
word2vec,0.1450125128030777,b_only,longbourn
word2vec,0.08484915643930435,b_only,intend
word2vec,0.9975130558013916,shared,philosophers
word2vec,1.0,a_only,quarterback
word2vec,0.10569775104522705,b_only,recollections
word2vec,0.07052575051784515,neither,staggering
word2vec,1.0000001192092896,neither,determines
word2vec,1.0,a_only,displays
word2vec,0.9896296858787537,shared,actual
word2vec,0.11549287289381027,b_only,wretchedness
word2vec,-0.06759744137525558,neither,flinging
word2vec,1.0000001192092896,a_only,screenplay
word2vec,0.979041576385498,shared,customers
word2vec,0.9920036196708679,shared,spelling
word2vec,0.9999999403953552,a_only,voting
word2vec,1.0,a_only,argues
word2vec,1.0,neither,cohen
word2vec,0.9999998807907104,a_only,graph
word2vec,1.0000001192092896,neither,anechoic
word2vec,0.9999999403953552,neither,inhabitant
word2vec,0.9744755029678345,shared,bees
word2vec,0.9933655261993408,neither,motions
word2vec,1.0000001192092896,a_only,arius
word2vec,0.030248289927840233,neither,meditating
word2vec,1.0,neither,promoters
word2vec,0.8495677709579468,shared,maybe
word2vec,1.0,neither,carbonyl
word2vec,0.0393575057387352,neither,contemptuous
word2vec,1.0000001192092896,a_only,thailand
word2vec,1.0000001192092896,neither,mileva
word2vec,0.994184136390686,shared,defence
word2vec,1.0,a_only,herbal
word2vec,0.8947927951812744,shared,read
word2vec,1.0,neither,cromwell
word2vec,0.9999998807907104,neither,cyrillic
word2vec,0.02218521386384964,neither,restrain
word2vec,1.0,neither,wrongly
word2vec,0.9945687055587769,shared,criminal
word2vec,0.8310258984565735,shared,royalties
word2vec,1.0,neither,prima
word2vec,0.9999999403953552,a_only,alain
word2vec,1.0,neither,lowercase
word2vec,-0.04274841398000717,b_only,raft
word2vec,0.9947119951248169,shared,removal
word2vec,1.0000001192092896,neither,magdeburg
word2vec,1.0,a_only,iso
word2vec,0.9976852536201477,shared,errors
word2vec,0.9999999403953552,neither,risky
word2vec,0.9999999403953552,neither,burma
word2vec,1.0,a_only,ads
word2vec,0.04046913608908653,b_only,frankenstein
word2vec,1.0,neither,ordained
word2vec,0.9999999403953552,neither,watergate
word2vec,0.9999998807907104,a_only,fetus
word2vec,0.9898530840873718,shared,admired
word2vec,0.9923960566520691,shared,earthly
word2vec,0.17109766602516174,b_only,imprudence
word2vec,1.0,neither,krill
word2vec,1.0000001192092896,a_only,touchdown
word2vec,0.9994603991508484,shared,attribute
word2vec,0.9849398136138916,shared,cost
word2vec,0.9999998807907104,neither,symbolized
word2vec,-0.02539622038602829,b_only,talked
word2vec,0.9461504817008972,shared,crying
word2vec,1.0000001192092896,neither,longitude
word2vec,0.9935644268989563,shared,mental
word2vec,-0.03723416104912758,neither,scarecrows
word2vec,1.0,neither,entails
word2vec,1.0,neither,weed
word2vec,0.008505464531481266,neither,labyrinth
word2vec,1.0000001192092896,neither,mistakenly
word2vec,-2.1227835986792343e-06,neither,fulfil
word2vec,0.9959847927093506,shared,kills
word2vec,0.9956795573234558,shared,justify
word2vec,0.9773321747779846,shared,scenes
word2vec,0.09621279686689377,b_only,caterpillar
word2vec,0.08309032022953033,b_only,loathsome
word2vec,-0.14377617835998535,neither,outcast
word2vec,0.9523852467536926,shared,lies
word2vec,1.0,a_only,complexity
word2vec,1.0,neither,trends
word2vec,1.0,neither,masculine
word2vec,0.9937471747398376,shared,upward
word2vec,1.0,neither,pigweed
word2vec,1.0000001192092896,neither,scramble
word2vec,0.9805324673652649,shared,audience
word2vec,1.0,a_only,aggressive
word2vec,0.9023159146308899,shared,joy
word2vec,0.9999999403953552,neither,tutorials
word2vec,1.0,a_only,gesch
word2vec,0.9999998807907104,neither,partnership
word2vec,0.9673960208892822,shared,admiration
word2vec,0.05694405362010002,neither,forgetfulness
word2vec,0.08438368886709213,neither,swandam
word2vec,0.9710175395011902,shared,edge
word2vec,0.9830375909805298,shared,introduced
word2vec,0.998237669467926,shared,confirmation
word2vec,1.0,a_only,prolific
word2vec,0.9999999403953552,a_only,tommy
word2vec,0.8358119130134583,shared,five
word2vec,0.07504025846719742,neither,accomplishment
word2vec,-0.04192023724317551,neither,paced
word2vec,1.0000001192092896,neither,secede
word2vec,0.9857531189918518,shared,alter
word2vec,0.9987937211990356,shared,westward
word2vec,1.0000001192092896,neither,clovis
word2vec,-0.02552468702197075,neither,shoving
word2vec,0.9999999403953552,neither,chordata
word2vec,-0.02437552995979786,b_only,pleasures
word2vec,0.9984797239303589,shared,relating
word2vec,0.9640074968338013,shared,worn
word2vec,0.9999998807907104,a_only,football
word2vec,0.14463771879673004,neither,loitered
word2vec,0.9925612211227417,shared,leads
word2vec,0.9449071288108826,shared,spirit
word2vec,1.0000001192092896,neither,fatty
word2vec,0.9460301399230957,shared,guard
word2vec,0.1702996790409088,neither,cabs
word2vec,1.0,neither,coulomb
word2vec,1.0000001192092896,neither,luis
word2vec,1.0,a_only,mobile
word2vec,1.0,a_only,comprises
word2vec,1.0,neither,spawned
word2vec,0.33857762813568115,neither,straits
word2vec,1.0,a_only,climate
word2vec,0.08432258665561676,neither,streamed
word2vec,0.2327582836151123,b_only,conjectured
word2vec,0.9999998807907104,neither,glycerol
word2vec,0.012646188959479332,b_only,6
word2vec,0.054171185940504074,neither,sobbed
word2vec,-0.0689314529299736,neither,pauses
word2vec,0.9999998807907104,neither,esters
word2vec,0.9787753224372864,shared,succeeded
word2vec,1.0,a_only,pius
word2vec,1.0,neither,exploit
word2vec,1.0,neither,ethnography
word2vec,1.0,a_only,decade
word2vec,0.9999999403953552,neither,geographer
word2vec,0.26920634508132935,neither,popped
word2vec,0.08287650346755981,neither,mercies
word2vec,1.0000001192092896,a_only,tsar
word2vec,0.14021523296833038,neither,uncommonly
word2vec,1.0000001192092896,a_only,darwin
word2vec,1.0,neither,comma
word2vec,-0.015555174089968204,b_only,hats
word2vec,0.07156012207269669,b_only,trifling
word2vec,-0.1512988954782486,neither,loadstone
word2vec,1.0000001192092896,a_only,elected
word2vec,1.0000001192092896,neither,rhode
word2vec,-0.11900939792394638,b_only,forgive
word2vec,0.9914616346359253,shared,sums
word2vec,0.19042161107063293,neither,chewing
word2vec,0.9999998807907104,a_only,ataxia
word2vec,-0.09433206170797348,b_only,deceive
word2vec,0.9999999403953552,neither,analytic
word2vec,0.9999999403953552,neither,menabrea
word2vec,-0.019779255613684654,b_only,clouded
word2vec,0.9971578121185303,shared,restoring
word2vec,0.9985765218734741,shared,policy
word2vec,0.9691910743713379,shared,chamber
word2vec,0.1020745262503624,neither,sayin
word2vec,1.0,neither,rephlex
word2vec,1.0000001192092896,neither,squire
word2vec,0.11441949754953384,neither,procure
word2vec,0.03854469209909439,neither,abominable
word2vec,0.19385011494159698,neither,sensibility
word2vec,1.0000001192092896,a_only,conservatives
word2vec,1.0,neither,naturalism
word2vec,0.9685007929801941,shared,admit
word2vec,1.0000001192092896,a_only,papyrus
word2vec,0.08611807972192764,neither,slighted
word2vec,1.0,neither,borough
word2vec,0.9890689849853516,shared,victory
word2vec,1.0,a_only,peaks
word2vec,1.0,neither,modus
word2vec,1.0,a_only,transmission
word2vec,0.9798664450645447,shared,delivered
word2vec,1.0000001192092896,neither,kirk
word2vec,0.982295036315918,shared,owl
word2vec,-0.07958117872476578,neither,purse
word2vec,0.9892459511756897,shared,heat
word2vec,1.0,a_only,innovations
word2vec,0.1209813803434372,b_only,deduce
word2vec,0.9708413481712341,shared,treat
word2vec,1.0000001192092896,a_only,imperium
word2vec,0.2241678684949875,b_only,strangely
word2vec,0.979630172252655,shared,fourth
word2vec,1.0,a_only,loosely
word2vec,0.9632535576820374,shared,weakness
word2vec,1.0000001192092896,neither,tischendorf
word2vec,1.0,neither,galois
word2vec,0.9487565755844116,shared,race
word2vec,0.9896486401557922,shared,y
word2vec,0.992118775844574,shared,market
word2vec,0.9873151183128357,shared,feed
word2vec,1.0,a_only,starts
word2vec,0.8779865503311157,shared,felix
word2vec,0.07273973524570465,neither,submission
word2vec,-0.00060968630714342,b_only,approaching
word2vec,-0.19234837591648102,neither,doubled
word2vec,1.0,neither,disappears
word2vec,0.9883221983909607,shared,cease
word2vec,1.0,a_only,abbreviations
word2vec,0.9786999225616455,shared,faced
word2vec,1.0,a_only,progression
word2vec,0.9999998807907104,neither,fungus
word2vec,0.1364600509405136,b_only,firmness
word2vec,0.9920534491539001,shared,invariably
word2vec,0.9999999403953552,neither,worshipping
word2vec,0.2629129886627197,neither,swarm
word2vec,1.0000001192092896,a_only,sultan
word2vec,1.0000001192092896,a_only,squid
word2vec,1.0,a_only,electronics
word2vec,1.0000001192092896,neither,cristatus
word2vec,0.1306241750717163,neither,wardrobe
word2vec,0.25250670313835144,neither,obsequious
word2vec,0.9999998807907104,neither,transmutations
word2vec,0.9898114800453186,shared,biggest
word2vec,0.15767574310302734,b_only,particulars
word2vec,0.995552659034729,shared,completed
word2vec,0.9667507410049438,shared,sing
word2vec,1.0,neither,universes
word2vec,0.9843933582305908,shared,enjoyed
word2vec,0.968136191368103,shared,seems
word2vec,0.9854004979133606,shared,departure
word2vec,0.9965041279792786,shared,readiness
word2vec,0.0923047810792923,b_only,fitzwilliam
word2vec,1.0,neither,simulated
word2vec,0.15101322531700134,neither,unhappily
word2vec,0.9979017972946167,shared,member
word2vec,1.0,neither,judiciary
word2vec,1.0,neither,arises
word2vec,1.0,a_only,missile
word2vec,0.8843823671340942,shared,returned
word2vec,1.0,neither,kanner
word2vec,0.699827253818512,shared,in
word2vec,0.9999998807907104,a_only,gases
word2vec,0.044146809726953506,b_only,neighbour
word2vec,0.8747906684875488,shared,showed
word2vec,0.934978723526001,shared,renamed
word2vec,0.989503026008606,shared,wilderness
word2vec,-0.03164226934313774,b_only,hearth
word2vec,-0.1725102663040161,neither,fidgeted
word2vec,0.17651842534542084,b_only,ghastly
word2vec,0.9938079118728638,shared,substance
word2vec,1.0,neither,liberated
word2vec,0.9999998807907104,neither,antisymmetric
word2vec,-0.005844715982675552,neither,gypsies
word2vec,0.9999999403953552,neither,screenplays
word2vec,1.0,neither,kanons
word2vec,0.9890739321708679,shared,animated
word2vec,1.0,neither,gb
word2vec,1.0,neither,lethbridge
word2vec,0.9999999403953552,a_only,marine
word2vec,1.0000001192092896,neither,chronicler
word2vec,1.0,a_only,cnt
word2vec,0.9999999403953552,neither,salamis
word2vec,0.9949160814285278,shared,noted
word2vec,1.0,neither,fahrenheit
word2vec,1.0,neither,monte
word2vec,-0.052105605602264404,neither,intensely
word2vec,0.9525312185287476,shared,sh
word2vec,1.0,neither,rf
word2vec,1.0,neither,screening
word2vec,1.0,a_only,substances
word2vec,1.0,neither,tr
word2vec,1.0,a_only,arithmetic
word2vec,0.8332748413085938,shared,very
word2vec,0.9582569599151611,shared,months
word2vec,1.0,a_only,monument
word2vec,0.9828588962554932,shared,hitting
word2vec,0.9999998807907104,a_only,unnamed
word2vec,1.0,neither,landmass
word2vec,0.9394974708557129,shared,standing
word2vec,0.9944427609443665,shared,fold
word2vec,0.9999998807907104,a_only,asteraceae
word2vec,0.9011785387992859,shared,nobody
word2vec,1.0,neither,urgell
word2vec,0.049829889088869095,b_only,3
word2vec,0.9595620632171631,shared,flame
word2vec,0.8939015865325928,shared,prisoner
word2vec,1.0000001192092896,a_only,reconstruction
word2vec,1.0,neither,flocks
word2vec,0.9814930558204651,shared,pursuit
word2vec,0.10019256174564362,b_only,amy
word2vec,0.06431478261947632,b_only,romeo
word2vec,1.0,a_only,scripts
word2vec,1.0,a_only,interior
word2vec,0.9725407958030701,shared,troubles
word2vec,1.0,neither,kh
word2vec,0.9802632927894592,shared,mistaken
word2vec,0.9999998807907104,neither,lebanese
word2vec,1.0,a_only,ar
word2vec,-0.13172629475593567,neither,betwixt
word2vec,0.9999998807907104,a_only,christians
word2vec,1.0,a_only,singapore
word2vec,0.9999998807907104,neither,stockholm
word2vec,1.0,neither,spaced
word2vec,0.9628204703330994,shared,join
word2vec,-0.03843757510185242,neither,perils
word2vec,0.9214839935302734,shared,bright
word2vec,1.0,neither,admirers
word2vec,0.02824213355779648,neither,endued
word2vec,0.9999998807907104,neither,deployed
word2vec,0.14614324271678925,neither,huddled
word2vec,0.9999998807907104,neither,isaiah
word2vec,0.12762990593910217,b_only,drooping
word2vec,1.0,a_only,agnetha
word2vec,1.0,a_only,algiers
word2vec,0.08392635732889175,neither,supplication
word2vec,1.0,neither,intuitionistic
word2vec,-0.11293438822031021,b_only,knives
word2vec,0.9999998807907104,neither,sd
word2vec,1.0,neither,coma
word2vec,0.1419796347618103,neither,grimly
word2vec,0.015268314629793167,neither,wilder
word2vec,0.09316864609718323,neither,parrot
word2vec,0.9614983797073364,shared,wrong
word2vec,0.9999998807907104,neither,icon
word2vec,0.9928565621376038,shared,fried
word2vec,1.0,neither,deported
word2vec,0.01915992610156536,b_only,mustn
word2vec,0.963104784488678,shared,lead
word2vec,1.0,a_only,authoritarian
word2vec,0.9999999403953552,a_only,bambaataa
word2vec,0.9989593029022217,shared,japanese
word2vec,0.9999998807907104,a_only,pseudo
word2vec,1.0,neither,rutgers
word2vec,0.10466086119413376,neither,savages
word2vec,0.9965276718139648,shared,antiquity
word2vec,1.0000001192092896,a_only,plastic
word2vec,1.0,neither,aldous
word2vec,1.0,neither,lowry
word2vec,0.0363900288939476,neither,intensified
word2vec,0.013983681797981262,b_only,tow
word2vec,0.9999999403953552,neither,methodology
word2vec,1.0,neither,galaxy
word2vec,0.9908900260925293,shared,relates
word2vec,0.9999999403953552,neither,bias
word2vec,1.0,neither,distinctions
word2vec,1.0,neither,punt
word2vec,0.21677328646183014,neither,elaborately
word2vec,0.015426554717123508,neither,audibly
word2vec,0.8828912973403931,shared,tale
word2vec,-0.18034377694129944,neither,toils
word2vec,1.0,neither,matrices
word2vec,1.0000001192092896,neither,venizelos
word2vec,0.9713687300682068,shared,raise
word2vec,-0.1743883490562439,b_only,patience
word2vec,0.1318160444498062,neither,lath
word2vec,0.993865430355072,shared,traded
word2vec,0.9681563973426819,shared,sufficient
word2vec,1.0,a_only,ruins
word2vec,1.0,neither,grande
word2vec,1.0000001192092896,a_only,allied
word2vec,0.9999998807907104,a_only,politically
word2vec,1.0000001192092896,neither,leanings
word2vec,1.0,a_only,practitioners
word2vec,0.998687207698822,shared,christ
word2vec,0.032506756484508514,b_only,bestow
word2vec,0.08657094091176987,neither,gleams
word2vec,1.0,neither,ailanthus
word2vec,1.0,a_only,identical
word2vec,1.0,a_only,troy
word2vec,1.0,neither,programmer
word2vec,0.9999999403953552,a_only,otto
word2vec,0.06280817836523056,neither,icy
word2vec,0.17922571301460266,neither,speedy
word2vec,0.9997316002845764,shared,debt
word2vec,0.9850780963897705,shared,belonged
word2vec,1.0,a_only,koestler
word2vec,0.9919425249099731,shared,judges
word2vec,0.9999999403953552,a_only,isaac
word2vec,0.9973640441894531,shared,viewed
word2vec,0.9476073980331421,shared,paris
word2vec,0.06513095647096634,neither,choking
word2vec,1.0,a_only,socialism
word2vec,0.9668949842453003,shared,bench
word2vec,1.0,a_only,metres
word2vec,0.021283330395817757,neither,rum
word2vec,0.9999999403953552,neither,alphabetic
word2vec,1.0,neither,grounding
word2vec,1.0000001192092896,neither,vichy
word2vec,-0.033798836171627045,neither,idiotic
word2vec,0.9897850751876831,shared,newspapers
word2vec,1.0,a_only,martial
word2vec,0.9999999403953552,neither,beers
word2vec,1.0000001192092896,a_only,episodes
word2vec,0.994220495223999,shared,blunt
word2vec,1.0,neither,morphology
word2vec,1.0,neither,organizing
word2vec,0.24327142536640167,neither,recollecting
word2vec,0.9999999403953552,neither,archie
word2vec,0.9567457437515259,shared,proceeded
word2vec,0.9947482943534851,shared,incomplete
word2vec,0.9999999403953552,a_only,si
word2vec,0.9999998807907104,neither,ae
word2vec,0.9936578273773193,shared,grant
word2vec,1.0,a_only,stalin
word2vec,1.0,neither,winnie
word2vec,1.0,neither,zuider
word2vec,1.0,neither,meta
word2vec,0.9576200246810913,shared,alas
word2vec,0.9999998807907104,neither,hobby
word2vec,-0.07535427063703537,neither,contrariwise
word2vec,1.0000001192092896,neither,lighthouses
word2vec,1.0,neither,slower
word2vec,1.0000001192092896,a_only,essentially
word2vec,0.9999999403953552,a_only,institute
word2vec,1.0,neither,barley
word2vec,1.0,neither,fda
word2vec,0.9999998807907104,neither,seizure
word2vec,0.9183639287948608,shared,entered
word2vec,-0.007265986874699593,neither,nightmare
word2vec,0.08631496876478195,neither,fondly
word2vec,0.03634491190314293,neither,murmuring
word2vec,0.9941136837005615,shared,exile
word2vec,1.0,a_only,lifetime
word2vec,0.9999999403953552,a_only,marketing
word2vec,1.0,neither,immunity
word2vec,0.01850726455450058,neither,bud
word2vec,0.0001360148162348196,neither,winking
word2vec,1.0,neither,programmable
word2vec,1.0,neither,alpina
word2vec,1.0,neither,nebula
word2vec,0.10446401685476303,neither,grated
word2vec,0.9257243275642395,shared,dancing
word2vec,0.9999999403953552,neither,nage
word2vec,1.0,neither,unpopular
word2vec,1.0000001192092896,neither,abundance
word2vec,-0.0613911971449852,b_only,hasn
word2vec,0.9999998807907104,neither,servers
word2vec,0.039253901690244675,b_only,fluttered
word2vec,-0.0025815535336732864,neither,unbecoming
word2vec,0.9999999403953552,neither,kyoto
word2vec,1.0000001192092896,a_only,richardson
word2vec,0.9842585325241089,shared,beats
word2vec,0.22174032032489777,b_only,pens
word2vec,0.2034437209367752,neither,survivor
word2vec,0.9999998807907104,a_only,dinosaur
word2vec,0.9656016230583191,shared,effect
word2vec,1.0,neither,ps
word2vec,1.0,neither,insurance
word2vec,0.007590494584292173,neither,fundu
word2vec,1.0,neither,rer
word2vec,0.14800876379013062,neither,bradstreet
word2vec,1.0,a_only,practically
word2vec,0.21061454713344574,b_only,clearing
word2vec,1.0000001192092896,a_only,anglicans
word2vec,0.9926286935806274,shared,survive
word2vec,1.0,neither,comprised
word2vec,0.9800435900688171,shared,glorious
word2vec,0.9726336598396301,shared,cannon
word2vec,0.12093634903430939,neither,ornament
word2vec,1.0,neither,cong
word2vec,0.9999998807907104,neither,concludes
word2vec,0.03790241479873657,neither,untidy
word2vec,0.04864434152841568,neither,bothered
word2vec,0.9494879245758057,shared,buy
word2vec,1.0,neither,unknowable
word2vec,1.0,neither,roth
word2vec,0.9999999403953552,neither,truce
word2vec,1.0,a_only,magnitude
word2vec,0.9885780215263367,shared,confirmed
word2vec,1.0,a_only,wittgenstein
word2vec,-0.05751394107937813,neither,remonstrated
word2vec,1.0000001192092896,neither,reputed
word2vec,0.9966714382171631,neither,potent
word2vec,0.9925587773323059,shared,entertainment
word2vec,1.0,neither,anachronistic
word2vec,1.0,neither,waite
word2vec,0.9999999403953552,a_only,definitions
word2vec,1.0,neither,unreleased
word2vec,0.8963059782981873,shared,ought
word2vec,0.9919992685317993,shared,imitation
word2vec,1.0000001192092896,neither,panoramic
word2vec,-0.09494072198867798,b_only,lesson
word2vec,0.9999998807907104,neither,ku
word2vec,0.008168641477823257,b_only,lunatic
word2vec,0.9967607259750366,shared,fragments
word2vec,1.0000001192092896,a_only,illegal
word2vec,1.0,neither,taurus
word2vec,0.16588492691516876,b_only,heartily
word2vec,1.0,a_only,cemetery
word2vec,1.0000001192092896,neither,denis
word2vec,0.15089158713817596,neither,goner
word2vec,0.09376750141382217,b_only,juliet
word2vec,0.1313679814338684,neither,radiant
word2vec,0.9723294973373413,shared,solitary
word2vec,1.0,a_only,capturing
word2vec,-0.06626153737306595,neither,reverie
word2vec,0.15671154856681824,neither,wildness
word2vec,0.9965479969978333,shared,attain
word2vec,0.9999999403953552,a_only,schweitzer
word2vec,0.9368739128112793,shared,presence
word2vec,-0.053665079176425934,neither,cherished
word2vec,1.0,a_only,listing
word2vec,1.0,a_only,inverse
word2vec,0.9986505508422852,shared,imply
word2vec,1.0,neither,quinn
word2vec,0.09982806444168091,neither,chinks
word2vec,0.9574647545814514,shared,examination
word2vec,1.0,neither,interpreting
word2vec,0.9922001957893372,shared,se
word2vec,-0.05851927772164345,b_only,asleep
word2vec,0.9999999403953552,a_only,students
word2vec,0.9737542271614075,shared,print
word2vec,0.9999999403953552,a_only,legend
word2vec,0.9999998807907104,a_only,accusations
word2vec,1.0,neither,tuberculosis
word2vec,0.9339005947113037,shared,meet
word2vec,1.0000001192092896,neither,mortality
word2vec,1.0,neither,joachim
word2vec,0.991841733455658,shared,acknowledge
word2vec,0.9944226145744324,shared,arrest
word2vec,1.0000001192092896,neither,sabotage
word2vec,-0.012884209863841534,neither,agreeing
word2vec,0.2206690013408661,neither,unaccountable
word2vec,1.0000001192092896,neither,zelazny
word2vec,0.9796258211135864,shared,information
word2vec,0.8233992457389832,neither,fowler
word2vec,0.9999999403953552,a_only,meaningless
word2vec,0.9999999403953552,neither,corwin
word2vec,-0.11743153631687164,b_only,thatcher
word2vec,0.13969027996063232,neither,refresh
word2vec,0.9783706665039062,shared,wrapped
word2vec,1.0,neither,demographic
word2vec,0.9999999403953552,neither,australis
word2vec,0.9971377849578857,shared,formal
word2vec,1.0,neither,hilbert
word2vec,0.0825950875878334,neither,nailed
word2vec,1.0000001192092896,neither,nascar
word2vec,0.9999998807907104,neither,heldenplatz
word2vec,1.0,a_only,calendar
word2vec,0.11090830713510513,neither,blossom
word2vec,0.902562141418457,shared,dropped
word2vec,-0.06320831179618835,neither,groped
word2vec,1.0,neither,ethnologue
word2vec,0.031449854373931885,b_only,sobs
word2vec,1.0,neither,coded
word2vec,1.0,neither,aerial
word2vec,0.8084248900413513,shared,when
word2vec,0.9988269805908203,shared,records
word2vec,1.0,a_only,observances
word2vec,1.0000001192092896,a_only,palestine
word2vec,0.9999998807907104,neither,dublin
word2vec,1.0,neither,albany
word2vec,1.0000001192092896,a_only,pratchett
word2vec,1.0,neither,nfc
word2vec,0.9934958815574646,shared,latest
word2vec,0.98933345079422,shared,xx
word2vec,1.0,a_only,commander
word2vec,1.0,neither,chapman
word2vec,1.0,a_only,imac
word2vec,0.9581407904624939,shared,game
word2vec,0.9871172308921814,shared,distinctly
word2vec,0.046214886009693146,b_only,presume
word2vec,0.11153611540794373,neither,fooled
word2vec,0.9911500215530396,shared,abode
word2vec,1.0,neither,mailing
word2vec,0.0884413942694664,neither,mischievous
word2vec,0.9009506702423096,shared,seven
word2vec,0.99089115858078,shared,hired
word2vec,0.9908024668693542,shared,experiment
word2vec,1.0000001192092896,a_only,movies
word2vec,1.0000001192092896,a_only,advocates
word2vec,0.9897753596305847,shared,duties
word2vec,1.0000001192092896,neither,mifune
word2vec,0.17138949036598206,neither,discoloured
word2vec,0.9999999403953552,neither,avant
word2vec,0.9769899249076843,shared,spiders
word2vec,1.0,neither,conductivity
word2vec,1.0000001192092896,a_only,monks
word2vec,1.0,neither,pilgrimage
word2vec,1.0,neither,appendix
word2vec,0.9991999268531799,shared,lone
word2vec,1.0000001192092896,neither,amaryllidaceae
word2vec,1.0000001192092896,neither,specialist
word2vec,0.07812707126140594,b_only,lap
word2vec,0.9999998807907104,neither,harmful
word2vec,0.9279446005821228,shared,beauty
word2vec,1.0,neither,graduates
word2vec,0.904818058013916,shared,shop
word2vec,0.056884631514549255,neither,overcame
word2vec,0.998975932598114,shared,abbey
word2vec,1.0,a_only,switch
word2vec,0.9847911596298218,shared,harsh
word2vec,0.9767446517944336,shared,silk
word2vec,0.12437840551137924,neither,manhood
word2vec,0.9999999403953552,neither,tienne
word2vec,1.0,a_only,unsuccessful
word2vec,0.9875962734222412,shared,notwithstanding
word2vec,0.9999998807907104,neither,cockney
word2vec,0.9999999403953552,a_only,petroleum
word2vec,1.0000001192092896,a_only,apocalypse
word2vec,1.0,a_only,eventual
word2vec,0.9332879185676575,shared,few
word2vec,0.8973053097724915,shared,fine
word2vec,1.0,a_only,diesel
word2vec,1.0000001192092896,neither,vancouver
word2vec,0.9999998807907104,a_only,fertilizer
word2vec,0.160101518034935,neither,shouldering
word2vec,0.9973325133323669,shared,greatness
word2vec,0.9964840412139893,shared,remarkably
word2vec,0.9988299608230591,shared,critical
word2vec,0.9992782473564148,shared,lee
word2vec,1.0000001192092896,a_only,onset
word2vec,0.9860390424728394,shared,bills
word2vec,1.0000001192092896,a_only,kilometers
word2vec,1.0,neither,editors
word2vec,1.0,a_only,appreciation
word2vec,0.958874523639679,shared,brown
word2vec,0.8948631882667542,shared,whole
word2vec,1.0,neither,negotiated
word2vec,1.0000001192092896,neither,golf
word2vec,1.0,a_only,boyle
word2vec,0.04859212040901184,neither,untimely
word2vec,0.951684296131134,shared,break
word2vec,0.9999998807907104,neither,kuwait
word2vec,-0.05535876378417015,neither,nonesuch
word2vec,0.9999999403953552,a_only,circ
word2vec,0.995447039604187,shared,stuffed
word2vec,1.0000001192092896,neither,accumulate
word2vec,1.0000001192092896,a_only,criticism
word2vec,-0.01405172049999237,neither,withered
word2vec,0.9946290850639343,shared,views
word2vec,1.0,a_only,apache
word2vec,1.0,neither,nonaggression
word2vec,0.9999998807907104,neither,baptism
word2vec,0.032976023852825165,neither,repay
word2vec,0.9999998807907104,a_only,achievement
word2vec,-0.025387056171894073,b_only,frauds
word2vec,0.16469800472259521,neither,antique
word2vec,1.0,a_only,culminated
word2vec,1.0,neither,faq
word2vec,0.9503087997436523,shared,elbow
word2vec,0.21903322637081146,b_only,spaniard
word2vec,1.0000001192092896,a_only,angeles
word2vec,0.9999998807907104,a_only,reigning
word2vec,1.0,neither,dehydration
word2vec,1.0,neither,finder
word2vec,0.8357468843460083,shared,look
word2vec,1.0000001192092896,a_only,immigrants
word2vec,1.0,neither,progresses
word2vec,0.9910363554954529,shared,narrative
word2vec,1.0,neither,eukaryotic
word2vec,0.9891044497489929,shared,timber
word2vec,1.0000001192092896,neither,minimal
word2vec,0.017262984067201614,neither,roasted
word2vec,0.9216469526290894,shared,quit
word2vec,0.08346518874168396,neither,flopping
word2vec,0.9975600838661194,shared,individual
word2vec,0.897555947303772,shared,pride
word2vec,0.9778885841369629,shared,catching
word2vec,0.20255239307880402,neither,shaven
word2vec,1.0,neither,practicing
word2vec,0.99586021900177,shared,collecting
word2vec,1.0,a_only,definition
word2vec,1.0,a_only,doctrine
word2vec,1.0000001192092896,neither,collector
word2vec,0.9842054843902588,shared,concluded
word2vec,0.9999999403953552,a_only,norwegian
word2vec,1.0,a_only,consonant
word2vec,0.9666450619697571,shared,counting
word2vec,0.3863137364387512,neither,harmless
word2vec,-0.13753268122673035,neither,beholding
word2vec,0.253529816865921,neither,securely
word2vec,0.8542047142982483,shared,moment
word2vec,1.0,a_only,soroban
word2vec,0.9965016841888428,shared,popular
word2vec,1.0,a_only,experimented
word2vec,0.9999999403953552,neither,jung
word2vec,0.18776069581508636,neither,avert
word2vec,0.997237503528595,shared,bricks
word2vec,0.8126768469810486,shared,while
word2vec,0.8892580270767212,shared,journey
word2vec,0.06785766035318375,neither,mattress
word2vec,0.04287135601043701,b_only,rested
word2vec,0.9999999403953552,neither,alexei
word2vec,1.0,neither,rms
word2vec,-0.025250354781746864,b_only,gaoler
word2vec,0.0721636638045311,b_only,leaped
word2vec,1.0000001192092896,neither,honeywell
word2vec,0.987917959690094,shared,proof
word2vec,0.9475558400154114,shared,echoes
word2vec,0.058605410158634186,neither,skirt
word2vec,1.0000001192092896,neither,oz
word2vec,0.9999999403953552,neither,bach
word2vec,0.0006670667207799852,neither,glaring
word2vec,1.0,neither,meter
word2vec,1.0,a_only,innovative
word2vec,0.1833472102880478,neither,evidences
word2vec,0.9999999403953552,neither,retrieve
word2vec,1.0,a_only,communists
word2vec,0.9972766041755676,shared,rests
word2vec,0.15311187505722046,b_only,wot
word2vec,1.0,neither,authentic
word2vec,0.9949713945388794,neither,perth
word2vec,0.9999998807907104,neither,agronomy
word2vec,0.19082990288734436,neither,mockery
word2vec,1.0,a_only,alien
word2vec,1.0000001192092896,neither,franciscan
word2vec,0.03728680685162544,neither,noises
word2vec,0.046002715826034546,neither,admires
word2vec,0.9999999403953552,neither,walther
word2vec,1.0,neither,sedimentary
word2vec,0.9312273263931274,shared,thunder
word2vec,0.0356927216053009,neither,plumb
word2vec,-0.07144251465797424,neither,envied
word2vec,1.0,neither,strauss
word2vec,1.0000001192092896,neither,recycling
word2vec,-0.13746339082717896,neither,interposed
word2vec,0.04970857873558998,neither,supposition
word2vec,1.0,a_only,loyalists
word2vec,1.0000001192092896,neither,cremated
word2vec,0.7858722805976868,shared,she
word2vec,0.9542313814163208,shared,truth
word2vec,0.9945849776268005,shared,destroying
word2vec,-0.026317911222577095,b_only,odour
word2vec,0.9999998807907104,a_only,egoism
word2vec,-0.23876255750656128,b_only,dreadfully
word2vec,0.9904704689979553,shared,motive
word2vec,0.9623983502388,shared,bust
word2vec,1.0,neither,transit
word2vec,0.04096969589591026,neither,lanterns
word2vec,0.07867363095283508,neither,gallop
word2vec,1.0000001192092896,a_only,autism
word2vec,0.037627384066581726,b_only,ladyship
word2vec,0.9999998807907104,neither,oceania
word2vec,0.9689119458198547,shared,pile
word2vec,-0.004719192627817392,neither,groaning
word2vec,0.08497307449579239,neither,wrists
word2vec,1.0,a_only,transform
word2vec,0.2781330645084381,b_only,eagerness
word2vec,0.06935549527406693,b_only,bully
word2vec,1.0000001192092896,a_only,listed
word2vec,1.0,neither,recast
word2vec,1.0000001192092896,neither,robotics
word2vec,0.9894448518753052,shared,responsible
word2vec,1.0,neither,silva
word2vec,0.8813533186912537,shared,money
word2vec,1.0000001192092896,a_only,positron
word2vec,1.0,neither,import
word2vec,1.0,a_only,files
word2vec,0.07307703793048859,b_only,jewel
word2vec,0.866907000541687,shared,should
word2vec,1.0000001192092896,neither,venezuela
word2vec,1.0000001192092896,neither,plebiscite
word2vec,0.9663479328155518,shared,twin
word2vec,0.10869894921779633,neither,luckily
word2vec,-0.009727487340569496,neither,snuff
word2vec,0.9882103800773621,shared,lower
word2vec,1.0,neither,ppm
word2vec,1.0,neither,baden
word2vec,1.0,neither,extremes
word2vec,-0.010523583739995956,b_only,clerval
word2vec,1.0000001192092896,neither,schumacher
word2vec,0.9999999403953552,neither,merlin
word2vec,0.11777253448963165,neither,comforts
word2vec,0.0699402242898941,neither,sensibly
word2vec,1.0000001192092896,a_only,opponent
word2vec,0.06308157742023468,neither,temptations
word2vec,0.03667778894305229,neither,thar
word2vec,1.0000001192092896,a_only,wyoming
word2vec,0.984316349029541,shared,undertaking
word2vec,0.9999999403953552,neither,panama
word2vec,1.0000001192092896,a_only,propaganda
word2vec,1.0,a_only,suppression
word2vec,1.0,neither,patricia
word2vec,0.8913317322731018,shared,within
word2vec,1.0000001192092896,a_only,funding
word2vec,1.0000001192092896,a_only,mythological
word2vec,0.045088525861501694,neither,tease
word2vec,1.0,neither,falsely
word2vec,0.9992448091506958,shared,wilson
word2vec,0.7840778827667236,shared,they
word2vec,0.1421433985233307,neither,14
word2vec,0.9514645934104919,shared,proud
word2vec,0.18788738548755646,neither,playful
word2vec,0.06351149082183838,neither,grieving
word2vec,1.0,neither,madeleine
word2vec,1.0,neither,enrolled
word2vec,0.9999998807907104,a_only,balloons
word2vec,1.0,neither,ensuring
word2vec,0.004420673009008169,b_only,dread
word2vec,0.9881522059440613,shared,required
word2vec,0.7218201160430908,shared,little
word2vec,0.12414420396089554,neither,rumbling
word2vec,1.0,a_only,anthropology
word2vec,0.9847775101661682,shared,hello
word2vec,0.9999998807907104,neither,monotheistic
word2vec,0.13987760245800018,neither,castles
word2vec,0.9901246428489685,shared,salt
word2vec,0.9999999403953552,neither,alliaceae
word2vec,0.9999999403953552,neither,crews
word2vec,0.014272349886596203,neither,rapped
word2vec,0.15013526380062103,neither,yarn
word2vec,0.9469230771064758,shared,protected
word2vec,0.9900494813919067,shared,faith
word2vec,1.0,a_only,halley
word2vec,1.0,a_only,abolished
word2vec,-0.08156191557645798,b_only,steamboat
word2vec,0.9944363236427307,neither,shifting
word2vec,0.1561260223388672,b_only,thoughtful
word2vec,1.0,neither,russel
word2vec,0.0642198845744133,b_only,shouting
word2vec,0.9999999403953552,a_only,vegetation
word2vec,0.983108401298523,shared,extreme
word2vec,1.0,neither,cyborg
word2vec,1.0,neither,tb
word2vec,1.0,neither,bohr
word2vec,0.9987220764160156,shared,entries
word2vec,0.9999999403953552,neither,informally
word2vec,0.13722585141658783,neither,unhappiness
word2vec,0.9996995329856873,shared,secretary
word2vec,0.9883676767349243,shared,secure
word2vec,0.14789441227912903,neither,yaller
word2vec,1.0,a_only,boston
word2vec,-0.03350142762064934,b_only,tiptoe
word2vec,0.9705304503440857,shared,attitude
word2vec,0.1451890766620636,neither,sanguine
word2vec,1.0,neither,provider
word2vec,0.11203838884830475,b_only,mouths
word2vec,0.9992082118988037,shared,greenland
word2vec,1.0,a_only,tokyo
word2vec,0.9999998807907104,a_only,und
word2vec,0.9492172002792358,shared,changed
word2vec,0.9545897245407104,shared,food
word2vec,0.8780326247215271,shared,among
word2vec,0.9826117753982544,shared,command
word2vec,0.9999999403953552,a_only,inventors
word2vec,1.0,neither,closure
word2vec,1.0,neither,mediums
word2vec,0.9969733357429504,shared,gifts
word2vec,1.0,neither,tropics
word2vec,1.0000001192092896,neither,conclusive
word2vec,1.0,neither,dave
word2vec,1.0,neither,astrometric
word2vec,0.1868649274110794,b_only,avail
word2vec,-0.06329087913036346,neither,splendor
word2vec,0.03720155358314514,neither,steeple
word2vec,0.9780475497245789,shared,invisible
word2vec,1.0,a_only,blocks
word2vec,0.9999998807907104,neither,celebrates
word2vec,1.0,neither,humanist
word2vec,-0.051163770258426666,neither,tryin
word2vec,0.963573694229126,shared,catherine
word2vec,1.0,neither,rectus
word2vec,0.9999998807907104,neither,imperialism
word2vec,-0.025278836488723755,neither,hurled
word2vec,0.9999999403953552,neither,decomposition
word2vec,0.9846295714378357,shared,waist
word2vec,1.0000001192092896,a_only,airports
word2vec,-0.0297776460647583,neither,daisies
word2vec,0.11980992555618286,neither,chatter
word2vec,1.0000001192092896,a_only,influential
word2vec,0.045520883053541183,b_only,cheer
word2vec,0.989528477191925,neither,hermit
word2vec,-0.02830825187265873,neither,dazed
word2vec,-0.0067422701977193356,b_only,flapping
word2vec,0.995979905128479,shared,foam
word2vec,1.0,neither,mormon
word2vec,0.17674367129802704,neither,unaffected
word2vec,1.0,a_only,minerals
word2vec,1.0000001192092896,a_only,siberia
word2vec,0.9999999403953552,a_only,passive
word2vec,1.0,neither,modal
word2vec,1.0000001192092896,neither,navigator
word2vec,1.0,neither,thrace
word2vec,1.0,a_only,dynasty
word2vec,1.0,neither,kamuy
word2vec,1.0,a_only,agnostics
word2vec,-0.02849244512617588,neither,clump
word2vec,0.018083762377500534,neither,clang
word2vec,0.9276039600372314,shared,hurt
word2vec,1.0,neither,motors
word2vec,0.9965205192565918,shared,emphatic
word2vec,1.0,neither,durkheim
word2vec,1.0000001192092896,a_only,projects
word2vec,1.0000001192092896,neither,resistant
word2vec,1.0,neither,parodied
word2vec,0.9918016791343689,shared,emerge
word2vec,1.0,a_only,rebellion
word2vec,1.0,a_only,abandonment
word2vec,-0.07704435288906097,b_only,torture
word2vec,1.0,neither,indefinitely
word2vec,0.8801378011703491,shared,live
word2vec,1.0,neither,conquering
word2vec,0.9423684477806091,shared,hours
word2vec,0.18012847006320953,neither,elexander
word2vec,-0.06940571963787079,neither,cask
word2vec,1.0,neither,ecological
word2vec,0.06661160290241241,b_only,dracula
word2vec,0.9999999403953552,a_only,soviets
word2vec,1.0,neither,toys
word2vec,1.0,neither,salzburg
word2vec,0.06415338814258575,b_only,ardently
word2vec,1.0000001192092896,neither,exploited
word2vec,1.0000001192092896,neither,integrate
word2vec,1.0,a_only,addiction
word2vec,1.0000001192092896,a_only,epithet
word2vec,0.9999999403953552,a_only,augusta
word2vec,0.16838116943836212,b_only,parted
word2vec,1.0000001192092896,neither,mcpherson
word2vec,1.0,a_only,cuisine
word2vec,0.9964324235916138,shared,identify
word2vec,0.06545142084360123,b_only,lodge
word2vec,0.9999998807907104,neither,ufos
word2vec,0.9696024060249329,shared,borne
word2vec,0.9597117900848389,shared,learn
word2vec,0.9999999403953552,neither,degeneration
word2vec,1.0000001192092896,neither,guerrilla
word2vec,0.17226485908031464,b_only,gryphon
word2vec,0.8663418292999268,shared,want
word2vec,0.9758180379867554,shared,delay
word2vec,0.9999998807907104,a_only,boundaries
word2vec,-0.13872066140174866,b_only,endeavouring
word2vec,0.9696031808853149,shared,miller
word2vec,-0.02333216555416584,neither,ungrateful
word2vec,0.1270882785320282,neither,humoured
word2vec,0.9999998807907104,a_only,russell
word2vec,1.0,neither,quaternary
word2vec,0.9794703125953674,shared,toe
word2vec,1.0,neither,bombe
word2vec,1.0,neither,trucial
word2vec,0.9989001750946045,shared,border
word2vec,1.0,a_only,chronology
word2vec,0.9999998807907104,a_only,burns
word2vec,0.9855285882949829,shared,travel
word2vec,1.0,a_only,singles
word2vec,0.13956615328788757,neither,sucking
word2vec,1.0,a_only,chromatic
word2vec,0.9999999403953552,neither,iris
word2vec,1.0,neither,colonization
word2vec,1.0,neither,manipulation
word2vec,0.0028517828322947025,b_only,stately
word2vec,0.9747776985168457,shared,painter
word2vec,-0.017787637189030647,neither,unquestionably
word2vec,0.21487079560756683,neither,triumphs
word2vec,0.9623412489891052,shared,drawn
word2vec,1.0000001192092896,neither,carinthia
word2vec,0.997448205947876,shared,duncan
word2vec,1.0,a_only,measurement
word2vec,0.07203947007656097,neither,airy
word2vec,0.055196620523929596,neither,crevices
word2vec,0.3545739948749542,neither,unwillingly
word2vec,0.9961652755737305,shared,practise
word2vec,1.0000001192092896,a_only,leaders
word2vec,-0.022190798074007034,neither,20
word2vec,1.0,a_only,aids
word2vec,0.9940195083618164,shared,mass
word2vec,0.9999998807907104,a_only,mexico
word2vec,0.9999998807907104,a_only,transportation
word2vec,1.0,a_only,canadian
word2vec,0.992461621761322,shared,retire
word2vec,0.10222181677818298,b_only,forefinger
word2vec,0.9999999403953552,a_only,enigma
word2vec,0.9686806797981262,shared,tore
word2vec,0.08113748580217361,neither,clients
word2vec,-0.07030091434717178,neither,ineffectual
word2vec,1.0,neither,adequate
word2vec,0.9999999403953552,a_only,motto
word2vec,0.9804025292396545,shared,scarlet
word2vec,0.9999998807907104,a_only,rijndael
word2vec,1.0,neither,debuted
word2vec,0.015067216008901596,b_only,curled
word2vec,0.957137942314148,shared,excellent
word2vec,0.18275481462478638,neither,clearer
word2vec,1.0,a_only,ethnic
word2vec,0.9826936721801758,shared,frequently
word2vec,0.9999998807907104,neither,folklore
word2vec,1.0,neither,fagatogo
word2vec,0.999851405620575,neither,manor
word2vec,0.1783565729856491,b_only,puzzled
word2vec,0.20979832112789154,neither,joyful
word2vec,1.0,a_only,chart
word2vec,0.24833357334136963,neither,perceptible
word2vec,0.9796652793884277,shared,ignorance
word2vec,0.9599146246910095,shared,scream
word2vec,0.9960583448410034,shared,perfection
word2vec,0.9971182942390442,shared,countries
word2vec,0.9965101480484009,shared,philosopher
word2vec,0.9999999403953552,neither,jesse
word2vec,0.995495080947876,shared,june
word2vec,0.9895599484443665,shared,issued
word2vec,1.0,neither,juno
word2vec,1.0,a_only,communism
word2vec,1.0,neither,journalism
word2vec,0.9999998807907104,neither,nome
word2vec,0.9953092932701111,shared,differently
word2vec,0.20399615168571472,neither,engrossed
word2vec,1.0000001192092896,a_only,crashes
word2vec,0.9999998807907104,a_only,rv
word2vec,1.0000001192092896,neither,reciprocity
word2vec,1.0,neither,santiago
word2vec,0.9559828639030457,shared,dish
word2vec,0.05794467031955719,neither,bald
word2vec,0.9999999403953552,neither,broadcaster
word2vec,0.998188853263855,shared,associations
word2vec,0.9347380995750427,shared,um
word2vec,0.9983532428741455,shared,shell
word2vec,1.0,neither,lawyers
word2vec,1.0,a_only,argon
word2vec,0.9897395968437195,shared,shy
word2vec,1.0,a_only,hephaestus
word2vec,1.0,neither,enquiry
word2vec,1.0000001192092896,neither,statutory
word2vec,1.0000001192092896,a_only,unmanned
word2vec,0.07740940898656845,neither,pitied
word2vec,-0.11657491326332092,b_only,trance
word2vec,0.08784542977809906,neither,ejaculated
word2vec,0.12634025514125824,neither,plunge
word2vec,1.0,neither,ingestion
word2vec,0.9649216532707214,shared,suspected
word2vec,0.949023962020874,shared,grass
word2vec,1.0,neither,generalizations
word2vec,0.9410433769226074,shared,twice
word2vec,0.9722049832344055,shared,welcome
word2vec,0.9999998807907104,a_only,negligible
word2vec,1.0,neither,willful
word2vec,0.9999998807907104,a_only,anconia
word2vec,1.0,neither,packages
word2vec,0.017940957099199295,b_only,vulgar
word2vec,0.9959137439727783,shared,abundant
word2vec,0.9915010333061218,shared,wrath
word2vec,1.0,neither,reeds
word2vec,0.9999999403953552,a_only,predynastic
word2vec,1.0,a_only,volumes
word2vec,1.0,neither,madrid
word2vec,1.0,neither,frisian
word2vec,0.9922626614570618,shared,childhood
word2vec,-0.019460806623101234,b_only,misfortunes
word2vec,0.9999998807907104,a_only,aliens
word2vec,0.05251991003751755,b_only,lemme
word2vec,-0.05798204615712166,neither,fixedly
word2vec,1.0,a_only,namibia
word2vec,1.0000001192092896,neither,meyer
word2vec,1.0,neither,epistemology
word2vec,0.9853345155715942,shared,rushing
word2vec,1.0000001192092896,neither,sergei
word2vec,1.0,a_only,community
word2vec,0.12723441421985626,b_only,hoarse
word2vec,-0.10505421459674835,b_only,lawn
word2vec,0.9889078140258789,shared,authorities
word2vec,0.0755133330821991,neither,believeth
word2vec,1.0000001192092896,a_only,product
word2vec,1.0,neither,kangaroo
word2vec,0.9699752926826477,shared,needed
word2vec,0.9949058294296265,shared,paths
word2vec,0.988088071346283,shared,response
word2vec,0.9556445479393005,shared,afford
word2vec,1.0,neither,ln
word2vec,0.1521613895893097,neither,orderly
word2vec,0.004864329472184181,neither,provoked
word2vec,0.9999998807907104,a_only,criticised
word2vec,0.9866012930870056,shared,unfortunately
word2vec,1.0000001192092896,a_only,officially
word2vec,0.13267336785793304,neither,medi
word2vec,1.0000001192092896,neither,hokkaido
word2vec,1.0,neither,triangular
word2vec,0.9945897459983826,shared,eagle
word2vec,1.0,a_only,nasa
word2vec,-0.037871476262807846,b_only,slate
word2vec,0.9712375998497009,shared,choose
word2vec,0.9999998807907104,neither,ashby
word2vec,1.0,neither,spinosus
word2vec,0.9999998807907104,neither,leonardo
word2vec,0.9973388314247131,shared,drug
word2vec,1.0000001192092896,a_only,matthew
word2vec,1.0000001192092896,neither,alliances
word2vec,0.9999999403953552,neither,induction
word2vec,0.1276533156633377,neither,whistled
word2vec,-0.13842898607254028,neither,matlock
word2vec,1.0,a_only,korean
word2vec,-0.08301150053739548,neither,cakes
word2vec,0.9999998807907104,neither,cloisters
word2vec,0.9797800779342651,shared,cairo
word2vec,0.9980393052101135,shared,curves
word2vec,1.0,neither,neuron
word2vec,0.011351260356605053,neither,graces
word2vec,1.0000001192092896,neither,explores
word2vec,0.9999999403953552,a_only,establishing
word2vec,1.0000001192092896,neither,clara
word2vec,0.9793610572814941,shared,alike
word2vec,0.9964204430580139,neither,toy
word2vec,1.0,neither,pdd
word2vec,1.0,neither,phrygia
word2vec,0.9979170560836792,shared,originally
word2vec,0.10989450663328171,neither,knuckles
word2vec,0.13916023075580597,b_only,ceiling
word2vec,0.9752640128135681,shared,extremely
word2vec,0.9999999403953552,neither,khwarizmi
word2vec,1.0,a_only,canonical
word2vec,0.9837266802787781,shared,keeps
word2vec,0.9999998807907104,a_only,video
word2vec,0.9989424347877502,shared,salvation
word2vec,0.9999998807907104,neither,destroys
word2vec,0.024525228887796402,neither,unmoved
word2vec,0.9827495217323303,shared,prepare
word2vec,1.0000001192092896,a_only,loyal
word2vec,0.1543247550725937,neither,comers
word2vec,0.12153571844100952,neither,pans
word2vec,1.0,neither,nitrous
word2vec,1.0,neither,precursors
word2vec,0.027921264991164207,b_only,hiding
word2vec,0.9942538142204285,shared,sensitive
word2vec,0.9748817682266235,shared,hoping
word2vec,0.9999999403953552,a_only,anarchist
word2vec,0.1560710370540619,b_only,compassion
word2vec,0.9702962040901184,shared,working
word2vec,0.7972521185874939,shared,room
word2vec,1.0000001192092896,neither,undergoing
word2vec,1.0,neither,demonstration
word2vec,0.1950434148311615,neither,govment
word2vec,1.0,a_only,investment
word2vec,0.9999999403953552,a_only,moscow
word2vec,1.0,a_only,shifted
word2vec,0.9999999403953552,a_only,supposedly
word2vec,0.9890367388725281,shared,concerned
word2vec,0.9999999403953552,neither,edgar
word2vec,0.9234510660171509,shared,widow
word2vec,0.9989166855812073,shared,advertisement
word2vec,1.0,neither,tolerate
word2vec,0.13664425909519196,b_only,git
word2vec,0.11220773309469223,neither,stupor
word2vec,0.973253071308136,shared,city
word2vec,0.8697319626808167,shared,ground
word2vec,0.9999998807907104,a_only,evolutionary
word2vec,0.9844753742218018,shared,preparation
word2vec,1.0,neither,victoriae
word2vec,0.9959471821784973,shared,ensuing
word2vec,0.9913044571876526,shared,echo
word2vec,0.9948217868804932,shared,mistress
word2vec,0.9369016885757446,shared,length
word2vec,0.9999998807907104,neither,med
word2vec,0.9952986240386963,shared,composition
word2vec,1.0,neither,reads
word2vec,0.9999998807907104,a_only,surviving
word2vec,1.0,a_only,islam
word2vec,1.0000001192092896,neither,tubulidentata
word2vec,0.876002848148346,shared,something
word2vec,-0.05092605575919151,b_only,delight
word2vec,1.0000001192092896,a_only,clark
word2vec,0.9932595491409302,shared,hostile
word2vec,0.9999998807907104,neither,caspian
word2vec,0.9960716962814331,shared,miraculous
word2vec,0.9981400966644287,shared,claims
word2vec,1.0,neither,jonas
word2vec,0.9999998807907104,neither,annus
word2vec,0.02365610934793949,neither,fists
word2vec,0.8133630752563477,shared,way
word2vec,1.0,a_only,competitive
word2vec,0.9889422655105591,shared,firm
word2vec,0.9988195896148682,shared,liberal
word2vec,1.0,a_only,theodosius
word2vec,1.0000001192092896,a_only,translated
word2vec,0.9892706274986267,shared,constantly
word2vec,1.0,neither,theodore
word2vec,0.14866676926612854,neither,complacency
word2vec,0.9038141965866089,shared,often
word2vec,1.0,a_only,clash
word2vec,1.0,a_only,thereof
word2vec,0.9999998807907104,neither,targeted
word2vec,1.0,neither,cryptanalysis
word2vec,1.0000001192092896,neither,siena
word2vec,1.0,neither,vastly
word2vec,0.0326627679169178,b_only,gown
word2vec,0.9999999403953552,a_only,types
word2vec,1.0000001192092896,a_only,regulated
word2vec,0.9831171631813049,shared,stage
word2vec,1.0000001192092896,a_only,abraxas
word2vec,0.9999999403953552,neither,axons
word2vec,0.9953048825263977,shared,america
word2vec,0.9815970063209534,shared,estate
word2vec,1.0,a_only,economics
word2vec,0.07349205017089844,b_only,peculiarly
word2vec,0.9834519624710083,shared,impression
word2vec,0.969243049621582,shared,heavens
word2vec,0.9794940948486328,shared,arranged
word2vec,0.9726343154907227,shared,agitation
word2vec,0.914306104183197,shared,broke
word2vec,1.0,neither,propane
word2vec,1.0,a_only,unita
word2vec,1.0,a_only,ibrahim
word2vec,1.0,neither,ju
word2vec,0.9923226833343506,shared,shelves
word2vec,0.9655721187591553,shared,fallen
word2vec,0.9818084239959717,shared,stomach
word2vec,0.0724637508392334,b_only,candles
word2vec,0.9867059588432312,shared,hereafter
word2vec,0.04289599880576134,neither,unwillingness
word2vec,0.967853844165802,shared,manners
word2vec,1.0,neither,titanic
word2vec,1.0000001192092896,a_only,macedonia
word2vec,-0.09128283709287643,neither,candlestick
word2vec,0.9954700469970703,shared,seeds
word2vec,1.0,a_only,hits
word2vec,0.9980626702308655,shared,beneficial
word2vec,1.0,a_only,pc
word2vec,0.11844330281019211,b_only,politeness
word2vec,1.0000001192092896,a_only,cologne
word2vec,1.0000001192092896,neither,torah
word2vec,0.9795403480529785,shared,talks
word2vec,1.0000001192092896,neither,titus
word2vec,0.9999998807907104,neither,aldus
word2vec,1.0,a_only,writings
word2vec,1.0000001192092896,a_only,arable
word2vec,1.0,neither,albuquerque
word2vec,0.977101743221283,shared,delicate
word2vec,1.0,neither,discovers
word2vec,1.0,a_only,fresnel
word2vec,0.9999999403953552,a_only,pueblo
word2vec,1.0000001192092896,neither,divorced
word2vec,0.9999999403953552,neither,symphony
word2vec,1.0,neither,quadrilateral
word2vec,1.0,neither,contradictory
word2vec,1.0000001192092896,neither,pahlavi
word2vec,1.0,neither,monckton
word2vec,1.0000001192092896,a_only,legislative
word2vec,0.14775137603282928,b_only,knitting
word2vec,1.0,a_only,abstract
word2vec,0.9986404776573181,shared,rejected
word2vec,0.9999999403953552,neither,seater
word2vec,1.0000001192092896,neither,illyria
word2vec,0.055420588701963425,b_only,comprehend
word2vec,1.0,neither,vulgate
word2vec,0.2809073328971863,b_only,eyebrows
word2vec,0.12531831860542297,neither,salutation
word2vec,0.9981324076652527,shared,plains
word2vec,0.9999999403953552,neither,scenic
word2vec,0.9999998807907104,neither,bernhard
word2vec,0.9266517162322998,shared,ago
word2vec,1.0000001192092896,neither,spectroscopic
word2vec,1.0000001192092896,a_only,achill
word2vec,0.9983413815498352,shared,photograph
word2vec,1.0000001192092896,neither,khmer
word2vec,0.9896986484527588,shared,disposition
word2vec,0.12397795915603638,b_only,quivered
word2vec,1.0,neither,noirs
word2vec,1.0,a_only,underlying
word2vec,0.9682120680809021,shared,jackson
word2vec,1.0000001192092896,neither,tripod
word2vec,0.017648082226514816,b_only,darnay
word2vec,0.955399751663208,shared,style
word2vec,0.9999999403953552,neither,sufferers
word2vec,0.9999998807907104,neither,eras
word2vec,0.9971081018447876,shared,copies
word2vec,1.0,neither,strata
word2vec,1.0,neither,axiomatic
word2vec,1.0000001192092896,a_only,baseball
word2vec,1.0000001192092896,neither,shaw
word2vec,0.007816511206328869,b_only,cavern
word2vec,0.12124784290790558,b_only,draught
word2vec,0.9999999403953552,neither,affinities
word2vec,0.13581408560276031,neither,ledge
word2vec,1.0000001192092896,neither,vanessa
word2vec,1.0,a_only,texts
word2vec,1.0,neither,herds
word2vec,1.0,a_only,supporter
word2vec,0.9974843859672546,shared,internal
word2vec,1.0,a_only,decades
word2vec,1.0000001192092896,a_only,leadership
word2vec,1.0000001192092896,neither,sci
word2vec,0.9865679740905762,shared,conceived
word2vec,0.9999999403953552,a_only,argentine
word2vec,0.9939768314361572,shared,casual
word2vec,1.0,neither,millennia
word2vec,1.0000001192092896,a_only,abbots
word2vec,1.0000001192092896,neither,ballet
word2vec,1.0,neither,retelling
word2vec,0.1678311824798584,b_only,yonder
word2vec,0.09001543372869492,b_only,hain
word2vec,0.9999999403953552,a_only,saga
word2vec,0.9900452494621277,shared,occur
word2vec,0.9880375266075134,shared,create
word2vec,0.9999999403953552,a_only,muhammad
word2vec,0.9999998807907104,a_only,uterus
word2vec,1.0,neither,gaelic
word2vec,0.061641085892915726,neither,cubby
word2vec,1.0000001192092896,a_only,brian
word2vec,0.9938699007034302,shared,yielding
word2vec,1.0,a_only,willard
word2vec,0.9958156943321228,neither,stables
word2vec,0.9999999403953552,neither,columbian
word2vec,0.020946228876709938,neither,mould
word2vec,1.0,neither,shortage
word2vec,0.9928268194198608,shared,flocked
word2vec,0.9869366884231567,shared,consequence
word2vec,1.0,neither,embryo
word2vec,1.0,a_only,periodic
word2vec,0.981485903263092,shared,crossing
word2vec,0.9752623438835144,shared,stayed
word2vec,1.0,a_only,assumption
word2vec,0.0011903529521077871,neither,confound
word2vec,0.07944997400045395,neither,pesth
word2vec,0.9547051787376404,shared,meal
word2vec,0.05925590917468071,neither,hissing
word2vec,-0.14272071421146393,neither,xxiv
word2vec,0.9934770464897156,neither,jail
word2vec,-0.04267190396785736,neither,loveliest
word2vec,1.0,a_only,benz
word2vec,0.9972960352897644,shared,perpendicular
word2vec,0.9977235794067383,shared,adjacent
word2vec,0.9504715204238892,shared,instead
word2vec,0.9888889789581299,shared,enormous
word2vec,0.09065169841051102,b_only,hertfordshire
word2vec,1.0,neither,cemented
word2vec,0.9999999403953552,neither,ricardo
word2vec,1.0000001192092896,neither,mph
word2vec,1.0,neither,honoria
word2vec,1.0,neither,pea
word2vec,0.9372695684432983,shared,fur
word2vec,0.10194966197013855,neither,suck
word2vec,0.9999998807907104,a_only,antimatter
word2vec,0.9994574189186096,shared,vincent
word2vec,0.04823298007249832,neither,dobbins
word2vec,0.22279581427574158,neither,excused
word2vec,1.0000001192092896,a_only,airlines
word2vec,1.0,neither,elongated
word2vec,1.0,neither,hopi
word2vec,0.9509884119033813,shared,shore
word2vec,0.9915918111801147,neither,venerable
word2vec,0.9941691756248474,shared,metal
word2vec,0.9494129419326782,shared,shoulders
word2vec,-0.03234142065048218,neither,maddening
word2vec,0.9676579833030701,shared,absent
word2vec,0.9979496598243713,shared,handing
word2vec,0.03228121995925903,b_only,remind
word2vec,1.0,neither,euro
word2vec,1.0,a_only,ishmael
word2vec,0.9437656998634338,shared,second
word2vec,0.07679137587547302,neither,hooks
word2vec,0.1650966852903366,b_only,cursed
word2vec,1.0,a_only,exclusive
word2vec,-0.003094369312748313,neither,shutter
word2vec,1.0,a_only,agrippina
word2vec,1.0,neither,backspace
word2vec,0.046345364302396774,neither,tightened
word2vec,1.0,neither,hampton
word2vec,-0.17123258113861084,neither,hookah
word2vec,0.9999998807907104,neither,existential
word2vec,0.9999999403953552,a_only,gen
word2vec,1.0,a_only,opposing
word2vec,0.026273632422089577,b_only,7
word2vec,0.29956018924713135,neither,beams
word2vec,0.12316907942295074,neither,hah
word2vec,1.0,neither,ngc
word2vec,0.1051931381225586,b_only,dreary
word2vec,0.9867749810218811,shared,attracted
word2vec,0.9999998807907104,a_only,bytes
word2vec,1.0000001192092896,neither,mulligan
word2vec,0.1660875678062439,b_only,composure
word2vec,1.0,neither,yardage
word2vec,0.12651370465755463,b_only,stoner
word2vec,1.0000001192092896,neither,gait
word2vec,1.0000001192092896,a_only,lovelace
word2vec,0.9896404147148132,shared,injured
word2vec,1.0,neither,papua
word2vec,0.9605261087417603,shared,unfortunate
word2vec,0.9889799952507019,shared,features
word2vec,1.0,a_only,contemporaries
word2vec,1.0,neither,topographic
word2vec,0.9999998807907104,a_only,conspiracy
word2vec,0.9894969463348389,shared,treatment
word2vec,1.0,a_only,accession
word2vec,0.9801137447357178,shared,missing
word2vec,0.9789194464683533,shared,fascinating
word2vec,-0.06477408856153488,neither,leaden
word2vec,0.9923983216285706,shared,feminine
word2vec,0.1782667338848114,b_only,whistle
word2vec,1.0000001192092896,neither,socio
word2vec,0.010748777538537979,neither,oop
word2vec,0.9661134481430054,shared,carrying
word2vec,0.9442171454429626,shared,promise
word2vec,1.0,neither,complementary
word2vec,1.0,neither,chronological
word2vec,0.013905704952776432,b_only,brightly
word2vec,-0.0734226331114769,neither,amusements
word2vec,1.0000001192092896,a_only,playwright
word2vec,1.0000001192092896,neither,trilobites
word2vec,1.0,neither,cereals
word2vec,1.0,neither,estuary
word2vec,0.09349539875984192,neither,downwards
word2vec,1.0,a_only,magazines
word2vec,0.9999998807907104,neither,parodies
word2vec,0.9883170127868652,shared,equality
word2vec,-0.08697003126144409,b_only,screaming
word2vec,0.004659759346395731,neither,crowing
word2vec,0.9920904636383057,shared,denied
word2vec,0.9808660745620728,shared,wooden
word2vec,-0.07553170621395111,neither,foolishness
word2vec,1.0,neither,biologists
word2vec,0.10402893275022507,neither,grasping
word2vec,1.0,neither,benzene
word2vec,1.0,neither,bakehouse
word2vec,1.0,a_only,predecessors
word2vec,0.019115813076496124,neither,leastways
word2vec,0.9970032572746277,shared,conclusions
word2vec,0.99381023645401,shared,indian
word2vec,1.0,neither,gestation
word2vec,0.0813198909163475,b_only,longed
word2vec,0.8532057404518127,shared,felt
word2vec,0.9999999403953552,a_only,nagorno
word2vec,0.990668535232544,shared,likewise
word2vec,1.0,neither,terrorist
word2vec,0.9999999403953552,neither,burrows
word2vec,0.14187952876091003,neither,exclaiming
word2vec,0.23268261551856995,neither,consoled
word2vec,0.9999999403953552,a_only,homosexuality
word2vec,0.8592517971992493,shared,cried
word2vec,0.9974046945571899,shared,continuing
word2vec,-0.0615437813103199,neither,placid
word2vec,1.0,a_only,tribute
word2vec,0.9947595000267029,shared,classes
word2vec,1.0,a_only,federal
word2vec,1.0000001192092896,a_only,flowering
word2vec,0.9927185773849487,shared,sending
word2vec,0.970576286315918,shared,drove
word2vec,0.9999999403953552,a_only,contributions
word2vec,0.9999999403953552,neither,variously
word2vec,-0.0040603941306471825,neither,furrow
word2vec,0.981569230556488,shared,dusk
word2vec,-0.07695651054382324,b_only,stare
word2vec,0.9999998807907104,neither,obstacles
word2vec,1.0,neither,parishes
word2vec,0.0834505707025528,neither,twelvemonth
word2vec,0.9999999403953552,neither,swains
word2vec,1.0,neither,balkans
word2vec,1.0,a_only,agriculture
word2vec,1.0,a_only,cancer
word2vec,1.0,neither,algorithmic
word2vec,1.0,neither,calvinists
word2vec,0.9958093166351318,shared,recommended
word2vec,1.0000001192092896,a_only,adonis
word2vec,0.9919420480728149,shared,severity
word2vec,1.0,a_only,referenced
word2vec,0.0362870879471302,b_only,gratified
word2vec,1.0,neither,marketed
word2vec,0.9936557412147522,shared,thence
word2vec,0.9879812598228455,shared,smaller
word2vec,1.0,neither,ethylene
word2vec,1.0000001192092896,neither,misleading
word2vec,0.9944380521774292,shared,materials
word2vec,1.0,neither,filmography
word2vec,1.0,a_only,editing
word2vec,0.9777228236198425,shared,genius
word2vec,0.9457880854606628,shared,noticed
word2vec,1.0000001192092896,neither,animators
word2vec,0.9931530356407166,shared,remaining
word2vec,0.9951220154762268,shared,successful
word2vec,0.09489288926124573,neither,ulster
word2vec,-0.12108653783798218,neither,toast
word2vec,0.04416107013821602,neither,wunst
word2vec,0.9919610619544983,shared,offence
word2vec,0.8952263593673706,shared,perhaps
word2vec,-0.06004413589835167,neither,mansion
word2vec,1.0,neither,ur
word2vec,0.9999999403953552,a_only,thelema
word2vec,1.0,a_only,agesilaus
word2vec,0.044548939913511276,neither,heave
word2vec,0.9852718710899353,shared,distinct
word2vec,0.10808488726615906,neither,anyways
word2vec,1.0,neither,clerical
word2vec,-0.00303845782764256,neither,etiquette
word2vec,1.0,a_only,epistle
word2vec,1.0,a_only,primary
word2vec,1.0,a_only,extensively
word2vec,0.09935040771961212,b_only,cellar
word2vec,0.09425441920757294,neither,refinement
word2vec,1.0,a_only,org
word2vec,0.2449767142534256,neither,bulwarks
word2vec,-0.18864597380161285,neither,shillings
word2vec,-0.11208765208721161,b_only,tramp
word2vec,1.0,neither,admitting
word2vec,1.0000001192092896,neither,constitutionality
word2vec,-0.12019001692533493,b_only,gentleness
word2vec,-0.1578434705734253,neither,cramped
word2vec,0.9999999403953552,a_only,coasts
word2vec,1.0000001192092896,neither,altitudes
word2vec,1.0,a_only,mechanics
word2vec,0.07767263054847717,neither,aisle
word2vec,0.1403113752603531,neither,spunk
word2vec,0.9808147549629211,shared,inch
word2vec,1.0,neither,henrik
word2vec,0.21380314230918884,neither,coolly
word2vec,-0.006633284967392683,neither,typewritten
word2vec,0.1410735547542572,neither,involuntarily
word2vec,0.110773965716362,b_only,rid
word2vec,0.9999999403953552,neither,olaf
word2vec,1.0,neither,slowed
word2vec,0.9922278523445129,shared,nerve
word2vec,1.0,neither,rotating
word2vec,1.0,neither,repetitive
word2vec,1.0,neither,canaan
word2vec,0.8617678284645081,shared,who
word2vec,0.9999444484710693,shared,encyclop
word2vec,-0.15769615769386292,neither,stertorous
word2vec,1.0,neither,rectangular
word2vec,0.06795933097600937,neither,companionship
word2vec,0.1330941915512085,neither,grumbling
word2vec,1.0000001192092896,a_only,anderson
word2vec,0.9921011328697205,shared,passes
word2vec,0.10100209712982178,neither,oysters
word2vec,0.9999999403953552,neither,aar
word2vec,0.8655478358268738,shared,done
word2vec,1.0,neither,narrower
word2vec,0.9866090416908264,shared,poison
word2vec,1.0,neither,richest
word2vec,0.9999998807907104,a_only,calculations
word2vec,0.21225343644618988,neither,lightened
word2vec,1.0000001192092896,neither,qualifications
word2vec,0.9790545701980591,shared,drops
word2vec,1.0,a_only,carl
word2vec,1.0,a_only,squealer
word2vec,0.9967228770256042,shared,violet
word2vec,0.11162000894546509,neither,discontent
word2vec,0.9999998807907104,a_only,package
word2vec,1.0,neither,sidelines
word2vec,0.972489058971405,shared,giving
word2vec,0.8916406631469727,shared,light
word2vec,0.9470702409744263,shared,seized
word2vec,0.07040628045797348,neither,cowardice
word2vec,0.973297119140625,shared,fifteen
word2vec,1.0,a_only,integral
word2vec,1.0,neither,earths
word2vec,-0.0690138041973114,b_only,tooth
word2vec,0.07046100497245789,neither,cent
word2vec,1.0,neither,benign
word2vec,1.0,a_only,agencies
word2vec,0.9199122786521912,shared,answer
word2vec,1.0000001192092896,neither,rudolph
word2vec,-0.0705605149269104,neither,stammered
word2vec,1.0,neither,martyrs
word2vec,1.0,neither,pollen
word2vec,0.9730353355407715,shared,brandy
word2vec,0.9999999403953552,neither,kickoffs
word2vec,0.029234394431114197,neither,pallid
word2vec,0.9673518538475037,shared,vain
word2vec,0.07386962324380875,neither,nonnamous
word2vec,0.9878308773040771,shared,stature
word2vec,1.0000001192092896,neither,anatolian
word2vec,0.9821769595146179,shared,shin
word2vec,0.9999999403953552,neither,gertrude
word2vec,0.5174874067306519,b_only,leviathan
word2vec,1.0,a_only,apostolic
word2vec,1.0,neither,trainer
word2vec,1.0,neither,mugwort
word2vec,0.9075907468795776,shared,plan
word2vec,0.9853313565254211,shared,arches
word2vec,0.9999999403953552,a_only,aluminium
word2vec,-0.00650728540495038,b_only,pie
word2vec,0.9999999403953552,a_only,combat
word2vec,1.0,neither,tylor
word2vec,1.0000001192092896,neither,predators
word2vec,0.9999999403953552,neither,beckwith
word2vec,0.09145503491163254,b_only,lucky
word2vec,1.0000001192092896,a_only,anschluss
word2vec,1.0,neither,ionian
word2vec,1.0,neither,homme
word2vec,0.05739340931177139,neither,brightest
word2vec,0.12017960846424103,neither,enjoying
word2vec,0.9999999403953552,neither,piracy
word2vec,0.9895512461662292,shared,incident
word2vec,1.0,neither,kicker
word2vec,0.9922007322311401,shared,destiny
word2vec,1.0,neither,olds
word2vec,0.132454514503479,b_only,sufferer
word2vec,0.43538185954093933,neither,eyford
word2vec,1.0000001192092896,a_only,bibliography
word2vec,1.0000001192092896,neither,conjugate
word2vec,1.0000001192092896,a_only,discworld
word2vec,0.9999999403953552,neither,salty
word2vec,0.03431936725974083,neither,quartering
word2vec,1.0000001192092896,neither,estonia
word2vec,0.031791314482688904,neither,defiance
word2vec,1.0000001192092896,a_only,calvinist
word2vec,1.0,a_only,resulted
word2vec,0.9747330546379089,shared,owner
word2vec,0.9906811714172363,shared,platform
word2vec,0.9977160096168518,shared,convince
word2vec,0.9722321033477783,shared,dirty
word2vec,1.0,neither,riot
word2vec,0.22109529376029968,b_only,policeman
word2vec,0.9873222708702087,shared,south
word2vec,1.0,neither,sisyphe
word2vec,1.0,a_only,defensive
word2vec,0.9989979863166809,shared,commons
word2vec,0.9712300300598145,shared,respect
word2vec,1.0,neither,campuses
word2vec,0.9946649670600891,shared,grain
word2vec,1.0,neither,adequately
word2vec,1.0000001192092896,a_only,fischer
word2vec,0.9950555562973022,shared,region
word2vec,0.9819235801696777,shared,sunlight
word2vec,1.0,a_only,illegitimate
word2vec,0.9999998807907104,neither,vostok
word2vec,0.9946079254150391,shared,millions
word2vec,0.9658581614494324,shared,cliff
word2vec,-0.02418353408575058,b_only,stain
word2vec,1.0000001192092896,neither,unprotected
word2vec,0.9949162006378174,shared,national
word2vec,1.0,neither,colin
word2vec,0.16099192202091217,b_only,tumbrils
word2vec,0.983108639717102,shared,foe
word2vec,-0.07785855233669281,b_only,clapped
word2vec,0.9902178645133972,shared,questioning
word2vec,1.0000001192092896,a_only,ministry
word2vec,0.995907187461853,shared,christian
word2vec,0.9999998807907104,neither,silurian
word2vec,0.053779929876327515,b_only,folks
word2vec,1.0000001192092896,a_only,allosaurus
word2vec,0.928532600402832,shared,seventy
word2vec,1.0000001192092896,a_only,contribute
word2vec,0.12261658161878586,neither,pricked
word2vec,0.9999999403953552,neither,firearm
word2vec,0.9844081997871399,shared,indifference
word2vec,-0.10753142088651657,b_only,lorry
word2vec,0.05532431602478027,neither,yawn
word2vec,0.9396106004714966,shared,does
word2vec,1.0,neither,adhered
word2vec,0.9999999403953552,neither,exclude
word2vec,1.0,neither,crawford
word2vec,1.0,neither,merrill
word2vec,0.9999998807907104,neither,transmit
word2vec,0.9793301820755005,shared,acting
word2vec,0.9602410197257996,shared,instantly
word2vec,0.9999999403953552,a_only,mythology
word2vec,0.9667191505432129,shared,closing
word2vec,1.0,neither,motorway
word2vec,0.05155492573976517,neither,croaked
word2vec,0.993687093257904,shared,secretly
word2vec,0.9999998807907104,a_only,explosive
word2vec,0.09931081533432007,neither,sensual
word2vec,1.0,neither,birthplace
word2vec,0.997280478477478,shared,professed
word2vec,1.0,neither,ceremonial
word2vec,0.1471099853515625,b_only,worm
word2vec,0.012883998453617096,neither,beamed
word2vec,1.0,neither,productivity
word2vec,0.04785837605595589,neither,flourish
word2vec,0.9999999403953552,neither,cecil
word2vec,-0.08149116486310959,neither,desirous
word2vec,1.0,neither,drpg
word2vec,0.9976785182952881,shared,revolution
word2vec,1.0,neither,sandwich
word2vec,1.0,neither,cordillera
word2vec,0.9457331299781799,shared,hung
word2vec,0.10048134624958038,b_only,grieved
word2vec,1.0,neither,needling
word2vec,-0.048676494508981705,b_only,harker
word2vec,0.10637322068214417,neither,civilities
word2vec,0.898125946521759,shared,men
word2vec,0.07884222269058228,neither,intervening
word2vec,0.9347871541976929,shared,grew
word2vec,0.994914174079895,shared,altar
word2vec,0.9999998807907104,neither,marsyas
word2vec,0.9999999403953552,neither,contingency
word2vec,0.9890751838684082,shared,lend
word2vec,0.08840737491846085,b_only,blankets
word2vec,0.9618568420410156,shared,helped
word2vec,1.0,neither,pm
word2vec,0.9938420653343201,neither,pike
word2vec,0.9767910242080688,shared,seventeen
word2vec,0.17296339571475983,neither,waldman
word2vec,0.2656320035457611,neither,murky
word2vec,0.9999998807907104,neither,rotate
word2vec,0.9020169973373413,shared,arthur
word2vec,1.0,neither,bose
word2vec,0.9999999403953552,a_only,persians
word2vec,0.9968090653419495,shared,accurate
word2vec,0.9181385040283203,shared,fault
word2vec,1.0,neither,diagnoses
word2vec,0.9978042244911194,shared,attributed
word2vec,-0.08496295660734177,b_only,ashore
word2vec,-0.10595376044511795,neither,fished
word2vec,1.0000001192092896,neither,garde
word2vec,0.2102116197347641,neither,doubtfully
word2vec,1.0000001192092896,neither,conformations
word2vec,0.9999999403953552,a_only,aircraft
word2vec,1.0000001192092896,neither,switched
word2vec,0.9753040075302124,shared,fierce
word2vec,0.9963570833206177,shared,entry
word2vec,0.9718148708343506,shared,providence
word2vec,1.0,a_only,telescope
word2vec,1.0,a_only,violation
word2vec,1.0000001192092896,neither,vein
word2vec,0.9869526624679565,shared,falls
word2vec,0.991762638092041,shared,exposed
word2vec,1.0,neither,refered
word2vec,1.0000001192092896,neither,willem
word2vec,1.0000001192092896,neither,hides
word2vec,-0.0033401905093342066,neither,powerless
word2vec,1.0,a_only,subordinate
word2vec,-0.013970070518553257,b_only,cottage
word2vec,1.0,neither,chartered
word2vec,0.9359758496284485,shared,adventures
word2vec,1.0000001192092896,neither,athanasius
word2vec,1.0,neither,modulated
word2vec,1.0,neither,rsha
word2vec,0.10526738315820694,b_only,aunt
word2vec,0.9041539430618286,shared,blood
word2vec,1.0,a_only,department
word2vec,0.9664639830589294,shared,sword
word2vec,0.10391419380903244,b_only,carpet
word2vec,0.7961349487304688,shared,o
word2vec,1.0,a_only,adults
word2vec,1.0000001192092896,neither,pentane
word2vec,1.0,neither,zayed
word2vec,0.9999998807907104,neither,eunectes
word2vec,0.1453065723180771,b_only,shade
word2vec,0.91550612449646,shared,became
word2vec,0.9972983002662659,shared,arisen
word2vec,-0.03073367290198803,neither,sits
word2vec,1.0,a_only,voters
word2vec,-0.05744192376732826,neither,applause
word2vec,0.9718820452690125,shared,bone
word2vec,0.9501694440841675,shared,forgotten
word2vec,0.99982088804245,shared,york
word2vec,0.987849235534668,shared,tragic
word2vec,1.0,neither,semantic
word2vec,0.9470945000648499,shared,nonsense
word2vec,1.0,neither,observers
word2vec,1.0,neither,collectivism
word2vec,0.9931570291519165,shared,famous
word2vec,1.0,neither,collisions
word2vec,0.9912921190261841,shared,guitar
word2vec,0.2579421103000641,neither,wildest
word2vec,1.0,neither,jamaican
word2vec,0.9906752705574036,shared,withdrew
word2vec,0.02095010131597519,b_only,trot
word2vec,0.991574764251709,shared,moreover
word2vec,1.0,a_only,atheists
word2vec,0.996825635433197,shared,accuracy
word2vec,0.9999999403953552,neither,pauli
word2vec,-0.10968738049268723,neither,wow
word2vec,0.9798357486724854,shared,readily
word2vec,1.0,a_only,gand
word2vec,1.0,neither,maurya
word2vec,0.035552721470594406,b_only,bowed
word2vec,1.0,a_only,speculated
word2vec,0.995188295841217,shared,co
word2vec,0.999445378780365,shared,borders
word2vec,0.11600951105356216,b_only,fiend
word2vec,1.0,neither,cartridges
word2vec,0.15273453295230865,b_only,advise
word2vec,0.20916417241096497,neither,foreigner
word2vec,1.0,neither,lumped
word2vec,1.0,a_only,worker
word2vec,0.9922841191291809,shared,f
word2vec,1.0,neither,kamchatka
word2vec,0.9999998807907104,neither,topalov
word2vec,0.9939966797828674,shared,regularly
word2vec,-0.02893861010670662,neither,enclosed
word2vec,0.8279918432235718,shared,besides
word2vec,0.9969052076339722,shared,plea
word2vec,1.0,a_only,boxer
word2vec,1.0,neither,prompted
word2vec,1.0000001192092896,a_only,architects
word2vec,0.06799282878637314,neither,promptly
word2vec,0.07031489163637161,neither,dazzling
word2vec,1.0000001192092896,neither,bolsheviks
word2vec,1.0000001192092896,neither,misunderstanding
word2vec,0.9617981910705566,shared,desire
word2vec,0.12262759357690811,neither,kneel
word2vec,0.9985190629959106,shared,methods
word2vec,1.0,neither,chilean
word2vec,0.9862824082374573,shared,johnny
word2vec,0.0692996010184288,neither,slouch
word2vec,0.9755795001983643,shared,insect
word2vec,0.003566185710951686,neither,voluptuous
word2vec,0.1759498417377472,neither,listless
word2vec,0.9904205799102783,shared,di
word2vec,0.9766658544540405,shared,favourite
word2vec,0.9999998807907104,neither,citations
word2vec,0.9653621315956116,shared,finish
word2vec,0.9999999403953552,a_only,pervasive
word2vec,1.0,neither,oceanographer
word2vec,0.9232791662216187,shared,crocodile
word2vec,1.0000001192092896,a_only,epiphanius
word2vec,1.0,neither,accessibility
word2vec,1.0000001192092896,a_only,affiliated
word2vec,1.0,neither,failures
word2vec,1.0,neither,clifford
word2vec,0.07563672214746475,neither,conjectures
word2vec,0.045277826488018036,neither,immovable
word2vec,-0.08646325767040253,b_only,gazette
word2vec,0.19470584392547607,neither,wiser
word2vec,1.0,neither,exploitation
word2vec,0.9999999403953552,neither,reconnaissance
word2vec,1.0,a_only,julia
word2vec,1.0,neither,basso
word2vec,0.9892545342445374,shared,pink
word2vec,0.927119255065918,shared,somewhere
word2vec,0.9683212041854858,shared,cap
word2vec,0.9982917308807373,shared,politics
word2vec,1.0,neither,utilized
word2vec,0.9807049632072449,shared,bridge
word2vec,1.0,neither,banff
word2vec,1.0,neither,antibiotics
word2vec,0.9902380108833313,shared,complaints
word2vec,0.9999999403953552,neither,needing
word2vec,0.9716783165931702,shared,row
word2vec,1.0,neither,yang
word2vec,-0.07793289422988892,neither,guineas
word2vec,0.1295769065618515,b_only,fence
word2vec,1.0,neither,compression
word2vec,1.0,a_only,ethanol
word2vec,0.9332500696182251,shared,sunday
word2vec,0.14925555884838104,neither,scarf
word2vec,0.9173485040664673,shared,somebody
word2vec,0.9958913326263428,shared,trials
word2vec,0.9991778135299683,shared,realized
word2vec,0.9999999403953552,a_only,expansion
word2vec,1.0000001192092896,neither,calcite
word2vec,0.9480370879173279,shared,alarm
word2vec,0.9999999403953552,neither,chapelle
word2vec,1.0000001192092896,neither,idaho
word2vec,0.9943490624427795,shared,weigh
word2vec,0.0975954532623291,b_only,sufferings
word2vec,0.9920061826705933,shared,surveying
word2vec,1.0000001192092896,neither,satire
word2vec,0.9999271631240845,shared,countess
word2vec,1.0,neither,skiing
word2vec,1.0000001192092896,a_only,affecting
word2vec,0.9999999403953552,neither,accu
word2vec,0.9999998807907104,a_only,mpla
word2vec,0.8583318591117859,shared,gentleman
word2vec,0.9507618546485901,shared,snake
word2vec,1.0000001192092896,a_only,fertile
word2vec,1.0000001192092896,neither,persistent
word2vec,1.0000001192092896,neither,partridge
word2vec,-0.0356324277818203,b_only,angrily
word2vec,0.10353533178567886,neither,scrabble
word2vec,1.0,neither,rosetta
word2vec,0.9983261823654175,shared,appeals
word2vec,0.025335831567645073,neither,overflowed
word2vec,0.9848706722259521,shared,smell
word2vec,1.0,neither,brethren
word2vec,1.0,a_only,awarded
word2vec,1.0,neither,maximilian
word2vec,1.0,neither,meteor
word2vec,0.007291700690984726,neither,blooming
word2vec,0.5331698060035706,neither,breckinridge
word2vec,0.9985536336898804,shared,solution
word2vec,1.0000001192092896,a_only,conquer
word2vec,-0.0022963467054069042,neither,tinged
word2vec,0.06970791518688202,neither,messieurs
word2vec,1.0000001192092896,a_only,bronze
word2vec,0.9553753733634949,shared,forget
word2vec,0.013015755452215672,b_only,mournful
word2vec,0.9593499302864075,shared,writing
word2vec,0.9951413869857788,shared,sentiments
word2vec,0.9825744032859802,shared,sticks
word2vec,0.9959129095077515,shared,producing
word2vec,1.0,neither,culminating
word2vec,0.9999998807907104,neither,nsa
word2vec,1.0,a_only,multiplication
word2vec,0.14010271430015564,b_only,dinner
word2vec,0.21846328675746918,b_only,alteration
word2vec,1.0000001192092896,a_only,fusion
word2vec,1.0,a_only,thermal
word2vec,0.06117409095168114,neither,bersicker
word2vec,0.9999998807907104,a_only,representatives
word2vec,0.05741627886891365,neither,trusty
word2vec,1.0000001192092896,neither,commits
word2vec,0.9801316261291504,shared,visitor
word2vec,0.14157915115356445,neither,foreseen
word2vec,1.0,a_only,vietnamese
word2vec,1.0,a_only,surfaces
word2vec,0.06190897896885872,b_only,impatiently
word2vec,1.0000001192092896,neither,encyclopaedia
word2vec,0.9983741044998169,shared,existing
word2vec,1.0000001192092896,a_only,costs
word2vec,1.0,neither,metaphor
word2vec,1.0,neither,quantification
word2vec,0.9999999403953552,a_only,earl
word2vec,1.0000001192092896,neither,bartholomew
word2vec,0.9951796531677246,shared,switzerland
word2vec,1.0,neither,emerging
word2vec,0.08682752400636673,neither,passionately
word2vec,1.0,neither,anthropologist
word2vec,-0.05649237707257271,neither,patches
word2vec,1.0,neither,vanuatu
word2vec,0.9659014940261841,shared,hoped
word2vec,0.21639952063560486,neither,complying
word2vec,0.9921326041221619,shared,inscription
word2vec,0.7691637277603149,shared,hook
word2vec,0.06636078655719757,neither,awed
word2vec,1.0000001192092896,neither,advocacy
word2vec,1.0,neither,obtuse
word2vec,1.0,neither,scholastic
word2vec,1.0,a_only,wheat
word2vec,1.0,a_only,arc
word2vec,-0.03583059459924698,b_only,tremble
word2vec,1.0,a_only,saxony
word2vec,1.0,a_only,provinces
word2vec,0.9692176580429077,shared,previous
word2vec,1.0,a_only,microsoft
word2vec,0.9963826537132263,shared,discuss
word2vec,0.9148991703987122,shared,coach
word2vec,0.9984351992607117,shared,influences
word2vec,0.9999998807907104,neither,ltd
word2vec,1.0,neither,loya
word2vec,0.9854854345321655,shared,intimate
word2vec,0.999226987361908,shared,russian
word2vec,0.9772882461547852,shared,son
word2vec,0.11477504670619965,neither,senseless
word2vec,1.0000001192092896,a_only,brands
word2vec,1.0,neither,snooker
word2vec,0.9923213720321655,shared,xiv
word2vec,1.0,neither,suffers
word2vec,1.0,neither,dyes
word2vec,0.9999999403953552,neither,sonatas
word2vec,0.09101035445928574,b_only,terribly
word2vec,1.0000001192092896,a_only,karpov
word2vec,0.795737087726593,shared,pretty
word2vec,1.0,neither,piper
word2vec,1.0,neither,cuban
word2vec,1.0,a_only,terminal
word2vec,0.988486111164093,shared,ball
word2vec,0.9352831840515137,shared,worse
word2vec,0.9791895747184753,shared,forms
word2vec,1.0,neither,rutherford
word2vec,1.0,neither,ipa
word2vec,1.0,a_only,max
word2vec,1.0,neither,pantheism
word2vec,0.06361087411642075,b_only,dah
word2vec,0.9908299446105957,shared,elsewhere
word2vec,0.9789578914642334,shared,brings
word2vec,0.9605785608291626,shared,study
word2vec,0.9328500628471375,shared,happiness
word2vec,0.9999999403953552,neither,eva
word2vec,0.9849255084991455,shared,happens
word2vec,0.10221727192401886,b_only,lamps
word2vec,0.9999999403953552,a_only,dos
word2vec,1.0000001192092896,neither,apokryphen
word2vec,0.9939330816268921,shared,degradation
word2vec,0.9722536206245422,shared,citizen
word2vec,1.0,a_only,winters
word2vec,1.0000001192092896,neither,multinational
word2vec,0.06150710582733154,b_only,breakfast
word2vec,-0.06601294875144958,neither,dreamt
word2vec,-0.02062150277197361,neither,fences
word2vec,-0.052913881838321686,neither,parlour
word2vec,1.0,a_only,translations
word2vec,1.0,neither,regain
word2vec,0.9999998807907104,neither,concentrations
word2vec,1.0,neither,sakhalin
word2vec,0.07180909067392349,b_only,skiff
word2vec,0.9991506338119507,shared,transactions
word2vec,0.7997514605522156,shared,sweet
word2vec,1.0,neither,gorgias
word2vec,0.01472422108054161,neither,oblige
word2vec,0.9762803912162781,shared,ernest
word2vec,0.8190585374832153,shared,where
word2vec,1.0,a_only,hayek
word2vec,1.0,neither,demonstrates
word2vec,0.9999998807907104,neither,initiate
word2vec,0.9864898920059204,shared,details
word2vec,0.9924172163009644,shared,scores
word2vec,0.8711162209510803,shared,make
word2vec,0.9873843789100647,shared,accidents
word2vec,-0.03715940937399864,b_only,wid
word2vec,1.0000001192092896,neither,bernstein
word2vec,0.9999998807907104,neither,savants
word2vec,1.0000001192092896,a_only,politicians
word2vec,0.9974032044410706,shared,totally
word2vec,1.0000001192092896,neither,mayo
word2vec,0.0803452655673027,neither,momentarily
word2vec,0.9961742758750916,shared,marched
word2vec,1.0,neither,columnist
word2vec,0.19372974336147308,neither,woven
word2vec,1.0,neither,reviewers
word2vec,0.932483971118927,shared,observed
word2vec,1.0000001192092896,a_only,ted
word2vec,0.9999998807907104,neither,vanishes
word2vec,-0.03242078423500061,b_only,hadn
word2vec,0.9985311627388,shared,statements
word2vec,0.1237020492553711,neither,nough
word2vec,0.9789194464683533,shared,larger
word2vec,1.0,a_only,jerome
word2vec,0.9846317768096924,shared,rules
word2vec,0.17417453229427338,neither,swarmed
word2vec,0.9999999403953552,neither,diverged
word2vec,0.985897958278656,shared,k
word2vec,1.0000001192092896,neither,corrosion
word2vec,1.0,neither,princeps
word2vec,0.9896674752235413,shared,sandy
word2vec,0.9995290040969849,neither,deposit
word2vec,0.9963411688804626,shared,robe
word2vec,0.997052788734436,shared,dominant
word2vec,1.0,neither,grooves
word2vec,-0.12252965569496155,neither,crumpled
word2vec,1.0,neither,apg
word2vec,0.0006599669577553868,neither,prowling
word2vec,0.9624031186103821,shared,wise
word2vec,-0.02351423166692257,b_only,eliza
word2vec,0.9915894269943237,shared,tar
word2vec,1.0,neither,rearrangement
word2vec,0.904538631439209,shared,teeth
word2vec,0.9999999403953552,neither,synthesized
word2vec,1.0,a_only,award
word2vec,0.9999999403953552,neither,blocked
word2vec,1.0000001192092896,a_only,abugida
word2vec,1.0000001192092896,neither,dna
word2vec,1.0000001192092896,neither,bowling
word2vec,0.9775155186653137,shared,jealous
word2vec,1.0,neither,pneumonia
word2vec,0.9869781732559204,shared,casting
word2vec,1.0,neither,whig
word2vec,1.0,neither,careers
word2vec,0.9999999403953552,neither,hounds
word2vec,0.990830659866333,shared,vampire
word2vec,1.0,neither,ary
word2vec,0.014064674265682697,b_only,slid
word2vec,0.9485415816307068,shared,bring
word2vec,-0.000922625360544771,neither,erect
word2vec,-0.03393353894352913,neither,fain
word2vec,1.0000001192092896,neither,stellar
word2vec,0.19390591979026794,neither,acknowledgment
word2vec,1.0,neither,phobia
word2vec,-0.013382099568843842,neither,harney
word2vec,0.9948915839195251,shared,lofty
word2vec,0.9734675884246826,shared,main
word2vec,1.0,neither,ligeantia
word2vec,1.0000001192092896,neither,epoch
word2vec,1.0,neither,anton
word2vec,0.8329803943634033,shared,sure
word2vec,1.0,neither,uae
word2vec,1.0,neither,conflicting
word2vec,0.9885576963424683,shared,picturesque
word2vec,0.9981451034545898,shared,ensure
word2vec,0.9971914291381836,shared,career
word2vec,1.0,a_only,substantially
word2vec,1.0000001192092896,a_only,studios
word2vec,0.9999998807907104,neither,kj
word2vec,0.11903791129589081,neither,warmest
word2vec,1.0,a_only,interpretations
word2vec,0.9820072054862976,shared,arrival
word2vec,0.9922865629196167,shared,additional
word2vec,0.9550765752792358,shared,bottom
word2vec,1.0000001192092896,neither,ammon
word2vec,1.0000001192092896,a_only,plasma
word2vec,1.0,neither,corrupted
word2vec,1.0,neither,talented
word2vec,1.0,a_only,instrumental
word2vec,0.992035448551178,shared,score
word2vec,1.0,neither,bolshevik
word2vec,1.0,neither,matthias
word2vec,1.0,neither,characterization
word2vec,-0.05263582617044449,b_only,daresay
word2vec,0.9999998807907104,a_only,inland
word2vec,0.9999999403953552,neither,mixtures
word2vec,-0.051098037511110306,b_only,twas
word2vec,-0.007740989793092012,neither,goo
word2vec,0.9999999403953552,a_only,attributes
word2vec,0.9912623763084412,shared,basin
word2vec,1.0000001192092896,neither,evolve
word2vec,0.2414211928844452,neither,mem
word2vec,1.0,a_only,sqrt
word2vec,1.0,neither,persecuted
word2vec,1.0,neither,contracts
word2vec,0.9999998807907104,a_only,archaeologists
word2vec,0.9999999403953552,neither,aw
word2vec,1.0000001192092896,neither,adaptations
word2vec,0.9999999403953552,neither,graf
word2vec,0.8680131435394287,shared,hat
word2vec,0.995901346206665,shared,preferred
word2vec,0.10548169165849686,neither,corrected
word2vec,0.007974376901984215,neither,purfleet
word2vec,0.9999998807907104,neither,elias
word2vec,1.0,a_only,sumter
word2vec,1.0,neither,selectively
word2vec,0.9999998807907104,neither,feedback
word2vec,0.9999998807907104,neither,shogun
word2vec,0.9999998807907104,a_only,somalia
word2vec,0.9742155075073242,shared,guinea
word2vec,0.02532638981938362,neither,provoke
word2vec,0.9999998807907104,neither,lsd
word2vec,1.0000001192092896,a_only,donald
word2vec,0.9999998807907104,neither,autocratic
word2vec,0.05705643445253372,b_only,varna
word2vec,0.9886113405227661,shared,conceal
word2vec,0.9999998807907104,a_only,socrates
word2vec,1.0,a_only,bruce
word2vec,0.948622465133667,shared,bag
word2vec,0.08138160407543182,neither,apologizing
word2vec,0.9894724488258362,shared,sworn
word2vec,0.9774124026298523,shared,tomb
word2vec,1.0000001192092896,neither,favorable
word2vec,1.0,a_only,option
word2vec,-0.11688286811113358,neither,gallows
word2vec,1.0,a_only,discussing
word2vec,1.0,a_only,cambodia
word2vec,0.9910909533500671,shared,customer
word2vec,0.11358898133039474,neither,eh
word2vec,1.0000001192092896,a_only,calvinism
word2vec,0.9999999403953552,neither,jumbo
word2vec,0.9999999403953552,a_only,explosion
word2vec,0.1572563648223877,neither,hobbled
word2vec,0.009575197473168373,neither,warts
word2vec,1.0000001192092896,a_only,goal
word2vec,0.9968486428260803,shared,harshly
word2vec,0.9959635138511658,shared,lining
word2vec,0.9704138040542603,shared,unless
word2vec,-0.04035075008869171,b_only,grabbed
word2vec,1.0000001192092896,neither,morrison
word2vec,1.0000001192092896,a_only,oxide
word2vec,1.0000001192092896,neither,italians
word2vec,-0.09944608062505722,b_only,silas
word2vec,1.0,neither,nicknamed
word2vec,-0.00977465882897377,neither,xix
word2vec,0.9999999403953552,neither,dilute
word2vec,0.9999998807907104,neither,iconic
word2vec,0.9934441447257996,neither,coaches
word2vec,0.9210249185562134,shared,thinking
word2vec,1.0000001192092896,neither,stefan
word2vec,1.0,neither,outlined
word2vec,1.0,a_only,senator
word2vec,0.971008837223053,shared,restored
word2vec,1.0000001192092896,a_only,alloys
word2vec,0.9898762106895447,shared,simultaneously
word2vec,0.9631325006484985,shared,eggs
word2vec,1.0000001192092896,a_only,inability
word2vec,1.0,neither,protostomes
word2vec,1.0,neither,binoculars
word2vec,0.9866439700126648,shared,fools
word2vec,1.0,neither,marshes
word2vec,0.09183941036462784,neither,dissatisfied
word2vec,0.11589571833610535,neither,abbaye
word2vec,0.9583245515823364,shared,addressed
word2vec,1.0,a_only,telephone
word2vec,0.8946859836578369,shared,thus
word2vec,0.9904987215995789,shared,ages
word2vec,0.9978398680686951,shared,consul
word2vec,0.9756782650947571,shared,boxes
word2vec,0.9999999403953552,neither,logically
word2vec,0.9928579330444336,shared,bullets
word2vec,1.0000001192092896,a_only,germanic
word2vec,1.0,neither,diminish
word2vec,1.0000001192092896,neither,circulated
word2vec,1.0000001192092896,neither,banning
word2vec,-0.08955135941505432,neither,gripped
word2vec,1.0,a_only,champion
word2vec,1.0000001192092896,a_only,notation
word2vec,1.0000001192092896,neither,greetings
word2vec,1.0000001192092896,neither,cherry
word2vec,-0.030527550727128983,b_only,stole
word2vec,1.0,a_only,missionary
word2vec,1.0,neither,fitness
word2vec,0.02280684933066368,neither,shave
word2vec,1.0,a_only,province
word2vec,0.9632070064544678,shared,excitement
word2vec,0.9999999403953552,neither,despot
word2vec,0.9999999403953552,neither,ronald
word2vec,1.0,a_only,amino
word2vec,0.14499792456626892,neither,thirsty
word2vec,-0.11900945007801056,neither,tumble
word2vec,0.9931959509849548,shared,press
word2vec,0.9928315281867981,shared,fitting
word2vec,1.0,neither,introductions
word2vec,0.11393564939498901,b_only,tenderness
word2vec,1.0000001192092896,neither,normandy
word2vec,0.19796432554721832,b_only,haste
word2vec,0.978624701499939,shared,axe
word2vec,0.9790739417076111,shared,meat
word2vec,1.0,a_only,lanka
word2vec,0.9999998807907104,a_only,items
word2vec,1.0,a_only,ascii
word2vec,0.9999999403953552,neither,printable
word2vec,0.09654994308948517,neither,moonshine
word2vec,-0.11645384877920151,neither,threateningly
word2vec,1.0,neither,bilateria
word2vec,1.0,neither,fledging
word2vec,0.998230516910553,shared,shield
word2vec,1.0000001192092896,a_only,hemisphere
word2vec,-0.06032676249742508,neither,21
word2vec,1.0,a_only,symbolic
word2vec,1.0000001192092896,a_only,websites
word2vec,0.9999999403953552,neither,hesse
word2vec,0.08948526531457901,neither,flock
word2vec,0.10650550574064255,b_only,graceful
word2vec,0.9861579537391663,shared,accompanied
word2vec,-0.08360354602336884,b_only,solemnity
word2vec,0.9930023550987244,shared,execute
word2vec,-0.004978709388524294,b_only,cunning
word2vec,1.0,a_only,lesser
word2vec,0.9816960692405701,shared,surrounded
word2vec,1.0000001192092896,a_only,companies
word2vec,0.15842212736606598,neither,soiled
word2vec,0.9999999403953552,a_only,mountainous
word2vec,0.9950993657112122,shared,bullet
word2vec,0.11235573142766953,neither,ugliness
word2vec,1.0,a_only,plato
word2vec,0.19465596973896027,neither,unwholesome
word2vec,1.0,neither,gram
word2vec,1.0000001192092896,a_only,interactive
word2vec,1.0,neither,flourishing
word2vec,0.9501408934593201,shared,spot
word2vec,0.9929820895195007,shared,deference
word2vec,1.0,neither,waldheim
word2vec,0.09888705611228943,neither,leant
word2vec,0.027567347511649132,neither,smashed
word2vec,0.3316974937915802,b_only,moran
word2vec,0.013036433607339859,neither,blushed
word2vec,1.0000001192092896,neither,stereotyped
word2vec,0.08156260848045349,neither,reddening
word2vec,1.0,neither,melanesian
word2vec,0.8677297830581665,shared,dog
word2vec,1.0000001192092896,neither,av
word2vec,1.0000001192092896,neither,intersection
word2vec,0.22032496333122253,neither,strangled
word2vec,1.0,neither,dmt
word2vec,1.0,neither,berliner
word2vec,0.11386606097221375,neither,implicitly
word2vec,1.0,neither,penal
word2vec,1.0000001192092896,neither,vdl
word2vec,1.0000001192092896,a_only,anthropological
word2vec,0.9988505244255066,shared,violin
word2vec,1.0000001192092896,neither,cooled
word2vec,0.9999998807907104,neither,subdivided
word2vec,0.9777176380157471,shared,existence
word2vec,1.0,a_only,crystals
word2vec,0.995143711566925,shared,requested
word2vec,1.0,neither,inferred
word2vec,1.0,neither,britannia
word2vec,0.9999999403953552,neither,slant
word2vec,-0.05436762422323227,neither,confiding
word2vec,0.1017206683754921,neither,dardanelles
word2vec,0.9962350130081177,shared,hospital
word2vec,0.9999998807907104,a_only,spencer
word2vec,1.0,neither,pharaohs
word2vec,0.994692862033844,shared,varied
word2vec,1.0,neither,elective
word2vec,0.9980018734931946,shared,flood
word2vec,-0.10962452739477158,neither,begone
word2vec,1.0,neither,transporting
word2vec,0.16249802708625793,b_only,sullen
word2vec,1.0,neither,friction
word2vec,0.991301953792572,shared,ranged
word2vec,0.9999998807907104,a_only,integrated
word2vec,1.0,neither,poetic
word2vec,1.0000001192092896,neither,nutritional
word2vec,0.9949740767478943,shared,converse
word2vec,0.9266249537467957,shared,london
word2vec,0.829328179359436,shared,before
word2vec,1.0,a_only,resign
word2vec,1.0000001192092896,neither,discarded
word2vec,1.0,a_only,andes
word2vec,1.0,neither,fragmentary
word2vec,0.06144015118479729,b_only,appetite
word2vec,1.0000001192092896,neither,mu
word2vec,0.2625930607318878,neither,foresight
word2vec,1.0000001192092896,neither,unconditional
word2vec,0.9999999403953552,neither,discrete
word2vec,1.0,neither,plymouth
word2vec,0.9988222122192383,neither,colder
word2vec,0.012820352800190449,neither,charmingly
word2vec,0.9807508587837219,shared,pat
word2vec,0.027062218636274338,neither,elegance
word2vec,0.2828742563724518,b_only,arrange
word2vec,0.9999999403953552,neither,equated
word2vec,0.9999999403953552,a_only,collective
word2vec,1.0,a_only,maintain
word2vec,0.1876601129770279,neither,kelso
word2vec,1.0,a_only,prefix
word2vec,1.0,a_only,zionism
word2vec,1.0,neither,dialogues
word2vec,0.11503873020410538,b_only,pirates
word2vec,0.9710028767585754,shared,frog
word2vec,1.0,neither,tech
word2vec,1.0,neither,prophecy
word2vec,1.0,a_only,equilibrium
word2vec,1.0,a_only,diacritic
word2vec,1.0,neither,mckinley
word2vec,0.9778141975402832,shared,encouraged
word2vec,1.0,neither,subatomic
word2vec,-0.12102775275707245,neither,jings
word2vec,0.9889015555381775,shared,shores
word2vec,0.058290496468544006,neither,bridle
word2vec,0.04719541594386101,b_only,pardon
word2vec,1.0,a_only,classified
word2vec,1.0000001192092896,a_only,goals
word2vec,0.12781310081481934,neither,pondering
word2vec,1.0,neither,witchcraft
word2vec,0.23499658703804016,neither,persuasions
word2vec,0.9519487023353577,shared,baby
word2vec,0.9999999403953552,neither,pub
word2vec,1.0,neither,chariots
word2vec,0.9999999403953552,neither,slovenian
word2vec,0.9763630032539368,shared,stopping
word2vec,1.0,a_only,scott
word2vec,0.04904918372631073,b_only,guess
word2vec,0.999871551990509,shared,hampshire
word2vec,1.0000001192092896,neither,vintage
word2vec,0.13707545399665833,neither,xviii
word2vec,0.9228394627571106,shared,lifted
word2vec,1.0000001192092896,neither,biochemist
word2vec,-0.00032708182698115706,b_only,admirable
word2vec,0.9457730054855347,shared,evil
word2vec,1.0,neither,phalanx
word2vec,0.9554888606071472,shared,forest
word2vec,1.0,a_only,internationally
word2vec,0.9999999403953552,a_only,designer
word2vec,0.9686282277107239,shared,knowledge
word2vec,0.9977039098739624,shared,hardy
word2vec,0.10536515712738037,b_only,entreated
word2vec,0.9571477770805359,shared,turns
word2vec,0.7515983581542969,shared,hare
word2vec,0.19603107869625092,neither,wasting
word2vec,0.13498514890670776,b_only,swell
word2vec,0.023884309455752373,b_only,charlotte
word2vec,0.9946836233139038,shared,earlier
word2vec,0.9079174399375916,shared,steps
word2vec,1.0,neither,affirming
word2vec,1.0,neither,protagonist
word2vec,1.0000001192092896,neither,susceptibility
word2vec,0.9904940128326416,shared,fraud
word2vec,1.0000001192092896,neither,tigris
word2vec,-0.1846179962158203,neither,hissed
word2vec,0.18360203504562378,neither,obstinate
word2vec,-0.09813743084669113,neither,mechanically
word2vec,1.0,a_only,tourism
word2vec,0.9987242221832275,shared,members
word2vec,0.9999999403953552,a_only,asl
word2vec,1.0000001192092896,a_only,patented
word2vec,0.9999998807907104,a_only,quoted
word2vec,0.11599884182214737,neither,patted
word2vec,-0.009746271185576916,neither,hug
word2vec,1.0,neither,invades
word2vec,0.9988234639167786,shared,notable
word2vec,0.9931296110153198,shared,inspired
word2vec,0.14661379158496857,neither,demeanour
word2vec,0.13328146934509277,neither,charms
word2vec,-0.03696725517511368,neither,tramping
word2vec,0.9983702898025513,shared,obviously
word2vec,0.998230516910553,shared,slaves
word2vec,0.009527825750410557,neither,quickened
word2vec,0.05039049685001373,neither,hostess
word2vec,0.8831427693367004,shared,struck
word2vec,1.0,neither,gough
word2vec,1.0,neither,emphasized
word2vec,0.11187427490949631,b_only,gilt
word2vec,0.9973602890968323,shared,dealt
word2vec,0.9999998807907104,a_only,circuit
word2vec,1.0,neither,mutation
word2vec,0.9729198813438416,shared,gained
word2vec,1.0,a_only,alp
word2vec,1.0,a_only,graphical
word2vec,-0.06709098070859909,b_only,tellson
word2vec,-0.21789614856243134,b_only,forbid
word2vec,1.0000001192092896,neither,mel
word2vec,1.0000001192092896,neither,handoff
word2vec,0.9946927428245544,shared,europe
word2vec,0.1825236976146698,neither,brung
word2vec,1.0,neither,kernel
word2vec,1.0000001192092896,neither,archbishops
word2vec,0.04100256413221359,b_only,brush
word2vec,0.9740502834320068,shared,pipes
word2vec,0.9947318434715271,shared,seal
word2vec,0.9080306887626648,shared,replied
word2vec,1.0,neither,sarris
word2vec,0.015424828045070171,b_only,claws
word2vec,1.0000001192092896,a_only,physicist
word2vec,0.06054116412997246,b_only,glance
word2vec,0.9969798922538757,shared,non
word2vec,0.10239621996879578,neither,perceiving
word2vec,0.10918202251195908,neither,tiresome
word2vec,1.0,a_only,pilots
word2vec,0.9767391085624695,shared,civil
word2vec,1.0000001192092896,neither,unused
word2vec,1.0,neither,pertaining
word2vec,0.08333354443311691,b_only,distressed
word2vec,0.0003620429488364607,neither,brisk
word2vec,1.0,neither,timothy
word2vec,0.06609506160020828,neither,decease
word2vec,1.0,neither,popes
word2vec,0.05984602868556976,neither,sneeze
word2vec,0.08254434913396835,b_only,darcy
word2vec,0.937858521938324,shared,happened
word2vec,1.0000001192092896,a_only,warner
word2vec,0.9971867799758911,shared,greek
word2vec,0.9731419086456299,shared,plates
word2vec,0.06787145882844925,neither,wreath
word2vec,1.0000001192092896,a_only,resulting
word2vec,1.0,neither,continuously
word2vec,0.9977099299430847,shared,lewis
word2vec,1.0,a_only,singer
word2vec,0.9947286248207092,shared,immortal
word2vec,0.017433077096939087,b_only,sledge
word2vec,0.9955496788024902,shared,date
word2vec,1.0,neither,saito
word2vec,1.0000001192092896,a_only,manufacturing
word2vec,0.8822469711303711,shared,fellow
word2vec,-0.1874655932188034,b_only,moaned
word2vec,0.9998358488082886,shared,metallic
word2vec,1.0,a_only,alcohol
word2vec,0.9999998807907104,neither,pl
word2vec,1.0,a_only,originating
word2vec,1.0,a_only,astronomers
word2vec,1.0,neither,planting
word2vec,0.14758960902690887,b_only,frightful
word2vec,0.9999999403953552,neither,alaskan
word2vec,-0.0712180808186531,neither,tranquilly
word2vec,0.036704469472169876,b_only,weep
word2vec,0.10713302344083786,neither,yourn
word2vec,0.9896637201309204,shared,auction
word2vec,0.9999998807907104,neither,fathoms
word2vec,0.9820977449417114,shared,truck
word2vec,0.11578406393527985,neither,lapping
word2vec,0.9811405539512634,shared,ninety
word2vec,0.11418656259775162,b_only,sounded
word2vec,1.0,neither,trojans
word2vec,-0.039991091936826706,neither,chasing
word2vec,0.9141127467155457,shared,start
word2vec,0.9999998807907104,a_only,rendezvous
word2vec,0.9999999403953552,neither,clearinghouse
word2vec,1.0,neither,typed
word2vec,0.9999999403953552,neither,merger
word2vec,0.9999998807907104,neither,cryptography
word2vec,0.022307462990283966,b_only,tearing
word2vec,1.0,neither,semites
word2vec,0.9999998807907104,neither,ormers
word2vec,-0.07168253511190414,neither,listlessly
word2vec,-0.19240574538707733,neither,snug
word2vec,1.0000001192092896,a_only,bass
word2vec,0.8606808185577393,shared,open
word2vec,1.0,a_only,shah
word2vec,0.9921618103981018,shared,imposing
word2vec,-0.21503305435180664,b_only,ashamed
word2vec,0.9999998807907104,neither,topology
word2vec,0.9915509819984436,shared,separate
word2vec,0.9822278618812561,shared,seemingly
word2vec,0.9999999403953552,neither,strassburg
word2vec,0.20342963933944702,b_only,housekeeper
word2vec,1.0,a_only,attila
word2vec,1.0,neither,nhk
word2vec,1.0000001192092896,neither,brittany
word2vec,1.0,neither,skeletal
word2vec,1.0,a_only,afi
word2vec,0.9999999403953552,neither,inquisition
word2vec,1.0,neither,slams
word2vec,0.9946582913398743,shared,avoided
word2vec,0.10135076940059662,neither,arsk
word2vec,0.17581242322921753,neither,blameless
word2vec,0.9962762594223022,shared,schemes
word2vec,-0.10272051393985748,neither,cowered
word2vec,0.06159799546003342,neither,narcotic
word2vec,0.8787703514099121,shared,coming
word2vec,1.0000001192092896,neither,bead
word2vec,1.0,a_only,arminianism
word2vec,0.9734398126602173,shared,eyed
word2vec,0.06635653972625732,neither,dem
word2vec,1.0,neither,indications
word2vec,-0.0030849450267851353,neither,uneasily
word2vec,1.0000001192092896,a_only,kim
word2vec,1.0000001192092896,neither,protecting
word2vec,1.0,neither,bantam
word2vec,-0.025263231247663498,neither,meddle
word2vec,0.3308456242084503,neither,abstracted
word2vec,0.9999998807907104,neither,bertram
word2vec,1.0000001192092896,a_only,inherent
word2vec,0.9684167504310608,shared,remarks
word2vec,1.0,neither,ox
word2vec,1.0,neither,sigmund
word2vec,0.9412575364112854,shared,dust
word2vec,1.0,neither,vinci
word2vec,0.06204952299594879,neither,petticoat
word2vec,1.0,neither,paradigm
word2vec,0.11008519679307938,neither,everywheres
word2vec,0.9470444917678833,shared,advanced
word2vec,0.021875277161598206,b_only,copying
word2vec,0.9971914291381836,shared,display
word2vec,1.0,a_only,chess
word2vec,1.0,neither,hermetic
word2vec,0.9999998807907104,a_only,liver
word2vec,-0.13778357207775116,b_only,curiously
word2vec,0.9999998807907104,a_only,steven
word2vec,1.0000001192092896,a_only,www
word2vec,0.9999999403953552,a_only,controlling
word2vec,0.8746914267539978,shared,heads
word2vec,0.9838383197784424,shared,sins
word2vec,1.0,a_only,colony
word2vec,0.9978639483451843,shared,trivial
word2vec,0.24557584524154663,neither,phagous
word2vec,-0.06431599706411362,neither,tattooed
word2vec,0.9826390743255615,shared,vague
word2vec,0.9970323443412781,shared,diminished
word2vec,0.12110719084739685,neither,sneer
word2vec,0.9999998807907104,a_only,roosevelt
word2vec,0.9940506815910339,shared,believing
word2vec,0.01912667788565159,neither,articulate
word2vec,1.0,neither,spurious
word2vec,0.9960100054740906,shared,illusion
word2vec,1.0,a_only,denotes
word2vec,0.9078633785247803,shared,seem
word2vec,0.13854825496673584,neither,undergone
word2vec,0.9999999403953552,a_only,electoral
word2vec,-0.03178467974066734,b_only,tongues
word2vec,0.004678858909755945,neither,muskets
word2vec,0.9792713522911072,shared,examine
word2vec,0.9879047870635986,shared,dangers
word2vec,0.9946151971817017,shared,uncovered
word2vec,-0.07886406034231186,neither,sherry
word2vec,0.9712040424346924,shared,picked
word2vec,0.007612909656018019,neither,slunk
word2vec,1.0000001192092896,a_only,differential
word2vec,0.9381259083747864,shared,camp
word2vec,0.9999999403953552,neither,liberia
word2vec,1.0,neither,emitted
word2vec,1.0,neither,rufinus
word2vec,0.9940916895866394,shared,renewed
word2vec,0.07440804690122604,neither,blasted
word2vec,1.0,neither,heal
word2vec,0.9821464419364929,shared,bottles
word2vec,0.9973740577697754,shared,schools
word2vec,0.9577917456626892,shared,thou
word2vec,0.9447551965713501,shared,led
word2vec,0.0678352490067482,neither,thinnest
word2vec,0.9999998807907104,neither,raids
word2vec,0.19104507565498352,neither,puppy
word2vec,0.9975021481513977,shared,simplest
word2vec,-0.009155171923339367,b_only,groan
word2vec,0.9598585367202759,shared,imagination
word2vec,0.9999999403953552,a_only,challenger
word2vec,0.998987078666687,shared,economy
word2vec,0.9333066940307617,shared,occupied
word2vec,1.0,a_only,dominions
word2vec,1.0,a_only,usa
word2vec,1.0000001192092896,a_only,milne
word2vec,1.0000001192092896,neither,adapt
word2vec,0.9999999403953552,neither,pathology
word2vec,0.2255462110042572,neither,approbation
word2vec,1.0,neither,distinguishes
word2vec,0.9186950325965881,shared,pause
word2vec,0.9191038012504578,shared,feather
word2vec,1.0000001192092896,neither,objective
word2vec,0.9656145572662354,shared,walls
word2vec,0.9884330630302429,shared,shortly
word2vec,1.0,a_only,libertarian
word2vec,0.9879708886146545,shared,tune
word2vec,0.9999998807907104,neither,differentiation
word2vec,0.14089061319828033,neither,flamed
word2vec,1.0,neither,rhythms
word2vec,-0.1407562494277954,neither,precipices
word2vec,1.0,neither,ignition
word2vec,1.0,neither,architectures
word2vec,0.9880400896072388,shared,observation
word2vec,0.15187591314315796,neither,circling
word2vec,0.9935033917427063,shared,commit
word2vec,0.9953670501708984,shared,prevalent
word2vec,1.0000001192092896,neither,brokeback
word2vec,0.0905308797955513,b_only,guessed
word2vec,0.021982910111546516,neither,shaved
word2vec,0.08756819367408752,neither,poking
word2vec,0.06106259673833847,neither,gallant
word2vec,1.0000001192092896,a_only,conceptions
word2vec,0.9626736640930176,shared,worst
word2vec,1.0,neither,philo
word2vec,0.7835877537727356,shared,or
word2vec,0.9989498853683472,shared,legal
word2vec,1.0,neither,climates
word2vec,0.9941030740737915,shared,fishermen
word2vec,1.0,neither,url
word2vec,1.0000001192092896,neither,hostilities
word2vec,0.9912704229354858,shared,boot
word2vec,0.13515427708625793,neither,devotedly
word2vec,0.03282531350851059,neither,wart
word2vec,0.9850929379463196,shared,threatening
word2vec,0.9999998807907104,a_only,jan
word2vec,0.9656858444213867,shared,glory
word2vec,1.0000001192092896,neither,minorities
word2vec,1.0000001192092896,neither,kidnapped
word2vec,1.0,neither,characterize
word2vec,0.9956135749816895,shared,partial
word2vec,1.0000001192092896,a_only,ba
word2vec,1.0,a_only,overseas
word2vec,0.9905897378921509,shared,forbidden
word2vec,0.9908460378646851,shared,populace
word2vec,1.0,neither,rapper
word2vec,0.9998288750648499,shared,hydraulic
word2vec,-0.13314257562160492,b_only,shawl
word2vec,0.9999999403953552,a_only,tours
word2vec,0.9999999403953552,neither,horrific
word2vec,0.021946655586361885,neither,dived
word2vec,0.9871854186058044,shared,spectators
word2vec,0.9220072031021118,shared,nine
word2vec,1.0000001192092896,a_only,antarctic
word2vec,1.0,a_only,storage
word2vec,0.9469263553619385,shared,bottle
word2vec,1.0,a_only,canons
word2vec,1.0,a_only,propagation
word2vec,0.9215683937072754,shared,moved
word2vec,1.0000001192092896,a_only,proto
word2vec,1.0,neither,commentators
word2vec,0.9148610830307007,shared,hanging
word2vec,1.0,a_only,relevant
word2vec,0.07627510279417038,neither,jabez
word2vec,1.0,neither,sophocles
word2vec,0.9894999265670776,shared,understanding
word2vec,1.0,a_only,jr
word2vec,1.0,a_only,americana
word2vec,1.0,neither,chancellorsville
word2vec,1.0,neither,desktop
word2vec,0.9717021584510803,shared,thank
word2vec,1.0,neither,boost
word2vec,0.9801738858222961,shared,ended
word2vec,1.0,neither,gridiron
word2vec,0.9983909726142883,shared,comparative
word2vec,1.0,a_only,comments
word2vec,-0.0209030918776989,neither,raked
word2vec,-0.01689617894589901,neither,unparalleled
word2vec,0.937551736831665,shared,interrupted
word2vec,0.919369637966156,shared,surprise
word2vec,1.0,a_only,andorra
word2vec,1.0,a_only,afghans
word2vec,1.0,neither,historiography
word2vec,0.9760700464248657,shared,veil
word2vec,0.9995273351669312,shared,novels
word2vec,0.9679049253463745,shared,pressed
word2vec,1.0000001192092896,neither,falcon
word2vec,0.1861172616481781,neither,pooty
word2vec,1.0,neither,voltage
word2vec,0.9801515936851501,shared,attend
word2vec,1.0,neither,diatonic
word2vec,0.14893512427806854,neither,pathway
word2vec,0.9647631049156189,shared,group
word2vec,0.9999999403953552,neither,gauge
word2vec,1.0,a_only,annexation
word2vec,0.9988530874252319,shared,comment
word2vec,0.20455093681812286,neither,twig
word2vec,0.9758734703063965,shared,reality
word2vec,0.10539015382528305,b_only,cared
word2vec,0.05185888335108757,neither,mutiny
word2vec,1.0,neither,owen
word2vec,1.0,a_only,eu
word2vec,1.0000001192092896,a_only,queensland
word2vec,0.9999998807907104,neither,idol
word2vec,0.1140412762761116,neither,chamounix
word2vec,1.0,a_only,johannes
word2vec,0.9981220960617065,shared,governor
word2vec,1.0,a_only,transformation
word2vec,1.0,neither,klaus
word2vec,1.0,neither,piraeus
word2vec,1.0000001192092896,neither,effectiveness
word2vec,1.0,neither,tiles
word2vec,0.9901774525642395,shared,wonderland
word2vec,0.9391316175460815,shared,inside
word2vec,1.0,a_only,infrastructure
word2vec,1.0,neither,banquet
word2vec,0.9569997787475586,shared,reached
word2vec,1.0000001192092896,a_only,dependency
word2vec,0.9999999403953552,neither,outraged
word2vec,1.0,neither,reacting
word2vec,0.09527970850467682,b_only,perplexed
word2vec,1.0,a_only,extraction
word2vec,1.0,neither,harnack
word2vec,1.0,neither,converter
word2vec,0.019697511568665504,neither,liking
word2vec,-0.0527968630194664,b_only,disgrace
word2vec,0.9999999403953552,neither,nicea
word2vec,0.9918790459632874,shared,williams
word2vec,1.0,neither,superficially
word2vec,1.0,neither,unaids
word2vec,0.1540164202451706,neither,straightened
word2vec,1.0,neither,connects
word2vec,1.0,a_only,axioms
word2vec,1.0,a_only,danish
word2vec,1.0,neither,granite
word2vec,0.9815153479576111,shared,curse
word2vec,0.9869285821914673,shared,soldier
word2vec,0.9944273829460144,shared,chambers
word2vec,0.9833318591117859,shared,campbell
word2vec,0.9820274710655212,shared,dug
word2vec,0.9989339113235474,shared,bureau
word2vec,1.0,neither,electrically
word2vec,1.0000001192092896,neither,enzymes
word2vec,-0.005985622759908438,b_only,cries
word2vec,-0.11870061606168747,neither,heaving
word2vec,0.9397048950195312,shared,slowly
word2vec,0.2952280044555664,neither,boone
word2vec,0.8847702741622925,shared,started
word2vec,0.993194043636322,shared,amid
word2vec,0.9857513308525085,shared,properly
word2vec,0.9999999403953552,neither,trimester
word2vec,1.0,neither,assign
word2vec,0.9789906144142151,shared,older
word2vec,0.9999999403953552,neither,hippo
word2vec,0.09797270596027374,neither,tainted
word2vec,1.0,a_only,coupled
word2vec,-0.02516736090183258,neither,conveying
word2vec,0.9999999403953552,a_only,austro
word2vec,1.0,neither,designate
word2vec,0.9966736435890198,shared,prevail
word2vec,-0.0013809279771521688,neither,exquisitely
word2vec,0.22240518033504486,neither,aground
word2vec,0.11463284492492676,neither,thief
word2vec,0.9475547075271606,shared,soup
word2vec,0.9977833032608032,neither,moisture
word2vec,1.0,neither,aims
word2vec,1.0000001192092896,neither,theodoric
word2vec,0.0689844936132431,neither,goshen
word2vec,0.9878283739089966,shared,instruments
word2vec,0.06047992780804634,neither,deformity
word2vec,0.24593143165111542,neither,calmer
word2vec,0.9858482480049133,shared,beaten
word2vec,0.9968225955963135,neither,ornaments
word2vec,0.9887366890907288,shared,knot
word2vec,0.9963164925575256,shared,fourteenth
word2vec,0.9999998807907104,neither,outlawed
word2vec,0.09987833350896835,neither,quivering
word2vec,-0.02860989049077034,neither,mister
word2vec,0.9958141446113586,shared,sustain
word2vec,0.9872887134552002,shared,mont
word2vec,0.30412647128105164,b_only,finer
word2vec,0.9534593820571899,shared,stuff
word2vec,0.9935865998268127,shared,harder
word2vec,1.0,a_only,theorem
word2vec,1.0,neither,archaeal
word2vec,-0.06407530605792999,b_only,awakened
word2vec,0.9993837475776672,neither,pretensions
word2vec,1.0,a_only,downtown
word2vec,1.0,a_only,agnostic
word2vec,1.0,a_only,southeast
word2vec,0.20963998138904572,b_only,adler
word2vec,1.0,neither,latvia
word2vec,1.0,neither,assignments
word2vec,0.9484827518463135,shared,precious
word2vec,1.0,neither,liddell
word2vec,0.08407977223396301,neither,gliding
word2vec,0.9999998807907104,neither,eclipse
word2vec,0.996233344078064,shared,november
word2vec,0.9951227903366089,neither,endowed
word2vec,0.7433907985687256,shared,is
word2vec,0.27914077043533325,neither,puzzle
word2vec,0.24792538583278656,neither,deduced
word2vec,1.0000001192092896,a_only,testing
word2vec,1.0,neither,flinders
word2vec,0.7994187474250793,shared,joe
word2vec,0.9959256649017334,shared,unaware
word2vec,0.023194683715701103,neither,shingle
word2vec,0.18703801929950714,neither,blotting
word2vec,1.0,neither,gallbladder
word2vec,0.07864507287740707,neither,calais
word2vec,1.0,neither,reginald
word2vec,0.9794601798057556,shared,grace
word2vec,1.0,neither,modulus
word2vec,-0.028611674904823303,b_only,brows
word2vec,1.0,neither,anim
word2vec,0.9760394096374512,shared,wholly
word2vec,0.11152677983045578,neither,watchfulness
word2vec,0.9999999403953552,neither,incidentally
word2vec,1.0,a_only,protective
word2vec,1.0,a_only,developmental
word2vec,0.9805089235305786,shared,nearest
word2vec,1.0000001192092896,neither,eg
word2vec,1.0,neither,ro
word2vec,0.9826984405517578,shared,travelled
word2vec,0.9811983108520508,shared,sunny
word2vec,0.13589701056480408,neither,callous
word2vec,0.9957921504974365,shared,section
word2vec,0.9928058981895447,shared,released
word2vec,0.9999999403953552,neither,delegation
word2vec,0.9953619241714478,shared,energy
word2vec,0.9999999403953552,neither,resins
word2vec,0.9999998807907104,neither,ridiculed
word2vec,1.0,neither,lineage
word2vec,-0.08322177082300186,b_only,needn
word2vec,0.17691656947135925,neither,ensued
word2vec,0.9798322319984436,shared,ghost
word2vec,1.0000001192092896,a_only,albanian
word2vec,0.9999998807907104,a_only,conservation
word2vec,0.9999998807907104,a_only,chronicles
word2vec,0.052234429866075516,neither,31
word2vec,0.9999998807907104,neither,resembling
word2vec,1.0,neither,czechoslovakia
word2vec,0.9967368245124817,shared,block
word2vec,0.950268030166626,shared,shape
word2vec,1.0,neither,vandals
word2vec,0.9680395722389221,shared,step
word2vec,0.9840768575668335,shared,lift
word2vec,1.0,neither,satrap
word2vec,-0.016158897429704666,neither,forked
word2vec,1.0000001192092896,neither,mart
word2vec,-0.005882799159735441,neither,gleamed
word2vec,1.0,neither,basilides
word2vec,1.0000001192092896,neither,peleus
word2vec,0.09140992909669876,b_only,instinctively
word2vec,1.0000001192092896,neither,responds
word2vec,-0.11219453066587448,b_only,twisted
word2vec,0.09387513995170593,neither,hearse
word2vec,0.9877683520317078,shared,struggling
word2vec,0.9899588823318481,shared,ceremony
word2vec,0.9919822216033936,shared,posted
word2vec,1.0,a_only,defendant
word2vec,0.9999999403953552,neither,speeds
word2vec,0.17313691973686218,neither,inwardly
word2vec,0.0418880321085453,b_only,shut
word2vec,0.9943026900291443,neither,lent
word2vec,0.9999999403953552,a_only,fund
word2vec,1.0000001192092896,a_only,basic
word2vec,0.9928354024887085,shared,sands
word2vec,1.0,a_only,rifle
word2vec,0.992794930934906,shared,relaxed
word2vec,0.981921911239624,shared,support
word2vec,1.0,a_only,reed
word2vec,0.14037060737609863,neither,cynicism
word2vec,0.9388254284858704,shared,chance
word2vec,0.9999998807907104,a_only,transfer
word2vec,0.9999999403953552,neither,ikiru
word2vec,1.0,neither,lore
word2vec,0.982957661151886,shared,patriots
word2vec,0.15733103454113007,neither,befall
word2vec,0.952359139919281,shared,week
word2vec,1.0,a_only,greeks
word2vec,0.9974693059921265,shared,adam
word2vec,1.0000001192092896,a_only,supports
word2vec,1.0000001192092896,neither,tracking
word2vec,0.8160393238067627,shared,because
word2vec,1.0,neither,hieroglyphs
word2vec,1.0,neither,lithium
word2vec,-0.14727400243282318,neither,redskin
word2vec,0.9975215196609497,shared,defects
word2vec,0.9442098736763,shared,simply
word2vec,1.0000001192092896,neither,teammate
word2vec,1.0,a_only,anarcho
word2vec,1.0,a_only,prussian
word2vec,0.9970848560333252,shared,negative
word2vec,1.0000001192092896,a_only,businessman
word2vec,0.14790087938308716,neither,mended
word2vec,1.0,a_only,impact
word2vec,1.0,neither,incorporates
word2vec,1.0,neither,paradigms
word2vec,1.0,neither,protozoa
word2vec,0.9983180165290833,shared,supreme
word2vec,1.0,neither,tornado
word2vec,1.0,neither,emission
word2vec,0.0869680717587471,neither,tumult
word2vec,1.0000001192092896,neither,moore
word2vec,0.9980779886245728,shared,smith
word2vec,1.0000001192092896,a_only,renaissance
word2vec,0.9648558497428894,shared,throw
word2vec,0.9967063665390015,shared,aimed
word2vec,0.9862052202224731,shared,assisted
word2vec,-0.04079971835017204,b_only,flatter
word2vec,0.9999998807907104,neither,perpetrators
word2vec,-0.0003060309391003102,b_only,faint
word2vec,1.0,neither,kant
word2vec,0.9999999403953552,a_only,councils
word2vec,1.0000001192092896,a_only,ernst
word2vec,0.9508414268493652,shared,knows
word2vec,1.0,a_only,thebes
word2vec,0.9862343668937683,shared,discourse
word2vec,-0.06235244497656822,neither,lieve
word2vec,1.0,neither,modernized
word2vec,1.0000001192092896,a_only,irrigation
word2vec,-0.04262524098157883,neither,scaffold
word2vec,1.0,neither,consumers
word2vec,1.0,neither,incentive
word2vec,1.0000001192092896,neither,theologians
word2vec,0.9999999403953552,a_only,facto
word2vec,0.9883092045783997,shared,whale
word2vec,0.9942424297332764,shared,combined
word2vec,-0.07575957477092743,neither,wisely
word2vec,0.9987954497337341,shared,culture
word2vec,0.9999999403953552,a_only,lfheim
word2vec,0.18637876212596893,b_only,ghostly
word2vec,0.029264604672789574,neither,whiteness
word2vec,0.10024822503328323,neither,repentance
word2vec,0.15588171780109406,neither,flickering
word2vec,1.0,neither,turbulent
word2vec,0.9978376626968384,neither,decorated
word2vec,-0.014305423945188522,b_only,piccadilly
word2vec,0.9490438103675842,shared,shoes
word2vec,1.0,a_only,quantum
word2vec,0.954969584941864,shared,fresh
word2vec,1.0,a_only,norm
word2vec,0.9948992729187012,shared,elephant
word2vec,0.9546471834182739,shared,keeping
word2vec,1.0,neither,powerbook
word2vec,0.9971609115600586,shared,novel
word2vec,0.9809661507606506,shared,lists
word2vec,0.9954435229301453,shared,conversations
word2vec,1.0,neither,ua
word2vec,1.0000001192092896,neither,sarai
word2vec,0.9779899716377258,shared,due
word2vec,0.957989513874054,shared,cousin
word2vec,1.0,neither,importantly
word2vec,0.0568823479115963,neither,puzzling
word2vec,0.9999998807907104,a_only,sculpture
word2vec,0.9999999403953552,neither,ceded
word2vec,0.9833780527114868,shared,weight
word2vec,0.98069828748703,shared,elegant
word2vec,0.9673010110855103,shared,fever
word2vec,0.15795619785785675,neither,materially
word2vec,0.05242833122611046,neither,madmen
word2vec,1.0,neither,arsenate
word2vec,0.11508914083242416,neither,straggling
word2vec,1.0,neither,preferences
word2vec,1.0,a_only,seabed
word2vec,1.0,neither,mixes
word2vec,1.0,neither,programmed
word2vec,1.0,a_only,amoeba
word2vec,0.9451815485954285,shared,exactly
word2vec,1.0,a_only,incorrect
word2vec,0.9999999403953552,neither,algal
word2vec,0.9999999403953552,neither,theodor
word2vec,1.0,a_only,prophet
word2vec,1.0,neither,opposes
word2vec,1.0000001192092896,neither,atli
word2vec,0.9999998807907104,neither,ions
word2vec,0.9979023933410645,shared,attempts
word2vec,1.0,a_only,specialized
word2vec,1.0,neither,vertebra
word2vec,0.09687961637973785,b_only,peasant
word2vec,0.9945584535598755,shared,cathedral
word2vec,1.0000001192092896,neither,compatibility
word2vec,0.9945184588432312,shared,gift
word2vec,0.9958497285842896,neither,involuntary
word2vec,0.025050822645425797,b_only,ingolstadt
word2vec,0.08683393150568008,neither,butcher
word2vec,1.0,neither,approximate
word2vec,1.0,neither,vomiting
word2vec,0.9826958775520325,shared,refuse
word2vec,0.9987555742263794,shared,acres
word2vec,1.0,neither,expulsion
word2vec,0.9964942932128906,shared,manuscript
word2vec,0.9966385960578918,shared,recognise
word2vec,1.0,neither,abrahamic
word2vec,0.04172966256737709,neither,hive
word2vec,0.9910215139389038,shared,velvet
word2vec,1.0,neither,prefers
word2vec,1.0,neither,uzala
word2vec,0.1096963882446289,neither,shower
word2vec,1.0000001192092896,a_only,aggression
word2vec,1.0,neither,systemic
word2vec,1.0,a_only,congressional
word2vec,0.9652798771858215,shared,fight
word2vec,1.0,neither,differentiate
word2vec,1.0000001192092896,neither,grandmother
word2vec,1.0,neither,relics
word2vec,0.8581804037094116,shared,what
word2vec,0.9999998807907104,neither,orycteropus
word2vec,0.0034116727765649557,b_only,thanked
word2vec,-0.04686408489942551,neither,dummy
word2vec,1.0,a_only,economist
word2vec,-0.08874687552452087,neither,lets
word2vec,0.991463840007782,shared,pooh
word2vec,0.03264405205845833,b_only,soundly
word2vec,0.0017124064033851027,neither,afire
word2vec,1.0,neither,rotated
word2vec,1.0000001192092896,a_only,mechanism
word2vec,0.9300822019577026,shared,certain
word2vec,0.9999999403953552,neither,ms
word2vec,0.9961472749710083,shared,venetian
word2vec,1.0000001192092896,neither,initiating
word2vec,-0.016986768692731857,neither,gauze
word2vec,1.0000001192092896,neither,vee
word2vec,0.9999999403953552,a_only,criticized
word2vec,0.9416359066963196,shared,sharp
word2vec,-0.05899812653660774,neither,stabboard
word2vec,-0.10807577520608902,b_only,clerks
word2vec,0.010617036372423172,neither,acquit
word2vec,0.9886246919631958,shared,infinite
word2vec,1.0000001192092896,a_only,congo
word2vec,0.9983550906181335,shared,artists
word2vec,0.9938040375709534,shared,belonging
word2vec,0.9999999403953552,neither,macbook
word2vec,1.0,neither,subsistence
word2vec,0.14491097629070282,neither,vampires
word2vec,0.9999998807907104,neither,navigable
word2vec,1.0,a_only,constellations
word2vec,0.13687783479690552,neither,acquitted
word2vec,0.9185833930969238,shared,dressed
word2vec,0.8775009512901306,shared,listen
word2vec,0.9736645817756653,shared,sorts
word2vec,1.0,a_only,branched
word2vec,0.9999999403953552,neither,mercantile
word2vec,1.0,neither,nationalistic
word2vec,0.9999999403953552,a_only,offshore
word2vec,1.0000001192092896,neither,weighted
word2vec,-0.07931636273860931,neither,juryman
word2vec,1.0,a_only,nomination
word2vec,1.0,a_only,markets
word2vec,1.0,a_only,joan
word2vec,1.0,a_only,agnosticism
word2vec,0.9821134805679321,shared,arrangements
word2vec,0.9950380921363831,neither,performer
word2vec,1.0,neither,tutsi
word2vec,0.2611313462257385,neither,groom
word2vec,0.9999999403953552,neither,htm
word2vec,1.0000001192092896,a_only,gregory
word2vec,0.9968569278717041,shared,respecting
word2vec,0.17269262671470642,neither,hatchet
word2vec,0.9999998807907104,a_only,nearby
word2vec,0.9972025156021118,shared,globe
word2vec,1.0,neither,demetrius
word2vec,0.18499130010604858,neither,unfeeling
word2vec,0.19547797739505768,neither,sodden
word2vec,1.0,a_only,memorial
word2vec,0.991558313369751,shared,image
word2vec,0.9999999403953552,a_only,truffaut
word2vec,0.9999998807907104,neither,homomorphism
word2vec,-0.09810697287321091,b_only,redskins
word2vec,0.40080922842025757,neither,pondicherry
word2vec,1.0000001192092896,neither,louvre
word2vec,0.9746371507644653,shared,greatly
word2vec,1.0,a_only,parallel
word2vec,0.06848160922527313,neither,tripped
word2vec,0.9727184772491455,shared,bowl
word2vec,1.0,neither,radios
word2vec,-0.19225963950157166,neither,licked
word2vec,0.9779414534568787,shared,description
word2vec,0.9698348045349121,shared,demanded
word2vec,0.09581957012414932,neither,heroines
word2vec,0.9695286750793457,shared,snow
word2vec,1.0000001192092896,neither,tablet
word2vec,0.9999998807907104,neither,broglie
word2vec,4.723923120764084e-05,neither,liar
word2vec,1.0000001192092896,neither,elemental
word2vec,0.96756511926651,shared,fairly
word2vec,0.9999999403953552,a_only,predominant
word2vec,0.9999998807907104,a_only,springfield
word2vec,0.9999999403953552,a_only,ironically
word2vec,0.09805198013782501,neither,liza
word2vec,0.962709903717041,shared,resting
word2vec,1.0,a_only,summary
word2vec,1.0,a_only,aligned
word2vec,0.6947811245918274,shared,michael
word2vec,1.0,neither,mya
word2vec,1.0000001192092896,neither,precedent
word2vec,0.11172538995742798,b_only,somehow
word2vec,0.992445170879364,shared,rows
word2vec,0.06178729608654976,b_only,remorse
word2vec,0.10215423256158829,neither,livery
word2vec,0.9889034032821655,shared,vessel
word2vec,1.0000001192092896,a_only,hollywood
word2vec,1.0000001192092896,a_only,valence
word2vec,-0.11295633763074875,b_only,busy
word2vec,0.9999998807907104,a_only,vector
word2vec,0.9800340533256531,shared,susan
word2vec,-0.005592415574938059,b_only,underneath
word2vec,0.9635703563690186,shared,sympathy
word2vec,0.002126716310158372,neither,scented
word2vec,0.10502590984106064,neither,grosvenor
word2vec,0.8990631103515625,shared,terrible
word2vec,0.22826607525348663,neither,slates
word2vec,0.9965289235115051,shared,injuries
word2vec,-0.040726568549871445,neither,cosy
word2vec,0.9999999403953552,a_only,thesis
word2vec,1.0,a_only,jewish
word2vec,-0.010085295885801315,b_only,fix
word2vec,1.0,neither,abaci
word2vec,1.0,neither,hindered
word2vec,0.9999999403953552,a_only,organisation
word2vec,0.2477121353149414,neither,congratulatory
word2vec,-0.048776816576719284,neither,guiltless
word2vec,0.9814375638961792,shared,highly
word2vec,1.0,a_only,producer
word2vec,0.11643373221158981,neither,fringed
word2vec,0.9869336485862732,shared,resist
word2vec,0.9999999403953552,neither,volcano
word2vec,1.0000001192092896,neither,buchan
word2vec,0.9964866042137146,neither,topped
word2vec,0.8132544755935669,shared,harry
word2vec,1.0000001192092896,neither,ravaged
word2vec,0.07330241054296494,b_only,shirt
word2vec,0.9413066506385803,shared,except
word2vec,1.0,a_only,norte
word2vec,1.0,neither,balkan
word2vec,1.0000001192092896,neither,fi
word2vec,1.0,neither,sentenced
word2vec,0.1936088353395462,neither,nasty
word2vec,0.9988666772842407,shared,defeat
word2vec,0.955950140953064,shared,brothers
word2vec,0.9974234700202942,shared,disorder
word2vec,0.9999998807907104,neither,evenly
word2vec,-0.04957765340805054,b_only,englishman
word2vec,1.0,neither,diodorus
word2vec,1.0,neither,solstice
word2vec,0.995005190372467,shared,healing
word2vec,0.9999999403953552,neither,colloquial
word2vec,1.0,neither,calculation
word2vec,1.0,neither,contributors
word2vec,0.9107415080070496,shared,kept
word2vec,1.0,neither,haider
word2vec,0.7341296076774597,shared,voice
word2vec,1.0,neither,satellites
word2vec,0.1086384579539299,neither,catfish
word2vec,0.9999998807907104,a_only,iowa
word2vec,1.0,neither,napol
word2vec,1.0,neither,doric
word2vec,1.0,neither,furthest
word2vec,1.0,neither,clem
word2vec,0.9989572167396545,shared,sequence
word2vec,0.9802263975143433,shared,tragedy
word2vec,1.0,a_only,generic
word2vec,0.9598318338394165,shared,sooner
word2vec,1.0,neither,renounced
word2vec,0.4972253441810608,neither,millar
word2vec,0.9900168776512146,shared,objects
word2vec,1.0000001192092896,a_only,venus
word2vec,0.9930827021598816,shared,h
word2vec,1.0,neither,indistinguishable
word2vec,1.0,a_only,pyramid
word2vec,1.0,neither,kaiser
word2vec,0.9963928461074829,shared,prime
word2vec,1.0000001192092896,a_only,societies
word2vec,0.9999998807907104,neither,hoax
word2vec,1.0,neither,helena
word2vec,0.9864283204078674,shared,hailed
word2vec,0.1191137507557869,b_only,trifle
word2vec,1.0000001192092896,a_only,polish
word2vec,0.9898825287818909,shared,strict
word2vec,1.0000001192092896,a_only,implicit
word2vec,0.9999999403953552,a_only,plus
word2vec,0.08812563866376877,neither,gleaming
word2vec,0.1489073932170868,neither,truest
word2vec,-0.1034717932343483,b_only,spies
word2vec,1.0,neither,insurrection
word2vec,0.16483747959136963,neither,sorely
word2vec,0.11236823350191116,neither,prejudiced
word2vec,0.9999999403953552,neither,villiers
word2vec,-0.05817323178052902,b_only,hosmer
word2vec,0.9942371249198914,shared,appealed
word2vec,0.9999998807907104,neither,assess
word2vec,-0.042328957468271255,b_only,crimson
word2vec,-0.10820391774177551,b_only,doubts
word2vec,0.9970476627349854,shared,bachelor
word2vec,1.0,neither,monitoring
word2vec,0.9976521134376526,neither,worthless
word2vec,0.8917294144630432,shared,girls
word2vec,0.8510769605636597,shared,even
word2vec,0.11361893266439438,neither,racket
word2vec,1.0,neither,contend
word2vec,0.9985489845275879,neither,eastward
word2vec,0.9680505990982056,shared,skin
word2vec,0.9573123455047607,shared,bar
word2vec,0.9858412146568298,shared,consulting
word2vec,0.9999998807907104,a_only,consisting
word2vec,1.0,neither,citing
word2vec,0.9823835492134094,shared,tobacco
word2vec,0.9939387440681458,shared,engine
word2vec,0.988052248954773,shared,worried
word2vec,1.0,neither,constance
word2vec,0.9988237619400024,shared,pledged
word2vec,0.09538482874631882,neither,fiery
word2vec,1.0,a_only,gr
word2vec,1.0000001192092896,a_only,wilhelm
word2vec,0.9935098886489868,neither,flour
word2vec,0.09341638535261154,neither,sup
word2vec,1.0000001192092896,neither,meditation
word2vec,1.0,a_only,concepts
word2vec,1.0000001192092896,a_only,capitalists
word2vec,1.0,a_only,kilometres
word2vec,0.974147379398346,shared,spreading
word2vec,1.0000001192092896,neither,unorganized
word2vec,1.0,neither,backgrounds
word2vec,1.0,neither,hellespont
word2vec,-0.033073049038648605,neither,craving
word2vec,0.9842844605445862,shared,attended
word2vec,1.0,neither,alanine
word2vec,1.0,a_only,review
word2vec,0.9994308352470398,shared,normal
word2vec,1.0000001192092896,neither,papacy
word2vec,0.9528952836990356,shared,branches
word2vec,0.21782651543617249,b_only,staircase
word2vec,-0.0424077995121479,neither,summits
word2vec,0.018562784418463707,neither,eluded
word2vec,0.975591242313385,shared,sentence
word2vec,1.0,neither,evelyn
word2vec,1.0000001192092896,a_only,eugenics
word2vec,0.9917804598808289,shared,maiden
word2vec,0.9837962985038757,shared,suspended
word2vec,0.8495857119560242,shared,word
word2vec,1.0000001192092896,a_only,scrimmage
word2vec,0.8284163475036621,shared,boys
word2vec,0.9080268144607544,shared,black
word2vec,0.9944888353347778,shared,vicinity
word2vec,1.0,neither,leary
word2vec,0.7687768340110779,shared,them
word2vec,1.0000001192092896,a_only,lf
word2vec,0.9903730154037476,shared,bodies
word2vec,0.9416977167129517,shared,papers
word2vec,0.8594185709953308,shared,potter
word2vec,1.0000001192092896,a_only,santa
word2vec,1.0,neither,mythos
word2vec,1.0000001192092896,neither,aristophanes
word2vec,0.9997469782829285,shared,exposure
word2vec,1.0000001192092896,neither,salisbury
word2vec,0.9840275645256042,shared,laws
word2vec,0.9999998807907104,neither,astrophysics
word2vec,0.15471011400222778,neither,slit
word2vec,1.0000001192092896,neither,baruch
word2vec,0.9999999403953552,neither,curtis
word2vec,0.9853582978248596,shared,enemies
word2vec,0.9779450297355652,shared,allow
word2vec,0.050640977919101715,neither,hates
word2vec,0.9562751054763794,shared,questions
word2vec,0.974558413028717,shared,strings
word2vec,0.9999999403953552,a_only,provincial
word2vec,0.9999998807907104,a_only,choir
word2vec,0.9968326091766357,shared,provide
word2vec,0.994428277015686,shared,justified
word2vec,1.0,neither,lambeth
word2vec,0.9980852007865906,shared,ruled
word2vec,1.0000001192092896,neither,mauryan
word2vec,0.023754997178912163,b_only,4
word2vec,1.0000001192092896,neither,hindi
word2vec,1.0,neither,semicircular
word2vec,0.21729587018489838,neither,lowering
word2vec,0.9997373819351196,shared,positive
word2vec,1.0,neither,nikolay
word2vec,0.9999998807907104,a_only,oscar
word2vec,1.0000001192092896,neither,coca
word2vec,0.08098068833351135,b_only,nodding
word2vec,-0.05209717899560928,neither,13
word2vec,0.14461830258369446,neither,expressly
word2vec,1.0,neither,programmes
word2vec,1.0,neither,agaves
word2vec,1.0,neither,smallpox
word2vec,1.0,neither,urging
word2vec,1.0,neither,grade
word2vec,0.0029983127024024725,b_only,repetition
word2vec,0.18372492492198944,neither,deficient
word2vec,1.0000001192092896,a_only,stance
word2vec,0.9999999403953552,neither,mboxx
word2vec,0.99042809009552,shared,calls
word2vec,0.06924805045127869,b_only,gems
word2vec,0.17778535187244415,b_only,squeezed
word2vec,0.9988296627998352,shared,tallest
word2vec,0.9965961575508118,shared,experiences
word2vec,1.0,neither,las
word2vec,-0.004472159780561924,b_only,prayed
word2vec,0.5766934156417847,neither,100
word2vec,1.0,neither,cunha
word2vec,0.9976171255111694,shared,strip
word2vec,1.0,neither,embody
word2vec,1.0,neither,standpoint
word2vec,0.9993458390235901,shared,assembly
word2vec,0.9541822671890259,shared,marked
word2vec,0.9999999403953552,neither,lithuanian
word2vec,0.10250551253557205,b_only,closet
word2vec,0.9391817450523376,shared,doing
word2vec,0.9737356901168823,shared,explain
word2vec,0.9445732235908508,shared,engaged
word2vec,0.08785596489906311,neither,blackest
word2vec,0.9999999403953552,neither,xml
word2vec,1.0,a_only,functionality
word2vec,0.9400919079780579,shared,smoking
word2vec,1.0,neither,trigger
word2vec,0.9999999403953552,neither,sisal
word2vec,0.9139299392700195,shared,since
word2vec,1.0000001192092896,neither,popularly
word2vec,0.16951090097427368,neither,hopeful
word2vec,1.0,a_only,presidential
word2vec,0.9669254422187805,shared,reading
word2vec,0.9999998807907104,neither,counts
word2vec,0.7854802012443542,shared,three
word2vec,0.9979451298713684,shared,preference
word2vec,1.0,neither,domains
word2vec,0.1072489470243454,neither,noth
word2vec,-0.09204047173261642,neither,pitying
word2vec,0.9977706074714661,shared,inner
word2vec,0.9999999403953552,neither,dynamics
word2vec,0.9990843534469604,shared,mechanical
word2vec,0.9823049902915955,shared,map
word2vec,1.0,neither,vaccination
word2vec,0.9999999403953552,a_only,buffalo
word2vec,0.9999999403953552,a_only,agassi
word2vec,0.07158318161964417,neither,hauled
word2vec,1.0,neither,beijing
word2vec,0.9999998807907104,neither,sensors
word2vec,1.0000001192092896,a_only,multi
word2vec,0.993746280670166,shared,gladly
word2vec,1.0,neither,elvis
word2vec,0.9999999403953552,a_only,prometheus
word2vec,-0.13243468105793,b_only,grip
word2vec,0.9039396643638611,shared,beginning
word2vec,0.9917200207710266,neither,shrewsbury
word2vec,0.09360232204198837,neither,embarrassed
word2vec,-0.10369149595499039,b_only,fireplace
word2vec,1.0,neither,jeffrey
word2vec,-0.17568868398666382,neither,repaired
word2vec,1.0,a_only,defeated
word2vec,0.9887375831604004,shared,embrace
word2vec,0.9918584227561951,shared,skies
word2vec,0.9850645065307617,shared,neighbors
word2vec,0.9895555377006531,shared,inform
word2vec,0.8706053495407104,shared,heard
word2vec,0.9944313764572144,shared,manifested
word2vec,0.24420349299907684,neither,disturbance
word2vec,0.016439015045762062,neither,heavenly
word2vec,0.9992762207984924,shared,major
word2vec,0.9972890615463257,shared,plague
word2vec,1.0,neither,nm
word2vec,0.8827822208404541,shared,dare
word2vec,0.05737342685461044,neither,tingle
word2vec,1.0,neither,jurisprudence
word2vec,0.9999999403953552,neither,violated
word2vec,0.1283324509859085,neither,mermaid
word2vec,0.014194396324455738,neither,hushed
word2vec,1.0,a_only,anglicanism
word2vec,1.0,neither,investors
word2vec,0.9944537878036499,shared,introduction
word2vec,0.9715241193771362,shared,exhibit
word2vec,0.8462539315223694,shared,will
word2vec,1.0,a_only,acupuncture
word2vec,0.9919481873512268,shared,accidentally
word2vec,1.0,neither,decays
word2vec,1.0000001192092896,a_only,poland
word2vec,0.9256510138511658,shared,illustration
word2vec,1.0000001192092896,a_only,convicted
word2vec,1.0,neither,percy
word2vec,0.9654006958007812,shared,reward
word2vec,0.9852141737937927,shared,odds
word2vec,-0.11516183614730835,b_only,assured
word2vec,1.0,neither,parody
word2vec,0.19646206498146057,neither,jumps
word2vec,0.9574822187423706,shared,drink
word2vec,0.9999999403953552,neither,uppercase
word2vec,1.0,neither,bureaucracy
word2vec,0.9630565643310547,shared,important
word2vec,0.990808367729187,shared,principally
word2vec,0.14558091759681702,neither,parson
word2vec,0.16721302270889282,neither,deliberation
word2vec,1.0,neither,anacondas
word2vec,0.992925763130188,shared,honourable
word2vec,0.36598485708236694,neither,leadenhall
word2vec,1.0,a_only,alberta
word2vec,0.9997743368148804,shared,competition
word2vec,0.8919739723205566,shared,mouth
word2vec,0.9999999403953552,a_only,encyclopedia
word2vec,0.9720799326896667,shared,sold
word2vec,0.9913926124572754,shared,neighbouring
word2vec,1.0000001192092896,neither,psychologist
word2vec,1.0,neither,nee
word2vec,0.9899305105209351,shared,wire
word2vec,1.0000001192092896,neither,herbaceous
word2vec,1.0000001192092896,neither,homeland
word2vec,0.8808333873748779,shared,others
word2vec,0.9999999403953552,a_only,housing
word2vec,1.0000001192092896,neither,electorate
word2vec,1.0,neither,rigid
word2vec,0.9899812340736389,shared,specimen
word2vec,0.9999998807907104,a_only,laureate
word2vec,0.9235526323318481,shared,large
word2vec,0.9869920611381531,shared,signal
word2vec,0.9077403545379639,shared,spread
word2vec,1.0000001192092896,neither,disasters
word2vec,0.049500107765197754,neither,reverently
word2vec,0.9806380867958069,shared,smart
word2vec,1.0000001192092896,neither,gda
word2vec,0.9995692372322083,shared,data
word2vec,0.9999998807907104,neither,rebecca
word2vec,1.0,neither,conjunction
word2vec,0.17545749247074127,b_only,bingley
word2vec,0.9809150695800781,shared,unlike
word2vec,1.0,a_only,volunteers
word2vec,1.0,a_only,favored
word2vec,1.0,neither,breeders
word2vec,0.9999998807907104,neither,dubai
word2vec,1.0,a_only,northeast
word2vec,0.9931390881538391,shared,convenience
word2vec,1.0,neither,baggini
word2vec,0.9454693794250488,shared,age
word2vec,0.9999999403953552,a_only,awareness
word2vec,1.0,neither,unwanted
word2vec,1.0,a_only,apostle
word2vec,0.9999998807907104,a_only,vesta
word2vec,1.0,neither,porsche
word2vec,0.14246323704719543,neither,elopement
word2vec,1.0,a_only,colleges
word2vec,0.9999999403953552,neither,stimulus
word2vec,0.9707180857658386,shared,placed
word2vec,0.05394822731614113,b_only,willingly
word2vec,0.04720524698495865,neither,parcel
word2vec,1.0,a_only,artefacts
word2vec,0.9956739544868469,shared,recognition
word2vec,1.0,a_only,alcuin
word2vec,0.9862731099128723,shared,exhibited
word2vec,0.9999998807907104,neither,fermentation
word2vec,0.10909363627433777,neither,composedly
word2vec,0.9585582613945007,shared,beyond
word2vec,1.0000001192092896,a_only,coptic
word2vec,-0.10185254365205765,b_only,bother
word2vec,0.9937105774879456,shared,possess
word2vec,1.0,a_only,wildlife
word2vec,1.0,a_only,friedman
word2vec,1.0,neither,sahrawi
word2vec,0.005332110449671745,neither,rapidity
word2vec,1.0,a_only,assassinated
word2vec,0.9999999403953552,a_only,democrats
word2vec,1.0000001192092896,neither,sod
word2vec,1.0,neither,termites
word2vec,1.0000001192092896,a_only,methane
word2vec,1.0000001192092896,a_only,apatosaurus
word2vec,0.9797033667564392,shared,exploring
word2vec,0.9999998807907104,neither,mouch
word2vec,1.0,a_only,protests
word2vec,0.9664068222045898,shared,quarter
word2vec,1.0000001192092896,a_only,launched
word2vec,0.9962204098701477,neither,ruthless
word2vec,0.02669510245323181,b_only,sunrise
word2vec,-0.08366949111223221,neither,hookey
word2vec,1.0,a_only,ian
word2vec,1.0000001192092896,a_only,kurt
word2vec,0.9896345734596252,shared,evident
word2vec,0.9999999403953552,neither,tango
word2vec,1.0,neither,polarized
word2vec,0.9006034731864929,shared,tie
word2vec,1.0000001192092896,neither,rabbis
word2vec,1.0,a_only,kurosawa
word2vec,1.0000001192092896,a_only,sidney
word2vec,0.9999999403953552,neither,theseus
word2vec,0.9999999403953552,a_only,therapy
word2vec,1.0,neither,penn
word2vec,1.0,a_only,athens
word2vec,1.0000001192092896,neither,individualism
word2vec,1.0000001192092896,neither,alexandrovna
word2vec,0.9969388246536255,shared,refusal
word2vec,0.8759264349937439,shared,bit
word2vec,1.0000001192092896,a_only,axiom
word2vec,0.9889045357704163,shared,paradise
word2vec,0.9999999403953552,neither,guidelines
word2vec,0.10460799932479858,neither,dusky
word2vec,1.0,a_only,rotation
word2vec,0.044004540890455246,b_only,creeping
word2vec,0.07611231505870819,neither,forfeit
word2vec,-0.07474461942911148,neither,sha
word2vec,0.9939125180244446,shared,expedition
word2vec,1.0,a_only,alpacas
word2vec,0.99290931224823,shared,objections
word2vec,1.0,a_only,bombing
word2vec,0.9897581934928894,shared,union
word2vec,0.030578909441828728,neither,bidding
word2vec,0.9861456155776978,shared,confessed
word2vec,0.001620179507881403,neither,drawbridge
word2vec,-0.0038215764798223972,b_only,boggs
word2vec,1.0000001192092896,a_only,noteworthy
word2vec,0.9500149488449097,shared,hopes
word2vec,0.9999998807907104,a_only,gide
word2vec,0.9999999403953552,neither,exam
word2vec,1.0,a_only,frames
word2vec,0.9082986116409302,shared,sitting
word2vec,1.0,a_only,subsequent
word2vec,0.9183197617530823,shared,until
word2vec,1.0,neither,twelfth
word2vec,0.9999999403953552,neither,proceeds
word2vec,1.0,a_only,treatments
word2vec,1.0,a_only,outcome
word2vec,1.0,neither,misuse
word2vec,0.9999998807907104,neither,deriving
word2vec,0.9861117601394653,shared,trunk
word2vec,0.9999999403953552,neither,hyacinth
word2vec,1.0,a_only,electricity
word2vec,1.0,neither,marc
word2vec,1.0,neither,inquart
word2vec,-0.06199066340923309,neither,powwow
word2vec,1.0,neither,precepts
word2vec,-0.03861298784613609,neither,corkscrew
word2vec,0.27825450897216797,neither,clattered
word2vec,0.05508551746606827,neither,ferryboat
word2vec,0.9995934963226318,shared,management
word2vec,-0.1570156216621399,b_only,agreeable
word2vec,1.0,a_only,input
word2vec,0.9944851398468018,shared,snap
word2vec,0.9692609310150146,shared,arabian
word2vec,0.9885828495025635,shared,deprived
word2vec,1.0,neither,arachne
word2vec,0.11073941737413406,neither,gale
word2vec,0.1120942085981369,neither,overpowering
word2vec,0.9999999403953552,a_only,website
word2vec,0.9910805821418762,shared,observe
word2vec,0.9903896450996399,shared,ends
word2vec,0.9999998807907104,neither,intensive
word2vec,1.0,neither,hungarians
word2vec,0.9979449510574341,shared,congress
word2vec,1.0,a_only,improving
word2vec,1.0000001192092896,neither,bourgeois
word2vec,0.9999999403953552,a_only,carbon
word2vec,0.17043213546276093,neither,practised
word2vec,0.9966245293617249,shared,dialect
word2vec,1.0000001192092896,neither,syntagma
word2vec,0.9827503561973572,shared,modern
word2vec,0.9941548705101013,shared,additions
word2vec,-0.15896093845367432,neither,wabe
word2vec,1.0000001192092896,neither,likened
word2vec,0.9754000902175903,shared,sermon
word2vec,0.8907013535499573,shared,arms
word2vec,1.0,a_only,solar
word2vec,1.0,neither,thermodynamics
word2vec,1.0000001192092896,a_only,contested
word2vec,0.9999999403953552,a_only,radians
word2vec,0.9987956881523132,neither,misunderstood
word2vec,0.9956724643707275,shared,theory
word2vec,0.9950348734855652,shared,range
word2vec,0.9999998807907104,neither,bike
word2vec,1.0,neither,span
word2vec,0.12041629105806351,neither,chunk
word2vec,0.9853914976119995,shared,conduct
word2vec,0.9988604187965393,shared,criminals
word2vec,1.0,neither,swans
word2vec,0.9999999403953552,neither,adhere
word2vec,0.982487142086029,shared,sides
word2vec,1.0,a_only,quad
word2vec,1.0000001192092896,neither,prohibits
word2vec,-0.036117710173130035,b_only,grin
word2vec,0.9851743578910828,shared,sacrifice
word2vec,1.0000001192092896,neither,arraignment
word2vec,1.0000001192092896,neither,posterior
word2vec,1.0000001192092896,a_only,participated
word2vec,0.8351784348487854,shared,heart
word2vec,1.0,neither,basins
word2vec,1.0,a_only,semantics
word2vec,1.0000001192092896,neither,tunisia
word2vec,0.9999999403953552,a_only,strikers
word2vec,0.9705976843833923,shared,order
word2vec,0.9941188097000122,shared,premature
word2vec,0.9999999403953552,a_only,artemis
word2vec,0.8959619998931885,shared,tea
word2vec,0.015144050121307373,neither,lain
word2vec,-0.03593333065509796,neither,spray
word2vec,0.16145089268684387,b_only,solicitor
word2vec,1.0,a_only,intervention
word2vec,0.9526208639144897,shared,ferry
word2vec,0.9999999403953552,neither,foods
word2vec,0.9907515048980713,shared,needs
word2vec,1.0000001192092896,neither,excerpt
word2vec,1.0,neither,lance
word2vec,0.9972179532051086,shared,enraged
word2vec,1.0000001192092896,neither,fronts
word2vec,0.8599892258644104,shared,himself
word2vec,0.05198302119970322,b_only,fortunate
word2vec,0.965728223323822,shared,managed
word2vec,1.0000001192092896,neither,shrine
word2vec,1.0,neither,garbage
word2vec,0.05088311806321144,b_only,murmur
word2vec,1.0,a_only,attitudes
word2vec,1.0,neither,turbocharged
word2vec,1.0,a_only,guitarist
word2vec,0.9959729313850403,shared,grandfather
word2vec,1.0,neither,cassius
word2vec,0.14697904884815216,neither,quicker
word2vec,0.7861828207969666,shared,again
word2vec,1.0000001192092896,a_only,underwent
word2vec,0.9999999403953552,neither,sequences
word2vec,1.0000001192092896,neither,lightfoot
word2vec,0.9942811727523804,shared,enthusiastic
word2vec,-0.04657911881804466,neither,holiest
word2vec,1.0,a_only,aol
word2vec,0.1943856179714203,neither,befitting
word2vec,1.0,neither,attributable
word2vec,0.06826925277709961,b_only,neglect
word2vec,0.9999999403953552,a_only,coup
word2vec,0.9999999403953552,neither,uat
word2vec,1.0000001192092896,neither,backfield
word2vec,1.0,neither,hepatitis
word2vec,0.9999998807907104,neither,vorarlberg
word2vec,1.0,a_only,ali
word2vec,1.0,neither,systematics
word2vec,0.09063228964805603,b_only,invent
word2vec,0.9770424962043762,shared,holes
word2vec,0.9894568920135498,shared,harmony
word2vec,0.17873552441596985,neither,offend
word2vec,-0.03493373841047287,b_only,comin
word2vec,0.196211576461792,neither,distorted
word2vec,0.08148858696222305,neither,feebly
word2vec,1.0,a_only,sulfur
word2vec,0.09161202609539032,b_only,vile
word2vec,0.010247369296848774,neither,powdered
word2vec,-0.05602654069662094,neither,mists
word2vec,1.0000001192092896,a_only,constellation
word2vec,0.9999999403953552,neither,noaa
word2vec,0.013691257685422897,neither,strangest
word2vec,0.9999998807907104,a_only,charges
word2vec,0.9999998807907104,a_only,charlemagne
word2vec,0.04646174609661102,neither,yell
word2vec,1.0000001192092896,a_only,reports
word2vec,0.9795404672622681,shared,sin
word2vec,1.0000001192092896,a_only,generated
word2vec,1.0,neither,tanks
word2vec,0.9856045842170715,shared,joining
word2vec,1.0,neither,onwards
word2vec,0.9972531795501709,shared,perseverance
word2vec,1.0000001192092896,neither,trout
word2vec,0.03262289986014366,neither,pitiful
word2vec,0.9938005805015564,shared,destroyer
word2vec,1.0,neither,cistercian
word2vec,1.0000001192092896,neither,philippe
word2vec,0.9951671361923218,shared,prejudices
word2vec,0.9826335310935974,shared,outward
word2vec,1.0000001192092896,neither,behaviours
word2vec,-0.034679803997278214,b_only,thither
word2vec,0.9999999403953552,neither,absorption
word2vec,1.0,neither,diploma
word2vec,0.9957845211029053,shared,safely
word2vec,0.9999999403953552,neither,poe
word2vec,1.0,neither,gui
word2vec,1.0000001192092896,a_only,coined
word2vec,1.0,neither,microwave
word2vec,1.0,a_only,saharan
word2vec,1.0,neither,con
word2vec,-0.0025924202054739,b_only,5
word2vec,1.0,a_only,indo
word2vec,0.010844483971595764,neither,tramped
word2vec,-0.016599366441369057,neither,reminds
word2vec,0.9999998807907104,neither,spelled
word2vec,-0.030227521434426308,neither,pound
word2vec,0.9999998807907104,neither,galileo
word2vec,1.0,neither,hatch
word2vec,0.982222318649292,shared,delayed
word2vec,1.0,neither,tuna
word2vec,0.9316263198852539,shared,resolution
word2vec,1.0,neither,homoousios
word2vec,0.9999999403953552,a_only,atheistic
word2vec,0.08665201812982559,b_only,bewildered
word2vec,1.0000001192092896,a_only,specific
word2vec,0.08931922912597656,b_only,hungry
word2vec,0.05069621652364731,neither,workman
word2vec,1.0000001192092896,neither,metropolis
word2vec,0.20249952375888824,neither,occupant
word2vec,1.0,a_only,combine
word2vec,1.0,neither,dissolved
word2vec,0.1112988218665123,neither,moody
word2vec,0.9860852360725403,shared,suggested
word2vec,1.0,neither,unto
word2vec,1.0,neither,marr
word2vec,0.9957260489463806,shared,tendency
word2vec,1.0,neither,gaps
word2vec,0.028718752786517143,neither,distressing
word2vec,1.0,a_only,iraq
word2vec,1.0,neither,martyred
word2vec,0.9024014472961426,shared,towards
word2vec,0.10691670328378677,neither,avenger
word2vec,0.9855390787124634,shared,benevolent
word2vec,1.0,a_only,humans
word2vec,1.0,neither,quadratic
word2vec,0.7312353253364563,shared,me
word2vec,0.943825900554657,shared,tail
word2vec,1.0,neither,irishman
word2vec,0.9209951758384705,shared,ben
word2vec,1.0,neither,helium
word2vec,0.9966645836830139,shared,establishment
word2vec,0.9520406126976013,shared,gathered
word2vec,0.9999999403953552,neither,zu
word2vec,1.0000001192092896,neither,collectivist
word2vec,-0.03742363676428795,neither,complaining
word2vec,1.0,neither,idols
word2vec,0.9975781440734863,shared,sex
word2vec,1.0000001192092896,a_only,latitude
word2vec,0.9659411311149597,neither,cheshire
word2vec,1.0000001192092896,a_only,punk
word2vec,0.9906446933746338,shared,accompany
word2vec,0.17300528287887573,b_only,brains
word2vec,1.0,neither,erin
word2vec,1.0,a_only,target
word2vec,0.20703110098838806,neither,hatta
word2vec,0.9999999403953552,a_only,plutarch
word2vec,0.9999483227729797,shared,von
word2vec,0.9605793952941895,shared,breathing
word2vec,1.0,neither,blooms
word2vec,0.9905454516410828,shared,unusual
word2vec,-0.09222668409347534,neither,overtook
word2vec,0.23440589010715485,neither,blest
word2vec,0.9402340054512024,shared,earth
word2vec,0.9981352090835571,shared,available
word2vec,0.991559624671936,shared,powder
word2vec,1.0,neither,drought
word2vec,0.9786940813064575,shared,explanation
word2vec,0.09571274369955063,neither,respectability
word2vec,0.9999998807907104,neither,inconclusive
word2vec,1.0,neither,cadillac
word2vec,1.0,neither,endeavor
word2vec,0.9652794003486633,shared,cloud
word2vec,0.9845135807991028,shared,movement
word2vec,0.010218856856226921,neither,prettier
word2vec,0.9965574145317078,shared,wealthy
word2vec,0.9995085000991821,shared,adrian
word2vec,1.0000001192092896,neither,turkmenistan
word2vec,0.9964234828948975,shared,earthquake
word2vec,0.9510838985443115,shared,fun
word2vec,0.9930341243743896,shared,parts
word2vec,1.0,neither,agassiz
word2vec,0.9940006136894226,shared,reasoned
word2vec,1.0000001192092896,a_only,abdomen
word2vec,1.0,neither,canyon
word2vec,0.11379759758710861,neither,cretur
word2vec,-0.007002880796790123,b_only,turtle
word2vec,0.9870697855949402,shared,sufficiently
word2vec,0.06460301578044891,neither,almighty
word2vec,1.0,a_only,km
word2vec,1.0,a_only,cricket
word2vec,1.0,neither,phone
word2vec,0.9919730424880981,shared,kicked
word2vec,1.0,neither,boxing
word2vec,1.0,a_only,appellate
word2vec,0.9999999403953552,a_only,alkali
word2vec,0.9967459440231323,shared,retained
word2vec,0.9999998807907104,neither,biodiversity
word2vec,0.9999999403953552,neither,aesthetics
word2vec,0.18105866014957428,neither,painfully
word2vec,0.9942322373390198,shared,submit
word2vec,-0.10146878659725189,neither,emigrants
word2vec,1.0000001192092896,neither,subgenre
word2vec,0.9999999403953552,a_only,currency
word2vec,1.0,neither,journalists
word2vec,1.0,a_only,automatic
word2vec,0.9999998807907104,neither,peripheral
word2vec,0.9999999403953552,neither,dominate
word2vec,1.0,neither,addict
word2vec,1.0,a_only,astronaut
word2vec,1.0,a_only,assumes
word2vec,1.0,neither,hottest
word2vec,1.0,a_only,proudhon
word2vec,0.9999999403953552,neither,hoxha
word2vec,1.0,neither,restrict
word2vec,1.0000001192092896,neither,mediated
word2vec,-0.10108157992362976,neither,tangled
word2vec,0.9999999403953552,neither,devanagari
word2vec,0.02609887905418873,b_only,dusty
word2vec,1.0,a_only,antiproton
word2vec,1.0,neither,nabokov
word2vec,0.9950147867202759,shared,throne
word2vec,0.9012925624847412,shared,fast
word2vec,0.9835295677185059,shared,grab
word2vec,1.0,a_only,booth
word2vec,1.0,a_only,universe
word2vec,1.0,a_only,modulation
word2vec,1.0,a_only,germans
word2vec,0.9788419008255005,shared,special
word2vec,0.9837607145309448,shared,base
word2vec,0.9999998807907104,neither,cortex
word2vec,1.0000001192092896,a_only,civic
word2vec,1.0,a_only,differs
word2vec,0.21502292156219482,neither,poignant
word2vec,0.8946930766105652,shared,board
word2vec,0.8022864460945129,shared,there
word2vec,0.07667893916368484,b_only,sublime
word2vec,1.0,a_only,respond
word2vec,0.13253477215766907,neither,captive
word2vec,1.0000001192092896,neither,purge
word2vec,-0.12253950536251068,b_only,polished
word2vec,0.08386688679456711,b_only,stepfather
word2vec,1.0,neither,declining
word2vec,0.9332262873649597,shared,different
word2vec,1.0,a_only,promote
word2vec,0.9896933436393738,shared,dried
word2vec,1.0000001192092896,a_only,annually
word2vec,-0.08457349240779877,b_only,verses
word2vec,1.0000001192092896,a_only,helen
word2vec,1.0,neither,eubank
word2vec,-0.2702989876270294,neither,sway
word2vec,1.0,neither,catalonia
word2vec,1.0000001192092896,a_only,astrology
word2vec,-0.10100601613521576,neither,panther
word2vec,0.9904820322990417,shared,steering
word2vec,0.16361625492572784,neither,abhor
word2vec,1.0,a_only,atheism
word2vec,1.0,neither,gt
word2vec,1.0000001192092896,a_only,academy
word2vec,1.0000001192092896,neither,ghazni
word2vec,0.9632183909416199,shared,bought
word2vec,0.9925264716148376,shared,withdraw
word2vec,-0.02083701267838478,neither,lookin
word2vec,0.884228527545929,shared,tiger
word2vec,0.9816338419914246,shared,treasures
word2vec,0.9999999403953552,neither,zulu
word2vec,0.9956395030021667,shared,attractions
word2vec,0.9999998807907104,neither,desecration
word2vec,1.0,a_only,published
word2vec,0.9205861687660217,shared,kiss
word2vec,0.9999999403953552,neither,abdications
word2vec,0.9848395586013794,shared,whence
word2vec,0.19947807490825653,neither,snore
word2vec,0.9965344667434692,shared,inherited
word2vec,-0.028277672827243805,neither,superb
word2vec,1.0,neither,sean
word2vec,0.9999998807907104,neither,cites
word2vec,1.0,neither,feminists
word2vec,0.07949314266443253,neither,jaw
word2vec,0.12193404138088226,neither,freckled
word2vec,0.9968293905258179,shared,explains
word2vec,1.0000001192092896,a_only,raymond
word2vec,0.8106159567832947,shared,more
word2vec,0.9999999403953552,a_only,suggesting
word2vec,0.9982813000679016,shared,conditions
word2vec,0.9496781229972839,shared,drunk
word2vec,0.1567676067352295,b_only,anyhow
word2vec,1.0,neither,lexical
word2vec,1.0000001192092896,a_only,ethiopia
word2vec,1.0000001192092896,a_only,parks
word2vec,0.06600471585988998,neither,employments
word2vec,0.9999999403953552,a_only,saints
word2vec,0.1502140611410141,neither,treading
word2vec,0.1522655487060547,neither,thoughtless
word2vec,0.15853837132453918,b_only,hunsford
word2vec,1.0,neither,mycenaean
word2vec,-0.08910563588142395,neither,petting
word2vec,1.0000001192092896,a_only,iliad
word2vec,0.985312819480896,shared,congregation
word2vec,0.8704798221588135,shared,pirate
word2vec,0.9999999403953552,neither,therapeutic
word2vec,1.0000001192092896,neither,theft
word2vec,1.0,a_only,status
word2vec,0.9879618883132935,shared,position
word2vec,0.933520495891571,shared,hundred
word2vec,1.0,neither,supervision
word2vec,1.0,neither,que
word2vec,0.1551913172006607,neither,presumption
word2vec,0.9692499041557312,shared,fill
word2vec,0.9871702194213867,shared,stretching
word2vec,1.0000001192092896,neither,multiplied
word2vec,1.0,neither,piety
word2vec,1.0,a_only,vol
word2vec,-0.09589362889528275,neither,moons
word2vec,1.0000001192092896,a_only,occurring
word2vec,1.0,neither,judgments
word2vec,0.06665846705436707,neither,moan
word2vec,0.15128938853740692,neither,ryder
word2vec,1.0,neither,burgundy
word2vec,0.15720120072364807,b_only,wander
word2vec,0.964198648929596,shared,situation
word2vec,1.0,a_only,orbitals
word2vec,0.9972727298736572,shared,nations
word2vec,0.9999999403953552,a_only,damage
word2vec,0.965629518032074,shared,anywhere
word2vec,0.9984663724899292,shared,junior
word2vec,0.9794872999191284,shared,library
word2vec,0.9999999403953552,a_only,municipalities
word2vec,0.9999999403953552,a_only,ep
word2vec,0.9752249121665955,shared,exercise
word2vec,1.0,neither,ez
word2vec,0.9999998807907104,neither,tutuila
word2vec,0.9951992630958557,shared,generation
word2vec,0.9813401699066162,shared,minded
word2vec,-0.06709444522857666,b_only,towel
word2vec,1.0,neither,hospitals
word2vec,0.9913580417633057,shared,client
word2vec,1.0,neither,puzzles
word2vec,1.0000001192092896,neither,ratios
word2vec,0.8442562818527222,shared,key
word2vec,1.0000001192092896,neither,publishes
word2vec,0.10676582902669907,neither,instinctive
word2vec,0.9999998807907104,a_only,nicene
word2vec,1.0,neither,acupuncturists
word2vec,0.9999999403953552,a_only,da
word2vec,1.0000001192092896,neither,railways
word2vec,0.10381446778774261,neither,creaking
word2vec,1.0000001192092896,neither,atrophy
word2vec,1.0,neither,tense
word2vec,0.9872954487800598,shared,badly
word2vec,1.0,a_only,asteroids
word2vec,0.98072350025177,shared,visited
word2vec,1.0000001192092896,a_only,surprisingly
word2vec,0.9999998807907104,a_only,accessible
word2vec,0.9999999403953552,neither,firstly
word2vec,-0.019399825483560562,neither,winced
word2vec,0.9964478015899658,shared,images
word2vec,0.9999999403953552,a_only,titled
word2vec,0.9999998807907104,a_only,calculus
word2vec,1.0000001192092896,a_only,scholarly
word2vec,0.9999998807907104,neither,derivatives
word2vec,1.0000001192092896,neither,continuo
word2vec,0.09416676312685013,neither,noses
word2vec,1.0000001192092896,a_only,density
word2vec,0.7944109439849854,shared,if
word2vec,0.9923800826072693,shared,buzz
word2vec,0.9999998807907104,neither,organize
word2vec,1.0,neither,temporal
word2vec,0.9999998807907104,neither,peikoff
word2vec,1.0,neither,cnn
word2vec,0.868183970451355,shared,however
word2vec,0.9999999403953552,a_only,imagery
word2vec,1.0,neither,ric
word2vec,0.008439316414296627,b_only,smiling
word2vec,1.0,a_only,aphrodite
word2vec,1.0000001192092896,neither,condom
word2vec,1.0000001192092896,neither,gnostics
word2vec,0.019946683198213577,neither,recoiled
word2vec,1.0,neither,drukqs
word2vec,0.9505825042724609,shared,kings
word2vec,-0.06028948351740837,b_only,uz
word2vec,0.9871203899383545,shared,exhausted
word2vec,0.983363687992096,shared,matters
word2vec,1.0,neither,hume
word2vec,0.018429012969136238,neither,nichols
word2vec,0.9964016079902649,shared,celestial
word2vec,1.0000001192092896,neither,endemic
word2vec,1.0000001192092896,neither,unarable
word2vec,0.9999999403953552,neither,freud
word2vec,1.0000001192092896,neither,par
word2vec,1.0,neither,innings
word2vec,0.8700957298278809,shared,long
word2vec,1.0000001192092896,neither,sigismund
word2vec,0.980743408203125,shared,soap
word2vec,1.0,neither,permutation
word2vec,0.22959062457084656,neither,lays
word2vec,0.017909999936819077,b_only,austen
word2vec,1.0000001192092896,a_only,physicists
word2vec,1.0,a_only,municipality
word2vec,1.0,neither,hostage
word2vec,1.0,neither,besieged
word2vec,-0.09276807308197021,b_only,spoon
word2vec,-0.10908658057451248,b_only,bending
word2vec,0.28046539425849915,neither,rejoicing
word2vec,1.0,neither,bermuda
word2vec,0.9985477924346924,neither,prudence
word2vec,1.0,a_only,vogt
word2vec,1.0,a_only,defeats
word2vec,-0.15452302992343903,b_only,sigh
word2vec,0.9775868058204651,shared,plane
word2vec,1.0000001192092896,a_only,colspan
word2vec,0.9757618308067322,shared,voyage
word2vec,0.8420887589454651,shared,dance
word2vec,1.0000001192092896,a_only,dissociation
word2vec,0.9866464138031006,shared,guide
word2vec,0.9915925860404968,shared,method
word2vec,1.0,a_only,physics
word2vec,1.0000001192092896,neither,crosses
word2vec,1.0000001192092896,neither,constituencies
word2vec,0.06928211450576782,b_only,haunted
word2vec,0.2462616264820099,neither,hypnotise
word2vec,-0.025663284584879875,neither,comer
word2vec,1.0,a_only,eric
word2vec,0.6841686964035034,shared,so
word2vec,1.0000001192092896,a_only,nelson
word2vec,1.0000001192092896,a_only,embassy
word2vec,0.9962571263313293,shared,largest
word2vec,0.9999999403953552,neither,cooler
word2vec,0.9946396350860596,shared,tax
word2vec,0.9773243069648743,shared,insects
word2vec,0.9895432591438293,shared,undoubtedly
word2vec,1.0000001192092896,a_only,coppola
word2vec,1.0,neither,laos
word2vec,1.0,neither,esther
word2vec,0.19537067413330078,neither,howled
word2vec,1.0,a_only,syndrome
word2vec,0.0172328632324934,neither,sweeps
word2vec,1.0000001192092896,a_only,expelled
word2vec,0.9862870573997498,shared,xv
word2vec,0.10018598288297653,b_only,hesitated
word2vec,1.0000001192092896,a_only,rates
word2vec,1.0000001192092896,a_only,contributing
word2vec,1.0000001192092896,a_only,huns
word2vec,1.0,a_only,advancement
word2vec,0.9890110492706299,shared,shakespeare
word2vec,-0.014241362921893597,b_only,elbows
word2vec,1.0,a_only,acapulco
word2vec,0.9856281876564026,shared,reception
word2vec,0.015909073874354362,neither,intrude
word2vec,1.0000001192092896,neither,investigators
word2vec,0.9999999403953552,a_only,scholar
word2vec,0.9972586035728455,shared,courier
word2vec,0.03846167027950287,neither,stabbed
word2vec,0.10255811363458633,neither,vault
word2vec,0.9347376227378845,shared,free
word2vec,0.12023809552192688,neither,knots
word2vec,0.9778503179550171,shared,language
word2vec,1.0,neither,archeological
word2vec,-0.11146530508995056,neither,oyster
word2vec,0.1380154937505722,neither,persevering
word2vec,0.9727454781532288,shared,banks
word2vec,0.9999999403953552,a_only,aided
word2vec,0.9889941811561584,shared,captured
word2vec,1.0,neither,dental
word2vec,1.0000001192092896,a_only,circa
word2vec,1.0,neither,sturmgewehr
word2vec,-0.03669295087456703,neither,mistaking
word2vec,1.0,neither,mounting
word2vec,0.9999999403953552,neither,demonstrate
word2vec,0.9931553602218628,shared,entitled
word2vec,1.0000001192092896,a_only,camera
word2vec,0.9420468807220459,shared,wait
word2vec,0.9999999403953552,a_only,differ
word2vec,0.9999999403953552,a_only,variance
word2vec,0.9999998807907104,neither,hussein
word2vec,0.9638016819953918,shared,wet
word2vec,0.9999999403953552,a_only,theism
word2vec,1.0,a_only,methyl
word2vec,0.07307589799165726,b_only,creep
word2vec,0.9501473903656006,shared,cannot
word2vec,1.0,neither,grandmaster
word2vec,1.0,neither,suction
word2vec,1.0000001192092896,neither,cuaron
word2vec,0.9979917407035828,shared,governed
word2vec,0.967349648475647,shared,record
word2vec,0.9999999403953552,a_only,algebraic
word2vec,1.0,a_only,tract
word2vec,1.0,a_only,lacked
word2vec,1.0,neither,barth
word2vec,0.08931545913219452,neither,aye
word2vec,0.05943862348794937,b_only,hearty
word2vec,0.9782038331031799,shared,chocolate
word2vec,0.9772160649299622,shared,executed
word2vec,0.9302287697792053,shared,creature
word2vec,1.0,neither,alexandra
word2vec,0.9969035983085632,shared,approval
word2vec,1.0,neither,gepids
word2vec,0.9889110326766968,shared,locks
word2vec,-0.06687575578689575,neither,scratching
word2vec,0.9984385967254639,shared,sovereign
word2vec,1.0,a_only,fullback
word2vec,-0.018400000408291817,neither,undiscovered
word2vec,1.0,neither,percussion
word2vec,1.0000001192092896,a_only,ivan
word2vec,0.9291372895240784,shared,brave
word2vec,0.029029661789536476,neither,weakest
word2vec,0.9999998807907104,neither,constructing
word2vec,0.9999999403953552,a_only,homepage
word2vec,0.07234194129705429,b_only,regret
word2vec,0.13404211401939392,neither,utterance
word2vec,1.0000001192092896,a_only,cartridge
word2vec,1.0,a_only,kay
word2vec,0.9999998807907104,a_only,ares
word2vec,1.0,neither,detroit
word2vec,0.13975006341934204,neither,isself
word2vec,0.9999999403953552,neither,menus
word2vec,0.9999999403953552,a_only,euclidean
word2vec,0.11026462912559509,neither,sideways
word2vec,0.9692800045013428,shared,chile
word2vec,0.9999998807907104,neither,thriller
word2vec,1.0000001192092896,a_only,color
word2vec,0.9999998807907104,neither,salinity
word2vec,1.0,neither,analogy
word2vec,0.008888958021998405,neither,haigha
word2vec,0.0921911895275116,neither,detested
word2vec,0.9910433888435364,shared,w
word2vec,1.0,a_only,sina
word2vec,1.0,neither,hor
word2vec,1.0000001192092896,neither,soaring
word2vec,1.0000001192092896,neither,albanians
word2vec,0.9844952821731567,shared,restore
word2vec,0.9830421209335327,shared,suspicious
word2vec,0.993172824382782,shared,appreciate
word2vec,1.0,neither,guaranteed
word2vec,1.0,neither,alemannic
word2vec,1.0,neither,humanists
word2vec,0.9950419664382935,shared,disliked
word2vec,0.10154221951961517,neither,speckled
word2vec,0.9924962520599365,shared,ordering
word2vec,1.0,neither,understands
word2vec,0.9999998807907104,neither,newcomers
word2vec,0.9748882055282593,shared,degrees
word2vec,0.9962149858474731,shared,acceptance
word2vec,0.9999999403953552,a_only,mosaic
word2vec,0.9536038637161255,shared,sick
word2vec,0.9622192978858948,shared,deeply
word2vec,1.0,neither,mobility
word2vec,1.0,neither,applets
word2vec,-0.15408319234848022,b_only,curly
word2vec,0.2445073425769806,b_only,wolves
word2vec,0.9999998807907104,neither,digit
word2vec,0.8985903859138489,shared,watson
word2vec,0.9999999403953552,a_only,johann
word2vec,0.9999999403953552,a_only,sudan
word2vec,0.8668631911277771,shared,low
word2vec,0.8464887738227844,shared,boy
word2vec,-0.12518902122974396,b_only,laughter
word2vec,1.0,a_only,orbital
word2vec,1.0,neither,connors
word2vec,0.9999999403953552,neither,alcmene
word2vec,0.9967257976531982,shared,northern
word2vec,0.9999999403953552,neither,commutative
word2vec,0.12237679213285446,neither,portmanteau
word2vec,1.0,neither,gatherers
word2vec,0.9999999403953552,neither,acronyms
word2vec,1.0,a_only,gear
word2vec,1.0,neither,rationalism
word2vec,0.9999999403953552,neither,ip
word2vec,0.9959816932678223,shared,deliberate
word2vec,1.0,neither,merging
word2vec,-0.004358423408120871,neither,woodpile
word2vec,0.9999999403953552,a_only,manufactured
word2vec,1.0000001192092896,neither,ultra
word2vec,1.0,neither,timing
word2vec,0.9852808713912964,shared,crowds
word2vec,1.0,a_only,handling
word2vec,0.020822633057832718,b_only,sorrowful
word2vec,1.0000001192092896,neither,clusters
word2vec,0.8720600008964539,shared,count
word2vec,1.0,neither,memoir
word2vec,-0.07417427748441696,b_only,jarvis
word2vec,1.0,a_only,amine
word2vec,1.0,neither,violating
word2vec,0.9960343837738037,shared,brief
word2vec,0.9924749732017517,shared,etc
word2vec,0.922021210193634,shared,fair
word2vec,1.0,a_only,li
word2vec,0.9999998807907104,neither,contradiction
word2vec,0.996161937713623,shared,crowned
word2vec,0.1012008860707283,neither,accomplishments
word2vec,1.0,neither,byzantines
word2vec,1.0000001192092896,neither,industrialized
word2vec,0.9880210757255554,shared,mar
word2vec,0.1542380303144455,neither,ropes
word2vec,1.0,neither,journeys
word2vec,0.9178175926208496,shared,side
word2vec,1.0,neither,gentiles
word2vec,1.0000001192092896,a_only,ff
word2vec,0.06561248004436493,neither,bloated
word2vec,0.9999998807907104,a_only,defenses
word2vec,0.9927945137023926,shared,brighton
word2vec,0.06078428402543068,neither,hitch
word2vec,1.0,a_only,liberation
word2vec,0.986412763595581,shared,tremendous
word2vec,1.0000001192092896,a_only,ch
word2vec,0.9939305186271667,shared,folk
word2vec,1.0,neither,aleuts
word2vec,1.0,neither,fluctuations
word2vec,1.0,neither,metamorphosis
word2vec,1.0,neither,sixtus
word2vec,1.0000001192092896,neither,kicks
word2vec,0.9583992958068848,shared,beds
word2vec,1.0,neither,indonesian
word2vec,0.9986705183982849,neither,belly
word2vec,0.22028695046901703,b_only,faculties
word2vec,0.9887080788612366,shared,reasons
word2vec,1.0,neither,framing
word2vec,1.0,neither,successes
word2vec,1.0,neither,telephus
word2vec,1.0,neither,verifiable
word2vec,0.9999999403953552,a_only,estimates
word2vec,1.0,neither,mtv
word2vec,-0.02300535887479782,b_only,flashed
word2vec,0.1355743110179901,neither,watery
word2vec,0.9994124174118042,shared,diseases
word2vec,0.9886747598648071,shared,grounds
word2vec,0.9990021586418152,shared,germany
word2vec,0.9671626091003418,shared,fashioned
word2vec,1.0000001192092896,neither,maximus
word2vec,0.8031690120697021,shared,be
word2vec,0.9958224892616272,shared,publicly
word2vec,0.9530189633369446,shared,aside
word2vec,0.9956929683685303,shared,coins
word2vec,1.0,neither,raped
word2vec,0.996601402759552,shared,accusation
word2vec,1.0,neither,vineyard
word2vec,0.989686131477356,shared,attract
word2vec,1.0000001192092896,a_only,kasparov
word2vec,0.9616624712944031,shared,loss
word2vec,0.9991495013237,shared,forests
word2vec,-0.00684745330363512,b_only,stake
word2vec,0.8252390623092651,shared,yes
word2vec,0.9869979023933411,shared,jeff
word2vec,0.9899004101753235,shared,plantation
word2vec,0.9733707308769226,shared,kindly
word2vec,0.7161388397216797,shared,am
word2vec,0.9969517588615417,shared,occupy
word2vec,1.0,a_only,acoustics
word2vec,0.07692770659923553,neither,roast
word2vec,1.0,neither,overlooking
word2vec,0.9833577275276184,shared,stands
word2vec,0.9504162669181824,shared,soft
word2vec,1.0,neither,iff
word2vec,1.0,a_only,structured
word2vec,0.9920964241027832,shared,bits
word2vec,0.04911169409751892,neither,purring
word2vec,-0.10000384598970413,neither,loafers
word2vec,1.0,neither,prevalence
word2vec,0.19597800076007843,neither,unearthly
word2vec,-0.07846304774284363,b_only,wagon
word2vec,0.9845224618911743,shared,receive
word2vec,0.9999999403953552,a_only,quote
word2vec,0.9935290813446045,shared,shared
word2vec,0.9934951066970825,shared,risk
word2vec,0.8268867135047913,shared,away
word2vec,0.9940008521080017,shared,comedy
word2vec,1.0,a_only,corinthians
word2vec,1.0,neither,tanzania
word2vec,1.0,neither,anasazi
word2vec,1.0,neither,novella
word2vec,1.0,neither,mechanization
word2vec,1.0,neither,ravages
word2vec,0.019431082531809807,b_only,hearted
word2vec,-0.0588354617357254,neither,obedient
word2vec,1.0,a_only,critique
word2vec,0.043232351541519165,neither,amuse
word2vec,1.0000001192092896,a_only,missions
word2vec,0.040023233741521835,b_only,paddle
word2vec,0.9708344340324402,shared,bury
word2vec,-0.04434136673808098,neither,bolts
word2vec,1.0000001192092896,a_only,il
word2vec,0.9999999403953552,neither,cca
word2vec,1.0000001192092896,neither,jubal
word2vec,0.9980925917625427,shared,local
word2vec,0.8136095404624939,shared,ll
word2vec,0.17304272949695587,neither,feigned
word2vec,1.0000001192092896,neither,picirilli
word2vec,1.0,a_only,orbits
word2vec,1.0,a_only,saudi
word2vec,0.979515552520752,shared,elderly
word2vec,0.9719329476356506,shared,forty
word2vec,0.9894317388534546,shared,win
word2vec,1.0,neither,qatar
word2vec,-0.11268492043018341,neither,wringing
word2vec,-0.06688990443944931,b_only,fooling
word2vec,0.9999999403953552,neither,sergio
word2vec,-0.10689029842615128,b_only,sombre
word2vec,1.0,a_only,unified
word2vec,0.9999999403953552,neither,valens
word2vec,1.0000001192092896,a_only,houston
word2vec,0.8561127185821533,shared,thing
word2vec,0.9997872710227966,shared,reject
word2vec,0.9999999403953552,neither,hagar
word2vec,1.0,neither,glycine
word2vec,0.07949428260326385,neither,mortar
word2vec,1.0,a_only,reich
word2vec,0.9999999403953552,neither,brunswick
word2vec,0.9999999403953552,neither,passer
word2vec,0.9999999403953552,a_only,andr
word2vec,0.786018967628479,shared,made
word2vec,0.8994663953781128,shared,trees
word2vec,1.0,neither,rigidity
word2vec,-0.0029867286793887615,b_only,theirs
word2vec,0.9587449431419373,shared,evidently
word2vec,0.07034991681575775,neither,cinderella
word2vec,0.9980887174606323,shared,beads
word2vec,0.9879796504974365,shared,concern
word2vec,0.9985338449478149,shared,fewer
word2vec,1.0,neither,fission
word2vec,0.05292650684714317,neither,avenues
word2vec,0.9943159818649292,shared,revival
word2vec,0.9895623922348022,shared,finds
word2vec,1.0,neither,mixcolumns
word2vec,1.0000001192092896,a_only,anniversary
word2vec,0.9999998807907104,neither,petrie
word2vec,0.9659090638160706,shared,perceived
word2vec,0.33712220191955566,neither,fancying
word2vec,1.0,a_only,rifles
word2vec,1.0000001192092896,a_only,applet
word2vec,0.017690684646368027,neither,ast
word2vec,0.9322699308395386,shared,cut
word2vec,1.0000001192092896,neither,vfl
word2vec,0.0490630604326725,neither,stealthy
word2vec,0.9999998807907104,neither,powell
word2vec,0.9479033350944519,shared,dry
word2vec,0.9999999403953552,a_only,khan
word2vec,-0.10167023539543152,b_only,emigrant
word2vec,0.9812887907028198,shared,chief
word2vec,0.9654617309570312,shared,heaven
word2vec,0.9971401691436768,shared,numbers
word2vec,1.0000001192092896,a_only,adds
word2vec,0.9354898929595947,shared,worked
word2vec,0.990922212600708,shared,reader
word2vec,0.910453200340271,shared,form
word2vec,1.0000001192092896,neither,bulgaria
word2vec,0.9934279918670654,shared,fame
word2vec,1.0,a_only,pre
word2vec,1.0000001192092896,a_only,minnesota
word2vec,0.8369103074073792,shared,were
word2vec,0.8874605894088745,shared,sudden
word2vec,0.9999999403953552,neither,gum
word2vec,0.9827342629432678,shared,vanity
word2vec,1.0,a_only,asia
word2vec,0.07850594073534012,neither,disappear
word2vec,0.0043580736964941025,b_only,disposed
word2vec,1.0000001192092896,a_only,du
word2vec,1.0000001192092896,a_only,java
word2vec,-0.026452746242284775,neither,vivacity
word2vec,0.9999999403953552,neither,donations
word2vec,0.9924473762512207,shared,chapel
word2vec,0.9999998807907104,a_only,weekly
word2vec,0.9022213816642761,shared,hill
word2vec,1.0000001192092896,a_only,cession
word2vec,1.0,a_only,settlements
word2vec,0.9999998807907104,neither,audiobook
word2vec,0.9640868306159973,shared,storm
word2vec,0.9999999403953552,neither,syn
word2vec,1.0,neither,nadir
word2vec,1.0,neither,nigerian
word2vec,1.0000001192092896,a_only,indirect
word2vec,1.0,neither,waterway
word2vec,0.20638148486614227,neither,collinses
word2vec,0.9838593602180481,shared,keen
word2vec,0.9838578104972839,shared,wheel
word2vec,0.9967581033706665,shared,rival
word2vec,0.9144270420074463,shared,afterwards
word2vec,1.0,neither,recorder
word2vec,0.9954360127449036,shared,infancy
word2vec,1.0,neither,scout
word2vec,0.9937351942062378,shared,consulted
word2vec,1.0000001192092896,neither,exporting
word2vec,0.9325639009475708,shared,permission
word2vec,1.0,a_only,murders
word2vec,0.1264103800058365,neither,appalling
word2vec,1.0,a_only,finals
word2vec,1.0,neither,archaeologist
word2vec,0.9970643520355225,shared,purposely
word2vec,0.9964587092399597,shared,allowing
word2vec,1.0,a_only,armenia
word2vec,1.0000001192092896,neither,unrelated
word2vec,1.0000001192092896,neither,vibrant
word2vec,0.016558954492211342,neither,thames
word2vec,1.0,a_only,korea
word2vec,1.0,neither,staging
word2vec,0.869019091129303,shared,bed
word2vec,1.0,neither,sectional
word2vec,0.031276460736989975,b_only,civility
word2vec,1.0000001192092896,neither,charleston
word2vec,0.9384567141532898,shared,pain
word2vec,0.061971381306648254,neither,transaction
word2vec,1.0,a_only,oxygen
word2vec,0.1117529422044754,neither,sereth
word2vec,0.9437677264213562,shared,least
word2vec,1.0,neither,medici
word2vec,1.0,neither,boolean
word2vec,0.966941237449646,shared,friday
word2vec,0.9373782873153687,shared,spring
word2vec,0.9975398778915405,neither,demons
word2vec,1.0,a_only,ayn
word2vec,0.8806775212287903,shared,hall
word2vec,0.9630852937698364,shared,douglas
word2vec,0.002285345923155546,neither,hating
word2vec,0.9336084127426147,shared,shock
word2vec,1.0,neither,giovanni
word2vec,1.0,neither,flexible
word2vec,0.9999999403953552,neither,pretext
word2vec,0.9999998807907104,neither,agrees
word2vec,0.1581539362668991,b_only,frock
word2vec,0.16734255850315094,b_only,neverland
word2vec,0.9999999403953552,a_only,context
word2vec,0.16757532954216003,neither,beggar
word2vec,0.025365594774484634,neither,comrades
word2vec,0.9999999403953552,a_only,martin
word2vec,0.9808862805366516,shared,stamped
word2vec,1.0,a_only,elect
word2vec,1.0,neither,wickets
word2vec,1.0,neither,workplace
word2vec,1.0000001192092896,neither,humanoid
word2vec,0.9883254766464233,shared,guilty
word2vec,1.0,a_only,ada
word2vec,1.0000001192092896,neither,flute
word2vec,0.02821815386414528,neither,swam
word2vec,0.9983728528022766,shared,substitute
word2vec,0.9576459527015686,shared,easily
word2vec,0.14164067804813385,neither,skipping
word2vec,1.0,neither,evaluated
word2vec,1.0000001192092896,neither,massacres
word2vec,0.9942136406898499,shared,virtuous
word2vec,0.994511067867279,shared,holds
word2vec,1.0,neither,prefect
word2vec,1.0,neither,aetius
word2vec,0.9488003253936768,shared,hot
word2vec,1.0,neither,gustav
word2vec,0.8690313696861267,shared,though
word2vec,1.0,neither,tibetan
word2vec,0.07840993255376816,neither,oddly
word2vec,0.9886860251426697,shared,bid
word2vec,0.9999999403953552,a_only,frac
word2vec,1.0,a_only,musicians
word2vec,0.28119099140167236,b_only,sah
word2vec,1.0,a_only,sects
word2vec,0.9999999403953552,a_only,deity
word2vec,0.9521721601486206,shared,pursued
word2vec,0.11825636029243469,b_only,armchair
word2vec,0.9875186085700989,shared,mirror
word2vec,1.0000001192092896,a_only,develops
word2vec,1.0,a_only,election
word2vec,1.0000001192092896,neither,serbian
word2vec,1.0,a_only,orwell
word2vec,1.0,neither,vasily
word2vec,1.0000001192092896,a_only,winner
word2vec,1.0,a_only,ph
word2vec,1.0,neither,goa
word2vec,0.9999998807907104,neither,leopold
word2vec,0.11266418546438217,neither,merryweather
word2vec,1.0,neither,newsgroup
word2vec,0.054693322628736496,neither,abusing
word2vec,1.0000001192092896,a_only,resemble
word2vec,1.0,a_only,hrer
word2vec,-0.020355122163891792,neither,29
word2vec,1.0,neither,catkins
word2vec,-0.00147215963806957,neither,unsteady
word2vec,1.0,neither,ackroyd
word2vec,0.09180374443531036,neither,dimmed
word2vec,0.19582286477088928,neither,foreman
word2vec,0.1277146339416504,neither,sweeter
word2vec,-0.050282105803489685,b_only,shudder
word2vec,0.03634873405098915,neither,unavailing
word2vec,0.8802450895309448,shared,bell
word2vec,-0.17672860622406006,neither,beheaded
word2vec,1.0,neither,borderline
word2vec,1.0,a_only,overall
word2vec,0.9970548748970032,shared,uses
word2vec,0.9943723678588867,shared,sailed
word2vec,0.9999999403953552,a_only,sheikh
word2vec,1.0000001192092896,a_only,andrei
word2vec,-0.02106666751205921,b_only,dimly
word2vec,1.0000001192092896,a_only,david
word2vec,1.0,neither,warlords
word2vec,0.9915255904197693,shared,hank
word2vec,1.0,a_only,agave
word2vec,1.0000001192092896,neither,archaic
word2vec,0.9999999403953552,a_only,fascist
word2vec,0.9966433048248291,shared,handwriting
word2vec,0.9165465831756592,shared,country
word2vec,1.0,neither,banner
word2vec,-0.06536450237035751,neither,slithy
word2vec,1.0,neither,backup
word2vec,1.0000001192092896,neither,annihilate
word2vec,1.0,a_only,austria
word2vec,0.07782088965177536,b_only,yer
word2vec,0.9911086559295654,shared,discovering
word2vec,1.0000001192092896,a_only,dreyfus
word2vec,0.9970641136169434,shared,fires
word2vec,1.0,neither,disney
word2vec,1.0,neither,toffler
word2vec,1.0000001192092896,a_only,serbia
word2vec,0.9706807136535645,shared,riding
word2vec,-0.06672680377960205,b_only,keenly
word2vec,1.0,a_only,ankara
word2vec,1.0,a_only,individuals
word2vec,0.9758079648017883,shared,law
word2vec,0.9875220060348511,shared,liberty
word2vec,0.16592378914356232,neither,insanity
word2vec,1.0,neither,fifteenth
word2vec,0.9967684745788574,shared,insufficient
word2vec,0.9999999403953552,neither,aspiration
word2vec,0.9811487793922424,shared,sheets
word2vec,0.1393294781446457,neither,soda
word2vec,1.0,a_only,elections
word2vec,0.9966721534729004,shared,turkey
word2vec,1.0000001192092896,neither,herd
word2vec,0.02355160191655159,b_only,bye
word2vec,1.0,a_only,forums
word2vec,0.7100254893302917,shared,re
word2vec,0.9953135251998901,shared,prosperity
word2vec,0.018142296001315117,neither,licking
word2vec,1.0,a_only,ss
word2vec,0.9593324065208435,shared,jumped
word2vec,1.0000001192092896,neither,efficiently
word2vec,0.9999998807907104,neither,aquatic
word2vec,0.9999998807907104,neither,diffraction
word2vec,0.07975886017084122,neither,loo
word2vec,0.04782421141862869,neither,herr
word2vec,0.9999999403953552,neither,psychiatrist
word2vec,1.0,neither,depict
word2vec,0.1030554324388504,neither,compunction
word2vec,0.9796680212020874,shared,repeat
word2vec,1.0,neither,stalinist
word2vec,0.9999998807907104,a_only,ban
word2vec,0.22940807044506073,neither,masts
word2vec,1.0000001192092896,a_only,finalist
word2vec,0.09780535101890564,b_only,dis
word2vec,1.0000001192092896,neither,scenario
word2vec,0.13748818635940552,neither,needless
word2vec,1.0000001192092896,a_only,phi
word2vec,0.9899417757987976,shared,advantages
word2vec,0.9836639165878296,shared,pressing
word2vec,1.0,a_only,julius
word2vec,0.04842196777462959,b_only,orgies
word2vec,0.3213607668876648,neither,walworth
word2vec,0.99769526720047,shared,refer
word2vec,1.0,a_only,revenue
word2vec,1.0,neither,ansbach
word2vec,1.0,neither,deluge
word2vec,1.0000001192092896,neither,pebbles
word2vec,0.9986041784286499,shared,advocate
word2vec,0.9740315675735474,shared,respectable
word2vec,1.0,neither,transmitter
word2vec,0.9999998807907104,neither,slovenia
word2vec,0.9804433584213257,shared,pronounced
word2vec,0.9745668172836304,shared,eleven
word2vec,1.0,a_only,amhr
word2vec,0.011710315011441708,b_only,comply
word2vec,0.998443603515625,shared,element
word2vec,0.9904674887657166,shared,captivity
word2vec,0.9287093877792358,shared,ears
word2vec,1.0000001192092896,neither,crusades
word2vec,1.0000001192092896,neither,kingship
word2vec,1.0000001192092896,neither,plagues
word2vec,0.9999999403953552,a_only,inter
word2vec,1.0000001192092896,a_only,statistical
word2vec,1.0,a_only,ahmad
word2vec,1.0,neither,hebron
word2vec,0.1504209339618683,neither,hurting
word2vec,0.9105774760246277,shared,mark
word2vec,1.0000001192092896,neither,michel
word2vec,0.9957358241081238,shared,beach
word2vec,-0.023335184901952744,neither,awluz
word2vec,0.9999998807907104,neither,cuts
word2vec,1.0,neither,persepolis
word2vec,0.9999998807907104,a_only,physicians
word2vec,0.12247724831104279,neither,werter
word2vec,0.12997020781040192,b_only,glimpse
word2vec,0.8167757391929626,shared,to
word2vec,1.0,a_only,celtic
word2vec,-0.09374644607305527,neither,contrived
word2vec,0.7953187227249146,shared,looked
word2vec,0.09670792520046234,neither,toiled
word2vec,0.9973689317703247,shared,territory
word2vec,1.0000001192092896,neither,emissions
word2vec,1.0000001192092896,neither,coercive
word2vec,1.0,a_only,actively
word2vec,1.0,neither,countless
word2vec,1.0,neither,worms
word2vec,1.0000001192092896,neither,meteorite
word2vec,1.0,neither,negatively
word2vec,0.9391170740127563,shared,colour
word2vec,0.11251605302095413,neither,spirited
word2vec,1.0000001192092896,neither,levitt
word2vec,0.110465869307518,neither,oar
word2vec,0.02304019220173359,neither,lament
word2vec,-0.08817009627819061,neither,xxiii
word2vec,1.0,a_only,zone
word2vec,0.9551649689674377,shared,handed
word2vec,0.024151884019374847,b_only,monstrous
word2vec,0.9823630452156067,shared,elapsed
word2vec,1.0,a_only,oriental
word2vec,1.0000001192092896,a_only,chloroplasts
word2vec,1.0000001192092896,neither,costly
word2vec,0.8550368547439575,shared,think
word2vec,1.0000001192092896,a_only,isomers
word2vec,1.0,neither,dedication
word2vec,0.9362326860427856,shared,rolled
word2vec,0.9318576455116272,shared,broken
word2vec,1.0000001192092896,a_only,ceres
word2vec,-0.06640097498893738,neither,cheering
word2vec,0.1668730527162552,neither,laudanum
word2vec,0.9969028234481812,shared,tended
word2vec,-0.05518370121717453,neither,mare
word2vec,-0.0014769397675991058,neither,vigour
word2vec,1.0,a_only,colonists
word2vec,0.12409748882055283,neither,doubly
word2vec,0.981423556804657,shared,yard
word2vec,0.9960828423500061,shared,improvements
word2vec,0.9588130712509155,shared,loaded
word2vec,0.918989360332489,shared,red
word2vec,1.0,a_only,emma
word2vec,0.9967842698097229,shared,observer
word2vec,-0.11509095877408981,b_only,muff
word2vec,0.9892691969871521,shared,portion
word2vec,1.0,a_only,atlantic
word2vec,0.012179428711533546,neither,dashing
word2vec,0.9015271663665771,shared,cold
word2vec,1.0,a_only,eddie
word2vec,0.9999998807907104,neither,dostoevsky
word2vec,0.9888509511947632,shared,tribe
word2vec,1.0,neither,barbarians
word2vec,1.0,neither,quotations
word2vec,0.9821934103965759,shared,whispers
word2vec,1.0000001192092896,neither,openings
word2vec,0.011533815413713455,b_only,hammer
word2vec,0.963819146156311,shared,lives
word2vec,0.03566408529877663,neither,aunty
word2vec,-0.05560046061873436,neither,imbued
word2vec,1.0,neither,cinematic
word2vec,0.10591502487659454,neither,goody
word2vec,0.8765477538108826,shared,speak
word2vec,0.9999998807907104,neither,stylized
word2vec,0.9284276962280273,shared,fly
word2vec,1.0000001192092896,a_only,meighen
word2vec,1.0,a_only,hudson
word2vec,0.9999999403953552,neither,kuril
word2vec,1.0,neither,rdoba
word2vec,0.9999998807907104,neither,overland
word2vec,1.0000001192092896,neither,botswana
word2vec,0.9931217432022095,neither,extremity
word2vec,0.09669747203588486,neither,reconciled
word2vec,1.0,neither,implying
word2vec,1.0,neither,bibles
word2vec,0.13776226341724396,b_only,mist
word2vec,0.9996093511581421,shared,militia
word2vec,0.9949270486831665,shared,injury
word2vec,1.0000001192092896,a_only,celebration
word2vec,1.0000001192092896,neither,rttemberg
word2vec,0.34943515062332153,neither,gaiters
word2vec,0.9950096011161804,shared,clergyman
word2vec,1.0000001192092896,a_only,sided
word2vec,1.0,a_only,orient
word2vec,0.9654735326766968,shared,sprang
word2vec,0.025121986865997314,b_only,drank
word2vec,0.9786393642425537,shared,nation
word2vec,1.0000001192092896,a_only,genus
word2vec,0.9968912601470947,neither,healed
word2vec,1.0000001192092896,neither,hispanic
word2vec,0.019186869263648987,neither,dowling
word2vec,0.9688094258308411,shared,pillow
word2vec,0.971215009689331,shared,farmer
word2vec,0.9827496409416199,shared,burnt
word2vec,0.9999999403953552,a_only,billion
word2vec,0.9874723553657532,shared,infamous
word2vec,1.0,neither,bradley
word2vec,0.9858571290969849,shared,summoned
word2vec,0.011024130508303642,b_only,motionless
word2vec,0.21503682434558868,neither,steward
word2vec,0.9720878601074219,shared,office
word2vec,1.0,a_only,reformed
word2vec,0.16116800904273987,neither,penny
word2vec,0.19075797498226166,neither,triumphant
word2vec,1.0000001192092896,neither,vertically
word2vec,0.996841549873352,shared,grows
word2vec,1.0,neither,eco
word2vec,0.8968239426612854,shared,begin
word2vec,0.9999999403953552,a_only,hymns
word2vec,0.9555791616439819,shared,sharply
word2vec,1.0,a_only,psychology
word2vec,0.040038641542196274,neither,discontented
word2vec,0.9252016544342041,shared,answered
word2vec,1.0000001192092896,a_only,crystalline
word2vec,1.0,neither,marker
word2vec,1.0,neither,mein
word2vec,0.9677978754043579,shared,mothers
word2vec,1.0,a_only,samoan
word2vec,0.03131601959466934,neither,melt
word2vec,0.05359719693660736,neither,packard
word2vec,1.0000001192092896,neither,dysfunction
word2vec,1.0,a_only,saturn
word2vec,0.9932459592819214,shared,customary
word2vec,0.9999999403953552,neither,rites
word2vec,0.0816575139760971,neither,lan
word2vec,1.0000001192092896,neither,ulus
word2vec,0.017384497448801994,neither,locking
word2vec,0.9983174204826355,shared,growth
word2vec,0.9999999403953552,a_only,rice
word2vec,1.0,neither,visigoth
word2vec,0.9919378161430359,neither,suppress
word2vec,0.9892230033874512,shared,ash
word2vec,1.0,neither,revolutions
word2vec,0.9979940056800842,shared,communications
word2vec,1.0,a_only,vietnam
word2vec,0.8586822152137756,shared,ran
word2vec,0.994978129863739,shared,universal
word2vec,0.9999998807907104,neither,lionel
word2vec,1.0,a_only,dramatically
word2vec,1.0,neither,thebans
word2vec,0.28547871112823486,neither,fervour
word2vec,0.049606867134571075,neither,quickest
word2vec,0.9905608892440796,shared,sighted
word2vec,0.9994296431541443,shared,cape
word2vec,1.0,a_only,census
word2vec,0.9999998807907104,a_only,diagnostic
word2vec,0.9713999032974243,shared,terms
word2vec,1.0,a_only,bayer
word2vec,0.06402888894081116,b_only,defarge
word2vec,1.0,neither,szasz
word2vec,0.9842712879180908,shared,persuaded
word2vec,0.9999999403953552,neither,malik
word2vec,1.0000001192092896,neither,aeneid
word2vec,0.9925708174705505,shared,seconds
word2vec,1.0,neither,eduardo
word2vec,1.0,neither,detailing
word2vec,0.9883896112442017,shared,slope
word2vec,0.9918373823165894,shared,divided
word2vec,1.0,neither,manpower
word2vec,0.21094843745231628,neither,blossoms
word2vec,1.0,a_only,digestive
word2vec,1.0000001192092896,neither,disapproved
word2vec,0.1872883439064026,b_only,shattered
word2vec,0.10559642314910889,neither,humming
word2vec,0.97416752576828,shared,jacket
word2vec,1.0,a_only,satirical
word2vec,0.23061546683311462,neither,hund
word2vec,1.0000001192092896,neither,cyclic
word2vec,0.9999999403953552,a_only,coral
word2vec,0.9896719455718994,shared,youthful
word2vec,0.9865390062332153,shared,u
word2vec,1.0,neither,zeppelin
word2vec,0.07348550856113434,neither,unfolded
word2vec,0.9865695834159851,shared,star
word2vec,1.0,neither,descendant
word2vec,1.0000001192092896,a_only,frankish
word2vec,0.7991865873336792,shared,down
word2vec,0.9988412261009216,shared,situated
word2vec,1.0000001192092896,neither,leftist
word2vec,0.9041287302970886,shared,lit
word2vec,1.0000001192092896,neither,earnings
word2vec,1.0,neither,bicycle
word2vec,1.0000001192092896,a_only,melting
word2vec,0.9999999403953552,neither,reproduction
word2vec,-0.02695084922015667,neither,quickness
word2vec,1.0,neither,poses
word2vec,1.0000001192092896,a_only,uke
word2vec,0.9948909878730774,shared,transparent
word2vec,0.050584543496370316,neither,indignity
word2vec,1.0,a_only,berry
word2vec,0.1148587167263031,b_only,disagreeable
word2vec,1.0,a_only,administered
word2vec,1.0,neither,correlation
word2vec,0.9400736689567566,shared,path
word2vec,1.0,neither,phases
word2vec,0.9843089580535889,shared,united
word2vec,-0.14062416553497314,neither,fender
word2vec,0.9966198205947876,shared,lasts
word2vec,-0.03871745243668556,b_only,knowed
word2vec,1.0000001192092896,a_only,pop
word2vec,1.0,neither,seventeenth
word2vec,0.9957053065299988,shared,dramatic
word2vec,0.9841983318328857,shared,fat
word2vec,1.0,neither,cpu
word2vec,0.06945072114467621,neither,sabbath
word2vec,1.0,neither,marxist
word2vec,0.9999999403953552,neither,rigorous
word2vec,1.0000001192092896,a_only,adaptation
word2vec,1.0000001192092896,neither,drill
word2vec,0.07199493795633316,neither,oppressive
word2vec,0.11138560622930527,b_only,prisons
word2vec,0.9976310729980469,shared,italian
word2vec,1.0000001192092896,neither,dunstan
word2vec,0.935059666633606,shared,stop
word2vec,0.9999998807907104,neither,personalities
word2vec,1.0,a_only,extinct
word2vec,1.0,a_only,basketball
word2vec,1.0,neither,ovary
word2vec,0.040492165833711624,b_only,cab
word2vec,0.9871910214424133,shared,emotion
word2vec,-0.03282884135842323,neither,sneaked
word2vec,0.9711463451385498,shared,mere
word2vec,1.0,neither,chemically
word2vec,1.0000001192092896,neither,syllabaries
word2vec,0.9747444987297058,shared,pushed
word2vec,1.0,a_only,azerbaijan
word2vec,1.0,neither,rk
word2vec,0.23654890060424805,neither,moaning
word2vec,1.0000001192092896,a_only,planets
word2vec,1.0,a_only,constitute
word2vec,0.996066153049469,shared,chord
word2vec,1.0,neither,tracts
word2vec,0.9809985160827637,shared,overcome
word2vec,1.0,neither,poisons
word2vec,0.9852465391159058,shared,mild
word2vec,0.03289737179875374,b_only,witches
word2vec,0.9999999403953552,a_only,ab
word2vec,1.0000001192092896,neither,checks
word2vec,1.0000001192092896,a_only,glaciers
word2vec,0.10346884280443192,b_only,whisky
word2vec,0.9999999403953552,a_only,vulnerable
word2vec,0.9979120492935181,shared,descending
word2vec,-0.015155027620494366,b_only,shone
word2vec,0.1190253272652626,neither,brandon
word2vec,0.9940003156661987,shared,shorthand
word2vec,1.0000001192092896,neither,medusa
word2vec,0.8811537027359009,shared,raised
word2vec,0.022845564410090446,neither,shadowy
word2vec,1.0,neither,transmissions
word2vec,1.0,a_only,mcclellan
word2vec,1.0,neither,guillaume
word2vec,0.9913621544837952,shared,aiming
word2vec,0.9951546788215637,shared,blinded
word2vec,1.0,neither,strom
word2vec,0.8333659768104553,shared,big
word2vec,0.9999999403953552,neither,vermont
word2vec,1.0,a_only,expanding
word2vec,0.9996066093444824,shared,tension
word2vec,1.0000001192092896,neither,cognition
word2vec,0.9999999403953552,a_only,combustion
word2vec,-0.09506339579820633,b_only,wash
word2vec,0.8818857073783875,shared,island
word2vec,0.9887029528617859,shared,idle
word2vec,0.9591753482818604,shared,appearance
word2vec,0.0734192281961441,neither,guv
word2vec,1.0,neither,burrow
word2vec,0.13978148996829987,b_only,coronet
word2vec,0.9981002807617188,shared,cultivation
word2vec,0.049336988478899,b_only,stealing
word2vec,1.0,neither,alligators
word2vec,0.9825296998023987,shared,apparently
word2vec,1.0,a_only,delaware
word2vec,1.0,neither,cameo
word2vec,0.012375903315842152,b_only,smiled
word2vec,0.9984170198440552,shared,discussion
word2vec,0.9999999403953552,neither,apocr
word2vec,0.0913262814283371,neither,screech
word2vec,0.008522153832018375,b_only,tootles
word2vec,0.306818425655365,neither,flirtation
word2vec,0.13309630751609802,neither,dunlap
word2vec,1.0000001192092896,neither,underworld
word2vec,-0.08692698180675507,neither,pacing
word2vec,0.9952453970909119,shared,forces
word2vec,0.8599884510040283,shared,opened
word2vec,0.9969343543052673,shared,dies
word2vec,1.0,a_only,aspects
word2vec,0.988222062587738,shared,niece
word2vec,1.0,neither,kate
word2vec,0.8786188960075378,shared,six
word2vec,1.0000001192092896,a_only,supporting
word2vec,0.9981140494346619,neither,distinguishing
word2vec,0.9942982196807861,shared,respected
word2vec,0.23889698088169098,neither,simpleton
word2vec,0.9999998807907104,a_only,amateur
word2vec,0.999675452709198,shared,ex
word2vec,0.8999289870262146,shared,asked
word2vec,1.0000001192092896,neither,peasantry
word2vec,0.9999999403953552,a_only,angles
word2vec,0.8833860754966736,shared,certainly
word2vec,1.0,neither,abdication
word2vec,0.9988813400268555,shared,sympathetic
word2vec,0.9680576324462891,shared,notion
word2vec,0.060455746948719025,neither,injustice
word2vec,1.0,neither,familial
word2vec,0.9988248348236084,shared,cells
word2vec,0.9838058352470398,shared,event
word2vec,1.0,neither,specialty
word2vec,0.10786659270524979,b_only,somewheres
word2vec,1.0000001192092896,neither,catastrophic
word2vec,0.18863515555858612,neither,comforted
word2vec,1.0,neither,productions
word2vec,0.9883052706718445,shared,divine
word2vec,-0.02026575617492199,neither,cups
word2vec,0.05852856859564781,b_only,rusty
word2vec,1.0,neither,realization
word2vec,0.959527313709259,shared,carry
word2vec,1.0,a_only,myth
word2vec,0.9999998807907104,a_only,predominantly
word2vec,1.0,a_only,ski
word2vec,0.08292705565690994,neither,expanse
word2vec,1.0,neither,amoeboid
word2vec,0.9974361062049866,shared,refrain
word2vec,0.10840743780136108,neither,affront
word2vec,0.9808369874954224,shared,mate
word2vec,0.9641261696815491,shared,gets
word2vec,1.0,neither,sued
word2vec,1.0,neither,trump
word2vec,0.1622367799282074,neither,flapped
word2vec,0.9999999403953552,a_only,humorous
word2vec,0.9999999403953552,neither,ko
word2vec,0.021947739645838737,neither,emblem
word2vec,1.0000001192092896,neither,heuristic
word2vec,0.15706725418567657,neither,anywheres
word2vec,0.9999998807907104,a_only,decreased
word2vec,0.9927241802215576,shared,subjects
word2vec,0.9985346794128418,shared,signature
word2vec,0.9990596771240234,shared,serves
word2vec,0.10597389191389084,neither,wearily
word2vec,1.0000001192092896,a_only,ruling
word2vec,0.9758767485618591,shared,especially
word2vec,1.0,a_only,asphalt
word2vec,1.0,a_only,proven
word2vec,1.0,neither,naturalists
word2vec,0.9999998807907104,neither,athletic
word2vec,-0.0499822236597538,b_only,stooped
word2vec,0.07866429537534714,neither,advertise
word2vec,0.9983805418014526,shared,army
word2vec,1.0,neither,poseidon
word2vec,0.05589551106095314,neither,uproar
word2vec,0.2736625075340271,neither,fours
word2vec,1.0,a_only,contains
word2vec,0.9999999403953552,neither,illyrians
word2vec,0.9936338067054749,shared,compose
word2vec,0.9964259266853333,shared,crushing
word2vec,0.9988242983818054,shared,involve
word2vec,0.16181105375289917,neither,swum
word2vec,-0.01754702627658844,neither,unintelligible
word2vec,0.9275137186050415,shared,fall
word2vec,1.0000001192092896,neither,tributaries
word2vec,0.12444661557674408,neither,traitor
word2vec,0.964794397354126,shared,hidden
word2vec,0.9907960295677185,shared,shapes
word2vec,1.0,neither,budo
word2vec,1.0,neither,albion
word2vec,0.9929322004318237,shared,dense
word2vec,0.02347489632666111,b_only,mos
word2vec,0.9999999403953552,neither,folding
word2vec,0.9907116293907166,shared,tribunal
word2vec,1.0,neither,masterpiece
word2vec,1.0,a_only,maintained
word2vec,1.0,a_only,egypt
word2vec,0.9921972155570984,shared,becomes
word2vec,1.0,a_only,footballer
word2vec,1.0000001192092896,neither,brisbane
word2vec,0.9674212336540222,shared,habit
word2vec,0.9999999403953552,neither,randolph
word2vec,-0.03591509908437729,neither,worsted
word2vec,0.05849219113588333,neither,benefactor
word2vec,1.0000001192092896,a_only,constitutes
word2vec,1.0000001192092896,a_only,olympics
word2vec,1.0,neither,photophone
word2vec,1.0000001192092896,a_only,monastic
word2vec,1.0,a_only,administration
word2vec,0.9963546395301819,shared,declaration
word2vec,1.0,neither,stradella
word2vec,0.9999999403953552,a_only,iranian
word2vec,0.24625323712825775,neither,denounce
word2vec,0.9122365713119507,shared,bent
word2vec,0.018959231674671173,b_only,lazy
word2vec,1.0,a_only,translation
word2vec,0.8042521476745605,shared,are
word2vec,0.9744173288345337,shared,bearing
word2vec,1.0,a_only,agents
word2vec,0.01504211314022541,neither,pitiable
word2vec,1.0,neither,asner
word2vec,1.0,neither,iodine
word2vec,1.0,neither,boulder
word2vec,1.0,a_only,avicenna
word2vec,1.0000001192092896,a_only,functions
word2vec,1.0000001192092896,a_only,consist
word2vec,1.0,a_only,populated
word2vec,1.0,neither,nippon
word2vec,1.0,neither,dinger
word2vec,-0.01210547424852848,neither,inspection
word2vec,0.09274907410144806,b_only,pemberley
word2vec,0.9974517822265625,neither,proofs
word2vec,1.0,neither,fabric
word2vec,0.9999998807907104,neither,slew
word2vec,0.8141133189201355,shared,last
word2vec,1.0,neither,worldview
word2vec,0.9960246682167053,neither,shades
word2vec,1.0000001192092896,a_only,delegates
word2vec,1.0000001192092896,a_only,reactive
word2vec,0.9999998807907104,a_only,attested
word2vec,0.9246639013290405,shared,gang
word2vec,0.9627610445022583,shared,thrust
word2vec,0.8729589581489563,shared,blame
word2vec,1.0000001192092896,a_only,losses
word2vec,1.0,neither,dictionaries
word2vec,1.0000001192092896,a_only,aarhus
word2vec,0.8763286471366882,shared,nor
word2vec,0.9772979021072388,shared,hated
word2vec,0.9999999403953552,neither,developers
word2vec,0.9803011417388916,shared,companions
word2vec,0.8866010904312134,shared,give
word2vec,1.0,a_only,spaces
word2vec,1.0000001192092896,neither,sigurd
word2vec,1.0000001192092896,neither,wesleyan
word2vec,0.9999999403953552,neither,oxus
word2vec,0.8818590044975281,shared,any
word2vec,1.0,a_only,publisher
word2vec,1.0,neither,philosophically
word2vec,1.0000001192092896,neither,intoxication
word2vec,0.9918337464332581,shared,rises
word2vec,0.9971354007720947,shared,treats
word2vec,1.0,neither,sterreich
word2vec,0.061209551990032196,neither,blotted
word2vec,1.0,neither,circumcision
word2vec,1.0000001192092896,neither,calculators
word2vec,0.9966884255409241,shared,western
word2vec,0.9937348365783691,shared,phrase
word2vec,1.0,neither,tides
word2vec,1.0000001192092896,neither,spheres
word2vec,0.9789044857025146,shared,waters
word2vec,1.0,a_only,cambridge
word2vec,1.0000001192092896,a_only,quotes
word2vec,0.9999999403953552,a_only,stanford
word2vec,0.21818310022354126,neither,humility
word2vec,0.9954497218132019,shared,jew
word2vec,0.9880994558334351,shared,inscriptions
word2vec,1.0000001192092896,a_only,excavation
word2vec,0.9507595896720886,shared,altogether
word2vec,1.0000001192092896,a_only,addictive
word2vec,0.9999999403953552,neither,stressed
word2vec,0.996247410774231,shared,signals
word2vec,1.0,neither,energetically
word2vec,1.0,a_only,campaigns
word2vec,0.9379940032958984,shared,waiting
word2vec,0.998012900352478,shared,draws
word2vec,1.0,a_only,donate
word2vec,1.0000001192092896,neither,tyrol
word2vec,-0.030101623386144638,b_only,1
word2vec,0.09675572067499161,neither,inferences
word2vec,-0.0434076264500618,neither,wailing
word2vec,1.0,neither,employing
word2vec,0.9890971779823303,shared,prize
word2vec,1.0000001192092896,a_only,dating
word2vec,0.9952452182769775,shared,games
word2vec,0.9904627203941345,shared,overwhelming
word2vec,1.0,neither,impairment
word2vec,0.10940638929605484,b_only,shuddered
word2vec,0.9936938881874084,shared,arrested
word2vec,1.0,neither,moxibustion
word2vec,0.9950985312461853,shared,pitch
word2vec,1.0000001192092896,neither,therein
word2vec,0.9734037518501282,shared,amusement
word2vec,0.9999998807907104,a_only,controls
word2vec,0.994379997253418,shared,student
word2vec,0.9999999403953552,a_only,richmond
word2vec,0.9999998807907104,neither,chrysostom
word2vec,0.9999998807907104,neither,moderated
word2vec,0.9999999403953552,a_only,annexed
word2vec,-0.031095974147319794,neither,groping
word2vec,0.9999999403953552,a_only,nietzsche
word2vec,-0.08795798569917679,neither,shivering
word2vec,0.12846951186656952,b_only,insist
word2vec,0.9999998807907104,a_only,operators
word2vec,1.0000001192092896,a_only,emirates
word2vec,0.19803766906261444,neither,quickening
word2vec,1.0000001192092896,a_only,genesis
word2vec,1.0,a_only,creed
word2vec,1.0,a_only,philosophical
word2vec,0.07509729266166687,b_only,shrink
word2vec,0.9868302941322327,shared,port
word2vec,0.12891758978366852,neither,troubling
word2vec,1.0000001192092896,neither,diplomats
word2vec,1.0,neither,glen
word2vec,-0.03667787089943886,b_only,8
word2vec,1.0000001192092896,neither,syllabic
word2vec,1.0,neither,forecast
word2vec,1.0,neither,asimov
word2vec,1.0,a_only,christopher
word2vec,0.10979689657688141,b_only,madly
word2vec,0.2017492651939392,neither,bukovina
word2vec,1.0,neither,tertullian
word2vec,-0.2365833818912506,b_only,shouted
word2vec,1.0,neither,dame
word2vec,1.0,neither,militant
word2vec,1.0000001192092896,neither,trent
word2vec,0.9812618494033813,shared,turner
word2vec,1.0000001192092896,neither,sahlins
word2vec,0.17800791561603546,b_only,deserved
word2vec,0.09801360964775085,neither,ransomed
word2vec,0.9756136536598206,shared,belong
word2vec,1.0000001192092896,neither,psalms
word2vec,0.8530558943748474,shared,our
word2vec,1.0,neither,elo
word2vec,0.9497904777526855,shared,revenge
word2vec,1.0,neither,durango
word2vec,0.9999999403953552,neither,mutually
word2vec,1.0,neither,hemp
word2vec,0.9999998807907104,a_only,factbook
word2vec,1.0000001192092896,neither,vitamin
word2vec,-0.021613284945487976,neither,fluttering
word2vec,0.8886990547180176,shared,speaking
word2vec,1.0000001192092896,neither,subfields
word2vec,1.0000001192092896,neither,lodger
word2vec,-0.2178252935409546,b_only,hatter
word2vec,0.9954636096954346,shared,circles
word2vec,1.0,neither,documentation
word2vec,1.0,a_only,assault
word2vec,1.0,neither,spellings
word2vec,1.0000001192092896,neither,gastrointestinal
word2vec,0.9803698062896729,shared,encouraging
word2vec,1.0,a_only,superficial
word2vec,1.0,neither,marlow
word2vec,0.09296061843633652,neither,shrinking
word2vec,1.0,neither,designations
word2vec,0.06952183693647385,neither,gyre
word2vec,-0.0738857090473175,neither,sympathise
word2vec,0.9996604323387146,shared,central
word2vec,0.9999999403953552,neither,forall
word2vec,-0.0036561463493853807,b_only,pinch
word2vec,1.0,a_only,awk
word2vec,1.0,neither,rett
word2vec,1.0000001192092896,neither,evi
word2vec,1.0000001192092896,neither,magnate
word2vec,0.9951586127281189,neither,ud
word2vec,0.9939239621162415,shared,cigarette
word2vec,0.19607612490653992,b_only,damp
word2vec,0.04767116531729698,b_only,holmwood
word2vec,0.9966681003570557,shared,ridges
word2vec,0.9881604909896851,shared,feast
word2vec,1.0,neither,alcaeus
word2vec,0.10088945180177689,neither,impertinence
word2vec,1.0,a_only,occurs
word2vec,0.9972797632217407,shared,unwilling
word2vec,0.9999998807907104,neither,corp
word2vec,0.9928226470947266,shared,oppression
word2vec,1.0,neither,contractual
word2vec,0.9999998807907104,neither,dari
word2vec,0.9915729761123657,shared,eighth
word2vec,0.9999998807907104,neither,nodules
word2vec,0.9554827213287354,shared,swift
word2vec,0.10156161338090897,neither,sharper
word2vec,-0.02261190488934517,neither,warily
word2vec,1.0000001192092896,a_only,atari
word2vec,1.0,neither,niels
word2vec,0.024185186251997948,b_only,tick
word2vec,0.9892975091934204,shared,honor
word2vec,1.0,a_only,dual
word2vec,1.0000001192092896,a_only,verb
word2vec,0.9407061338424683,shared,easy
word2vec,0.9969932436943054,shared,generations
word2vec,1.0,neither,archeology
word2vec,0.06167558208107948,neither,latent
word2vec,0.9966906309127808,shared,omitted
word2vec,0.9903974533081055,shared,calculated
word2vec,0.9889320135116577,shared,rare
word2vec,1.0,neither,torres
word2vec,0.06256324052810669,neither,chatting
word2vec,0.9989150762557983,shared,heated
word2vec,0.9836647510528564,shared,certainty
word2vec,1.0,a_only,albertus
word2vec,0.10630916059017181,b_only,gaiety
word2vec,0.9959308505058289,shared,consists
word2vec,1.0000001192092896,neither,lyre
word2vec,1.0,a_only,settings
word2vec,0.9970250129699707,shared,confronted
word2vec,1.0,a_only,establishes
word2vec,1.0000001192092896,neither,guru
word2vec,0.08098365366458893,neither,distracting
word2vec,1.0,neither,nonexistence
word2vec,0.08912006765604019,neither,bewilderment
word2vec,0.985687255859375,shared,guests
word2vec,1.0,a_only,production
word2vec,0.9892476797103882,shared,remove
word2vec,1.0,neither,wikibooks
word2vec,0.08978120982646942,neither,loneliness
word2vec,0.025009939447045326,neither,perfume
word2vec,0.9357849955558777,shared,given
word2vec,0.21660161018371582,b_only,crush
word2vec,0.991039514541626,shared,crushed
word2vec,0.9502625465393066,shared,rooms
word2vec,0.9997677803039551,shared,unique
word2vec,1.0000001192092896,neither,bays
word2vec,0.9959027767181396,shared,roger
word2vec,1.0,neither,macro
word2vec,0.9885872602462769,shared,notes
word2vec,1.0000001192092896,a_only,optimal
word2vec,1.0000001192092896,a_only,inequality
word2vec,1.0,neither,comets
word2vec,1.0,neither,exams
word2vec,-0.09124607592821121,b_only,likes
word2vec,1.0000001192092896,neither,harbors
word2vec,0.9984260201454163,shared,butler
word2vec,0.9982656836509705,shared,webster
word2vec,1.0,neither,coloring
word2vec,0.9899288415908813,shared,flight
word2vec,1.0000001192092896,a_only,bierce
word2vec,0.9914017915725708,shared,intellect
word2vec,0.9999999403953552,a_only,statute
word2vec,0.9914669394493103,shared,host
word2vec,1.0000001192092896,a_only,isotopes
word2vec,1.0,neither,rap
word2vec,1.0,neither,ayers
word2vec,1.0,neither,informative
word2vec,0.003984799608588219,neither,coastguard
word2vec,0.9382293224334717,shared,carefully
word2vec,0.10379812866449356,b_only,dagger
word2vec,1.0000001192092896,a_only,evangelical
word2vec,0.04141220077872276,neither,folds
word2vec,0.12895384430885315,neither,duly
word2vec,0.2373558133840561,neither,edged
word2vec,0.9672313332557678,shared,number
word2vec,0.02297930233180523,neither,jukes
word2vec,0.9999999403953552,neither,cartoonist
word2vec,0.984572172164917,shared,struggle
word2vec,0.047813549637794495,b_only,plunged
word2vec,0.8007761240005493,shared,friend
word2vec,1.0,neither,morale
word2vec,0.9999998807907104,a_only,rebuilt
word2vec,1.0,neither,commercials
word2vec,0.10606511682271957,neither,wondrous
word2vec,0.11706129461526871,b_only,mina
word2vec,0.8881727457046509,shared,these
word2vec,1.0000001192092896,neither,acidic
word2vec,-0.04665891081094742,b_only,nodded
word2vec,-0.034755174070596695,neither,derision
word2vec,0.995704710483551,shared,dictionary
word2vec,1.0,neither,notoriously
word2vec,0.9999998807907104,neither,diazonium
word2vec,-0.004329190589487553,b_only,hastened
word2vec,1.0,a_only,benedictine
word2vec,-0.01825345866382122,neither,dearly
word2vec,1.0,a_only,gospels
word2vec,0.9927588105201721,shared,lords
word2vec,0.984862208366394,shared,depths
word2vec,1.0,neither,salutis
word2vec,0.9883919358253479,shared,contained
word2vec,1.0000001192092896,a_only,capitalist
word2vec,0.994706928730011,shared,fruits
word2vec,0.9595794677734375,shared,angry
word2vec,1.0,neither,legislatures
word2vec,0.10907309502363205,neither,lingered
word2vec,-0.0273181963711977,neither,unworthy
word2vec,1.0,a_only,strategic
word2vec,0.9961151480674744,shared,aperture
word2vec,0.9999998807907104,a_only,connecting
word2vec,1.0,neither,creditors
word2vec,0.09229061752557755,neither,uncontrollable
word2vec,0.9969550371170044,shared,c
word2vec,0.30247512459754944,neither,marbles
word2vec,1.0,neither,lichens
word2vec,1.0,a_only,farming
word2vec,1.0,neither,tyler
word2vec,0.8469985127449036,shared,duke
word2vec,0.9981356263160706,shared,cope
word2vec,0.9965384006500244,shared,reported
word2vec,1.0,neither,altenberg
word2vec,1.0000001192092896,neither,fis
word2vec,1.0000001192092896,a_only,monastery
word2vec,-0.011994138360023499,b_only,mock
word2vec,0.9999999403953552,a_only,amber
word2vec,1.0,neither,roleplaying
word2vec,1.0000001192092896,a_only,processes
word2vec,0.9967364072799683,shared,confer
word2vec,0.9648187160491943,shared,church
word2vec,1.0,neither,collapsed
word2vec,0.9976733326911926,shared,slam
word2vec,0.9999999403953552,neither,appellant
word2vec,0.9823435544967651,shared,doubtless
word2vec,0.002838865388184786,b_only,cane
word2vec,0.06992077827453613,neither,aloof
word2vec,-0.012980826199054718,neither,dresses
word2vec,-0.00825424026697874,neither,noblest
word2vec,0.28627637028694153,neither,mortals
word2vec,0.9999998807907104,neither,jon
word2vec,0.038688719272613525,b_only,caroline
word2vec,1.0,neither,centres
word2vec,0.9598748683929443,shared,lived
word2vec,0.027264999225735664,neither,fulcrum
word2vec,0.05711906775832176,neither,feller
word2vec,0.9282369017601013,shared,question
word2vec,0.9970881342887878,shared,imperial
word2vec,1.0,a_only,stan
word2vec,0.1837206929922104,neither,amiss
word2vec,1.0000001192092896,a_only,components
word2vec,0.9890608787536621,shared,supported
word2vec,1.0,neither,hawk
word2vec,0.9999999403953552,a_only,annual
word2vec,0.9999998807907104,neither,aquitaine
word2vec,1.0,neither,bracelet
word2vec,0.9935997724533081,shared,openly
word2vec,1.0,a_only,terra
word2vec,0.9747841954231262,shared,superior
word2vec,0.9999999403953552,neither,sparsely
word2vec,0.06928366422653198,b_only,evils
word2vec,0.9999998807907104,a_only,syriac
word2vec,1.0,a_only,database
word2vec,0.14531351625919342,b_only,18
word2vec,1.0,neither,amphibian
word2vec,1.0000001192092896,a_only,brandenburg
word2vec,0.9999998807907104,neither,eel
word2vec,1.0,a_only,communist
word2vec,1.0,neither,fundamentalism
word2vec,1.0000001192092896,neither,exaltation
word2vec,1.0,neither,constituent
word2vec,1.0000001192092896,neither,ascribed
word2vec,0.08328530192375183,neither,heath
word2vec,0.9916994571685791,shared,vice
word2vec,0.9949007034301758,shared,partners
word2vec,0.9904770255088806,shared,gap
word2vec,0.9561331272125244,shared,sought
word2vec,1.0,a_only,cleveland
word2vec,0.9988225698471069,shared,college
word2vec,1.0,a_only,dementia
word2vec,1.0,neither,sisyphus
word2vec,-0.011231239885091782,b_only,merry
word2vec,0.2041357010602951,neither,jolted
word2vec,0.9612363576889038,shared,tools
word2vec,0.9999999403953552,a_only,adelaide
word2vec,0.9999999403953552,a_only,appropriate
word2vec,1.0000001192092896,a_only,disputed
word2vec,0.05450589582324028,neither,invitations
word2vec,1.0,a_only,helicopter
word2vec,0.9999999403953552,neither,csa
word2vec,1.0,a_only,spectrum
word2vec,1.0,a_only,caribbean
word2vec,1.0,a_only,recipient
word2vec,1.0,a_only,airport
word2vec,1.0,a_only,helicopters
word2vec,-0.10298577696084976,neither,beef
word2vec,1.0,neither,begotten
word2vec,0.9999999403953552,neither,maneuver
word2vec,0.8431791663169861,shared,upon
word2vec,0.04189771041274071,b_only,watchman
word2vec,0.9894141554832458,shared,opera
word2vec,0.8764488697052002,shared,ear
word2vec,0.9780412316322327,shared,paint
word2vec,0.8786139488220215,shared,sleep
word2vec,0.16757600009441376,neither,shoemaking
word2vec,0.28480178117752075,neither,poultry
word2vec,0.109648697078228,neither,gentlemanlike
word2vec,0.9873098731040955,shared,levi
word2vec,0.9866153597831726,shared,specially
word2vec,1.0,neither,mongolia
word2vec,1.0000001192092896,neither,petersen
word2vec,0.9999999403953552,a_only,replica
word2vec,0.971307098865509,shared,native
word2vec,1.0,neither,branching
word2vec,0.14659537374973297,b_only,monde
word2vec,1.0000001192092896,neither,prostrate
word2vec,0.23914578557014465,neither,hairs
word2vec,0.9843733310699463,shared,fired
word2vec,0.9374876618385315,shared,self
word2vec,1.0,a_only,heights
word2vec,1.0,neither,reporting
word2vec,0.9567416310310364,shared,bless
word2vec,0.9999999403953552,a_only,factors
word2vec,1.0,neither,norfolk
word2vec,0.99726802110672,neither,deception
word2vec,0.9931282997131348,neither,touches
word2vec,0.981968343257904,shared,pursue
word2vec,0.9999999403953552,a_only,genre
word2vec,1.0000001192092896,neither,posthumously
word2vec,0.9902417063713074,shared,recognised
word2vec,1.0,a_only,continental
word2vec,0.9999998807907104,neither,terminate
word2vec,0.9999999403953552,neither,ripe
word2vec,0.3108021318912506,neither,pompous
word2vec,1.0,neither,triple
word2vec,1.0,neither,torrens
word2vec,0.9937529563903809,shared,scandal
word2vec,0.9890261292457581,shared,boards
word2vec,1.0,a_only,elders
word2vec,0.9999998807907104,neither,deputy
word2vec,1.0000001192092896,neither,porus
word2vec,0.9915812611579895,shared,someone
word2vec,-0.12896761298179626,neither,modesty
word2vec,0.06356652081012726,b_only,protectors
word2vec,0.988379955291748,shared,induce
word2vec,1.0,a_only,bernard
word2vec,1.0,neither,labels
word2vec,0.9999998807907104,a_only,photographs
word2vec,0.06819769740104675,neither,courteous
word2vec,1.0,neither,decisively
word2vec,1.0,neither,kantian
word2vec,0.9915294647216797,shared,pattern
word2vec,1.0000001192092896,a_only,premier
word2vec,0.005866807885468006,neither,infamy
word2vec,-0.0215230043977499,neither,afterward
word2vec,-0.022309526801109314,neither,afresh
word2vec,1.0,neither,reverted
word2vec,0.9999999403953552,a_only,compromise
word2vec,1.0,neither,mabel
word2vec,0.9992449879646301,shared,eastern
word2vec,1.0000001192092896,a_only,neutrality
word2vec,0.9985554218292236,shared,th
word2vec,0.9939279556274414,shared,disaster
word2vec,0.9830756783485413,shared,pump
word2vec,0.9995938539505005,shared,writers
word2vec,1.0000001192092896,neither,textbook
word2vec,1.0,neither,ol
word2vec,1.0000001192092896,a_only,bering
word2vec,0.9700592756271362,shared,struggled
word2vec,0.9940528869628906,shared,prosecution
word2vec,0.9999999403953552,a_only,ideals
word2vec,0.9999998807907104,a_only,benedict
word2vec,-0.07840127497911453,neither,workmen
word2vec,0.949161946773529,shared,goes
word2vec,1.0,neither,turbo
word2vec,0.1414009928703308,neither,smelt
word2vec,1.0,neither,antoni
word2vec,0.18122392892837524,neither,cloudless
word2vec,1.0,neither,exceptionally
word2vec,-0.09050405770540237,neither,inward
word2vec,0.768075168132782,shared,still
word2vec,0.9296634793281555,shared,luck
word2vec,1.0,a_only,based
word2vec,1.0000001192092896,a_only,pakistan
word2vec,0.12013451755046844,neither,courtly
word2vec,1.0,a_only,candidates
word2vec,0.9999999403953552,a_only,broadly
word2vec,0.9095032215118408,shared,body
word2vec,0.13087183237075806,b_only,ef
word2vec,1.0,neither,thermodynamic
word2vec,0.9999999403953552,neither,obituary
word2vec,1.0,neither,erroneously
word2vec,0.12258338928222656,neither,sheffield
word2vec,0.9999998807907104,a_only,justin
word2vec,0.9690722227096558,shared,ha
word2vec,1.0000001192092896,a_only,doubles
word2vec,1.0,a_only,jimmy
word2vec,0.9719783067703247,shared,decidedly
word2vec,1.0,neither,underwater
word2vec,1.0000001192092896,neither,iucn
word2vec,0.9974163174629211,shared,australia
word2vec,0.809991717338562,shared,great
word2vec,0.9999998807907104,a_only,portal
word2vec,0.9991258978843689,shared,comparing
word2vec,0.9430450201034546,shared,nearer
word2vec,1.0000001192092896,a_only,connor
word2vec,1.0,a_only,agricultural
word2vec,1.0000001192092896,neither,alvin
word2vec,1.0,neither,maine
word2vec,1.0,a_only,turing
word2vec,1.0,a_only,al
word2vec,1.0,neither,zermelo
word2vec,0.9929428100585938,shared,resentment
word2vec,1.0,neither,antioch
word2vec,0.9818357825279236,shared,sustained
word2vec,1.0,a_only,licensed
word2vec,0.07680835574865341,b_only,barsad
word2vec,1.0,a_only,velocity
word2vec,0.9999998807907104,a_only,cognitive
word2vec,0.9999999403953552,neither,euphrates
word2vec,0.9999999403953552,neither,agnostids
word2vec,0.24336384236812592,neither,conveniently
word2vec,1.0000001192092896,neither,coordinates
word2vec,-0.06719543784856796,b_only,daring
word2vec,0.9834883809089661,shared,condemned
word2vec,1.0000001192092896,a_only,negotiations
word2vec,0.09879767149686813,b_only,deceived
word2vec,1.0,neither,bowler
word2vec,1.0000001192092896,neither,andean
word2vec,1.0000001192092896,neither,northeastern
word2vec,0.04146072268486023,neither,saluted
word2vec,1.0,a_only,delta
word2vec,1.0,neither,installation
word2vec,0.9929466247558594,shared,preceded
word2vec,0.9823303818702698,shared,bones
word2vec,0.9999999403953552,a_only,ethics
word2vec,1.0,neither,verlag
word2vec,0.9999999403953552,neither,reproductive
word2vec,0.08163980394601822,neither,reins
word2vec,1.0,neither,brigade
word2vec,0.06045384332537651,neither,laboured
word2vec,0.9999999403953552,a_only,reversed
word2vec,0.9224218726158142,shared,anyway
word2vec,0.995611846446991,shared,dates
word2vec,0.9962121844291687,shared,mirrors
word2vec,0.05361238494515419,b_only,distribute
word2vec,0.8418112993240356,shared,at
word2vec,0.08663855493068695,neither,croquet
word2vec,1.0000001192092896,neither,connotation
word2vec,0.9736132025718689,shared,forever
word2vec,0.9709692597389221,shared,corn
word2vec,0.9999998807907104,a_only,walter
word2vec,1.0,neither,iq
word2vec,1.0000001192092896,neither,sirach
word2vec,1.0,a_only,hu
word2vec,1.0,neither,cam
word2vec,0.9999999403953552,neither,amplifier
word2vec,1.0,a_only,coalition
word2vec,0.9862216711044312,shared,cards
word2vec,0.9999998807907104,a_only,exclusively
word2vec,0.9999998807907104,a_only,racism
word2vec,1.0,a_only,locally
word2vec,0.9999999403953552,a_only,rc
word2vec,1.0000001192092896,neither,platonic
word2vec,0.9624641537666321,shared,render
word2vec,0.9999998807907104,neither,nationalrat
word2vec,0.9645968079566956,shared,barred
word2vec,1.0,neither,combating
word2vec,0.19456462562084198,neither,sanity
word2vec,0.9466298818588257,shared,copy
word2vec,0.9965317845344543,shared,olive
word2vec,0.9939864873886108,shared,edges
word2vec,0.995931088924408,shared,safer
word2vec,1.0,neither,transvaal
word2vec,1.0000001192092896,a_only,alabama
word2vec,0.9962349534034729,shared,mystic
word2vec,1.0,a_only,tube
word2vec,0.1945316344499588,neither,landlord
word2vec,1.0,neither,huts
word2vec,0.9999999403953552,neither,detector
word2vec,0.20837688446044922,neither,rub
word2vec,1.0,a_only,trinity
word2vec,0.9985637664794922,shared,fuller
word2vec,0.9996499419212341,shared,hints
word2vec,0.99391770362854,shared,gravel
word2vec,1.0,neither,staple
word2vec,0.9565398097038269,shared,kin
word2vec,0.8723162412643433,shared,strange
word2vec,1.0,neither,jeremy
word2vec,1.0,a_only,references
word2vec,0.005468154326081276,b_only,lookout
word2vec,1.0,neither,bloc
word2vec,0.06577885150909424,neither,ketch
word2vec,0.9563156962394714,shared,rolling
word2vec,1.0,neither,capsule
word2vec,1.0,neither,helpful
word2vec,1.0,neither,isolation
word2vec,0.11741179972887039,b_only,fancy
word2vec,0.042257435619831085,b_only,delightful
word2vec,1.0,neither,pliny
word2vec,1.0,neither,sculptor
word2vec,0.9999998807907104,neither,exiles
word2vec,1.0,a_only,currents
word2vec,0.14550231397151947,neither,sneak
word2vec,1.0,neither,divers
word2vec,0.9692925810813904,shared,preacher
word2vec,0.9999998807907104,a_only,credited
word2vec,1.0,neither,ranger
word2vec,0.9753361344337463,shared,wishes
word2vec,1.0000001192092896,neither,guinness
word2vec,1.0,a_only,concerto
word2vec,-0.051249705255031586,neither,unfavourable
word2vec,0.2505100965499878,neither,villagers
word2vec,0.09215914458036423,neither,barking
word2vec,0.9999999403953552,a_only,scored
word2vec,1.0,neither,skeletons
word2vec,1.0,a_only,alaska
word2vec,0.21332159638404846,neither,hopper
word2vec,0.9999998807907104,a_only,jos
word2vec,1.0,a_only,surveys
word2vec,0.9766940474510193,shared,usually
word2vec,-0.11110494285821915,neither,blinking
word2vec,1.0000001192092896,a_only,ancestor
word2vec,0.13543182611465454,neither,impressions
word2vec,0.9999998807907104,a_only,qquad
word2vec,0.23041267693042755,b_only,tender
word2vec,1.0000001192092896,a_only,component
word2vec,0.09118590503931046,neither,stroked
word2vec,0.9870250821113586,shared,related
word2vec,0.9999998807907104,neither,dozens
word2vec,0.9999998807907104,neither,survives
word2vec,1.0,a_only,reign
word2vec,0.9971432089805603,shared,buildings
word2vec,1.0,a_only,flourished
word2vec,1.0,a_only,alkanes
word2vec,1.0,a_only,founder
word2vec,1.0,neither,dispatched
word2vec,1.0,neither,transcription
word2vec,0.9280655384063721,shared,gay
word2vec,1.0000001192092896,a_only,ammonium
word2vec,1.0000001192092896,a_only,genres
word2vec,0.9933045506477356,shared,furnished
word2vec,1.0,neither,dongell
word2vec,1.0,neither,coke
word2vec,0.9766038060188293,shared,counsel
word2vec,0.997448205947876,shared,survey
word2vec,0.9432125687599182,shared,beside
word2vec,0.9999999403953552,a_only,disability
word2vec,0.9967329502105713,shared,essence
word2vec,1.0,a_only,unification
word2vec,0.9991248250007629,shared,overthrown
word2vec,1.0000001192092896,a_only,prominent
word2vec,0.9988923668861389,shared,et
word2vec,1.0,neither,alban
word2vec,0.9999998807907104,neither,paralipomena
word2vec,0.12144631892442703,b_only,scent
word2vec,0.07991641014814377,neither,fist
word2vec,0.8687795996665955,shared,whilst
word2vec,1.0,a_only,focus
word2vec,0.9951239824295044,shared,youngest
word2vec,1.0000001192092896,neither,proximity
word2vec,1.0000001192092896,a_only,null
word2vec,0.8742762804031372,shared,after
word2vec,0.9922933578491211,shared,application
word2vec,0.996408224105835,shared,supply
word2vec,0.7767176628112793,shared,tone
word2vec,1.0,a_only,corporation
word2vec,0.9592702984809875,shared,aid
word2vec,0.9826051592826843,shared,pot
word2vec,0.9999998807907104,neither,stricter
word2vec,0.9340371489524841,shared,letter
word2vec,0.9999999403953552,a_only,damaged
word2vec,0.9999870657920837,shared,whales
word2vec,1.0000001192092896,a_only,socially
word2vec,1.0,neither,hausa
word2vec,-0.07713859528303146,b_only,soothing
word2vec,0.9905022978782654,shared,v
word2vec,0.1646924763917923,neither,groans
word2vec,-0.030339011922478676,neither,diseased
word2vec,0.13809657096862793,neither,renewal
word2vec,0.06328057497739792,neither,sordid
word2vec,0.9856776595115662,shared,introduce
word2vec,0.9922430515289307,shared,screen
word2vec,0.9591345191001892,shared,wake
word2vec,0.9871485829353333,shared,autumn
word2vec,0.07513102144002914,b_only,walrus
word2vec,0.9999998807907104,a_only,diplomatic
word2vec,0.9802308678627014,shared,mud
word2vec,1.0,neither,goebbels
word2vec,0.9478114247322083,shared,shelf
word2vec,1.0000001192092896,neither,martina
word2vec,1.0000001192092896,neither,devastated
word2vec,0.9607663154602051,shared,antoine
word2vec,1.0000001192092896,neither,gilles
word2vec,0.9992014169692993,shared,acceptable
word2vec,1.0000001192092896,neither,designing
word2vec,0.8416666984558105,shared,saw
word2vec,1.0000001192092896,neither,lowland
word2vec,1.0,neither,anus
word2vec,0.9970923662185669,shared,unnecessary
word2vec,1.0000001192092896,neither,cohn
word2vec,0.9949104189872742,shared,female
word2vec,0.13579818606376648,b_only,auntie
word2vec,0.08233107626438141,b_only,madman
word2vec,0.8637722134590149,shared,fish
word2vec,0.07272064685821533,b_only,lizzy
word2vec,1.0000001192092896,neither,amazon
word2vec,1.0,neither,postulate
word2vec,1.0,a_only,invade
word2vec,0.08067100495100021,neither,spires
word2vec,0.9937472343444824,shared,secured
word2vec,0.9771792888641357,shared,consent
word2vec,0.9999999403953552,neither,justinian
word2vec,0.10762742161750793,b_only,twins
word2vec,1.0,a_only,suburbs
word2vec,1.0,neither,pacifism
word2vec,0.07922729104757309,b_only,whitby
word2vec,1.0000001192092896,a_only,constantinople
word2vec,0.9999998807907104,a_only,vowels
word2vec,1.0000001192092896,neither,addictions
word2vec,0.7632108926773071,shared,your
word2vec,0.8358727693557739,shared,shall
word2vec,0.08197673410177231,b_only,procured
word2vec,0.058649662882089615,neither,calmed
word2vec,1.0,neither,nutrient
word2vec,1.0,neither,jutsu
word2vec,0.9485272765159607,shared,wall
word2vec,0.15783187747001648,b_only,sawed
word2vec,0.9966076612472534,shared,ruby
word2vec,1.0000001192092896,neither,chariot
word2vec,1.0,a_only,infected
word2vec,0.9860859513282776,shared,clerk
word2vec,0.974158763885498,shared,shelter
word2vec,1.0,a_only,discipline
word2vec,1.0,neither,graduated
word2vec,0.9453872442245483,shared,died
word2vec,1.0,neither,scots
word2vec,1.0,neither,qualification
word2vec,0.9939773082733154,shared,quality
word2vec,-0.05014047771692276,neither,vendor
word2vec,1.0,neither,ath
word2vec,0.9999999403953552,a_only,mnd
word2vec,0.9948268532752991,neither,prosecutor
word2vec,0.02813299372792244,b_only,breathless
word2vec,0.9781154990196228,shared,memories
word2vec,0.999424397945404,shared,wheeler
word2vec,0.9999999403953552,neither,salicylic
word2vec,1.0000001192092896,neither,subjective
word2vec,0.9999998807907104,a_only,superorder
word2vec,1.0,neither,backbone
word2vec,1.0,neither,pads
word2vec,0.05553051084280014,neither,ripped
word2vec,1.0,neither,prohibition
word2vec,0.9783116579055786,shared,pulling
word2vec,1.0000001192092896,neither,faction
word2vec,-0.16151072084903717,b_only,picking
word2vec,0.9555625319480896,shared,wants
word2vec,1.0000001192092896,neither,shipped
word2vec,1.0,neither,parameters
word2vec,1.0,a_only,elite
word2vec,0.9835206270217896,shared,firmly
word2vec,1.0000001192092896,neither,hbox
word2vec,1.0000001192092896,neither,romanus
word2vec,0.9928518533706665,shared,characteristic
word2vec,1.0,a_only,environmental
word2vec,0.982586681842804,shared,driven
word2vec,0.9874566793441772,shared,undertake
word2vec,0.09538763016462326,neither,smoothed
word2vec,1.0,neither,gibbon
word2vec,-0.04870143160223961,b_only,lonesome
word2vec,1.0000001192092896,a_only,poems
word2vec,0.0943702831864357,b_only,doan
word2vec,0.9999999403953552,neither,juneau
word2vec,1.0,neither,incorporate
word2vec,1.0,a_only,theologian
word2vec,0.9902425408363342,shared,caused
word2vec,1.0,a_only,es
word2vec,1.0,neither,mia
word2vec,1.0,neither,tapes
word2vec,0.9999998807907104,a_only,abortions
word2vec,1.0,neither,conway
word2vec,1.0,neither,serfdom
word2vec,0.9999999403953552,neither,rogue
word2vec,0.9879720211029053,shared,permit
word2vec,-0.1737636774778366,neither,breasts
word2vec,0.9793837070465088,shared,approach
word2vec,0.1492735594511032,neither,slippers
word2vec,0.9865319728851318,shared,mask
word2vec,0.05171150341629982,neither,coward
word2vec,-0.03826051950454712,b_only,quitted
word2vec,0.9827775359153748,shared,airs
word2vec,-0.11449785530567169,neither,bored
word2vec,1.0000001192092896,neither,lunda
word2vec,0.21017596125602722,neither,rumours
word2vec,0.9999999403953552,a_only,jo
word2vec,1.0000001192092896,neither,thoreau
word2vec,-0.016668112948536873,neither,figured
word2vec,1.0,a_only,versions
word2vec,1.0000001192092896,neither,commissioner
word2vec,0.9946040511131287,shared,desires
word2vec,0.9854201078414917,shared,stained
word2vec,0.09988650679588318,b_only,amidst
word2vec,0.9999998807907104,neither,olympian
word2vec,0.22756023705005646,b_only,citizeness
word2vec,0.996505081653595,shared,contain
word2vec,0.05316951870918274,neither,deserves
word2vec,-0.1059703677892685,neither,frown
word2vec,1.0000001192092896,a_only,invasion
word2vec,0.9999999403953552,a_only,popularity
word2vec,1.0000001192092896,a_only,wallace
word2vec,0.0017646460328251123,b_only,sit
word2vec,0.21044233441352844,neither,mastery
word2vec,1.0,neither,bawerk
word2vec,0.9789488315582275,shared,mercy
word2vec,0.9999999403953552,neither,pastoral
word2vec,0.9804052114486694,shared,barrier
word2vec,0.9912610650062561,shared,maps
word2vec,0.9999999403953552,neither,linnaeus
word2vec,0.1419699788093567,b_only,sunk
word2vec,1.0,a_only,isotope
word2vec,0.9999999403953552,a_only,ames
word2vec,0.040031857788562775,neither,reared
word2vec,0.18937857449054718,neither,mantel
word2vec,0.9890702962875366,shared,trap
word2vec,-0.013754292391240597,neither,terrific
word2vec,0.9999999403953552,neither,quartz
word2vec,0.987643301486969,shared,craft
word2vec,1.0,a_only,casa
word2vec,1.0,a_only,nile
word2vec,0.9954809546470642,neither,meals
word2vec,0.03175780922174454,b_only,crucifix
word2vec,0.9882470965385437,shared,intended
word2vec,0.07417824864387512,neither,ahoy
word2vec,0.10430878400802612,neither,scrap
word2vec,1.0,a_only,carrier
word2vec,1.0000001192092896,a_only,conditional
word2vec,0.9454880356788635,shared,cook
word2vec,1.0,neither,abnormal
word2vec,0.9726232886314392,shared,q
word2vec,1.0,neither,frustrated
word2vec,0.8582137823104858,neither,pequod
word2vec,0.8882073760032654,shared,world
word2vec,1.0000001192092896,a_only,april
word2vec,1.0000001192092896,a_only,semi
word2vec,0.9955462217330933,shared,reveals
word2vec,1.0,neither,shifts
word2vec,0.0531797893345356,neither,torment
word2vec,1.0,neither,infinity
word2vec,0.9870806932449341,shared,backed
word2vec,0.995106041431427,shared,grove
word2vec,0.9999999403953552,a_only,cube
word2vec,1.0,neither,angilbert
word2vec,0.9999999403953552,neither,animator
word2vec,1.0,a_only,respective
word2vec,0.00025018368614837527,neither,quarrelling
word2vec,-0.056357674300670624,neither,bobbing
word2vec,-0.09102396667003632,neither,porch
word2vec,0.909930944442749,shared,show
word2vec,1.0000001192092896,a_only,cycle
word2vec,0.9999999403953552,a_only,nato
word2vec,0.9999999403953552,neither,magician
word2vec,0.9999998807907104,a_only,regime
word2vec,0.9999998807907104,neither,tort
word2vec,1.0000001192092896,a_only,croatian
word2vec,0.9094494581222534,shared,change
word2vec,0.9896718263626099,shared,points
word2vec,0.9848532676696777,shared,hotel
word2vec,1.0000001192092896,neither,appropriately
word2vec,0.9149982333183289,shared,clothes
word2vec,1.0,neither,formalized
word2vec,0.952711820602417,shared,treasure
word2vec,1.0,neither,innitzer
word2vec,0.9999999403953552,a_only,jerusalem
word2vec,1.0,neither,hardness
word2vec,0.08060289919376373,neither,jura
word2vec,0.9999999403953552,neither,psychiatric
word2vec,0.9331972002983093,shared,kill
word2vec,0.10781189054250717,neither,minutely
word2vec,1.0,a_only,featuring
word2vec,0.9870469570159912,shared,inspiration
word2vec,0.9926915168762207,shared,battle
word2vec,1.0,a_only,tropical
word2vec,0.8556298613548279,shared,walked
word2vec,0.15079085528850555,neither,ache
word2vec,0.9990711212158203,shared,campaign
word2vec,1.0,neither,ballots
word2vec,0.9823302030563354,shared,society
word2vec,1.0,a_only,factor
word2vec,0.2208709716796875,neither,constraint
word2vec,0.6177161931991577,shared,i
word2vec,0.9460975527763367,shared,become
word2vec,1.0,neither,aerodynamics
word2vec,0.9654853343963623,shared,purpose
word2vec,0.9910660982131958,shared,prolonged
word2vec,0.013791609555482864,neither,smothered
word2vec,0.9999999403953552,a_only,provides
word2vec,0.9999998807907104,a_only,proponents
word2vec,1.0,a_only,johnson
word2vec,1.0,neither,reilly
word2vec,0.9999999403953552,neither,hayes
word2vec,0.9999999403953552,neither,commentaries
word2vec,0.9393820762634277,shared,gun
word2vec,1.0000001192092896,a_only,interactions
word2vec,0.20377174019813538,b_only,unpleasant
word2vec,0.07113804668188095,b_only,shan
word2vec,0.18829374015331268,neither,landlady
word2vec,0.10419750958681107,neither,gaol
word2vec,0.9424405694007874,shared,surprised
word2vec,1.0,neither,societal
word2vec,0.9981892704963684,shared,probability
word2vec,1.0,a_only,bce
word2vec,0.9999998807907104,a_only,csm
word2vec,0.9602891802787781,shared,stuck
word2vec,0.13528329133987427,neither,tate
word2vec,0.9793711304664612,shared,personal
word2vec,0.9894225597381592,shared,leagues
word2vec,0.9980514645576477,shared,devices
word2vec,0.9999999403953552,a_only,bertrand
word2vec,1.0000001192092896,a_only,warhol
word2vec,0.9789300560951233,shared,message
word2vec,-0.061785995960235596,neither,nuffn
word2vec,1.0,a_only,jordan
word2vec,0.2781789004802704,neither,adieu
word2vec,0.9943491816520691,shared,associate
word2vec,0.03628963232040405,b_only,dorian
word2vec,1.0,neither,recognizable
word2vec,-0.00853199977427721,b_only,yours
word2vec,0.9999998807907104,neither,refrigerator
word2vec,0.08419620245695114,neither,wherefore
word2vec,1.0,neither,annals
word2vec,1.0,neither,dogmas
word2vec,1.0000001192092896,a_only,abscess
word2vec,0.9999999403953552,a_only,negation
word2vec,0.9942436814308167,shared,cracking
word2vec,0.9763399958610535,shared,faster
word2vec,1.0000001192092896,neither,ir
word2vec,0.9999998807907104,neither,enhancement
word2vec,1.0,neither,lb
word2vec,1.0,neither,populous
word2vec,1.0,neither,alt
word2vec,0.9999999403953552,a_only,eichmann
word2vec,1.0000001192092896,a_only,greece
word2vec,0.21344740688800812,b_only,fury
word2vec,0.06305132061243057,neither,familiarity
word2vec,1.0,a_only,comic
word2vec,1.0000001192092896,neither,trajectory
word2vec,0.9999998807907104,neither,illustrates
word2vec,0.9928660988807678,shared,relation
word2vec,0.9949256181716919,shared,west
word2vec,0.9999999403953552,neither,harvested
word2vec,0.9984759092330933,shared,shift
word2vec,0.9984818696975708,shared,achieved
word2vec,1.0,neither,tens
word2vec,-0.060163144022226334,neither,scenery
word2vec,0.9478940367698669,shared,less
word2vec,1.0,neither,nagel
word2vec,1.0,a_only,practices
word2vec,0.9999999403953552,neither,counterparts
word2vec,0.9978099465370178,shared,mistakes
word2vec,0.9981858134269714,shared,everyone
word2vec,1.0,neither,nano
word2vec,1.0,neither,attacker
word2vec,0.11464069038629532,neither,inducement
word2vec,0.045222941786050797,b_only,kissed
word2vec,1.0,neither,predictable
word2vec,1.0000001192092896,neither,neurologist
word2vec,0.9999998807907104,a_only,fluid
word2vec,0.9934925436973572,shared,weaken
word2vec,0.09881044924259186,b_only,shrieked
word2vec,0.9999998807907104,a_only,restricted
word2vec,0.9643211960792542,shared,bacon
word2vec,0.06455923616886139,neither,misgivings
word2vec,0.14808472990989685,b_only,lunch
word2vec,1.0000001192092896,neither,usd
word2vec,0.9999998807907104,neither,naturalized
word2vec,1.0000001192092896,a_only,kevin
word2vec,0.9964460134506226,shared,directing
word2vec,0.9883630275726318,shared,difficulties
word2vec,0.1520535796880722,neither,forbearance
word2vec,0.9999998807907104,neither,physiological
word2vec,0.0420963391661644,neither,chimneys
word2vec,1.0,neither,deficit
word2vec,0.9023892879486084,shared,knife
word2vec,0.9999999403953552,neither,jessica
word2vec,0.0024387005250900984,neither,tangle
word2vec,0.07882774621248245,neither,trim
word2vec,0.9701671004295349,shared,useful
word2vec,0.9974215626716614,shared,cylinder
word2vec,0.9311653971672058,shared,venture
word2vec,1.0000001192092896,a_only,tested
word2vec,0.9889951348304749,shared,spanish
word2vec,0.9999998807907104,neither,subproblems
word2vec,1.0,neither,catalogue
word2vec,0.9988563060760498,shared,qualified
word2vec,0.12647010385990143,b_only,gratitude
word2vec,1.0,a_only,fascism
word2vec,0.9999998807907104,a_only,franco
word2vec,1.0000001192092896,neither,coherent
word2vec,0.7251944541931152,shared,gray
word2vec,1.0000001192092896,neither,pact
word2vec,0.9999998807907104,a_only,creative
word2vec,1.0000001192092896,neither,commented
word2vec,1.0000001192092896,neither,disciple
word2vec,0.9999999403953552,neither,pls
word2vec,0.9979001879692078,shared,contrasted
word2vec,1.0,neither,lat
word2vec,0.9705618619918823,shared,letting
word2vec,1.0000001192092896,neither,libertarians
word2vec,0.02565992809832096,neither,brace
word2vec,1.0,a_only,funded
word2vec,0.9999999403953552,neither,ntliche
word2vec,0.9999999403953552,neither,ryan
word2vec,0.18351201713085175,b_only,goin
word2vec,0.9822675585746765,shared,utterly
word2vec,0.9799712896347046,shared,killer
word2vec,1.0,neither,patriarch
word2vec,0.9780007004737854,shared,aspect
word2vec,1.0,a_only,tombs
word2vec,0.9516841173171997,shared,simple
word2vec,0.9950506091117859,neither,packing
word2vec,0.9999998807907104,neither,pejorative
word2vec,-0.1078205406665802,b_only,gravely
word2vec,-0.035503681749105453,b_only,eloquent
word2vec,0.9999998807907104,neither,leviticus
word2vec,1.0000001192092896,neither,hms
word2vec,0.9999999403953552,a_only,cern
word2vec,1.0000001192092896,neither,dogma
word2vec,1.0,neither,islets
word2vec,0.9999998807907104,a_only,allah
word2vec,1.0000001192092896,neither,paraguay
word2vec,1.0,neither,zur
word2vec,0.9999998807907104,neither,germain
word2vec,1.0,neither,stemming
word2vec,-0.24042339622974396,b_only,wretch
word2vec,-0.06661783158779144,b_only,nay
word2vec,0.9236383438110352,shared,english
word2vec,0.9934087991714478,shared,educated
word2vec,0.8887112140655518,shared,ship
word2vec,-0.026583105325698853,b_only,agitated
word2vec,1.0,neither,altering
word2vec,1.0,neither,mustafa
word2vec,0.04772825911641121,b_only,apiece
word2vec,1.0,a_only,ed
word2vec,0.9885833859443665,shared,burden
word2vec,0.9056840538978577,shared,themselves
word2vec,0.9803519248962402,shared,pin
word2vec,1.0,neither,tectonic
word2vec,0.9416266679763794,shared,difference
word2vec,0.9828470349311829,shared,removed
word2vec,1.0,neither,nonstandard
word2vec,0.9999999403953552,neither,assassinate
word2vec,0.9304710626602173,shared,stranger
word2vec,0.9920109510421753,shared,weird
word2vec,0.8912490606307983,shared,master
word2vec,1.0,neither,mongol
word2vec,1.0,a_only,harold
word2vec,1.0,neither,terrestrial
word2vec,0.05832883343100548,neither,revolver
word2vec,1.0,neither,davy
word2vec,0.9976482391357422,shared,dismissed
word2vec,0.9999999403953552,neither,coating
word2vec,0.1202874481678009,neither,infallibly
word2vec,0.10323052108287811,b_only,miserable
word2vec,0.9425103664398193,shared,having
word2vec,0.2055702954530716,b_only,recollected
word2vec,0.9999998807907104,a_only,nebraska
word2vec,0.9622959494590759,shared,ease
word2vec,1.0,neither,din
word2vec,1.0000001192092896,a_only,auto
word2vec,1.0000001192092896,a_only,proteins
word2vec,0.008247049525380135,neither,grandly
word2vec,1.0000001192092896,a_only,budget
word2vec,0.9224907159805298,shared,scene
word2vec,-0.085401751101017,b_only,thrill
word2vec,1.0,neither,bourne
word2vec,0.9621806144714355,shared,mixed
word2vec,1.0000001192092896,neither,substituted
word2vec,0.9859271049499512,shared,wanting
word2vec,1.0,neither,croatia
word2vec,0.9980242252349854,shared,activity
word2vec,0.9933068156242371,shared,sal
word2vec,1.0,neither,tierra
word2vec,0.8506422638893127,shared,has
word2vec,1.0,neither,apiaceae
word2vec,0.9728311896324158,shared,stern
word2vec,0.1262076050043106,neither,detain
word2vec,0.08040007948875427,neither,strung
word2vec,0.871728241443634,shared,soon
word2vec,-0.03669664263725281,b_only,hellish
word2vec,1.0,neither,incorrectly
word2vec,1.0,neither,margrave
word2vec,1.0,a_only,distinctive
word2vec,0.8963919281959534,shared,william
word2vec,0.9999999403953552,a_only,unions
word2vec,1.0,neither,cole
word2vec,0.13412116467952728,neither,dictate
word2vec,1.0000001192092896,neither,akad
word2vec,1.0,neither,muzzle
word2vec,0.05712767690420151,b_only,ours
word2vec,0.9932535886764526,shared,preservation
word2vec,0.8622791171073914,shared,say
word2vec,1.0,neither,cgt
word2vec,0.9669034481048584,shared,unknown
word2vec,0.9787606596946716,shared,float
word2vec,1.0,a_only,priests
word2vec,1.0,neither,livia
word2vec,0.9999999403953552,neither,albertans
word2vec,0.9925128817558289,shared,encourage
word2vec,0.9967243671417236,shared,languages
word2vec,0.9999999403953552,neither,id
word2vec,1.0000001192092896,neither,dunmore
word2vec,1.0,neither,priori
word2vec,-0.11766814440488815,neither,confided
word2vec,0.05534270033240318,b_only,tops
word2vec,0.9495179653167725,shared,curiosity
word2vec,0.9999999403953552,neither,archipelagoes
word2vec,0.9999999403953552,neither,psychoactive
word2vec,0.1931338608264923,neither,talkin
word2vec,0.008581682108342648,neither,indulgence
word2vec,0.9923818111419678,shared,valued
word2vec,1.0000001192092896,a_only,construct
word2vec,-0.07552140206098557,neither,reminding
word2vec,0.9805620908737183,shared,forced
word2vec,1.0,neither,specification
word2vec,0.9771466851234436,shared,remarkable
word2vec,1.0000001192092896,neither,peptide
word2vec,0.2158644050359726,neither,surround
word2vec,-0.2386939376592636,neither,rug
word2vec,0.09419422596693039,neither,sparrow
word2vec,1.0000001192092896,neither,mosera
word2vec,1.0000001192092896,neither,insane
word2vec,1.0,a_only,arab
word2vec,1.0,a_only,vacuum
word2vec,1.0,a_only,diacritics
word2vec,0.976379930973053,shared,false
word2vec,0.032052867114543915,b_only,escort
word2vec,0.1971728354692459,b_only,pigeon
word2vec,1.0000001192092896,neither,gustave
word2vec,-0.10155229270458221,neither,sleepless
word2vec,0.9650437831878662,shared,finding
word2vec,1.0000001192092896,a_only,arianism
word2vec,0.9931713938713074,shared,telegraph
word2vec,1.0,neither,hadrian
word2vec,0.007590173278003931,b_only,rejoice
word2vec,0.880248486995697,shared,rest
word2vec,1.0,neither,ambassador
word2vec,0.20670616626739502,neither,nuts
word2vec,1.0,neither,phonemes
word2vec,0.9999998807907104,neither,mediation
word2vec,0.1585412472486496,b_only,traveller
word2vec,0.9999999403953552,a_only,allows
word2vec,0.983750581741333,shared,belongs
word2vec,0.9865513443946838,shared,guards
word2vec,0.9999998807907104,a_only,dict
word2vec,1.0,a_only,circuits
word2vec,-0.003769861301407218,b_only,roses
word2vec,1.0,a_only,arabs
word2vec,0.9843194484710693,shared,secrets
word2vec,0.9694013595581055,shared,separated
word2vec,0.9718209505081177,shared,wear
word2vec,1.0,a_only,badge
word2vec,0.003918206784874201,b_only,shabby
word2vec,0.9851264953613281,shared,spell
word2vec,1.0000001192092896,neither,nigel
word2vec,-0.025820374488830566,b_only,handy
word2vec,1.0,neither,financed
word2vec,1.0,a_only,organisms
word2vec,0.005585027858614922,neither,clasp
word2vec,0.03373013064265251,b_only,huckleberry
word2vec,1.0,a_only,atom
word2vec,0.9999999403953552,a_only,essay
word2vec,0.9999999403953552,a_only,array
word2vec,-0.0632316917181015,b_only,exclamation
word2vec,0.9937499761581421,shared,headache
word2vec,0.9639692902565002,shared,blamed
word2vec,1.0000001192092896,neither,discusses
word2vec,0.9945658445358276,shared,offering
word2vec,1.0,neither,transitions
word2vec,1.0,neither,morphological
word2vec,1.0,neither,florets
word2vec,0.972752034664154,shared,consider
word2vec,0.9654299020767212,shared,reflections
word2vec,0.9794573783874512,shared,expect
word2vec,1.0,neither,tautologies
word2vec,0.9855908751487732,shared,colours
word2vec,1.0,a_only,el
word2vec,0.9999999403953552,a_only,pioneer
word2vec,1.0,neither,vols
word2vec,0.9999998807907104,a_only,cloister
word2vec,1.0000001192092896,neither,breakdown
word2vec,-0.057776130735874176,neither,fervent
word2vec,1.0000001192092896,neither,asserts
word2vec,0.9999999403953552,a_only,florida
word2vec,1.0,neither,biographer
word2vec,1.0000001192092896,neither,removes
word2vec,0.19676944613456726,neither,pinched
word2vec,1.0,neither,terrorism
word2vec,0.09979481250047684,neither,wi
word2vec,0.9999999403953552,a_only,sites
word2vec,1.0000001192092896,neither,heirs
word2vec,1.0000001192092896,neither,greenspan
word2vec,1.0,a_only,abba
word2vec,0.9713722467422485,shared,chain
word2vec,0.9977585673332214,shared,announced
word2vec,1.0,neither,boroughs
word2vec,0.1369474232196808,neither,blessings
word2vec,1.0000001192092896,a_only,arguably
word2vec,0.970022976398468,shared,bend
word2vec,0.9728167057037354,shared,degree
word2vec,0.9999999403953552,a_only,user
word2vec,0.9201134443283081,shared,flew
word2vec,0.9988986849784851,shared,instances
word2vec,0.9580346345901489,shared,nurse
word2vec,0.9999998807907104,neither,reliability
word2vec,1.0,neither,pregnancies
word2vec,0.9980374574661255,shared,copper
word2vec,1.0,a_only,rivalry
word2vec,1.0,a_only,naval
word2vec,0.019631946459412575,neither,glances
word2vec,0.9742258787155151,shared,absorbed
word2vec,1.0000001192092896,neither,coordinate
word2vec,0.9954981207847595,shared,attempting
word2vec,0.9961950778961182,shared,pious
word2vec,0.995218813419342,shared,checking
word2vec,1.0,a_only,manchester
word2vec,0.2032104730606079,neither,flaring
word2vec,1.0,a_only,commonwealth
word2vec,-0.01903688907623291,neither,coats
word2vec,0.9799617528915405,shared,considered
word2vec,1.0,neither,wizards
word2vec,-0.10219506919384003,neither,harp
word2vec,0.9976297616958618,shared,reverse
word2vec,1.0,neither,distillation
word2vec,0.9999999403953552,neither,verde
word2vec,0.9887434840202332,shared,deeper
word2vec,0.9855900406837463,shared,sixteen
word2vec,1.0000001192092896,neither,infertile
word2vec,-0.03328597545623779,neither,littered
word2vec,1.0,a_only,default
word2vec,0.1715010553598404,neither,serpentine
word2vec,0.9812365174293518,shared,higher
word2vec,-0.01457470003515482,neither,misshapen
word2vec,1.0000001192092896,a_only,aluminum
word2vec,0.9999999403953552,neither,exported
word2vec,0.022500324994325638,neither,roofed
word2vec,0.9999999403953552,a_only,republicans
word2vec,1.0,a_only,alexis
word2vec,0.05340809375047684,neither,postilions
word2vec,0.8491634130477905,shared,put
word2vec,0.9937940835952759,shared,label
word2vec,0.9612777233123779,shared,aboard
word2vec,0.9999998807907104,neither,judo
word2vec,0.25926896929740906,neither,straying
word2vec,1.0,a_only,vladimir
word2vec,1.0000001192092896,neither,burundi
word2vec,1.0,neither,abgar
word2vec,1.0,neither,somme
word2vec,0.9999998807907104,a_only,appoint
word2vec,1.0,neither,yougov
word2vec,0.9999999403953552,a_only,wiki
word2vec,0.9670822620391846,shared,decided
word2vec,1.0,neither,positrons
word2vec,0.05581207573413849,neither,carelessness
word2vec,1.0,neither,surveyor
word2vec,1.0,a_only,colored
word2vec,0.0960732251405716,neither,escorted
word2vec,0.9825097918510437,shared,affected
word2vec,1.0,a_only,frequency
word2vec,1.0,a_only,marshal
word2vec,0.09797496348619461,b_only,unlocked
word2vec,1.0000001192092896,neither,ape
word2vec,-0.23373432457447052,neither,fulfilment
word2vec,0.9973137974739075,shared,interests
word2vec,1.0,neither,airships
word2vec,1.0,a_only,compiled
word2vec,0.9551193118095398,shared,isn
word2vec,1.0,neither,neutron
word2vec,0.9960373044013977,shared,gaining
word2vec,0.16003485023975372,neither,unforeseen
word2vec,0.009263240732252598,neither,genteel
word2vec,0.9273491501808167,shared,short
word2vec,0.8997752666473389,shared,captain
word2vec,0.9999999403953552,a_only,applies
word2vec,0.9956802725791931,shared,springs
word2vec,-0.14009711146354675,b_only,awfully
word2vec,0.9999999403953552,a_only,indicating
word2vec,1.0,neither,sketching
word2vec,1.0,neither,subtraction
word2vec,1.0000001192092896,neither,marginal
word2vec,1.0,neither,sticky
word2vec,0.9968342185020447,shared,flowing
word2vec,0.05737550929188728,neither,monotonous
word2vec,1.0,neither,fibers
word2vec,0.9999999403953552,a_only,catholicism
word2vec,0.9999998807907104,neither,posed
word2vec,0.9999998807907104,a_only,favor
word2vec,0.9999105334281921,shared,pacific
word2vec,1.0,neither,rs
word2vec,0.1114625334739685,neither,stunned
word2vec,0.12861669063568115,neither,gaspard
word2vec,0.9413938522338867,shared,birds
word2vec,0.9639749526977539,shared,wound
word2vec,0.10002969950437546,neither,drowsy
word2vec,1.0,a_only,remnants
word2vec,1.0,a_only,canaris
word2vec,0.9984182715415955,shared,patent
word2vec,1.0000001192092896,a_only,julian
word2vec,0.9934628009796143,shared,sheer
word2vec,0.04874195158481598,b_only,phonograph
word2vec,0.994737982749939,shared,covers
word2vec,1.0,neither,blanche
word2vec,1.0,a_only,enacted
word2vec,0.0012103570625185966,b_only,bennet
word2vec,0.0382612906396389,neither,contentment
word2vec,0.9901795387268066,shared,occupation
word2vec,0.9901123642921448,shared,guilt
word2vec,1.0,a_only,archaeology
word2vec,0.9390318393707275,shared,foot
word2vec,0.9999999403953552,a_only,ambrosia
word2vec,0.9999999403953552,a_only,explicitly
word2vec,0.9924019575119019,neither,piles
word2vec,0.19449852406978607,neither,searchlight
word2vec,1.0000001192092896,a_only,portugal
word2vec,1.0000001192092896,neither,halfdan
word2vec,0.15894731879234314,neither,trunks
word2vec,0.17024454474449158,neither,spoil
word2vec,1.0,a_only,roy
word2vec,1.0,neither,alga
word2vec,0.9999999403953552,neither,mb
word2vec,0.998292088508606,shared,angle
word2vec,0.9999999403953552,neither,photographed
word2vec,1.0,neither,trucks
word2vec,0.19059623777866364,neither,beeches
word2vec,1.0000001192092896,neither,nationwide
word2vec,1.0,neither,humankind
word2vec,0.06237800419330597,b_only,sleeves
word2vec,-0.01548300962895155,neither,sash
word2vec,1.0,neither,hexadecimal
word2vec,1.0,a_only,ancestry
word2vec,1.0,neither,qaeda
word2vec,1.0,neither,trips
word2vec,0.9560218453407288,shared,poetry
word2vec,1.0,neither,argos
word2vec,0.07705771923065186,neither,compass
word2vec,1.0,neither,uruguay
word2vec,0.06357987970113754,neither,sneezing
word2vec,1.0,a_only,grouped
word2vec,1.0000001192092896,neither,poorly
word2vec,1.0000001192092896,neither,moonchild
word2vec,1.0,neither,anatoly
word2vec,0.9856157302856445,shared,tortured
word2vec,0.9999998807907104,a_only,reliable
word2vec,0.9986011981964111,neither,eccentric
word2vec,0.13995994627475739,neither,uncivil
word2vec,0.0019176136702299118,neither,stove
word2vec,0.11119116842746735,neither,smelling
word2vec,1.0,neither,niger
word2vec,1.0000001192092896,a_only,magical
word2vec,0.9752724170684814,shared,bringing
word2vec,0.9235114455223083,shared,further
word2vec,0.9916192293167114,neither,climax
word2vec,0.9999998807907104,neither,dh
word2vec,1.0,neither,therapies
word2vec,1.0,a_only,predicted
word2vec,0.9999999403953552,neither,polytheism
word2vec,0.8595356345176697,shared,children
word2vec,0.07602548599243164,neither,invaluable
word2vec,0.9671217799186707,shared,brain
word2vec,1.0,neither,strabo
word2vec,0.9714959263801575,shared,conscious
word2vec,0.9999999403953552,a_only,heating
word2vec,0.9715086221694946,shared,leaving
word2vec,1.0000001192092896,a_only,turkic
word2vec,1.0,neither,convergence
word2vec,0.9999999403953552,neither,olga
word2vec,0.9611477255821228,shared,affection
word2vec,1.0000001192092896,a_only,membership
word2vec,0.9953176975250244,shared,obscurity
word2vec,0.06811033189296722,neither,verge
word2vec,0.9934799075126648,shared,runs
word2vec,1.0,neither,enclave
word2vec,0.02618696354329586,b_only,sore
word2vec,1.0000001192092896,neither,andromeda
word2vec,1.0000001192092896,a_only,fiber
word2vec,0.7751790881156921,shared,found
word2vec,-0.07929234951734543,b_only,yesterday
word2vec,0.04791669547557831,b_only,loudly
word2vec,0.9950480461120605,shared,feature
word2vec,0.11942115426063538,neither,bravely
word2vec,-0.0034716217778623104,b_only,natured
word2vec,-0.06487048417329788,neither,smouch
word2vec,1.0,a_only,islamic
word2vec,0.9999999403953552,neither,resurgence
word2vec,0.08350123465061188,b_only,lydia
word2vec,1.0,neither,eax
word2vec,1.0,a_only,prussia
word2vec,0.9982319474220276,shared,random
word2vec,0.9999999403953552,neither,forged
word2vec,0.9999998807907104,a_only,sanction
word2vec,-0.07949737459421158,b_only,subdued
word2vec,0.9417877793312073,shared,mon
word2vec,0.9999999403953552,neither,delicatessen
word2vec,0.9970635175704956,shared,operation
word2vec,0.18709702789783478,neither,flamingo
word2vec,0.9704463481903076,shared,handsome
word2vec,0.9947229027748108,shared,appointed
word2vec,0.0074433861300349236,b_only,brow
word2vec,1.0000001192092896,a_only,google
word2vec,-0.0390593595802784,neither,tying
word2vec,1.0,neither,majesties
word2vec,1.0,neither,executes
word2vec,1.0,neither,underway
word2vec,0.9945605993270874,shared,depression
word2vec,0.9806817173957825,shared,employed
word2vec,0.9999999403953552,a_only,antony
word2vec,1.0,a_only,coastal
word2vec,1.0,neither,backing
word2vec,1.0000001192092896,neither,westernmost
word2vec,1.0,neither,atkinson
word2vec,0.14275117218494415,neither,frankness
word2vec,0.9999998807907104,a_only,finland
word2vec,0.9999999403953552,a_only,coercion
word2vec,1.0,neither,contests
word2vec,-0.020135611295700073,neither,presentiment
word2vec,0.9999998807907104,neither,appeasement
word2vec,1.0000001192092896,neither,uganda
word2vec,-0.07512006163597107,neither,resk
word2vec,0.9715072512626648,shared,intent
word2vec,-0.13734833896160126,neither,baffled
word2vec,1.0,a_only,decrease
word2vec,1.0,a_only,theological
word2vec,1.0,neither,maxwell
word2vec,0.9999998807907104,a_only,manufacturers
word2vec,0.9701094031333923,shared,stream
word2vec,0.9957148432731628,shared,moves
word2vec,0.963841438293457,shared,heavily
word2vec,-0.14457166194915771,neither,krempe
word2vec,1.0000001192092896,neither,publish
word2vec,0.8482096195220947,shared,trademark
word2vec,0.993989109992981,shared,halted
word2vec,0.258733868598938,neither,procuring
word2vec,1.0000001192092896,neither,embassies
word2vec,0.9999998807907104,a_only,controversies
word2vec,0.8983964920043945,shared,mother
word2vec,0.9725305438041687,shared,visible
word2vec,1.0,a_only,theoretical
word2vec,0.9999998807907104,a_only,radical
word2vec,0.9607483148574829,shared,hollow
word2vec,0.9999998807907104,neither,classed
word2vec,-0.008285238407552242,neither,aroun
word2vec,0.9752535820007324,shared,ho
word2vec,0.11553753912448883,b_only,hasten
word2vec,0.9999998807907104,a_only,multiple
word2vec,1.0,a_only,surgery
word2vec,1.0,neither,trotsky
word2vec,-0.012660644948482513,neither,grumbled
word2vec,1.0,neither,anatomical
word2vec,0.03036104515194893,b_only,drawer
word2vec,1.0000001192092896,a_only,alpaca
word2vec,-0.10883837193250656,b_only,hurry
word2vec,-0.19941139221191406,neither,rustled
word2vec,1.0000001192092896,neither,constructs
word2vec,1.0,neither,notify
word2vec,1.0,a_only,communities
word2vec,0.9781801700592041,shared,swallowed
word2vec,0.9487439393997192,shared,ye
word2vec,0.1452958881855011,neither,earnestness
word2vec,1.0000001192092896,a_only,britannica
word2vec,1.0000001192092896,a_only,pregnancy
word2vec,1.0,a_only,speculative
word2vec,1.0000001192092896,neither,esdras
word2vec,0.9078937768936157,shared,case
word2vec,-0.11185821890830994,neither,decanter
word2vec,0.9999999403953552,neither,refuses
word2vec,-0.18195781111717224,b_only,sawyer
word2vec,0.9977871179580688,shared,whereas
word2vec,0.9805803894996643,shared,marble
word2vec,1.0,neither,sunflower
word2vec,0.9896517992019653,shared,engagement
word2vec,0.9999999403953552,neither,necronomicon
word2vec,0.8693273663520813,shared,its
word2vec,1.0000001192092896,a_only,tasmania
word2vec,0.047176215797662735,neither,biting
word2vec,-0.006093441043049097,neither,inmate
word2vec,1.0,a_only,publicity
word2vec,0.9999998807907104,a_only,stilicho
word2vec,0.9958915114402771,shared,overwhelmed
word2vec,0.9999998807907104,a_only,everyday
word2vec,0.9289565682411194,shared,blind
word2vec,0.9938518404960632,shared,descendants
word2vec,1.0,neither,spatial
word2vec,1.0,neither,dionysius
word2vec,1.0,neither,baseline
word2vec,0.9999998807907104,neither,sparse
word2vec,1.0,a_only,louisiana
word2vec,1.0000001192092896,a_only,acacia
word2vec,1.0,a_only,organism
word2vec,0.9999999403953552,a_only,bulk
word2vec,1.0000001192092896,a_only,nathaniel
word2vec,1.0,neither,culinary
word2vec,0.9997693300247192,shared,investigations
word2vec,0.9797070622444153,shared,mention
word2vec,1.0,a_only,survival
word2vec,0.9787744283676147,shared,reflection
word2vec,0.9999999403953552,neither,turmoil
word2vec,0.9840299487113953,shared,building
word2vec,0.14477428793907166,neither,thicker
word2vec,1.0,neither,bankrupt
word2vec,1.0,neither,insistence
word2vec,0.9968340396881104,shared,stated
word2vec,0.9942019581794739,shared,final
word2vec,0.9446310997009277,shared,pipe
word2vec,1.0,a_only,reaches
word2vec,0.9878902435302734,shared,dropping
word2vec,0.6093873977661133,shared,wendy
word2vec,1.0,neither,interventions
word2vec,0.9982171058654785,shared,sphere
word2vec,0.9953799247741699,shared,process
word2vec,1.0,a_only,evolved
word2vec,0.053148895502090454,b_only,timid
word2vec,0.9999998807907104,neither,mycenae
word2vec,0.1473945826292038,neither,blacksmith
word2vec,-0.005949049256742001,b_only,drifted
word2vec,0.9968135952949524,shared,horsemen
word2vec,1.0,neither,dissolution
word2vec,1.0,neither,select
word2vec,1.0,neither,ignite
word2vec,1.0000001192092896,neither,freeman
word2vec,1.0,neither,brando
word2vec,1.0,neither,burnside
word2vec,1.0,neither,incurred
word2vec,0.05196681618690491,b_only,reminded
word2vec,-0.04805253818631172,neither,vacation
word2vec,0.9999999403953552,neither,toulouse
word2vec,0.990729033946991,shared,promising
word2vec,1.0,a_only,overthrow
word2vec,0.996995210647583,shared,frozen
word2vec,0.996752142906189,shared,gestures
word2vec,1.0,neither,problematic
word2vec,1.0,neither,recipes
word2vec,0.18094049394130707,neither,archangel
word2vec,0.09071776270866394,b_only,hansom
word2vec,-0.09413120895624161,neither,cravat
word2vec,0.21547119319438934,neither,passers
word2vec,0.9999999403953552,a_only,antiprotons
word2vec,1.0,neither,saddam
word2vec,0.9113863706588745,shared,judge
word2vec,0.9999999403953552,a_only,encounters
word2vec,0.03049066662788391,neither,twopence
word2vec,1.0,a_only,operated
word2vec,0.9999999403953552,a_only,inorganic
word2vec,0.9969514012336731,shared,weakened
word2vec,-0.006495881825685501,b_only,stir
word2vec,0.013478423468768597,b_only,pockets
word2vec,1.0,neither,comparisons
word2vec,1.0,neither,conversely
word2vec,0.9999999403953552,a_only,axis
word2vec,0.9969684481620789,shared,tips
word2vec,0.027375483885407448,b_only,pity
word2vec,0.8104937076568604,shared,his
word2vec,0.9999999403953552,neither,defeating
word2vec,0.9842238426208496,shared,quantity
word2vec,0.9942335486412048,shared,uniform
word2vec,0.08000270277261734,neither,boiled
word2vec,0.6597996354103088,shared,presently
word2vec,0.9692314267158508,shared,reach
word2vec,0.9884021878242493,shared,recognized
word2vec,0.9927040934562683,shared,gates
word2vec,1.0000001192092896,a_only,designated
word2vec,1.0,neither,yorkshire
word2vec,0.995660662651062,shared,security
word2vec,-0.03530820459127426,b_only,happiest
word2vec,0.9874059557914734,shared,balls
word2vec,1.0,neither,ghetto
word2vec,1.0,a_only,jesus
word2vec,0.9769800305366516,shared,tiny
word2vec,1.0,a_only,urn
word2vec,1.0000001192092896,neither,mowen
word2vec,-0.09327403455972672,b_only,pains
word2vec,1.0,neither,informal
word2vec,0.1396760791540146,b_only,hateful
word2vec,1.0000001192092896,a_only,czech
word2vec,0.9800369143486023,shared,bonnet
word2vec,0.9999998807907104,a_only,cited
word2vec,1.0,a_only,baldwin
word2vec,0.9628779292106628,shared,spent
word2vec,-0.00045839446829631925,b_only,becky
word2vec,0.9867714047431946,shared,trade
word2vec,0.041054513305425644,b_only,swore
word2vec,1.0000001192092896,a_only,computer
word2vec,1.0000001192092896,neither,pisces
word2vec,0.9914858937263489,neither,reigned
word2vec,0.03485389053821564,b_only,supper
word2vec,0.9935983419418335,shared,petersburg
word2vec,0.9174343347549438,shared,known
word2vec,0.06221924349665642,neither,crick
word2vec,0.004616038873791695,b_only,dozen
word2vec,0.2149343490600586,b_only,brass
word2vec,-0.04609812796115875,b_only,coachman
word2vec,0.9917944073677063,shared,doctors
word2vec,0.995857834815979,shared,opens
word2vec,1.0,neither,amos
word2vec,0.9999998807907104,neither,patagonian
word2vec,-0.028142616152763367,neither,roundabout
word2vec,1.0000001192092896,neither,skepticism
word2vec,0.19467628002166748,b_only,whiskers
word2vec,0.9932298064231873,shared,prospects
word2vec,0.0036740165669471025,neither,interchange
word2vec,0.9883860349655151,shared,hopping
word2vec,0.9183285236358643,shared,clear
word2vec,1.0,a_only,clinton
word2vec,0.2305082082748413,b_only,downstairs
word2vec,0.9789325594902039,shared,breed
word2vec,0.9966939091682434,neither,registers
word2vec,1.0000001192092896,a_only,democratic
word2vec,1.0,neither,toledo
word2vec,1.0,neither,pulp
word2vec,-0.037977248430252075,b_only,inquest
word2vec,1.0,neither,montenegro
word2vec,0.12175561487674713,neither,shaving
word2vec,1.0000001192092896,a_only,bbc
word2vec,0.9999999403953552,neither,glorified
word2vec,0.9968031048774719,shared,bay
word2vec,0.16255326569080353,neither,perch
word2vec,1.0,a_only,lebanon
word2vec,0.9999999403953552,a_only,amounts
word2vec,1.0,neither,rounded
word2vec,0.9870696663856506,shared,stolen
word2vec,1.0,a_only,angolan
word2vec,1.0000001192092896,neither,nr
word2vec,1.0000001192092896,neither,crafted
word2vec,1.0,neither,manifestations
word2vec,0.8258185386657715,shared,hands
word2vec,0.9913229942321777,shared,freely
word2vec,-0.13017521798610687,b_only,wretched
word2vec,1.0,a_only,interviews
word2vec,0.8487921953201294,shared,hear
word2vec,1.0,a_only,elementary
word2vec,0.9949209094047546,shared,unseen
word2vec,1.0000001192092896,a_only,audiences
word2vec,1.0000001192092896,neither,thirteenth
word2vec,0.9999998807907104,a_only,byzantine
word2vec,1.0000001192092896,a_only,roman
word2vec,1.0000001192092896,neither,damascus
word2vec,0.9786216616630554,shared,moral
word2vec,0.9999999403953552,a_only,phoenician
word2vec,0.8653794527053833,shared,clock
word2vec,0.9999999403953552,a_only,apocryphal
word2vec,1.0,neither,dwarf
word2vec,0.9999998807907104,neither,constantius
word2vec,0.06411417573690414,neither,entertained
word2vec,1.0,neither,creations
word2vec,0.9999998807907104,neither,walker
word2vec,1.0,a_only,algebraically
word2vec,0.17055444419384003,neither,mocking
word2vec,0.014399849809706211,neither,bestowing
word2vec,1.0,a_only,progressive
word2vec,1.0,neither,governance
word2vec,-0.08973363786935806,neither,genial
word2vec,1.0,neither,dependencies
word2vec,0.9644403457641602,shared,alive
word2vec,1.0000001192092896,a_only,executive
word2vec,1.0,neither,indirectly
word2vec,1.0,neither,favors
word2vec,0.9999999403953552,a_only,racing
word2vec,0.056736066937446594,neither,clinging
word2vec,0.26456591486930847,neither,awaiting
word2vec,0.9999999403953552,neither,membranes
word2vec,1.0,a_only,animalia
word2vec,0.913245677947998,shared,jacques
word2vec,1.0,neither,amoebae
word2vec,0.13694116473197937,neither,gaudy
word2vec,0.7775108218193054,shared,seemed
word2vec,0.9996837377548218,shared,newspaper
word2vec,1.0,neither,privatization
word2vec,1.0000001192092896,a_only,afc
word2vec,1.0,neither,unesco
word2vec,1.0,neither,qualitative
word2vec,0.8404922485351562,shared,duchess
word2vec,0.9999999403953552,neither,wishbone
word2vec,1.0000001192092896,neither,spirituality
word2vec,0.000949201756156981,neither,flush
word2vec,1.0,neither,termination
word2vec,1.0,neither,inaccurate
word2vec,-0.0249546617269516,b_only,muffled
word2vec,0.2659832835197449,neither,juice
word2vec,0.004006176255643368,neither,ascertain
word2vec,0.13874174654483795,b_only,temper
word2vec,0.9999998807907104,a_only,solving
word2vec,1.0,neither,editorial
word2vec,1.0,neither,atheos
word2vec,1.0,neither,libh
word2vec,1.0,neither,emmy
word2vec,1.0000001192092896,a_only,hardware
word2vec,0.9999998807907104,neither,willie
word2vec,0.10561311990022659,b_only,lucy
word2vec,0.9752113223075867,shared,peculiar
word2vec,1.0,neither,establishments
word2vec,0.9861428141593933,shared,addressing
word2vec,1.0,neither,mohammad
word2vec,0.8701205253601074,shared,turned
word2vec,0.021231673657894135,neither,sprawling
word2vec,0.08333133161067963,neither,ophelia
word2vec,-0.06068797409534454,b_only,awhile
word2vec,1.0,neither,photoelectric
word2vec,1.0,neither,curtius
word2vec,0.37165892124176025,neither,1000
word2vec,0.9832186102867126,shared,safety
word2vec,1.0,a_only,assistive
word2vec,1.0000001192092896,a_only,intermediate
word2vec,0.9979466199874878,neither,tackled
word2vec,0.011055165901780128,neither,pence
word2vec,0.8772462606430054,shared,late
word2vec,-0.017623988911509514,b_only,beautifully
word2vec,-0.027664033696055412,neither,bleak
word2vec,0.9989325404167175,shared,conclude
word2vec,0.9475513100624084,shared,flash
word2vec,0.22113950550556183,neither,necktie
word2vec,0.10651268064975739,neither,spied
word2vec,0.9776918292045593,shared,proved
word2vec,1.0000001192092896,neither,mills
word2vec,0.950090765953064,shared,remain
word2vec,0.9416962265968323,shared,uncle
word2vec,0.8827961087226868,shared,present
word2vec,1.0,a_only,manned
word2vec,0.9626262784004211,shared,retired
word2vec,1.0000001192092896,neither,nazism
word2vec,1.0,neither,alfheim
word2vec,1.0,neither,satisfies
word2vec,1.0000001192092896,neither,spidey
word2vec,0.08875056356191635,neither,counters
word2vec,-0.08221717178821564,neither,detained
word2vec,1.0000001192092896,a_only,austrians
word2vec,0.9967116713523865,shared,engines
word2vec,1.0,neither,declines
word2vec,0.9999999403953552,a_only,finite
word2vec,0.776711106300354,shared,warn
word2vec,0.12022789567708969,b_only,wisht
word2vec,0.9999999403953552,a_only,australians
word2vec,0.9999998807907104,neither,resonator
word2vec,0.9439769387245178,shared,crab
word2vec,1.0,neither,foraging
word2vec,-0.04199468716979027,b_only,1894
word2vec,0.02324705198407173,neither,atone
word2vec,0.9389352202415466,shared,sign
word2vec,0.9993845820426941,shared,literary
word2vec,0.9999998807907104,a_only,succeeds
word2vec,0.9778895974159241,shared,imaginary
word2vec,0.9755711555480957,shared,mummy
word2vec,1.0,neither,cyanide
word2vec,0.009402438066899776,neither,confidential
word2vec,0.9986625909805298,shared,regards
word2vec,1.0,a_only,converted
word2vec,1.0,neither,cahiers
word2vec,0.9374377727508545,shared,feet
word2vec,1.0,a_only,awards
word2vec,0.9999999403953552,neither,appropriated
word2vec,1.0000001192092896,neither,schooling
word2vec,1.0000001192092896,neither,hub
word2vec,1.0,a_only,defended
word2vec,-0.07837004214525223,b_only,cruncher
word2vec,1.0,a_only,documents
word2vec,0.9999999403953552,a_only,scientist
word2vec,0.8929021954536438,shared,next
word2vec,0.06230345368385315,b_only,commence
word2vec,1.0,a_only,personnel
word2vec,0.9999799132347107,shared,ahab
word2vec,0.9999998807907104,neither,leipzig
word2vec,0.9972179532051086,shared,resided
word2vec,0.14981526136398315,neither,occasioned
word2vec,1.0,a_only,judah
word2vec,1.0,a_only,carboxylic
word2vec,1.0000001192092896,neither,lyons
word2vec,0.9293290972709656,shared,else
word2vec,0.04736710712313652,neither,unbarred
word2vec,0.9874585866928101,shared,personality
word2vec,1.0,neither,isomorphism
word2vec,0.9921883940696716,shared,behave
word2vec,1.0,neither,translator
word2vec,0.03717169910669327,b_only,astonishment
word2vec,0.9999999403953552,a_only,implementation
word2vec,1.0,neither,detectors
word2vec,0.9778033494949341,shared,needles
word2vec,1.0000001192092896,a_only,crucial
word2vec,-0.16993175446987152,neither,dangling
word2vec,0.9711087346076965,shared,court
word2vec,0.8882905840873718,shared,saying
word2vec,0.9999999403953552,a_only,beginnings
word2vec,-0.029945623129606247,neither,forbade
word2vec,0.9943827986717224,shared,guided
word2vec,1.0,neither,disparate
word2vec,0.02172262966632843,neither,shepherdson
word2vec,0.9346533417701721,shared,license
word2vec,0.9999999403953552,neither,norwich
word2vec,0.9830994606018066,shared,pace
word2vec,0.9999999403953552,a_only,trophy
word2vec,0.1352701187133789,neither,mortified
word2vec,1.0,a_only,homer
word2vec,1.0,neither,staged
word2vec,0.9999998807907104,a_only,committee
word2vec,0.9851018786430359,shared,buttons
word2vec,0.9966979622840881,shared,refined
word2vec,0.21306103467941284,neither,strayed
word2vec,1.0000001192092896,a_only,wesley
word2vec,0.08396875858306885,b_only,rubbing
word2vec,1.0,neither,dojos
word2vec,0.9999999403953552,a_only,technologies
word2vec,0.9005473256111145,shared,book
word2vec,1.0000001192092896,a_only,cable
word2vec,0.9924857020378113,shared,spots
word2vec,1.0,neither,arau
word2vec,0.9245710372924805,shared,account
word2vec,0.9999998807907104,a_only,revolutionaries
word2vec,1.0000001192092896,a_only,finnish
word2vec,1.0,a_only,florence
word2vec,0.9999999403953552,neither,vicu
word2vec,1.0,neither,localized
word2vec,0.12257689237594604,neither,insensibility
word2vec,0.9999998807907104,neither,essendon
word2vec,1.0,neither,stig
word2vec,1.0,a_only,bellows
word2vec,0.9999999403953552,a_only,cushitic
word2vec,0.9853102564811707,shared,bounded
word2vec,1.0000001192092896,neither,flags
word2vec,0.9999999403953552,neither,castile
word2vec,0.9999999403953552,a_only,legislature
word2vec,0.9999999403953552,neither,magick
word2vec,0.985623300075531,shared,innumerable
word2vec,-0.1221805289387703,neither,wits
word2vec,0.10205957293510437,b_only,consult
word2vec,0.9425442814826965,shared,finger
word2vec,0.991927981376648,shared,corruption
word2vec,0.023918332532048225,neither,hoss
word2vec,0.9971464276313782,shared,slang
word2vec,-0.023859750479459763,b_only,motioned
word2vec,1.0,a_only,reflecting
word2vec,1.0,neither,cc
word2vec,0.9854233264923096,shared,slave
word2vec,1.0,neither,intentional
word2vec,1.0,neither,recursive
word2vec,1.0000001192092896,neither,migrants
word2vec,1.0,a_only,coastline
word2vec,1.0,neither,catches
word2vec,0.019504887983202934,neither,hopped
word2vec,0.9937412142753601,shared,arrives
word2vec,0.9805274605751038,shared,heel
word2vec,1.0,neither,repulsed
word2vec,1.0,a_only,sensory
word2vec,1.0000001192092896,neither,infer
word2vec,0.9999998807907104,neither,inhibitors
word2vec,0.9846269488334656,shared,painting
word2vec,1.0,neither,collegiate
word2vec,0.10588262230157852,neither,fawn
word2vec,0.030755553394556046,b_only,farewell
word2vec,0.21105051040649414,neither,scare
word2vec,0.9474374651908875,shared,rule
word2vec,1.0,a_only,beatles
word2vec,0.9999999403953552,a_only,lipsius
word2vec,1.0,neither,aren
word2vec,1.0,a_only,magnetic
word2vec,0.9954280257225037,shared,consumed
word2vec,0.9985284209251404,shared,alps
word2vec,0.9973400235176086,neither,inaccessible
word2vec,1.0,neither,abort
word2vec,1.0,a_only,car
word2vec,0.0487184002995491,neither,twinkle
word2vec,0.9999999403953552,neither,buddha
word2vec,1.0,a_only,est
word2vec,0.9999999403953552,neither,environmentalist
word2vec,1.0000001192092896,neither,proving
word2vec,0.017157958820462227,neither,wrap
word2vec,0.22992952167987823,neither,commendation
word2vec,1.0000001192092896,a_only,derive
word2vec,1.0000001192092896,neither,etruscans
word2vec,1.0,a_only,rejects
word2vec,1.0,neither,frida
word2vec,1.0000001192092896,neither,profits
word2vec,0.9904968738555908,shared,contrast
word2vec,1.0,neither,minocycline
word2vec,1.0000001192092896,a_only,kalinga
word2vec,0.11754042655229568,b_only,turk
word2vec,0.9690703749656677,shared,propose
word2vec,1.0,neither,affluent
word2vec,0.8985448479652405,shared,diary
word2vec,-0.0007413506973534822,neither,horrified
word2vec,1.0000001192092896,a_only,atoms
word2vec,1.0,neither,naqada
word2vec,1.0,a_only,warriors
word2vec,0.9999998807907104,neither,shortages
word2vec,0.0915231853723526,b_only,apology
word2vec,0.9968965649604797,shared,anchor
word2vec,0.9567737579345703,shared,patient
word2vec,1.0000001192092896,neither,imdb
word2vec,0.978257954120636,shared,familiar
word2vec,0.0249162744730711,neither,sanctuary
word2vec,0.9852415323257446,shared,feathers
word2vec,1.0,neither,schr
word2vec,1.0,a_only,zf
word2vec,0.9999999403953552,a_only,reviewed
word2vec,1.0000001192092896,neither,additive
word2vec,1.0,a_only,lands
word2vec,0.8007299900054932,shared,come
word2vec,0.04688810184597969,neither,polyglot
word2vec,0.03676944226026535,neither,roofs
word2vec,0.9372155070304871,shared,ill
word2vec,1.0000001192092896,a_only,songwriter
word2vec,1.0000001192092896,neither,selenium
word2vec,1.0,a_only,exaggerated
word2vec,1.0000001192092896,a_only,receives
word2vec,1.0,a_only,obtaining
word2vec,0.9710757732391357,shared,thinks
word2vec,0.9999999403953552,neither,edith
word2vec,0.9999999403953552,a_only,settlement
word2vec,0.9908560514450073,shared,wider
word2vec,1.0,neither,ionic
word2vec,1.0000001192092896,a_only,deposits
word2vec,0.14478890597820282,neither,narration
word2vec,0.9999999403953552,a_only,nih
word2vec,-0.04800473898649216,b_only,mum
word2vec,0.13235419988632202,neither,wont
word2vec,-0.09420784562826157,neither,forwards
word2vec,0.10000895708799362,neither,livid
word2vec,1.0000001192092896,neither,condoms
word2vec,-0.04067442566156387,neither,billington
word2vec,0.9868121147155762,shared,truly
word2vec,1.0000001192092896,neither,modular
word2vec,1.0,neither,skeptical
word2vec,1.0,neither,posited
word2vec,1.0000001192092896,neither,otter
word2vec,0.9723262786865234,shared,birthday
word2vec,1.0000001192092896,neither,solanas
word2vec,0.15299518406391144,b_only,ole
word2vec,-0.05711787939071655,neither,tanner
word2vec,1.0000001192092896,a_only,amplitude
word2vec,1.0,neither,holiness
word2vec,0.9941193461418152,shared,onto
word2vec,1.0000001192092896,neither,damages
word2vec,0.1645936518907547,b_only,whispered
word2vec,1.0,neither,fisherman
word2vec,-0.010292092338204384,b_only,moonlight
word2vec,0.8945212364196777,shared,name
word2vec,1.0000001192092896,a_only,adolf
word2vec,0.9919050335884094,shared,convenient
word2vec,0.12590643763542175,neither,imaginations
word2vec,0.0789017379283905,b_only,windibank
word2vec,0.03217168524861336,neither,xxi
word2vec,0.9806190729141235,shared,packed
word2vec,0.9999999403953552,neither,reptiles
word2vec,0.9999999403953552,a_only,cosmology
word2vec,0.9640522599220276,shared,concerning
word2vec,1.0,neither,jubilees
word2vec,0.044435933232307434,neither,jailed
word2vec,0.12051377445459366,neither,farthest
word2vec,0.8875332474708557,shared,rich
word2vec,0.1393262892961502,neither,trains
word2vec,1.0000001192092896,a_only,nh
word2vec,1.0,neither,culturally
word2vec,0.9999999403953552,a_only,alphabet
word2vec,1.0,neither,vgik
word2vec,1.0000001192092896,neither,damned
word2vec,1.0,neither,allegations
word2vec,0.9766145944595337,shared,hop
word2vec,0.9780850410461426,shared,castle
word2vec,0.09006989002227783,neither,inmates
word2vec,0.9994609355926514,shared,male
word2vec,1.0000001192092896,neither,commentator
word2vec,0.08988203853368759,b_only,frankly
word2vec,-6.387875328073278e-05,b_only,drownded
word2vec,0.9884355068206787,shared,contrary
word2vec,1.0,neither,ie
word2vec,0.09962321072816849,b_only,poured
word2vec,-0.08936922252178192,neither,heed
word2vec,1.0,neither,barclay
word2vec,0.9907721281051636,shared,reputation
word2vec,0.04133852198719978,neither,concealment
word2vec,0.7622027397155762,shared,by
word2vec,0.7186769247055054,shared,well
word2vec,1.0,neither,cycles
word2vec,0.9999998807907104,neither,rotary
word2vec,0.9932471513748169,shared,education
word2vec,0.985348105430603,shared,sailor
word2vec,1.0,neither,aryan
word2vec,1.0,neither,filing
word2vec,0.19117633998394012,b_only,earnest
word2vec,1.0,a_only,statues
word2vec,1.0,neither,socialists
word2vec,0.12591153383255005,neither,redder
word2vec,0.9949945211410522,shared,p
word2vec,1.0,neither,bernoulli
word2vec,1.0,a_only,react
word2vec,0.9566579461097717,shared,leg
word2vec,0.01120175514370203,neither,inexperienced
word2vec,1.0,a_only,item
word2vec,1.0,neither,encryption
word2vec,0.9999998807907104,a_only,beta
word2vec,1.0,neither,unsuccessfully
word2vec,0.9522926211357117,shared,telling
word2vec,0.9978963732719421,shared,combination
word2vec,1.0,a_only,nationality
word2vec,0.9950148463249207,shared,imperfect
word2vec,-0.08874674141407013,b_only,sternly
word2vec,0.9605503082275391,shared,carried
word2vec,1.0,neither,domicile
word2vec,1.0,a_only,http
word2vec,1.0,neither,vicksburg
word2vec,0.11624860763549805,neither,arched
word2vec,0.0795324519276619,b_only,tink
word2vec,0.17871487140655518,b_only,humpty
word2vec,0.9640437960624695,shared,alley
word2vec,1.0000001192092896,neither,militiamen
word2vec,1.0,neither,propositions
word2vec,0.1667618304491043,neither,repaid
word2vec,0.11279168725013733,neither,gardeners
word2vec,0.024786202237010002,b_only,waistcoat
word2vec,0.9912065863609314,shared,rapid
word2vec,0.9999999403953552,neither,neural
word2vec,1.0,neither,unpublished
word2vec,0.998889148235321,shared,political
word2vec,-0.06858503073453903,neither,devereux
word2vec,0.06273353099822998,neither,hardest
word2vec,0.2433086484670639,neither,bargain
word2vec,1.0000001192092896,a_only,fails
word2vec,0.9963489174842834,shared,protest
word2vec,0.9999999403953552,a_only,refectory
word2vec,0.9999999403953552,neither,concluding
word2vec,0.9999999403953552,neither,phenylalanine
word2vec,1.0000001192092896,a_only,ra
word2vec,-0.10568519681692123,b_only,suspect
word2vec,0.9778546690940857,shared,deadly
word2vec,0.9843491315841675,shared,increased
word2vec,1.0,neither,sickle
word2vec,1.0,a_only,jersey
word2vec,-0.014572881162166595,neither,dragging
word2vec,0.9588573575019836,shared,god
word2vec,0.991392970085144,shared,atmosphere
word2vec,0.9917248487472534,shared,rocky
word2vec,0.9831966161727905,shared,poverty
word2vec,1.0,neither,reside
word2vec,0.9642235040664673,shared,endeavour
word2vec,0.9999998807907104,neither,frequencies
word2vec,1.0,a_only,chinese
word2vec,0.014969857409596443,neither,balum
word2vec,0.9999999403953552,neither,rez
word2vec,-0.005964179523289204,b_only,thread
word2vec,0.9899542927742004,shared,pouring
word2vec,1.0,neither,akira
word2vec,0.025273600593209267,neither,foresee
word2vec,0.9151938557624817,shared,death
word2vec,0.9979158043861389,neither,compressed
word2vec,1.0,a_only,eusebius
word2vec,1.0,neither,ibook
word2vec,0.9999999403953552,a_only,einstein
word2vec,0.13666336238384247,b_only,embarrassment
word2vec,0.9999999403953552,neither,dominion
word2vec,1.0,neither,puritan
word2vec,0.9937974214553833,shared,dock
word2vec,1.0,neither,solves
word2vec,-0.004578303545713425,neither,lounged
word2vec,0.9999999403953552,a_only,yields
word2vec,1.0000001192092896,a_only,atlas
word2vec,1.0,a_only,bin
word2vec,0.9925416111946106,shared,owned
word2vec,1.0000001192092896,a_only,individualists
word2vec,0.9925074577331543,shared,ridge
word2vec,0.055395081639289856,b_only,lodgings
word2vec,0.9991169571876526,shared,troops
word2vec,0.9999998807907104,neither,derby
word2vec,1.0000001192092896,a_only,goddess
word2vec,1.0,a_only,variant
word2vec,0.9999999403953552,neither,leslie
word2vec,0.9919947981834412,shared,firing
word2vec,0.9075047373771667,shared,conscience
word2vec,1.0,neither,aikikai
word2vec,1.0000001192092896,neither,relational
word2vec,1.0000001192092896,neither,unrest
word2vec,-0.006548023782670498,neither,stamping
word2vec,0.9763537049293518,shared,astonishing
word2vec,-0.0931641235947609,neither,testified
word2vec,0.08393516391515732,b_only,stiff
word2vec,0.8843781352043152,shared,corner
word2vec,1.0000001192092896,neither,zionist
word2vec,0.9999998807907104,neither,competitor
word2vec,1.0,neither,romania
word2vec,1.0000001192092896,a_only,publishing
word2vec,1.0000001192092896,a_only,serial
word2vec,1.0,neither,sectors
word2vec,0.9999999403953552,neither,assumptions
word2vec,1.0,neither,babylonians
word2vec,1.0000001192092896,a_only,philippines
word2vec,0.991418719291687,shared,eternity
word2vec,0.02713874541223049,neither,begging
word2vec,0.9963116645812988,shared,homes
word2vec,-0.016080090776085854,neither,paleness
word2vec,1.0,a_only,restaurants
word2vec,0.9845834970474243,shared,behold
word2vec,0.9905642867088318,shared,farther
word2vec,1.0,a_only,pianist
word2vec,0.9711852073669434,shared,frenchman
word2vec,0.8997803926467896,shared,horses
word2vec,0.0727318525314331,neither,pore
word2vec,0.96225905418396,shared,wished
word2vec,1.0,a_only,albedo
word2vec,1.0,a_only,algebra
word2vec,1.0,neither,hcl
word2vec,1.0,neither,productive
word2vec,1.0000001192092896,a_only,governments
word2vec,1.0000001192092896,neither,spinal
word2vec,0.010514394380152225,neither,butterfly
word2vec,0.16727326810359955,neither,deliverer
word2vec,1.0,neither,erebus
word2vec,0.9999999403953552,neither,intersecting
word2vec,1.0,neither,asserting
word2vec,0.9558274149894714,shared,examined
word2vec,1.0,a_only,adobe
word2vec,1.0,neither,download
word2vec,0.20763447880744934,neither,devilish
word2vec,0.9946614503860474,shared,sentiment
word2vec,0.9999999403953552,a_only,fauna
word2vec,0.9921364188194275,shared,ocean
word2vec,0.9999999403953552,a_only,amines
word2vec,0.041037943214178085,neither,threadbare
word2vec,1.0,neither,insertion
word2vec,1.0,neither,shoots
word2vec,0.0006684809341095388,b_only,desolate
word2vec,0.9918323159217834,shared,advancing
word2vec,0.9960684776306152,shared,discharge
word2vec,0.001872963854111731,neither,appeased
word2vec,0.9999999403953552,a_only,disabilities
word2vec,0.9918118119239807,shared,anglo
word2vec,1.0,neither,utilize
word2vec,1.0,neither,builders
word2vec,1.0,a_only,nicholas
word2vec,0.9204171895980835,shared,boat
word2vec,1.0,neither,transposition
word2vec,1.0,a_only,translate
word2vec,1.0,neither,quasi
word2vec,0.976224958896637,shared,accustomed
word2vec,-0.02683163434267044,b_only,yourself
word2vec,0.8488323092460632,shared,shoulder
word2vec,1.0000001192092896,neither,oscars
word2vec,0.002107002539560199,b_only,waking
word2vec,1.0,a_only,permanently
word2vec,0.995980978012085,shared,pursuits
word2vec,0.9776912927627563,shared,narrow
word2vec,1.0,a_only,metropolitan
word2vec,0.9148297309875488,shared,gave
word2vec,1.0,a_only,drawings
word2vec,0.9914377927780151,shared,endless
word2vec,0.15510649979114532,neither,listeners
word2vec,0.9042533040046692,shared,nice
word2vec,0.9999999403953552,a_only,arminius
word2vec,1.0,neither,anchovies
word2vec,0.9999999403953552,neither,ti
word2vec,0.9999999403953552,neither,empress
word2vec,1.0000001192092896,neither,retail
word2vec,0.9845080375671387,shared,suited
word2vec,0.9999998807907104,neither,implication
word2vec,-0.10935920476913452,b_only,dainty
word2vec,0.9870747327804565,shared,orleans
word2vec,0.08791600912809372,b_only,momentary
word2vec,0.942453145980835,shared,whether
word2vec,0.10728498548269272,b_only,secrecy
word2vec,0.9800750613212585,shared,tending
word2vec,0.21653778851032257,neither,jokes
word2vec,0.9999999403953552,a_only,widespread
word2vec,0.15710493922233582,neither,esq
word2vec,0.9918281435966492,shared,multitude
word2vec,1.0,neither,elves
word2vec,1.0000001192092896,neither,deuterostomes
word2vec,0.9991909861564636,shared,deaths
word2vec,1.0000001192092896,neither,healthcare
word2vec,1.0,neither,phonetic
word2vec,1.0000001192092896,a_only,manufacture
word2vec,1.0,a_only,adams
word2vec,1.0000001192092896,neither,clocks
word2vec,1.0000001192092896,neither,fused
word2vec,1.0000001192092896,neither,foundational
word2vec,1.0000001192092896,neither,mooring
word2vec,1.0,a_only,pollution
word2vec,0.22665339708328247,neither,consummation
word2vec,0.9883714914321899,shared,praise
word2vec,0.9984766840934753,shared,correspondent
word2vec,1.0,a_only,vilayet
word2vec,0.9916554689407349,shared,thorough
word2vec,0.09727749228477478,neither,wring
word2vec,0.1084335669875145,neither,rousing
word2vec,0.9999999403953552,neither,realizing
word2vec,0.09794895350933075,neither,stealthily
word2vec,1.0000001192092896,neither,cervical
word2vec,0.1247524693608284,neither,suggestive
word2vec,0.9613135457038879,shared,kinds
word2vec,1.0000001192092896,a_only,alex
word2vec,0.989128589630127,shared,viii
word2vec,0.9962760806083679,shared,im
word2vec,0.9999999403953552,neither,situational
word2vec,1.0000001192092896,a_only,persia
word2vec,1.0,neither,wiesenthal
word2vec,0.9388571977615356,shared,marriage
word2vec,0.9999998807907104,neither,dwellings
word2vec,0.9973024129867554,shared,recommend
word2vec,0.023036791011691093,b_only,nostrils
word2vec,-0.01635490357875824,neither,resolutions
word2vec,1.0,neither,influx
word2vec,1.0,neither,interred
word2vec,1.0,neither,truths
word2vec,0.07341659814119339,b_only,chaw
word2vec,1.0000001192092896,neither,reconciliation
word2vec,0.9454814791679382,shared,lion
word2vec,1.0000001192092896,a_only,anguilla
word2vec,0.9056313037872314,shared,usual
word2vec,1.0,a_only,bolivia
word2vec,0.9147282242774963,shared,curious
word2vec,0.9999998807907104,a_only,correspond
word2vec,0.973825216293335,shared,arose
word2vec,0.19958657026290894,neither,exertions
word2vec,0.9700934886932373,shared,understood
word2vec,0.9644609093666077,shared,stones
word2vec,0.9973447322845459,shared,elements
word2vec,0.9670631289482117,shared,finally
word2vec,0.9325807094573975,shared,sake
word2vec,0.13170117139816284,neither,petrified
word2vec,0.9999130368232727,shared,problems
word2vec,0.16430765390396118,neither,brash
word2vec,0.1067071259021759,neither,cocked
word2vec,0.9945951104164124,shared,courts
word2vec,0.9960578680038452,shared,travellers
word2vec,1.0,neither,chuck
word2vec,0.9933969974517822,shared,distinction
word2vec,-0.005546971224248409,neither,ripping
word2vec,-0.025113262236118317,neither,glowing
word2vec,0.10210806876420975,neither,matrimonial
word2vec,1.0,a_only,alabaster
word2vec,0.2622224688529968,neither,heiress
word2vec,1.0,neither,skeptics
word2vec,0.9946079254150391,shared,problem
word2vec,0.934037983417511,shared,dodo
word2vec,0.2636982202529907,neither,incredulous
word2vec,0.13614632189273834,b_only,affections
word2vec,1.0000001192092896,neither,malcolm
word2vec,1.0000001192092896,neither,subdivision
word2vec,0.9999998807907104,a_only,distances
word2vec,0.888791024684906,shared,haven
word2vec,0.9814319014549255,shared,severely
word2vec,0.9721032977104187,shared,born
word2vec,1.0,neither,prestige
word2vec,0.8517602682113647,shared,ve
word2vec,1.0,neither,berbers
word2vec,0.9999999403953552,neither,parlance
word2vec,-0.07776004076004028,neither,blaming
word2vec,1.0000001192092896,neither,diana
word2vec,-0.0050368644297122955,neither,discreet
word2vec,1.0,neither,basics
word2vec,1.0000001192092896,neither,pond
word2vec,0.9707799553871155,shared,tight
word2vec,0.993375301361084,shared,concord
word2vec,0.006336127873510122,neither,forgiven
word2vec,0.1351356953382492,neither,refreshing
word2vec,0.985081672668457,shared,mamma
word2vec,0.9729490280151367,shared,advice
word2vec,0.20546282827854156,neither,ledger
word2vec,0.987873911857605,shared,daughters
word2vec,0.9778408408164978,shared,sweep
word2vec,1.0,neither,locate
word2vec,0.133469358086586,neither,assuredly
word2vec,0.9725520014762878,shared,various
word2vec,1.0,neither,garner
word2vec,0.9999998807907104,neither,polynesian
word2vec,1.0000001192092896,neither,pressures
word2vec,1.0,neither,glyphs
word2vec,0.9981333613395691,shared,identified
word2vec,1.0,neither,magister
word2vec,0.9793985486030579,shared,directions
word2vec,1.0,neither,raum
word2vec,0.9612422585487366,shared,exclaimed
word2vec,-0.14298319816589355,b_only,gallantry
word2vec,-0.009836478158831596,b_only,czarina
word2vec,0.9467093348503113,shared,reason
word2vec,1.0,neither,gliders
word2vec,0.9988633990287781,shared,rounds
word2vec,0.9999998807907104,a_only,tests
word2vec,0.9818735122680664,shared,lawrence
word2vec,0.04395280033349991,b_only,implored
word2vec,0.10395656526088715,neither,assizes
word2vec,1.0000001192092896,neither,nineteen
word2vec,0.9999998807907104,neither,associativity
word2vec,1.0,neither,ta
word2vec,1.0,neither,financially
word2vec,0.16072507202625275,b_only,gladness
word2vec,0.9862327575683594,shared,nt
word2vec,1.0,neither,corinthian
word2vec,1.0,a_only,starring
word2vec,0.11915546655654907,neither,choke
word2vec,-0.01424871850758791,neither,lithe
word2vec,0.9686713218688965,shared,triumph
word2vec,0.015653688460588455,b_only,shrill
word2vec,0.1125856339931488,neither,whips
word2vec,0.9999999403953552,neither,forestry
word2vec,1.0,a_only,bangladesh
word2vec,1.0,a_only,seljuk
word2vec,1.0,a_only,transformations
word2vec,0.15253892540931702,neither,fills
word2vec,1.0000001192092896,a_only,doses
word2vec,1.0,neither,oligocene
word2vec,0.9967795014381409,neither,effected
word2vec,0.9984379410743713,shared,asserted
word2vec,1.0,a_only,asperger
word2vec,0.9999998807907104,neither,bans
word2vec,0.9901682138442993,shared,coin
word2vec,-0.16291917860507965,neither,lookyhere
word2vec,1.0,a_only,ceo
word2vec,1.0,a_only,theater
word2vec,0.9972591996192932,shared,integrity
word2vec,0.9992660880088806,shared,dependence
word2vec,0.9704177379608154,shared,blessed
word2vec,0.9987186193466187,shared,improbable
word2vec,0.9943748116493225,shared,excessive
word2vec,0.9456562399864197,shared,shake
word2vec,0.9816541075706482,shared,tables
word2vec,-0.0028346367180347443,b_only,sensible
word2vec,1.0,a_only,taylor
word2vec,0.9999998807907104,a_only,determining
word2vec,0.9910386800765991,shared,belief
word2vec,1.0,a_only,galt
word2vec,0.9970226883888245,shared,impossibility
word2vec,0.09481692314147949,neither,ruther
word2vec,-0.05511707440018654,b_only,stead
word2vec,0.9224421381950378,shared,dress
word2vec,0.9999999403953552,neither,pulmonary
word2vec,1.0,a_only,hitchcock
word2vec,0.01268921047449112,neither,bathed
word2vec,1.0,a_only,bishops
word2vec,0.9999999403953552,a_only,levant
word2vec,0.9999999403953552,a_only,miscellaneous
word2vec,0.98682701587677,shared,balance
word2vec,1.0000001192092896,neither,melanosuchus
word2vec,0.05633431300520897,neither,avowal
word2vec,0.2603593170642853,neither,spectator
word2vec,0.2830358147621155,neither,annoyance
word2vec,0.9999999403953552,a_only,anarchists
word2vec,0.9933121800422668,shared,tunnel
word2vec,1.0,neither,offspring
word2vec,0.992217481136322,shared,chat
word2vec,0.9999999403953552,a_only,gulch
word2vec,0.03235110267996788,neither,lash
word2vec,1.0000001192092896,a_only,discrimination
word2vec,1.0000001192092896,a_only,timeline
word2vec,1.0,a_only,restaurant
word2vec,1.0,neither,jasper
word2vec,1.0,neither,inspect
word2vec,0.9897951483726501,shared,goods
word2vec,-0.0527321957051754,neither,brougham
word2vec,0.9960585832595825,shared,offices
word2vec,1.0000001192092896,a_only,tennessee
word2vec,0.9999999403953552,a_only,comprise
word2vec,0.9763298034667969,shared,disguise
word2vec,0.12116613239049911,neither,barbecue
word2vec,0.892029881477356,shared,without
word2vec,0.9588539600372314,shared,occurred
word2vec,1.0000001192092896,a_only,gordon
word2vec,0.9948214292526245,shared,bush
word2vec,1.0,neither,viewers
word2vec,-0.08135631680488586,neither,stockings
word2vec,0.9655612111091614,shared,milk
word2vec,0.9928795099258423,shared,nobility
word2vec,-0.03226963430643082,b_only,justine
word2vec,1.0000001192092896,neither,beazley
word2vec,1.0,a_only,furthermore
word2vec,0.9999998807907104,neither,sterling
word2vec,-0.22535474598407745,neither,cain
word2vec,0.020744571462273598,neither,rustic
word2vec,1.0,a_only,pagan
word2vec,0.9375082850456238,shared,husband
word2vec,0.15135209262371063,b_only,coarse
word2vec,1.0,neither,intervened
word2vec,0.11169740557670593,neither,fumbled
word2vec,0.9999999403953552,neither,abb
word2vec,0.8925094604492188,shared,feeling
word2vec,1.0,neither,ambitions
word2vec,0.9999999403953552,a_only,activist
word2vec,0.9915388226509094,shared,patriotic
word2vec,0.9999998807907104,neither,untreated
word2vec,0.9999998807907104,neither,greens
word2vec,1.0,neither,occupying
word2vec,0.14618973433971405,neither,xxx
word2vec,0.9999999403953552,neither,annotated
word2vec,0.2758830487728119,neither,brooch
word2vec,0.9999999403953552,neither,enzyme
word2vec,1.0000001192092896,a_only,gene
word2vec,0.9159063696861267,shared,amongst
word2vec,1.0000001192092896,neither,righteous
word2vec,0.9887220859527588,shared,st
word2vec,0.875569760799408,shared,care
word2vec,0.9548727869987488,shared,lip
word2vec,1.0,neither,endorsed
word2vec,0.9999998807907104,a_only,champions
word2vec,0.9992693066596985,shared,paragraph
word2vec,-0.11396200209856033,neither,indignantly
word2vec,0.974459171295166,shared,peril
word2vec,1.0,a_only,hastings
word2vec,1.0,neither,consecrated
word2vec,0.2854667603969574,neither,pang
word2vec,-0.038760460913181305,neither,mourners
word2vec,1.0,a_only,circular
word2vec,0.05843120813369751,neither,myriads
word2vec,1.0000001192092896,a_only,starred
word2vec,1.0,a_only,international
word2vec,0.1756971925497055,neither,diligence
word2vec,-0.03753063827753067,neither,daisy
word2vec,1.0000001192092896,neither,traveling
word2vec,0.9097025394439697,shared,anything
word2vec,1.0,a_only,compounds
word2vec,1.0000001192092896,neither,email
word2vec,0.9999998807907104,neither,observational
word2vec,1.0000001192092896,neither,nafta
word2vec,0.9961739182472229,shared,extending
word2vec,1.0,neither,positioning
word2vec,1.0,neither,alternating
word2vec,1.0000001192092896,a_only,category
word2vec,1.0,neither,freezing
word2vec,0.2965407073497772,b_only,10
word2vec,0.05337785184383392,neither,heaved
word2vec,0.11229631304740906,neither,lust
word2vec,1.0,neither,aleut
word2vec,-0.06270488351583481,b_only,howling
word2vec,1.0,a_only,ron
word2vec,1.0,neither,metternich
word2vec,1.0,neither,tournaments
word2vec,0.07482822239398956,neither,muddy
word2vec,1.0,neither,southward
word2vec,0.9545615911483765,shared,den
word2vec,0.9999999403953552,neither,southwestern
word2vec,1.0,neither,unprecedented
word2vec,1.0,a_only,exists
word2vec,1.0,a_only,maintaining
word2vec,0.9999998807907104,a_only,spectacular
word2vec,1.0,neither,revolving
word2vec,1.0000001192092896,neither,institutional
word2vec,0.08600524812936783,neither,unimportant
word2vec,1.0,a_only,approximately
word2vec,0.9999999403953552,a_only,aes
word2vec,0.08355394750833511,neither,extinguish
word2vec,0.9903187155723572,shared,mounted
word2vec,0.9933314919471741,shared,richard
word2vec,0.992409348487854,shared,decoration
word2vec,1.0000001192092896,a_only,flights
word2vec,1.0000001192092896,a_only,locations
word2vec,0.9993260502815247,shared,expensive
word2vec,1.0,neither,moniker
word2vec,1.0,neither,forrest
word2vec,0.9999998807907104,neither,enforce
word2vec,0.9956609606742859,shared,encouragement
word2vec,0.13020384311676025,neither,splashing
word2vec,1.0000001192092896,neither,celebrity
word2vec,0.9999998807907104,neither,rafter
word2vec,0.9999998807907104,neither,faulty
word2vec,1.0,neither,acidity
word2vec,0.9999999403953552,a_only,orthodox
word2vec,0.16259373724460602,b_only,hurriedly
word2vec,1.0000001192092896,neither,landings
word2vec,0.9817469120025635,shared,collected
word2vec,0.9584182500839233,shared,point
word2vec,0.9888761639595032,shared,romance
word2vec,1.0,a_only,ukrainian
word2vec,0.9999569654464722,shared,flora
word2vec,0.9901020526885986,shared,energetic
word2vec,1.0,neither,trinidad
word2vec,1.0000001192092896,neither,incest
word2vec,1.0,neither,dominus
word2vec,1.0,neither,ivb
word2vec,0.13865764439105988,neither,reproof
word2vec,0.05281229317188263,neither,beaufort
word2vec,0.982637882232666,shared,victim
word2vec,0.9999998807907104,a_only,neil
word2vec,1.0,a_only,dutch
word2vec,0.9374552965164185,shared,carriage
word2vec,1.0,a_only,eurovision
word2vec,1.0,neither,canceled
word2vec,0.9740855097770691,shared,failed
word2vec,1.0,neither,hawaiian
word2vec,0.8370717763900757,shared,lady
word2vec,1.0000001192092896,neither,ars
word2vec,0.10375608503818512,b_only,chaise
word2vec,0.978805422782898,shared,louis
word2vec,0.9968410134315491,shared,priest
word2vec,1.0,neither,ancients
word2vec,0.9570885300636292,shared,send
word2vec,0.9964342713356018,shared,assent
word2vec,0.9999998807907104,a_only,abram
word2vec,1.0,neither,reginae
word2vec,1.0,neither,bayreuth
word2vec,0.9843421578407288,shared,admitted
word2vec,0.9999998807907104,a_only,abc
word2vec,1.0,neither,republics
word2vec,1.0,neither,martyr
word2vec,1.0000001192092896,neither,conceivable
word2vec,0.970933198928833,shared,ourselves
word2vec,1.0,neither,critiques
word2vec,1.0,neither,methodist
word2vec,0.9882916212081909,shared,generosity
word2vec,0.07310814410448074,neither,doings
word2vec,1.0,neither,daphne
word2vec,1.0,neither,afghana
word2vec,-0.09513682872056961,neither,lo
word2vec,0.9247048497200012,shared,memory
word2vec,0.9999998807907104,neither,newfoundland
word2vec,0.8751341700553894,shared,own
word2vec,1.0,neither,affidavit
word2vec,1.0,neither,cincinnati
word2vec,1.0,neither,agnes
word2vec,0.9892737865447998,shared,blank
word2vec,0.9702731966972351,shared,meantime
word2vec,0.9932256937026978,shared,mentioning
word2vec,0.0681002140045166,b_only,collar
word2vec,-0.027975421398878098,b_only,insolent
word2vec,-0.05964416638016701,b_only,entreaty
word2vec,0.9274040460586548,shared,twelve
word2vec,0.9999999403953552,a_only,autobiography
word2vec,0.9757923483848572,shared,pure
word2vec,1.0,neither,browser
word2vec,1.0000001192092896,neither,preuschen
word2vec,1.0,neither,abuses
word2vec,1.0,neither,kyu
word2vec,0.9925326108932495,shared,separation
word2vec,1.0000001192092896,a_only,battles
word2vec,0.9974899291992188,shared,varying
word2vec,0.9999999403953552,neither,billboard
word2vec,0.035929273813962936,neither,carpathians
word2vec,1.0,a_only,involvement
word2vec,0.9999998807907104,neither,parasite
word2vec,0.9265984296798706,shared,jam
word2vec,1.0,neither,gymnasium
word2vec,0.9999999403953552,neither,actaeon
word2vec,1.0,a_only,fernando
word2vec,1.0,neither,alarms
word2vec,0.9366044998168945,shared,pleasure
word2vec,1.0,a_only,ethiopic
word2vec,1.0,neither,plaque
word2vec,0.1442832052707672,neither,toss
word2vec,1.0000001192092896,neither,mentor
word2vec,0.8946239948272705,shared,turn
word2vec,1.0000001192092896,a_only,octavian
word2vec,0.9298513531684875,shared,brother
word2vec,0.9981324076652527,shared,lieutenant
word2vec,1.0,a_only,aaron
word2vec,0.990103542804718,shared,favoured
word2vec,0.9963740706443787,shared,government
word2vec,1.0,a_only,scripture
word2vec,0.9876194000244141,shared,prey
word2vec,0.9105184674263,shared,fellows
word2vec,0.24734999239444733,neither,concealing
word2vec,0.9925574064254761,shared,teachers
word2vec,1.0,neither,spandau
word2vec,0.8982523083686829,shared,honest
word2vec,0.9571053385734558,shared,er
word2vec,0.1718682497739792,b_only,waving
word2vec,1.0000001192092896,a_only,amide
word2vec,0.9887076616287231,shared,pushing
word2vec,1.0000001192092896,a_only,substantial
word2vec,1.0000001192092896,a_only,quantitative
word2vec,0.9999999403953552,neither,rho
word2vec,0.9133925437927246,shared,new
word2vec,0.9999998807907104,neither,mbox
word2vec,0.9985141754150391,shared,frontier
word2vec,0.989915132522583,shared,surveyed
word2vec,0.9220761656761169,shared,windows
word2vec,0.9999999403953552,a_only,decisions
word2vec,1.0000001192092896,neither,bicameral
word2vec,0.9999999403953552,a_only,portals
word2vec,0.9973055720329285,shared,appointment
word2vec,1.0,neither,scan
word2vec,0.9866952300071716,shared,wool
word2vec,0.9999998807907104,neither,civilized
word2vec,1.0000001192092896,a_only,fleming
word2vec,0.13577495515346527,b_only,nuther
word2vec,-0.0544857420027256,neither,accursed
word2vec,0.9935539364814758,shared,results
word2vec,-0.054489556699991226,neither,baggage
word2vec,0.9999998807907104,neither,lineman
word2vec,0.9974327683448792,shared,successfully
word2vec,1.0,neither,videos
word2vec,1.0,neither,transept
word2vec,1.0,neither,cruise
word2vec,0.9934743046760559,shared,completion
word2vec,1.0000001192092896,neither,arena
word2vec,1.0000001192092896,a_only,composer
word2vec,1.0,neither,fragile
word2vec,1.0,a_only,crossroads
word2vec,0.997272253036499,shared,associated
word2vec,0.2384641021490097,b_only,endured
word2vec,0.9854421615600586,shared,possibility
word2vec,0.9999999403953552,neither,sue
word2vec,0.10755439102649689,neither,uncles
word2vec,-0.003826131345704198,neither,chattered
word2vec,0.9574471712112427,shared,obliged
word2vec,0.868385910987854,shared,hope
word2vec,1.0,a_only,nickname
word2vec,0.9981274008750916,shared,net
word2vec,0.9931742548942566,shared,folly
word2vec,1.0,neither,disbelief
word2vec,0.950219452381134,shared,suffer
word2vec,1.0,neither,glands
word2vec,0.9782739877700806,shared,powers
word2vec,0.9863888621330261,shared,planned
word2vec,0.7119369506835938,shared,the
word2vec,0.9894532561302185,shared,wealth
word2vec,1.0,neither,phoebastria
word2vec,0.9999999403953552,neither,levy
word2vec,1.0,neither,providers
word2vec,1.0,neither,futurama
word2vec,1.0,neither,propulsion
word2vec,0.8325287699699402,shared,every
word2vec,1.0,neither,sect
word2vec,-0.06430736929178238,b_only,rags
word2vec,1.0000001192092896,neither,midas
word2vec,-0.058811821043491364,neither,refreshed
word2vec,0.9999999403953552,a_only,funk
word2vec,-0.3083384037017822,neither,striving
word2vec,0.9978804588317871,shared,stating
word2vec,0.9288870096206665,shared,stick
word2vec,0.0804259330034256,neither,purr
word2vec,-0.12172169983386993,neither,meagre
word2vec,1.0,neither,analytics
word2vec,0.9477834701538086,shared,bare
word2vec,0.9979469776153564,shared,consuming
word2vec,0.10261709988117218,neither,yew
word2vec,0.9768723845481873,shared,thee
word2vec,1.0000001192092896,a_only,trilogy
word2vec,0.9686643481254578,shared,waves
word2vec,1.0,neither,citadel
word2vec,0.9999998807907104,neither,dred
word2vec,0.9976081252098083,shared,vehicle
word2vec,1.0,a_only,tai
word2vec,0.1056012362241745,neither,ingenious
word2vec,-0.006431212183088064,b_only,rattle
word2vec,1.0,a_only,varies
word2vec,1.0000001192092896,a_only,monasteries
word2vec,0.9950264692306519,shared,expense
word2vec,0.8518407344818115,shared,copyright
word2vec,0.9990901947021484,shared,j
word2vec,0.9943483471870422,shared,acknowledged
word2vec,1.0,neither,dune
word2vec,0.13651658594608307,b_only,awful
word2vec,-0.036175843328237534,b_only,jolly
word2vec,1.0,a_only,role
word2vec,0.9999998807907104,neither,robust
word2vec,0.15004460513591766,neither,treacle
word2vec,1.0,neither,tt
word2vec,0.9937395453453064,shared,movements
word2vec,0.22628912329673767,b_only,roared
word2vec,-0.10368533432483673,neither,marooners
word2vec,1.0000001192092896,neither,decreed
word2vec,1.0,a_only,agreements
word2vec,1.0000001192092896,a_only,worldwide
word2vec,1.0,neither,agrarianism
word2vec,1.0000001192092896,a_only,aquarius
word2vec,1.0000001192092896,neither,leto
word2vec,0.19721287488937378,neither,bandage
word2vec,1.0,neither,regeneration
word2vec,0.9914249181747437,neither,clip
word2vec,1.0,neither,ceases
word2vec,1.0000001192092896,neither,dilation
word2vec,1.0,a_only,premiers
word2vec,0.9999999403953552,a_only,tissue
word2vec,0.9914360046386719,shared,slain
word2vec,1.0,a_only,despite
word2vec,0.9651517271995544,shared,counted
word2vec,-0.023857297375798225,b_only,disgust
word2vec,1.0,a_only,claude
word2vec,1.0,a_only,unsafe
word2vec,0.19222339987754822,b_only,mo
word2vec,0.05854469910264015,neither,willows
word2vec,1.0000001192092896,neither,bertha
word2vec,0.967463493347168,shared,harvey
word2vec,0.483966201543808,neither,burnwell
word2vec,1.0000001192092896,neither,abrasax
word2vec,0.9962896704673767,shared,earn
word2vec,0.04602165147662163,neither,neatly
word2vec,0.9999998807907104,neither,gambling
word2vec,0.9918295741081238,shared,button
word2vec,0.9999999403953552,neither,walt
word2vec,1.0,neither,spassky
word2vec,1.0,a_only,commerce
word2vec,0.2740842401981354,neither,ballarat
word2vec,1.0,neither,configurations
word2vec,1.0,neither,reservoir
word2vec,1.0000001192092896,neither,busiest
word2vec,0.9947603344917297,shared,burial
word2vec,1.0,neither,characterised
word2vec,0.9999999403953552,a_only,conrad
word2vec,1.0,neither,clockwise
word2vec,0.9999999403953552,neither,cameron
word2vec,1.0,a_only,temperatures
word2vec,0.9720569252967834,shared,winter
word2vec,0.9566332697868347,shared,thoughts
word2vec,1.0,neither,hieroglyphic
word2vec,1.0,neither,arousal
word2vec,1.0000001192092896,neither,pakistani
word2vec,0.9840819835662842,shared,hell
word2vec,1.0,a_only,ft
word2vec,1.0,a_only,aga
word2vec,1.0000001192092896,a_only,emigrated
word2vec,1.0,a_only,algae
word2vec,0.9794220924377441,shared,bars
word2vec,1.0000001192092896,a_only,issues
word2vec,1.0,neither,byzantium
word2vec,1.0,neither,blasphemous
word2vec,0.0811898484826088,neither,extraordinarily
word2vec,-0.09487032145261765,b_only,fetch
word2vec,-0.1812291443347931,b_only,tinker
word2vec,0.9985442161560059,shared,statue
word2vec,1.0,neither,reciprocal
word2vec,0.9741321802139282,shared,human
word2vec,1.0,a_only,manual
word2vec,1.0,a_only,classification
word2vec,1.0000001192092896,neither,malaria
word2vec,0.9815433621406555,shared,importance
word2vec,0.9963974952697754,shared,emergency
word2vec,0.9999999403953552,a_only,elector
word2vec,1.0,neither,ordinance
word2vec,-0.044880107045173645,b_only,wickedness
word2vec,0.9277534484863281,shared,whose
word2vec,0.9989980459213257,shared,hungarian
word2vec,0.9982733130455017,shared,varieties
word2vec,1.0,a_only,agamemnon
word2vec,0.9956385493278503,shared,returns
word2vec,0.9932489395141602,shared,beer
word2vec,0.9949139952659607,shared,recent
word2vec,-0.13480067253112793,neither,smollet
word2vec,0.9944989681243896,shared,responded
word2vec,1.0000001192092896,neither,solvents
word2vec,0.06865571439266205,neither,realism
word2vec,-0.007230951450765133,b_only,indignation
word2vec,1.0000001192092896,a_only,warfare
word2vec,0.9878466129302979,shared,highest
word2vec,0.956409215927124,shared,savage
word2vec,-0.17797774076461792,b_only,consolation
word2vec,0.9915267825126648,shared,teacher
word2vec,0.9999998807907104,neither,registration
word2vec,1.0,a_only,communion
word2vec,1.0,a_only,aqueous
word2vec,1.0,a_only,integration
word2vec,1.0,neither,abscesses
word2vec,1.0,neither,quarks
word2vec,0.9825845956802368,shared,treated
word2vec,0.998608410358429,shared,psychological
word2vec,1.0,neither,footage
word2vec,0.9813792705535889,shared,grey
word2vec,0.0256270132958889,neither,ribbons
word2vec,1.0,neither,concentrating
word2vec,1.0000001192092896,neither,tezuka
word2vec,0.9975636005401611,shared,amazing
word2vec,1.0,neither,snail
word2vec,0.9931151866912842,shared,maker
word2vec,0.9968950748443604,shared,heroic
word2vec,0.9248312711715698,shared,entirely
word2vec,0.9999998807907104,neither,cu
word2vec,0.9602646827697754,shared,able
word2vec,1.0,a_only,implied
word2vec,0.9761592745780945,shared,custom
word2vec,0.9999999403953552,neither,libyan
word2vec,-0.029521893709897995,b_only,sleeps
word2vec,0.9999999403953552,neither,macmillan
word2vec,0.9928300380706787,shared,staggered
word2vec,0.04256223887205124,b_only,scared
word2vec,0.9727534651756287,shared,plans
word2vec,1.0,neither,rwanda
word2vec,0.987912118434906,shared,smallest
word2vec,-0.138794407248497,b_only,charming
word2vec,1.0,a_only,solo
word2vec,0.08971057087182999,neither,undisturbed
word2vec,0.9929822087287903,shared,cooking
word2vec,0.9951236248016357,shared,distrust
word2vec,0.01043170876801014,b_only,wickham
word2vec,1.0,neither,paradoxer
word2vec,0.08650419861078262,neither,smote
word2vec,0.9962453246116638,shared,chaos
word2vec,0.9999999403953552,neither,functionalism
word2vec,0.9970695972442627,shared,machine
word2vec,-0.05099817365407944,neither,encompassed
word2vec,1.0,a_only,lithuania
word2vec,1.0,neither,ang
word2vec,1.0,neither,wavelength
word2vec,-0.006052014883607626,neither,perturbed
word2vec,0.9999999403953552,a_only,efficient
word2vec,1.0,neither,swimmer
word2vec,0.9956052899360657,shared,issue
word2vec,0.9970677495002747,shared,southern
word2vec,0.9999999403953552,neither,handled
word2vec,1.0,neither,clarence
word2vec,1.0,a_only,headquarters
word2vec,1.0,a_only,enlarged
word2vec,0.0826030969619751,b_only,groaned
word2vec,0.10584913194179535,b_only,lodging
word2vec,0.8549801111221313,shared,old
word2vec,0.9866055250167847,shared,conducted
word2vec,1.0,neither,banded
word2vec,0.24245129525661469,b_only,trod
word2vec,0.04144483432173729,neither,intricate
word2vec,0.9999998807907104,neither,handbuch
word2vec,1.0000001192092896,neither,azerbaijani
word2vec,-0.009473852813243866,b_only,utter
word2vec,0.9875708818435669,neither,fountains
word2vec,0.9999998807907104,neither,possibilities
word2vec,-0.14486458897590637,b_only,contempt
word2vec,0.8995286822319031,shared,couple
word2vec,1.0,neither,tiberian
word2vec,1.0000001192092896,a_only,opus
word2vec,0.06190192326903343,neither,britches
word2vec,0.11889804899692535,b_only,coldly
word2vec,0.9999999403953552,a_only,comprising
word2vec,1.0,neither,ieee
word2vec,0.07740506529808044,neither,luggage
word2vec,0.9895473122596741,shared,dwell
word2vec,1.0000001192092896,neither,volkswagen
word2vec,1.0,neither,prone
word2vec,1.0000001192092896,neither,equatorial
word2vec,0.9630212783813477,shared,credit
word2vec,0.9861456155776978,shared,drift
word2vec,1.0,neither,avoiding
word2vec,0.9999998807907104,neither,accomplish
word2vec,1.0,neither,septuagint
word2vec,1.0,neither,willers
word2vec,1.0,a_only,astronauts
word2vec,0.9999998807907104,neither,mutations
word2vec,0.9605547189712524,shared,dollars
word2vec,1.0000001192092896,a_only,ranges
word2vec,0.998040497303009,shared,poet
word2vec,0.9999998807907104,a_only,computers
word2vec,0.8663331270217896,shared,safe
word2vec,1.0,a_only,lincoln
word2vec,1.0,neither,skater
word2vec,-0.07920828461647034,neither,fret
word2vec,0.23342083394527435,neither,bursting
word2vec,-0.029892239719629288,b_only,melancholy
word2vec,0.9999999403953552,a_only,phenomena
word2vec,1.0,neither,toxicity
word2vec,0.07976442575454712,neither,infernal
word2vec,1.0000001192092896,neither,hath
word2vec,1.0,neither,garrett
word2vec,1.0,neither,battled
word2vec,1.0,neither,bonded
word2vec,0.9479128122329712,shared,expression
word2vec,0.9912847876548767,shared,hospitality
word2vec,1.0000001192092896,neither,mongols
word2vec,0.9999998807907104,a_only,surgical
word2vec,1.0,a_only,penguin
word2vec,1.0000001192092896,a_only,contest
word2vec,0.11510470509529114,neither,distrusted
word2vec,1.0,neither,maccabees
word2vec,1.0,neither,brake
word2vec,0.7836782932281494,shared,madame
word2vec,1.0,a_only,phenomenon
word2vec,0.9995682239532471,shared,rejection
word2vec,0.9999999403953552,neither,polycarp
word2vec,0.9859721064567566,shared,occasions
word2vec,0.9973891973495483,shared,essential
word2vec,1.0,a_only,crops
word2vec,1.0,a_only,suez
word2vec,0.9999999403953552,a_only,licensing
word2vec,1.0,a_only,cardinal
word2vec,1.0,neither,domesticated
word2vec,1.0,a_only,reforms
word2vec,1.0,neither,theoretically
word2vec,0.9999998807907104,neither,erik
word2vec,1.0000001192092896,a_only,noun
word2vec,0.9964607357978821,shared,readers
word2vec,1.0,neither,mint
word2vec,0.9632878303527832,shared,crime
word2vec,1.0000001192092896,neither,jinx
word2vec,0.121485635638237,neither,nobleman
word2vec,0.9948838353157043,shared,dwelt
word2vec,1.0,neither,ignoring
word2vec,-0.03179242089390755,neither,stains
word2vec,1.0,a_only,androids
word2vec,0.9023789167404175,shared,everybody
word2vec,1.0,neither,junction
word2vec,-0.0340326651930809,b_only,climbed
word2vec,0.9999999403953552,a_only,convert
word2vec,0.9634273052215576,shared,grand
word2vec,1.0,neither,dennis
word2vec,0.9869427680969238,shared,conclusion
word2vec,0.9962646961212158,shared,interview
word2vec,1.0,a_only,archives
word2vec,0.9999999403953552,a_only,optical
word2vec,1.0,neither,heroin
word2vec,0.05921056121587753,neither,scorn
word2vec,0.8995825052261353,shared,middle
word2vec,1.0,a_only,alternatives
word2vec,0.1756623536348343,neither,diffidence
word2vec,0.8356780409812927,shared,comes
word2vec,1.0,a_only,princeton
word2vec,1.0,a_only,generate
word2vec,0.9945220351219177,shared,ivory
word2vec,0.9999999403953552,a_only,caucasus
word2vec,0.8946593403816223,shared,family
word2vec,1.0000001192092896,a_only,luanda
word2vec,1.0000001192092896,a_only,reduction
word2vec,0.9480590224266052,shared,devil
word2vec,0.9999999403953552,neither,preserving
word2vec,0.9757112264633179,shared,stirred
word2vec,0.8835325837135315,shared,please
word2vec,1.0,neither,gnu
word2vec,0.909058690071106,shared,getting
word2vec,0.13365866243839264,neither,flowerlike
word2vec,0.1602063924074173,b_only,heartless
word2vec,1.0000001192092896,neither,dome
word2vec,1.0000001192092896,neither,brewster
word2vec,1.0,a_only,priscus
word2vec,0.9597861170768738,shared,reply
word2vec,0.9657696485519409,shared,wore
word2vec,0.993061900138855,shared,push
word2vec,0.9999999403953552,neither,petrels
word2vec,0.9386863708496094,shared,messenger
word2vec,0.9999999403953552,a_only,lyrics
word2vec,1.0,neither,aminoacids
word2vec,0.9257314205169678,shared,signs
word2vec,0.9999999403953552,a_only,afghanistan
word2vec,0.004285458009690046,neither,petals
word2vec,0.13466142117977142,neither,mildness
word2vec,0.0484875924885273,neither,gratifying
word2vec,-0.05149320885539055,neither,uncomfortably
word2vec,0.9063822031021118,shared,suddenly
word2vec,0.9974063038825989,shared,americans
word2vec,0.001056197565048933,neither,mirth
word2vec,1.0,a_only,etymology
word2vec,0.9968653321266174,shared,social
word2vec,1.0,neither,contributes
word2vec,1.0,a_only,akkad
word2vec,1.0,a_only,grants
word2vec,0.8937481045722961,shared,hair
word2vec,1.0,a_only,calculating
word2vec,0.9782702922821045,shared,flies
word2vec,0.0050942134112119675,b_only,cigars
word2vec,1.0,neither,dime
word2vec,0.029455607756972313,b_only,softly
word2vec,0.20997367799282074,neither,quieted
word2vec,1.0,neither,anthology
word2vec,0.9496632814407349,shared,attention
word2vec,0.980050265789032,shared,fright
word2vec,0.015347509644925594,neither,savagely
word2vec,0.03259223699569702,neither,buzzing
word2vec,0.33319711685180664,neither,complaisance
word2vec,0.14580795168876648,b_only,lid
word2vec,0.1304360032081604,neither,daybreak
word2vec,1.0,a_only,prices
word2vec,1.0,neither,admetus
word2vec,0.991871178150177,shared,arch
word2vec,0.046611055731773376,neither,shepherdsons
word2vec,0.8822877407073975,shared,sometimes
word2vec,0.9999999403953552,a_only,seeks
word2vec,0.9999999403953552,neither,aztlan
word2vec,0.8073601126670837,shared,had
word2vec,0.9939122796058655,shared,ray
word2vec,-0.09923964738845825,neither,knit
word2vec,1.0000001192092896,a_only,ontario
word2vec,0.9981445074081421,shared,drives
word2vec,0.9999999403953552,neither,flee
word2vec,0.9999998807907104,neither,violinist
word2vec,1.0,a_only,percentage
word2vec,-0.08306927978992462,neither,flirt
word2vec,1.0000001192092896,neither,faire
word2vec,1.0,neither,rallies
word2vec,1.0,neither,focusing
word2vec,1.0,a_only,politician
word2vec,0.9999998807907104,neither,montreal
word2vec,0.993152916431427,shared,statement
word2vec,1.0,neither,eschatological
word2vec,-0.030191563069820404,neither,necks
word2vec,1.0,neither,seyss
word2vec,0.07276955246925354,neither,grangerford
word2vec,1.0,neither,byte
word2vec,1.0,neither,linda
word2vec,1.0,neither,transforming
word2vec,1.0000001192092896,a_only,gamma
word2vec,1.0000001192092896,neither,democrat
word2vec,0.9999998807907104,neither,principality
word2vec,0.9999999403953552,a_only,cluster
word2vec,1.0,neither,puppet
word2vec,-0.022111879661679268,neither,fading
word2vec,0.9985254406929016,shared,dealing
word2vec,1.0,a_only,governors
word2vec,1.0,a_only,gospel
word2vec,0.9999999403953552,a_only,gnostic
word2vec,0.9999998807907104,a_only,evaluation
word2vec,0.9620749354362488,shared,bow
word2vec,1.0,neither,priories
word2vec,0.9999999403953552,neither,multicultural
word2vec,0.9963811039924622,shared,traced
word2vec,0.06973554193973541,neither,fatality
word2vec,1.0,neither,inert
word2vec,0.996515691280365,shared,miniature
word2vec,1.0000001192092896,neither,relies
word2vec,1.0000001192092896,a_only,barbara
word2vec,-0.025828134268522263,b_only,commonplace
word2vec,0.9972542524337769,shared,episode
word2vec,-0.03232281282544136,b_only,intolerable
word2vec,1.0000001192092896,a_only,firearms
word2vec,1.0000001192092896,neither,expansionism
word2vec,0.06566475331783295,b_only,whither
word2vec,1.0000001192092896,a_only,formations
word2vec,1.0,a_only,extract
word2vec,0.9891838431358337,shared,unexpected
word2vec,1.0000001192092896,neither,fallacy
word2vec,1.0,neither,boulevard
word2vec,-0.1334730088710785,b_only,haggard
word2vec,1.0000001192092896,a_only,territorial
word2vec,0.13193802535533905,neither,commended
word2vec,0.07257817685604095,b_only,glided
word2vec,0.9999999403953552,neither,spiny
word2vec,1.0,a_only,suggests
word2vec,0.9989320039749146,shared,serving
word2vec,1.0,neither,dormitory
word2vec,0.9939759969711304,shared,species
word2vec,1.0000001192092896,neither,objectivists
word2vec,0.9866942167282104,shared,thoroughly
word2vec,0.9999998807907104,a_only,derivation
word2vec,0.9999999403953552,neither,kandahar
word2vec,0.061341170221567154,neither,dono
word2vec,0.22144585847854614,neither,pleases
word2vec,0.14615334570407867,neither,advisable
word2vec,0.997269868850708,shared,resignation
word2vec,1.0,a_only,howard
word2vec,0.9992319345474243,shared,authoritative
word2vec,0.050894688814878464,b_only,unicorn
word2vec,0.9854704141616821,shared,centre
word2vec,-0.1354181319475174,neither,rapscallions
word2vec,1.0,a_only,newton
word2vec,0.9999998807907104,neither,elizabethan
word2vec,1.0,neither,selznick
word2vec,0.1613118201494217,neither,compassionate
word2vec,1.0,neither,dvg
word2vec,0.9766887426376343,shared,favour
word2vec,1.0000001192092896,neither,uma
word2vec,0.9999998807907104,a_only,monuments
word2vec,0.94110506772995,shared,extraordinary
word2vec,1.0,neither,sediments
word2vec,0.9462509155273438,shared,particular
word2vec,1.0000001192092896,neither,sacrifices
word2vec,0.9965278506278992,shared,argued
word2vec,-0.050105538219213486,b_only,gaze
word2vec,1.0,neither,usenet
word2vec,0.7927937507629395,shared,back
word2vec,0.8789136409759521,shared,things
word2vec,-0.02546008862555027,neither,neighborhood
word2vec,1.0000001192092896,neither,kaposi
word2vec,0.1159200370311737,b_only,canvas
word2vec,0.12775366008281708,neither,keenest
word2vec,-0.017996981739997864,neither,especial
word2vec,0.0438363291323185,b_only,rag
word2vec,0.9786087274551392,shared,opposite
word2vec,0.9999998807907104,neither,lyceum
word2vec,0.8758630156517029,shared,part
word2vec,1.0000001192092896,a_only,reducing
word2vec,0.9833629131317139,shared,chose
word2vec,0.9028195738792419,shared,hunt
word2vec,-0.06822430342435837,neither,kean
word2vec,0.12964344024658203,neither,scanty
word2vec,0.9995868802070618,shared,acid
word2vec,1.0,a_only,anaximander
word2vec,0.9946771860122681,shared,system
word2vec,0.013773332349956036,b_only,soothed
word2vec,0.21669013798236847,neither,harness
word2vec,0.9979985952377319,shared,boundary
word2vec,1.0,neither,trevor
word2vec,-0.16207192838191986,neither,dawned
word2vec,0.9999999403953552,neither,ozone
word2vec,0.9961466193199158,shared,unchanged
word2vec,1.0,a_only,constitutional
word2vec,0.9999998807907104,neither,sr
word2vec,0.9999999403953552,neither,wehrmacht
word2vec,1.0000001192092896,a_only,hart
word2vec,0.052867989987134933,neither,strove
word2vec,1.0000001192092896,neither,pygmalion
word2vec,0.9916655421257019,shared,bleeding
word2vec,1.0,neither,clytemnestra
word2vec,1.0000001192092896,neither,kelly
word2vec,1.0000001192092896,neither,indies
word2vec,1.0,a_only,spontaneous
word2vec,1.0000001192092896,neither,inaugurated
word2vec,0.8757200241088867,shared,worth
word2vec,0.9999999403953552,a_only,baltic
word2vec,-0.027569616213440895,b_only,leaned
word2vec,-0.05507899448275566,b_only,transylvania
word2vec,1.0,neither,container
word2vec,0.9625062346458435,shared,marks
word2vec,1.0,neither,sanctioned
word2vec,0.2097262740135193,neither,benches
word2vec,1.0,a_only,depicts
word2vec,1.0000001192092896,a_only,plateau
word2vec,-0.08917940407991409,neither,noisy
word2vec,0.014576763845980167,b_only,cooked
word2vec,1.0000001192092896,a_only,presumably
word2vec,0.08236806839704514,neither,postmaster
word2vec,-0.05090219900012016,neither,illuminated
word2vec,1.0,a_only,armenian
word2vec,0.8405575156211853,shared,mrs
word2vec,0.999154269695282,neither,announcement
word2vec,0.9999998807907104,neither,amex
word2vec,1.0,neither,formulations
word2vec,0.051631610840559006,neither,sumach
word2vec,0.9999998807907104,neither,symposium
word2vec,1.0,neither,helios
word2vec,0.9999998807907104,neither,ardipithecus
word2vec,0.8882279396057129,shared,laid
word2vec,0.9955493211746216,shared,professors
word2vec,1.0000001192092896,neither,syrian
word2vec,1.0,a_only,ports
word2vec,1.0,a_only,oval
word2vec,0.9999998807907104,neither,abdominus
word2vec,1.0,a_only,robots
word2vec,1.0,neither,probabilistic
word2vec,0.9735956192016602,shared,bitterly
word2vec,1.0,neither,substituents
word2vec,0.9999998807907104,neither,explosions
word2vec,1.0,a_only,astronomical
word2vec,1.0,neither,subgroup
word2vec,-0.0180954746901989,neither,tray
word2vec,0.9999998807907104,a_only,ion
word2vec,0.10935059189796448,neither,uncouth
word2vec,0.01189412735402584,b_only,rude
word2vec,0.9943249821662903,shared,cleaned
word2vec,0.9999999403953552,neither,lemma
word2vec,0.9732348918914795,shared,tracks
word2vec,0.9957790374755859,shared,harvest
word2vec,1.0000001192092896,neither,bushmen
word2vec,0.1323157250881195,neither,manifestly
word2vec,0.09655634313821793,neither,disgusting
word2vec,1.0000001192092896,neither,lymphoma
word2vec,0.16271555423736572,neither,sheriff
word2vec,0.9874408841133118,shared,imagined
word2vec,1.0,neither,resigns
word2vec,1.0000001192092896,a_only,parliamentary
word2vec,0.9999999403953552,a_only,continuum
word2vec,1.0,neither,ptolemaic
word2vec,1.0,neither,unify
word2vec,0.2534191310405731,neither,escaping
word2vec,0.01917113922536373,neither,napkin
word2vec,0.9999998807907104,neither,paradoxes
word2vec,-0.017220869660377502,neither,disclose
word2vec,1.0,a_only,module
word2vec,1.0,neither,pest
word2vec,0.14418573677539825,neither,comb
word2vec,0.08095300197601318,neither,vacancy
word2vec,1.0000001192092896,neither,steppe
word2vec,1.0,neither,bennett
word2vec,1.0,neither,tutor
word2vec,1.0,neither,absorb
word2vec,1.0,a_only,corresponding
word2vec,0.9906780123710632,shared,promises
word2vec,1.0,neither,vikings
word2vec,0.9152960181236267,shared,closed
word2vec,0.11454568803310394,neither,ouse
word2vec,0.8804283738136292,shared,best
word2vec,0.9971776008605957,shared,dominated
word2vec,1.0,neither,engineered
word2vec,1.0,a_only,seals
word2vec,1.0,neither,aide
word2vec,0.9367690682411194,shared,collins
word2vec,-0.12948250770568848,neither,alacrity
word2vec,1.0,a_only,cosmic
word2vec,0.09387876838445663,neither,angelic
word2vec,0.9780800342559814,shared,rent
word2vec,-0.058220311999320984,neither,bathroom
word2vec,1.0,neither,tensions
word2vec,0.9316636323928833,shared,geneva
word2vec,0.28105705976486206,neither,abject
word2vec,1.0000001192092896,a_only,mhz
word2vec,0.99481201171875,shared,nobles
word2vec,0.9999998807907104,neither,capitals
word2vec,0.988320529460907,shared,arrangement
word2vec,1.0,a_only,indicates
word2vec,0.9999998807907104,a_only,gains
word2vec,0.9940919280052185,shared,topic
word2vec,1.0,neither,acquisition
word2vec,1.0000001192092896,neither,ritter
word2vec,0.07161277532577515,neither,tossing
word2vec,1.0,neither,bitumen
word2vec,0.13463246822357178,b_only,wept
word2vec,0.9999999403953552,neither,economical
word2vec,0.9903746247291565,shared,massive
word2vec,1.0,neither,utopia
word2vec,1.0,neither,norms
word2vec,1.0,neither,tabloid
word2vec,0.30085626244544983,neither,disappoint
word2vec,1.0,neither,addroundkey
word2vec,0.11408606171607971,neither,robbed
word2vec,0.919544517993927,shared,picture
word2vec,0.8399845361709595,shared,added
word2vec,0.9957109689712524,shared,engage
word2vec,1.0000001192092896,neither,unpaved
word2vec,-0.07644268125295639,b_only,entreaties
word2vec,0.07525496184825897,neither,florid
word2vec,1.0,neither,evidenced
word2vec,0.9999999403953552,a_only,bonding
word2vec,0.9999998807907104,neither,concessions
word2vec,1.0000001192092896,neither,converts
word2vec,0.9924395084381104,shared,interval
word2vec,0.9999999403953552,neither,eeeeee
word2vec,0.5841589570045471,shared,see
word2vec,0.9980635643005371,shared,oppose
word2vec,0.9999998807907104,a_only,pi
word2vec,1.0,neither,pneumocystis
word2vec,0.0010728993220254779,b_only,maids
word2vec,0.021562734618782997,neither,feud
word2vec,1.0,neither,hades
word2vec,0.9917027950286865,shared,everlasting
word2vec,0.9983136057853699,neither,disguised
word2vec,1.0,neither,prescription
word2vec,1.0,a_only,accepts
word2vec,0.9648333191871643,shared,tickets
word2vec,0.9999999403953552,a_only,web
word2vec,0.9999998807907104,a_only,referendum
word2vec,1.0,neither,logrus
word2vec,1.0000001192092896,neither,returner
word2vec,0.9753301739692688,shared,impossible
word2vec,1.0000001192092896,a_only,forum
word2vec,0.9771961569786072,shared,discover
word2vec,1.0000001192092896,neither,cuar
word2vec,0.993471622467041,shared,value
word2vec,0.9904172420501709,shared,chances
word2vec,0.9999998807907104,a_only,audiogalaxy
word2vec,0.9905225038528442,shared,warned
word2vec,0.99257892370224,shared,immensely
word2vec,1.0000001192092896,neither,challenges
word2vec,1.0,neither,coordinated
word2vec,0.995733380317688,shared,example
word2vec,1.0000001192092896,a_only,syria
word2vec,1.0000001192092896,a_only,screenwriter
word2vec,0.019703427329659462,neither,seared
word2vec,1.0,neither,atrocities
word2vec,0.997619092464447,shared,indians
word2vec,1.0,neither,respondents
word2vec,1.0000001192092896,neither,antiquities
word2vec,0.9999999403953552,neither,tit
word2vec,0.9999999403953552,neither,soils
word2vec,0.9887761473655701,shared,holiday
word2vec,1.0,neither,edda
word2vec,0.16432951390743256,b_only,sadly
word2vec,0.9999999403953552,a_only,connecticut
word2vec,0.9974693059921265,shared,conducting
word2vec,0.2275204062461853,neither,measles
word2vec,1.0,neither,influencing
word2vec,0.9727694988250732,shared,funeral
word2vec,-0.12137487530708313,neither,disgraceful
word2vec,1.0,neither,segment
word2vec,0.09033650904893875,neither,nimble
word2vec,1.0,a_only,mediterranean
word2vec,0.8982047438621521,shared,young
word2vec,0.9989519119262695,shared,sam
word2vec,0.987805962562561,shared,decide
word2vec,0.9909535646438599,shared,visiting
word2vec,0.07263721525669098,neither,lump
word2vec,0.9489803314208984,shared,flying
word2vec,0.025464272126555443,neither,scraping
word2vec,0.2172395884990692,neither,ennui
word2vec,0.9999998807907104,neither,lyricist
word2vec,1.0,neither,cans
word2vec,0.9969271421432495,shared,desirable
word2vec,0.2599737346172333,neither,attach
word2vec,0.9650787711143494,shared,nest
word2vec,0.12169206142425537,neither,clues
word2vec,0.9984105229377747,shared,actor
word2vec,0.99854576587677,shared,edward
word2vec,1.0,a_only,cit
word2vec,0.996340811252594,shared,recovery
word2vec,0.9924736618995667,shared,accompanying
word2vec,1.0,a_only,arminians
word2vec,1.0000001192092896,a_only,defining
word2vec,-0.02698468044400215,b_only,hint
word2vec,1.0,a_only,alchemy
word2vec,0.9964430332183838,shared,adopted
word2vec,1.0,neither,aerospace
word2vec,1.0,neither,napoleonic
word2vec,1.0000001192092896,a_only,resident
word2vec,0.9915003180503845,neither,crust
word2vec,0.9957375526428223,shared,relative
word2vec,1.0,a_only,aquarii
word2vec,0.9999999403953552,neither,conscription
word2vec,-0.0181605014950037,b_only,bedroom
word2vec,-0.10210847109556198,b_only,rushed
word2vec,0.921050488948822,shared,seat
word2vec,1.0,neither,internally
word2vec,1.0000001192092896,a_only,horizontal
word2vec,1.0000001192092896,a_only,alphabets
word2vec,1.0,a_only,unemployment
word2vec,0.990909218788147,shared,employment
word2vec,0.9999999403953552,neither,apostasy
word2vec,0.9926839470863342,shared,intellectual
word2vec,1.0,a_only,integer
word2vec,1.0,neither,embodied
word2vec,-0.05461850389838219,b_only,ecstasy
word2vec,0.057438500225543976,b_only,waked
word2vec,0.06850757449865341,neither,furnace
word2vec,0.9823893904685974,shared,resumed
word2vec,0.09946492314338684,neither,inquisitive
word2vec,0.9985087513923645,shared,owes
word2vec,0.10194242745637894,neither,shriek
word2vec,1.0,neither,ignostics
word2vec,1.0,neither,acronym
word2vec,0.1135358139872551,neither,elephants
word2vec,1.0000001192092896,neither,debuts
word2vec,0.9999999403953552,neither,imperator
word2vec,0.04139125719666481,neither,frocks
word2vec,0.9643136262893677,shared,foolish
word2vec,1.0000001192092896,a_only,divergence
word2vec,0.07911962270736694,neither,faculty
word2vec,1.0,a_only,positions
word2vec,0.041638899594545364,neither,bekase
word2vec,0.9979102611541748,shared,trained
word2vec,1.0,neither,margins
word2vec,0.13869792222976685,neither,pewter
word2vec,0.9697198271751404,shared,jack
word2vec,0.9996952414512634,shared,adapted
word2vec,1.0000001192092896,neither,huston
word2vec,-0.15714028477668762,neither,submissive
word2vec,0.9999998807907104,neither,vascular
word2vec,0.2229158729314804,b_only,surmise
word2vec,1.0,neither,stein
word2vec,0.9999998807907104,a_only,abalone
word2vec,-0.07602811604738235,b_only,nicely
word2vec,1.0,neither,fieldwork
word2vec,0.07321056723594666,neither,occurrences
word2vec,-0.02111182175576687,neither,equalled
word2vec,0.9780735373497009,shared,invitation
word2vec,0.9874157905578613,shared,steep
word2vec,0.034860044717788696,b_only,worry
word2vec,0.9951421618461609,shared,talents
word2vec,1.0,neither,biologist
word2vec,0.9999998807907104,a_only,telescopes
word2vec,0.9999999403953552,a_only,calcium
word2vec,0.9999998807907104,neither,archduke
word2vec,0.00040760962292551994,b_only,glanced
word2vec,-0.0118661904707551,neither,softer
word2vec,0.9999998807907104,a_only,funds
word2vec,0.14586667716503143,neither,wily
word2vec,1.0000001192092896,a_only,z
word2vec,1.0,a_only,lindbergh
word2vec,1.0,neither,objectives
word2vec,0.9222152829170227,shared,brought
word2vec,1.0000001192092896,neither,deuteronomy
word2vec,0.887815535068512,shared,past
word2vec,0.9999999403953552,neither,laboratories
word2vec,0.10881632566452026,b_only,thankful
word2vec,1.0,neither,goth
word2vec,1.0,a_only,suburb
word2vec,1.0000001192092896,a_only,santos
word2vec,1.0,neither,gandhi
word2vec,0.9961949586868286,shared,homage
word2vec,0.9761149883270264,shared,yo
word2vec,1.0000001192092896,neither,abduction
word2vec,1.0000001192092896,neither,proline
word2vec,-0.115028016269207,b_only,shiver
word2vec,0.19444286823272705,b_only,invite
word2vec,1.0000001192092896,neither,motile
word2vec,0.04994761571288109,neither,crippled
word2vec,0.23607748746871948,neither,brixton
word2vec,1.0,a_only,dominican
word2vec,-0.03677922859787941,neither,dreamily
word2vec,0.04584364965558052,neither,flirting
word2vec,0.9917389154434204,shared,magistrate
word2vec,0.08616478741168976,neither,censure
word2vec,0.10474878549575806,neither,sickening
word2vec,1.0,a_only,renowned
word2vec,0.998126208782196,shared,grandson
word2vec,1.0000001192092896,neither,conditioning
word2vec,1.0000001192092896,a_only,eden
word2vec,0.9699787497520447,shared,supposed
word2vec,1.0,neither,qb
word2vec,1.0,neither,sinai
word2vec,1.0000001192092896,a_only,gabriel
word2vec,1.0000001192092896,a_only,scheduled
word2vec,-0.009020477533340454,b_only,crept
word2vec,0.03655252233147621,neither,pomp
word2vec,1.0,a_only,aidan
word2vec,0.9986953735351562,neither,locality
word2vec,-0.051094602793455124,neither,hairy
word2vec,0.0903807282447815,neither,grinding
word2vec,0.1157127320766449,b_only,hunted
word2vec,0.15203377604484558,b_only,soho
word2vec,1.0,a_only,sherman
word2vec,0.8439615368843079,shared,dark
word2vec,0.9999999403953552,a_only,hughes
word2vec,0.991598904132843,shared,release
word2vec,1.0,neither,menger
word2vec,0.0973641499876976,neither,adversary
word2vec,-0.06550517678260803,b_only,saddle
word2vec,1.0,neither,vinyl
word2vec,0.995863676071167,shared,professions
word2vec,1.0000001192092896,neither,provable
word2vec,1.0000001192092896,neither,spooner
word2vec,1.0,a_only,location
word2vec,1.0,a_only,site
word2vec,0.11719253659248352,b_only,bet
word2vec,0.9221632480621338,shared,call
word2vec,1.0,a_only,brazilian
word2vec,0.9013820886611938,shared,breath
word2vec,1.0,neither,scudder
word2vec,0.9999999403953552,a_only,linguistics
word2vec,-0.05506264790892601,neither,xxvii
word2vec,0.9868180155754089,shared,bloom
word2vec,-0.0693383514881134,neither,swiftness
word2vec,0.085528664290905,b_only,queens
word2vec,1.0,a_only,industrial
word2vec,1.0000001192092896,a_only,units
word2vec,-0.03907523676753044,neither,plucked
word2vec,1.0000001192092896,neither,bridges
word2vec,1.0,a_only,cooperation
word2vec,1.0,neither,frankfurt
word2vec,1.0,neither,wrestler
word2vec,0.9999999403953552,a_only,derek
word2vec,0.9528030753135681,shared,comfort
word2vec,-0.14179541170597076,b_only,becuz
word2vec,0.028529802337288857,neither,flushing
word2vec,1.0,neither,lowlands
word2vec,0.9850159883499146,shared,mutual
word2vec,0.8553304672241211,shared,owns
word2vec,0.9208993315696716,shared,followed
word2vec,1.0,neither,transatlantic
word2vec,1.0,neither,sumerian
word2vec,0.21548768877983093,neither,bedside
word2vec,0.9978888630867004,shared,developed
word2vec,0.13409188389778137,neither,shortened
word2vec,0.9999998807907104,neither,mature
word2vec,0.14958050847053528,neither,grisly
word2vec,0.9938511848449707,shared,permitted
word2vec,0.9628314971923828,shared,desert
word2vec,1.0,neither,teaches
word2vec,0.9999999403953552,a_only,effective
word2vec,0.9723350405693054,shared,somewhat
word2vec,0.9894370436668396,shared,model
word2vec,0.9758163690567017,shared,actually
word2vec,0.9856221079826355,shared,belt
word2vec,1.0,a_only,zinc
word2vec,0.981136679649353,shared,pine
word2vec,1.0,neither,asf
word2vec,-0.006625226233154535,b_only,blessing
word2vec,0.9985974431037903,shared,derived
word2vec,1.0,neither,survivors
word2vec,0.9871766567230225,shared,singular
word2vec,0.9917066097259521,shared,illustrations
word2vec,0.9820501208305359,neither,quarry
word2vec,1.0,neither,missionaries
word2vec,0.1293729841709137,neither,despatched
word2vec,0.9999998807907104,a_only,pogroms
word2vec,1.0,neither,bern
word2vec,1.0,a_only,compatible
word2vec,0.1387690156698227,neither,profoundly
word2vec,0.9999999403953552,neither,salmon
word2vec,1.0,neither,phoneme
word2vec,0.9945429563522339,shared,complied
word2vec,0.9999999403953552,neither,burgundians
word2vec,0.9867405891418457,shared,weaker
word2vec,0.9576300978660583,shared,clean
word2vec,0.00929817371070385,neither,grease
word2vec,1.0000001192092896,neither,akkadian
word2vec,1.0,neither,launching
word2vec,1.0,a_only,russia
word2vec,0.9835152626037598,shared,composed
word2vec,1.0,neither,laissez
word2vec,1.0000001192092896,a_only,citizenship
word2vec,1.0000001192092896,neither,regnum
word2vec,1.0,neither,mandate
word2vec,1.0,neither,deathbed
word2vec,0.8806972503662109,shared,figure
word2vec,0.022108089178800583,b_only,rang
word2vec,0.16671378910541534,b_only,hullo
word2vec,0.987057626247406,shared,nowadays
word2vec,0.9955722093582153,neither,instructed
word2vec,0.9999998807907104,neither,converting
word2vec,-0.05222448334097862,neither,tumbled
word2vec,1.0000001192092896,a_only,economically
word2vec,1.0,neither,mickey
word2vec,1.0000001192092896,a_only,utah
word2vec,1.0,neither,pax
word2vec,0.960597038269043,shared,summer
word2vec,1.0,neither,insoluble
word2vec,1.0,neither,firms
word2vec,1.0,neither,ethiopian
word2vec,0.027589624747633934,b_only,dared
word2vec,0.08512716740369797,neither,wan
word2vec,0.9993698000907898,shared,extracts
word2vec,0.9648208022117615,shared,promised
word2vec,1.0000001192092896,neither,splitter
word2vec,1.0000001192092896,neither,pseudopods
word2vec,1.0,neither,bagoas
word2vec,0.06665152311325073,neither,zo
word2vec,0.9999998807907104,neither,cosmonaut
word2vec,0.9922029972076416,shared,apparent
word2vec,1.0,a_only,requirement
word2vec,0.9961350560188293,shared,significance
word2vec,0.11263793706893921,b_only,pavement
word2vec,0.1945631504058838,neither,jenkinson
word2vec,1.0,a_only,scientists
word2vec,1.0,a_only,conquest
word2vec,0.9422059655189514,shared,ring
word2vec,1.0,neither,lombards
word2vec,0.9876877665519714,shared,fed
word2vec,0.9878937602043152,shared,absurd
word2vec,1.0,a_only,episcopal
word2vec,-0.05941760912537575,neither,shovels
word2vec,0.8731904625892639,shared,lay
word2vec,0.9714900255203247,shared,suffering
word2vec,1.0,a_only,diagram
word2vec,0.027305759489536285,neither,buda
word2vec,0.9999999403953552,neither,experimentation
word2vec,1.0,a_only,oral
word2vec,0.8865104913711548,shared,bear
word2vec,0.08965356647968292,neither,snarled
word2vec,1.0,a_only,mac
word2vec,1.0,a_only,utility
word2vec,0.9999999403953552,a_only,enters
word2vec,0.00994790904223919,neither,holler
word2vec,0.9977387189865112,shared,italy
word2vec,1.0,neither,sustainable
word2vec,1.0,neither,greenwich
word2vec,0.04668877646327019,b_only,hoarsely
word2vec,1.0,a_only,diet
word2vec,0.2184189409017563,neither,sipping
word2vec,0.9742146730422974,shared,suspicion
word2vec,1.0,neither,bobby
word2vec,0.9999999403953552,neither,standardized
word2vec,0.9967709183692932,neither,imitated
word2vec,0.920413076877594,shared,mary
word2vec,0.98471999168396,shared,extended
word2vec,0.9999998807907104,a_only,billy
word2vec,-0.026403969153761864,neither,unacquainted
word2vec,0.9990469813346863,shared,corps
word2vec,0.9999999403953552,a_only,nero
word2vec,1.0,neither,phylogenetic
word2vec,-0.10609343647956848,b_only,uncomfortable
word2vec,0.9907199740409851,shared,tend
word2vec,0.17957638204097748,b_only,pretended
word2vec,1.0,neither,concession
word2vec,0.9999998807907104,a_only,gary
word2vec,1.0000001192092896,neither,anion
word2vec,0.08998210728168488,neither,bingleys
word2vec,1.0,neither,mentally
word2vec,1.0000001192092896,neither,sideband
word2vec,1.0000001192092896,a_only,cox
word2vec,0.9999998807907104,neither,caria
word2vec,0.02812998555600643,neither,peep
word2vec,1.0,neither,congregations
word2vec,0.8591282367706299,shared,rose
word2vec,1.0,a_only,abacus
word2vec,1.0000001192092896,neither,geologists
word2vec,0.9938524961471558,shared,benefit
word2vec,0.09741173684597015,neither,scrape
word2vec,1.0,neither,sim
word2vec,-0.12442862242460251,b_only,screamed
word2vec,1.0,a_only,hydrochloric
word2vec,1.0,neither,highways
word2vec,1.0,neither,mnemonics
word2vec,0.9999999403953552,a_only,undergo
word2vec,1.0,neither,mcc
word2vec,1.0,neither,zodiac
word2vec,1.0,neither,perry
word2vec,0.8143738508224487,shared,wild
word2vec,0.9999999403953552,neither,outcomes
word2vec,1.0,a_only,team
word2vec,0.9999998807907104,a_only,revised
word2vec,1.0,neither,fastest
word2vec,1.0000001192092896,a_only,automobiles
word2vec,0.9764717221260071,shared,humour
word2vec,0.05296684056520462,b_only,inquire
word2vec,0.9999998807907104,neither,samurai
word2vec,0.09372539073228836,b_only,repose
word2vec,1.0,neither,aliphatic
word2vec,0.13878542184829712,b_only,startled
word2vec,1.0000001192092896,a_only,elliott
word2vec,1.0,neither,rods
word2vec,1.0,neither,utilizing
word2vec,1.0,a_only,burgess
word2vec,1.0,neither,sec
word2vec,-0.16877278685569763,neither,shrug
word2vec,0.9999999403953552,neither,mimic
word2vec,1.0000001192092896,neither,mouthwash
word2vec,1.0,a_only,continuous
word2vec,0.9953404068946838,shared,rugged
word2vec,0.024200156331062317,neither,roadside
word2vec,1.0,neither,gunpowder
word2vec,1.0000001192092896,neither,tolstoy
word2vec,0.09303707629442215,neither,hedge
word2vec,0.9896906614303589,shared,puts
word2vec,1.0000001192092896,a_only,themes
word2vec,0.9840332269668579,shared,passionate
word2vec,1.0,neither,libya
word2vec,0.0032826238311827183,neither,odious
word2vec,0.9999998807907104,a_only,outbreak
word2vec,0.04184911400079727,neither,scrawled
word2vec,1.0000001192092896,a_only,constitution
word2vec,0.19441556930541992,neither,chanced
word2vec,1.0,neither,uncanonical
word2vec,1.0,neither,clinicians
word2vec,1.0,neither,fuelled
word2vec,1.0000001192092896,neither,priam
word2vec,1.0,neither,thriving
word2vec,0.1614103466272354,neither,comprehended
word2vec,1.0,a_only,developments
word2vec,1.0,a_only,editor
word2vec,0.9796822667121887,shared,determination
word2vec,0.9999999403953552,a_only,adherents
word2vec,0.9999999403953552,neither,carr
word2vec,1.0,a_only,programs
word2vec,1.0000001192092896,a_only,mises
word2vec,0.011526122689247131,neither,screw
word2vec,1.0,neither,boasted
word2vec,0.9992141127586365,shared,observations
word2vec,1.0,a_only,liberalism
word2vec,1.0000001192092896,a_only,objectivism
word2vec,0.9999999403953552,a_only,behaviors
word2vec,0.020482785999774933,neither,meditate
word2vec,0.9287556409835815,shared,warm
word2vec,1.0,a_only,matrix
word2vec,1.0,neither,bandwidth
word2vec,1.0,a_only,geographic
word2vec,1.0000001192092896,neither,biodiesel
word2vec,0.05425647646188736,neither,harem
word2vec,1.0,a_only,odysseus
word2vec,0.9999999403953552,a_only,rand
word2vec,0.9500343799591064,shared,track
word2vec,1.0,a_only,derivative
word2vec,0.08498258888721466,neither,wos
word2vec,0.9978272914886475,shared,daniel
word2vec,1.0000001192092896,a_only,jefferson
word2vec,0.9999999403953552,neither,gaza
word2vec,0.19873079657554626,neither,stupidity
word2vec,1.0000001192092896,neither,hegel
word2vec,-0.05042833834886551,neither,wail
word2vec,1.0,a_only,aristotelian
word2vec,0.024905135855078697,neither,allude
word2vec,1.0,a_only,crowley
word2vec,0.9953970909118652,shared,disappearance
word2vec,0.9961794018745422,shared,depends
word2vec,1.0,a_only,universally
word2vec,0.9361792802810669,shared,daughter
word2vec,0.9999999403953552,neither,wording
word2vec,0.9852509498596191,shared,cure
word2vec,0.9967097043991089,shared,existed
word2vec,-0.17448902130126953,neither,fangled
word2vec,0.8782309293746948,shared,rather
word2vec,0.9999998807907104,neither,ariane
word2vec,1.0,neither,supplying
word2vec,0.9724050760269165,shared,driver
word2vec,0.9999999403953552,a_only,descriptions
word2vec,1.0,a_only,instituted
word2vec,0.9999998807907104,neither,elisabeth
word2vec,1.0,a_only,kickoff
word2vec,1.0000001192092896,a_only,asiatic
word2vec,1.0,neither,cubango
word2vec,1.0000001192092896,neither,broadcasts
word2vec,0.9999999403953552,neither,lou
word2vec,1.0000001192092896,neither,ton
word2vec,0.017638176679611206,neither,lamb
word2vec,1.0,neither,amerikkka
word2vec,0.9943807721138,shared,geography
word2vec,0.9008033275604248,shared,leave
word2vec,0.9999999403953552,neither,challenged
word2vec,0.9667161703109741,shared,immediately
word2vec,0.13966059684753418,neither,mused
word2vec,0.09613805264234543,neither,inanimate
word2vec,1.0,a_only,judaism
word2vec,1.0,neither,equals
word2vec,1.0,neither,strasbourg
word2vec,1.0000001192092896,a_only,compilation
word2vec,-0.0790000930428505,neither,roadway
word2vec,1.0,neither,edu
word2vec,1.0000001192092896,neither,pascal
word2vec,1.0000001192092896,a_only,arabic
word2vec,1.0,a_only,electrical
word2vec,1.0000001192092896,a_only,aleister
word2vec,0.9999999403953552,neither,discord
word2vec,1.0,neither,cruz
word2vec,0.1805194765329361,neither,bustled
word2vec,-0.061442043632268906,neither,resented
word2vec,0.9398125410079956,shared,living
word2vec,0.9546250104904175,shared,swim
word2vec,0.09359777718782425,neither,vestibule
word2vec,1.0,a_only,charlie
word2vec,1.0,neither,wallis
word2vec,0.9999998807907104,neither,subscription
word2vec,-0.04502876102924347,neither,chooses
word2vec,0.10965721309185028,neither,straightway
word2vec,0.014647635631263256,neither,overpowered
word2vec,0.06252370774745941,neither,jubilant
word2vec,-0.05642402172088623,neither,patronage
word2vec,0.4728260934352875,b_only,toller
word2vec,1.0000001192092896,a_only,innovation
word2vec,1.0,a_only,pierre
word2vec,0.9999998807907104,neither,swan
word2vec,0.22184441983699799,neither,hoop
word2vec,0.9713049530982971,shared,dressing
word2vec,0.7905277013778687,shared,d
word2vec,0.9245216250419617,shared,meant
word2vec,1.0,neither,sophistication
word2vec,0.9999999403953552,a_only,visual
word2vec,1.0000001192092896,a_only,bus
word2vec,0.13625261187553406,neither,famished
word2vec,0.9999999403953552,neither,frontal
word2vec,0.06349937617778778,neither,parched
word2vec,0.9780113101005554,shared,beneath
word2vec,0.222590833902359,b_only,afeard
word2vec,0.9999999403953552,a_only,hydrogen
word2vec,1.0000001192092896,a_only,intel
word2vec,0.9510436654090881,shared,pulled
word2vec,0.9988495111465454,shared,transferred
word2vec,0.11299872398376465,neither,exert
word2vec,-0.005534463096410036,neither,trifles
word2vec,-0.12131983786821365,b_only,suits
word2vec,1.0000001192092896,a_only,cd
word2vec,1.0000001192092896,a_only,hippolytus
word2vec,1.0,neither,manually
word2vec,0.033575545996427536,neither,growl
word2vec,1.0,neither,inconsistent
word2vec,0.9904465675354004,shared,fearing
word2vec,0.0767945796251297,b_only,impatience
word2vec,0.9999999403953552,a_only,confederate
word2vec,0.8513708114624023,shared,full
word2vec,1.0000001192092896,neither,homeless
word2vec,-0.08421560376882553,neither,shanty
word2vec,0.07172737270593643,b_only,speck
word2vec,-0.06310231983661652,neither,saith
word2vec,0.9992011785507202,shared,waterloo
word2vec,1.0000001192092896,a_only,procedures
word2vec,1.0,a_only,babylonian
word2vec,0.09750441461801529,neither,mildly
word2vec,1.0000001192092896,a_only,code
word2vec,-0.068930484354496,neither,urgent
word2vec,0.9999999403953552,a_only,autonomous
word2vec,1.0,neither,agade
word2vec,0.992294430732727,shared,reaching
word2vec,0.14249248802661896,b_only,lovely
word2vec,0.8193449974060059,shared,know
word2vec,0.9993016719818115,shared,independence
word2vec,0.9999999403953552,a_only,algorithm
word2vec,0.9949299693107605,shared,obedience
word2vec,0.11543353646993637,b_only,shoe
word2vec,-0.14924931526184082,b_only,nerves
word2vec,0.9750731587409973,shared,destroy
word2vec,0.9980244040489197,shared,solely
word2vec,1.0,neither,nontheism
word2vec,0.1842658668756485,neither,bliss
word2vec,0.972407877445221,shared,strangers
word2vec,1.0,a_only,genocide
word2vec,0.9947405457496643,shared,involved
word2vec,1.0,neither,inlet
word2vec,0.9884149432182312,shared,attempted
word2vec,0.9888288378715515,shared,thumb
word2vec,0.032710000872612,neither,sauntered
word2vec,0.9999999403953552,neither,hopkins
word2vec,0.9507483243942261,shared,rain
word2vec,1.0,a_only,albert
word2vec,1.0000001192092896,a_only,alloy
word2vec,1.0000001192092896,a_only,nfl
word2vec,0.9869279861450195,shared,merchant
word2vec,1.0,a_only,visigoths
word2vec,0.994714617729187,shared,hanged
word2vec,1.0,neither,payments
word2vec,0.962268054485321,shared,remembrance
word2vec,1.0000001192092896,a_only,ethane
word2vec,1.0,a_only,versa
word2vec,1.0,a_only,antimony
word2vec,0.9999999403953552,a_only,procedure
word2vec,1.0,a_only,anatolia
word2vec,0.9694750308990479,shared,crash
word2vec,0.9571918249130249,shared,possibly
word2vec,0.975997269153595,shared,rode
word2vec,0.03962234780192375,b_only,gloomy
word2vec,0.3386451005935669,neither,preposterous
word2vec,0.14235235750675201,b_only,whack
word2vec,1.0,neither,proponent
word2vec,0.9958210587501526,shared,medium
word2vec,0.9760127663612366,shared,spend
word2vec,0.9999998807907104,neither,lnot
word2vec,0.01368050929158926,b_only,stool
word2vec,1.0,a_only,archipelago
word2vec,0.16747242212295532,neither,dignified
word2vec,1.0,neither,enables
word2vec,0.9876850247383118,shared,preparing
word2vec,0.7886819243431091,shared,been
word2vec,1.0000001192092896,neither,formalism
word2vec,1.0,neither,bottoms
word2vec,0.2183985859155655,neither,gasps
word2vec,1.0000001192092896,neither,deterministic
word2vec,0.06545328348875046,b_only,compliments
word2vec,-0.05160362645983696,neither,saucer
word2vec,-0.047687288373708725,b_only,cheek
word2vec,0.21961797773838043,neither,thanking
word2vec,0.20377664268016815,neither,deil
word2vec,0.9919987916946411,shared,speculate
word2vec,1.0,a_only,nonetheless
word2vec,0.7391797304153442,shared,head
word2vec,1.0,neither,cant
word2vec,-0.1193106472492218,b_only,gabelle
word2vec,1.0,a_only,concrete
word2vec,0.9829664826393127,shared,height
word2vec,0.07233370840549469,neither,pulpit
word2vec,0.9999999403953552,a_only,hindu
word2vec,1.0,a_only,functioning
word2vec,0.9966402649879456,shared,imposed
word2vec,0.22299747169017792,b_only,cly
word2vec,0.9999999403953552,neither,defunct
word2vec,1.0,neither,nocturnal
word2vec,0.9614874720573425,shared,spirits
word2vec,0.8513863682746887,shared,would
word2vec,1.0,neither,legality
word2vec,0.9999998807907104,a_only,festival
word2vec,0.0894324854016304,neither,delicately
word2vec,1.0000001192092896,neither,migrated
word2vec,1.0,neither,donor
word2vec,1.0000001192092896,a_only,ambient
word2vec,1.0,neither,regimens
word2vec,0.9881123900413513,shared,today
word2vec,0.9999998807907104,a_only,lm
word2vec,0.9999999403953552,a_only,producers
word2vec,0.9999999403953552,neither,bubblebath
word2vec,1.0,a_only,kalashnikov
word2vec,0.19000501930713654,neither,await
word2vec,0.06755196303129196,neither,impelled
word2vec,1.0000001192092896,neither,monumental
word2vec,0.9754341244697571,shared,yards
word2vec,1.0,neither,msg
word2vec,1.0,neither,fitzroy
word2vec,0.0048248739913105965,neither,grinning
word2vec,0.1764669269323349,neither,darting
word2vec,1.0,a_only,assignment
word2vec,1.0,a_only,jay
word2vec,1.0,neither,apollodorus
word2vec,1.0,neither,ego
word2vec,0.9725521802902222,shared,tells
word2vec,1.0000001192092896,neither,competitions
word2vec,0.9643993377685547,shared,hearts
word2vec,0.9975877404212952,shared,absolute
word2vec,0.9960089325904846,shared,precautions
word2vec,1.0000001192092896,neither,commemoration
word2vec,0.9998008012771606,shared,applying
word2vec,0.9710831046104431,shared,played
word2vec,1.0000001192092896,neither,staffed
word2vec,0.9999999403953552,neither,noticeable
word2vec,0.019725872203707695,b_only,laughing
word2vec,0.20402997732162476,neither,wearisome
word2vec,1.0,neither,abbeville
word2vec,0.9962248802185059,shared,tenth
word2vec,1.0,neither,istanbul
word2vec,1.0,a_only,magazine
word2vec,0.9882581830024719,shared,depressed
word2vec,0.9999999403953552,neither,lesbian
word2vec,0.9906497001647949,shared,claim
word2vec,0.030317755416035652,neither,perpetually
word2vec,0.9999999403953552,a_only,iran
word2vec,1.0,a_only,vienna
word2vec,0.1041623130440712,neither,trumpet
word2vec,0.11939060688018799,neither,tallow
word2vec,0.9999999403953552,a_only,aegean
word2vec,1.0,a_only,albrecht
word2vec,0.021576637402176857,neither,marred
word2vec,0.9999999403953552,neither,premiership
word2vec,0.9599330425262451,shared,grow
word2vec,0.9999998807907104,a_only,seventh
word2vec,1.0,a_only,albatross
word2vec,1.0,a_only,exceptions
word2vec,1.0,neither,scandinavia
word2vec,0.9583653211593628,shared,flower
word2vec,0.06031603366136551,neither,barlow
word2vec,1.0,neither,jamnia
word2vec,1.0,neither,rapids
word2vec,0.9428023099899292,shared,iron
word2vec,0.9999096989631653,shared,whitney
word2vec,0.9999999403953552,a_only,mead
word2vec,0.8769926428794861,shared,enough
word2vec,1.0,a_only,atanasoff
word2vec,0.21603134274482727,neither,boon
word2vec,1.0,neither,switches
word2vec,0.9999999403953552,neither,acad
word2vec,0.9977729320526123,shared,exceeded
word2vec,0.01927519030869007,neither,flaming
word2vec,0.22351832687854767,neither,promontory
word2vec,0.9905056357383728,shared,intense
word2vec,0.9666403532028198,shared,marry
word2vec,0.9973434209823608,shared,centuries
word2vec,1.0000001192092896,neither,barnabas
word2vec,1.0,a_only,romans
word2vec,-0.10363199561834335,neither,xxxiv
word2vec,0.27691650390625,neither,inference
word2vec,0.9915794730186462,shared,park
word2vec,1.0,a_only,dividing
word2vec,0.9909349083900452,shared,answers
word2vec,0.6619837284088135,shared,s
word2vec,1.0,neither,conferred
word2vec,1.0,a_only,exodus
word2vec,1.0000001192092896,a_only,darius
word2vec,1.0,a_only,sample
word2vec,0.9735733270645142,shared,reflect
word2vec,0.9691121578216553,shared,shining
word2vec,1.0,a_only,malaysia
word2vec,0.9999998807907104,neither,diffusion
word2vec,1.0000001192092896,neither,expired
word2vec,0.9999998807907104,neither,ratification
word2vec,1.0000001192092896,neither,originates
word2vec,0.9956042170524597,shared,throws
word2vec,1.0,neither,marriages
word2vec,1.0,a_only,program
word2vec,0.9999999403953552,a_only,domini
word2vec,1.0,neither,stirling
word2vec,1.0,neither,protects
word2vec,1.0000001192092896,neither,dietary
word2vec,0.9999999403953552,a_only,edinburgh
word2vec,1.0,a_only,bj
word2vec,0.9286604523658752,shared,caught
word2vec,1.0000001192092896,a_only,chairman
word2vec,1.0,neither,whitlam
word2vec,1.0,neither,delete
word2vec,0.9999999403953552,a_only,training
word2vec,0.013272086158394814,neither,peg
word2vec,0.9999999403953552,neither,biog
word2vec,0.0358874648809433,neither,murderous
word2vec,0.9840156435966492,shared,duck
word2vec,1.0,neither,solf
word2vec,1.0,a_only,seasonal
word2vec,0.014470250345766544,neither,snag
word2vec,1.0,neither,colonnade
word2vec,1.0,a_only,cipher
word2vec,1.0,a_only,compete
word2vec,0.9823121428489685,shared,accounts
word2vec,1.0,a_only,dominance
word2vec,0.7125586271286011,shared,for
word2vec,0.9804096221923828,shared,gathering
word2vec,1.0,neither,advertising
word2vec,0.1158352792263031,neither,traversing
word2vec,0.11431479454040527,neither,paler
word2vec,0.991230845451355,shared,selfishness
word2vec,0.9772889018058777,shared,footsteps
word2vec,1.0000001192092896,neither,madeira
word2vec,0.9892935752868652,shared,prove
word2vec,1.0,a_only,argentina
word2vec,1.0,a_only,europeans
word2vec,0.9961240887641907,shared,official
word2vec,1.0,neither,delivery
word2vec,1.0,a_only,inventions
word2vec,1.0000001192092896,neither,eugene
word2vec,1.0,neither,spurred
word2vec,0.10806028544902802,neither,creaked
word2vec,1.0000001192092896,neither,kurds
word2vec,1.0,neither,completeness
word2vec,0.18840241432189941,neither,kisses
word2vec,1.0000001192092896,a_only,morpork
word2vec,0.9999999403953552,a_only,examples
word2vec,1.0,a_only,linear
word2vec,1.0000001192092896,neither,durable
word2vec,1.0,neither,surfing
word2vec,0.20342333614826202,neither,overlook
word2vec,-0.06823467463254929,neither,wisest
word2vec,0.9381152391433716,shared,lie
word2vec,0.1469172090291977,neither,contrivance
word2vec,1.0,a_only,validity
word2vec,1.0,neither,currie
word2vec,0.9999998807907104,neither,raises
word2vec,1.0,neither,om
word2vec,0.9831123352050781,shared,searching
word2vec,1.0,a_only,radio
word2vec,1.0,a_only,transport
word2vec,1.0,neither,strains
word2vec,1.0,neither,heats
word2vec,0.9999999403953552,a_only,correction
word2vec,0.9999999403953552,a_only,linguistic
word2vec,1.0000001192092896,a_only,archive
word2vec,0.11719012260437012,neither,ers
word2vec,0.9990795254707336,shared,engineer
word2vec,0.9735322594642639,shared,midst
word2vec,0.9999999403953552,a_only,aix
word2vec,1.0000001192092896,a_only,kurtz
word2vec,0.30330416560173035,neither,protruding
word2vec,0.03392595425248146,neither,slovak
word2vec,1.0,neither,bisexual
word2vec,0.9668755531311035,shared,holmes
word2vec,1.0,neither,drastically
word2vec,0.9524868130683899,shared,met
word2vec,0.976797878742218,shared,closer
word2vec,1.0000001192092896,a_only,franz
word2vec,1.0,neither,abdul
word2vec,0.9557309150695801,shared,plate
word2vec,0.9999999403953552,neither,chicks
word2vec,0.9999999403953552,neither,alexandrovich
word2vec,1.0,neither,posits
word2vec,0.9981284737586975,shared,anticipated
word2vec,0.8338189125061035,shared,john
word2vec,0.9962689876556396,shared,interference
word2vec,1.0000001192092896,neither,pompey
word2vec,-0.016254877671599388,b_only,blush
word2vec,0.1597779542207718,neither,plunder
word2vec,1.0,neither,hypothetical
word2vec,0.23546923696994781,neither,cabins
word2vec,0.9999999403953552,a_only,translates
word2vec,1.0,neither,phoebetria
word2vec,-0.03236391022801399,b_only,endeavoured
word2vec,0.9743645787239075,shared,suspense
word2vec,0.9999998807907104,a_only,schuschnigg
word2vec,0.9958162307739258,shared,impressive
word2vec,0.13429008424282074,neither,barber
word2vec,0.9888750314712524,shared,james
word2vec,1.0000001192092896,neither,priesthood
word2vec,1.0000001192092896,neither,lfhild
word2vec,1.0000001192092896,a_only,charter
word2vec,0.09568407386541367,neither,resolving
word2vec,0.9999998807907104,a_only,scoring
word2vec,0.9900901913642883,shared,accept
word2vec,-0.0908721536397934,neither,spade
word2vec,0.9999999403953552,a_only,regulations
word2vec,1.0000001192092896,neither,dalton
word2vec,1.0,neither,academics
word2vec,-0.04174216091632843,neither,tempt
word2vec,-0.1330033838748932,neither,beforehand
word2vec,1.0,a_only,morgan
word2vec,-0.10426834970712662,neither,proudest
word2vec,0.05064086988568306,neither,hedges
word2vec,0.9999999403953552,neither,buddhists
word2vec,1.0000001192092896,neither,rationality
word2vec,1.0000001192092896,neither,mainz
word2vec,0.9806100130081177,shared,execution
word2vec,0.9662938117980957,shared,midnight
word2vec,0.9915638566017151,shared,objection
word2vec,0.9999998807907104,neither,dersu
word2vec,0.1182258129119873,neither,slackened
word2vec,0.08156443387269974,b_only,sally
word2vec,0.9999999403953552,neither,apok
word2vec,1.0,a_only,continent
word2vec,1.0000001192092896,a_only,allegiance
word2vec,1.0,neither,britons
word2vec,1.0,neither,nitroglycerin
word2vec,0.9938157796859741,shared,officer
word2vec,0.9996359944343567,shared,collapse
word2vec,0.0695718377828598,neither,despise
word2vec,1.0,neither,feats
word2vec,0.974093496799469,shared,nevertheless
word2vec,0.9940937757492065,shared,war
word2vec,1.0,neither,hawks
word2vec,1.0000001192092896,a_only,exiled
word2vec,0.9999998807907104,a_only,graduate
word2vec,0.046353500336408615,neither,sermons
word2vec,0.20749403536319733,b_only,telegram
word2vec,0.9970068335533142,shared,preserved
word2vec,1.0000001192092896,neither,enforcement
word2vec,0.9999998807907104,a_only,ransom
word2vec,0.847222626209259,shared,breast
word2vec,1.0,neither,contributor
word2vec,0.997842013835907,shared,wars
word2vec,1.0,neither,sb
word2vec,0.9538318514823914,shared,lively
word2vec,-0.005692197009921074,neither,calamity
word2vec,0.03545733541250229,neither,steadfastly
word2vec,0.9962968826293945,shared,rings
word2vec,1.0,neither,inscribed
word2vec,0.9917123913764954,shared,minister
word2vec,1.0,neither,colombia
word2vec,0.999269425868988,shared,commonly
word2vec,0.9813246726989746,shared,wax
word2vec,1.0,neither,utilities
word2vec,0.10685320943593979,neither,dispositions
word2vec,1.0,a_only,conventional
word2vec,0.9999998807907104,neither,haber
word2vec,1.0000001192092896,a_only,mexican
word2vec,1.0000001192092896,a_only,cia
word2vec,0.9954126477241516,shared,referring
word2vec,0.9940927028656006,shared,fortress
word2vec,0.9918392896652222,shared,courses
word2vec,1.0,a_only,mines
word2vec,1.0000001192092896,neither,definitely
word2vec,-0.004364551045000553,neither,remarking
word2vec,0.009288730099797249,neither,peculiarity
word2vec,-0.10312305390834808,neither,joyous
word2vec,0.2013014256954193,neither,loafer
word2vec,1.0,a_only,rally
word2vec,0.007328888867050409,neither,foresaw
word2vec,1.0000001192092896,neither,catalyst
word2vec,0.9949264526367188,shared,briefly
word2vec,0.9999999403953552,a_only,socialist
word2vec,0.9962672591209412,shared,german
word2vec,0.08807750791311264,b_only,politely
word2vec,0.9062544703483582,shared,bound
word2vec,0.9983558654785156,shared,whatsoever
word2vec,-0.10264811664819717,neither,tormented
word2vec,1.0000001192092896,neither,tribunician
word2vec,0.8405969142913818,shared,passed
word2vec,1.0,a_only,nomenclature
word2vec,-0.07047899812459946,b_only,exertion
word2vec,1.0,a_only,ibn
word2vec,0.8600762486457825,shared,door
word2vec,1.0,a_only,siege
word2vec,1.0,neither,bissau
word2vec,0.19684115052223206,neither,damask
word2vec,1.0,a_only,edited
word2vec,0.046881113201379776,neither,summons
word2vec,0.9935736060142517,shared,recorded
word2vec,0.9999998807907104,a_only,essays
word2vec,0.9999999403953552,neither,opportunistic
word2vec,0.9999999403953552,a_only,mike
word2vec,0.9874687194824219,shared,positively
word2vec,1.0,neither,amstel
word2vec,1.0000001192092896,neither,gatherer
word2vec,-0.09043839573860168,neither,grunted
word2vec,0.9848151206970215,shared,drag
word2vec,0.9999998807907104,a_only,atheist
word2vec,0.9999999403953552,neither,consecutive
word2vec,1.0000001192092896,neither,cognate
word2vec,1.0,neither,durability
word2vec,0.18740646541118622,neither,revealing
word2vec,0.9984775185585022,shared,superiority
word2vec,0.9401354789733887,shared,remarked
word2vec,0.9999998807907104,a_only,sales
word2vec,0.9949456453323364,shared,addresses
word2vec,-0.004596681799739599,b_only,jest
word2vec,1.0,neither,attracting
word2vec,0.34592169523239136,neither,lobster
word2vec,0.7740670442581177,shared,time
word2vec,0.9961003065109253,shared,believes
word2vec,-0.005359611939638853,neither,toilet
word2vec,0.14542613923549652,neither,rummaged
word2vec,0.034513212740421295,b_only,cruelty
word2vec,1.0,neither,gaudi
word2vec,1.0,neither,orientation
word2vec,1.0,neither,workshop
word2vec,0.9126103520393372,shared,pleasant
word2vec,1.0,neither,drinks
word2vec,-0.03710615262389183,neither,whereupon
word2vec,1.0,neither,kidney
word2vec,0.900128960609436,shared,professor
word2vec,0.9961137771606445,shared,eventually
word2vec,0.9988325834274292,shared,construction
word2vec,1.0,neither,preached
word2vec,1.0,a_only,publication
word2vec,0.9947690963745117,shared,appearing
word2vec,0.9731854796409607,shared,slight
word2vec,0.9999999403953552,a_only,mol
word2vec,1.0000001192092896,neither,mute
word2vec,1.0,neither,coincide
word2vec,-0.014477314427495003,neither,mangled
word2vec,0.03622511401772499,b_only,rip
word2vec,0.9867162704467773,shared,protection
word2vec,0.9933047294616699,shared,outer
word2vec,0.9447997808456421,shared,hole
word2vec,0.9755552411079407,shared,begins
word2vec,0.33702218532562256,neither,charing
word2vec,1.0,neither,filter
word2vec,1.0000001192092896,neither,pseudoarchaeology
word2vec,1.0,neither,suetonius
word2vec,1.0,neither,dissident
word2vec,0.32306718826293945,neither,morose
word2vec,1.0,neither,responsibilities
word2vec,1.0000001192092896,neither,emerald
word2vec,0.9577481150627136,shared,knowing
word2vec,0.9999999403953552,a_only,drivers
word2vec,1.0,neither,anima
word2vec,1.0,neither,barriers
word2vec,-0.09783582389354706,neither,leisurely
word2vec,-0.09537850320339203,neither,repulsive
word2vec,1.0,a_only,theology
word2vec,0.9507244825363159,shared,direction
word2vec,0.985600471496582,shared,agree
word2vec,1.0,a_only,rom
word2vec,1.0000001192092896,neither,nationals
word2vec,0.9039598107337952,shared,each
word2vec,1.0,neither,newtons
word2vec,1.0000001192092896,neither,gal
word2vec,0.9999999403953552,a_only,evolution
word2vec,0.7828152179718018,shared,m
word2vec,0.9824562072753906,shared,gardens
word2vec,-0.029022563248872757,b_only,spectacles
word2vec,1.0,a_only,uss
word2vec,1.0,neither,trigonometry
word2vec,-0.02606351673603058,neither,lumbering
word2vec,0.9817911982536316,shared,travelling
word2vec,0.9999999403953552,neither,blitz
word2vec,0.9999999403953552,a_only,tactic
word2vec,0.9999999403953552,neither,armand
word2vec,0.9935359358787537,shared,expectations
word2vec,0.995262861251831,shared,represented
word2vec,0.9947559237480164,shared,uncertainty
word2vec,0.9887818098068237,shared,obey
word2vec,-0.012629344128072262,neither,diverted
word2vec,1.0,a_only,mysticism
word2vec,1.0,a_only,frederick
word2vec,1.0,neither,alfonso
word2vec,1.0,neither,portray
word2vec,1.0,a_only,policies
word2vec,0.08591105788946152,neither,slack
word2vec,0.9999999403953552,neither,cavities
word2vec,-0.03255511075258255,neither,hetty
word2vec,1.0,neither,lfar
word2vec,-0.05234634876251221,neither,whiter
word2vec,1.0,a_only,participate
word2vec,0.1325928270816803,neither,doze
word2vec,0.06513170897960663,neither,canvassed
word2vec,0.9999998807907104,neither,cork
word2vec,1.0,neither,fatally
word2vec,0.9981374740600586,shared,edmund
word2vec,1.0,neither,chimpanzee
word2vec,0.9999998807907104,a_only,herman
word2vec,1.0000001192092896,neither,senegal
word2vec,0.15014837682247162,neither,cussed
word2vec,1.0,a_only,armenians
word2vec,0.2729409337043762,neither,faltered
word2vec,0.30034998059272766,b_only,horner
word2vec,0.9992038011550903,shared,defined
word2vec,0.05016104504466057,b_only,kirwin
word2vec,1.0,neither,privatisation
word2vec,0.9806042909622192,shared,disappointed
word2vec,1.0,neither,anarcha
word2vec,0.9999999403953552,a_only,jpg
word2vec,0.9999999403953552,a_only,alaric
word2vec,0.9994034171104431,shared,hebrew
word2vec,0.9561796188354492,shared,occasion
word2vec,1.0,neither,weber
word2vec,0.12791378796100616,neither,displeased
word2vec,1.0,a_only,privileges
word2vec,0.1239781454205513,neither,natures
word2vec,0.10655481368303299,b_only,traps
word2vec,-0.014126054011285305,neither,monmouth
word2vec,-0.04687218740582466,b_only,hawkins
word2vec,0.9782713651657104,shared,worldly
word2vec,-0.07382030040025711,neither,buying
word2vec,1.0,neither,burroughs
word2vec,0.9931722283363342,shared,inevitable
word2vec,-0.1254698932170868,neither,messrs
word2vec,0.9999999403953552,neither,celebrities
word2vec,-0.006677790079265833,neither,teasing
word2vec,0.827205240726471,shared,first
word2vec,0.1126609668135643,neither,protesting
word2vec,1.0000001192092896,a_only,annihilation
word2vec,1.0,a_only,unofficial
word2vec,0.21721267700195312,b_only,drawers
word2vec,0.9999998807907104,a_only,mentions
word2vec,1.0,a_only,crystal
word2vec,0.9968085885047913,shared,praised
word2vec,1.0000001192092896,a_only,racial
word2vec,1.0,neither,appliances
word2vec,1.0,a_only,tasks
word2vec,0.9966685175895691,shared,lungs
word2vec,1.0000001192092896,a_only,configuration
word2vec,1.0000001192092896,neither,inputs
word2vec,0.03566278889775276,neither,gush
word2vec,0.9945298433303833,shared,trading
word2vec,1.0,neither,relegated
word2vec,-0.002624183427542448,b_only,hypnotic
word2vec,1.0,neither,mauss
word2vec,0.9932227730751038,shared,instructions
word2vec,1.0000001192092896,neither,reid
word2vec,1.0,neither,abensberg
word2vec,1.0,a_only,chiefs
word2vec,0.9835843443870544,shared,painful
word2vec,1.0,a_only,script
word2vec,1.0,neither,mussolini
word2vec,0.9772601127624512,shared,completely
word2vec,0.9885724782943726,shared,refused
word2vec,0.9971094131469727,shared,origin
word2vec,0.9921151995658875,shared,bolt
word2vec,0.9717068076133728,shared,warning
word2vec,0.9999998807907104,a_only,bomb
word2vec,1.0,neither,printer
word2vec,0.988023042678833,shared,hills
word2vec,1.0,neither,payment
word2vec,1.0,neither,simultaneous
word2vec,1.0,a_only,standards
word2vec,0.15573811531066895,neither,recompense
word2vec,1.0000001192092896,a_only,districts
word2vec,0.9929027557373047,shared,wounds
word2vec,0.9790678024291992,shared,caves
word2vec,-0.06702587753534317,neither,borgo
word2vec,1.0000001192092896,a_only,airline
word2vec,0.0777595192193985,neither,wilfully
word2vec,0.9956334233283997,shared,china
word2vec,0.9999998807907104,neither,ideological
word2vec,1.0000001192092896,a_only,literacy
word2vec,1.0,neither,polemic
word2vec,0.9772933125495911,shared,experience
word2vec,1.0000001192092896,a_only,postal
word2vec,0.9974810481071472,shared,consistent
word2vec,1.0,a_only,illustrated
word2vec,0.9968813061714172,shared,determine
word2vec,0.9907293915748596,shared,deeds
word2vec,0.28106993436813354,neither,mornings
word2vec,1.0,a_only,abjad
word2vec,0.7159527540206909,shared,got
word2vec,1.0000001192092896,a_only,gabon
word2vec,1.0,neither,pausanias
word2vec,0.9999999403953552,neither,chloroform
word2vec,1.0,neither,globally
word2vec,0.045365653932094574,b_only,busily
word2vec,0.9579377770423889,shared,clouds
word2vec,-0.03865204378962517,neither,breathlessly
word2vec,0.9501071572303772,shared,ones
word2vec,0.002445801394060254,b_only,sweetly
word2vec,0.01250758208334446,b_only,flushed
word2vec,0.21369360387325287,neither,fixing
word2vec,1.0000001192092896,neither,conventionally
word2vec,0.0038577408995479345,b_only,fortnight
word2vec,1.0000001192092896,a_only,romanian
word2vec,1.0000001192092896,neither,denver
word2vec,0.1824837476015091,neither,lanes
word2vec,1.0,neither,classis
word2vec,1.0000001192092896,neither,covalent
word2vec,1.0,neither,gallup
word2vec,0.9845054149627686,shared,chains
word2vec,1.0,a_only,phrases
word2vec,0.9995086789131165,shared,agency
word2vec,1.0000001192092896,a_only,coordination
word2vec,0.9999999403953552,a_only,theorists
word2vec,1.0,neither,lambda
word2vec,1.0,a_only,obsolete
word2vec,0.9999998807907104,neither,bruno
word2vec,1.0000001192092896,neither,euclid
word2vec,1.0000001192092896,a_only,mesopotamia
word2vec,0.06885136663913727,b_only,fro
word2vec,1.0,a_only,derleth
word2vec,1.0000001192092896,neither,jutland
word2vec,1.0,neither,vita
word2vec,0.9999999403953552,neither,clyde
word2vec,-0.05909448862075806,neither,cecco
word2vec,1.0,a_only,christie
word2vec,1.0000001192092896,a_only,loyalty
word2vec,0.9695159196853638,shared,starting
word2vec,0.9962598085403442,shared,rhine
word2vec,-0.061201974749565125,b_only,dreamed
word2vec,0.9665090441703796,shared,opening
word2vec,0.992607057094574,shared,rewarded
word2vec,0.12225332111120224,b_only,whooping
word2vec,0.1506025791168213,neither,rambles
word2vec,0.09762401878833771,neither,bridegroom
word2vec,0.9999999403953552,neither,tram
word2vec,0.9718707799911499,shared,angel
word2vec,0.999361515045166,shared,area
word2vec,1.0000001192092896,a_only,icelandic
word2vec,0.9424600601196289,shared,minutes
word2vec,1.0000001192092896,a_only,derives
word2vec,1.0000001192092896,neither,photographic
word2vec,0.07679085433483124,b_only,30
word2vec,0.9960417747497559,shared,dated
word2vec,1.0000001192092896,a_only,anarchism
word2vec,0.9999998807907104,neither,blake
word2vec,0.9999999403953552,neither,yin
word2vec,0.9999999403953552,a_only,chicago
word2vec,1.0000001192092896,neither,laser
word2vec,1.0,neither,prevenient
word2vec,0.9992063641548157,shared,founded
word2vec,1.0000001192092896,a_only,organised
word2vec,-0.04989409074187279,neither,revengeful
word2vec,0.03364311531186104,neither,xxix
word2vec,0.9999998807907104,neither,fetal
word2vec,0.7891154289245605,shared,came
word2vec,1.0,a_only,archaeological
word2vec,0.9999999403953552,a_only,surrendered
word2vec,1.0,neither,zoo
word2vec,1.0,neither,monkey
word2vec,0.994102954864502,shared,attacked
word2vec,-0.06482875347137451,neither,unison
word2vec,0.9951000213623047,shared,syllables
word2vec,0.9999999403953552,neither,karen
word2vec,0.993040144443512,shared,bloody
word2vec,0.14007671177387238,neither,pour
word2vec,0.9589695334434509,shared,rod
word2vec,0.9999999403953552,neither,blackmail
word2vec,-0.07781429588794708,b_only,lucie
word2vec,0.9583390355110168,shared,influence
word2vec,0.997603178024292,shared,proposals
word2vec,1.0,a_only,hm
word2vec,1.0000001192092896,a_only,joshua
word2vec,0.9536828994750977,shared,common
word2vec,0.9789286255836487,shared,justice
word2vec,1.0000001192092896,a_only,leonard
word2vec,0.9999998807907104,neither,vertebrae
word2vec,0.996857225894928,neither,exceed
word2vec,0.9772981405258179,shared,arrived
word2vec,0.9999998807907104,neither,alpenhorn
word2vec,0.9999998807907104,neither,phillip
word2vec,0.9604830145835876,shared,line
word2vec,0.9999999403953552,a_only,channels
word2vec,0.9970338344573975,shared,stem
word2vec,-0.007635787595063448,neither,garrick
word2vec,1.0000001192092896,a_only,annales
word2vec,0.9819658994674683,shared,flint
word2vec,1.0000001192092896,neither,affirm
word2vec,0.9579548835754395,shared,pay
word2vec,0.9999999403953552,neither,antiochus
word2vec,0.10706282407045364,neither,cylinders
word2vec,0.9999999403953552,neither,mollymawks
word2vec,0.9999999403953552,neither,jakob
word2vec,0.9709674119949341,shared,ink
word2vec,0.9999999403953552,neither,redgrave
word2vec,1.0000001192092896,a_only,physiology
word2vec,0.991528332233429,shared,speaks
word2vec,0.9999999403953552,a_only,values
word2vec,0.9731060862541199,shared,sand
word2vec,1.0,a_only,classics
word2vec,0.9999998807907104,a_only,interestingly
word2vec,1.0,neither,photography
word2vec,1.0000001192092896,a_only,believers
word2vec,1.0,neither,bradman
word2vec,1.0,neither,translating
word2vec,0.9999998807907104,neither,linguists
word2vec,0.9999998807907104,neither,cochrane
word2vec,-0.14417487382888794,neither,wavering
word2vec,1.0,neither,campus
word2vec,0.9999998807907104,a_only,portable
word2vec,1.0,neither,markers
word2vec,1.0,a_only,col
word2vec,1.0000001192092896,neither,embodiment
word2vec,1.0000001192092896,neither,filmmaking
word2vec,0.09221725910902023,neither,grit
word2vec,0.9985421895980835,shared,european
word2vec,1.0,a_only,athenians
word2vec,1.0,neither,refining
word2vec,-0.0026178655680269003,b_only,trusting
word2vec,1.0,neither,warhola
word2vec,0.0885293185710907,neither,doll
word2vec,1.0,neither,iota
word2vec,1.0,neither,nsu
word2vec,1.0000001192092896,neither,theists
word2vec,0.9999998807907104,a_only,african
word2vec,0.9999998807907104,neither,corpus
word2vec,1.0000001192092896,a_only,specified
word2vec,1.0,neither,northumbria
word2vec,0.9965770840644836,neither,pikes
word2vec,0.9953836798667908,shared,ward
word2vec,0.9814888834953308,shared,checked
word2vec,1.0,a_only,franks
word2vec,0.9810183048248291,shared,enjoyment
word2vec,0.015087997540831566,neither,stifled
word2vec,0.9926380515098572,shared,displayed
word2vec,0.9504512548446655,shared,servant
word2vec,0.9965096116065979,shared,adjusted
word2vec,0.09773845225572586,b_only,felicity
word2vec,0.9959879517555237,shared,penetrate
word2vec,0.13273760676383972,neither,harrow
word2vec,1.0,a_only,doubleday
word2vec,1.0,a_only,matt
word2vec,-0.08312182128429413,b_only,monsieur
word2vec,0.9976588487625122,shared,purposes
word2vec,1.0,a_only,votes
word2vec,1.0000001192092896,neither,stocks
word2vec,0.16234315931797028,neither,gruff
word2vec,0.9864751100540161,shared,apprehension
word2vec,1.0000001192092896,a_only,vocabulary
word2vec,0.9822180271148682,shared,wasted
word2vec,0.9983301162719727,shared,loop
word2vec,0.9999999403953552,neither,autocrat
word2vec,0.9932672381401062,shared,genuine
word2vec,1.0,neither,downloads
word2vec,1.0,neither,airship
word2vec,0.09870433062314987,neither,condemn
word2vec,0.13832947611808777,neither,curve
word2vec,1.0,neither,commemorate
word2vec,1.0,neither,mapping
word2vec,1.0000001192092896,neither,cardinality
word2vec,0.7991334199905396,shared,off
word2vec,0.009056438691914082,b_only,touching
word2vec,0.9947559833526611,shared,exalted
word2vec,1.0000001192092896,neither,acetic
word2vec,0.07629597187042236,neither,pips
word2vec,1.0,neither,contiguous
word2vec,0.9339889883995056,shared,niggers
word2vec,1.0,a_only,fran
word2vec,0.1665487438440323,b_only,floated
word2vec,-0.08257918804883957,neither,consigned
word2vec,0.9999998807907104,neither,grouping
word2vec,0.9999999403953552,a_only,automorphisms
word2vec,0.9824507236480713,shared,throwing
word2vec,0.9999999403953552,a_only,behavior
word2vec,0.9928914308547974,shared,claimed
word2vec,0.9821833372116089,shared,bath
word2vec,1.0,neither,comp
word2vec,0.9953339099884033,shared,original
word2vec,0.9916056990623474,shared,humanity
word2vec,1.0000001192092896,a_only,patrol
word2vec,0.9413575530052185,shared,heavy
word2vec,0.9999999403953552,neither,himmler
word2vec,-0.02919832244515419,neither,nursed
word2vec,0.9999999403953552,a_only,arian
word2vec,1.0,neither,tape
word2vec,0.9999999403953552,neither,treble
word2vec,1.0,neither,gerard
word2vec,0.7943516969680786,shared,under
word2vec,0.9916794896125793,shared,laboratory
word2vec,0.9874511361122131,shared,attachment
word2vec,1.0,neither,chick
word2vec,-0.07255113124847412,neither,delirium
word2vec,0.9819610118865967,shared,weapons
word2vec,0.9697112441062927,shared,gold
word2vec,0.002344774780794978,b_only,mender
word2vec,1.0,neither,cuba
word2vec,0.9931929707527161,shared,studied
word2vec,1.0,neither,raced
word2vec,0.9999998807907104,a_only,skills
word2vec,0.9856756329536438,shared,collect
word2vec,0.9847883582115173,shared,pupils
word2vec,0.9474285840988159,shared,dig
word2vec,1.0,neither,braun
word2vec,-0.04972489923238754,b_only,linen
word2vec,1.0000001192092896,a_only,byron
word2vec,0.9429275989532471,shared,project
word2vec,0.997161328792572,shared,chronicle
word2vec,1.0,neither,displaying
word2vec,1.0000001192092896,neither,biased
word2vec,0.14069274067878723,neither,kid
word2vec,1.0,a_only,profile
word2vec,1.0000001192092896,neither,zaire
word2vec,1.0,neither,abdali
word2vec,1.0,neither,therapists
word2vec,1.0,a_only,advances
word2vec,0.9902383089065552,shared,choosing
word2vec,0.9724812507629395,shared,overhead
word2vec,1.0,neither,alamos
word2vec,0.9999382495880127,shared,lysander
word2vec,0.8556427359580994,shared,keep
word2vec,1.0,a_only,omega
word2vec,1.0000001192092896,neither,horch
word2vec,-0.03688763454556465,neither,sexes
word2vec,0.11185067892074585,b_only,pretending
word2vec,1.0,neither,maternal
word2vec,0.9949378967285156,shared,g
word2vec,0.9882330298423767,shared,agatha
word2vec,0.910007894039154,shared,cave
word2vec,1.0000001192092896,neither,identifiable
word2vec,0.10209501534700394,b_only,perplexity
word2vec,1.0000001192092896,neither,thorn
word2vec,0.07935716211795807,neither,salary
word2vec,0.8506596088409424,shared,town
word2vec,0.9950940608978271,shared,correspondence
word2vec,0.9953750967979431,shared,fought
word2vec,1.0,a_only,fm
word2vec,1.0,neither,challenging
word2vec,0.9509480595588684,shared,finn
word2vec,1.0000001192092896,a_only,researchers
word2vec,0.9982467889785767,neither,apartments
word2vec,0.049302540719509125,neither,hoofs
word2vec,1.0,neither,statist
word2vec,0.9879331588745117,shared,wheels
word2vec,1.0,a_only,california
word2vec,0.9871293306350708,shared,updated
word2vec,0.002364653628319502,b_only,gwyne
word2vec,1.0,a_only,capability
word2vec,0.7871900200843811,shared,sound
word2vec,1.0000001192092896,a_only,covenant
word2vec,1.0,neither,lobito
word2vec,1.0,neither,brigadier
word2vec,1.0,a_only,journalist
word2vec,0.13853758573532104,neither,gums
word2vec,1.0,a_only,homo
word2vec,1.0,neither,expounded
word2vec,1.0000001192092896,a_only,anglican
word2vec,1.0,a_only,melbourne
word2vec,0.988710880279541,shared,seas
word2vec,0.981891930103302,shared,virtues
word2vec,0.9962616562843323,shared,numerous
word2vec,0.9999998807907104,a_only,performing
word2vec,0.9999999403953552,a_only,halogens
word2vec,0.15434695780277252,neither,shivered
word2vec,1.0,neither,bordeaux
word2vec,1.0,a_only,oceans
word2vec,0.9999999403953552,a_only,techniques
word2vec,1.0,neither,recession
word2vec,0.05255938321352005,neither,wrongfully
word2vec,0.9930926561355591,shared,consequences
word2vec,1.0000001192092896,a_only,ireland
word2vec,0.9986903667449951,shared,development
word2vec,0.9999998807907104,a_only,relationships
word2vec,1.0,neither,portrays
word2vec,0.17021679878234863,neither,grizzled
word2vec,0.9999999403953552,neither,submachine
word2vec,0.9939150810241699,neither,stack
word2vec,0.8626573085784912,shared,must
word2vec,0.06465869396924973,neither,lace
word2vec,0.041543591767549515,neither,rifts
word2vec,0.9999998807907104,neither,esperanto
word2vec,-0.007665463723242283,neither,moritz
word2vec,0.8359044790267944,shared,t
word2vec,1.0,neither,clipping
word2vec,-0.01015924010425806,b_only,devotion
word2vec,0.9270722270011902,shared,interest
word2vec,1.0,neither,spruce
word2vec,0.2406199723482132,neither,swallowing
word2vec,0.9482371211051941,shared,post
word2vec,0.9999999403953552,neither,similarity
word2vec,0.9999999403953552,neither,dimensional
word2vec,0.9976814389228821,shared,improve
word2vec,1.0000001192092896,a_only,controversial
word2vec,0.8281427621841431,shared,better
word2vec,1.0000001192092896,neither,chant
word2vec,1.0,neither,thumbs
word2vec,0.9972333312034607,shared,opposed
word2vec,0.9999998807907104,a_only,san
word2vec,1.0,neither,diatomic
word2vec,1.0,a_only,hong
word2vec,-0.08121339231729507,b_only,tuck
word2vec,0.16226649284362793,b_only,attendant
word2vec,0.9982903003692627,shared,compare
word2vec,0.9886465072631836,shared,rays
word2vec,0.24458903074264526,neither,languor
word2vec,0.03426384925842285,b_only,couldn
word2vec,0.932431697845459,shared,roads
word2vec,0.994299590587616,shared,halting
word2vec,0.9999998807907104,neither,caucus
word2vec,1.0000001192092896,neither,morihei
word2vec,0.956326961517334,shared,several
word2vec,0.9855368733406067,shared,verdict
word2vec,0.019185859709978104,b_only,buck
word2vec,0.17402192950248718,neither,stolid
word2vec,0.8190973997116089,shared,day
word2vec,1.0,neither,nominally
word2vec,0.9994420409202576,shared,population
word2vec,0.9999999403953552,neither,newsgroups
word2vec,1.0,neither,reactivity
word2vec,0.9692719578742981,shared,success
word2vec,1.0,neither,rewrite
word2vec,0.9720059037208557,shared,stars
word2vec,0.13637696206569672,neither,turnkey
word2vec,1.0000001192092896,neither,apparatus
word2vec,0.9833787679672241,shared,vent
word2vec,0.9931584596633911,shared,citizens
word2vec,0.961718738079071,shared,quarrel
word2vec,0.9793330430984497,shared,breaks
word2vec,1.0,a_only,transcontinental
word2vec,1.0000001192092896,neither,asceticism
word2vec,1.0,a_only,graphics
word2vec,0.9687095880508423,shared,interested
word2vec,1.0000001192092896,a_only,empirical
word2vec,0.03322257101535797,b_only,indebted
word2vec,0.9752073287963867,shared,useless
word2vec,0.20353494584560394,neither,contemplating
word2vec,0.9999999403953552,a_only,overdose
word2vec,0.9999999403953552,neither,reagents
word2vec,1.0,neither,static
word2vec,0.9941578507423401,shared,adopt
word2vec,1.0000001192092896,a_only,hermes
word2vec,1.0,neither,hesiod
word2vec,0.21619537472724915,neither,relish
word2vec,0.9822602868080139,shared,price
word2vec,0.9794256091117859,shared,lake
word2vec,0.9877282977104187,shared,beam
word2vec,1.0,a_only,invaded
word2vec,0.015095747075974941,b_only,wondering
word2vec,0.7978790402412415,shared,much
word2vec,0.047673750668764114,neither,shrubbery
word2vec,0.2319028079509735,neither,delights
word2vec,0.9983375668525696,shared,architecture
word2vec,0.9941678643226624,shared,intercourse
word2vec,0.1546855866909027,neither,insupportable
word2vec,1.0000001192092896,a_only,colonial
word2vec,1.0,neither,pillars
word2vec,0.9999999403953552,a_only,kennedy
word2vec,1.0,a_only,epitome
word2vec,0.9999999403953552,neither,duel
word2vec,0.032755039632320404,neither,dodged
word2vec,1.0,neither,feeds
word2vec,-0.08759825676679611,b_only,snoring
word2vec,0.13477467000484467,neither,haughty
word2vec,0.9999999403953552,neither,possessions
word2vec,0.9986575841903687,shared,breach
word2vec,0.1775932013988495,neither,privileged
word2vec,1.0000001192092896,a_only,confederacy
word2vec,0.9426546096801758,shared,remembered
word2vec,0.9999998807907104,a_only,debut
word2vec,0.13757288455963135,b_only,delighted
word2vec,0.9235498905181885,shared,lord
word2vec,0.9999999403953552,a_only,represents
word2vec,0.22325123846530914,neither,resolutely
word2vec,0.9773988127708435,shared,cautious
word2vec,0.9801273345947266,shared,tower
word2vec,-0.13607092201709747,b_only,nigh
word2vec,1.0,a_only,taxation
word2vec,0.020749615505337715,b_only,tranquillity
word2vec,-0.02967548556625843,neither,sneaking
word2vec,0.990588903427124,shared,medicines
word2vec,1.0,a_only,powered
word2vec,0.24112026393413544,neither,besought
word2vec,0.9835764169692993,shared,graves
word2vec,0.005949363112449646,neither,nat
word2vec,0.9999999403953552,a_only,machinery
word2vec,0.9999999403953552,neither,workshops
word2vec,1.0,neither,sol
word2vec,0.007409810554236174,neither,indignant
word2vec,-0.04951786994934082,b_only,hers
word2vec,0.9145101308822632,shared,note
word2vec,1.0,a_only,directory
word2vec,1.0000001192092896,a_only,experts
word2vec,1.0,neither,articulated
word2vec,1.0000001192092896,neither,rebels
word2vec,1.0000001192092896,neither,nationalists
word2vec,1.0,neither,households
word2vec,1.0000001192092896,neither,nicomachean
word2vec,0.9999999403953552,neither,bulletin
word2vec,0.9976171255111694,shared,pledge
word2vec,1.0,neither,bombay
word2vec,-0.050436366349458694,b_only,sherburn
word2vec,1.0,neither,regent
word2vec,0.9999998807907104,a_only,ptolemy
word2vec,1.0000001192092896,neither,pda
word2vec,1.0000001192092896,a_only,forts
word2vec,0.6577644348144531,shared,oh
word2vec,1.0,neither,poupart
word2vec,-0.02271266281604767,neither,hilt
word2vec,0.99895179271698,shared,presentation
word2vec,0.9903936982154846,shared,immense
word2vec,0.9832428097724915,neither,dee
word2vec,1.0,neither,animalium
word2vec,1.0,neither,toad
word2vec,0.9984740614891052,shared,paul
word2vec,0.0847952738404274,neither,spec
word2vec,0.9999999403953552,a_only,authorized
word2vec,0.9520700573921204,shared,resolved
word2vec,1.0000001192092896,a_only,surrender
word2vec,0.1356981098651886,b_only,sweetness
word2vec,0.9760563373565674,shared,offer
word2vec,1.0000001192092896,a_only,exports
word2vec,0.9282627105712891,shared,taking
word2vec,1.0,a_only,organizations
word2vec,1.0000001192092896,neither,afrika
word2vec,0.24937288463115692,neither,disapprobation
word2vec,0.06097278743982315,b_only,clumb
word2vec,1.0000001192092896,neither,dionysus
word2vec,0.9977014064788818,shared,equipped
word2vec,0.9870681762695312,shared,similar
word2vec,1.0,neither,sponsored
word2vec,1.0,neither,statism
word2vec,-0.00988510437309742,b_only,longing
word2vec,0.9999998807907104,neither,materialism
word2vec,1.0000001192092896,neither,mason
word2vec,0.9962901473045349,shared,hubbard
word2vec,1.0000001192092896,neither,halifax
word2vec,0.9903374910354614,shared,frequent
word2vec,-0.13317237794399261,b_only,wondered
word2vec,0.9758416414260864,shared,third
word2vec,1.0,a_only,genetics
word2vec,0.16265907883644104,b_only,exquisite
word2vec,1.0,a_only,clockwork
word2vec,1.0,neither,merchants
word2vec,1.0,neither,floyd
word2vec,0.9869263172149658,shared,pleasing
word2vec,0.10207116603851318,b_only,attentively
word2vec,0.9451923370361328,shared,paper
word2vec,0.9999998807907104,a_only,implementations
word2vec,1.0,neither,presley
word2vec,-0.09573229402303696,b_only,sunshine
word2vec,-0.05400395393371582,neither,bloomin
word2vec,1.0,a_only,des
word2vec,1.0000001192092896,a_only,neutrons
word2vec,0.8350604176521301,shared,window
word2vec,1.0,a_only,assassination
word2vec,1.0,neither,narrowly
word2vec,0.9152956604957581,shared,broad
word2vec,0.9141905903816223,shared,really
word2vec,0.9969451427459717,shared,adding
word2vec,-0.09505043178796768,neither,lovingly
word2vec,0.13071079552173615,b_only,cigar
word2vec,1.0000001192092896,a_only,institutions
word2vec,0.9813209176063538,shared,reasonable
word2vec,0.9232820272445679,shared,butter
word2vec,0.9786969423294067,shared,circle
word2vec,0.996417760848999,shared,resigned
word2vec,0.009413422085344791,b_only,fancied
word2vec,0.7963252067565918,shared,knew
word2vec,1.0,neither,artwork
word2vec,1.0,neither,noah
word2vec,0.09739195555448532,b_only,12
word2vec,0.0026108657475560904,neither,mightn
word2vec,0.9863985776901245,shared,oak
word2vec,1.0,neither,trails
word2vec,0.11797930300235748,neither,rubbage
word2vec,0.9938167333602905,shared,starved
word2vec,1.0,neither,melville
word2vec,1.0,neither,statehood
word2vec,0.9945236444473267,shared,access
word2vec,1.0,a_only,das
word2vec,0.9908194541931152,shared,electronic
word2vec,0.9999998807907104,neither,maj
word2vec,0.9778028726577759,shared,failure
word2vec,0.9999998807907104,a_only,namely
word2vec,0.9738722443580627,shared,ruin
word2vec,-0.052207861095666885,neither,benevolence
word2vec,0.9928446412086487,shared,underground
word2vec,0.05619979649782181,neither,incessantly
word2vec,0.12926886975765228,neither,posting
word2vec,0.9989518523216248,shared,basis
word2vec,0.9949401021003723,shared,hurricane
word2vec,1.0000001192092896,a_only,geologist
word2vec,0.9864895343780518,shared,facts
word2vec,0.9999998807907104,neither,decelerator
word2vec,0.9999999403953552,a_only,francisco
word2vec,1.0,neither,groundwater
word2vec,0.9590389132499695,shared,pig
word2vec,0.05450828745961189,b_only,clung
word2vec,1.0,neither,remonstrants
word2vec,0.989050030708313,shared,beings
word2vec,0.9999999403953552,a_only,nazi
word2vec,1.0,neither,commandments
word2vec,0.9999998807907104,neither,abe
word2vec,1.0,neither,sulfuric
word2vec,0.9855682849884033,shared,lifting
word2vec,0.2429615557193756,neither,benefited
word2vec,0.9485481381416321,shared,ahead
word2vec,1.0000001192092896,neither,crossbar
word2vec,0.9926638007164001,shared,laden
word2vec,0.1340840607881546,b_only,dining
word2vec,0.0025824911426752806,neither,throats
word2vec,1.0,neither,tarleton
word2vec,-0.038761772215366364,b_only,bells
word2vec,1.0000001192092896,a_only,traits
word2vec,0.088857501745224,neither,misgiving
word2vec,0.09677338600158691,neither,unconnected
word2vec,0.9999998807907104,neither,tonnes
word2vec,-0.05382094532251358,neither,musing
word2vec,0.963736355304718,shared,happen
word2vec,-0.006393549032509327,neither,gracechurch
word2vec,1.0,neither,pierce
word2vec,0.9999999403953552,a_only,outline
word2vec,0.9999998807907104,a_only,ferdinand
word2vec,1.0,neither,webelements
word2vec,0.9999999403953552,a_only,com
word2vec,1.0,neither,noting
word2vec,1.0000001192092896,neither,homeric
word2vec,0.9786664843559265,shared,revealed
word2vec,0.9929808974266052,shared,remainder
word2vec,0.9296995997428894,shared,dogs
word2vec,1.0,neither,amphitryon
word2vec,0.9992084503173828,shared,discussed
word2vec,0.9779922366142273,shared,descended
word2vec,0.9999999403953552,a_only,collectively
word2vec,1.0000001192092896,a_only,gothic
word2vec,0.9939014315605164,shared,extent
word2vec,0.9833498001098633,shared,altered
word2vec,0.0466739796102047,b_only,precaution
word2vec,0.9842919707298279,shared,upper
word2vec,0.09118464589118958,b_only,henceforth
word2vec,0.3470859229564667,neither,dundee
word2vec,1.0,neither,royalty
word2vec,1.0,neither,contingent
word2vec,1.0,neither,warrant
word2vec,1.0,neither,monaco
word2vec,0.981280505657196,shared,guarded
word2vec,0.9963869452476501,neither,poisonous
word2vec,0.994615912437439,shared,islands
word2vec,0.9999999403953552,a_only,mainstream
word2vec,0.8176426887512207,shared,took
word2vec,1.0,a_only,wins
word2vec,0.9999999403953552,a_only,autistics
word2vec,0.9999999403953552,neither,celebrate
word2vec,1.0000001192092896,a_only,bands
word2vec,-0.0725206807255745,b_only,faults
word2vec,0.9649496078491211,shared,arrive
word2vec,0.9999998807907104,neither,mime
word2vec,0.9999999403953552,neither,bordering
word2vec,0.9363278150558472,shared,cause
word2vec,0.9838388562202454,shared,becoming
word2vec,0.11611029505729675,b_only,admire
word2vec,-0.14258220791816711,neither,gnashed
word2vec,-0.009110450744628906,neither,wreaths
word2vec,0.9961256980895996,shared,frogs
word2vec,0.9941842555999756,shared,stamp
word2vec,0.11737474799156189,neither,snatch
word2vec,1.0,neither,bindusara
word2vec,1.0,a_only,emphasize
word2vec,0.9985415935516357,shared,reasonably
word2vec,1.0,a_only,internet
word2vec,0.9691771864891052,shared,branch
word2vec,-0.030582433566451073,neither,nohow
word2vec,-0.06321819871664047,b_only,wrinkled
word2vec,-0.08124642819166183,neither,mews
word2vec,0.9978103041648865,shared,american
word2vec,-0.039463501423597336,b_only,ther
word2vec,0.17742709815502167,b_only,fashionable
word2vec,0.005605916026979685,neither,imitate
word2vec,0.10393453389406204,b_only,footman
word2vec,0.9973079562187195,shared,celebrated
word2vec,0.9765960574150085,shared,cleared
word2vec,1.0000001192092896,neither,brooks
word2vec,0.9999999403953552,a_only,opponents
word2vec,-0.08206811547279358,b_only,ridiculous
word2vec,0.9999998807907104,a_only,southernmost
word2vec,0.19316965341567993,neither,rightly
word2vec,0.9999998807907104,a_only,cities
word2vec,0.9999999403953552,a_only,kinetic
word2vec,0.9937624931335449,shared,cows
word2vec,0.02458067238330841,b_only,fortunately
word2vec,0.029877156019210815,b_only,parting
word2vec,0.9928046464920044,shared,monsters
word2vec,1.0,a_only,trans
word2vec,0.9147434830665588,shared,youth
word2vec,0.9791664481163025,shared,steam
word2vec,0.9999998807907104,neither,benguela
word2vec,1.0,a_only,techno
word2vec,1.0,a_only,variables
word2vec,1.0,a_only,ecology
word2vec,1.0,neither,orchid
word2vec,0.15321294963359833,b_only,nana
word2vec,1.0,a_only,archbishop
word2vec,0.17563414573669434,neither,elastic
word2vec,-0.06136449798941612,neither,planks
word2vec,0.9933785796165466,shared,match
word2vec,0.9978572726249695,shared,military
word2vec,0.0837600901722908,neither,furiously
word2vec,1.0,a_only,develop
word2vec,0.9850708842277527,shared,sailing
word2vec,1.0000001192092896,neither,trek
word2vec,0.9941578507423401,shared,towns
word2vec,1.0,neither,lineages
word2vec,1.0000001192092896,neither,mcdowell
word2vec,0.9977841377258301,neither,exit
word2vec,0.9931038022041321,shared,proposal
word2vec,0.9237756729125977,shared,behind
word2vec,0.9999998807907104,a_only,amides
word2vec,1.0,neither,deism
word2vec,0.9930405616760254,shared,guardian
word2vec,1.0,neither,seceding
word2vec,0.9999999403953552,neither,maldives
word2vec,1.0000001192092896,a_only,bases
word2vec,0.9645234942436218,shared,history
word2vec,0.9859632253646851,shared,build
word2vec,1.0000001192092896,neither,galatians
word2vec,1.0000001192092896,neither,aeronautical
word2vec,1.0,neither,dictated
word2vec,0.9706196188926697,shared,mushroom
word2vec,0.9865872859954834,shared,shine
word2vec,1.0,neither,achieving
word2vec,1.0000001192092896,neither,authenticity
word2vec,1.0,a_only,nova
word2vec,-0.0751299113035202,neither,decent
word2vec,0.048658210784196854,b_only,parsonage
word2vec,0.99663907289505,shared,explanations
word2vec,1.0000001192092896,a_only,astrological
word2vec,0.9470120072364807,shared,calling
word2vec,1.0000001192092896,neither,basically
word2vec,0.9999999403953552,neither,sigma
word2vec,1.0,a_only,marie
word2vec,0.003783338237553835,neither,vinegar
word2vec,0.997378408908844,neither,efficacy
word2vec,1.0000001192092896,a_only,indicator
word2vec,1.0,a_only,brazil
word2vec,0.9807692170143127,shared,returning
word2vec,1.0,neither,conserved
word2vec,0.1360108107328415,b_only,murmured
word2vec,0.995880663394928,shared,religion
word2vec,1.0,neither,viewer
word2vec,0.9318204522132874,shared,fingers
word2vec,-0.011391717940568924,neither,peterson
word2vec,0.9717404246330261,shared,romantic
word2vec,1.0,neither,modifying
word2vec,0.9803066253662109,shared,garments
word2vec,0.9608268737792969,shared,lots
word2vec,1.0,a_only,catholic
word2vec,0.13845567405223846,neither,puffed
word2vec,0.9080554842948914,shared,women
word2vec,-0.10396886616945267,b_only,tear
word2vec,0.03593774512410164,neither,puffing
word2vec,1.0000001192092896,a_only,massachusetts
word2vec,1.0,neither,gurps
word2vec,0.9999999403953552,a_only,iceland
word2vec,1.0000001192092896,neither,deposition
word2vec,0.9779922366142273,shared,unable
word2vec,1.0,neither,misconception
word2vec,0.7653428316116333,shared,night
word2vec,-0.001466322923079133,neither,throng
word2vec,0.10960017889738083,neither,poke
word2vec,-0.24731412529945374,b_only,doom
word2vec,0.9411208629608154,shared,witness
word2vec,1.0,neither,myanmar
word2vec,0.9606433510780334,shared,enter
word2vec,0.9429116249084473,shared,shot
word2vec,0.9943200349807739,shared,offensive
word2vec,1.0,a_only,ambrose
word2vec,1.0000001192092896,neither,salad
word2vec,0.05952327698469162,neither,openness
word2vec,0.05180133134126663,neither,revolved
word2vec,-0.035745445638895035,neither,civilly
word2vec,0.10970757156610489,b_only,logs
word2vec,1.0,neither,communal
word2vec,1.0000001192092896,a_only,angola
word2vec,1.0,neither,rhazes
word2vec,1.0,neither,imperative
word2vec,1.0,neither,astrologer
word2vec,0.8615721464157104,shared,seen
word2vec,0.9915643334388733,shared,upwards
word2vec,1.0000001192092896,neither,murchison
word2vec,0.08928035199642181,neither,housekeeping
word2vec,0.9877844452857971,shared,intervals
word2vec,0.9487590789794922,shared,public
word2vec,0.9999999403953552,a_only,marcus
word2vec,0.06028265506029129,b_only,goose
word2vec,0.7795446515083313,shared,you
word2vec,0.9539802074432373,shared,pack
word2vec,1.0000001192092896,a_only,atomic
word2vec,1.0,neither,inventive
word2vec,0.9911982417106628,shared,october
word2vec,1.0,a_only,ruler
word2vec,1.0,neither,specialists
word2vec,0.9424026608467102,shared,threw
word2vec,0.01158888079226017,neither,filthy
word2vec,1.0,neither,nintendo
word2vec,0.08353569358587265,neither,piers
word2vec,1.0000001192092896,neither,horace
word2vec,0.9297001361846924,shared,remember
word2vec,0.9825131893157959,shared,punished
word2vec,1.0,neither,enlightened
word2vec,0.045422472059726715,neither,lairs
word2vec,1.0,a_only,arkansas
word2vec,0.1994430422782898,b_only,gentlemen
word2vec,0.9942896962165833,shared,reduced
word2vec,0.9999998807907104,a_only,aldrin
word2vec,0.9999998807907104,neither,mit
word2vec,-0.00041144233546219766,neither,enchanted
word2vec,0.9824222326278687,shared,explore
word2vec,1.0000001192092896,a_only,formation
word2vec,1.0,a_only,civilians
word2vec,1.0,a_only,retains
word2vec,1.0,neither,pulitzer
word2vec,0.932660698890686,shared,shaking
word2vec,-0.005390490405261517,b_only,helpless
word2vec,0.247937873005867,b_only,breeze
word2vec,1.0,a_only,ignored
word2vec,1.0000001192092896,neither,hunters
word2vec,1.0,neither,bleda
word2vec,0.9983672499656677,shared,literature
word2vec,-0.10259757936000824,neither,yawning
word2vec,0.8373004198074341,shared,up
word2vec,-0.030611295253038406,b_only,affectionate
word2vec,1.0,a_only,measuring
word2vec,0.29690486192703247,neither,anticipation
word2vec,0.9900183081626892,shared,fled
word2vec,1.0,neither,superseded
word2vec,0.9999227523803711,neither,savannah
word2vec,0.11785352230072021,neither,lurid
word2vec,0.9999999403953552,neither,freeing
word2vec,1.0,neither,kidneys
word2vec,0.03235030919313431,b_only,knees
word2vec,0.980719268321991,neither,chow
word2vec,0.08286578953266144,neither,oo
word2vec,1.0,neither,competitors
word2vec,0.9827406406402588,shared,burned
word2vec,0.9636987447738647,shared,recalled
word2vec,1.0,a_only,abugidas
word2vec,0.15686950087547302,neither,averted
word2vec,0.07060901075601578,neither,godfrey
word2vec,0.9913593530654907,shared,cottages
word2vec,1.0000001192092896,a_only,governmental
word2vec,-0.01057862676680088,neither,crawl
word2vec,0.13522271811962128,neither,mortification
word2vec,1.0000001192092896,a_only,penalties
word2vec,0.8232553005218506,shared,afraid
word2vec,0.9999998807907104,neither,conform
word2vec,0.07198512554168701,neither,amends
word2vec,-0.03323768451809883,b_only,chained
word2vec,0.9999999403953552,a_only,metaphysics
word2vec,0.9999999403953552,neither,inversion
word2vec,0.987089216709137,shared,connection
word2vec,0.9913600087165833,shared,tries
word2vec,0.9964343905448914,shared,intensity
word2vec,1.0,neither,kierkegaard
word2vec,1.0000001192092896,a_only,hennecke
word2vec,1.0,neither,breakup
word2vec,1.0000001192092896,neither,outlines
word2vec,0.2779000997543335,neither,reeling
word2vec,1.0,a_only,symmetry
word2vec,0.9999999403953552,a_only,touring
word2vec,-0.0840303897857666,b_only,garret
word2vec,0.9999999403953552,neither,honours
word2vec,1.0000001192092896,neither,geopolitics
word2vec,0.11648044735193253,neither,glassful
word2vec,1.0,neither,severed
word2vec,0.10537776350975037,neither,aquiline
word2vec,1.0000001192092896,a_only,immortality
word2vec,0.9999998807907104,a_only,pr
word2vec,1.0,neither,participants
word2vec,1.0,neither,interacting
word2vec,1.0000001192092896,neither,metabolic
word2vec,0.9999998807907104,neither,celsius
word2vec,0.9999999403953552,neither,omnibus
word2vec,0.08016375452280045,neither,caprice
word2vec,-0.02081787772476673,neither,toves
word2vec,1.0,neither,photons
word2vec,0.9883703589439392,shared,mood
word2vec,1.0,neither,runways
word2vec,1.0000001192092896,neither,clashed
word2vec,0.9752979874610901,shared,approached
word2vec,1.0,neither,callisthenes
word2vec,0.9950510263442993,shared,rely
word2vec,0.9999998807907104,neither,kelp
word2vec,0.9775301218032837,shared,everywhere
word2vec,1.0,neither,collision
word2vec,1.0000001192092896,neither,feudal
word2vec,0.9910751581192017,shared,birth
word2vec,-0.04183086007833481,neither,woody
word2vec,0.21529757976531982,b_only,regretted
word2vec,0.9891592860221863,shared,convey
word2vec,1.0,neither,opioids
word2vec,1.0,neither,mater
word2vec,0.9733803272247314,shared,egg
word2vec,0.9910933375358582,shared,refuge
word2vec,1.0000001192092896,a_only,virginia
word2vec,0.9999999403953552,a_only,sqq
word2vec,1.0,neither,tacit
word2vec,0.17297819256782532,neither,imprudent
word2vec,0.9569875597953796,shared,tis
word2vec,0.9999998807907104,neither,databases
word2vec,0.07037001848220825,neither,mania
word2vec,1.0,a_only,findings
word2vec,1.0000001192092896,a_only,increasingly
word2vec,-0.032757170498371124,neither,implore
word2vec,0.9335616827011108,shared,current
word2vec,0.3233882188796997,neither,whist
word2vec,0.9903597831726074,shared,sale
word2vec,0.26740291714668274,neither,glove
word2vec,1.0,neither,generating
word2vec,1.0,neither,amnon
word2vec,1.0,neither,prelate
word2vec,0.046316105872392654,b_only,cheeks
word2vec,-0.16687043011188507,neither,loaves
word2vec,0.08259892463684082,b_only,carelessly
word2vec,1.0,neither,protists
word2vec,0.041048645973205566,b_only,cheerfully
word2vec,-0.077684685587883,neither,mutton
word2vec,1.0,a_only,conquests
word2vec,0.9933539032936096,shared,aristocracy
word2vec,1.0000001192092896,a_only,planet
word2vec,0.09327259659767151,neither,writhed
word2vec,0.8273003101348877,shared,knight
word2vec,1.0,neither,recommendations
word2vec,0.9942384958267212,shared,skill
word2vec,0.9999999403953552,neither,hash
word2vec,0.9729036092758179,shared,presented
word2vec,-0.015153585001826286,neither,oftener
word2vec,1.0,a_only,titles
word2vec,0.8498050570487976,shared,tell
word2vec,0.9980957508087158,shared,entail
word2vec,1.0,neither,schism
word2vec,0.9814469814300537,shared,embraced
word2vec,1.0000001192092896,neither,bravery
word2vec,0.11306781321763992,b_only,glow
word2vec,0.0466204434633255,neither,alleys
word2vec,0.9821701049804688,shared,blowing
word2vec,0.09830161184072495,neither,doubting
word2vec,0.890647292137146,shared,hard
word2vec,1.0,neither,afonso
word2vec,1.0,a_only,abatement
word2vec,1.0,a_only,marking
word2vec,1.0,a_only,netherlands
word2vec,0.0936315506696701,neither,linger
word2vec,0.998008131980896,shared,purchased
word2vec,1.0,neither,agincourt
word2vec,1.0000001192092896,neither,dojo
word2vec,0.9992726445198059,shared,crude
word2vec,0.9966999888420105,shared,raw
word2vec,0.9999999403953552,neither,heretics
word2vec,1.0,neither,zeros
word2vec,0.9862868189811707,shared,prosperous
word2vec,1.0000001192092896,a_only,corresponds
word2vec,1.0000001192092896,a_only,environments
word2vec,0.9168623685836792,shared,slow
word2vec,1.0,neither,jason
word2vec,0.960809588432312,shared,directly
word2vec,0.9977547526359558,shared,medical
word2vec,1.0,neither,mandatory
word2vec,1.0,neither,pubic
word2vec,0.04340098053216934,neither,scruples
word2vec,0.14278876781463623,b_only,slightest
word2vec,0.9963560700416565,shared,announce
word2vec,0.9790763258934021,shared,dwelling
word2vec,1.0000001192092896,neither,evacuation
word2vec,-0.09655487537384033,b_only,traversed
word2vec,1.0000001192092896,neither,erichthonius
word2vec,0.9657835364341736,shared,morris
word2vec,-0.09664338082075119,b_only,tolerable
word2vec,1.0000001192092896,a_only,alumni
word2vec,-0.04500603303313255,b_only,inquired
word2vec,0.9999999403953552,neither,recalls
word2vec,-0.14546622335910797,b_only,shove
word2vec,0.9488994479179382,shared,sung
word2vec,1.0,a_only,definitive
word2vec,0.9528411030769348,shared,content
word2vec,0.7051712274551392,shared,us
word2vec,1.0000001192092896,neither,livestock
word2vec,0.9999998807907104,a_only,topics
word2vec,-0.00856811087578535,neither,bum
word2vec,0.88624507188797,shared,lantern
word2vec,1.0,neither,adopting
word2vec,0.9999999403953552,neither,wagner
word2vec,0.9849435091018677,shared,magic
word2vec,0.9994661808013916,shared,fiction
word2vec,0.9834063649177551,shared,quarters
word2vec,0.11036190390586853,b_only,ere
word2vec,0.980696439743042,shared,condition
word2vec,1.0,a_only,dharma
word2vec,1.0,neither,nasser
word2vec,1.0,neither,inductive
word2vec,1.0000001192092896,neither,abbas
word2vec,0.1403380036354065,neither,hastening
word2vec,1.0,neither,aquinas
word2vec,0.9999999403953552,a_only,terry
word2vec,0.9213012456893921,shared,gnat
word2vec,0.0054534729570150375,neither,doin
word2vec,0.9918424487113953,shared,seats
word2vec,1.0,a_only,ongoing
word2vec,0.9847797751426697,shared,thomas
word2vec,1.0000001192092896,neither,moor
word2vec,0.9752992391586304,shared,blown
word2vec,1.0000001192092896,a_only,georgia
word2vec,-0.13181890547275543,neither,commenced
word2vec,0.17513605952262878,neither,forgetful
word2vec,1.0000001192092896,a_only,maryland
word2vec,0.9999999403953552,a_only,currently
word2vec,0.9759401679039001,shared,prayer
word2vec,0.9999999403953552,neither,beja
word2vec,1.0,neither,rhyme
word2vec,1.0,neither,traders
word2vec,1.0000001192092896,neither,defective
word2vec,0.848464846611023,shared,life
word2vec,0.8051956295967102,shared,sir
word2vec,0.9935646653175354,shared,secondly
word2vec,0.9999998807907104,neither,diplomacy
word2vec,0.09487663954496384,b_only,lifeless
word2vec,0.9879578351974487,shared,wearing
word2vec,0.9947917461395264,shared,century
word2vec,1.0,neither,sterile
word2vec,1.0,a_only,transmitted
word2vec,1.0,a_only,harald
word2vec,1.0,neither,insight
word2vec,1.0,neither,telemetry
word2vec,1.0000001192092896,a_only,dialects
word2vec,0.9999998807907104,neither,emergence
word2vec,0.9845762848854065,shared,rainbow
word2vec,0.12456870079040527,neither,carmagnole
word2vec,0.9970796704292297,neither,wrecked
word2vec,0.9933627247810364,shared,deepest
word2vec,0.8353632688522339,shared,cabin
word2vec,1.0,neither,contention
word2vec,0.9999999403953552,neither,fraction
word2vec,0.9795100688934326,shared,solitude
word2vec,1.0,a_only,gregorian
word2vec,1.0,neither,recommends
word2vec,0.12942233681678772,neither,plug
word2vec,1.0,neither,playboy
word2vec,1.0000001192092896,neither,peredeo
word2vec,1.0,neither,modes
word2vec,0.9999998807907104,neither,vested
word2vec,0.9999999403953552,a_only,credits
word2vec,0.9923887848854065,shared,dukes
word2vec,1.0,neither,hannah
word2vec,1.0000001192092896,neither,lp
word2vec,1.0,neither,cooperating
word2vec,1.0,a_only,sector
word2vec,0.9969987273216248,neither,discharged
word2vec,1.0,neither,collaborators
word2vec,0.22926786541938782,neither,rein
word2vec,1.0,neither,spaniards
word2vec,0.860584020614624,shared,words
word2vec,0.9933945536613464,shared,monday
word2vec,0.9932368397712708,neither,irresistible
word2vec,1.0,a_only,clubs
word2vec,0.23757386207580566,neither,wistfully
word2vec,0.9999999403953552,a_only,americium
word2vec,1.0,neither,prompting
word2vec,0.9961872100830078,shared,amsterdam
word2vec,-0.05112852156162262,b_only,undertaker
word2vec,0.9936277270317078,shared,planning
word2vec,1.0,neither,footnotes
word2vec,0.98261559009552,shared,pew
word2vec,1.0000001192092896,neither,abunda
word2vec,0.09908757358789444,neither,grievous
word2vec,1.0,a_only,gypsum
word2vec,0.9999999403953552,neither,enoch
word2vec,0.9984251260757446,shared,permanent
word2vec,0.11145850270986557,b_only,perish
word2vec,0.9942623376846313,shared,perform
word2vec,0.9999999403953552,neither,affirmed
word2vec,0.08672340959310532,neither,pianoforte
word2vec,-0.07036089897155762,neither,lightnings
word2vec,0.9780455827713013,shared,joint
word2vec,1.0,neither,bates
word2vec,0.014181775972247124,neither,contemptuously
word2vec,-0.0003963102353736758,neither,afflicted
word2vec,1.0,neither,yahweh
word2vec,0.9583919048309326,shared,liked
word2vec,0.09170178323984146,neither,hither
word2vec,0.9906617999076843,shared,eternal
word2vec,0.04016350954771042,b_only,hugged
word2vec,-0.10472095757722855,neither,cessation
word2vec,1.0,neither,geschichte
word2vec,0.8516077995300293,shared,quick
word2vec,1.0,neither,abolitionist
word2vec,0.10092119127511978,b_only,recollect
word2vec,0.05432754382491112,neither,hogs
word2vec,0.9999998807907104,neither,wizard
word2vec,1.0000001192092896,neither,portraits
word2vec,0.07564527541399002,neither,prolong
word2vec,1.0,neither,parc
word2vec,0.9908508658409119,shared,geoffrey
word2vec,0.9860680103302002,shared,royal
word2vec,1.0,a_only,challenge
word2vec,0.965551495552063,shared,fact
word2vec,0.9664331078529358,shared,wrote
word2vec,0.9999999403953552,neither,divinely
word2vec,0.06578124314546585,b_only,offended
word2vec,1.0000001192092896,neither,hicks
word2vec,0.9999999403953552,a_only,discussions
word2vec,0.04923359677195549,neither,marvels
word2vec,0.9958613514900208,shared,isolated
word2vec,1.0,neither,neal
word2vec,0.855504035949707,shared,king
word2vec,0.993351936340332,shared,sprung
word2vec,0.8780884742736816,shared,watch
word2vec,0.998532772064209,neither,pronounce
word2vec,0.9117379784584045,shared,regular
word2vec,0.9898271560668945,shared,hail
word2vec,0.1016717478632927,b_only,brushed
word2vec,-0.008539324626326561,neither,bags
word2vec,1.0,a_only,expand
word2vec,-0.02343098632991314,neither,22
word2vec,1.0,a_only,ld
word2vec,1.0,neither,endomorphism
word2vec,1.0,neither,atlases
word2vec,0.9999998807907104,neither,python
word2vec,0.9606237411499023,shared,thrown
word2vec,0.9924651980400085,shared,asks
word2vec,1.0,neither,hephaestion
word2vec,0.9931336045265198,shared,induced
word2vec,0.8736345767974854,shared,alone
word2vec,0.9463605284690857,shared,makes
word2vec,0.9999999403953552,neither,opaque
word2vec,0.9999998807907104,a_only,include
word2vec,0.966655969619751,shared,suffered
word2vec,0.9871039986610413,shared,abandoned
word2vec,1.0,neither,polemical
word2vec,0.16122430562973022,neither,furnish
word2vec,0.9999999403953552,a_only,olympic
word2vec,1.0,neither,pittsburgh
word2vec,0.9999999403953552,neither,giants
word2vec,0.9537259340286255,shared,horrible
word2vec,1.0,a_only,adoption
word2vec,0.9927889108657837,shared,domestic
word2vec,0.009169245138764381,neither,downward
word2vec,1.0000001192092896,a_only,prior
word2vec,1.0,a_only,rd
word2vec,0.9999999403953552,a_only,legislation
word2vec,0.15589284896850586,neither,oakshott
word2vec,0.9897198677062988,shared,borrowed
word2vec,0.9999999403953552,neither,oceanic
word2vec,0.9938696026802063,shared,rivers
word2vec,0.7378168106079102,shared,this
word2vec,0.0780443400144577,neither,fess
word2vec,0.9873230457305908,shared,corridor
word2vec,1.0,neither,wikipedia
word2vec,0.017358925193548203,neither,mightily
word2vec,0.169979989528656,neither,drenched
word2vec,0.9852940440177917,shared,nail
word2vec,1.0,neither,monologue
word2vec,0.9924909472465515,shared,inhabitants
word2vec,1.0,neither,fermilab
word2vec,0.05434073880314827,b_only,roar
word2vec,0.9703416228294373,shared,snakes
word2vec,1.0,neither,dystopian
word2vec,0.18390774726867676,neither,miserably
word2vec,1.0,neither,finishes
word2vec,1.0,neither,ns
word2vec,1.0,neither,jacobite
word2vec,1.0,a_only,habsburg
word2vec,0.996623158454895,shared,sherlock
word2vec,0.025128331035375595,neither,chilly
word2vec,0.9946011900901794,shared,twentieth
word2vec,0.9985995888710022,shared,electric
word2vec,0.9999999403953552,neither,protonated
word2vec,0.9999998807907104,a_only,interpret
word2vec,1.0,neither,ant
word2vec,0.20500583946704865,neither,unfold
word2vec,1.0,neither,trel
word2vec,0.9999999403953552,neither,constants
word2vec,0.9999999403953552,neither,practitioner
word2vec,1.0,a_only,zero
word2vec,1.0000001192092896,a_only,dirac
word2vec,0.9964971542358398,shared,resolve
word2vec,1.0,neither,agathon
word2vec,0.9929761290550232,shared,customs
word2vec,1.0,neither,sierra
word2vec,0.08578172326087952,b_only,limbs
word2vec,0.12220896780490875,b_only,faded
word2vec,0.9999999403953552,a_only,equivalent
word2vec,1.0,a_only,almond
word2vec,0.993561327457428,shared,selected
word2vec,0.8931618332862854,shared,stopped
word2vec,1.0000001192092896,a_only,mosque
word2vec,1.0,neither,safin
word2vec,0.98891282081604,shared,traces
word2vec,1.0000001192092896,a_only,reef
word2vec,1.0,neither,migrations
word2vec,0.976208508014679,shared,property
word2vec,0.1638423502445221,neither,xxxii
word2vec,0.09957084059715271,neither,ruffled
word2vec,0.9999998807907104,neither,diego
word2vec,1.0000001192092896,a_only,info
word2vec,0.9999998807907104,neither,abbreviating
word2vec,1.0000001192092896,neither,annexes
word2vec,-0.09630181640386581,neither,brooded
word2vec,1.0000001192092896,neither,stresses
word2vec,0.9999999403953552,neither,naples
word2vec,0.9999999403953552,neither,counterpart
word2vec,0.9999998807907104,neither,kellogg
word2vec,0.05194912105798721,b_only,countenance
word2vec,0.2104843109846115,neither,haul
word2vec,0.9999999403953552,neither,investigate
word2vec,1.0,a_only,museums
word2vec,0.9407315850257874,shared,hunger
word2vec,0.8371497988700867,shared,tree
word2vec,1.0000001192092896,a_only,interpretation
word2vec,1.0,neither,agavaceae
word2vec,0.991774320602417,shared,sport
word2vec,1.0,neither,swamps
word2vec,0.9694545865058899,shared,wolf
word2vec,1.0000001192092896,neither,incompetent
word2vec,0.12075044214725494,neither,whereon
word2vec,0.9431725740432739,shared,remained
word2vec,0.994297444820404,shared,limit
word2vec,1.0000001192092896,a_only,stevens
word2vec,0.9999998807907104,neither,summers
word2vec,-0.08932451158761978,neither,kensington
word2vec,0.11397645622491837,neither,tumultuous
word2vec,0.9915361404418945,shared,steel
word2vec,1.0,neither,manuscripts
word2vec,0.9723089933395386,shared,inhabit
word2vec,0.9999998807907104,neither,eels
word2vec,0.9977824091911316,shared,increasing
word2vec,0.9719682335853577,shared,meeting
word2vec,0.9999999403953552,a_only,govern
word2vec,0.9316277503967285,shared,watched
word2vec,0.954635739326477,shared,stirring
word2vec,1.0,neither,centrally
word2vec,1.0,a_only,amateurs
word2vec,1.0,neither,hazards
word2vec,0.07668431848287582,neither,echoing
word2vec,0.9980679750442505,shared,westminster
word2vec,0.7465707063674927,shared,with
word2vec,0.9977805018424988,shared,commission
word2vec,0.9907833337783813,shared,denial
word2vec,0.7456363439559937,shared,then
word2vec,0.9505355358123779,shared,odd
word2vec,1.0,a_only,statesman
word2vec,0.8114836812019348,shared,always
word2vec,0.1437532901763916,b_only,nibs
word2vec,0.9999998807907104,neither,tenor
word2vec,0.0588800385594368,neither,restraint
word2vec,0.9999998807907104,neither,seleucid
word2vec,0.9957976937294006,shared,introducing
word2vec,0.9830345511436462,shared,depart
word2vec,1.0,neither,crocodiles
word2vec,0.9999998807907104,neither,patriarchs
word2vec,1.0,neither,alma
word2vec,0.9999998807907104,neither,handbook
word2vec,0.996089518070221,shared,simplicity
word2vec,1.0,neither,protocols
word2vec,0.9928495287895203,shared,partner
word2vec,1.0,neither,stimulation
word2vec,0.9965990781784058,shared,insult
word2vec,1.0,neither,predictions
word2vec,0.9193156361579895,shared,appeared
word2vec,1.0000001192092896,a_only,andrew
word2vec,1.0000001192092896,a_only,tool
word2vec,0.9975583553314209,shared,retirement
word2vec,0.9999998807907104,a_only,specifically
word2vec,-0.003029806073755026,b_only,27
word2vec,0.9806190729141235,shared,offered
word2vec,0.07550094276666641,neither,pained
word2vec,0.9621794819831848,shared,spare
word2vec,0.87638920545578,shared,water
word2vec,0.06400813907384872,b_only,tempted
word2vec,0.9957644939422607,shared,songs
word2vec,0.9999998807907104,a_only,columbia
word2vec,0.9697213172912598,shared,remark
word2vec,0.9999999403953552,neither,ari
word2vec,1.0000001192092896,neither,isolate
word2vec,1.0,neither,triangle
word2vec,1.0000001192092896,neither,anzac
word2vec,1.0,a_only,overlap
word2vec,-0.10043644905090332,neither,thud
word2vec,0.9999999403953552,neither,improper
word2vec,1.0000001192092896,a_only,louise
word2vec,0.9934890270233154,shared,incapable
word2vec,1.0,a_only,workers
word2vec,0.9366636872291565,shared,bitter
word2vec,1.0,neither,judgement
word2vec,-0.05874256417155266,neither,countenances
word2vec,1.0,neither,gulfs
word2vec,1.0,a_only,ashmore
word2vec,1.0,a_only,nuclei
word2vec,0.9694225192070007,shared,strongly
word2vec,0.9999999403953552,a_only,anchors
word2vec,0.9964736104011536,shared,measures
word2vec,1.0000001192092896,neither,corrections
word2vec,1.0,neither,institutes
word2vec,-0.1521138697862625,neither,thicket
word2vec,0.1097666546702385,neither,inseparable
word2vec,1.0,neither,carlton
word2vec,1.0,neither,zambezi
word2vec,0.9999999403953552,neither,devoid
word2vec,0.19308029115200043,neither,indulge
word2vec,0.9999999403953552,a_only,demands
word2vec,0.1644856184720993,neither,mitchell
word2vec,-0.00852328259497881,neither,fainting
word2vec,0.9999998807907104,a_only,honorary
word2vec,0.06523805111646652,neither,yit
word2vec,0.16154974699020386,b_only,communicated
word2vec,0.09158536791801453,b_only,kinder
word2vec,1.0,neither,amyotrophic
word2vec,0.9999999403953552,neither,complement
word2vec,1.0000001192092896,a_only,demographics
word2vec,0.13816425204277039,neither,prettiest
word2vec,1.0,a_only,barbuda
word2vec,1.0,a_only,function
word2vec,0.9999999403953552,a_only,associates
word2vec,-0.08343052864074707,b_only,hurried
word2vec,0.08997737616300583,neither,harbison
word2vec,0.9999999403953552,neither,founders
word2vec,0.9727583527565002,shared,armed
word2vec,1.0,a_only,jurisdiction
word2vec,0.9999999403953552,neither,differing
word2vec,1.0000001192092896,neither,cma
word2vec,1.0000001192092896,neither,nonfiction
word2vec,0.9907954931259155,shared,novelty
word2vec,-0.16038626432418823,b_only,persuasion
word2vec,0.11147306859493256,b_only,fo
word2vec,1.0000001192092896,a_only,disagreement
word2vec,0.9988201856613159,shared,dependent
word2vec,1.0,a_only,epirus
word2vec,1.0000001192092896,neither,taiwan
word2vec,1.0,neither,linux
word2vec,1.0,neither,radius
word2vec,0.9730314612388611,shared,robbers
word2vec,0.9837176203727722,shared,vii
word2vec,0.07009976357221603,neither,functionary
word2vec,0.9958133697509766,shared,considerably
word2vec,0.9974919557571411,shared,teaching
word2vec,0.9999998807907104,neither,landlocked
word2vec,1.0,neither,haart
word2vec,0.9999999403953552,neither,abs
word2vec,0.06499778479337692,neither,wakened
word2vec,1.0000001192092896,a_only,medieval
word2vec,0.8276956081390381,shared,stood
word2vec,0.9999999403953552,neither,slovenians
word2vec,0.9963443875312805,shared,sixth
word2vec,0.11969056725502014,neither,fabulous
word2vec,1.0000001192092896,neither,cilicia
word2vec,1.0,neither,commanders
word2vec,-0.0024058574344962835,neither,studious
word2vec,0.9834827780723572,shared,enjoy
word2vec,1.0,neither,retention
word2vec,0.05464775115251541,neither,flashing
word2vec,0.05680330842733383,neither,alighted
word2vec,0.06533416360616684,neither,soliloquy
word2vec,0.9943705201148987,shared,scientific
word2vec,0.9975884556770325,shared,immoral
word2vec,1.0000001192092896,neither,alba
word2vec,0.9999999403953552,a_only,factory
word2vec,1.0000001192092896,a_only,exclusion
word2vec,1.0,a_only,ludwig
word2vec,1.0000001192092896,a_only,consonants
word2vec,0.8535012602806091,shared,their
word2vec,0.008331450633704662,b_only,inquiries
word2vec,1.0,a_only,rugby
word2vec,0.9963213801383972,shared,amusing
word2vec,0.9999999403953552,neither,cryptic
word2vec,1.0,neither,namibe
word2vec,0.9904775619506836,shared,helping
word2vec,1.0000001192092896,a_only,antihydrogen
word2vec,-0.07415419816970825,b_only,audible
word2vec,0.03440249711275101,b_only,careless
word2vec,0.9909453392028809,shared,panic
word2vec,1.0,neither,gelasian
word2vec,-0.15359295904636383,neither,clumsy
word2vec,1.0000001192092896,a_only,selling
word2vec,0.9612528085708618,shared,invention
word2vec,1.0,a_only,presidency
word2vec,0.09260829538106918,neither,elevating
word2vec,0.9941507577896118,shared,engagements
word2vec,-0.0004086383560206741,neither,baldhead
word2vec,0.07072125375270844,b_only,sails
word2vec,0.9911287426948547,shared,emphasis
word2vec,0.9999539256095886,shared,surrey
word2vec,0.07934927195310593,neither,filling
word2vec,0.9974024891853333,shared,opportunities
word2vec,1.0000001192092896,a_only,saskatchewan
word2vec,0.9652087688446045,shared,dawn
word2vec,1.0,neither,leone
word2vec,0.046242985874414444,b_only,fishes
word2vec,1.0,neither,thickness
word2vec,0.0895925760269165,neither,furs
word2vec,0.08882749825716019,neither,mole
word2vec,0.9902978539466858,shared,confusing
word2vec,1.0000001192092896,neither,disagree
word2vec,0.1344907134771347,b_only,dearest
word2vec,0.9999998807907104,neither,fringe
word2vec,1.0,neither,newman
word2vec,1.0,a_only,denoted
word2vec,1.0,neither,reprint
word2vec,-0.047462694346904755,neither,bloofer
word2vec,0.99611496925354,shared,deposited
word2vec,0.9999999403953552,neither,mirabilis
word2vec,0.10745611041784286,neither,custody
word2vec,0.14238914847373962,neither,conservatory
word2vec,1.0,a_only,au
word2vec,0.9905114769935608,shared,assistance
word2vec,1.0000001192092896,neither,faiths
word2vec,1.0,neither,crest
word2vec,0.1540326029062271,neither,renew
word2vec,1.0000001192092896,neither,orren
word2vec,0.9688925743103027,shared,dragged
word2vec,1.0,neither,liberties
word2vec,0.9940561056137085,shared,planted
word2vec,-0.04309958592057228,neither,disclosed
word2vec,1.0000001192092896,a_only,strategy
word2vec,0.9868700504302979,shared,fleet
word2vec,1.0,a_only,puerto
word2vec,1.0000001192092896,neither,carbons
word2vec,0.9544050097465515,shared,murderer
word2vec,0.9918807148933411,shared,pursuing
word2vec,1.0,neither,antilles
word2vec,0.797978937625885,shared,ever
word2vec,0.9560497403144836,shared,george
word2vec,0.9999999403953552,neither,arcadius
word2vec,-0.014323964715003967,neither,allusions
word2vec,1.0000001192092896,a_only,variable
word2vec,0.9999999403953552,a_only,aalborg
word2vec,0.9999999403953552,a_only,swinburne
word2vec,1.0000001192092896,a_only,japan
word2vec,0.9365214109420776,shared,beat
word2vec,1.0,a_only,highlands
word2vec,1.0000001192092896,neither,poles
word2vec,0.9999999403953552,neither,ethnically
word2vec,1.0,neither,uniquely
word2vec,0.9502083659172058,shared,crossed
word2vec,1.0000001192092896,a_only,thinkers
word2vec,0.9656541347503662,shared,books
word2vec,0.984656035900116,shared,acquaintance
word2vec,0.10239239782094955,b_only,exultation
word2vec,0.18858247995376587,neither,displeasure
word2vec,0.9930761456489563,shared,detected
word2vec,1.0,a_only,spear
word2vec,0.9613922238349915,shared,tall
word2vec,1.0,neither,hulk
word2vec,0.8776999711990356,shared,drawing
word2vec,0.2466631382703781,neither,overtaken
word2vec,1.0,neither,bisonoric
word2vec,1.0,neither,consistency
word2vec,0.9968470335006714,shared,involving
word2vec,-0.18593908846378326,b_only,woke
word2vec,1.0,a_only,tissues
word2vec,1.0,neither,agates
word2vec,1.0,neither,anonymous
word2vec,0.9999999403953552,neither,fountainhead
word2vec,1.0,a_only,libel
word2vec,0.9999953508377075,shared,sub
word2vec,0.9859016537666321,shared,seize
word2vec,0.9484003782272339,shared,figures
word2vec,1.0,neither,relying
word2vec,0.9999999403953552,neither,racist
word2vec,0.9877358078956604,shared,equal
word2vec,1.0,neither,preferring
word2vec,0.552082896232605,shared,one
word2vec,0.9828750491142273,shared,foundation
word2vec,1.0,neither,reindeer
word2vec,1.0,a_only,volcanic
word2vec,0.9999999403953552,a_only,tony
word2vec,4.247187825967558e-05,neither,brim
word2vec,0.06437189877033234,b_only,shutting
word2vec,1.0,a_only,iraqi
word2vec,1.0,neither,boer
word2vec,1.0,neither,infrequent
word2vec,1.0000001192092896,a_only,conferences
word2vec,1.0,a_only,virtually
word2vec,1.0,neither,authored
word2vec,0.9978609085083008,shared,british
word2vec,0.9616661667823792,shared,sensation
word2vec,1.0,neither,ghana
word2vec,1.0,neither,unitary
word2vec,0.1530955284833908,neither,pulse
word2vec,1.0,neither,clearance
word2vec,0.9955402612686157,shared,virgin
word2vec,0.11014215648174286,neither,piled
word2vec,1.0,neither,khorasan
word2vec,1.0000001192092896,a_only,models
word2vec,0.999847412109375,shared,panel
word2vec,0.9999998807907104,neither,kaltenbrunner
word2vec,0.010396976955235004,b_only,dad
word2vec,0.0811387300491333,b_only,anew
word2vec,0.993014395236969,shared,luxurious
word2vec,0.9797810912132263,shared,hitherto
word2vec,0.021748734638094902,neither,dares
word2vec,0.9999999403953552,a_only,phoenix
word2vec,0.9831936359405518,shared,colonel
word2vec,0.11052791029214859,neither,beau
word2vec,1.0,neither,somali
word2vec,0.9999999403953552,a_only,electrons
word2vec,0.9854008555412292,shared,quest
word2vec,0.992922842502594,shared,preserve
word2vec,0.9999999403953552,neither,revenues
word2vec,-0.02622831054031849,neither,blaze
word2vec,0.9999998807907104,neither,timelines
word2vec,-0.008784139528870583,neither,unbearable
word2vec,0.9978798627853394,shared,theme
word2vec,0.932115912437439,shared,shadow
word2vec,0.9999998807907104,neither,glasgow
word2vec,0.9999999403953552,a_only,organized
word2vec,1.0,neither,tribal
word2vec,0.9851071238517761,shared,bible
word2vec,0.9816634058952332,shared,upright
word2vec,0.9712585806846619,shared,otherwise
word2vec,1.0000001192092896,a_only,premise
word2vec,0.23233985900878906,neither,glimmered
word2vec,0.9999998807907104,neither,delegate
word2vec,1.0000001192092896,a_only,buddhism
word2vec,0.13283024728298187,b_only,betray
word2vec,0.0072568245232105255,neither,shakes
word2vec,1.0000001192092896,neither,lang
word2vec,0.8652017116546631,shared,yet
word2vec,0.9928361773490906,shared,exchanged
word2vec,1.0,neither,cassandra
word2vec,1.0,neither,nilo
word2vec,1.0000001192092896,neither,developer
word2vec,0.9999998807907104,neither,palsy
word2vec,-0.10939779877662659,b_only,shuddering
word2vec,0.16915413737297058,neither,vaguely
word2vec,0.08091432601213455,b_only,inquiring
word2vec,0.03771328926086426,b_only,hey
word2vec,0.2140955775976181,neither,sashes
word2vec,0.1489684134721756,neither,whitewashed
word2vec,1.0,a_only,hosts
word2vec,0.03325833007693291,b_only,begged
word2vec,0.9999998807907104,neither,tailback
word2vec,0.9950231313705444,shared,actions
word2vec,1.0,a_only,skilled
word2vec,-0.02277536503970623,b_only,queer
word2vec,1.0,neither,bassist
word2vec,0.9764775037765503,shared,appear
word2vec,0.29300037026405334,neither,humbly
word2vec,0.1028880625963211,neither,grapes
word2vec,1.0,a_only,html
word2vec,-0.009841617196798325,neither,lowed
word2vec,1.0000001192092896,a_only,caligula
word2vec,0.12154833227396011,b_only,eager
word2vec,1.0,neither,pioneering
word2vec,0.97384113073349,shared,friendship
word2vec,0.002899731043726206,b_only,knocking
word2vec,1.0,neither,enormously
word2vec,0.9974547624588013,shared,prophetic
word2vec,1.0,neither,illicit
word2vec,0.2202228158712387,neither,threaten
word2vec,1.0,a_only,taggart
word2vec,0.9999998807907104,neither,stretches
word2vec,0.019288670271635056,neither,mayn
word2vec,1.0,a_only,enabling
word2vec,0.9605093002319336,shared,duty
word2vec,0.9828611612319946,shared,chase
word2vec,-0.0045586940832436085,b_only,clasped
word2vec,0.9369303584098816,shared,rough
word2vec,1.0,neither,controversially
word2vec,0.9938433766365051,shared,ohio
word2vec,1.0000001192092896,a_only,operating
word2vec,1.0,neither,coleridge
word2vec,1.0,neither,sociology
word2vec,0.08906835317611694,b_only,gasped
word2vec,1.0,a_only,linebacker
word2vec,-0.11902783066034317,neither,raving
word2vec,0.9987490773200989,shared,selection
word2vec,0.9999998807907104,a_only,discography
word2vec,1.0,neither,treasury
word2vec,0.048990387469530106,b_only,boyhood
word2vec,0.9982854127883911,shared,unite
word2vec,0.99872887134552,shared,recently
word2vec,1.0,a_only,gettysburg
word2vec,1.0,neither,inauguration
word2vec,1.0000001192092896,neither,surf
word2vec,0.9963747262954712,shared,assume
word2vec,0.9923424124717712,shared,finest
word2vec,0.04388860613107681,neither,upside
word2vec,-0.0980352908372879,b_only,fastened
word2vec,0.9931986927986145,shared,backward
word2vec,-0.112851582467556,neither,wagons
word2vec,0.997172474861145,shared,arts
word2vec,1.0000001192092896,neither,bedford
word2vec,0.9832976460456848,shared,posts
word2vec,0.18558554351329803,neither,blazed
word2vec,1.0,neither,haran
word2vec,1.0,a_only,diving
word2vec,0.9890403747558594,shared,remote
word2vec,0.9999999403953552,neither,anisotropic
word2vec,0.05322648212313652,b_only,tradesman
word2vec,1.0,a_only,normally
word2vec,0.9916427731513977,shared,robinson
word2vec,1.0000001192092896,neither,turbine
word2vec,0.9887440800666809,shared,continue
word2vec,0.9326759576797485,shared,dim
word2vec,-0.1304435282945633,neither,murdering
word2vec,1.0,neither,infants
word2vec,0.9999999403953552,neither,glutamate
word2vec,1.0,neither,reconstructed
word2vec,0.6943373084068298,shared,face
word2vec,0.9963263273239136,shared,testament
word2vec,1.0000001192092896,neither,cds
word2vec,1.0000001192092896,a_only,protocol
word2vec,-0.11964559555053711,b_only,comfortable
word2vec,0.07640702277421951,neither,mend
word2vec,1.0,neither,sulfide
word2vec,0.9999999403953552,a_only,ammonia
word2vec,0.07365712523460388,neither,sagacity
word2vec,0.12458277493715286,b_only,lingering
word2vec,0.9853872656822205,shared,avenue
word2vec,0.9999999403953552,a_only,discontinued
word2vec,0.07493915408849716,neither,reddened
word2vec,0.0326726920902729,neither,avalanche
word2vec,0.9997642636299133,shared,anne
word2vec,0.9984963536262512,shared,assert
word2vec,0.9961861371994019,neither,impulses
word2vec,0.9867182374000549,shared,detail
word2vec,1.0,a_only,stations
word2vec,0.9794304370880127,shared,backwards
word2vec,1.0,neither,perforation
word2vec,0.9686271548271179,shared,instance
word2vec,0.008725638501346111,neither,adored
word2vec,0.9951815009117126,shared,rendering
word2vec,1.0,neither,assyria
word2vec,1.0,a_only,replacing
word2vec,1.0,neither,siberian
word2vec,0.053132314234972,b_only,kneeling
word2vec,0.9897026419639587,shared,easier
word2vec,-0.08007769286632538,neither,overspread
word2vec,-0.041940394788980484,neither,rot
word2vec,0.9922792315483093,shared,capacity
word2vec,1.0,a_only,computation
word2vec,0.9998970031738281,shared,norton
word2vec,1.0,neither,appropriation
word2vec,0.999190092086792,shared,peak
word2vec,0.10206189751625061,neither,berries
word2vec,0.9963767528533936,shared,definite
word2vec,0.9798774719238281,shared,abroad
word2vec,0.9158636927604675,shared,than
word2vec,0.09096478670835495,neither,justly
word2vec,0.9999999403953552,neither,unalaska
word2vec,1.0,neither,deuterocanonical
word2vec,1.0,neither,separates
word2vec,1.0,neither,hogan
word2vec,0.1218426525592804,b_only,frowning
word2vec,0.9263597130775452,shared,sense
word2vec,0.9943310618400574,shared,healthy
word2vec,0.9439186453819275,shared,rats
word2vec,0.09792972356081009,b_only,nervously
word2vec,-0.01985987089574337,neither,strode
word2vec,-0.007981163449585438,neither,shouldered
word2vec,1.0,neither,entirety
word2vec,0.07955791801214218,neither,xxxi
word2vec,0.9993957877159119,shared,reaction
word2vec,-0.05074959993362427,neither,balcony
word2vec,0.9641532897949219,shared,thick
word2vec,0.9956611394882202,shared,arguments
word2vec,0.9980980753898621,neither,strengthen
word2vec,0.9999998807907104,a_only,infections
word2vec,0.9935585260391235,shared,roughly
word2vec,0.9851813316345215,shared,losing
word2vec,1.0,neither,aiki
word2vec,0.9952437281608582,shared,overshadowed
word2vec,0.9440910816192627,shared,above
word2vec,1.0,neither,bullpup
word2vec,1.0,neither,blair
word2vec,0.9988210201263428,shared,mount
word2vec,1.0,neither,halfback
word2vec,0.9789852499961853,shared,capable
word2vec,1.0000001192092896,a_only,qutb
word2vec,1.0,neither,learns
word2vec,1.0,neither,abbates
word2vec,0.9790892004966736,shared,station
word2vec,0.02806634083390236,b_only,depended
word2vec,-0.08307193219661713,b_only,sibyl
word2vec,0.9964685440063477,shared,refusing
word2vec,0.01653301529586315,neither,irons
word2vec,0.9216637015342712,shared,used
word2vec,0.959200382232666,shared,running
word2vec,0.9744009971618652,shared,argument
word2vec,0.9999999403953552,a_only,colorado
word2vec,1.0,neither,georgian
word2vec,-0.07054627686738968,neither,obstinacy
word2vec,1.0000001192092896,neither,primate
word2vec,0.2709648907184601,neither,beaming
word2vec,1.0,neither,aldred
word2vec,1.0,a_only,philip
word2vec,1.0,neither,jagiellon
word2vec,0.9822931289672852,shared,cloth
word2vec,0.9936755895614624,shared,affirmative
word2vec,0.9244117140769958,shared,eight
word2vec,0.029534367844462395,neither,excite
word2vec,0.9999999403953552,a_only,anti
word2vec,0.9867793917655945,shared,illness
word2vec,0.9941228628158569,shared,talent
word2vec,-0.005677779205143452,b_only,steal
word2vec,0.9228196740150452,shared,green
word2vec,0.976882815361023,shared,ugly
word2vec,1.0000001192092896,neither,highland
word2vec,0.9978316426277161,shared,chemical
word2vec,0.959387481212616,shared,doesn
word2vec,0.8838352560997009,shared,slightly
word2vec,1.0,neither,disk
word2vec,0.1802823543548584,neither,agonised
word2vec,1.0,neither,hom
word2vec,1.0000001192092896,a_only,suffix
word2vec,1.0000001192092896,neither,spontaneously
word2vec,1.0,neither,representations
word2vec,1.0000001192092896,neither,realistic
word2vec,1.0,a_only,pennsylvania
word2vec,0.9999999403953552,a_only,hip
word2vec,0.9716091752052307,shared,awoke
word2vec,1.0000001192092896,a_only,expert
word2vec,0.9919780492782593,shared,denying
word2vec,0.9783634543418884,shared,valley
word2vec,1.0,neither,prehistory
word2vec,0.9999999403953552,a_only,alcott
word2vec,0.012721958570182323,b_only,loveliness
word2vec,1.0,a_only,preliminary
word2vec,1.0,neither,factional
word2vec,1.0,neither,affects
word2vec,0.8857988715171814,shared,love
word2vec,-0.1342727094888687,neither,throwed
word2vec,0.031870923936367035,neither,hark
word2vec,0.9999999403953552,a_only,amphibians
word2vec,0.9816070199012756,shared,scratch
word2vec,1.0000001192092896,neither,josephus
word2vec,0.0801076740026474,b_only,shoemaker
word2vec,0.9959021210670471,shared,breeding
word2vec,0.9999999403953552,a_only,occult
word2vec,0.1188431829214096,neither,agonies
word2vec,0.0033684454392641783,b_only,fainted
word2vec,1.0,neither,libraries
word2vec,1.0,neither,aikidoka
word2vec,1.0,a_only,mercury
word2vec,1.0,neither,alignment
word2vec,0.9470791220664978,shared,whatever
word2vec,1.0,neither,isa
word2vec,0.9999998807907104,neither,mag
word2vec,0.2430882304906845,neither,dank
word2vec,0.3748776316642761,neither,decorum
word2vec,0.9967727065086365,shared,proportions
word2vec,0.9999999403953552,a_only,looters
word2vec,1.0,a_only,hugo
word2vec,0.9909970760345459,shared,seed
word2vec,0.9624083638191223,shared,courtyard
word2vec,1.0,neither,copenhagen
word2vec,0.2433570772409439,neither,follies
word2vec,1.0,a_only,hiv
word2vec,1.0,neither,warp
word2vec,0.9999999403953552,a_only,allies
word2vec,1.0,a_only,myths
word2vec,1.0000001192092896,neither,indefinite
word2vec,0.9999998807907104,a_only,lutheran
word2vec,1.0,a_only,anno
word2vec,0.9397500157356262,shared,fan
word2vec,-0.09862649440765381,b_only,toil
word2vec,-0.04446171224117279,b_only,wonders
word2vec,-0.007439117878675461,neither,appalled
word2vec,0.05738352984189987,neither,robbery
word2vec,0.9999999403953552,a_only,machines
word2vec,0.014277001842856407,neither,clutching
word2vec,0.07784347236156464,neither,curling
word2vec,1.0,neither,versailles
word2vec,0.9902395606040955,shared,feels
word2vec,0.08947984874248505,neither,clapping
word2vec,1.0,a_only,palmer
word2vec,-0.050241317600011826,b_only,tolerably
word2vec,-0.08356600999832153,neither,continual
word2vec,0.9983503818511963,shared,tour
word2vec,1.0,neither,plata
word2vec,0.1698930859565735,b_only,cloak
word2vec,0.9971911907196045,shared,approved
word2vec,0.9958348274230957,shared,religious
word2vec,1.0000001192092896,a_only,gender
word2vec,1.0,a_only,album
word2vec,0.9999999403953552,a_only,armstrong
word2vec,1.0,a_only,sch
word2vec,0.9999998807907104,neither,gnaeus
word2vec,1.0000001192092896,neither,penetrating
word2vec,1.0,a_only,ford
word2vec,0.9999999403953552,a_only,clergy
word2vec,0.9781489968299866,shared,serpent
word2vec,0.9958311319351196,shared,commanded
word2vec,0.9999999403953552,a_only,specimens
word2vec,0.999579668045044,shared,ad
word2vec,1.0,a_only,leon
word2vec,1.0000001192092896,a_only,chris
word2vec,1.0,neither,harmonic
word2vec,1.0,neither,ants
word2vec,0.9971475601196289,shared,gradual
word2vec,1.0,neither,laurence
word2vec,1.0000001192092896,neither,sk
word2vec,1.0000001192092896,neither,wcw
word2vec,0.9999998807907104,a_only,nobel
word2vec,1.0,a_only,mathbf
word2vec,1.0000001192092896,neither,matched
word2vec,1.0,neither,expansive
word2vec,1.0,neither,edison
word2vec,0.0124710313975811,b_only,indifferent
word2vec,-0.19401660561561584,b_only,charmed
word2vec,1.0000001192092896,neither,naci
word2vec,0.9999999403953552,neither,chapels
word2vec,1.0,neither,excavated
word2vec,0.9999999403953552,neither,oswald
word2vec,0.02111664041876793,neither,leaping
word2vec,0.03148158639669418,b_only,shutters
word2vec,1.0000001192092896,neither,indicators
word2vec,0.2089756727218628,b_only,frightened
word2vec,1.0,a_only,na
word2vec,0.9999999403953552,a_only,oriented
word2vec,1.0,a_only,png
word2vec,0.992961585521698,shared,piano
word2vec,0.16893188655376434,neither,caps
word2vec,1.0,a_only,recordings
word2vec,1.0,a_only,films
word2vec,0.06579558551311493,neither,resume
word2vec,1.0000001192092896,a_only,counties
word2vec,1.0,neither,legitimacy
word2vec,1.0,neither,catalog
word2vec,0.08773194253444672,neither,perverseness
word2vec,0.9951999187469482,shared,owed
word2vec,0.9311192035675049,shared,pointing
word2vec,1.0,neither,eleanor
word2vec,1.0,a_only,athena
word2vec,1.0,neither,reduces
word2vec,1.0,neither,notions
word2vec,1.0,neither,runtime
word2vec,1.0000001192092896,a_only,debated
word2vec,1.0,a_only,technique
word2vec,0.8047367930412292,shared,around
word2vec,0.9061866998672485,shared,protect
word2vec,0.9494956135749817,shared,company
word2vec,0.9999999403953552,a_only,wyatt
word2vec,0.9999998807907104,a_only,montana
word2vec,1.0,neither,thessaly
word2vec,0.9986296892166138,shared,writer
word2vec,0.9793943166732788,shared,bean
word2vec,0.9979022145271301,neither,presided
word2vec,0.2021729052066803,b_only,listening
word2vec,0.08852836489677429,neither,splashed
word2vec,0.22525492310523987,neither,schoolmaster
word2vec,-0.04066050052642822,b_only,sid
word2vec,1.0,neither,emir
word2vec,0.9999999403953552,neither,asoka
word2vec,0.9999999403953552,a_only,agouti
word2vec,1.0,neither,numeral
word2vec,0.11404883861541748,neither,pillows
word2vec,-0.07475600391626358,neither,skip
word2vec,0.9987396001815796,shared,atonement
word2vec,0.2536076307296753,neither,000
word2vec,1.0,a_only,formulated
word2vec,0.961612343788147,shared,pick
word2vec,0.1033220961689949,neither,dishonour
word2vec,1.0,a_only,mathematicians
word2vec,0.8773496747016907,shared,near
word2vec,0.9999998807907104,neither,dynamite
word2vec,1.0,a_only,holidays
word2vec,0.3355370759963989,neither,overcoat
word2vec,0.28565776348114014,neither,handsomest
word2vec,0.9291434288024902,shared,bad
word2vec,1.0000001192092896,neither,shirley
word2vec,1.0,neither,identifying
word2vec,1.0,a_only,facilitate
word2vec,1.0,a_only,ninth
word2vec,1.0,neither,ium
word2vec,1.0,neither,neurologists
word2vec,0.05350208282470703,neither,poker
word2vec,0.9181802272796631,shared,continued
word2vec,1.0000001192092896,neither,nominations
word2vec,1.0000001192092896,a_only,audio
word2vec,0.11045631766319275,neither,ow
word2vec,0.08531150221824646,neither,thrilling
word2vec,0.9937799572944641,shared,exchange
word2vec,0.9956294298171997,shared,welcomed
word2vec,-0.07437820732593536,neither,arranging
word2vec,0.8862618207931519,shared,evening
word2vec,0.11869391798973083,neither,wearer
word2vec,0.9818605780601501,shared,sacred
word2vec,-0.05843188613653183,b_only,chill
word2vec,1.0000001192092896,neither,liquids
word2vec,1.0,neither,ashkenazi
word2vec,-0.058659251779317856,neither,gaunt
word2vec,0.9940705895423889,shared,accomplished
word2vec,1.0,neither,spine
word2vec,1.0,a_only,scottish
word2vec,1.0,neither,multiverse
word2vec,1.0,neither,adiabat
word2vec,0.9940283298492432,shared,ceremonies
word2vec,0.9399736523628235,shared,mad
word2vec,1.0,neither,readings
word2vec,0.9967021346092224,shared,coast
word2vec,1.0,neither,michelle
word2vec,1.0000001192092896,neither,flooding
word2vec,-0.06876861304044724,neither,flashes
word2vec,1.0,a_only,liquid
word2vec,0.9261845350265503,shared,stone
word2vec,0.9987441301345825,neither,suite
word2vec,0.983625054359436,shared,severe
word2vec,0.8036224246025085,shared,through
word2vec,0.9818861484527588,shared,succeed
word2vec,1.0000001192092896,neither,cyanobacteria
word2vec,1.0,neither,informs
word2vec,0.9999999403953552,a_only,sweden
word2vec,0.005440796725451946,b_only,realise
word2vec,1.0000001192092896,neither,sangamon
word2vec,0.971697211265564,shared,relieved
word2vec,1.0,a_only,monetary
word2vec,0.9999998807907104,a_only,zahn
word2vec,0.9926424622535706,shared,voyages
word2vec,0.9966939687728882,shared,imprisoned
word2vec,0.9414243102073669,shared,rate
word2vec,0.9972007870674133,shared,contributed
word2vec,0.9999999403953552,a_only,entities
word2vec,1.0000001192092896,neither,sporadic
word2vec,0.20600265264511108,b_only,sly
word2vec,0.9972937107086182,shared,responsibility
word2vec,1.0,a_only,commissioned
word2vec,0.9999999403953552,a_only,lucius
word2vec,0.01696310192346573,neither,guiding
word2vec,0.10145962238311768,neither,hardened
word2vec,1.0,neither,subsets
word2vec,0.9377673268318176,shared,leaves
word2vec,1.0,neither,piedmont
word2vec,0.9888318181037903,shared,consideration
word2vec,-0.00942260678857565,b_only,gloom
word2vec,1.0,a_only,creates
word2vec,0.9999998807907104,neither,julio
word2vec,0.994759738445282,shared,modest
word2vec,0.888781726360321,shared,mars
word2vec,1.0,a_only,representative
word2vec,0.9972328543663025,shared,gods
word2vec,1.0000001192092896,neither,nemesis
word2vec,1.0,neither,aardwolf
word2vec,1.0000001192092896,a_only,georg
word2vec,0.022917157039046288,neither,brightened
word2vec,0.9947142004966736,shared,mixture
word2vec,1.0000001192092896,neither,amoeboids
word2vec,1.0,neither,immigrant
word2vec,-0.0362519845366478,b_only,doubted
word2vec,0.9999999403953552,a_only,railroad
word2vec,1.0,a_only,runner
word2vec,-0.06144652143120766,b_only,hesitation
word2vec,0.06260059773921967,b_only,uneasiness
word2vec,1.0,neither,tweed
word2vec,0.9951398968696594,shared,linked
word2vec,0.9999999403953552,neither,madagascar
word2vec,0.14117711782455444,b_only,reckon
word2vec,0.04306073486804962,b_only,bosom
word2vec,0.8754520416259766,shared,run
word2vec,0.9999999403953552,neither,soprano
word2vec,0.13078966736793518,neither,irritation
word2vec,0.20612241327762604,b_only,hatherley
word2vec,1.0000001192092896,a_only,tournament
word2vec,1.0,neither,synonymous
word2vec,0.9684169292449951,shared,absence
word2vec,1.0,neither,pbr
word2vec,1.0,neither,waned
word2vec,-0.003670049598440528,b_only,shed
word2vec,0.9168967604637146,shared,garden
word2vec,0.972976565361023,shared,headed
word2vec,1.0,a_only,reduce
word2vec,0.9999998807907104,neither,suspension
word2vec,1.0,a_only,width
word2vec,0.9973964095115662,shared,rooted
word2vec,0.9999999403953552,neither,signers
word2vec,0.9994441270828247,shared,logical
word2vec,0.9999999403953552,neither,markedly
word2vec,0.9979355335235596,shared,situations
word2vec,1.0,neither,nster
word2vec,0.7873768210411072,shared,began
word2vec,0.9847356677055359,shared,invited
word2vec,1.0,a_only,uprising
word2vec,0.9999999403953552,neither,viral
word2vec,-0.00779451709240675,neither,husbands
word2vec,1.0000001192092896,neither,morse
word2vec,1.0000001192092896,neither,bureaucratic
word2vec,0.9006688594818115,shared,shadows
word2vec,0.032119326293468475,neither,exhaustion
word2vec,0.9989892840385437,shared,total
word2vec,1.0000001192092896,neither,uzbekistan
word2vec,1.0000001192092896,neither,figurehead
word2vec,0.9787696599960327,shared,emerged
word2vec,0.9968798756599426,shared,privately
word2vec,1.0,neither,plight
word2vec,1.0,a_only,clan
word2vec,0.9940781593322754,shared,expressions
word2vec,0.990195631980896,shared,landscape
word2vec,0.97026526927948,shared,dreams
word2vec,0.13958515226840973,neither,forenoon
word2vec,0.9286463856697083,shared,ceased
word2vec,0.9974573850631714,shared,l
word2vec,-0.06174607202410698,neither,extravagant
word2vec,0.16582641005516052,neither,masks
word2vec,0.9408113956451416,shared,places
word2vec,1.0,neither,trench
word2vec,0.0464501678943634,neither,assuring
word2vec,1.0,a_only,aka
word2vec,0.9999999403953552,a_only,coverage
word2vec,1.0,neither,lager
word2vec,1.0,neither,recreational
word2vec,0.9957552552223206,shared,aim
word2vec,1.0,a_only,vatican
word2vec,0.9887774586677551,shared,astounding
word2vec,1.0,neither,fritz
word2vec,1.0,neither,parklands
word2vec,0.9999999403953552,a_only,hamilton
word2vec,0.9983974099159241,shared,kingdom
word2vec,1.0000001192092896,a_only,professionals
word2vec,1.0,neither,vectors
word2vec,1.0000001192092896,neither,dispelling
word2vec,1.0000001192092896,neither,kai
word2vec,0.9916657209396362,shared,petition
word2vec,0.9999998807907104,a_only,architectural
word2vec,0.9887446165084839,shared,handful
word2vec,0.190961554646492,neither,ville
word2vec,0.09115443378686905,neither,repent
word2vec,1.0,neither,unrounded
word2vec,1.0,a_only,heracles
word2vec,0.9501129388809204,shared,pointed
word2vec,1.0,neither,dial
word2vec,0.8164510130882263,shared,won
word2vec,0.9971785545349121,shared,void
word2vec,0.9609060883522034,shared,concept
word2vec,0.9925852417945862,shared,declared
word2vec,0.9877755641937256,shared,keys
word2vec,0.998870313167572,shared,cabinet
word2vec,1.0,a_only,paintings
word2vec,0.9950704574584961,shared,accumulated
word2vec,1.0,neither,joel
word2vec,-0.0376938059926033,b_only,serene
word2vec,1.0,a_only,boris
word2vec,1.0,neither,triggered
word2vec,-0.09433622658252716,neither,glittering
word2vec,1.0000001192092896,a_only,embedded
word2vec,0.7668174505233765,shared,cat
word2vec,1.0,neither,circulation
word2vec,1.0000001192092896,neither,drummer
word2vec,1.0,neither,maize
word2vec,1.0000001192092896,a_only,fans
word2vec,0.9996204972267151,shared,identity
word2vec,0.006309791933745146,neither,rapturously
word2vec,0.9560421109199524,shared,former
word2vec,0.1823762208223343,neither,wrench
word2vec,0.003485347842797637,neither,lighthouse
word2vec,1.0,neither,surname
word2vec,-0.011730365455150604,neither,unselfish
word2vec,0.9960658550262451,shared,gravity
word2vec,0.10958312451839447,b_only,unlucky
word2vec,-0.013244116678833961,b_only,pier
word2vec,0.9999998807907104,neither,perennial
word2vec,1.0,neither,disillusioned
word2vec,0.9999998807907104,a_only,arsenic
word2vec,1.0000001192092896,a_only,enlightenment
word2vec,0.9999998807907104,a_only,approaches
word2vec,0.9917450547218323,shared,thirteen
word2vec,1.0,neither,sarcoma
word2vec,0.9999998807907104,a_only,tim
word2vec,1.0,a_only,extends
word2vec,1.0,a_only,races
word2vec,1.0,a_only,epistles
word2vec,0.9822784066200256,shared,leading
word2vec,1.0,neither,continuity
word2vec,1.0000001192092896,neither,subdivisions
word2vec,1.0000001192092896,a_only,jesuit
word2vec,0.8764585256576538,shared,left
word2vec,0.017968110740184784,neither,obstacle
word2vec,0.9864693880081177,shared,deaf
word2vec,1.0,neither,deposed
word2vec,0.9999999403953552,a_only,viewpoint
word2vec,0.947777509689331,shared,twenty
word2vec,0.9960319399833679,shared,attacks
word2vec,0.9999998807907104,a_only,nationalism
word2vec,1.0,a_only,prohibited
word2vec,0.9586883783340454,shared,loose
word2vec,1.0,neither,ostensibly
word2vec,0.21493756771087646,neither,fortitude
word2vec,0.011100874282419682,b_only,wilks
word2vec,0.9969309568405151,shared,defend
word2vec,1.0000001192092896,neither,simpsons
word2vec,1.0000001192092896,neither,burton
word2vec,1.0,neither,weimar
word2vec,0.9999998807907104,neither,cdot
word2vec,0.09413234144449234,neither,signalled
word2vec,0.99232017993927,shared,barren
word2vec,0.12648025155067444,neither,cured
word2vec,1.0,neither,brooke
word2vec,1.0000001192092896,a_only,verbal
word2vec,1.0,a_only,herbert
word2vec,1.0,neither,ingredient
word2vec,-0.05591002479195595,b_only,shouldn
word2vec,0.9921957850456238,shared,questioned
word2vec,1.0000001192092896,neither,calligraphy
word2vec,1.0,a_only,albatrosses
word2vec,1.0,a_only,links
word2vec,1.0000001192092896,neither,railroads
word2vec,1.0000001192092896,neither,moralia
word2vec,0.9947009682655334,shared,shepherd
word2vec,0.1399497538805008,neither,ridicule
word2vec,0.9554541707038879,shared,danger
word2vec,1.0000001192092896,a_only,jacob
word2vec,0.9999998807907104,neither,classifications
word2vec,1.0,a_only,generalized
word2vec,1.0,a_only,actors
word2vec,1.0,a_only,layer
word2vec,1.0,neither,virgil
word2vec,1.0,neither,acquiring
word2vec,0.9941657185554504,neither,slender
word2vec,0.936346709728241,shared,swimming
word2vec,0.955032229423523,shared,troubled
word2vec,-0.05317987874150276,neither,smoothing
word2vec,0.9866471886634827,shared,proposed
word2vec,0.9999998807907104,neither,temporarily
word2vec,-0.05223989859223366,b_only,insensible
word2vec,1.0,neither,marines
word2vec,0.9132553339004517,shared,straight
word2vec,1.0,a_only,layers
word2vec,0.9471392631530762,shared,discovered
word2vec,1.0000001192092896,neither,cicero
word2vec,1.0,a_only,actinium
word2vec,-0.07346760481595993,b_only,unjust
word2vec,0.3436383306980133,b_only,polly
word2vec,0.9999999403953552,neither,lieberman
word2vec,0.9926023483276367,shared,brutal
word2vec,1.0000001192092896,neither,johns
word2vec,1.0,neither,existentialism
word2vec,0.991786539554596,shared,inhabited
word2vec,1.0,neither,businessmen
word2vec,1.0,neither,illumination
word2vec,0.9901049137115479,shared,bears
word2vec,1.0,neither,analyzing
word2vec,0.9446458220481873,shared,waited
word2vec,0.16323859989643097,neither,typewriting
word2vec,0.9965948462486267,shared,july
word2vec,1.0,neither,limfjord
word2vec,0.19487962126731873,neither,propriety
word2vec,0.0055188341066241264,neither,grotesque
word2vec,-0.07020524889230728,b_only,tremulous
word2vec,0.9828965663909912,shared,walton
word2vec,0.9999999403953552,neither,argentinian
word2vec,0.9999999403953552,a_only,valentinian
word2vec,0.9999999403953552,neither,inflammatory
word2vec,0.9999999403953552,neither,akston
word2vec,1.0,neither,magna
word2vec,0.11530493199825287,neither,disappointing
word2vec,1.0,a_only,merged
word2vec,0.9940471053123474,shared,infant
word2vec,1.0,neither,exotic
word2vec,0.14525561034679413,neither,9
word2vec,0.9545268416404724,shared,escape
word2vec,0.0255390927195549,neither,heretofore
word2vec,-0.07789162546396255,neither,dizzy
word2vec,0.9999999403953552,a_only,debates
word2vec,-0.11828095465898514,neither,impassive
word2vec,0.9849858283996582,shared,inclined
word2vec,1.0000001192092896,neither,presumed
word2vec,1.0000001192092896,neither,proficient
word2vec,0.04660489782691002,neither,panted
word2vec,0.03145211935043335,b_only,tread
word2vec,0.01171324122697115,b_only,pap
word2vec,0.699556827545166,shared,that
word2vec,1.0000001192092896,a_only,algol
word2vec,0.9522631764411926,shared,harm
word2vec,0.9989222288131714,shared,minor
word2vec,0.9561635255813599,shared,laugh
word2vec,0.11160865426063538,neither,pistols
word2vec,0.1803366094827652,neither,kneeled
word2vec,0.9999998807907104,neither,irrelevant
word2vec,0.9978469014167786,shared,jet
word2vec,0.9999998807907104,neither,israelites
word2vec,1.0,a_only,afterlife
word2vec,0.9985851645469666,shared,erected
word2vec,0.3028266429901123,neither,lascar
word2vec,0.992888331413269,shared,orange
word2vec,1.0000001192092896,neither,pantheon
word2vec,-0.017132101580500603,neither,vainly
word2vec,1.0000001192092896,a_only,entropy
word2vec,0.10499181598424911,neither,cock
word2vec,0.022040029987692833,b_only,boast
word2vec,1.0,neither,baroque
word2vec,1.0,neither,honors
word2vec,1.0,a_only,enhanced
word2vec,1.0,neither,electrolysis
word2vec,0.9999999403953552,a_only,botanical
word2vec,1.0,neither,treatises
word2vec,1.0000001192092896,neither,gorbachev
word2vec,1.0,a_only,crusade
word2vec,1.0000001192092896,a_only,agni
word2vec,0.14881651103496552,b_only,bitterness
word2vec,1.0,neither,josiah
word2vec,1.0,neither,celts
word2vec,0.9970725774765015,shared,services
word2vec,-0.03769698739051819,neither,malady
word2vec,0.10409756004810333,neither,blowed
word2vec,0.9934831261634827,shared,addition
word2vec,1.0,neither,arithmetical
word2vec,1.0,neither,nikolaus
word2vec,0.9982849359512329,shared,poisoning
word2vec,0.05695817619562149,neither,complimented
word2vec,1.0000001192092896,a_only,concertos
word2vec,1.0,neither,barnes
word2vec,0.0825384110212326,neither,dens
word2vec,1.0000001192092896,neither,ferguson
word2vec,1.0000001192092896,neither,warlord
word2vec,0.9967199563980103,shared,division
word2vec,1.0,a_only,blocking
word2vec,1.0000001192092896,a_only,domain
word2vec,0.22070574760437012,neither,unspeakable
word2vec,0.17025329172611237,neither,kukri
word2vec,1.0,a_only,virtual
word2vec,1.0,neither,unexplained
word2vec,1.0,neither,albeit
word2vec,0.05896152928471565,b_only,intimacy
word2vec,0.9999999403953552,a_only,emancipation
word2vec,0.9849881529808044,shared,farm
word2vec,0.9999998807907104,neither,evans
word2vec,0.03989014774560928,neither,poisoned
word2vec,0.9854572415351868,shared,barely
word2vec,-0.15364612638950348,neither,cornered
word2vec,-0.01993793621659279,neither,bots
word2vec,1.0,a_only,cult
word2vec,0.9978581070899963,shared,spectral
word2vec,0.9999999403953552,neither,countryside
word2vec,0.14749446511268616,neither,disordered
word2vec,0.9999999403953552,neither,mcgill
word2vec,0.9808183908462524,shared,gesture
word2vec,1.0,a_only,bavaria
word2vec,0.9827030301094055,shared,willow
word2vec,0.6886922121047974,shared,here
word2vec,0.9999998807907104,neither,expenditure
word2vec,1.0,a_only,allegedly
word2vec,1.0000001192092896,neither,poppy
word2vec,1.0000001192092896,a_only,orbit
word2vec,1.0000001192092896,a_only,alkyl
word2vec,0.6108875274658203,shared,jim
word2vec,0.9925103187561035,shared,carved
word2vec,0.07108007371425629,neither,unguarded
word2vec,0.15865126252174377,neither,wher
word2vec,0.9654397368431091,shared,pet
word2vec,0.9999999403953552,neither,malignancies
word2vec,1.0000001192092896,neither,understandably
word2vec,0.9968875050544739,shared,structure
word2vec,0.9999998807907104,neither,rashomon
word2vec,0.9999999403953552,neither,weights
word2vec,0.9967197179794312,shared,phase
word2vec,1.0,neither,hydrophobic
word2vec,1.0,neither,alboin
word2vec,0.8322858214378357,shared,gentle
word2vec,0.9883097410202026,shared,confined
word2vec,0.1695527285337448,b_only,dances
word2vec,1.0000001192092896,a_only,paratime
word2vec,0.13161201775074005,b_only,entreat
word2vec,1.0,neither,isotherm
word2vec,0.982961118221283,shared,described
word2vec,-0.04942461848258972,neither,vittles
word2vec,1.0000001192092896,a_only,egyptian
word2vec,1.0,neither,warlike
word2vec,0.14034727215766907,neither,steaming
word2vec,0.027243269607424736,b_only,shire
word2vec,0.9999998807907104,a_only,festivals
word2vec,-0.05349421501159668,b_only,noticing
word2vec,1.0000001192092896,neither,dddddd
word2vec,0.8147107362747192,shared,arm
word2vec,1.0,a_only,portions
word2vec,0.8882827162742615,shared,grave
word2vec,1.0,neither,nuns
word2vec,1.0,neither,sequel
word2vec,0.8893256783485413,shared,people
word2vec,1.0,neither,octavius
word2vec,1.0000001192092896,neither,penguins
word2vec,0.2922106981277466,neither,transfusion
word2vec,0.14486588537693024,neither,doodle
word2vec,0.10937272012233734,b_only,violently
word2vec,0.9598215818405151,shared,yellow
word2vec,0.9971891045570374,shared,unlikely
word2vec,0.9981237649917603,shared,arising
word2vec,0.15055400133132935,neither,pallet
word2vec,0.36624664068222046,neither,cheetah
word2vec,0.1904928833246231,b_only,snowy
word2vec,1.0,a_only,liberals
word2vec,0.9999999403953552,a_only,monarchy
word2vec,0.9924942255020142,shared,failing
word2vec,0.07228510826826096,b_only,wig
word2vec,-0.014330388978123665,b_only,stump
word2vec,1.0,a_only,taliban
word2vec,-0.03426862135529518,neither,sundays
word2vec,1.0,neither,voyager
word2vec,-0.08651116490364075,neither,hind
word2vec,0.9917453527450562,shared,warmer
word2vec,0.9903087019920349,shared,couch
word2vec,0.1430896669626236,neither,jewelled
word2vec,1.0,neither,rica
word2vec,0.9999998807907104,a_only,gravitational
word2vec,0.9930799007415771,shared,longest
word2vec,0.9999999403953552,neither,liturgical
word2vec,0.9654344320297241,shared,bug
word2vec,1.0000001192092896,a_only,dagny
word2vec,0.9845526814460754,shared,amount
word2vec,1.0000001192092896,neither,alphabetical
word2vec,0.8442124128341675,shared,why
word2vec,1.0000001192092896,neither,francesco
word2vec,0.9852533340454102,shared,confident
word2vec,1.0,a_only,broader
word2vec,1.0,neither,asthma
word2vec,1.0,neither,nasdaq
word2vec,1.0,a_only,endangered
word2vec,1.0,a_only,navy
word2vec,1.0,a_only,particles
word2vec,1.0,a_only,friars
word2vec,0.9985138773918152,shared,rocket
word2vec,1.0,a_only,marx
word2vec,0.9760279059410095,shared,ride
word2vec,1.0,a_only,sanjaks
word2vec,1.0000001192092896,neither,orbiting
word2vec,0.9962853789329529,shared,realised
word2vec,1.0000001192092896,a_only,samoa
word2vec,0.9999999403953552,a_only,butane
word2vec,1.0000001192092896,neither,statistician
word2vec,-0.014286673627793789,neither,ascend
word2vec,1.0,a_only,algebras
word2vec,1.0,a_only,treatise
word2vec,1.0000001192092896,neither,livelihood
word2vec,1.0,neither,cin
word2vec,1.0,neither,multiplying
word2vec,0.064346544444561,b_only,breathed
word2vec,0.14211687445640564,neither,brood
word2vec,1.0000001192092896,a_only,tennis
word2vec,1.0,neither,ballot
word2vec,0.015339811332523823,b_only,swelled
word2vec,1.0000001192092896,neither,insights
word2vec,1.0,neither,ayer
word2vec,0.15495648980140686,b_only,doubtful
word2vec,0.9999999403953552,a_only,inclusion
word2vec,0.9840193390846252,shared,weeds
word2vec,0.129215806722641,neither,contemplate
word2vec,0.11256565153598785,b_only,slovaks
word2vec,-0.032015182077884674,b_only,canoe
word2vec,0.15821942687034607,neither,foliage
word2vec,1.0,a_only,pacifist
word2vec,0.976473331451416,shared,crown
word2vec,1.0000001192092896,neither,causation
word2vec,0.05177253112196922,neither,tingling
word2vec,1.0000001192092896,a_only,radar
word2vec,1.0,a_only,aesthetic
word2vec,1.0,neither,logan
word2vec,0.9916834235191345,shared,irritated
word2vec,0.9999998807907104,a_only,occupies
word2vec,-0.12651658058166504,b_only,amused
word2vec,0.09731121361255646,neither,outlaws
word2vec,1.0000001192092896,neither,factual
word2vec,0.1148637980222702,neither,peal
word2vec,0.11710099130868912,b_only,knitted
word2vec,0.954066812992096,shared,determined
word2vec,0.9728690385818481,shared,single
word2vec,1.0,neither,iterative
word2vec,0.9963410496711731,shared,infinitely
word2vec,0.2581154406070709,neither,unreal
word2vec,0.19624680280685425,neither,helm
word2vec,0.9840815663337708,shared,seeking
word2vec,1.0,neither,marvin
word2vec,1.0,a_only,focused
word2vec,1.0000001192092896,neither,wolfgang
word2vec,1.0,a_only,samples
word2vec,0.9951594471931458,shared,calf
word2vec,0.9687005877494812,shared,attending
word2vec,0.16507814824581146,neither,4th
word2vec,1.0000001192092896,neither,patrician
word2vec,0.9745913147926331,shared,yielded
word2vec,0.9838067293167114,shared,impressed
word2vec,0.0949023887515068,neither,steamboats
word2vec,0.7400065064430237,shared,queen
word2vec,1.0,a_only,camps
word2vec,0.9999999403953552,a_only,pamphlet
word2vec,0.16101358830928802,b_only,lestrade
word2vec,0.9904812574386597,shared,peasants
word2vec,1.0,a_only,mp
word2vec,1.0,neither,predict
word2vec,0.1873149871826172,b_only,irene
word2vec,0.9978567361831665,shared,accidental
word2vec,0.9387046694755554,shared,straw
word2vec,-0.0009339635143987834,b_only,knock
word2vec,0.9999999403953552,a_only,export
word2vec,0.989026665687561,shared,prevented
word2vec,0.9961302876472473,shared,retreated
word2vec,1.0,neither,etruscan
word2vec,0.024410372599959373,b_only,brooding
word2vec,0.26286348700523376,neither,prodigious
word2vec,0.04393418878316879,neither,cuss
word2vec,0.9311225414276123,shared,village
word2vec,0.007258128374814987,neither,monds
word2vec,-0.0037186522968113422,neither,hotchkiss
word2vec,0.9484174847602844,shared,portrait
word2vec,0.9851784110069275,shared,toes
word2vec,0.124821238219738,neither,entertain
word2vec,1.0000001192092896,neither,calvin
word2vec,1.0,a_only,larry
word2vec,1.0000001192092896,a_only,alternatively
word2vec,1.0,neither,tolerant
word2vec,0.9982641339302063,shared,patron
word2vec,1.0,a_only,participation
word2vec,-0.10244468599557877,b_only,ventured
word2vec,0.9897386431694031,shared,saving
word2vec,1.0,neither,elf
word2vec,0.13184048235416412,b_only,beg
word2vec,-0.02173418179154396,neither,moderation
word2vec,1.0000001192092896,a_only,antiparticle
word2vec,1.0000001192092896,neither,notorious
word2vec,0.10167945921421051,neither,bistritz
word2vec,-0.05620533227920532,b_only,gaily
word2vec,0.9485806822776794,shared,rob
word2vec,1.0,neither,yorker
word2vec,0.9999998807907104,neither,yuri
word2vec,1.0,a_only,sparta
word2vec,1.0,a_only,prototype
word2vec,1.0,neither,jordanes
word2vec,0.9999998807907104,neither,teenager
word2vec,0.9885965585708618,shared,privilege
word2vec,0.1207931861281395,neither,fuss
word2vec,0.9303387999534607,shared,neck
word2vec,0.975342333316803,shared,settled
word2vec,0.8912227153778076,shared,stay
word2vec,0.9999998807907104,a_only,arizona
word2vec,0.9999998807907104,neither,cache
word2vec,0.9259394407272339,shared,suppose
word2vec,1.0,neither,instability
word2vec,1.0,neither,faber
word2vec,1.0000001192092896,neither,thinly
word2vec,0.997494637966156,shared,sacrificed
word2vec,-0.01233622245490551,neither,bucket
word2vec,-0.09092962741851807,neither,fraternity
word2vec,1.0,a_only,stability
word2vec,1.0000001192092896,a_only,nucleus
word2vec,1.0000001192092896,neither,harrison
word2vec,1.0,a_only,proclamation
word2vec,0.994780957698822,shared,oxford
word2vec,0.9834263920783997,shared,artist
word2vec,0.9906427264213562,shared,weapon
word2vec,1.0,neither,babylonia
word2vec,0.9830406308174133,shared,maid
word2vec,0.09536994248628616,b_only,stupid
word2vec,0.9999999403953552,a_only,criteria
word2vec,0.9995901584625244,shared,district
word2vec,1.0,a_only,align
word2vec,-0.025808781385421753,neither,agonising
word2vec,0.9887229800224304,shared,channel
word2vec,1.0,a_only,initial
word2vec,1.0,a_only,explorers
word2vec,1.0000001192092896,a_only,includes
word2vec,0.9770894050598145,shared,waved
word2vec,-0.04599912092089653,b_only,sane
word2vec,0.9161803126335144,shared,secret
word2vec,0.988562822341919,shared,dignity
word2vec,1.0,a_only,altruism
word2vec,-0.02569354511797428,neither,doggedly
word2vec,0.9913118481636047,shared,revived
word2vec,1.0000001192092896,neither,distilled
word2vec,0.9487645626068115,shared,honey
word2vec,0.9951651096343994,shared,decision
word2vec,0.06934760510921478,b_only,calmly
word2vec,0.9999999403953552,a_only,secondary
word2vec,0.9930051565170288,shared,surprising
word2vec,1.0,a_only,demanding
word2vec,0.922690212726593,shared,lightning
word2vec,0.01073561143130064,b_only,swiftly
word2vec,0.9890316128730774,shared,armour
word2vec,0.17921066284179688,b_only,fatigue
word2vec,1.0000001192092896,neither,backlash
word2vec,1.0,a_only,vehicles
word2vec,1.0,neither,inevitably
word2vec,0.9641121029853821,shared,perfect
word2vec,1.0000001192092896,a_only,dean
word2vec,1.0000001192092896,neither,predecessor
word2vec,0.974439263343811,shared,rider
word2vec,0.6891982555389404,neither,nantucket
word2vec,0.9909506440162659,shared,household
word2vec,0.9717531204223633,shared,playing
word2vec,1.0,neither,brahmic
word2vec,1.0000001192092896,a_only,administrative
word2vec,0.9977140426635742,shared,personally
word2vec,0.9999999403953552,neither,tariff
word2vec,0.9999998807907104,a_only,fairbanks
word2vec,1.0,neither,sentences
word2vec,1.0,neither,napalm
word2vec,1.0,neither,amharic
word2vec,0.9999999403953552,neither,fungi
word2vec,1.0,a_only,orchestra
word2vec,0.06339707225561142,b_only,expectation
word2vec,1.0,a_only,var
word2vec,0.9972817897796631,shared,alert
word2vec,0.14149507880210876,neither,patiently
word2vec,1.0,neither,mg
word2vec,1.0,neither,superiors
word2vec,1.0000001192092896,a_only,formally
word2vec,0.9999998807907104,neither,maltese
word2vec,0.08152325451374054,b_only,rejoined
word2vec,1.0,neither,searches
word2vec,0.9999999403953552,neither,panhandle
word2vec,1.0,neither,tariffs
word2vec,1.0,neither,asp
word2vec,-0.08166448771953583,b_only,dasn
word2vec,1.0,a_only,dsm
word2vec,1.0,neither,olympias
word2vec,0.9946936964988708,neither,pays
word2vec,0.1790904700756073,b_only,vexed
word2vec,1.0,neither,vicarage
word2vec,0.11288736015558243,neither,buzzed
word2vec,0.04288841038942337,b_only,staring
word2vec,0.8142728805541992,shared,went
word2vec,-0.1289554238319397,neither,watchers
word2vec,0.9153950214385986,shared,far
word2vec,0.9999999403953552,a_only,commercial
word2vec,1.0,neither,overheating
word2vec,0.9999999403953552,neither,tumors
word2vec,1.0,neither,gawler
word2vec,0.1008770614862442,neither,flap
word2vec,0.9801041483879089,shared,occasional
word2vec,1.0,a_only,complicated
word2vec,-0.014856700785458088,neither,punish
word2vec,1.0,a_only,empire
word2vec,0.8998861312866211,shared,log
word2vec,0.9999998807907104,neither,intestine
word2vec,1.0,neither,spleen
word2vec,-0.013545562513172626,neither,shunned
word2vec,1.0,a_only,acclaimed
word2vec,0.25620701909065247,b_only,grasped
word2vec,1.0,neither,incredibly
word2vec,0.20199792087078094,neither,affability
word2vec,1.0,a_only,versus
word2vec,0.9999998807907104,neither,amir
word2vec,0.9929607510566711,shared,stores
word2vec,1.0000001192092896,a_only,immigration
word2vec,0.9999999403953552,neither,dale
word2vec,1.0,neither,eurasia
word2vec,1.0,a_only,iupac
word2vec,1.0,neither,loans
word2vec,-0.05488922819495201,b_only,whispering
word2vec,-0.07604113966226578,b_only,claw
word2vec,0.14542634785175323,b_only,gloves
word2vec,1.0000001192092896,neither,equinox
word2vec,-0.029129549860954285,neither,baths
word2vec,1.0,neither,guild
word2vec,0.04255183786153793,neither,gipsies
word2vec,0.9999999403953552,neither,chapters
word2vec,0.005535778123885393,b_only,dined
word2vec,1.0,neither,sovereignly
word2vec,1.0,a_only,realm
word2vec,0.9568407535552979,shared,object
word2vec,1.0,a_only,wayne
word2vec,1.0000001192092896,a_only,hydrocarbons
word2vec,1.0,neither,brakeman
word2vec,0.9897711277008057,shared,wit
word2vec,1.0000001192092896,neither,arrays
word2vec,0.2724895477294922,neither,sideboard
word2vec,0.9999998807907104,a_only,users
word2vec,0.948286771774292,shared,formed
word2vec,1.0,neither,multimedia
word2vec,0.9270605444908142,shared,ways
word2vec,0.9999999403953552,neither,exceeds
word2vec,1.0,neither,smash
word2vec,0.9999998807907104,a_only,spain
word2vec,1.0,neither,leukemia
word2vec,0.9999998807907104,neither,aruban
word2vec,-0.14098767936229706,neither,lame
word2vec,0.054584067314863205,neither,candy
word2vec,0.9999999403953552,neither,canadians
word2vec,1.0,neither,merovingian
word2vec,1.0,a_only,ibid
word2vec,0.11576975136995316,neither,vices
word2vec,0.9985482096672058,shared,rubber
word2vec,0.9999999403953552,a_only,critic
word2vec,0.9999999403953552,neither,sicily
word2vec,0.9999999403953552,neither,benzodiazepines
word2vec,1.0,neither,vaccine
word2vec,0.9972100853919983,shared,standard
word2vec,0.9946861863136292,shared,res
word2vec,1.0,a_only,modified
word2vec,-0.013481696136295795,neither,woes
word2vec,0.9959356784820557,shared,winning
word2vec,0.030692746862769127,b_only,malice
word2vec,0.6969811320304871,shared,as
word2vec,0.9697750210762024,shared,chicken
word2vec,1.0,neither,artisans
word2vec,-0.04978450760245323,neither,bade
word2vec,0.8786260485649109,shared,talking
word2vec,0.9999999403953552,neither,rituals
word2vec,0.9767919778823853,shared,trace
word2vec,0.7322514057159424,shared,some
word2vec,0.08230358362197876,neither,watermelon
word2vec,1.0,neither,cubans
word2vec,0.09821293503046036,neither,tasted
word2vec,-0.07132761925458908,b_only,superintendent
word2vec,1.0,neither,baptists
word2vec,0.1675143539905548,neither,newcastle
word2vec,0.01826833188533783,b_only,frowned
word2vec,1.0,neither,departments
word2vec,0.08586360514163971,neither,filial
word2vec,1.0,a_only,zeus
word2vec,1.0,neither,defender
word2vec,0.998868465423584,shared,plant
word2vec,1.0,a_only,cartoon
word2vec,1.0000001192092896,a_only,geometric
word2vec,1.0000001192092896,neither,delphi
word2vec,1.0,a_only,ralph
word2vec,0.997011125087738,shared,sets
word2vec,1.0000001192092896,a_only,settlers
word2vec,0.9716097712516785,shared,hut
word2vec,1.0,a_only,airplane
word2vec,0.07546855509281158,neither,melted
word2vec,1.0,a_only,fort
word2vec,0.14681828022003174,neither,rosalind
word2vec,1.0000001192092896,neither,proprietors
word2vec,0.9827715158462524,shared,flesh
word2vec,1.0,neither,compilers
word2vec,0.9481801390647888,shared,visit
word2vec,1.0000001192092896,a_only,define
word2vec,0.9508215188980103,shared,nervous
word2vec,1.0000001192092896,neither,pavia
word2vec,1.0000001192092896,neither,khoisan
word2vec,0.09268925338983536,neither,adoration
word2vec,0.9884762763977051,shared,meets
word2vec,-0.12299084663391113,b_only,rosings
word2vec,0.9926405549049377,shared,murray
word2vec,1.0000001192092896,neither,scales
word2vec,1.0,a_only,historically
word2vec,1.0000001192092896,neither,bladder
word2vec,0.9999998807907104,neither,ller
word2vec,0.9999999403953552,a_only,jurisdictions
word2vec,0.928187370300293,shared,victor
word2vec,1.0,a_only,divisions
word2vec,1.0,neither,consolidated
word2vec,1.0,neither,naturalistic
word2vec,0.9677353501319885,shared,task
word2vec,0.9789095520973206,shared,space
word2vec,0.9999998807907104,neither,inherently
word2vec,0.13701562583446503,b_only,oppressed
word2vec,0.9829286932945251,shared,hood
word2vec,1.0,a_only,sq
word2vec,0.9999999403953552,a_only,nave
word2vec,0.8731685280799866,shared,many
word2vec,0.9999999403953552,neither,cbs
word2vec,1.0,neither,crises
word2vec,-0.01372711081057787,neither,lured
word2vec,0.08008366078138351,neither,spoilt
word2vec,1.0,neither,korchnoi
word2vec,1.0,neither,mesa
word2vec,-0.062484923750162125,b_only,stricken
word2vec,0.9881592392921448,shared,divide
word2vec,0.0138552812859416,neither,panes
word2vec,0.9816395044326782,shared,gives
word2vec,-0.11151158064603806,b_only,amiable
word2vec,1.0,a_only,births
word2vec,1.0000001192092896,a_only,implementing
word2vec,1.0,neither,md
word2vec,0.9999998807907104,a_only,defines
word2vec,0.9999999403953552,neither,mummies
word2vec,0.9990211725234985,shared,gross
word2vec,0.9767105579376221,shared,clever
word2vec,0.08935444802045822,neither,rafts
word2vec,0.9897179007530212,shared,fully
word2vec,0.9940761923789978,shared,principle
word2vec,1.0,neither,activists
word2vec,1.0,neither,saigon
word2vec,1.0,neither,broadest
word2vec,1.0,neither,atemi
word2vec,1.0,neither,divinity
word2vec,0.03566636145114899,b_only,paused
word2vec,0.06600333005189896,b_only,tranquil
word2vec,0.01423737220466137,neither,wotton
word2vec,0.9918745160102844,shared,poets
word2vec,1.0,neither,fbi
word2vec,0.9887865781784058,shared,saxon
word2vec,0.9999999403953552,neither,stylistic
word2vec,-0.1240134984254837,b_only,chap
word2vec,1.0,a_only,catholics
word2vec,1.0000001192092896,a_only,fundamentally
word2vec,0.9973095059394836,shared,text
word2vec,0.8103868961334229,shared,course
word2vec,1.0,a_only,patrick
word2vec,0.9946013689041138,shared,betrayed
word2vec,1.0,a_only,maritime
word2vec,0.9862030744552612,shared,snapped
word2vec,0.19886308908462524,neither,insists
word2vec,1.0000001192092896,neither,phylogeny
word2vec,0.9911233186721802,shared,perceive
word2vec,0.9999999403953552,a_only,haer
word2vec,0.9999999403953552,a_only,subcontinent
word2vec,1.0,neither,violins
word2vec,1.0,neither,parasites
word2vec,1.0,neither,infrared
word2vec,1.0,neither,bosons
word2vec,1.0,neither,precipitation
word2vec,0.9999999403953552,neither,demise
word2vec,1.0,neither,perfected
word2vec,0.9999998807907104,a_only,nuremberg
word2vec,1.0000001192092896,neither,emil
word2vec,1.0,a_only,microscopic
word2vec,1.0,neither,mali
word2vec,0.09010995924472809,neither,precipitate
word2vec,1.0,neither,grammatical
word2vec,1.0,neither,subsidiary
word2vec,-0.00727883679792285,b_only,flattered
word2vec,1.0000001192092896,neither,publicized
word2vec,0.9999999403953552,neither,tetrapods
word2vec,0.9999998807907104,neither,loanwords
word2vec,0.9892580509185791,shared,attraction
word2vec,0.19331452250480652,neither,puff
word2vec,1.0,neither,affiliation
word2vec,0.05590742453932762,b_only,settling
word2vec,0.9527667164802551,shared,bark
word2vec,0.9807077646255493,shared,officers
word2vec,0.9999999403953552,a_only,africans
word2vec,0.9856011867523193,shared,huge
word2vec,-0.015505599789321423,neither,nightcap
word2vec,1.0,a_only,ahmed
word2vec,0.04059631749987602,neither,missus
word2vec,0.9999999403953552,neither,grid
word2vec,0.8275128602981567,shared,nursery
word2vec,0.9999998807907104,a_only,denote
word2vec,0.9842256903648376,shared,labours
word2vec,1.0,neither,barbiturates
word2vec,0.058328066021203995,b_only,terrified
word2vec,0.9942975044250488,shared,motion
word2vec,1.0,neither,scepticism
word2vec,1.0,neither,windmill
word2vec,0.16723647713661194,neither,yearning
word2vec,0.9897813200950623,shared,inquiry
word2vec,0.09331774711608887,b_only,conceive
word2vec,0.11873894184827805,neither,shet
word2vec,0.9919868111610413,shared,clothing
word2vec,1.0000001192092896,neither,danneskj
word2vec,1.0,a_only,synod
word2vec,1.0,neither,exploits
word2vec,0.9253832697868347,shared,street
word2vec,0.047962792217731476,neither,bushy
word2vec,0.8046876788139343,shared,other
word2vec,0.9970425963401794,shared,edition
word2vec,1.0,neither,ingredients
word2vec,0.9989436268806458,shared,artistic
word2vec,0.9764480590820312,shared,beasts
word2vec,-0.023960525169968605,neither,crevice
word2vec,0.9556270241737366,shared,pictures
word2vec,0.25532951951026917,neither,rack
word2vec,0.11038944125175476,neither,lessened
word2vec,0.9632410407066345,shared,mistake
word2vec,0.17544156312942505,neither,dingy
word2vec,0.9999779462814331,shared,alpha
word2vec,1.0,a_only,ultimate
word2vec,0.8396840691566467,shared,sydney
word2vec,0.9999998807907104,neither,kropotkin
word2vec,1.0,neither,ordo
word2vec,0.15969619154930115,neither,flinch
word2vec,-0.059070371091365814,neither,admiring
word2vec,0.1465347707271576,b_only,distributing
word2vec,1.0000001192092896,a_only,afghan
word2vec,0.7006030678749084,shared,all
word2vec,-0.031485170125961304,b_only,pleased
word2vec,1.0,neither,eds
word2vec,0.9894919991493225,shared,recall
word2vec,1.0000001192092896,neither,boltzmann
word2vec,0.9939572811126709,shared,tightly
word2vec,0.034204065799713135,b_only,shout
word2vec,0.06685308367013931,b_only,confession
word2vec,0.9432963728904724,shared,killed
word2vec,0.9999999403953552,neither,tribune
word2vec,0.9309768080711365,shared,locked
word2vec,0.9999999403953552,neither,halides
word2vec,1.0000001192092896,neither,afx
word2vec,1.0,a_only,enforced
word2vec,1.0,neither,fugitive
word2vec,0.0326172299683094,b_only,solemnly
word2vec,0.04513220489025116,neither,nibbling
word2vec,-0.04665268957614899,b_only,softened
word2vec,0.9999998807907104,neither,hypotheses
word2vec,-0.021267594769597054,b_only,curtain
word2vec,0.11558913439512253,neither,fiddle
word2vec,1.0,neither,resisting
word2vec,1.0,neither,rewritten
word2vec,1.0000001192092896,neither,intern
word2vec,1.0000001192092896,neither,leigh
word2vec,1.0,neither,imf
word2vec,0.9999999403953552,neither,ul
word2vec,0.9891221523284912,shared,kick
word2vec,0.9946182370185852,shared,newly
word2vec,1.0000001192092896,neither,annie
word2vec,1.0,a_only,oracle
word2vec,1.0,a_only,increases
word2vec,1.0,neither,televised
word2vec,0.9999999403953552,neither,amp
word2vec,0.05390606448054314,neither,lambton
word2vec,0.9088817834854126,shared,strong
word2vec,0.8193808794021606,shared,work
word2vec,-0.12788236141204834,neither,hardships
word2vec,0.9999999403953552,a_only,biological
word2vec,0.9964907765388489,shared,detective
word2vec,0.06819342821836472,neither,balancing
word2vec,0.9960594177246094,shared,theories
word2vec,0.9889922738075256,shared,tent
word2vec,0.9936680197715759,shared,arriving
word2vec,0.14442485570907593,b_only,memorandum
word2vec,0.9981479048728943,shared,partially
word2vec,0.9999999403953552,a_only,document
word2vec,0.9787263870239258,shared,naked
word2vec,0.9937774538993835,shared,provisions
word2vec,1.0000001192092896,neither,enlist
word2vec,0.11746636033058167,neither,midday
word2vec,1.0,neither,telephones
word2vec,0.19557622075080872,neither,ruxton
word2vec,-0.12352437525987625,b_only,darted
word2vec,-0.08728019893169403,b_only,quincey
word2vec,0.9943993091583252,shared,fox
word2vec,-0.05681018531322479,neither,lumber
word2vec,1.0,neither,colon
word2vec,0.9898027181625366,shared,disdain
word2vec,0.9929434657096863,shared,banker
word2vec,0.07368958741426468,b_only,horrid
word2vec,1.0,a_only,deals
word2vec,0.9965083599090576,shared,collection
word2vec,-0.024576617404818535,b_only,dat
word2vec,0.02146710827946663,b_only,miseries
word2vec,0.9435155987739563,shared,return
word2vec,1.0,neither,alcidamas
word2vec,1.0,a_only,asa
word2vec,1.0000001192092896,a_only,designation
word2vec,0.9999999403953552,neither,footy
word2vec,0.03389761224389076,neither,knave
word2vec,-0.0012760346289724112,b_only,rattled
word2vec,0.9177107214927673,shared,editions
word2vec,0.9998613595962524,shared,lens
word2vec,-0.05550970882177353,neither,delightfully
word2vec,-0.12902164459228516,b_only,fond
word2vec,0.07420135289430618,b_only,timidly
word2vec,0.061034947633743286,neither,rascal
word2vec,1.0,a_only,caesar
word2vec,1.0,neither,tombigbee
word2vec,-0.042183056473731995,neither,emaciated
word2vec,1.0,neither,kwanza
word2vec,0.9624325633049011,shared,force
word2vec,0.9222049713134766,shared,bill
word2vec,0.8626805543899536,shared,nothing
word2vec,0.9964343309402466,shared,agreement
word2vec,1.0,a_only,featured
word2vec,0.9999999403953552,neither,transliterated
word2vec,-0.018654948100447655,b_only,dormouse
word2vec,0.10479498654603958,neither,keepers
word2vec,0.185339093208313,b_only,nieces
word2vec,0.06951068341732025,neither,fare
word2vec,1.0,neither,session
word2vec,0.9956439137458801,shared,drunken
word2vec,1.0,neither,metre
word2vec,1.0000001192092896,neither,lepidoptera
word2vec,1.0,a_only,steve
word2vec,0.9999999403953552,neither,battery
word2vec,0.9999999403953552,a_only,systems
word2vec,0.9999998807907104,neither,addicts
word2vec,0.9999998807907104,neither,divergent
word2vec,1.0,neither,southwards
word2vec,0.9972743391990662,shared,film
word2vec,-0.025558020919561386,neither,sounding
word2vec,0.9999998807907104,neither,eugen
word2vec,0.9946043491363525,shared,adjoining
word2vec,-0.03907018154859543,neither,firewood
word2vec,0.9984779953956604,shared,causing
word2vec,1.0,a_only,momentum
word2vec,1.0,a_only,norman
word2vec,0.9966076612472534,shared,bodily
word2vec,0.9986120462417603,shared,device
word2vec,1.0000001192092896,a_only,gnosticism
word2vec,0.9429974555969238,shared,front
word2vec,1.0000001192092896,neither,gaius
word2vec,1.0000001192092896,a_only,fuel
word2vec,0.997887134552002,shared,rational
word2vec,1.0000001192092896,a_only,domitius
word2vec,1.0000001192092896,neither,motorsport
word2vec,0.16391855478286743,b_only,searched
word2vec,0.20077526569366455,neither,plaited
word2vec,-0.04932580143213272,neither,evenings
word2vec,0.9922255873680115,shared,jealousy
word2vec,0.900607168674469,shared,hid
word2vec,-0.022445444017648697,b_only,tavern
word2vec,1.0000001192092896,a_only,splitting
word2vec,0.9999998807907104,a_only,chloride
word2vec,1.0000001192092896,neither,alum
word2vec,0.5795449614524841,shared,alice
word2vec,-0.03290463611483574,neither,tobacker
word2vec,0.970648467540741,shared,kitchen
word2vec,1.0,a_only,monthly
word2vec,0.9570450186729431,shared,names
word2vec,1.0,a_only,genetic
word2vec,0.9854013919830322,shared,magnificent
word2vec,0.9743866324424744,shared,season
word2vec,0.7379557490348816,shared,poor
word2vec,0.9952967166900635,shared,fibre
word2vec,1.0000001192092896,neither,applicable
word2vec,1.0,a_only,denominations
word2vec,0.9976375102996826,shared,disposal
word2vec,0.06669725477695465,neither,sulkily
word2vec,-0.0728839635848999,neither,5th
word2vec,0.13025738298892975,neither,bein
word2vec,0.16286379098892212,neither,raf
word2vec,1.0,a_only,norse
word2vec,1.0,a_only,infantry
word2vec,1.0,a_only,debate
word2vec,1.0000001192092896,neither,yerevan
word2vec,0.9191123843193054,shared,pocket
word2vec,0.9999999403953552,neither,suri
word2vec,1.0,a_only,epic
word2vec,1.0,neither,posthumous
word2vec,1.0,neither,schwartz
word2vec,1.0,a_only,alligator
word2vec,0.9999999403953552,neither,modules
word2vec,1.0,a_only,burgoyne
word2vec,0.13973458111286163,b_only,mast
word2vec,0.9999999403953552,neither,breakthrough
word2vec,1.0,a_only,amaranthus
word2vec,0.1614166647195816,b_only,lads
word2vec,0.9557185173034668,shared,coat
word2vec,0.9999999403953552,a_only,kansas
word2vec,-0.07137232273817062,b_only,illustrious
word2vec,0.5344228148460388,shared,and
word2vec,0.03947102278470993,neither,omen
word2vec,1.0,a_only,karabakh
word2vec,1.0,neither,psi
word2vec,1.0,neither,panels
word2vec,1.0,neither,burr
word2vec,0.07874072343111038,neither,restrained
word2vec,1.0,neither,moroccan
word2vec,0.9850022792816162,shared,enabled
word2vec,1.0,a_only,muslim
word2vec,1.0000001192092896,neither,ova
word2vec,0.9985204935073853,shared,influenced
word2vec,0.09874044358730316,neither,freight
word2vec,0.9667077660560608,shared,share
word2vec,0.08589660376310349,neither,footing
word2vec,-0.021997904404997826,neither,ransacked
word2vec,0.9999998807907104,neither,compiler
word2vec,-0.06576855480670929,b_only,shucks
word2vec,1.0,a_only,parsons
word2vec,1.0,neither,styled
word2vec,-0.15301668643951416,neither,xxviii
word2vec,1.0,neither,apollon
word2vec,0.9845098257064819,shared,cage
word2vec,0.17868278920650482,neither,rarity
word2vec,-0.2000143676996231,neither,precipice
word2vec,0.971886396408081,shared,advance
word2vec,1.0,a_only,telecommunications
word2vec,1.0,neither,octopus
word2vec,1.0,a_only,framework
word2vec,1.0,neither,milky
word2vec,1.0000001192092896,neither,slater
word2vec,1.0,neither,rockets
word2vec,0.984081506729126,shared,shooting
word2vec,0.1270294040441513,neither,weakening
word2vec,1.0,a_only,dakota
word2vec,1.0,neither,wa
word2vec,1.0000001192092896,neither,climatic
word2vec,1.0000001192092896,neither,basilica
word2vec,-0.06455285847187042,neither,cupboard
word2vec,1.0,a_only,hellenic
word2vec,0.995705246925354,shared,abruptly
word2vec,-0.11266021430492401,b_only,pathetic
word2vec,0.9926941990852356,shared,matches
word2vec,0.9578385949134827,shared,years
word2vec,1.0,neither,extracted
word2vec,0.9668764472007751,shared,reflected
word2vec,1.0000001192092896,neither,krak
word2vec,0.8464099764823914,shared,both
word2vec,0.9808624386787415,shared,speed
word2vec,0.9999999403953552,neither,pauline
word2vec,0.991323709487915,shared,baker
word2vec,0.9987902045249939,shared,conquered
word2vec,1.0000001192092896,neither,discoverer
word2vec,0.018098782747983932,b_only,wigwam
word2vec,0.9999999403953552,a_only,shopping
word2vec,0.09908892214298248,neither,clenched
word2vec,0.3664821982383728,neither,snatches
word2vec,0.08927514404058456,b_only,chateau
word2vec,1.0,a_only,greene
word2vec,1.0,neither,graffiti
word2vec,1.0,neither,optics
word2vec,1.0000001192092896,neither,deductive
word2vec,0.9904919862747192,shared,mixing
word2vec,0.9939396977424622,shared,county
word2vec,0.9999999403953552,a_only,subsequently
word2vec,1.0,neither,coldest
word2vec,0.02233794704079628,neither,mariner
word2vec,1.0000001192092896,a_only,hun
word2vec,1.0,neither,veto
word2vec,0.181465744972229,b_only,attentive
word2vec,0.9999998807907104,neither,godwin
word2vec,0.9011914134025574,shared,charles
word2vec,0.06190066412091255,neither,dejection
word2vec,0.05105488374829292,b_only,kitten
word2vec,1.0,neither,laymen
word2vec,0.11548586934804916,neither,blinked
word2vec,0.9939412474632263,shared,alexandre
word2vec,0.9898634552955627,shared,accord
word2vec,1.0000001192092896,neither,update
word2vec,1.0,neither,neptune
word2vec,-0.07564271986484528,neither,commencement
word2vec,-0.04661799222230911,neither,bluff
word2vec,1.0000001192092896,a_only,ussr
word2vec,0.9985346794128418,shared,carter
word2vec,0.06660536676645279,neither,dungeon
word2vec,0.9486576318740845,shared,distant
word2vec,1.0,neither,arrogant
word2vec,0.9756137132644653,shared,pigs
word2vec,0.05633850395679474,neither,irksome
word2vec,0.9886466264724731,shared,encountered
word2vec,0.9925969243049622,shared,bonds
word2vec,1.0,a_only,augustus
word2vec,0.9891946315765381,shared,list
word2vec,0.0926346555352211,b_only,11
word2vec,1.0000001192092896,neither,ag
word2vec,0.9999999403953552,neither,observatory
word2vec,0.9999998807907104,neither,adherence
word2vec,0.9640997648239136,shared,agreed
word2vec,0.9957841634750366,shared,conflict
word2vec,1.0,neither,joins
word2vec,1.0,neither,akshara
word2vec,0.7610620260238647,shared,says
word2vec,-0.032191891223192215,neither,whiskey
word2vec,0.9999999403953552,neither,nielsen
word2vec,0.05322948843240738,neither,apothecary
word2vec,1.0,neither,researcher
word2vec,0.996532678604126,shared,deliberately
word2vec,0.9734114408493042,shared,fifty
word2vec,0.9916523694992065,shared,suggestion
word2vec,0.984727144241333,shared,xii
word2vec,1.0,neither,pederastic
word2vec,1.0,neither,releasing
word2vec,0.9837342500686646,shared,wishing
word2vec,1.0,neither,indiction
word2vec,-0.024609798565506935,neither,som
word2vec,-0.1420545130968094,b_only,stile
word2vec,0.9982407093048096,shared,acts
word2vec,0.9944701790809631,shared,wherein
word2vec,1.0,neither,hoare
word2vec,1.0,neither,bankruptcy
word2vec,0.02334878221154213,neither,dreamy
word2vec,0.10105888545513153,neither,twitched
word2vec,0.9909666776657104,shared,scarce
word2vec,0.036092378199100494,neither,kt
word2vec,0.20239154994487762,neither,horsham
word2vec,1.0,a_only,belgium
word2vec,0.9930261373519897,shared,manifest
word2vec,0.041647955775260925,neither,yuther
word2vec,0.9900233149528503,shared,exact
word2vec,0.9401946663856506,shared,music
word2vec,1.0000001192092896,neither,assassin
word2vec,0.06020166352391243,b_only,unconsciously
word2vec,1.0,a_only,successor
word2vec,1.0000001192092896,a_only,goths
word2vec,0.994134783744812,shared,realize
word2vec,-0.023537779226899147,neither,sincerity
word2vec,0.997734010219574,shared,destitute
word2vec,0.1098252385854721,b_only,safie
word2vec,0.9916505217552185,shared,mix
word2vec,1.0,neither,ciphers
word2vec,0.9938695430755615,shared,incidents
word2vec,0.958235502243042,shared,greatest
word2vec,1.0,neither,yemen
word2vec,1.0000001192092896,neither,legion
word2vec,0.9994854927062988,shared,lloyd
word2vec,0.9999998807907104,neither,espoused
word2vec,1.0,a_only,norway
word2vec,0.15171392261981964,neither,awaken
word2vec,0.9654333591461182,shared,lines
word2vec,1.0000001192092896,neither,raphael
word2vec,0.15958982706069946,neither,morcar
word2vec,0.9667825102806091,shared,particularly
word2vec,0.18631766736507416,b_only,sincere
word2vec,0.9973959922790527,shared,consumption
word2vec,0.9988388419151306,shared,victoria
word2vec,0.11533454805612564,neither,spilt
word2vec,1.0,neither,jackie
word2vec,0.8049831986427307,shared,going
word2vec,1.0,neither,cumberland
word2vec,0.9800408482551575,shared,spinning
word2vec,0.06098930537700653,neither,myriad
word2vec,0.9175054430961609,shared,pool
word2vec,-0.026245485991239548,neither,prompt
word2vec,0.050054579973220825,b_only,happily
word2vec,0.9804390072822571,shared,seek
word2vec,-0.1493169516324997,b_only,pudding
word2vec,0.9999998807907104,neither,gov
word2vec,1.0,neither,voiced
word2vec,1.0000001192092896,neither,recruited
word2vec,1.0,neither,specify
word2vec,0.009409298188984394,neither,tain
word2vec,1.0000001192092896,a_only,presidents
word2vec,0.9882787466049194,shared,closely
word2vec,0.6921839118003845,shared,elizabeth
word2vec,1.0,neither,pashtun
word2vec,0.9981036186218262,shared,purely
word2vec,0.9906823039054871,shared,shocked
word2vec,1.0,a_only,radicals
word2vec,1.0,neither,elites
word2vec,0.8674256205558777,shared,woods
word2vec,0.10445558279752731,neither,hucky
word2vec,1.0,neither,cary
word2vec,1.0,a_only,extend
word2vec,1.0,neither,invertible
word2vec,1.0,a_only,consistently
word2vec,1.0,neither,ballcarrier
word2vec,1.0,neither,defending
word2vec,0.9759926199913025,shared,vast
word2vec,0.9156259894371033,shared,leaning
word2vec,-0.21343553066253662,b_only,madness
word2vec,0.9982353448867798,shared,majority
word2vec,0.978351891040802,shared,steadily
word2vec,1.0000001192092896,a_only,taxonomy
word2vec,0.9932003021240234,shared,discoveries
word2vec,0.03245601803064346,neither,fatigued
word2vec,1.0,a_only,processor
word2vec,1.0,neither,spectra
word2vec,0.712036669254303,shared,like
word2vec,1.0,a_only,systematically
word2vec,0.9987908601760864,shared,invested
word2vec,-0.2210768610239029,neither,xxii
word2vec,1.0,a_only,technological
word2vec,0.9999998807907104,neither,agis
word2vec,0.9802462458610535,shared,ass
word2vec,0.996198832988739,shared,suggest
word2vec,0.9545699954032898,shared,coffee
word2vec,0.9999998807907104,neither,fortification
word2vec,0.9758725762367249,shared,riddle
word2vec,1.0000001192092896,neither,loosening
word2vec,0.20665328204631805,b_only,boots
word2vec,0.9971635937690735,neither,regulate
word2vec,0.013097417540848255,b_only,leisure
word2vec,0.9703363180160522,shared,murdered
word2vec,-0.06434311717748642,neither,shooter
word2vec,-0.08774003386497498,neither,stony
word2vec,0.9962742328643799,neither,joints
word2vec,1.0,a_only,respectively
word2vec,0.058071911334991455,neither,jurymen
word2vec,0.13221688568592072,neither,orchids
word2vec,1.0,a_only,algorithms
word2vec,0.9999998807907104,a_only,variants
word2vec,0.9932202100753784,shared,foreigners
word2vec,1.0,neither,danneskjold
word2vec,0.03070884756743908,neither,ham
word2vec,1.0000001192092896,a_only,franklin
word2vec,0.9978062510490417,shared,supernatural
word2vec,1.0,neither,amalaric
word2vec,0.9608086347579956,shared,married
word2vec,0.9745385050773621,shared,sail
word2vec,1.0000001192092896,neither,acoustic
word2vec,-0.0670577809214592,b_only,huck
word2vec,0.9772382378578186,shared,remains
word2vec,1.0,neither,promotion
word2vec,0.264504075050354,b_only,openshaw
word2vec,0.007877363823354244,neither,peered
word2vec,1.0,neither,helmholtz
word2vec,0.9995765089988708,shared,hunter
word2vec,1.0000001192092896,a_only,africa
word2vec,0.2764645218849182,neither,carbuncle
word2vec,0.9810408353805542,shared,witnesses
word2vec,0.8637173771858215,shared,white
word2vec,0.9999998807907104,neither,educator
word2vec,0.09547991305589676,neither,conversing
word2vec,-0.050445012748241425,neither,quitting
word2vec,0.9999998807907104,neither,romanov
word2vec,1.0,a_only,organisations
word2vec,1.0,neither,godless
word2vec,1.0,neither,compulsory
word2vec,0.09165406972169876,neither,sentimental
word2vec,1.0000001192092896,neither,airplanes
word2vec,0.9774792790412903,shared,avoid
word2vec,0.9524361491203308,shared,mostly
word2vec,0.9999999403953552,neither,metabolism
word2vec,0.9959548115730286,shared,scope
word2vec,0.9999998807907104,a_only,excluded
word2vec,0.06872813403606415,neither,revive
word2vec,1.0000001192092896,a_only,solubility
word2vec,0.041696399450302124,b_only,daylight
word2vec,1.0,a_only,expeditions
word2vec,0.9860385060310364,shared,spared
word2vec,1.0,a_only,nd
word2vec,1.0,neither,markings
word2vec,0.9999999403953552,a_only,borman
word2vec,0.9999998807907104,neither,testaments
word2vec,0.04937563091516495,b_only,eagerly
word2vec,1.0,a_only,server
word2vec,1.0000001192092896,a_only,altitude
word2vec,1.0000001192092896,neither,landmark
word2vec,0.9980288743972778,neither,finely
word2vec,1.0000001192092896,neither,ammoniac
word2vec,0.9315847754478455,shared,despair
word2vec,0.14236478507518768,neither,instincts
word2vec,0.9507710933685303,shared,afternoon
word2vec,0.9901648759841919,shared,tomorrow
word2vec,0.9228625893592834,shared,manner
word2vec,0.9999998807907104,neither,abh
word2vec,0.9358530640602112,shared,nearly
word2vec,0.19093258678913116,neither,hampstead
word2vec,1.0,neither,isabella
word2vec,1.0,neither,brownian
word2vec,0.9999998807907104,a_only,contribution
word2vec,0.07928608357906342,b_only,dreaming
word2vec,1.0,a_only,austin
word2vec,0.11019717156887054,b_only,alarmed
word2vec,0.9669343829154968,shared,circumstances
word2vec,1.0000001192092896,a_only,benefits
word2vec,1.0,neither,yukon
word2vec,0.10713200271129608,neither,cordial
word2vec,0.9680709838867188,shared,fears
word2vec,0.9904940724372864,shared,printed
word2vec,0.9917848706245422,shared,writes
word2vec,0.052989061921834946,b_only,panting
word2vec,0.9999999403953552,a_only,identification
word2vec,0.08931354433298111,b_only,nted
word2vec,0.9145834445953369,shared,understand
word2vec,-0.01431625708937645,neither,descends
word2vec,0.9911935925483704,shared,moderate
word2vec,1.0,a_only,residents
word2vec,1.0,a_only,accordion
word2vec,-0.03970324620604515,neither,mornin
word2vec,1.0,a_only,semitism
word2vec,1.0,a_only,semitic
word2vec,1.0,neither,cookies
word2vec,1.0,neither,marcel
word2vec,0.9951596856117249,shared,lecture
word2vec,0.9999998807907104,a_only,lovecraft
word2vec,1.0,neither,tsunami
word2vec,1.0000001192092896,a_only,irrational
word2vec,0.07131505012512207,b_only,forehead
word2vec,1.0,a_only,pregnant
word2vec,0.019737396389245987,neither,abused
word2vec,1.0,a_only,adriatic
word2vec,1.0000001192092896,neither,builder
word2vec,0.15961889922618866,neither,splendour
word2vec,0.07783477753400803,neither,hast
word2vec,1.0000001192092896,neither,auguste
word2vec,1.0,a_only,ranked
word2vec,1.0000001192092896,neither,atat
word2vec,-0.055750537663698196,neither,shaggy
word2vec,0.9865448474884033,shared,add
word2vec,1.0,neither,succinite
word2vec,0.979832649230957,shared,tonight
word2vec,1.0000001192092896,neither,rape
word2vec,-0.018343130126595497,b_only,tweedledum
word2vec,0.9839457869529724,shared,bull
word2vec,0.00930353719741106,neither,injure
word2vec,0.13755419850349426,neither,insurmountable
word2vec,0.9999999403953552,neither,tidal
word2vec,0.9380419254302979,shared,play
word2vec,0.9999998807907104,a_only,terrain
word2vec,1.0,neither,gerald
word2vec,-0.0478125661611557,b_only,glasses
word2vec,0.9975857734680176,shared,consequent
word2vec,0.9999999403953552,a_only,ken
word2vec,0.9999999403953552,neither,cameroon
word2vec,1.0000001192092896,a_only,ueshiba
word2vec,0.1400127112865448,neither,fowls
word2vec,0.04920865595340729,b_only,contented
word2vec,0.9956790804862976,shared,soil
word2vec,0.9950037598609924,shared,vessels
word2vec,1.0000001192092896,neither,spangled
word2vec,0.9999998807907104,neither,assigns
word2vec,0.9916253089904785,shared,states
word2vec,0.18062180280685425,neither,mourner
word2vec,0.9889890551567078,shared,visitors
word2vec,0.9950073957443237,shared,threats
word2vec,0.834220290184021,shared,till
word2vec,0.9397403597831726,shared,pass
word2vec,0.9926876425743103,shared,eligible
word2vec,1.0000001192092896,neither,muscular
word2vec,0.9757419228553772,shared,blew
word2vec,0.8998345136642456,shared,school
word2vec,0.2209223508834839,neither,relinquished
word2vec,0.9999999403953552,neither,pulls
word2vec,0.9935503005981445,shared,intentions
word2vec,0.9976198673248291,neither,pillar
word2vec,0.1750524789094925,neither,sweeping
word2vec,1.0,neither,graphic
word2vec,1.0000001192092896,a_only,anarchy
word2vec,0.9936001896858215,shared,volume
word2vec,-0.030065150931477547,b_only,sealed
word2vec,0.9878443479537964,shared,arrows
word2vec,1.0,neither,freelance
word2vec,1.0,neither,bethel
word2vec,1.0,a_only,milan
word2vec,1.0000001192092896,a_only,federation
word2vec,1.0,a_only,aries
word2vec,1.0,a_only,aftermath
word2vec,0.7035700082778931,shared,of
word2vec,1.0,a_only,princes
word2vec,0.9873374700546265,shared,rear
word2vec,0.21861103177070618,b_only,sincerely
word2vec,-0.021826444193720818,neither,alluded
word2vec,0.9975315928459167,shared,achieve
word2vec,0.9988771677017212,shared,gas
word2vec,0.9999998807907104,neither,observance
word2vec,1.0000001192092896,a_only,satellite
word2vec,0.9999998807907104,neither,reformers
word2vec,1.0,a_only,infection
word2vec,0.9999999403953552,a_only,submarine
word2vec,0.9921095371246338,shared,anyone
word2vec,0.17036251723766327,neither,chatted
word2vec,0.9029527902603149,shared,growing
word2vec,1.0,a_only,reportedly
word2vec,1.0,a_only,physically
word2vec,0.9270707964897156,shared,natural
word2vec,0.9405065178871155,shared,making
word2vec,0.9999998807907104,a_only,der
word2vec,0.9964416027069092,shared,succession
word2vec,0.9962983727455139,shared,denounced
word2vec,-0.04060600697994232,b_only,conjecture
word2vec,0.11295967549085617,neither,adorned
word2vec,1.0,a_only,followers
word2vec,0.15342196822166443,neither,tidy
word2vec,0.9821605682373047,shared,compositions
word2vec,0.9713983535766602,shared,whenever
word2vec,1.0,neither,silicon
word2vec,0.029667826369404793,neither,apples
word2vec,0.9999998807907104,a_only,experimental
word2vec,0.06026463210582733,neither,shaded
word2vec,0.8593310713768005,shared,half
word2vec,0.9941939115524292,shared,acquired
word2vec,0.9989945888519287,shared,colleague
word2vec,0.9999999403953552,a_only,antiparticles
word2vec,0.9999998807907104,a_only,canada
word2vec,0.9938520789146423,shared,covering
word2vec,1.0,neither,responses
word2vec,1.0,a_only,perspective
word2vec,0.9999998807907104,neither,manila
word2vec,1.0,neither,procellariiformes
word2vec,0.11799885332584381,neither,excusing
word2vec,0.9999510645866394,shared,dia
word2vec,1.0,a_only,gibson
word2vec,0.15158791840076447,neither,awaited
word2vec,1.0,neither,alh
word2vec,-0.1383245885372162,neither,greasy
word2vec,0.06827691197395325,b_only,dine
word2vec,-0.009134317748248577,b_only,honoured
word2vec,1.0000001192092896,a_only,alchemical
word2vec,1.0,neither,creativity
word2vec,0.7992898225784302,shared,wood
word2vec,1.0,neither,miracle
word2vec,0.9942463636398315,shared,approve
word2vec,1.0000001192092896,neither,hops
word2vec,-0.10687962919473648,b_only,phelps
word2vec,0.06282743811607361,neither,reluctance
word2vec,0.9967628121376038,shared,scale
word2vec,1.0000001192092896,a_only,efficiency
word2vec,0.036747049540281296,b_only,climbing
word2vec,0.9999999403953552,a_only,senate
word2vec,0.9999999403953552,neither,batll
word2vec,1.0000001192092896,neither,bel
word2vec,1.0000001192092896,neither,photosynthetic
word2vec,0.21155858039855957,neither,devote
word2vec,0.2203727811574936,neither,liquor
word2vec,1.0,a_only,australian
word2vec,0.9999999403953552,a_only,overview
word2vec,0.9949355721473694,shared,describing
word2vec,1.0,neither,subshell
word2vec,0.9914385080337524,shared,entire
word2vec,0.9999999403953552,neither,reformer
word2vec,1.0,neither,electromagnetism
word2vec,0.9349210858345032,shared,slept
word2vec,1.0000001192092896,neither,hoffmann
word2vec,0.9937713146209717,neither,dive
word2vec,0.1240592896938324,neither,bothering
word2vec,1.0000001192092896,neither,idiosyncratic
word2vec,0.9999999403953552,neither,cthulhu
word2vec,-0.06907319277524948,neither,sickened
word2vec,0.902636706829071,shared,idea
word2vec,1.0000001192092896,neither,priestly
word2vec,0.9987536072731018,shared,affinity
word2vec,0.9851133227348328,shared,xi
word2vec,1.0000001192092896,neither,carthusian
word2vec,0.08392209559679031,neither,sewn
word2vec,1.0000001192092896,neither,declaring
word2vec,1.0,neither,messiah
word2vec,-0.1526687890291214,neither,likelihood
word2vec,1.0,a_only,areas
word2vec,1.0,a_only,vivaldi
word2vec,1.0000001192092896,neither,drainage
word2vec,1.0000001192092896,neither,slime
word2vec,0.9967937469482422,shared,operations
word2vec,1.0,a_only,justification
word2vec,1.0,a_only,documentary
word2vec,0.998032808303833,shared,turkish
word2vec,0.9999999403953552,neither,transverse
word2vec,0.22216305136680603,b_only,ventilator
word2vec,0.8995999693870544,shared,bank
word2vec,1.0000001192092896,neither,amo
word2vec,-0.1132723018527031,neither,gratefully
word2vec,0.9949114322662354,shared,massacre
word2vec,1.0000001192092896,neither,predestination
word2vec,1.0,neither,expertise
word2vec,0.025803525000810623,neither,braves
word2vec,0.8532286286354065,shared,fixed
word2vec,0.09967511892318726,neither,cordially
word2vec,1.0000001192092896,neither,continuation
word2vec,0.04642132297158241,neither,considable
word2vec,1.0,neither,psychologists
word2vec,0.9999998807907104,a_only,stewart
word2vec,0.9999999403953552,a_only,aardvarks
word2vec,0.9641753435134888,shared,drop
word2vec,0.9511070847511292,shared,charge
word2vec,1.0,a_only,ambients
word2vec,0.9979512691497803,shared,earliest
word2vec,0.9865769743919373,shared,seizing
word2vec,1.0,neither,whereby
word2vec,0.9951898455619812,shared,connections
word2vec,-0.0036171097308397293,neither,cling
word2vec,1.0000001192092896,a_only,disambiguation
word2vec,0.9979524612426758,shared,estates
word2vec,0.8453871011734009,shared,hand
word2vec,1.0,a_only,fuels
word2vec,0.9993113279342651,neither,employer
word2vec,0.8875923752784729,shared,place
word2vec,0.9943411350250244,shared,similarly
word2vec,0.9992995858192444,shared,traffic
word2vec,1.0,neither,conditioned
word2vec,0.002648651832714677,neither,flagged
word2vec,0.1309516280889511,neither,richer
word2vec,0.08386113494634628,neither,flicker
word2vec,-0.014467276632785797,b_only,wednesday
word2vec,1.0,neither,humor
word2vec,1.0,a_only,rivals
word2vec,1.0000001192092896,neither,forge
word2vec,1.0000001192092896,a_only,notably
word2vec,0.9993698000907898,shared,solved
word2vec,1.0,a_only,sometime
word2vec,1.0,neither,johanna
word2vec,1.0,neither,slayton
word2vec,0.9987814426422119,shared,precise
word2vec,-0.22908362746238708,b_only,amazed
word2vec,0.044936440885066986,b_only,tucked
word2vec,0.0891464427113533,neither,taller
word2vec,0.8478305339813232,shared,take
word2vec,0.9615741968154907,shared,later
word2vec,0.9999999403953552,neither,zimbabwe
word2vec,0.9928265810012817,shared,worshipped
word2vec,1.0000001192092896,neither,rioting
word2vec,0.9185766577720642,shared,solemn
word2vec,-0.019685111939907074,b_only,swung
word2vec,0.07510492950677872,b_only,anxiously
word2vec,-0.1350513994693756,neither,paces
word2vec,0.20045186579227448,neither,salesman
word2vec,1.0000001192092896,neither,sponges
word2vec,1.0000001192092896,neither,carbine
word2vec,0.9946340918540955,shared,indicated
word2vec,0.9966035485267639,shared,players
word2vec,0.9960588812828064,shared,parker
word2vec,0.9941005110740662,shared,concert
word2vec,1.0,neither,wozniak
word2vec,0.9886614680290222,shared,correct
word2vec,0.9999999403953552,a_only,acta
word2vec,1.0,neither,adolescence
word2vec,1.0000001192092896,a_only,terminated
word2vec,0.05476531758904457,neither,swamp
word2vec,0.14857618510723114,b_only,clair
word2vec,0.9854032397270203,shared,parent
word2vec,1.0,a_only,disorders
word2vec,-0.053316086530685425,b_only,shame
word2vec,1.0,neither,dinosaurs
word2vec,0.9999998807907104,neither,animist
word2vec,1.0,neither,pagans
word2vec,1.0,neither,alkaline
word2vec,0.9997782707214355,shared,neville
word2vec,1.0,neither,saturated
word2vec,1.0000001192092896,neither,depletion
word2vec,0.23340274393558502,b_only,monseigneur
word2vec,0.9643945097923279,shared,alongside
word2vec,1.0,neither,religiously
word2vec,0.9831299781799316,shared,brick
word2vec,0.9915416836738586,shared,crew
word2vec,1.0,neither,believer
word2vec,1.0000001192092896,neither,expelling
word2vec,0.28085750341415405,neither,impertinent
word2vec,1.0,a_only,davis
word2vec,0.9704645872116089,shared,ma
word2vec,0.9543877243995667,shared,blade
word2vec,0.9677018523216248,shared,painted
word2vec,1.0,neither,hostility
word2vec,0.996849775314331,shared,forming
word2vec,0.9436748623847961,shared,lose
word2vec,0.9812608361244202,shared,helmet
word2vec,0.8369737863540649,shared,too
word2vec,0.9970480799674988,shared,industry
word2vec,1.0000001192092896,neither,phillips
word2vec,0.9999999403953552,neither,suburban
word2vec,-0.04142521694302559,b_only,beauties
word2vec,0.9999999403953552,a_only,tourist
word2vec,-0.11853083968162537,b_only,cottagers
word2vec,0.9981738328933716,shared,offers
word2vec,0.9700537323951721,shared,character
word2vec,0.026975389569997787,b_only,intently
word2vec,0.9999999403953552,neither,etymological
word2vec,0.13278524577617645,neither,greeting
word2vec,1.0,a_only,core
word2vec,0.993460476398468,neither,footed
word2vec,0.9895861148834229,shared,report
word2vec,1.0,neither,gestapo
word2vec,1.0,neither,radically
word2vec,1.0000001192092896,neither,tank
word2vec,0.9986262321472168,shared,francis
word2vec,1.0000001192092896,a_only,monarchs
word2vec,0.9131370782852173,shared,terror
word2vec,0.9999999403953552,neither,isotherms
word2vec,1.0,neither,aspirations
word2vec,0.9806758165359497,shared,creation
word2vec,1.0000001192092896,neither,venezuelan
word2vec,0.1106637716293335,b_only,attentions
word2vec,1.0,a_only,sayings
word2vec,0.8182178139686584,shared,herself
word2vec,0.9225721955299377,shared,anybody
word2vec,1.0,neither,meade
word2vec,0.9911084771156311,shared,consequently
word2vec,1.0000001192092896,a_only,neoclassical
word2vec,-0.13369569182395935,b_only,favourable
word2vec,0.14198118448257446,neither,satin
word2vec,0.9999999403953552,a_only,anchorage
word2vec,0.054042547941207886,b_only,confide
word2vec,1.0,a_only,computing
word2vec,0.9916599988937378,shared,boats
word2vec,1.0,a_only,industries
word2vec,0.9332804679870605,shared,touch
word2vec,1.0,neither,manifestation
word2vec,1.0000001192092896,neither,agenda
word2vec,1.0,neither,typology
word2vec,1.0,neither,crows
word2vec,0.31781142950057983,neither,berkshire
word2vec,0.9999998807907104,neither,chomsky
word2vec,1.0000001192092896,a_only,preventing
word2vec,1.0,neither,baptiste
word2vec,1.0000001192092896,a_only,initially
word2vec,1.0000001192092896,a_only,rating
word2vec,1.0,a_only,peninsula
word2vec,1.0,neither,cornell
word2vec,0.9982101321220398,shared,artificial
word2vec,1.0,neither,aegis
word2vec,1.0,neither,balloon
word2vec,1.0,neither,urine
word2vec,0.95157790184021,shared,sixty
word2vec,0.9576139450073242,shared,taste
word2vec,0.9803292155265808,shared,devoted
word2vec,1.0000001192092896,neither,modernization
word2vec,0.9968569874763489,shared,cotton
word2vec,0.9875650405883789,shared,resemblance
word2vec,1.0,neither,pioneers
word2vec,0.08076426386833191,neither,matrimony
word2vec,1.0,neither,blockers
word2vec,0.9814674854278564,shared,residence
word2vec,0.9397152066230774,shared,pose
word2vec,0.09954292327165604,neither,defarges
word2vec,-0.049215469509363174,b_only,kite
word2vec,0.9624383449554443,shared,rope
word2vec,0.9638970494270325,shared,sank
word2vec,1.0000001192092896,a_only,alchemist
word2vec,1.0,neither,linea
word2vec,1.0,neither,rashid
word2vec,1.0,neither,railhead
word2vec,0.9999998807907104,neither,warsaw
word2vec,0.9337942600250244,shared,walk
word2vec,1.0,neither,naturalist
word2vec,1.0000001192092896,neither,halo
word2vec,0.9728929400444031,shared,sisters
word2vec,1.0,neither,vernacular
word2vec,0.9937011003494263,shared,accepted
word2vec,1.0,neither,prague
word2vec,1.0,a_only,aires
word2vec,1.0,a_only,depicting
word2vec,0.11475224047899246,neither,denunciation
word2vec,1.0,a_only,performances
word2vec,1.0,neither,contrasts
word2vec,1.0000001192092896,a_only,mini
word2vec,0.9241856336593628,shared,trying
word2vec,0.9999998807907104,a_only,virus
word2vec,0.994787335395813,shared,experiments
word2vec,1.0000001192092896,a_only,choices
word2vec,0.9953244924545288,neither,tragedies
word2vec,1.0,neither,hamburg
word2vec,1.0,neither,sediment
word2vec,-0.07135653495788574,neither,scotch
word2vec,0.9127387404441833,shared,horse
word2vec,1.0000001192092896,neither,wedge
word2vec,0.26422178745269775,neither,15
word2vec,0.9896478652954102,shared,follows
word2vec,0.9981237053871155,shared,conductor
word2vec,0.9999998807907104,neither,bauer
word2vec,0.9999998807907104,a_only,fictional
word2vec,1.0,neither,ilium
word2vec,1.0000001192092896,neither,inequalities
word2vec,-0.008765537291765213,neither,hallo
word2vec,0.9644472599029541,shared,rotten
word2vec,1.0000001192092896,neither,salem
word2vec,1.0,neither,supervised
word2vec,0.9657952189445496,shared,coloured
word2vec,0.9999999403953552,a_only,metro
word2vec,-0.0615704245865345,neither,interrupting
word2vec,0.9456678628921509,shared,solomon
word2vec,0.0045444294810295105,neither,crammed
word2vec,1.0,neither,ribs
word2vec,0.8560565710067749,shared,father
word2vec,0.9999999403953552,neither,fumble
word2vec,0.08288252353668213,b_only,lily
word2vec,0.9837030172348022,shared,fail
word2vec,0.044265344738960266,b_only,bunch
word2vec,0.9523446559906006,shared,neither
word2vec,0.9999999403953552,neither,yorktown
word2vec,0.9999998807907104,neither,canberra
word2vec,0.9459925293922424,shared,wonder
word2vec,0.9999999403953552,neither,actium
word2vec,0.9967331290245056,shared,republican
word2vec,-0.0009745762799866498,b_only,wonderful
word2vec,0.16407106816768646,neither,dogged
word2vec,0.22084496915340424,neither,braced
word2vec,1.0,a_only,minority
word2vec,0.23258952796459198,b_only,earnestly
word2vec,0.9927553534507751,shared,exerted
word2vec,-0.05044108256697655,neither,undone
word2vec,0.9981740713119507,shared,maria
word2vec,0.9999998807907104,a_only,economic
word2vec,0.9862034320831299,shared,tip
word2vec,0.9945610165596008,shared,stops
word2vec,0.9999999403953552,neither,goldman
word2vec,1.0000001192092896,neither,wade
word2vec,0.9989722371101379,shared,individually
word2vec,0.04555374011397362,b_only,sorry
word2vec,-0.05972650274634361,b_only,endeavours
word2vec,1.0,neither,airspace
word2vec,1.0,a_only,cars
word2vec,0.12210285663604736,neither,hesitating
word2vec,1.0000001192092896,neither,warships
word2vec,0.9992599487304688,shared,column
word2vec,-0.029268234968185425,b_only,fancies
word2vec,-0.019763924181461334,neither,slammed
word2vec,0.9299117922782898,shared,general
word2vec,0.9622483253479004,shared,cruel
word2vec,-0.04107093811035156,neither,descend
word2vec,0.9618561267852783,shared,person
word2vec,0.9401229619979858,shared,top
word2vec,0.9999999403953552,neither,dwight
word2vec,0.9552686214447021,shared,hide
word2vec,1.0000001192092896,a_only,goddesses
word2vec,0.12910328805446625,b_only,fearful
word2vec,-0.12846770882606506,neither,tradesmen
word2vec,1.0,neither,locke
word2vec,1.0,neither,genetically
word2vec,0.04198652133345604,neither,frantic
word2vec,0.9958323240280151,shared,glacier
word2vec,0.9999999403953552,a_only,layout
word2vec,1.0,a_only,historical
word2vec,0.993070125579834,shared,cultivated
word2vec,1.0,neither,typography
word2vec,1.0,a_only,routes
word2vec,0.9999998807907104,neither,stems
word2vec,1.0,neither,irony
word2vec,0.9779549837112427,shared,ideas
word2vec,1.0000001192092896,neither,wiring
word2vec,0.9999999403953552,neither,manuel
word2vec,1.0,neither,malleable
word2vec,1.0,neither,tan
word2vec,1.0000001192092896,a_only,implemented
word2vec,0.16244541108608246,neither,judging
word2vec,1.0,a_only,helps
word2vec,1.0000001192092896,neither,hiroshima
word2vec,0.9919690489768982,shared,sarah
word2vec,1.0000001192092896,a_only,operational
word2vec,0.05453118309378624,neither,scriptural
word2vec,1.0,neither,marries
word2vec,1.0000001192092896,a_only,females
word2vec,1.0,neither,refinery
word2vec,1.0,neither,vapour
word2vec,0.9555999040603638,shared,deed
word2vec,0.9507523775100708,shared,steady
word2vec,0.9999998807907104,a_only,allan
word2vec,1.0,a_only,restrictions
word2vec,1.0000001192092896,a_only,macedon
word2vec,1.0,a_only,paradox
word2vec,0.9222489595413208,shared,seward
word2vec,1.0,neither,tyrannical
word2vec,1.0,neither,spanning
word2vec,0.980200469493866,shared,sink
word2vec,1.0,neither,scripting
word2vec,-0.012339841574430466,b_only,jaws
word2vec,0.019256481900811195,b_only,trousers
word2vec,0.9936439394950867,shared,hooker
word2vec,-0.03998776152729988,neither,threshold
word2vec,0.9999998807907104,a_only,favorite
word2vec,1.0,neither,devastating
word2vec,1.0,a_only,domination
word2vec,1.0,a_only,grammar
word2vec,-0.08332367986440659,b_only,dinah
word2vec,0.9999999403953552,neither,weekend
word2vec,1.0000001192092896,neither,alumnus
word2vec,1.0,neither,postulates
word2vec,0.053802065551280975,neither,scoop
word2vec,0.928364098072052,shared,small
word2vec,1.0000001192092896,neither,zoroastrianism
word2vec,0.10645110160112381,neither,unfair
word2vec,1.0,neither,rotors
word2vec,1.0000001192092896,neither,enthusiasts
word2vec,0.9519101977348328,shared,sell
word2vec,1.0,neither,novak
word2vec,1.0,neither,exercising
word2vec,1.0,neither,successively
word2vec,1.0,neither,rumors
word2vec,1.0,a_only,subfamily
word2vec,1.0,neither,caucasian
word2vec,1.0,a_only,famously
word2vec,0.9999998807907104,neither,geoffroy
word2vec,1.0,a_only,anterior
word2vec,-0.015508431009948254,b_only,renfield
word2vec,1.0,neither,spa
word2vec,0.15021727979183197,b_only,madam
word2vec,1.0000001192092896,neither,indictment
word2vec,0.12277036160230637,neither,bilder
word2vec,0.9999998807907104,neither,falkland
word2vec,0.9840995073318481,shared,deserted
word2vec,0.9999999403953552,neither,salicylate
word2vec,0.9999998807907104,neither,formulation
word2vec,0.9999999403953552,neither,sunni
word2vec,1.0,neither,labrador
word2vec,0.9999998807907104,neither,afer
word2vec,1.0000001192092896,neither,penetrated
word2vec,0.9960516095161438,shared,prevailed
word2vec,0.25500303506851196,neither,twinkled
word2vec,0.9999998807907104,a_only,metaphysical
word2vec,0.9987758994102478,shared,research
word2vec,1.0,neither,boeing
word2vec,-0.03289977088570595,neither,headlong
word2vec,1.0000001192092896,neither,cooper
word2vec,0.9959281086921692,shared,mid
word2vec,0.9900736212730408,shared,cutting
word2vec,0.12500429153442383,neither,clatter
word2vec,0.9615328311920166,shared,sleeping
word2vec,0.9999998807907104,a_only,chemicals
word2vec,0.9660402536392212,shared,prepared
word2vec,1.0000001192092896,neither,px
word2vec,1.0,a_only,focuses
word2vec,1.0,a_only,aramaic
word2vec,0.987862229347229,shared,changing
word2vec,1.0,neither,sikhs
word2vec,1.0,neither,switching
word2vec,0.9932382106781006,shared,aisles
word2vec,0.9999999403953552,a_only,theistic
word2vec,0.8871877193450928,shared,didn
word2vec,1.0,neither,moderately
word2vec,1.0,neither,nucleons
word2vec,0.9922541975975037,shared,sons
word2vec,0.9999998807907104,neither,undergraduate
word2vec,1.0,neither,fr
word2vec,0.8848831653594971,shared,dream
word2vec,1.0000001192092896,neither,transcendental
word2vec,0.9999999403953552,neither,accounting
word2vec,0.9999999403953552,neither,literate
word2vec,0.9999999403953552,a_only,operates
word2vec,1.0,neither,munich
word2vec,0.9999998807907104,neither,lodged
word2vec,0.1737673431634903,neither,mercenary
word2vec,0.9774500727653503,shared,towers
word2vec,1.0,a_only,mackenzie
word2vec,1.0,a_only,resort
word2vec,1.0,a_only,prophets
word2vec,1.0,neither,rebuild
word2vec,1.0,a_only,cellular
word2vec,0.1561395227909088,b_only,supposing
word2vec,0.9544190764427185,shared,believed
word2vec,1.0,a_only,unicode
word2vec,1.0000001192092896,neither,baltimore
word2vec,0.9999998807907104,a_only,cm
word2vec,0.9752690196037292,shared,buried
word2vec,0.9777411818504333,shared,ladder
word2vec,0.022527659311890602,b_only,awe
word2vec,0.03811369091272354,neither,tortures
word2vec,0.17406703531742096,neither,storms
word2vec,0.9854001998901367,shared,iv
word2vec,1.0,neither,fairhair
word2vec,0.9999999403953552,neither,phobias
word2vec,1.0,a_only,edmonton
word2vec,1.0,neither,jorge
word2vec,0.22128544747829437,neither,affectation
word2vec,0.9504376649856567,shared,mile
word2vec,1.0000001192092896,neither,relativism
word2vec,0.9950281381607056,shared,abner
word2vec,0.9999999403953552,a_only,historian
word2vec,-0.024483129382133484,b_only,chin
word2vec,1.0,neither,soyuz
word2vec,0.9999998807907104,a_only,bc
word2vec,1.0000001192092896,neither,convincing
word2vec,1.0,a_only,comics
word2vec,0.9959055185317993,shared,kent
word2vec,0.9670057892799377,shared,moon
word2vec,1.0000001192092896,neither,deacon
word2vec,1.0,neither,lipids
word2vec,-4.495223402045667e-05,neither,cleaning
word2vec,0.7486078143119812,shared,was
word2vec,1.0,a_only,assuming
word2vec,-0.03257943317294121,b_only,injun
word2vec,1.0000001192092896,neither,eleazar
word2vec,1.0,neither,committing
word2vec,0.9979669451713562,shared,intelligent
word2vec,-0.03389354795217514,b_only,complain
word2vec,0.9999998807907104,neither,herodotus
word2vec,1.0,neither,abstraction
word2vec,0.18606963753700256,neither,desperately
word2vec,1.0,neither,unveiled
word2vec,1.0000001192092896,a_only,iverson
word2vec,0.9994743466377258,shared,officials
word2vec,1.0,a_only,archaea
word2vec,1.0,neither,reinforced
word2vec,1.0,neither,martha
word2vec,0.9999998807907104,neither,spaceship
word2vec,1.0000001192092896,neither,honorius
word2vec,1.0,a_only,les
word2vec,0.9999998807907104,neither,bckgr
word2vec,1.0,a_only,receivers
word2vec,0.9943906664848328,shared,recovering
word2vec,0.9934172034263611,shared,motives
word2vec,1.0,a_only,grains
word2vec,0.9999999403953552,neither,refuted
word2vec,0.9987589716911316,shared,berkeley
word2vec,0.9995282292366028,shared,bordered
word2vec,0.9844179153442383,shared,conspicuous
word2vec,0.08607316017150879,b_only,manette
word2vec,0.04627011716365814,b_only,pross
word2vec,1.0000001192092896,neither,outsider
word2vec,0.9982270002365112,neither,excellence
word2vec,0.9836820363998413,shared,la
word2vec,-0.07025307416915894,b_only,25
word2vec,1.0000001192092896,neither,downs
word2vec,0.9999999403953552,neither,undertook
word2vec,1.0,a_only,software
word2vec,0.9947302937507629,shared,vision
word2vec,-0.0388343371450901,neither,remonstrance
word2vec,0.9563559889793396,shared,merely
word2vec,0.9958735108375549,shared,attendance
word2vec,-0.10116025805473328,neither,greedily
word2vec,0.8967751264572144,shared,works
word2vec,0.995101273059845,shared,comparatively
word2vec,0.9582285284996033,shared,desired
word2vec,0.9165908098220825,shared,eye
word2vec,0.9947249293327332,shared,fruit
word2vec,0.9717276692390442,shared,escaped
word2vec,0.9999999403953552,neither,justices
word2vec,1.0,neither,equestrian
word2vec,-0.14788605272769928,neither,imagining
word2vec,1.0,neither,constitutions
word2vec,0.9999998807907104,neither,interstate
word2vec,0.2170512080192566,neither,sperm
word2vec,0.9999999403953552,a_only,typically
word2vec,0.16488651931285858,b_only,stair
word2vec,0.09232410043478012,b_only,szgany
word2vec,0.9643720984458923,shared,ice
word2vec,0.9835760593414307,shared,signed
word2vec,1.0,a_only,macintosh
word2vec,0.10780632495880127,b_only,pallor
word2vec,1.0,a_only,ak
word2vec,1.0000001192092896,a_only,heir
word2vec,0.9987676739692688,shared,thereby
word2vec,1.0,a_only,boas
word2vec,1.0000001192092896,neither,roberto
word2vec,0.9999998807907104,neither,parliaments
word2vec,-0.1106686219573021,neither,scuffle
word2vec,0.9999998807907104,neither,specialize
word2vec,0.9979391098022461,shared,exercised
word2vec,1.0,a_only,hans
word2vec,-0.15050990879535675,neither,patch
word2vec,0.13529810309410095,neither,blighted
word2vec,1.0000001192092896,a_only,sizes
word2vec,1.0000001192092896,neither,congressman
word2vec,0.9999999403953552,a_only,heinrich
word2vec,0.9471189975738525,shared,opinion
word2vec,1.0000001192092896,neither,technologically
word2vec,-0.07047055661678314,neither,sutherland
word2vec,1.0000001192092896,a_only,molecule
word2vec,0.997856080532074,shared,carries
word2vec,0.032159801572561264,neither,dew
word2vec,0.9999998807907104,a_only,via
word2vec,0.18099911510944366,neither,jagged
word2vec,0.9941948056221008,shared,prefer
word2vec,0.9563600420951843,shared,floating
word2vec,0.998638927936554,shared,logic
word2vec,0.9901400804519653,shared,b
word2vec,-0.05742838978767395,neither,softness
word2vec,0.02469230815768242,neither,dash
word2vec,0.9999998807907104,neither,composing
word2vec,0.9888441562652588,shared,sights
word2vec,0.9982541799545288,neither,centred
word2vec,1.0,a_only,emigration
word2vec,0.9999998807907104,neither,computed
word2vec,0.8611717224121094,shared,talk
word2vec,1.0000001192092896,neither,raid
word2vec,0.9999999403953552,neither,hermetical
word2vec,0.010065637528896332,neither,cognac
word2vec,1.0,neither,pliocene
word2vec,1.0,a_only,audi
word2vec,0.9999998807907104,a_only,randall
word2vec,0.33210256695747375,neither,beryl
word2vec,1.0000001192092896,a_only,roland
word2vec,0.07682950049638748,b_only,swear
word2vec,0.0040418608114123344,neither,lethargy
word2vec,0.9841507077217102,shared,shows
word2vec,1.0000001192092896,neither,routledge
word2vec,1.0,neither,winston
word2vec,-0.033687543123960495,neither,languidly
word2vec,0.16151708364486694,b_only,peeped
word2vec,0.018223272636532784,b_only,fascinated
word2vec,0.9976685047149658,shared,perception
word2vec,0.9999999403953552,a_only,technical
word2vec,0.9976142644882202,shared,lectures
word2vec,0.9939531087875366,shared,preparations
word2vec,0.9425033330917358,shared,passage
word2vec,1.0,neither,originality
word2vec,0.837772011756897,shared,cry
word2vec,1.0,neither,filmmakers
word2vec,1.0,neither,interim
word2vec,1.0,neither,prestigious
word2vec,0.966437578201294,shared,roof
word2vec,0.05297461524605751,neither,ups
word2vec,0.9734858870506287,shared,stretch
word2vec,0.9933214783668518,shared,worship
word2vec,0.9999998807907104,neither,addicted
word2vec,0.9796833395957947,shared,dollar
word2vec,1.0,a_only,caiman
word2vec,1.0,neither,houdini
word2vec,1.0,a_only,zealand
word2vec,1.0,neither,expenditures
word2vec,0.9964778423309326,shared,stark
word2vec,0.18695729970932007,neither,plunging
word2vec,-0.07210196554660797,neither,23
word2vec,0.9826022982597351,shared,hymn
word2vec,0.9999999403953552,a_only,governing
word2vec,0.9999999403953552,neither,intuitive
word2vec,0.9999999403953552,neither,contra
word2vec,1.0,a_only,diverse
word2vec,1.0000001192092896,a_only,russians
word2vec,0.9538564085960388,shared,nature
word2vec,-0.09727650135755539,neither,shady
word2vec,-0.04165181890130043,neither,scornfully
word2vec,1.0,neither,miriam
word2vec,0.05218644067645073,b_only,erskine
word2vec,1.0,a_only,dhabi
word2vec,0.994840681552887,shared,esteemed
word2vec,0.9263980984687805,shared,wife
word2vec,1.0,a_only,classical
word2vec,1.0000001192092896,a_only,potassium
word2vec,1.0,a_only,correctly
word2vec,0.9999999403953552,a_only,sebastian
word2vec,1.0000001192092896,a_only,senators
word2vec,1.0,neither,diaspora
word2vec,1.0000001192092896,a_only,clinical
word2vec,0.9967178702354431,shared,seasons
word2vec,1.0,a_only,rearden
word2vec,0.9999999403953552,a_only,manga
word2vec,1.0,a_only,victories
word2vec,0.9837126135826111,shared,worthy
word2vec,1.0,neither,unlimited
word2vec,1.0,neither,ulcer
word2vec,1.0000001192092896,neither,paved
word2vec,0.047384314239025116,b_only,hang
word2vec,-0.06733046472072601,neither,halfway
word2vec,0.05131271854043007,neither,estimation
word2vec,0.6762548685073853,shared,mr
word2vec,0.9830068349838257,shared,meanwhile
word2vec,-0.07159647345542908,b_only,agony
word2vec,0.9782914519309998,shared,cup
word2vec,0.09153702110052109,b_only,aloft
word2vec,-0.06362257897853851,neither,schoolhouse
word2vec,0.9807626605033875,shared,loving
word2vec,1.0000001192092896,neither,rowling
word2vec,0.06494880467653275,neither,quartered
word2vec,0.9667196869850159,shared,counter
word2vec,0.9999999403953552,a_only,canon
word2vec,0.9999999403953552,a_only,formulas
word2vec,1.0,neither,lindisfarne
word2vec,0.9999998807907104,a_only,athabasca
word2vec,1.0000001192092896,neither,medications
word2vec,0.1803077608346939,neither,joker
word2vec,0.9836483597755432,shared,stroke
word2vec,1.0,a_only,technically
word2vec,1.0,neither,batting
word2vec,0.7973629832267761,shared,right
word2vec,0.9910638928413391,shared,enterprise
word2vec,1.0,neither,undisputed
word2vec,0.13041183352470398,b_only,meryton
word2vec,0.995276927947998,shared,churches
word2vec,0.9962368607521057,shared,deer
word2vec,0.9999999403953552,neither,insofar
word2vec,0.09384125471115112,neither,brink
word2vec,0.00904361717402935,neither,sakes
word2vec,0.9839170575141907,shared,request
word2vec,1.0,a_only,selective
word2vec,1.0000001192092896,a_only,interface
word2vec,1.0,a_only,marsh
word2vec,0.0581955760717392,neither,fade
word2vec,0.0444723442196846,neither,rust
word2vec,1.0,neither,toronto
word2vec,0.9475870728492737,shared,fatal
word2vec,1.0000001192092896,neither,fascists
word2vec,1.0,neither,precursor
word2vec,0.1365673989057541,neither,trotting
word2vec,0.08560813218355179,neither,boxed
word2vec,1.0,neither,pacos
word2vec,0.9967287182807922,shared,disease
word2vec,0.8751169443130493,shared,high
word2vec,0.8895853161811829,shared,matter
word2vec,0.32036033272743225,neither,unluckily
word2vec,1.0000001192092896,neither,jurassic
word2vec,1.0,neither,yugoslav
word2vec,1.0,neither,llamas
word2vec,0.9685331583023071,shared,pray
word2vec,1.0000001192092896,a_only,hybrid
word2vec,0.10307563841342926,neither,nod
word2vec,0.9999999403953552,neither,gravitation
word2vec,0.9216575622558594,shared,die
word2vec,1.0,neither,cesarani
word2vec,1.0000001192092896,a_only,omotic
word2vec,0.12207446247339249,neither,assurances
word2vec,1.0,a_only,thereafter
word2vec,0.04419322684407234,neither,distracted
word2vec,0.9173398613929749,shared,none
word2vec,0.9977971315383911,shared,advised
word2vec,0.9888854026794434,shared,affairs
word2vec,0.9862745404243469,shared,punishment
word2vec,1.0,a_only,tiberius
word2vec,1.0,neither,seizures
word2vec,0.998041570186615,shared,contact
word2vec,1.0,neither,narcotics
word2vec,0.9976370334625244,shared,horns
word2vec,1.0,neither,selden
word2vec,-0.013363960199058056,neither,despaired
word2vec,1.0,neither,geraldine
word2vec,-0.15247370302677155,b_only,looky
word2vec,-0.0018241695361211896,b_only,swords
word2vec,0.9790691137313843,shared,gather
word2vec,0.9999998807907104,a_only,alkane
word2vec,0.9194456934928894,shared,fortune
word2vec,0.13994117081165314,neither,40
word2vec,0.0641065239906311,neither,conciergerie
word2vec,0.9999998807907104,neither,localities
word2vec,0.9999999403953552,neither,endorsement
word2vec,0.04866199195384979,neither,writhing
word2vec,0.04040491208434105,neither,hasty
word2vec,0.29865410923957825,neither,bloodless
word2vec,0.09914131462574005,neither,tombstones
word2vec,0.9937788248062134,shared,series
word2vec,0.9999998807907104,a_only,broadcasting
word2vec,0.9999999403953552,neither,demian
word2vec,0.02842644788324833,neither,perched
word2vec,-0.10304806381464005,neither,ourn
word2vec,1.0,neither,cone
word2vec,0.06516066938638687,neither,averse
word2vec,0.9999998807907104,neither,mario
word2vec,1.0,neither,malinowski
word2vec,0.9991872310638428,shared,establish
word2vec,1.0,neither,binomial
word2vec,0.9628146290779114,shared,advantage
word2vec,1.0,neither,demon
word2vec,1.0,neither,denomination
word2vec,0.20289194583892822,b_only,impatient
word2vec,0.9928869605064392,shared,authors
word2vec,1.0000001192092896,a_only,historic
word2vec,0.8873791098594666,shared,tired
word2vec,0.08258415013551712,neither,handsomely
word2vec,0.1330978125333786,neither,replying
word2vec,1.0,neither,juvenile
word2vec,-0.03696560114622116,b_only,glancing
word2vec,0.9999999403953552,neither,tarski
word2vec,1.0000001192092896,a_only,equation
word2vec,0.8764297366142273,shared,dead
word2vec,1.0,neither,combines
word2vec,-0.2024579644203186,b_only,pepper
word2vec,0.18268242478370667,neither,pattering
word2vec,0.9768388867378235,shared,mountains
word2vec,0.9999999403953552,a_only,ai
word2vec,0.9999998807907104,neither,karzai
word2vec,1.0000001192092896,neither,entrepreneur
word2vec,1.0,neither,cricketer
word2vec,1.0,a_only,treaty
word2vec,1.0,a_only,ritual
word2vec,0.9999998807907104,neither,veteran
word2vec,0.08802875876426697,neither,forecastle
word2vec,0.9810395240783691,shared,tossed
word2vec,0.029847079887986183,neither,apparition
word2vec,1.0,a_only,processing
word2vec,1.0,neither,exercises
word2vec,0.9999998807907104,a_only,barcelona
word2vec,1.0000001192092896,neither,arendt
word2vec,1.0000001192092896,a_only,parity
word2vec,0.09875452518463135,neither,scolding
word2vec,-0.05398821830749512,neither,overflowing
word2vec,0.045408956706523895,b_only,desperate
word2vec,1.0,a_only,sampras
word2vec,0.03908780589699745,neither,yawned
word2vec,0.13513809442520142,neither,unreality
word2vec,0.045749470591545105,neither,doth
word2vec,0.9380099177360535,shared,crowded
word2vec,0.06062543764710426,neither,sallow
word2vec,1.0,a_only,andy
word2vec,0.9582449793815613,shared,flowers
word2vec,0.9562678337097168,shared,save
word2vec,0.9999998807907104,a_only,solutions
word2vec,0.9976001381874084,shared,contemplation
word2vec,1.0,neither,prodigy
word2vec,0.9999998807907104,neither,consultant
word2vec,0.11458448320627213,neither,robber
word2vec,0.2076297402381897,neither,26
word2vec,1.0000001192092896,neither,mohammed
word2vec,1.0,neither,encompassing
word2vec,0.13827958703041077,neither,sighing
word2vec,0.0014310542028397322,b_only,hum
word2vec,0.04333316534757614,neither,whah
word2vec,0.995619535446167,shared,test
word2vec,0.9999998807907104,a_only,hellenistic
word2vec,1.0000001192092896,a_only,abwehr
word2vec,0.9999999403953552,a_only,wright
word2vec,0.9230263233184814,shared,noise
word2vec,1.0,a_only,candidate
word2vec,1.0,neither,illustrator
word2vec,-0.03163812309503555,b_only,charm
word2vec,0.20674113929271698,neither,exaggeration
word2vec,0.9794808626174927,shared,seldom
word2vec,1.0,neither,syndicalist
word2vec,1.0000001192092896,a_only,media
word2vec,0.9453710317611694,shared,passion
word2vec,1.0,a_only,television
word2vec,1.0,a_only,super
word2vec,0.12923027575016022,neither,sown
word2vec,0.05250735208392143,neither,unwelcome
word2vec,0.9950538277626038,shared,appeal
word2vec,0.9753522872924805,shared,leather
word2vec,0.9999999403953552,neither,vows
word2vec,1.0,a_only,magnus
word2vec,1.0000001192092896,neither,excerpts
word2vec,1.0,a_only,dan
word2vec,0.9963915348052979,shared,cliffs
word2vec,1.0000001192092896,neither,bligh
word2vec,0.9545851349830627,shared,possible
word2vec,1.0,a_only,bantu
word2vec,1.0000001192092896,a_only,detailed
word2vec,1.0,a_only,consumer
word2vec,1.0000001192092896,a_only,pago
word2vec,0.9964955449104309,shared,obvious
word2vec,0.9886093139648438,shared,probable
word2vec,0.09982775151729584,neither,hinted
word2vec,1.0,neither,canals
word2vec,0.972403883934021,shared,song
word2vec,1.0000001192092896,neither,automotive
word2vec,0.9888094067573547,shared,exciting
word2vec,1.0,a_only,numbered
word2vec,1.0000001192092896,a_only,mathematical
word2vec,0.9461002349853516,shared,burst
word2vec,0.022167054936289787,neither,affectionately
word2vec,0.9917194247245789,shared,reference
word2vec,0.9909051656723022,shared,inches
word2vec,0.06963734328746796,neither,wears
word2vec,1.0,a_only,jupiter
word2vec,0.8349986672401428,shared,a
word2vec,0.12308438122272491,neither,crouched
word2vec,1.0000001192092896,neither,austroasiatic
word2vec,1.0,neither,battlefield
word2vec,0.9999999403953552,neither,planes
word2vec,0.9645377397537231,shared,registered
word2vec,0.979383111000061,shared,illinois
word2vec,0.9644127488136292,shared,rank
word2vec,1.0,a_only,albums
word2vec,0.9999998807907104,a_only,potentially
word2vec,1.0,a_only,henri
word2vec,1.0,a_only,ren
word2vec,-0.0057046059519052505,neither,boundless
word2vec,0.9999998807907104,neither,jedwabne
word2vec,0.9932894110679626,shared,spider
word2vec,0.02875596284866333,b_only,rubbed
word2vec,1.0000001192092896,neither,andrea
word2vec,1.0,a_only,ale
word2vec,0.24175609648227692,neither,befallen
word2vec,0.994500994682312,shared,villain
word2vec,0.9979175329208374,shared,exceptional
word2vec,0.9697222113609314,shared,dying
word2vec,1.0000001192092896,neither,upcoming
word2vec,0.9999999403953552,a_only,parliament
word2vec,0.9999999403953552,a_only,potential
word2vec,0.13067416846752167,neither,hue
word2vec,0.9802682399749756,shared,grasp
word2vec,0.30836522579193115,neither,bowie
word2vec,1.0000001192092896,neither,diplomat
word2vec,1.0,a_only,babbage
word2vec,1.0000001192092896,a_only,adiabatic
word2vec,1.0,neither,alcoholism
word2vec,0.9687698483467102,shared,practice
word2vec,1.0,neither,explosives
word2vec,1.0,a_only,achievements
word2vec,0.9951779842376709,shared,abrupt
word2vec,1.0,neither,garrison
word2vec,1.0,neither,specialised
word2vec,0.9611291289329529,shared,pistol
word2vec,0.782387375831604,shared,have
word2vec,1.0000001192092896,neither,nutrition
word2vec,0.8943440914154053,shared,turning
word2vec,0.9999998807907104,neither,razor
word2vec,1.0,a_only,nuclear
word2vec,1.0,neither,carolingian
word2vec,0.876025915145874,shared,rabbit
word2vec,1.0,neither,bait
word2vec,0.054607804864645004,b_only,marrying
word2vec,0.11246946454048157,neither,disadvantage
word2vec,1.0,a_only,harris
word2vec,0.9811322093009949,shared,walks
word2vec,0.9638385772705078,shared,ignorant
word2vec,1.0000001192092896,neither,noumenon
word2vec,0.9999998807907104,neither,owning
word2vec,1.0,neither,abbess
word2vec,0.9999999403953552,neither,peers
word2vec,1.0,a_only,defenders
word2vec,0.8877872824668884,shared,forth
word2vec,0.9884355068206787,shared,animals
word2vec,0.9999999403953552,a_only,biblical
word2vec,0.9999998807907104,a_only,op
word2vec,1.0,a_only,antarctica
word2vec,1.0,a_only,andre
word2vec,1.0,a_only,prominently
word2vec,1.0000001192092896,a_only,eclipsed
word2vec,1.0000001192092896,neither,richter
word2vec,0.15075473487377167,neither,sewed
word2vec,0.9571420550346375,shared,seeing
word2vec,0.9774428009986877,shared,declare
word2vec,0.9734893441200256,shared,ghosts
word2vec,0.049179501831531525,b_only,sunset
word2vec,0.9995410442352295,shared,defect
word2vec,-0.021075839176774025,neither,cheque
word2vec,1.0000001192092896,a_only,ambiguity
word2vec,1.0,neither,amended
word2vec,1.0,neither,annihilated
word2vec,1.0,a_only,championship
word2vec,0.9999999403953552,neither,albertosaurus
word2vec,1.0,neither,dissimilar
word2vec,0.13586491346359253,neither,honestly
word2vec,0.8590685725212097,shared,help
word2vec,1.0,a_only,neighboring
word2vec,0.994164764881134,shared,lions
word2vec,0.9308252930641174,shared,box
word2vec,0.9363934397697449,shared,loud
word2vec,-0.08768212050199509,neither,vaulted
word2vec,1.0,neither,contrasting
word2vec,0.9999998807907104,neither,biographies
word2vec,1.0,neither,reinforcements
word2vec,0.9770568609237671,shared,apartment
word2vec,0.2849208116531372,neither,clasping
word2vec,0.9922778606414795,shared,preceding
word2vec,1.0000001192092896,neither,appointing
word2vec,0.997853696346283,shared,assistant
word2vec,0.9959657192230225,shared,holy
word2vec,1.0,neither,bacterial
word2vec,0.9773788452148438,shared,crack
word2vec,0.9999998807907104,neither,quarterly
word2vec,0.9987043738365173,shared,elevation
word2vec,0.9302988648414612,shared,follow
word2vec,0.9838445782661438,shared,attached
word2vec,0.9948570132255554,shared,musical
word2vec,1.0,a_only,michigan
word2vec,0.9708392024040222,shared,cow
word2vec,0.9934805035591125,shared,wisdom
word2vec,1.0,a_only,athlete
word2vec,0.9676817059516907,shared,legs
word2vec,1.0,neither,stadler
word2vec,1.0000001192092896,neither,parade
word2vec,0.9962807297706604,shared,deemed
word2vec,0.06984429061412811,b_only,carpenter
word2vec,0.9999998807907104,neither,subroutine
word2vec,0.8679465055465698,shared,reckoned
word2vec,1.0000001192092896,neither,descriptive
word2vec,-0.0909748524427414,neither,unheard
word2vec,-0.03486267849802971,neither,soo
word2vec,0.8170158863067627,shared,her
word2vec,0.9808326363563538,shared,studying
word2vec,1.0,a_only,fermented
word2vec,0.998439610004425,shared,solve
word2vec,1.0000001192092896,neither,northernmost
word2vec,0.9999999403953552,neither,squares
word2vec,-0.00807661097496748,b_only,envelope
word2vec,-0.008691053837537766,neither,impulsively
word2vec,0.9413419365882874,shared,loved
word2vec,1.0,neither,rican
word2vec,1.0,neither,ivoire
word2vec,1.0,neither,cartographer
word2vec,0.9768615365028381,shared,considering
word2vec,0.11938052624464035,neither,acutely
word2vec,0.9999998807907104,neither,werner
word2vec,0.9784207344055176,shared,answering
word2vec,0.05918842926621437,neither,rugs
word2vec,1.0000001192092896,a_only,confederation
word2vec,1.0,neither,choreographer
word2vec,1.0,neither,stephenson
word2vec,0.9966235756874084,shared,complaint
word2vec,0.04475361481308937,neither,rattlesnake
word2vec,1.0,neither,cosmos
word2vec,0.9999999403953552,a_only,monarch
word2vec,1.0000001192092896,neither,fifths
word2vec,0.12127791345119476,neither,hines
word2vec,0.979101300239563,shared,harbour
word2vec,1.0000001192092896,neither,alnus
word2vec,0.23478174209594727,neither,grieve
word2vec,1.0,neither,heretical
word2vec,0.9974911212921143,shared,corrupt
word2vec,0.983094334602356,shared,washed
word2vec,0.16301113367080688,neither,courteously
word2vec,-0.03128483518958092,b_only,pencil
word2vec,0.08999387174844742,neither,drown
word2vec,0.9999998807907104,a_only,patterns
word2vec,1.0,neither,deke
word2vec,0.9999999403953552,a_only,separately
word2vec,1.0,neither,lastly
word2vec,0.9999999403953552,neither,cerf
word2vec,-0.03510575741529465,b_only,kitty
word2vec,0.9999998807907104,neither,isles
word2vec,1.0000001192092896,a_only,stuart
word2vec,1.0,neither,psycho
word2vec,1.0,neither,momentous
word2vec,-0.11005910485982895,neither,affording
word2vec,0.9616009593009949,shared,trust
word2vec,0.9999998807907104,a_only,primitive
word2vec,0.9593868851661682,shared,grown
word2vec,0.9995100498199463,shared,sketch
word2vec,1.0,neither,geographers
word2vec,1.0,neither,tryptophan
word2vec,0.020679673179984093,b_only,graveyard
word2vec,0.833489179611206,shared,once
word2vec,1.0,neither,inadequate
word2vec,0.12252338230609894,neither,err
word2vec,1.0,neither,conjugation
word2vec,0.9999998807907104,neither,psychedelic
word2vec,0.15948045253753662,neither,satisfying
word2vec,1.0,a_only,factions
word2vec,0.1610683798789978,neither,startling
word2vec,0.9999998807907104,neither,terraces
word2vec,1.0000001192092896,neither,accommodation
word2vec,1.0,neither,engelm
word2vec,-0.04034788906574249,neither,allowance
word2vec,0.1789672076702118,neither,errand
word2vec,0.9956836700439453,shared,leader
word2vec,0.9089257717132568,shared,ready
word2vec,1.0000001192092896,a_only,keyboards
word2vec,0.9999998807907104,neither,emerson
word2vec,0.9999999403953552,a_only,kournikova
word2vec,0.9858477711677551,shared,leaf
word2vec,1.0,neither,fiscal
word2vec,0.9999998807907104,neither,greeted
word2vec,0.9999999403953552,a_only,zambia
word2vec,0.9531001448631287,shared,need
word2vec,-0.1590619534254074,b_only,knee
word2vec,0.9974495768547058,shared,removing
word2vec,0.0412430614233017,neither,theatres
word2vec,-0.08539249002933502,neither,babies
word2vec,0.03158798813819885,b_only,bred
word2vec,1.0000001192092896,neither,gemini
word2vec,0.9916407465934753,shared,improvement
word2vec,-0.08643190562725067,b_only,muttered
word2vec,1.0,neither,winnipeg
word2vec,0.9999998807907104,a_only,philosophies
word2vec,0.9785171151161194,shared,action
word2vec,1.0,a_only,recording
word2vec,-0.10617664456367493,b_only,grateful
word2vec,1.0000001192092896,a_only,aviation
word2vec,0.06144608184695244,b_only,blazing
word2vec,0.9999998807907104,neither,randomly
word2vec,1.0,a_only,rio
word2vec,0.9143990874290466,shared,real
word2vec,0.09817250818014145,neither,obliging
word2vec,0.016715416684746742,neither,whistling
word2vec,0.12412393093109131,neither,hillingham
word2vec,0.9988306760787964,shared,requiring
word2vec,0.9999999403953552,a_only,lawsuit
word2vec,0.18051190674304962,neither,gowns
word2vec,0.11259668320417404,neither,clanging
word2vec,1.0,a_only,alamanni
word2vec,1.0000001192092896,a_only,nationalist
word2vec,0.9999998807907104,neither,diagrams
word2vec,-0.08705151081085205,neither,inflamed
word2vec,1.0,neither,novo
word2vec,0.11155585944652557,b_only,blanket
word2vec,0.12029105424880981,neither,threads
word2vec,1.0,neither,larkin
word2vec,1.0,a_only,historians
word2vec,0.012984269298613071,neither,nap
word2vec,1.0,a_only,fundamental
word2vec,0.08191144466400146,b_only,forster
word2vec,0.9752363562583923,shared,rail
word2vec,1.0000001192092896,neither,breeds
word2vec,1.0000001192092896,neither,repressive
word2vec,1.0,neither,cp
word2vec,0.9904093742370605,shared,threatened
word2vec,0.988926351070404,shared,flown
word2vec,0.9946551322937012,shared,ships
word2vec,1.0,a_only,chlorine
word2vec,1.0,neither,sarcophagus
word2vec,1.0000001192092896,neither,displacement
word2vec,0.11012809723615646,b_only,tuesday
word2vec,0.9893234968185425,shared,period
word2vec,1.0,neither,associating
word2vec,0.8804639577865601,shared,same
word2vec,0.7748194336891174,shared,we
word2vec,1.0000001192092896,a_only,trojan
word2vec,0.07043633610010147,b_only,lick
word2vec,1.0000001192092896,neither,civilisation
word2vec,0.010682438500225544,neither,taint
word2vec,0.1637292057275772,b_only,resolute
word2vec,0.9999998807907104,a_only,clarke
word2vec,0.8299638032913208,shared,drew
word2vec,1.0,a_only,juan
word2vec,0.8799625635147095,shared,watching
word2vec,0.9999999403953552,neither,miocene
word2vec,1.0000001192092896,a_only,commercially
word2vec,1.0000001192092896,neither,tajikistan
word2vec,0.1490432471036911,b_only,roused
word2vec,1.0000001192092896,a_only,hawaii
word2vec,1.0000001192092896,neither,casement
word2vec,-0.1292373389005661,neither,slab
word2vec,0.9222707748413086,shared,believe
word2vec,0.9974501729011536,shared,pressure
word2vec,1.0,neither,bony
word2vec,0.9999999403953552,a_only,ambiguous
word2vec,1.0000001192092896,a_only,designers
word2vec,0.12140817195177078,neither,proudly
word2vec,0.9908838868141174,shared,file
word2vec,1.0000001192092896,neither,aesthetically
word2vec,0.9999999403953552,neither,reversal
word2vec,0.12425903975963593,neither,dissipate
word2vec,0.9890742897987366,shared,stronger
word2vec,1.0000001192092896,neither,codified
word2vec,0.20880943536758423,neither,unsettled
word2vec,0.9999999403953552,neither,bombs
word2vec,0.11243371665477753,b_only,hurst
word2vec,0.9885580539703369,shared,barrels
word2vec,0.13424716889858246,neither,bitten
word2vec,0.9999999403953552,a_only,ber
word2vec,1.0,neither,patents
word2vec,0.060196734964847565,neither,mortifying
word2vec,0.9999998807907104,neither,finances
word2vec,0.0628650039434433,b_only,dull
word2vec,0.9999999403953552,a_only,carlos
word2vec,1.0,neither,ventral
word2vec,1.0000001192092896,a_only,northwestern
word2vec,0.9976398944854736,shared,behalf
word2vec,0.9627022743225098,shared,discovery
word2vec,1.0,neither,curriculum
word2vec,0.9967828392982483,shared,contracted
word2vec,0.9999998807907104,a_only,binary
word2vec,1.0,neither,pleas
word2vec,1.0,a_only,beliefs
word2vec,0.9589384198188782,shared,covered
word2vec,0.9938719868659973,shared,represent
word2vec,1.0,neither,themed
word2vec,0.9961493611335754,shared,constructed
word2vec,0.9570421576499939,shared,relief
word2vec,1.0000001192092896,a_only,sodium
word2vec,1.0,neither,dramatist
word2vec,0.9999998807907104,neither,illegally
word2vec,0.9977273344993591,shared,wills
word2vec,0.9133420586585999,shared,tied
word2vec,1.0,neither,willis
word2vec,0.7880519032478333,shared,about
word2vec,1.0000001192092896,a_only,emperors
word2vec,1.0,neither,heinlein
word2vec,1.0000001192092896,a_only,tucker
word2vec,1.0000001192092896,a_only,tubes
word2vec,0.9695913791656494,shared,fields
word2vec,1.0000001192092896,a_only,tv
word2vec,1.0,neither,slievemore
word2vec,0.11918829381465912,neither,toothpick
word2vec,0.04414178803563118,neither,disgusted
word2vec,1.0000001192092896,a_only,player
word2vec,0.9934491515159607,shared,encounter
word2vec,0.9700165390968323,shared,convinced
word2vec,1.0,neither,irving
word2vec,0.9999999403953552,a_only,syntax
word2vec,0.9981265068054199,shared,cynical
word2vec,1.0000001192092896,neither,collaborating
word2vec,1.0,neither,tao
word2vec,0.9999998807907104,neither,chad
word2vec,0.07254625111818314,b_only,pictured
word2vec,1.0,neither,theta
word2vec,1.0000001192092896,neither,buber
word2vec,1.0,neither,cedar
word2vec,0.17940329015254974,neither,tearful
word2vec,0.99503493309021,shared,spun
word2vec,0.9869819283485413,shared,studio
word2vec,1.0,a_only,wells
word2vec,1.0,neither,projections
word2vec,0.9967690706253052,shared,route
word2vec,1.0000001192092896,neither,initiative
word2vec,1.0,neither,participant
word2vec,0.9999999403953552,neither,malay
word2vec,0.9974961876869202,shared,mccarthy
word2vec,0.05233107879757881,neither,lounging
word2vec,0.9904449582099915,shared,consisted
word2vec,1.0000001192092896,a_only,pro
word2vec,0.9878259301185608,shared,accent
word2vec,1.0,a_only,hebrews
word2vec,-0.05728661268949509,b_only,choked
word2vec,1.0000001192092896,neither,pcs
word2vec,0.9999999403953552,neither,lifestyle
word2vec,0.06961105018854141,neither,gilded
word2vec,1.0,a_only,assigned
word2vec,1.0,neither,caliber
word2vec,0.9476816058158875,shared,size
word2vec,1.0,a_only,broadcast
word2vec,0.8894855380058289,shared,wish
word2vec,0.9643518328666687,shared,bat
word2vec,0.9979458451271057,shared,relationship
word2vec,0.12899239361286163,neither,charcoal
word2vec,0.9991799592971802,shared,britain
word2vec,1.0000001192092896,a_only,columns
word2vec,1.0000001192092896,neither,chamberlain
word2vec,0.9999999403953552,neither,regnal
word2vec,0.9999998807907104,neither,instigation
word2vec,1.0,a_only,reactions
word2vec,0.9921097159385681,shared,profession
word2vec,0.10639278590679169,neither,trampled
word2vec,1.0,neither,rico
word2vec,0.9999998807907104,neither,stg
word2vec,-0.05585256218910217,neither,trickled
word2vec,0.891897976398468,shared,indeed
word2vec,0.9999999403953552,a_only,ore
word2vec,-0.07200879603624344,neither,unreasonable
word2vec,-0.07444210350513458,neither,beset
word2vec,0.03675631806254387,neither,fervently
word2vec,0.913237452507019,shared,days
word2vec,0.11814527958631516,b_only,marvellous
word2vec,1.0000001192092896,a_only,encoding
word2vec,0.9987201690673828,shared,alternative
word2vec,0.979207456111908,shared,month
word2vec,0.9999998807907104,neither,degenerate
word2vec,0.9761684536933899,shared,effort
word2vec,0.9991869926452637,shared,containing
word2vec,0.17667217552661896,neither,cowards
word2vec,1.0000001192092896,a_only,dick
word2vec,0.9984093904495239,shared,profit
word2vec,1.0,neither,enhance
word2vec,0.9983615279197693,shared,periods
word2vec,0.9999998807907104,a_only,mining
word2vec,0.9936085343360901,shared,hazard
word2vec,1.0,neither,birmingham
word2vec,1.0000001192092896,a_only,rebuilding
word2vec,1.0,neither,diss
word2vec,0.9999999403953552,a_only,additionally
word2vec,1.0000001192092896,a_only,sections
word2vec,1.0,a_only,administrator
word2vec,1.0,neither,eliminated
word2vec,1.0,neither,lava
word2vec,0.9328957200050354,shared,news
word2vec,0.9956717491149902,shared,wing
word2vec,0.9875962138175964,shared,behaviour
word2vec,1.0,neither,prof
word2vec,0.9663066267967224,shared,mystery
word2vec,0.09928565472364426,b_only,lest
word2vec,0.9956845045089722,shared,foreign
word2vec,0.15924429893493652,b_only,stryver
word2vec,0.9896694421768188,shared,purple
word2vec,0.9695892333984375,shared,settle
word2vec,0.022942647337913513,neither,emptied
word2vec,1.0000001192092896,a_only,ammunition
word2vec,1.0,neither,colleagues
word2vec,0.13486792147159576,b_only,expecting
word2vec,0.9999999403953552,a_only,hull
word2vec,1.0,neither,recommendation
word2vec,0.9722927212715149,shared,climb
word2vec,1.0,neither,adhering
word2vec,1.0,a_only,wales
word2vec,1.0,neither,calculator
word2vec,0.14386528730392456,b_only,mumps
word2vec,1.0,neither,dimension
word2vec,-0.15733440220355988,neither,dese
word2vec,0.18341176211833954,neither,sundial
word2vec,0.1958836317062378,neither,swayed
word2vec,0.9606822729110718,shared,explained
word2vec,0.05686545744538307,b_only,gazed
word2vec,0.8881123065948486,shared,hold
word2vec,0.9659707546234131,shared,rendered
word2vec,1.0,a_only,civilian
word2vec,1.0,a_only,angst
word2vec,0.1376807987689972,neither,nuisance
word2vec,1.0000001192092896,a_only,swiss
word2vec,1.0,a_only,sooty
word2vec,1.0,a_only,communicating
word2vec,0.9999999403953552,neither,waugh
word2vec,0.12121186405420303,neither,drooped
word2vec,1.0000001192092896,neither,macguffin
word2vec,0.9563693404197693,shared,blow
word2vec,0.9761325120925903,shared,friendly
word2vec,-0.01775413565337658,b_only,philips
word2vec,1.0,a_only,centered
word2vec,1.0000001192092896,neither,pseudocode
word2vec,1.0,neither,aleksander
word2vec,0.9955765604972839,shared,moses
word2vec,1.0,neither,truman
word2vec,0.989628255367279,shared,r
word2vec,0.2957483232021332,neither,admirably
word2vec,0.9958623647689819,shared,shrugged
word2vec,1.0,a_only,engineering
word2vec,1.0000001192092896,neither,revisionism
word2vec,0.9999999403953552,neither,ironic
word2vec,0.9885167479515076,shared,mainland
word2vec,1.0,a_only,maintains
word2vec,0.9999999403953552,neither,physik
word2vec,1.0,neither,dioxide
word2vec,1.0,neither,teutonic
word2vec,0.1280684918165207,b_only,amazement
word2vec,1.0,neither,lambar
word2vec,0.02292223647236824,neither,spoons
word2vec,1.0,a_only,associative
word2vec,1.0000001192092896,a_only,indonesia
word2vec,0.9999999403953552,neither,fe
word2vec,-0.12609148025512695,neither,fainter
word2vec,0.9999999403953552,a_only,banned
word2vec,0.9999999403953552,neither,susima
word2vec,-0.006663182284682989,b_only,goodness
word2vec,0.9999999403953552,a_only,global
word2vec,0.1915038526058197,b_only,contemplated
word2vec,1.0000001192092896,a_only,decimal
word2vec,0.002736235037446022,neither,tinted
word2vec,-0.03511248156428337,neither,repressed
word2vec,-0.05511486157774925,neither,concourse
word2vec,0.9999999403953552,a_only,exclave
word2vec,0.9896606802940369,shared,foundations
word2vec,0.9999999403953552,neither,sandstone
word2vec,0.9993131160736084,neither,contradict
word2vec,-0.01313970610499382,neither,uv
word2vec,1.0000001192092896,a_only,ranking
word2vec,0.9999999403953552,neither,osiris
word2vec,0.15909098088741302,neither,wholesome
word2vec,1.0,neither,pal
word2vec,1.0,a_only,volcanoes
word2vec,1.0,a_only,eros
word2vec,-0.0909152403473854,b_only,thirst
word2vec,0.036047905683517456,neither,grating
word2vec,0.9999999403953552,a_only,mystical
word2vec,0.01466312725096941,neither,flit
word2vec,0.9623456001281738,shared,job
word2vec,1.0,neither,splashdown
word2vec,1.0,neither,edwards
word2vec,0.9872177839279175,shared,field
word2vec,0.9900066256523132,neither,cloudy
word2vec,0.9999998807907104,a_only,pallas
word2vec,0.9572852253913879,shared,sent
word2vec,1.0000001192092896,a_only,bilingual
word2vec,1.0,neither,automatically
word2vec,0.990412712097168,shared,visions
word2vec,1.0,neither,hayastan
word2vec,1.0,neither,outputs
word2vec,0.9885908961296082,shared,hatred
word2vec,-0.08909077942371368,b_only,tidings
word2vec,1.0000001192092896,a_only,movie
word2vec,0.3141399025917053,neither,flutter
word2vec,0.29279834032058716,neither,framed
word2vec,-0.026036622002720833,neither,devouring
word2vec,-0.10220404714345932,neither,squalid
word2vec,1.0,a_only,kingdoms
word2vec,1.0,neither,para
word2vec,-0.020003121346235275,neither,che
word2vec,1.0000001192092896,a_only,secession
word2vec,1.0,neither,bombings
word2vec,-0.08752709627151489,neither,ascertained
word2vec,1.0,neither,alexandrian
word2vec,0.13091415166854858,b_only,rat
word2vec,1.0,neither,crane
word2vec,1.0000001192092896,a_only,commitment
word2vec,1.0,neither,beatrice
word2vec,0.9818784594535828,shared,satisfactory
word2vec,0.9999998807907104,a_only,religions
word2vec,0.916065514087677,shared,dr
word2vec,1.0,neither,postulated
word2vec,0.9749276638031006,shared,ambition
word2vec,1.0,neither,valve
word2vec,1.0,neither,timescale
word2vec,1.0,neither,celebrating
word2vec,0.06829465925693512,b_only,bats
word2vec,1.0,a_only,unix
word2vec,1.0000001192092896,neither,igor
word2vec,0.9999998807907104,a_only,architect
word2vec,1.0,neither,hamadan
word2vec,1.0,a_only,melody
word2vec,0.9993404150009155,shared,significant
word2vec,0.9502971172332764,shared,medicine
word2vec,1.0,a_only,particle
word2vec,0.9919161796569824,shared,flow
word2vec,1.0000001192092896,a_only,columbus
word2vec,1.0,neither,ge
word2vec,0.08431700617074966,neither,picnic
word2vec,0.28961610794067383,neither,weaknesses
word2vec,0.9610798358917236,shared,deck
word2vec,1.0,a_only,augustine
word2vec,0.9479666948318481,shared,gently
word2vec,0.0919632837176323,neither,inexorable
word2vec,0.9999998807907104,neither,ib
word2vec,1.0,a_only,vocals
word2vec,0.9942689538002014,shared,sharing
word2vec,1.0,neither,apocalyptic
word2vec,0.993727445602417,shared,regarding
word2vec,1.0000001192092896,neither,hammond
word2vec,1.0,neither,differentiated
word2vec,0.9999999403953552,neither,raven
word2vec,1.0,neither,transmitting
word2vec,1.0,neither,bodyline
word2vec,1.0,neither,prix
word2vec,-0.002453665481880307,neither,tarts
word2vec,0.9999998807907104,neither,alaskans
word2vec,0.9462864995002747,shared,doors
word2vec,0.9999999403953552,a_only,profitable
word2vec,0.9937122464179993,shared,brilliant
word2vec,1.0,neither,attracts
word2vec,-0.0006909386138431728,neither,lethargic
word2vec,0.052659064531326294,neither,kase
word2vec,0.8690533638000488,shared,hour
word2vec,0.9999999403953552,a_only,mm
word2vec,0.9978620409965515,shared,lowest
word2vec,1.0000001192092896,a_only,abolition
word2vec,0.9999998807907104,neither,hemispheres
word2vec,0.9910058379173279,shared,stray
word2vec,0.19077685475349426,b_only,geese
word2vec,0.9862146377563477,shared,gain
word2vec,0.9999998807907104,neither,anointed
word2vec,1.0,neither,papyri
word2vec,-0.16697439551353455,b_only,starkey
word2vec,0.09006626158952713,neither,impropriety
word2vec,0.9932736158370972,shared,abuse
word2vec,1.0000001192092896,neither,susceptible
word2vec,0.9985315799713135,shared,danube
word2vec,1.0,neither,options
word2vec,0.9999999403953552,a_only,valid
word2vec,1.0,neither,fighter
word2vec,0.9897934198379517,shared,succeeding
word2vec,1.0000001192092896,neither,headaches
word2vec,0.9001825451850891,shared,sister
word2vec,0.9162285923957825,shared,means
word2vec,1.0,neither,atreus
word2vec,0.9999999403953552,neither,uninhabited
word2vec,0.9022092223167419,shared,showing
word2vec,0.9999998807907104,a_only,diocese
word2vec,0.9750834703445435,shared,science
word2vec,1.0,neither,caesarea
word2vec,1.0000001192092896,a_only,israel
word2vec,0.9958606362342834,shared,parish
word2vec,1.0,a_only,individualist
word2vec,0.9877488017082214,shared,bigger
word2vec,0.9968003630638123,shared,debts
word2vec,0.965853750705719,shared,splendid
word2vec,1.0,a_only,relativity
word2vec,0.9933394193649292,shared,sends
word2vec,0.9826082587242126,shared,demand
word2vec,1.0000001192092896,neither,zoroastrian
word2vec,0.9881814122200012,shared,roots
word2vec,1.0000001192092896,a_only,huxley
word2vec,0.9871382117271423,shared,veins
word2vec,0.9952808022499084,neither,augmented
word2vec,1.0,neither,larsen
word2vec,0.08531280606985092,neither,hysterics
word2vec,1.0000001192092896,a_only,lillian
word2vec,0.9163035154342651,shared,woman
word2vec,0.9984747171401978,shared,strait
word2vec,0.21346129477024078,b_only,curtains
word2vec,1.0,a_only,ajax
word2vec,1.0,neither,iroquois
word2vec,0.9985905885696411,shared,anatomy
word2vec,1.0,neither,qualify
word2vec,-0.016381893306970596,neither,sewing
word2vec,0.05318146571516991,neither,hackney
word2vec,1.0,a_only,salts
word2vec,1.0,neither,outstanding
word2vec,0.03224353864789009,neither,tapped
word2vec,0.08886955678462982,b_only,embroidered
word2vec,-0.05782650038599968,b_only,shoved
word2vec,1.0000001192092896,neither,prototypes
word2vec,1.0000001192092896,neither,gloria
word2vec,-0.04823492094874382,neither,perspiration
word2vec,1.0,neither,powerpc
word2vec,0.21600143611431122,b_only,ringing
word2vec,0.9617999196052551,shared,strike
word2vec,1.0,a_only,asteroid
word2vec,0.9888122081756592,shared,fragment
word2vec,0.8678861856460571,shared,sort
word2vec,0.9771533012390137,shared,chiefly
word2vec,0.9976970553398132,shared,allusion
word2vec,1.0000001192092896,neither,investigates
word2vec,-0.0011365263490006328,b_only,laughed
word2vec,0.9711700677871704,shared,jump
word2vec,1.0,a_only,amaranth
word2vec,0.16118735074996948,b_only,ling
word2vec,0.04002559557557106,neither,rowing
word2vec,1.0000001192092896,neither,dj
word2vec,1.0,neither,serum
word2vec,0.9562981724739075,shared,stepped
word2vec,0.17091350257396698,b_only,upstairs
word2vec,0.9784016609191895,shared,mentioned
word2vec,1.0,neither,kart
word2vec,-0.050339143723249435,neither,barbarous
word2vec,0.8029825687408447,shared,air
word2vec,1.0,neither,pollination
word2vec,1.0,a_only,deities
word2vec,1.0,a_only,animistic
word2vec,0.1333630084991455,neither,carts
word2vec,0.9945952296257019,shared,strikes
word2vec,1.0,neither,ballads
word2vec,0.08419894427061081,b_only,welshman
word2vec,0.9999998807907104,a_only,casualties
word2vec,1.0000001192092896,neither,propelled
word2vec,0.993833601474762,shared,exception
word2vec,0.9999998807907104,neither,speeding
word2vec,0.1414465606212616,neither,expose
word2vec,0.10583514720201492,neither,aristocratic
word2vec,1.0,a_only,taoism
word2vec,0.96990567445755,shared,vengeance
word2vec,1.0000001192092896,neither,uptime
word2vec,0.22623561322689056,b_only,instinct
word2vec,1.0,neither,emitting
word2vec,-0.12740649282932281,b_only,wildly
word2vec,1.0,neither,rescued
word2vec,0.993462860584259,shared,receiving
word2vec,0.9776909947395325,shared,peaceful
word2vec,0.9820377826690674,shared,fitted
word2vec,0.9847586750984192,shared,emotions
word2vec,1.0,a_only,fao
word2vec,0.9706414341926575,shared,confusion
word2vec,1.0,neither,belgrade
word2vec,0.9754893183708191,shared,uncertain
word2vec,0.9939504265785217,shared,opposition
word2vec,0.027208397164940834,b_only,drifting
word2vec,0.9753770232200623,shared,parents
word2vec,1.0,neither,unbelief
word2vec,0.9944843053817749,shared,te
word2vec,0.9999024271965027,shared,deduction
word2vec,1.0,neither,memoirs
word2vec,0.9645163416862488,shared,hate
word2vec,1.0,neither,jamaica
word2vec,1.0,a_only,snowball
word2vec,0.9822033643722534,shared,possession
word2vec,0.9999999403953552,a_only,dose
word2vec,1.0000001192092896,neither,fights
word2vec,1.0,neither,augustinian
word2vec,0.16963709890842438,b_only,lean
word2vec,0.9999998807907104,a_only,announces
word2vec,0.9909449815750122,shared,vegetable
word2vec,1.0000001192092896,neither,refugee
word2vec,0.06227913498878479,neither,grangerfords
word2vec,0.044667746871709824,neither,sloping
word2vec,1.0000001192092896,neither,eniac
word2vec,0.7559462189674377,shared,my
word2vec,1.0,a_only,victorian
word2vec,1.0,neither,affordable
word2vec,1.0000001192092896,neither,nautical
word2vec,0.9675605893135071,shared,asking
word2vec,-0.022908329963684082,neither,slumber
word2vec,1.0,a_only,conservative
word2vec,0.10535772144794464,neither,nursing
word2vec,-0.06124943122267723,neither,opiate
word2vec,-0.026316119357943535,b_only,temptation
word2vec,0.9969109892845154,shared,herbs
word2vec,0.9976718425750732,shared,principles
word2vec,0.9796725511550903,shared,digging
word2vec,0.9809533357620239,shared,bold
word2vec,0.996837854385376,shared,confirm
word2vec,-0.14426268637180328,neither,temperament
word2vec,1.0,neither,reverberation
word2vec,-0.006585360504686832,b_only,louder
word2vec,0.9999999403953552,neither,nominees
word2vec,0.9999998807907104,a_only,secular
word2vec,0.9999999403953552,neither,optional
word2vec,0.22248412668704987,neither,bennets
word2vec,0.9945604801177979,shared,average
word2vec,0.27613550424575806,neither,countryman
word2vec,0.10545545816421509,neither,fanned
word2vec,0.9136043190956116,shared,ten
word2vec,0.17784027755260468,neither,spells
word2vec,0.9119611978530884,shared,pan
word2vec,0.9999998807907104,neither,unconstitutional
word2vec,1.0000001192092896,neither,cyrus
word2vec,0.9964486360549927,shared,spiritual
word2vec,0.007273563649505377,neither,gaping
word2vec,0.9929313063621521,shared,comparison
word2vec,0.9999998807907104,a_only,antonio
word2vec,1.0,a_only,ainu
word2vec,0.8533771634101868,shared,begun
word2vec,0.8545526266098022,shared,doctor
word2vec,0.9503125548362732,shared,lessons
word2vec,1.0,neither,cinematography
word2vec,-0.05499446019530296,b_only,heaps
word2vec,1.0,neither,excelsus
word2vec,-0.16559375822544098,b_only,knelt
word2vec,0.0183266531676054,neither,scrambled
word2vec,1.0,a_only,aberdeen
word2vec,1.0,neither,attributing
word2vec,1.0000001192092896,a_only,buddhist
word2vec,1.0000001192092896,a_only,talmud
word2vec,0.0728054940700531,neither,laurel
word2vec,0.9999999403953552,a_only,automorphism
word2vec,1.0,a_only,hungary
word2vec,1.0,neither,outdoor
word2vec,1.0000001192092896,a_only,recognizes
word2vec,0.9911885261535645,shared,explaining
word2vec,0.10238732397556305,b_only,plenty
word2vec,1.0,a_only,shells
word2vec,0.9985651969909668,shared,fee
word2vec,1.0,neither,commemorated
word2vec,0.9779786467552185,neither,lory
word2vec,0.9945303797721863,shared,president
word2vec,0.06160150095820427,b_only,cautiously
word2vec,0.11831492930650711,neither,beauvais
word2vec,0.9915261268615723,shared,conqueror
word2vec,1.0000001192092896,neither,rama
word2vec,1.0,neither,analyzed
word2vec,0.3103761076927185,neither,candour
word2vec,0.9999999403953552,neither,durham
word2vec,0.996537446975708,shared,villa
word2vec,0.9002457857131958,shared,deep
word2vec,0.9999999403953552,neither,elixir
word2vec,0.9999999403953552,neither,liechtenstein
word2vec,0.9373010396957397,shared,fairy
word2vec,1.0000001192092896,neither,prized
word2vec,1.0,a_only,branden
word2vec,1.0000001192092896,neither,enlisted
word2vec,1.0,neither,mathrm
word2vec,1.0,a_only,statistics
word2vec,0.9897035360336304,shared,purchase
word2vec,0.9234923124313354,shared,already
word2vec,0.2612161934375763,neither,respectful
word2vec,0.9873775839805603,shared,shoot
word2vec,1.0,neither,facets
word2vec,1.0,neither,astrometry
word2vec,0.9730642437934875,shared,ribbon
word2vec,0.05763581022620201,neither,discharging
word2vec,0.985714316368103,shared,built
word2vec,0.1270279437303543,b_only,sill
word2vec,0.9807095527648926,shared,imagine
word2vec,1.0,neither,parameter
word2vec,0.20550988614559174,neither,despondency
word2vec,1.0000001192092896,a_only,novelist
word2vec,0.9791674613952637,shared,relate
word2vec,1.0,neither,commune
word2vec,1.0,neither,narrator
word2vec,1.0,neither,introduces
word2vec,1.0,neither,attaining
word2vec,0.048345696181058884,neither,meadows
word2vec,1.0000001192092896,a_only,hera
word2vec,0.9809032082557678,shared,accordingly
word2vec,0.9956041574478149,shared,peacefully
word2vec,-0.01296681072562933,neither,druther
word2vec,1.0000001192092896,neither,reporter
word2vec,1.0,neither,operative
word2vec,0.9250455498695374,shared,state
word2vec,1.0,a_only,stanley
word2vec,0.9906332492828369,shared,reveal
word2vec,-0.09941314905881882,b_only,utmost
word2vec,1.0000001192092896,a_only,conceptual
word2vec,0.9766483902931213,shared,eating
word2vec,0.24111388623714447,neither,afore
word2vec,1.0,a_only,revolutionary
word2vec,0.9999999403953552,a_only,democracy
word2vec,1.0,a_only,territories
word2vec,1.0000001192092896,neither,browed
word2vec,0.05990259349346161,neither,cruelly
word2vec,0.9938241243362427,shared,east
word2vec,0.9999998807907104,a_only,seq
word2vec,0.05507315322756767,neither,steeped
word2vec,0.9651485085487366,shared,difficulty
word2vec,1.0000001192092896,a_only,doctrines
word2vec,0.9876325726509094,shared,cream
word2vec,0.9999998807907104,neither,purchasing
word2vec,0.9830371737480164,shared,faithful
word2vec,0.9481795430183411,shared,expected
word2vec,1.0,a_only,independently
word2vec,0.9857093095779419,shared,horseback
word2vec,1.0,neither,metamorphoses
word2vec,0.9986463189125061,neither,moth
word2vec,0.9585251212120056,shared,cast
word2vec,0.004533974453806877,b_only,paw
word2vec,1.0,neither,roe
word2vec,1.0,a_only,limestone
word2vec,0.9963001608848572,shared,communicate
word2vec,1.0,a_only,regional
word2vec,0.01852777972817421,neither,oblivion
word2vec,0.9838081002235413,shared,active
word2vec,0.9999999403953552,neither,compton
word2vec,0.9951353669166565,shared,aroused
word2vec,1.0,neither,kw
word2vec,0.9999999403953552,neither,dairy
word2vec,0.9999999403953552,a_only,linebackers
word2vec,0.9999998807907104,a_only,motivation
word2vec,0.9658514261245728,shared,rage
word2vec,0.09142841398715973,neither,meanly
word2vec,0.9971639513969421,shared,chemistry
word2vec,0.14732417464256287,neither,reveries
word2vec,1.0,a_only,uk
word2vec,0.9894682168960571,shared,wounded
word2vec,0.9978776574134827,shared,actress
word2vec,0.9988206624984741,shared,mathematics
word2vec,1.0,a_only,revision
word2vec,1.0,a_only,mil
word2vec,1.0,neither,manages
word2vec,-0.2624416947364807,neither,unfit
word2vec,0.7945905923843384,shared,along
word2vec,1.0,a_only,digits
word2vec,1.0000001192092896,a_only,northwest
word2vec,1.0000001192092896,neither,ideologies
word2vec,1.0,neither,pedro
word2vec,1.0,a_only,schedule
word2vec,0.9701167941093445,shared,soldiers
word2vec,0.9964902997016907,neither,smells
word2vec,0.9999999403953552,neither,balliol
word2vec,-0.12372899055480957,neither,winked
word2vec,1.0,neither,appalachian
word2vec,0.00817962922155857,b_only,stillness
word2vec,1.0000001192092896,a_only,geographical
word2vec,0.9999999403953552,a_only,temperature
word2vec,1.0,a_only,dc
word2vec,0.9804234504699707,shared,prayers
word2vec,0.994292140007019,shared,characters
word2vec,0.9976322650909424,shared,designed
word2vec,1.0,neither,iec
word2vec,-0.002979984972625971,b_only,assure
word2vec,1.0,neither,mechanic
word2vec,1.0000001192092896,neither,vertigo
word2vec,-0.13845716416835785,neither,gloomily
word2vec,1.0,neither,porto
word2vec,0.9999998807907104,a_only,describes
word2vec,1.0,neither,spiral
word2vec,0.9957704544067383,shared,abandon
word2vec,0.971271276473999,shared,gradually
word2vec,0.9999999403953552,a_only,centers
word2vec,0.9871562123298645,shared,deliver
word2vec,0.059136442840099335,b_only,squeeze
word2vec,-0.22620034217834473,b_only,valet
word2vec,0.9966171979904175,shared,replaced
word2vec,-0.12067606300115585,neither,tarnished
word2vec,1.0,a_only,cf
word2vec,1.0,neither,roper
word2vec,1.0,neither,exterior
word2vec,0.9999998807907104,a_only,online
word2vec,0.40675118565559387,neither,arter
word2vec,1.0000001192092896,neither,strife
word2vec,0.10600012540817261,neither,obliterated
word2vec,1.0,a_only,ne
word2vec,-0.020076565444469452,neither,roun
word2vec,0.2584590017795563,b_only,dey
word2vec,1.0,neither,gershwin
word2vec,0.8640099167823792,shared,almost
word2vec,0.9949167370796204,neither,zeal
word2vec,0.1278260499238968,b_only,lordship
word2vec,1.0,neither,honolulu
word2vec,1.0,neither,giuseppe
word2vec,0.9909470081329346,shared,unnatural
word2vec,1.0,a_only,abu
word2vec,0.9883251190185547,shared,parties
word2vec,0.9915947914123535,shared,stripped
word2vec,0.9999998807907104,neither,hohenzollern
word2vec,1.0000001192092896,neither,pinto
word2vec,-0.022711534053087234,b_only,ardour
word2vec,1.0000001192092896,a_only,neo
word2vec,0.9850612878799438,shared,observing
word2vec,1.0000001192092896,neither,inaugural
word2vec,1.0,neither,steffi
word2vec,0.034186430275440216,neither,swales
word2vec,1.0000001192092896,a_only,traveled
word2vec,0.9999999403953552,neither,fertilizers
word2vec,1.0000001192092896,neither,flees
word2vec,0.9562035799026489,shared,mill
word2vec,1.0,a_only,electron
word2vec,1.0000001192092896,a_only,messagepad
word2vec,0.9875972270965576,shared,republic
word2vec,1.0,neither,deciduous
word2vec,0.015518438071012497,neither,blubbering
word2vec,1.0,a_only,chi
word2vec,0.20266972482204437,neither,ingenuity
word2vec,0.9999999403953552,a_only,february
word2vec,-0.0035181983839720488,b_only,anguish
word2vec,0.09824451059103012,neither,7th
word2vec,0.9662712216377258,shared,cross
word2vec,1.0,neither,lung
word2vec,0.9999998807907104,neither,arrian
word2vec,0.9929287433624268,shared,skull
word2vec,1.0,neither,nigsberg
word2vec,1.0,neither,hermeticism
word2vec,0.9004426002502441,shared,honour
word2vec,-0.19636423885822296,neither,shrieks
word2vec,0.07428532838821411,neither,heightened
word2vec,0.9999999403953552,a_only,sophisticated
word2vec,0.9999999403953552,a_only,senior
word2vec,0.8436065912246704,shared,not
word2vec,0.9625418186187744,shared,suit
word2vec,0.9950114488601685,shared,relied
word2vec,1.0000001192092896,neither,parapsychology
word2vec,0.9999999403953552,a_only,disc
word2vec,0.9835765361785889,shared,shallow
word2vec,0.9736186265945435,shared,jones
word2vec,-0.03529096767306328,b_only,repeating
word2vec,0.10405053943395615,neither,misty
word2vec,1.0,neither,phosphate
word2vec,1.0000001192092896,neither,illyricum
word2vec,-0.11066123843193054,b_only,godalming
word2vec,0.13815562427043915,neither,sixpence
word2vec,0.1339765042066574,b_only,grindstone
word2vec,1.0,neither,displaced
word2vec,1.0,neither,derogatory
word2vec,0.9999999403953552,neither,signatory
word2vec,0.9999998807907104,a_only,meters
word2vec,1.0,neither,venues
word2vec,0.01856030710041523,b_only,ardent
word2vec,0.9799766540527344,shared,attorney
word2vec,0.9950365424156189,shared,perpetual
word2vec,0.9938079714775085,shared,mysteries
word2vec,1.0000001192092896,neither,outlaw
word2vec,0.8756076693534851,shared,find
word2vec,0.9633129835128784,shared,rising
word2vec,0.11204225569963455,neither,vaults
word2vec,0.9999999403953552,a_only,anime
word2vec,0.977759838104248,shared,ordinary
word2vec,1.0,neither,mauchly
word2vec,1.0,neither,accommodate
word2vec,0.8745254278182983,shared,henry
word2vec,1.0,neither,nausea
word2vec,0.9999998807907104,neither,subclass
word2vec,0.9707077145576477,shared,umbrella
word2vec,0.997123122215271,shared,plot
word2vec,0.9999998807907104,a_only,effectively
word2vec,0.9999999403953552,neither,attained
word2vec,0.9985206723213196,shared,welfare
word2vec,1.0000001192092896,a_only,sp
word2vec,0.15978693962097168,b_only,fairies
word2vec,1.0,neither,scorned
word2vec,1.0000001192092896,neither,seabirds
word2vec,1.0,neither,meaningful
word2vec,1.0,neither,ambitious
word2vec,0.9993420839309692,shared,addison
word2vec,0.11287827789783478,neither,darkening
word2vec,0.9999998807907104,a_only,nixon
word2vec,0.9999998807907104,a_only,esoteric
word2vec,1.0,neither,rallying
word2vec,0.9999998807907104,a_only,logo
word2vec,0.9750908613204956,shared,mice
word2vec,1.0,a_only,lunar
word2vec,0.9373283386230469,shared,heading
word2vec,0.15235063433647156,neither,jewels
word2vec,0.9962179064750671,neither,shrewd
word2vec,0.11605872958898544,neither,manly
word2vec,0.9840310215950012,shared,strained
word2vec,1.0000001192092896,a_only,alcohols
word2vec,0.9999999403953552,a_only,sovereignty
word2vec,0.9931915402412415,shared,valuable
word2vec,1.0,neither,fueled
word2vec,0.996861457824707,shared,lined
word2vec,0.08913721889257431,neither,morbid
word2vec,1.0,neither,hutchinson
word2vec,0.9960987567901611,shared,temporary
word2vec,1.0000001192092896,neither,sidebands
word2vec,0.9999998807907104,neither,auteurism
word2vec,0.03696134686470032,b_only,sorrows
word2vec,0.08144049346446991,neither,scatter
word2vec,1.0000001192092896,neither,solidarity
word2vec,0.06220851093530655,neither,scattering
word2vec,0.9999998807907104,neither,expands
word2vec,0.9980976581573486,shared,washington
word2vec,-0.11439257115125656,b_only,overboard
word2vec,0.09456592798233032,neither,sparkled
word2vec,1.0,neither,filmed
word2vec,-0.04487438499927521,b_only,bout
word2vec,0.9999998807907104,a_only,aristotle
word2vec,0.9858322143554688,shared,backs
word2vec,1.0000001192092896,a_only,businesses
word2vec,-0.04607526212930679,b_only,hideous
word2vec,0.981403112411499,shared,mode
word2vec,0.9691857695579529,shared,orders
word2vec,0.9999999403953552,neither,eruptions
word2vec,0.020496612414717674,neither,prosper
word2vec,1.0,neither,mormonism
word2vec,1.0000001192092896,a_only,mammals
word2vec,0.9896343350410461,shared,produce
word2vec,0.16979283094406128,b_only,cousins
word2vec,0.9544473886489868,shared,pieces
word2vec,0.883760929107666,shared,lost
word2vec,0.9973245859146118,shared,throughout
word2vec,0.9899348616600037,shared,texas
word2vec,0.9920883774757385,shared,allen
word2vec,1.0,neither,viet
word2vec,1.0000001192092896,neither,anatomic
word2vec,0.03703724220395088,neither,deef
word2vec,0.9954420924186707,shared,suitable
word2vec,1.0,neither,tendencies
word2vec,1.0,neither,securities
word2vec,0.9863996505737305,shared,railway
word2vec,0.9858589172363281,shared,reserved
word2vec,0.01194589864462614,neither,entailed
word2vec,0.9999999403953552,neither,penning
word2vec,0.05959095433354378,b_only,clad
word2vec,0.9106128811836243,shared,end
word2vec,0.0048681641928851604,b_only,praying
word2vec,0.9572467803955078,shared,generally
word2vec,0.9838584065437317,shared,judgment
word2vec,0.9999999403953552,neither,ya
word2vec,0.9920569062232971,shared,fidelity
word2vec,1.0,neither,flattened
word2vec,0.9940747618675232,shared,unusually
word2vec,0.9999999403953552,neither,injection
word2vec,1.0000001192092896,neither,partisan
word2vec,0.9999998807907104,a_only,fossils
word2vec,1.0000001192092896,neither,labs
word2vec,-0.05955882370471954,neither,scandalous
word2vec,1.0000001192092896,neither,hittite
word2vec,0.9999998807907104,neither,anglophone
word2vec,0.9374514818191528,shared,soul
word2vec,0.9392824172973633,shared,companion
word2vec,0.7187423706054688,shared,mouse
word2vec,0.9650164842605591,shared,feared
word2vec,0.9831831455230713,shared,excess
word2vec,0.20736399292945862,neither,moist
word2vec,1.0,neither,montgomery
word2vec,0.018109923228621483,neither,refreshment
word2vec,0.08537544310092926,neither,doleful
word2vec,1.0000001192092896,neither,reservation
word2vec,1.0,a_only,chadic
word2vec,0.06913646310567856,b_only,interruption
word2vec,1.0,neither,reminiscent
word2vec,1.0,neither,tanakh
word2vec,1.0000001192092896,a_only,harvard
word2vec,1.0,a_only,metals
word2vec,-0.04845216125249863,neither,crumbs
word2vec,0.036514006555080414,b_only,compliment
word2vec,1.0000001192092896,neither,papal
word2vec,0.29671329259872437,neither,staves
word2vec,0.9738080501556396,shared,impulse
word2vec,1.0,a_only,involves
word2vec,0.7918917536735535,shared,myself
word2vec,-0.03548671305179596,neither,scratched
word2vec,0.9861539602279663,shared,persons
word2vec,1.0000001192092896,a_only,friedrich
word2vec,1.0000001192092896,a_only,diversity
word2vec,1.0000001192092896,a_only,yankee
word2vec,1.0,neither,availability
word2vec,0.08732497692108154,b_only,sober
word2vec,0.017805691808462143,neither,deathly
word2vec,1.0000001192092896,neither,cement
word2vec,1.0000001192092896,neither,nextstep
word2vec,0.03993687778711319,b_only,haired
word2vec,0.8663683533668518,shared,times
word2vec,1.0,neither,empires
word2vec,0.9932088851928711,shared,concentrated
word2vec,1.0,neither,ry
word2vec,-0.07657795399427414,neither,gardener
word2vec,1.0000001192092896,neither,indeterminate
word2vec,0.9628461599349976,shared,meaning
word2vec,1.0,a_only,berber
word2vec,0.9696831107139587,shared,handle
word2vec,0.9718432426452637,shared,dangerous
word2vec,1.0000001192092896,a_only,yeast
word2vec,0.972565233707428,shared,stock
word2vec,1.0,neither,diomedes
word2vec,-0.006814858876168728,neither,rapture
word2vec,0.12556222081184387,neither,hinges
word2vec,1.0,neither,sinks
word2vec,0.9999998807907104,a_only,criticisms
word2vec,1.0,neither,manzikert
word2vec,0.9999999403953552,a_only,aspirin
word2vec,0.21237561106681824,neither,catastrophe
word2vec,1.0000001192092896,a_only,conflicts
word2vec,1.0,a_only,automated
word2vec,0.14037899672985077,neither,pathos
word2vec,-0.09885184466838837,neither,inflicted
word2vec,0.9958453178405762,shared,resistance
word2vec,0.9697667360305786,shared,desk
word2vec,1.0,neither,edict
word2vec,0.146450012922287,neither,homely
word2vec,0.9972091317176819,shared,detect
word2vec,1.0,neither,cite
word2vec,0.25658443570137024,neither,disconcerted
word2vec,0.9971840977668762,shared,considerations
word2vec,0.9571230411529541,shared,nose
word2vec,0.9999998807907104,neither,consultative
word2vec,0.9630531668663025,shared,hit
word2vec,-0.03285923972725868,b_only,bastille
word2vec,1.0,neither,viridis
word2vec,1.0000001192092896,a_only,capabilities
word2vec,1.0,a_only,tends
word2vec,0.9224519729614258,shared,lying
word2vec,1.0,neither,overlapping
word2vec,1.0,neither,resistivity
word2vec,0.10075048357248306,b_only,smoked
word2vec,0.0910332202911377,neither,flattering
word2vec,1.0000001192092896,neither,monica
word2vec,1.0,neither,electro
word2vec,0.1998104304075241,neither,enumerating
word2vec,0.9999998807907104,a_only,extension
word2vec,0.922945499420166,shared,judged
word2vec,1.0,neither,botany
word2vec,-0.05316068232059479,neither,outrageous
word2vec,1.0,neither,lacks
word2vec,0.917634129524231,shared,true
word2vec,0.8590646386146545,shared,silent
word2vec,0.09282137453556061,b_only,drowned
word2vec,0.9961918592453003,shared,established
word2vec,-0.012882903218269348,neither,briskly
word2vec,0.9999999403953552,a_only,competing
word2vec,1.0,neither,saratoga
word2vec,0.9786487221717834,shared,miles
word2vec,0.9298400282859802,shared,deal
word2vec,1.0,neither,keith
word2vec,0.9999999403953552,neither,downfall
word2vec,0.004911696072667837,neither,languid
word2vec,0.9919784665107727,shared,studies
word2vec,0.9847041964530945,shared,daily
word2vec,0.9999998807907104,neither,hd
word2vec,-0.00010150341404369101,neither,embracing
word2vec,0.9999998807907104,neither,virginity
word2vec,0.16489501297473907,neither,stiffly
word2vec,0.9604766368865967,shared,naturally
word2vec,1.0,a_only,arians
word2vec,0.965762734413147,shared,rush
word2vec,-0.003409542376175523,neither,unexpectedly
word2vec,1.0,neither,rhetorical
word2vec,0.017597179859876633,b_only,gigantic
word2vec,1.0,neither,greco
word2vec,1.0000001192092896,a_only,asparagales
word2vec,0.9820714592933655,shared,attempt
word2vec,0.9901524782180786,shared,invented
word2vec,0.9999999403953552,neither,sculley
word2vec,0.04168371856212616,b_only,peeping
word2vec,0.13361304998397827,b_only,wonderfully
word2vec,0.18829673528671265,neither,wigged
word2vec,1.0,neither,arlington
word2vec,1.0000001192092896,neither,dante
word2vec,0.9908090233802795,shared,admission
word2vec,1.0,neither,persephone
word2vec,0.9999998807907104,neither,pherae
word2vec,1.0000001192092896,a_only,declares
word2vec,0.9904630184173584,shared,giant
word2vec,1.0000001192092896,a_only,temples
word2vec,1.0000001192092896,a_only,formula
word2vec,0.9999999403953552,a_only,anthony
word2vec,0.9999999403953552,a_only,algerian
word2vec,-0.04418521374464035,neither,ample
word2vec,1.0000001192092896,a_only,abydos
word2vec,0.9166043996810913,shared,wanted
word2vec,1.0,neither,nucleophilic
word2vec,0.9543246030807495,shared,tears
word2vec,0.9999998807907104,neither,ehret
word2vec,1.0,neither,marcellinus
word2vec,-0.009521976113319397,b_only,raging
word2vec,1.0,a_only,director
word2vec,1.0000001192092896,a_only,jobs
word2vec,1.0,neither,berger
word2vec,0.9915286898612976,neither,loads
word2vec,0.11795627325773239,neither,pone
word2vec,0.9367209076881409,shared,peace
word2vec,1.0000001192092896,a_only,legacy
word2vec,0.995463490486145,shared,control
word2vec,-0.09373565763235092,neither,congenial
word2vec,-0.2964763939380646,b_only,sich
word2vec,0.9601795673370361,shared,thin
word2vec,0.9459337592124939,shared,sugar
word2vec,0.2595268189907074,neither,nothings
word2vec,-0.025219636037945747,b_only,17
word2vec,1.0,a_only,sheen
word2vec,0.14632803201675415,b_only,swallow
word2vec,0.08795715868473053,neither,outstretched
word2vec,0.8039335012435913,shared,only
word2vec,1.0000001192092896,neither,indication
word2vec,1.0,neither,destinations
word2vec,1.0000001192092896,a_only,format
word2vec,1.0,neither,jewelry
word2vec,0.991409182548523,shared,destined
word2vec,0.9760132431983948,shared,twilight
word2vec,-0.12173424661159515,neither,mournfully
word2vec,-0.12221603095531464,neither,shiny
word2vec,-0.020428979769349098,neither,prudent
word2vec,1.0,a_only,baron
word2vec,1.0000001192092896,neither,shipbuilding
word2vec,1.0000001192092896,a_only,typical
word2vec,-0.10956551134586334,b_only,heap
word2vec,0.8869258761405945,shared,everything
word2vec,1.0000001192092896,a_only,benny
word2vec,0.9775928258895874,shared,chest
word2vec,0.8310376405715942,shared,faces
word2vec,0.9918193817138672,shared,efforts
word2vec,0.9918552041053772,shared,loses
word2vec,0.9974793195724487,shared,designs
word2vec,0.9658398032188416,shared,ate
word2vec,1.0000001192092896,a_only,fred
word2vec,0.09740211069583893,neither,rustle
word2vec,1.0,neither,faa
word2vec,0.1274915486574173,neither,playfully
word2vec,0.984600305557251,shared,equally
word2vec,0.0662388876080513,neither,flowed
word2vec,0.05131120979785919,neither,hogshead
word2vec,0.02049338072538376,b_only,wrist
word2vec,0.9999998807907104,a_only,unity
word2vec,0.05052229389548302,neither,fangs
word2vec,0.1260562688112259,neither,unjustly
word2vec,0.9730104804039001,shared,trial
word2vec,0.9992569088935852,shared,struggles
word2vec,1.0,neither,hawke
word2vec,1.0,neither,programme
word2vec,1.0,neither,seti
word2vec,0.9999999403953552,a_only,indigenous
word2vec,0.9046897292137146,shared,repeated
word2vec,1.0000001192092896,neither,membrane
word2vec,0.7787802815437317,shared,business
word2vec,0.9739710092544556,shared,wicked
word2vec,0.9999999403953552,neither,aberdeenshire
word2vec,1.0,neither,attacking
word2vec,1.0,neither,cs
word2vec,1.0,neither,sidewise
word2vec,1.0,neither,curiosities
word2vec,0.9980812668800354,shared,transformed
word2vec,0.9968542456626892,shared,nineteenth
word2vec,0.9841408729553223,shared,clay
word2vec,0.9999998807907104,a_only,minimum
word2vec,0.9999999403953552,a_only,harbor
word2vec,-0.0367431677877903,neither,bloxam
word2vec,0.19594985246658325,neither,boldly
word2vec,0.9852315187454224,shared,instrument
word2vec,1.0,neither,ignosticism
word2vec,1.0,neither,poster
word2vec,0.8018808960914612,shared,out
word2vec,0.9999998807907104,a_only,unclear
word2vec,0.9958652853965759,shared,pupil
word2vec,-0.01829862780869007,neither,picks
word2vec,0.9977704286575317,shared,merit
word2vec,0.19832681119441986,b_only,tumbling
word2vec,1.0000001192092896,a_only,cyprus
word2vec,1.0,neither,dominicans
word2vec,1.0000001192092896,a_only,remedies
word2vec,0.872921884059906,shared,road
word2vec,1.0,neither,dasyprocta
word2vec,1.0,a_only,arslan
word2vec,0.9951845407485962,shared,premises
word2vec,-0.15458890795707703,b_only,trembling
word2vec,0.9668788313865662,shared,learned
word2vec,0.9623736143112183,shared,bob
word2vec,0.998114824295044,shared,bind
word2vec,1.0000001192092896,neither,neurone
word2vec,0.9621655941009521,shared,passenger
word2vec,0.9903240203857422,shared,satisfy
word2vec,0.9892995357513428,shared,messages
word2vec,0.9999999403953552,neither,proprietary
word2vec,0.05003315582871437,neither,scoundrel
word2vec,0.9867809414863586,shared,sliding
word2vec,0.9937776327133179,shared,respects
word2vec,1.0,a_only,fide
word2vec,-0.03386867046356201,neither,bulky
word2vec,0.8693994879722595,shared,wine
word2vec,0.9912129640579224,shared,philosophy
word2vec,0.232577845454216,neither,thunderstorm
word2vec,0.998812735080719,shared,knights
word2vec,0.08455447107553482,neither,singleton
word2vec,1.0,neither,az
word2vec,1.0,neither,cocaine
word2vec,1.0,neither,frustration
word2vec,1.0000001192092896,neither,annabella
word2vec,0.1629684567451477,neither,cooee
word2vec,1.0,neither,recount
word2vec,0.9999999403953552,neither,chang
word2vec,0.9999999403953552,neither,pastor
word2vec,0.17280572652816772,neither,preach
word2vec,0.0606062114238739,b_only,sensations
word2vec,0.030373238027095795,neither,fork
word2vec,0.996593713760376,shared,muscles
word2vec,0.06273555755615234,b_only,wuz
word2vec,0.9999999403953552,neither,adverse
word2vec,0.9999999403953552,a_only,civilizations
word2vec,1.0000001192092896,a_only,quattro
word2vec,-0.01656511053442955,neither,squeaked
word2vec,0.9707627296447754,shared,square
word2vec,0.002247426426038146,neither,affliction
word2vec,-0.21590663492679596,b_only,cracked
word2vec,0.9976196885108948,shared,extensive
word2vec,0.8924189805984497,shared,try
word2vec,0.2526957392692566,neither,merciful
word2vec,0.21145330369472504,neither,delusion
word2vec,-0.1573970466852188,b_only,uneasy
word2vec,0.033603083342313766,b_only,slip
word2vec,1.0000001192092896,a_only,migration
word2vec,0.8050202131271362,shared,house
word2vec,0.9851667881011963,shared,shown
word2vec,0.8833358883857727,shared,gone
word2vec,1.0000001192092896,a_only,manufacturer
word2vec,0.9999999403953552,neither,rudolf
word2vec,0.15113551914691925,neither,inconvenient
word2vec,1.0,a_only,comparable
word2vec,1.0,a_only,cultures
word2vec,0.08954821527004242,b_only,lucases
word2vec,0.9641175270080566,shared,art
word2vec,0.0635409951210022,neither,soften
word2vec,0.9769464731216431,shared,joke
word2vec,1.0,neither,patzig
word2vec,1.0,neither,causality
word2vec,0.9999998807907104,neither,totalitarian
word2vec,0.24161997437477112,neither,aha
word2vec,0.9409292936325073,shared,adventure
word2vec,0.9949837923049927,shared,root
word2vec,0.9999998807907104,neither,cosmological
word2vec,0.9821107387542725,shared,fighting
word2vec,0.02150869183242321,neither,deem
word2vec,0.14444296061992645,neither,furies
word2vec,0.952693521976471,shared,forward
word2vec,-0.030493667349219322,b_only,grim
word2vec,0.15436339378356934,neither,afar
word2vec,1.0000001192092896,neither,angular
word2vec,0.09608740359544754,neither,boss
word2vec,0.009123235940933228,b_only,2
word2vec,1.0,neither,sura
word2vec,1.0000001192092896,a_only,biology
word2vec,0.08577162027359009,neither,fanciful
word2vec,1.0000001192092896,a_only,educational
word2vec,0.9884077310562134,shared,accused
word2vec,0.9534888863563538,shared,singing
word2vec,1.0,neither,pressured
word2vec,0.957664430141449,shared,although
word2vec,1.0,neither,pegasus
word2vec,0.9999999403953552,neither,banach
word2vec,1.0,neither,yad
word2vec,1.0000001192092896,neither,traumatic
word2vec,0.894951343536377,shared,tried
word2vec,-0.05437706410884857,neither,cords
word2vec,1.0,neither,monasticism
word2vec,0.9999999403953552,neither,liturgy
word2vec,1.0,a_only,utopian
word2vec,0.9949354529380798,shared,applied
word2vec,0.9597692489624023,shared,cool
word2vec,0.9982119202613831,shared,tradition
word2vec,1.0,neither,jets
word2vec,1.0,neither,copeland
word2vec,1.0,neither,leiden
word2vec,0.05618936941027641,b_only,sinister
word2vec,-0.016563769429922104,b_only,coroner
word2vec,0.10440952330827713,b_only,fantastic
word2vec,1.0,neither,duchy
word2vec,0.04972396418452263,neither,moustache
word2vec,1.0,a_only,del
word2vec,1.0,a_only,armor
word2vec,0.13962620496749878,b_only,dern
word2vec,0.09687484055757523,neither,swelling
word2vec,1.0,neither,requests
word2vec,0.8919389843940735,shared,n
word2vec,0.9919072389602661,shared,ancient
word2vec,1.0,a_only,differences
word2vec,0.9974822998046875,shared,accordance
word2vec,0.9653845429420471,shared,pull
word2vec,0.9999999403953552,neither,bartlett
word2vec,0.9999999403953552,neither,noodles
word2vec,0.976223349571228,shared,proper
word2vec,1.0,neither,oneself
word2vec,0.9673874974250793,shared,acquainted
word2vec,0.9999998807907104,neither,incompatible
word2vec,1.0,a_only,spacecraft
word2vec,0.9963142275810242,shared,stress
word2vec,-0.0239748302847147,b_only,triumphantly
word2vec,0.9999998807907104,a_only,median
word2vec,1.0,a_only,doyle
word2vec,0.9999998807907104,neither,apostol
word2vec,0.05659782141447067,neither,sulky
word2vec,0.05172991752624512,b_only,peering
word2vec,-0.032864414155483246,neither,cheerily
word2vec,0.9961992502212524,shared,compact
word2vec,1.0000001192092896,a_only,technology
word2vec,0.9794110655784607,shared,souls
word2vec,1.0,neither,perspectives
word2vec,1.0,neither,laptop
word2vec,0.96133953332901,shared,recovered
word2vec,1.0,neither,kinship
word2vec,0.07636433839797974,b_only,vacant
word2vec,0.9137078523635864,shared,spy
word2vec,0.711248517036438,shared,chapter
word2vec,1.0,a_only,stadium
word2vec,1.0,a_only,economies
word2vec,0.03304242715239525,b_only,ebook
word2vec,0.9841805100440979,shared,landing
word2vec,0.9864363074302673,shared,temple
word2vec,0.9999999403953552,a_only,critics
word2vec,1.0000001192092896,a_only,identifies
word2vec,0.9999999403953552,neither,witt
word2vec,0.9934638738632202,shared,tastes
word2vec,1.0000001192092896,a_only,equator
word2vec,1.0000001192092896,neither,coefficients
word2vec,1.0,neither,prescribed
word2vec,0.26794934272766113,b_only,jackal
word2vec,0.6086382865905762,neither,stoper
word2vec,0.10747080296278,neither,aristocrat
word2vec,1.0,neither,fleeing
word2vec,0.9986726641654968,shared,courtesy
word2vec,0.9767669439315796,shared,necessary
word2vec,0.2592150866985321,neither,majestic
word2vec,0.9864215850830078,shared,fourteen
word2vec,-0.05359804630279541,b_only,thoughtfully
word2vec,0.9637685418128967,shared,view
word2vec,1.0,neither,labeled
word2vec,0.9999999403953552,neither,periodicals
word2vec,0.08913182467222214,neither,quiver
word2vec,0.05059128254652023,b_only,clutched
word2vec,0.9719809889793396,shared,takes
word2vec,0.9272825717926025,shared,floor
word2vec,0.9903162717819214,shared,qualities
word2vec,0.9856362342834473,shared,labour
word2vec,1.0,neither,mathfrak
word2vec,1.0,neither,assaults
word2vec,1.0,a_only,combining
word2vec,1.0,neither,devised
word2vec,1.0000001192092896,neither,averroes
word2vec,1.0,a_only,corinth
word2vec,1.0,neither,wilkes
word2vec,0.9999999403953552,neither,grimm
word2vec,0.29243922233581543,neither,unimpeachable
word2vec,-0.05349496752023697,b_only,budge
word2vec,0.07771792262792587,neither,buttoned
word2vec,1.0,neither,investments
word2vec,0.9918426275253296,shared,xiii
word2vec,1.0,neither,tyre
word2vec,0.2214699387550354,b_only,dismal
word2vec,1.0,neither,artificially
word2vec,1.0,neither,atc
word2vec,1.0000001192092896,a_only,morocco
word2vec,0.7872337698936462,shared,get
word2vec,0.9999999403953552,neither,somerset
word2vec,1.0000001192092896,neither,polynomials
word2vec,0.9999999403953552,neither,penchant
word2vec,0.9999999403953552,neither,gaseous
word2vec,1.0000001192092896,a_only,vowel
word2vec,0.9174988269805908,shared,thousand
word2vec,1.0,a_only,inc
word2vec,0.9935188293457031,shared,reform
word2vec,1.0000001192092896,neither,proportional
word2vec,0.9999998807907104,neither,atoll
word2vec,0.2074066549539566,neither,briony
word2vec,1.0,neither,unfamiliar
word2vec,1.0,neither,shi
word2vec,1.0,a_only,functional
word2vec,0.12966160476207733,neither,chilled
word2vec,1.0000001192092896,neither,flawed
word2vec,0.9999999403953552,neither,tu
word2vec,1.0,neither,zesi
word2vec,0.966050386428833,shared,mainly
word2vec,0.9973199963569641,shared,register
word2vec,1.0,neither,enclosure
word2vec,-0.09232258796691895,neither,butt
word2vec,-0.016428561881184578,neither,slipping
word2vec,1.0,neither,carrot
word2vec,0.9110485315322876,shared,river
word2vec,0.9999999403953552,a_only,urban
word2vec,0.9955803751945496,shared,measured
word2vec,1.0000001192092896,neither,bletchley
word2vec,0.9948909878730774,shared,variety
word2vec,1.0,a_only,stored
word2vec,0.9956880807876587,shared,recognize
word2vec,-0.034845270216464996,neither,singly
word2vec,0.1446807086467743,neither,xxxiii
word2vec,1.0,neither,hearst
word2vec,1.0,neither,mapped
word2vec,1.0,neither,exchanges
word2vec,0.9999998807907104,a_only,products
word2vec,0.9999999403953552,neither,sas
word2vec,0.9893231391906738,shared,relieve
word2vec,0.9766029119491577,shared,virtue
word2vec,0.9879217743873596,shared,bang
word2vec,1.0000001192092896,a_only,lateral
word2vec,0.05887354537844658,b_only,spectacle
word2vec,0.5589869618415833,shared,peter
word2vec,0.9772204160690308,shared,directed
word2vec,0.9605647921562195,shared,noble
word2vec,1.0,neither,ilife
word2vec,0.09819605201482773,neither,sollermun
word2vec,0.9999999403953552,a_only,neolithic
word2vec,0.9974660873413086,shared,reverence
word2vec,0.9952470064163208,shared,reluctant
word2vec,0.9999999403953552,a_only,parthenon
word2vec,0.08138001710176468,neither,splash
word2vec,1.0,neither,hp
word2vec,0.9999998807907104,neither,metis
word2vec,0.9999998807907104,a_only,representation
word2vec,1.0,a_only,warrior
word2vec,0.9862203598022461,shared,measure
word2vec,0.9999998807907104,neither,durrani
word2vec,0.9373940825462341,shared,sky
word2vec,0.9999999403953552,neither,rejecting
word2vec,0.9867297410964966,shared,declined
word2vec,-0.04591285064816475,neither,exclaim
word2vec,1.0000001192092896,a_only,marple
word2vec,1.0000001192092896,neither,vulture
word2vec,1.0,a_only,revolt
word2vec,0.9765958189964294,shared,corpse
word2vec,0.1547936499118805,neither,coburg
word2vec,0.01778181828558445,neither,whirled
word2vec,-0.031025009229779243,neither,packet
word2vec,0.1194714680314064,neither,lamplight
word2vec,0.08699268102645874,b_only,washing
word2vec,1.0000001192092896,neither,goat
word2vec,1.0,neither,modeled
word2vec,0.8431450724601746,shared,girl
word2vec,0.9734706878662109,shared,excited
word2vec,0.9859558939933777,shared,interfere
word2vec,0.9999999403953552,neither,visa
word2vec,0.9999999403953552,neither,verified
word2vec,0.08329594880342484,neither,provoking
word2vec,0.14010758697986603,b_only,paddled
word2vec,0.7761369347572327,shared,but
word2vec,0.9999999403953552,a_only,network
word2vec,0.9890691637992859,shared,mankind
word2vec,0.9991995096206665,shared,survived
word2vec,0.9999998807907104,a_only,origen
word2vec,1.0,neither,unexpired
word2vec,0.9999999403953552,a_only,thirds
word2vec,1.0,a_only,mans
word2vec,0.9999999403953552,neither,intolerance
word2vec,0.9952895045280457,shared,physician
word2vec,0.9983455538749695,shared,india
word2vec,0.9999998807907104,a_only,gasoline
word2vec,0.9999998807907104,neither,siliceous
word2vec,1.0000001192092896,a_only,vedic
word2vec,-0.015712041407823563,neither,sympathised
word2vec,0.9999998807907104,a_only,dorothy
word2vec,0.9781445860862732,shared,latter
word2vec,0.9999999403953552,neither,rabbi
word2vec,0.9921534061431885,shared,destination
word2vec,1.0,neither,slot
word2vec,0.9869337677955627,shared,wrought
word2vec,0.8375471234321594,shared,good
word2vec,0.9999999403953552,a_only,diagnosis
word2vec,1.0000001192092896,a_only,percent
word2vec,0.809756875038147,shared,en
word2vec,1.0,neither,lawson
word2vec,0.9999998807907104,a_only,israeli
word2vec,0.7035641670227051,shared,it
word2vec,1.0,a_only,crater
word2vec,0.7756398916244507,shared,mind
word2vec,0.08847308158874512,neither,kissing
word2vec,0.9517358541488647,shared,catch
word2vec,0.9900909066200256,shared,rights
word2vec,1.0000001192092896,a_only,transition
word2vec,1.0,a_only,offense
word2vec,0.9633135795593262,shared,pa
word2vec,0.037747450172901154,b_only,lighted
word2vec,0.9892014265060425,shared,consciousness
word2vec,0.9999998807907104,neither,ulysses
word2vec,1.0,a_only,tarkovsky
word2vec,1.0,a_only,anagrams
word2vec,1.0,a_only,albania
word2vec,1.0,neither,lenoir
word2vec,0.12245464324951172,neither,habitation
word2vec,0.08380494266748428,neither,spaulding
word2vec,0.9937662482261658,shared,pearl
word2vec,-0.02298606000840664,neither,twinkling
word2vec,1.0000001192092896,neither,literal
word2vec,0.09053192287683487,neither,warehouses
word2vec,0.014556808397173882,b_only,guillotine
word2vec,0.9730956554412842,shared,limb
word2vec,1.0,a_only,jungle
word2vec,0.14614258706569672,neither,phantom
word2vec,0.9999998807907104,neither,aleutians
word2vec,0.9979919791221619,shared,prejudice
word2vec,1.0000001192092896,neither,newark
word2vec,0.9999999403953552,neither,methanogens
word2vec,0.11258970946073532,neither,sympathize
word2vec,0.23451939225196838,b_only,grandeur
word2vec,0.8688005208969116,shared,kind
word2vec,0.9964123368263245,shared,coincidence
word2vec,0.9999999403953552,neither,mined
word2vec,1.0,a_only,significantly
word2vec,1.0000001192092896,neither,unicameral
word2vec,-0.07145469635725021,b_only,hurrying
word2vec,0.9999999403953552,a_only,contemporary
word2vec,0.9999999403953552,a_only,founding
word2vec,0.9878134727478027,shared,agrippa
word2vec,0.9556596875190735,shared,french
word2vec,0.9862024188041687,shared,cell
word2vec,0.9999999403953552,a_only,unit
word2vec,0.9999998807907104,neither,reorganized
word2vec,0.9863380789756775,shared,club
word2vec,0.9109925031661987,shared,de
word2vec,0.9910947680473328,shared,representing
word2vec,0.976615846157074,shared,holt
word2vec,0.08021910488605499,neither,creak
word2vec,1.0000001192092896,a_only,gore
word2vec,0.06620252877473831,b_only,warmth
word2vec,0.8437951803207397,shared,sat
word2vec,0.9973235726356506,shared,eighteenth
word2vec,0.9943434000015259,shared,closest
word2vec,0.8788440823554993,shared,friends
word2vec,1.0,a_only,conventions
word2vec,1.0,a_only,spartan
word2vec,-0.01023775152862072,b_only,gazing
word2vec,0.9725716710090637,shared,upset
word2vec,0.9552106857299805,shared,cents
word2vec,1.0000001192092896,neither,flavor
word2vec,0.9787862300872803,shared,complete
word2vec,0.87685626745224,shared,wouldn
word2vec,0.9946720600128174,shared,owe
word2vec,1.0000001192092896,neither,initialisms
word2vec,0.9999998807907104,a_only,hypothesis
word2vec,0.9743010401725769,shared,pen
word2vec,0.9849873781204224,shared,behaved
word2vec,1.0000001192092896,a_only,luther
word2vec,1.0000001192092896,neither,factories
word2vec,-0.2057296633720398,b_only,streak
word2vec,1.0000001192092896,a_only,berlin
word2vec,0.9722033739089966,shared,feeble
word2vec,1.0,neither,antitheism
word2vec,-0.08327727019786835,b_only,hastily
word2vec,0.996854305267334,shared,usage
word2vec,1.0,neither,cubic
word2vec,-0.04664280638098717,neither,favourites
word2vec,0.962027370929718,shared,murder
word2vec,1.0000001192092896,neither,andrews
word2vec,0.9844509363174438,shared,difficult
word2vec,1.0000001192092896,neither,antecedent
word2vec,0.8901147842407227,shared,sight
word2vec,0.9984601140022278,shared,discretion
word2vec,0.9906973838806152,shared,holder
word2vec,1.0000001192092896,neither,erich
word2vec,0.9889304041862488,shared,capital
word2vec,0.9933724999427795,shared,performance
word2vec,0.9964359402656555,shared,acquire
word2vec,1.0,neither,bio
word2vec,0.9873915910720825,shared,alfred
word2vec,1.0,neither,hversu
word2vec,1.0,a_only,colonies
word2vec,1.0,a_only,cluny
word2vec,1.0,neither,chattanooga
word2vec,0.9490721821784973,shared,disappeared
word2vec,0.9963454604148865,shared,palm
word2vec,1.0,neither,viking
word2vec,0.9900842905044556,shared,obtained
word2vec,-0.07624261826276779,b_only,furious
word2vec,0.9984137415885925,shared,accuse
word2vec,0.9509774446487427,shared,hay
word2vec,0.9999998807907104,a_only,decreasing
word2vec,0.9999998807907104,a_only,canterbury
word2vec,0.14053206145763397,neither,stumbled
word2vec,0.9652203917503357,shared,surely
word2vec,0.01912321150302887,neither,nearing
word2vec,-0.017735397443175316,neither,haunts
word2vec,1.0,neither,hybrids
word2vec,1.0,a_only,launches
word2vec,1.0,neither,ontological
word2vec,0.9999999403953552,a_only,modification
word2vec,0.9999999403953552,neither,larvae
word2vec,1.0,neither,abbotsford
word2vec,1.0,a_only,sporting
word2vec,1.0000001192092896,a_only,feeding
word2vec,0.9739434719085693,shared,yield
word2vec,0.998164176940918,shared,abilities
word2vec,-0.07033305615186691,b_only,morrow
word2vec,1.0,neither,dopamine
word2vec,0.13531279563903809,neither,barked
word2vec,0.9857645034790039,shared,ruined
word2vec,1.0,neither,sur
word2vec,0.183335542678833,b_only,growled
word2vec,1.0000001192092896,a_only,controlled
word2vec,0.9879469275474548,shared,level
word2vec,1.0,a_only,afl
word2vec,0.010515177622437477,b_only,borrow
word2vec,1.0000001192092896,neither,cluniac
word2vec,0.08540364354848862,neither,brightness
word2vec,0.998344898223877,shared,witnessed
word2vec,1.0,a_only,exhibits
word2vec,0.9890038371086121,shared,elevated
word2vec,0.9999999403953552,a_only,parallels
word2vec,0.9999999403953552,a_only,canal
word2vec,1.0,neither,ut
word2vec,1.0,neither,zip
word2vec,0.9999999403953552,neither,lorenz
word2vec,1.0,neither,aise
word2vec,1.0,neither,renault
word2vec,-0.06869519501924515,neither,anon
word2vec,0.006785999517887831,neither,bled
word2vec,1.0000001192092896,a_only,geometry
word2vec,0.9999999403953552,neither,qi
word2vec,1.0,a_only,acropolis
word2vec,0.9861569404602051,shared,cradle
word2vec,1.0,neither,hoc
word2vec,0.1791711300611496,neither,tapping
word2vec,1.0,a_only,promoted
word2vec,0.12669414281845093,b_only,solicitude
word2vec,0.9721190929412842,shared,future
word2vec,0.9970870018005371,shared,charity
word2vec,0.9999998807907104,neither,popularized
word2vec,0.2654467523097992,neither,forgiveness
word2vec,0.048274751752614975,b_only,happier
word2vec,1.0000001192092896,neither,manitoba
word2vec,1.0000001192092896,a_only,advent
word2vec,1.0,neither,hinduism
word2vec,0.9137123823165894,shared,lot
word2vec,0.9999999403953552,a_only,vertical
word2vec,0.8486157059669495,shared,may
word2vec,0.8568406105041504,shared,being
word2vec,1.0000001192092896,a_only,traditionally
word2vec,0.9965164065361023,shared,ancestors
word2vec,0.9866299629211426,shared,brute
word2vec,1.0000001192092896,a_only,kenya
word2vec,1.0,a_only,gdp
word2vec,1.0000001192092896,neither,proteles
word2vec,0.9999999403953552,a_only,capitalism
word2vec,0.9999998807907104,a_only,christianity
word2vec,1.0,neither,reacted
word2vec,0.9999998807907104,neither,kjv
word2vec,1.0,a_only,wimbledon
word2vec,0.9996567368507385,shared,necessarily
word2vec,0.04527776315808296,neither,lobsters
word2vec,0.03524952754378319,neither,booming
word2vec,1.0,a_only,polynomial
word2vec,-0.027871709316968918,b_only,partiality
word2vec,0.9999999403953552,a_only,claudius
word2vec,0.9781755208969116,shared,relations
word2vec,1.0,a_only,decisive
word2vec,-0.04305475577712059,b_only,woe
word2vec,1.0000001192092896,neither,looted
word2vec,0.9999999403953552,neither,weinberg
word2vec,-0.07070748507976532,neither,darker
word2vec,0.985494077205658,shared,flag
word2vec,0.4981468915939331,shared,ain
word2vec,0.010429829359054565,neither,sparks
word2vec,1.0,a_only,receiver
word2vec,1.0,a_only,toll
word2vec,0.9728587865829468,shared,destroyed
word2vec,1.0000001192092896,a_only,nazis
word2vec,0.9926442503929138,shared,incredible
word2vec,0.9729084968566895,shared,double
word2vec,-0.018120935186743736,neither,assures
word2vec,1.0,neither,illnesses
word2vec,1.0,a_only,hermann
word2vec,-0.01946302503347397,neither,arkansaw
word2vec,1.0,a_only,literally
word2vec,0.04644159600138664,neither,blackness
word2vec,0.9972420334815979,shared,regions
word2vec,0.19308538734912872,b_only,whoop
word2vec,1.0000001192092896,a_only,meteorites
word2vec,0.9999998807907104,a_only,hereditary
word2vec,0.9835488796234131,shared,cover
word2vec,0.9764164090156555,shared,destruction
word2vec,1.0000001192092896,a_only,engineers
word2vec,1.0000001192092896,neither,handheld
word2vec,1.0,neither,succinic
word2vec,0.9999998807907104,neither,radcliffe
word2vec,0.05825912952423096,neither,homicidal
word2vec,1.0,neither,countable
word2vec,-0.22258058190345764,neither,deftly
word2vec,0.999413251876831,shared,manager
word2vec,1.0,a_only,southwest
word2vec,1.0,neither,algerians
word2vec,0.9924561977386475,shared,conference
word2vec,0.928171694278717,shared,monster
word2vec,1.0000001192092896,neither,rewards
word2vec,0.09556730091571808,neither,easiest
word2vec,0.17203058302402496,b_only,winchester
word2vec,1.0,neither,modifications
word2vec,0.9878719449043274,shared,wives
word2vec,1.0,a_only,bavarian
word2vec,0.999880313873291,shared,january
word2vec,0.8812373876571655,shared,against
word2vec,1.0,neither,autos
word2vec,0.9440800547599792,shared,therefore
word2vec,0.9164755344390869,shared,raising
word2vec,1.0,neither,pear
word2vec,0.9944447875022888,shared,employ
word2vec,1.0,a_only,proposition
word2vec,0.98051518201828,shared,tones
word2vec,0.987240195274353,shared,oath
word2vec,1.0000001192092896,neither,ester
word2vec,1.0000001192092896,neither,baku
word2vec,1.0,neither,ethnicity
word2vec,0.9988675713539124,shared,professional
word2vec,1.0,a_only,ashoka
word2vec,0.9436009526252747,shared,creating
word2vec,0.9999999403953552,a_only,shots
word2vec,0.9999998807907104,a_only,aromatic
word2vec,1.0000001192092896,a_only,veterans
word2vec,0.9608128666877747,shared,howl
word2vec,0.9936457276344299,shared,heavier
word2vec,1.0,neither,blend
word2vec,1.0000001192092896,a_only,analog
word2vec,1.0,neither,boatner
word2vec,0.9859556555747986,shared,hence
word2vec,0.9816337823867798,shared,silver
word2vec,-0.09123615175485611,b_only,alarming
word2vec,1.0,a_only,anaconda
word2vec,1.0000001192092896,neither,hotly
word2vec,0.9740450382232666,shared,france
word2vec,0.04383719339966774,neither,unkind
word2vec,0.990682065486908,shared,stout
word2vec,0.9794145226478577,shared,noon
word2vec,1.0000001192092896,neither,protestantism
word2vec,0.9301229119300842,shared,daytime
word2vec,0.9999998807907104,neither,downloaded
word2vec,1.0,neither,initialism
word2vec,1.0,neither,ukraine
word2vec,1.0000001192092896,a_only,easter
word2vec,0.04269495606422424,neither,environs
word2vec,0.99068284034729,shared,regarded
word2vec,0.9570157527923584,shared,thanks
word2vec,1.0000001192092896,neither,sorting
word2vec,0.9999999403953552,neither,thrice
word2vec,0.021129673346877098,neither,sack
word2vec,1.0,a_only,kilgore
word2vec,1.0000001192092896,neither,planetary
word2vec,0.9839716553688049,shared,check
word2vec,1.0,neither,huacaya
word2vec,0.04232828691601753,b_only,polite
word2vec,0.12032589316368103,neither,theatrical
word2vec,-0.040525805205106735,neither,piercing
word2vec,0.9360656142234802,shared,innocent
word2vec,0.8353155255317688,shared,told
word2vec,1.0,neither,nigeria
word2vec,1.0000001192092896,neither,bactrian
word2vec,0.09750211238861084,neither,kettleness
word2vec,0.9918090105056763,shared,distinguish
word2vec,1.0,neither,transcendent
word2vec,1.0000001192092896,a_only,capita
word2vec,0.9846404790878296,shared,margaret
word2vec,1.0,neither,hyacinthus
word2vec,0.9982694387435913,shared,proportion
word2vec,-0.14656011760234833,b_only,chimney
word2vec,0.9988399744033813,shared,concentration
word2vec,0.08671797811985016,neither,maow
word2vec,0.9951081275939941,shared,trail
word2vec,1.0,neither,transponder
word2vec,1.0,neither,aegisthus
word2vec,-0.027530087158083916,neither,scornful
word2vec,0.9995056390762329,shared,pope
word2vec,0.9958533048629761,shared,error
word2vec,0.9769425988197327,shared,barrel
word2vec,1.0,neither,szil
word2vec,0.9999998807907104,neither,machinations
word2vec,1.0000001192092896,neither,diabetes
word2vec,-0.19576255977153778,b_only,spoiled
word2vec,-0.10123194009065628,neither,respectfully
word2vec,1.0,neither,brakes
word2vec,0.975616991519928,shared,endure
word2vec,0.9930726289749146,shared,ii
word2vec,1.0000001192092896,neither,lynn
word2vec,1.0000001192092896,neither,outposts
word2vec,0.07593721896409988,neither,sirs
word2vec,0.8008024096488953,shared,man
word2vec,0.9949117302894592,shared,decay
word2vec,1.0,neither,initiation
word2vec,0.9999999403953552,neither,grapnel
word2vec,0.9999998807907104,neither,azeris
word2vec,0.016259612515568733,neither,tilted
word2vec,0.9999998807907104,neither,narratives
word2vec,0.13054214417934418,neither,calico
word2vec,1.0000001192092896,neither,couples
word2vec,0.9999999403953552,a_only,numbering
word2vec,0.9992507100105286,shared,limitations
word2vec,0.924146294593811,shared,walking
word2vec,0.9902478456497192,shared,capture
word2vec,0.06842979043722153,neither,wiped
word2vec,0.9978770017623901,shared,copied
word2vec,0.012436261400580406,b_only,bride
word2vec,0.9924229979515076,shared,shops
word2vec,1.0,neither,isothermal
word2vec,1.0000001192092896,neither,feminism
word2vec,0.998279333114624,shared,reasoning
word2vec,0.22732852399349213,neither,adventurous
word2vec,0.9999998807907104,neither,cementing
word2vec,1.0,a_only,resin
word2vec,1.0,neither,gif
word2vec,1.0,neither,lifeboat
word2vec,1.0,a_only,journals
word2vec,-0.005355030298233032,b_only,westenra
word2vec,1.0,neither,slobodan
word2vec,0.021958863362669945,neither,unequal
word2vec,-0.05796626955270767,b_only,scar
word2vec,0.999786913394928,shared,ross
word2vec,0.9969674348831177,shared,swing
word2vec,1.0000001192092896,a_only,ratio
word2vec,1.0,a_only,cambrian
word2vec,1.0,neither,foster
word2vec,0.01854603737592697,neither,moss
word2vec,0.1313697248697281,neither,mourn
word2vec,1.0,neither,managers
word2vec,0.9969474673271179,shared,merits
word2vec,0.9712225198745728,shared,result
word2vec,-0.010083550587296486,neither,lessen
word2vec,0.9999999403953552,a_only,armies
word2vec,1.0,neither,nucleosynthesis
word2vec,-0.021236248314380646,b_only,shook
word2vec,0.041070327162742615,neither,streaming
word2vec,1.0,a_only,anchoring
word2vec,1.0000001192092896,neither,avoidance
word2vec,0.9650817513465881,shared,gimme
word2vec,0.16121980547904968,neither,harden
word2vec,-0.02858797274529934,b_only,reck
word2vec,1.0,a_only,extant
word2vec,0.11761549860239029,b_only,envy
word2vec,0.9787915349006653,shared,corners
word2vec,1.0,neither,mann
word2vec,1.0,neither,campaigning
word2vec,0.9999999403953552,neither,rep
word2vec,0.9818750619888306,shared,happening
word2vec,1.0,neither,homosexual
word2vec,0.9828011393547058,shared,lizard
word2vec,0.9876025319099426,shared,resurrection
word2vec,0.3371836245059967,b_only,bite
word2vec,0.04356105253100395,b_only,tweedledee
word2vec,0.3166659474372864,neither,pennies
word2vec,1.0,a_only,sciences
word2vec,1.0,neither,malta
word2vec,0.9524626135826111,shared,express
word2vec,1.0,neither,eicher
word2vec,1.0,a_only,synthetic
word2vec,1.0,neither,intercession
word2vec,0.9846184253692627,shared,constant
word2vec,0.9906710386276245,shared,vicious
word2vec,1.0,neither,hamitic
word2vec,0.12205079197883606,neither,guessing
word2vec,0.9667118191719055,shared,following
word2vec,0.34292152523994446,neither,vulgarity
word2vec,1.0,neither,abdicated
word2vec,0.9999998807907104,neither,berman
word2vec,0.985601007938385,shared,inclination
word2vec,0.024317342787981033,neither,dartmoor
word2vec,-0.13098956644535065,neither,rustling
word2vec,1.0,neither,dolphins
word2vec,1.0,neither,leningrad
word2vec,1.0,neither,aut
word2vec,1.0,a_only,reviews
word2vec,0.8951568007469177,shared,bread
word2vec,1.0,a_only,defense
word2vec,1.0,neither,kongo
word2vec,0.9969936609268188,shared,morality
word2vec,0.9960286617279053,shared,concerns
word2vec,1.0,neither,entrepreneurs
word2vec,0.9999999403953552,a_only,fisheries
word2vec,0.9999998807907104,neither,gage
word2vec,1.0000001192092896,a_only,agate
word2vec,1.0000001192092896,a_only,objectivist
word2vec,1.0,neither,feat
word2vec,1.0,neither,invasive
word2vec,1.0,neither,sequels
word2vec,1.0000001192092896,neither,globalization
word2vec,0.7747886776924133,shared,home
word2vec,0.9997614622116089,shared,robert
word2vec,1.0,a_only,produces
word2vec,1.0,neither,borrowing
word2vec,1.0000001192092896,neither,romulus
word2vec,0.9951956868171692,shared,shipping
word2vec,1.0,neither,moab
word2vec,0.0852467492222786,neither,battered
word2vec,0.20933061838150024,b_only,pleaded
word2vec,0.9999998807907104,neither,cartoons
word2vec,1.0000001192092896,neither,placement
word2vec,0.020689591765403748,neither,shrivelled
word2vec,-0.07558292150497437,neither,undo
word2vec,0.9494900107383728,shared,enemy
word2vec,0.11600556969642639,neither,sleeper
word2vec,0.6943892240524292,shared,said
word2vec,1.0,neither,bey
word2vec,-0.02417922392487526,b_only,sleepy
word2vec,0.9632835388183594,shared,houses
word2vec,0.9727270603179932,shared,torn
word2vec,0.9999999403953552,a_only,abbreviated
word2vec,0.9781280159950256,shared,apart
word2vec,0.9999999403953552,a_only,plural
word2vec,1.0,neither,australasia
word2vec,1.0000001192092896,neither,linking
word2vec,1.0000001192092896,neither,planners
word2vec,0.9891771674156189,shared,subtle
word2vec,1.0000001192092896,neither,gaud
word2vec,1.0000001192092896,neither,manifesto
word2vec,1.0,neither,negotiate
word2vec,0.9446057677268982,shared,opportunity
word2vec,0.9999999403953552,neither,periodically
word2vec,0.05173952504992485,b_only,curls
word2vec,0.8992594480514526,shared,pale
word2vec,1.0,neither,viennese
word2vec,1.0,neither,blore
word2vec,0.9966773986816406,shared,source
word2vec,0.003518599784001708,neither,fastening
word2vec,0.9986881613731384,shared,sources
word2vec,0.05309651046991348,neither,assented
word2vec,0.9874202013015747,shared,presents
word2vec,0.9804906249046326,shared,clearly
word2vec,0.9999999403953552,a_only,synthesis
word2vec,1.0,neither,dioceses
word2vec,1.0000001192092896,neither,comte
word2vec,0.9864542484283447,shared,neighbours
word2vec,0.17347599565982819,neither,tugged
word2vec,1.0,a_only,ancestral
word2vec,1.0,neither,oregon
word2vec,0.05367103964090347,b_only,sweat
word2vec,0.9999998807907104,neither,takeoff
word2vec,1.0,a_only,reformation
word2vec,0.9893499612808228,shared,sum
word2vec,0.05399738997220993,neither,beware
word2vec,0.07687593251466751,neither,mellow
word2vec,1.0,neither,draft
word2vec,0.9115319848060608,shared,quiet
word2vec,0.2189299613237381,b_only,smoke
word2vec,1.0,neither,bishopric
word2vec,1.0,neither,anode
word2vec,-0.029161976650357246,neither,recess
word2vec,0.9999999403953552,a_only,immune
word2vec,0.9924596548080444,shared,esteem
word2vec,0.16393648087978363,neither,blot
word2vec,1.0,a_only,ibm
word2vec,0.9849051237106323,shared,urged
word2vec,1.0,neither,eumc
word2vec,-0.015116437338292599,neither,thump
word2vec,0.06489112973213196,b_only,evr
word2vec,1.0,a_only,tolerance
word2vec,0.979088306427002,shared,lightly
word2vec,1.0000001192092896,a_only,roles
word2vec,0.9976412057876587,shared,enduring
word2vec,0.9999998807907104,neither,hodges
word2vec,1.0000001192092896,a_only,pete
word2vec,1.0,neither,berwick
word2vec,0.990182101726532,shared,smooth
word2vec,0.9999998807907104,neither,fleets
word2vec,0.9074916839599609,shared,moments
word2vec,1.0,neither,apatheism
word2vec,0.9999999403953552,a_only,leo
word2vec,0.07011691480875015,neither,cheery
word2vec,1.0,neither,blonde
word2vec,0.9878973960876465,shared,fascination
word2vec,1.0,neither,doris
word2vec,0.9945923686027527,shared,appears
word2vec,0.9930568337440491,shared,fifth
word2vec,1.0,neither,nbc
word2vec,0.34157127141952515,neither,cabman
word2vec,1.0,neither,precedence
word2vec,0.9545331001281738,shared,health
word2vec,0.995978057384491,shared,lovers
word2vec,0.9888303875923157,shared,assembled
word2vec,0.9999998807907104,neither,invaders
word2vec,0.1513608992099762,neither,straining
word2vec,-0.0317084938287735,neither,toned
word2vec,-0.09423522651195526,neither,forlorn
word2vec,0.9963788986206055,shared,regiment
word2vec,0.9568449854850769,shared,folded
word2vec,0.9999998807907104,neither,impure
word2vec,0.9958177208900452,shared,cargo
word2vec,1.0,neither,insignia
word2vec,1.0000001192092896,a_only,philadelphia
word2vec,-0.03327599912881851,b_only,cares
word2vec,0.9917285442352295,shared,stories
word2vec,1.0000001192092896,a_only,pad
word2vec,0.9915124773979187,shared,filed
word2vec,1.0,neither,operas
word2vec,0.9679182767868042,shared,waste
word2vec,0.8888582587242126,shared,gutenberg
word2vec,-0.03222358226776123,neither,fore
word2vec,0.9999999403953552,neither,maghreb
word2vec,0.9967811703681946,shared,agent
word2vec,1.0,neither,strands
word2vec,0.9844014048576355,shared,oldest
word2vec,0.9480873346328735,shared,longer
word2vec,1.0,neither,blogs
word2vec,1.0000001192092896,neither,aldine
word2vec,-0.09311900287866592,neither,spectre
word2vec,0.083987295627594,b_only,carriages
word2vec,0.08148525655269623,neither,settles
word2vec,1.0,neither,activated
word2vec,-0.04121439531445503,b_only,formidable
word2vec,0.9880533218383789,shared,regard
word2vec,0.9918315410614014,shared,facing
word2vec,0.9956064224243164,shared,enable
word2vec,1.0000001192092896,neither,alif
word2vec,0.03318105265498161,b_only,console
word2vec,1.0000001192092896,a_only,diagnosed
word2vec,1.0,neither,stereotype
word2vec,-0.020776132121682167,neither,obleeged
word2vec,0.07361667603254318,neither,pulses
word2vec,0.9999999403953552,neither,eurasian
word2vec,0.07865843176841736,neither,boyish
word2vec,1.0,a_only,anagram
word2vec,1.0000001192092896,a_only,maximum
word2vec,0.9987853169441223,shared,crop
word2vec,0.9801215529441833,shared,reserve
word2vec,1.0,neither,warwick
word2vec,0.9999998807907104,a_only,arminian
word2vec,1.0,neither,laurent
word2vec,0.9856420755386353,shared,ca
word2vec,0.9940313100814819,shared,eldest
word2vec,-0.0371604785323143,b_only,cart
word2vec,0.9829246997833252,neither,inventing
word2vec,0.0875338688492775,b_only,tenderly
word2vec,1.0,a_only,classic
word2vec,1.0000001192092896,a_only,equipment
word2vec,0.9994828701019287,shared,neutral
word2vec,-0.020205702632665634,b_only,weary
word2vec,0.9910057187080383,shared,intention
word2vec,0.9999998807907104,neither,mythical
word2vec,0.9695804715156555,shared,landed
word2vec,0.9999998807907104,a_only,quebec
word2vec,0.9371215105056763,shared,blue
word2vec,1.0,a_only,aardvark
word2vec,0.8469539284706116,shared,paying
word2vec,0.9999999403953552,neither,fellowship
word2vec,0.982654333114624,shared,rapidly
word2vec,1.0,neither,euripides
word2vec,-0.04198421165347099,b_only,ascended
word2vec,1.0,neither,metric
word2vec,0.9348884224891663,shared,march
word2vec,0.9825629591941833,shared,events
word2vec,0.9999999403953552,neither,ostrogoths
word2vec,0.9968994855880737,shared,exceeding
word2vec,0.0004126629210077226,b_only,circus
word2vec,-0.08578851073980331,b_only,oars
word2vec,1.0000001192092896,a_only,symbolism
word2vec,0.9999998807907104,neither,esa
word2vec,1.0,neither,allegory
word2vec,1.0,neither,edna
word2vec,1.0,a_only,abbot
word2vec,1.0,neither,rainforests
word2vec,1.0,neither,imaging
word2vec,1.0,neither,apse
word2vec,1.0,neither,eschatology
word2vec,0.7431909441947937,shared,looking
word2vec,1.0,a_only,yearly
word2vec,1.0,a_only,maguey
word2vec,0.9908273816108704,shared,balanced
word2vec,0.12365377694368362,b_only,manage
word2vec,0.08379163593053818,b_only,risen
word2vec,0.9992988705635071,shared,mission
word2vec,0.13878898322582245,b_only,abreast
word2vec,1.0,neither,methodism
word2vec,1.0,neither,troilus
word2vec,1.0000001192092896,neither,constituted
word2vec,1.0,neither,prominence
word2vec,0.03454098850488663,b_only,candle
word2vec,0.09885912388563156,neither,malignant
word2vec,0.9499589800834656,shared,beating
word2vec,0.10445915162563324,neither,repair
word2vec,1.0,a_only,alchemists
word2vec,1.0,neither,herring
word2vec,0.9781107902526855,shared,hundreds
word2vec,-0.0018028172198683023,neither,conceited
word2vec,1.0,neither,ace
word2vec,0.9956372380256653,shared,hi
word2vec,0.8745359778404236,shared,might
word2vec,-0.061773788183927536,neither,shirts
word2vec,1.0,a_only,continues
word2vec,0.9920441508293152,shared,intelligence
word2vec,0.21503426134586334,neither,ruddy
word2vec,0.0242881141602993,b_only,galatz
word2vec,0.18479213118553162,neither,stoke
word2vec,0.28875672817230225,b_only,weeping
word2vec,0.9962201118469238,shared,testimony
word2vec,0.9980645775794983,shared,surgeon
word2vec,1.0,a_only,advocated
word2vec,1.0,a_only,inventor
word2vec,1.0000001192092896,neither,zurich
word2vec,1.0,neither,surpassed
word2vec,1.0000001192092896,neither,censor
word2vec,0.99676913022995,shared,latin
word2vec,1.0,a_only,churchill
word2vec,0.9960942268371582,shared,provision
word2vec,1.0,neither,extremists
word2vec,0.9967606067657471,shared,jews
word2vec,0.9414142370223999,shared,unhappy
word2vec,0.9999998807907104,neither,claudian
word2vec,1.0,neither,familia
word2vec,1.0000001192092896,neither,sonic
word2vec,1.0,a_only,sensei
word2vec,0.9926368594169617,shared,asylum
word2vec,1.0,neither,gilbert
word2vec,0.3618401288986206,b_only,vexation
word2vec,0.02588913030922413,neither,receipt
word2vec,1.0,neither,elimination
word2vec,0.17535147070884705,b_only,dashed
word2vec,-0.016509201377630234,b_only,frost
word2vec,0.9999999403953552,a_only,indicate
word2vec,1.0,neither,alismatales
word2vec,1.0000001192092896,a_only,soccer
word2vec,0.998330295085907,shared,alliance
word2vec,0.9933764338493347,shared,scotland
word2vec,0.9998529553413391,shared,limits
word2vec,0.9999998807907104,a_only,aurelius
word2vec,1.0,neither,kimsey
word2vec,1.0,neither,coosa
word2vec,1.0000001192092896,neither,abelian
word2vec,0.13688594102859497,neither,hedgehog
word2vec,0.9999998807907104,a_only,resembles
word2vec,0.06828735768795013,b_only,shaken
word2vec,0.13340730965137482,neither,sharpened
word2vec,1.0,neither,emphasizing
word2vec,1.0,neither,rolls
word2vec,1.0,a_only,cartier
word2vec,0.9999998807907104,a_only,rothbard
word2vec,0.9999999403953552,neither,edmond
word2vec,1.0,a_only,aikido
word2vec,-0.051511865109205246,neither,entertaining
word2vec,0.9988550543785095,shared,binding
word2vec,1.0000001192092896,neither,mathers
word2vec,0.9999999403953552,a_only,belgian
word2vec,0.006999877747148275,b_only,blinds
word2vec,0.995934009552002,shared,obligation
word2vec,0.9876124262809753,shared,heroes
word2vec,1.0,a_only,contract
word2vec,0.9999998807907104,neither,collaborative
word2vec,0.1319350302219391,b_only,vivid
word2vec,0.9999999403953552,a_only,facility
word2vec,0.1004769429564476,b_only,bushes
word2vec,0.9924445748329163,shared,pit
word2vec,0.9086616039276123,shared,fool
word2vec,1.0000001192092896,neither,issuing
word2vec,0.054884638637304306,neither,itch
word2vec,0.9982803463935852,shared,income
word2vec,1.0,neither,mats
word2vec,0.09252694994211197,neither,certificate
word2vec,0.9969001412391663,shared,depth
word2vec,0.13498003780841827,neither,twist
word2vec,-0.003809893736615777,neither,tortoise
word2vec,1.0000001192092896,a_only,arbitrary
word2vec,0.9912192225456238,shared,skeleton
word2vec,0.9999998807907104,neither,stirner
word2vec,0.7697414755821228,shared,don
word2vec,1.0,a_only,ankh
word2vec,1.0,neither,convictions
word2vec,-0.03987449035048485,b_only,churchyard
word2vec,1.0,a_only,oklahoma
word2vec,1.0,neither,dogmatic
word2vec,0.9999999403953552,a_only,stamps
word2vec,0.996146559715271,neither,plaster
word2vec,0.9975599050521851,shared,investigation
word2vec,0.9999998807907104,a_only,bishop
word2vec,0.9942283034324646,shared,assurance
word2vec,0.9999999403953552,neither,merge
word2vec,1.0,neither,maia
word2vec,1.0,a_only,organs
word2vec,0.9999998807907104,a_only,feminist
word2vec,0.9937198758125305,shared,tales
word2vec,0.9999998807907104,neither,buchanan
word2vec,0.29620543122291565,neither,condescended
word2vec,0.7070950865745544,shared,two
word2vec,1.0,a_only,shuttle
word2vec,1.0000001192092896,neither,marijuana
word2vec,1.0,neither,shia
word2vec,1.0000001192092896,neither,extensions
word2vec,0.9999999403953552,a_only,protestants
word2vec,0.9999999403953552,neither,regulars
word2vec,1.0000001192092896,neither,routed
word2vec,0.8123317360877991,shared,morning
word2vec,0.9999999403953552,neither,reddish
word2vec,0.9999999403953552,a_only,ratified
word2vec,0.10860815644264221,neither,xxxv
word2vec,0.9959108829498291,shared,vital
word2vec,1.0,neither,offset
word2vec,0.9597085118293762,shared,distance
word2vec,-0.018691400066018105,neither,glared
word2vec,1.0,neither,premiere
word2vec,1.0000001192092896,neither,chemists
word2vec,0.9689469337463379,shared,grief
word2vec,1.0,neither,farmland
word2vec,0.9976668953895569,shared,lasting
word2vec,1.0,neither,entertainer
word2vec,0.9852212071418762,shared,winds
word2vec,0.11961749941110611,neither,burying
word2vec,0.9254795908927917,shared,sad
word2vec,-0.011329801753163338,b_only,congratulations
word2vec,0.07927912473678589,neither,gaolers
word2vec,1.0,neither,guides
word2vec,1.0,neither,cunene
word2vec,1.0,neither,flooded
word2vec,1.0,neither,aconcagua
word2vec,0.07874953746795654,neither,crawling
word2vec,0.9983406662940979,shared,highway
word2vec,1.0000001192092896,neither,sippar
word2vec,1.0,neither,lab
word2vec,0.9802991151809692,shared,persuade
word2vec,0.9577081799507141,shared,calm
word2vec,0.0976635217666626,neither,banging
word2vec,1.0,a_only,ois
word2vec,0.9999998807907104,a_only,incorporated
word2vec,0.8607802391052246,shared,into
word2vec,0.967047929763794,shared,sinking
word2vec,1.0000001192092896,a_only,markov
word2vec,0.14428269863128662,neither,sceptic
word2vec,1.0000001192092896,neither,mourned
word2vec,1.0,neither,dvd
word2vec,0.1770380139350891,neither,bolted
word2vec,0.9999999403953552,a_only,lovell
word2vec,1.0000001192092896,a_only,ownership
word2vec,0.9940076470375061,shared,referred
word2vec,1.0000001192092896,a_only,trivia
word2vec,0.982232391834259,shared,satisfaction
word2vec,1.0,neither,primitives
word2vec,0.05330872908234596,b_only,sighed
word2vec,1.0,a_only,molecular
word2vec,0.9999999403953552,a_only,thompson
word2vec,1.0,a_only,hardcover
word2vec,0.06404250115156174,b_only,stairs
word2vec,0.9772858619689941,shared,roll
word2vec,0.9873504042625427,shared,patriot
word2vec,0.07229507714509964,neither,raptures
word2vec,-0.04737358167767525,neither,aught
word2vec,0.0031463117338716984,b_only,xvii
word2vec,1.0,a_only,psyche
word2vec,-0.1232224851846695,neither,desolation
word2vec,-0.08891448378562927,b_only,mischief
word2vec,0.9924536943435669,shared,appearances
word2vec,0.9888038635253906,shared,serve
word2vec,0.9999998807907104,neither,appoints
word2vec,0.9937755465507507,shared,ascent
word2vec,1.0,neither,disagreed
word2vec,1.0,neither,pseudonyms
word2vec,0.30883118510246277,neither,nook
word2vec,-0.004414630588144064,b_only,disturb
word2vec,0.9885825514793396,shared,spotted
word2vec,0.9999998807907104,a_only,phylum
word2vec,0.18672463297843933,neither,whims
word2vec,0.820383608341217,shared,never
word2vec,1.0,a_only,molinari
word2vec,1.0,neither,supplement
word2vec,0.9986968040466309,shared,widely
word2vec,0.9404233694076538,shared,rock
word2vec,0.9139384031295776,shared,horror
word2vec,0.9987503290176392,shared,syllable
word2vec,0.9999998807907104,neither,sixteenth
word2vec,0.9736871719360352,shared,crow
word2vec,0.9999999403953552,a_only,alder
word2vec,1.0000001192092896,a_only,consensus
word2vec,0.9811722040176392,shared,entrance
word2vec,0.9939287900924683,shared,pages
word2vec,0.9816422462463379,shared,chased
word2vec,0.9999999403953552,a_only,soviet
word2vec,0.9781559705734253,shared,wedding
word2vec,0.9977679252624512,shared,famine
word2vec,0.946121871471405,shared,feelings
word2vec,0.9255232810974121,shared,ask
word2vec,1.0000001192092896,neither,llama
word2vec,0.8879390954971313,shared,ah
word2vec,0.976973831653595,shared,dot
word2vec,-0.0638304278254509,b_only,cough
word2vec,0.9052956104278564,shared,harper
word2vec,0.7535150647163391,shared,over
word2vec,0.9999999403953552,a_only,controversy
word2vec,1.0,neither,barton
word2vec,0.9999998807907104,neither,critically
word2vec,0.09677538275718689,neither,grossly
word2vec,0.9999999403953552,a_only,pronunciation
word2vec,0.23974226415157318,b_only,plank
word2vec,0.9972817897796631,shared,forcing
word2vec,0.23628520965576172,neither,stairway
word2vec,-0.08236593008041382,neither,hamlet
word2vec,1.0,a_only,exploration
word2vec,1.0000001192092896,a_only,institution
word2vec,0.9998082518577576,shared,hugh
word2vec,0.14604702591896057,neither,faithfully
word2vec,0.9162124991416931,shared,coffin
word2vec,-0.03298553079366684,neither,nought
word2vec,-0.07873256504535675,neither,idiot
word2vec,1.0,neither,obsession
word2vec,1.0000001192092896,a_only,naming
word2vec,1.0,neither,tag
word2vec,1.0,neither,peer
word2vec,0.9632673263549805,shared,wide
word2vec,0.995342493057251,shared,dispute
word2vec,0.9897279143333435,shared,superstition
word2vec,1.0,neither,averages
word2vec,1.0,a_only,marshall
word2vec,0.008634105324745178,neither,stays
word2vec,0.11518610268831253,neither,incredulity
word2vec,0.5114420056343079,neither,cripple
word2vec,1.0,a_only,autistic
word2vec,1.0,neither,seo
word2vec,1.0,a_only,sahara
word2vec,0.9999998807907104,neither,detectives
word2vec,0.047002457082271576,neither,jist
word2vec,0.01756017655134201,b_only,mingled
word2vec,1.0,a_only,molecules
word2vec,0.007672884035855532,neither,leiter
word2vec,1.0,neither,schmidt
word2vec,1.0,a_only,indiana
word2vec,0.9886035323143005,shared,po
word2vec,0.9586591720581055,shared,sea
word2vec,1.0,neither,simulate
word2vec,0.9946810603141785,shared,vigorous
word2vec,1.0000001192092896,a_only,akm
word2vec,1.0000001192092896,neither,graduating
word2vec,1.0,neither,liber
word2vec,0.03243526071310043,neither,wiping
word2vec,1.0000001192092896,neither,islanders
word2vec,0.049050189554691315,neither,dearer
word2vec,0.9999999403953552,neither,mythe
word2vec,1.0,a_only,arguing
word2vec,1.0,a_only,ansi
word2vec,0.22036634385585785,neither,pint
word2vec,0.9999999403953552,neither,composite
word2vec,0.04293254017829895,neither,cal
word2vec,0.443715363740921,neither,plumber
word2vec,-0.024594124406576157,b_only,ragged
word2vec,1.0000001192092896,neither,adder
word2vec,1.0,neither,labelled
word2vec,0.07484455406665802,neither,sterilise
word2vec,0.9865218997001648,shared,changes
word2vec,0.9840031862258911,shared,tricks
word2vec,0.08362557739019394,neither,friendless
word2vec,1.0,neither,seafood
word2vec,0.9941362738609314,shared,killing
word2vec,1.0,a_only,surveillance
word2vec,0.9950442910194397,shared,restoration
word2vec,0.9366717338562012,shared,search
word2vec,1.0,neither,chef
word2vec,0.1407306045293808,b_only,forgetting
word2vec,0.9987526535987854,shared,inspector
word2vec,-0.09871616214513779,b_only,sofa
word2vec,-0.003624497214332223,neither,emmeline
word2vec,1.0,a_only,robot
word2vec,0.9999999403953552,a_only,fleece
word2vec,0.9999999403953552,neither,roberts
word2vec,1.0000001192092896,neither,infirmary
word2vec,1.0,a_only,babylon
word2vec,1.0000001192092896,neither,lille
word2vec,1.0000001192092896,neither,dissolving
word2vec,1.0,neither,clairvaux
word2vec,1.0000001192092896,a_only,fluke
word2vec,0.9779917001724243,shared,solid
word2vec,1.0000001192092896,neither,springer
word2vec,0.03911430388689041,neither,thous
word2vec,-0.09020170569419861,neither,flop
word2vec,-0.13826435804367065,neither,sorrowfully
word2vec,0.07219936698675156,neither,kep
word2vec,1.0000001192092896,neither,complexes
word2vec,1.0,neither,regulation
word2vec,0.8475468158721924,shared,jerry
word2vec,1.0,neither,rodney
word2vec,-0.013046332634985447,neither,hog
word2vec,1.0,neither,westwards
word2vec,1.0,neither,pdas
word2vec,0.9977437257766724,shared,ability
word2vec,1.0,neither,bowel
word2vec,0.9226201772689819,shared,considerable
word2vec,1.0,neither,coding
word2vec,1.0,neither,laura
word2vec,1.0,neither,perseus
word2vec,1.0,neither,astrophotography
word2vec,0.06968507170677185,b_only,cheerfulness
word2vec,0.05471447855234146,neither,bistritza
word2vec,1.0000001192092896,neither,tamar
word2vec,0.9999999403953552,neither,alibi
word2vec,0.09526920318603516,neither,16
word2vec,0.21358826756477356,neither,gravesend
word2vec,1.0,a_only,behavioral
word2vec,0.9999998807907104,neither,jill
word2vec,1.0,neither,enterprises
word2vec,-0.007127085234969854,neither,roaring
word2vec,0.1608370691537857,neither,inspiring
word2vec,0.036100875586271286,neither,flambeau
word2vec,0.04703729972243309,neither,consume
word2vec,0.9808304309844971,shared,freedom
word2vec,1.0,a_only,mineral
word2vec,1.0,neither,exposition
word2vec,1.0000001192092896,a_only,swedish
word2vec,1.0000001192092896,a_only,depicted
word2vec,1.0000001192092896,a_only,korzybski
word2vec,0.9999999403953552,neither,frederic
word2vec,1.0,a_only,arabia
word2vec,1.0,neither,makeup
word2vec,1.0000001192092896,neither,collectors
word2vec,0.9937463998794556,shared,voluntarily
word2vec,0.9999998807907104,neither,didactic
word2vec,1.0000001192092896,neither,depiction
word2vec,1.0,a_only,conformation
word2vec,0.05835955962538719,neither,aversion
word2vec,1.0,neither,emphasizes
word2vec,0.9999999403953552,neither,azerbaijanis
word2vec,1.0,a_only,supporters
word2vec,0.9999998807907104,neither,confederates
word2vec,0.37435469031333923,neither,condescension
word2vec,0.9867104291915894,shared,anger
word2vec,1.0,neither,abolish
word2vec,1.0,a_only,provisional
word2vec,1.0000001192092896,neither,tentatively
word2vec,0.987585186958313,shared,scheme
word2vec,0.9999999403953552,neither,bulgarian
word2vec,0.21541137993335724,neither,whichever
word2vec,0.9999998807907104,a_only,geology
word2vec,0.10573352873325348,neither,dozing
word2vec,1.0,neither,nebulae
word2vec,1.0,neither,gland
word2vec,0.9999998807907104,neither,contractor
word2vec,0.2519071400165558,neither,coughing
word2vec,1.0,a_only,taxes
word2vec,1.0000001192092896,a_only,mikhail
word2vec,0.987332284450531,shared,concealed
word2vec,1.0,neither,lengths
word2vec,0.22196592390537262,neither,lordy
word2vec,0.9971592426300049,shared,independent
word2vec,0.9071549773216248,shared,fire
word2vec,0.8684110641479492,shared,jonathan
word2vec,1.0,neither,germanicus
word2vec,1.0,a_only,releases
word2vec,1.0,a_only,monopoly
word2vec,1.0,a_only,poirot
word2vec,1.0,a_only,organization
word2vec,1.0000001192092896,a_only,ottoman
word2vec,0.9976356625556946,shared,resources
word2vec,1.0,neither,dollfuss
word2vec,0.2104841023683548,neither,soothe
word2vec,-0.028608055785298347,neither,sadness
word2vec,0.9948136210441589,shared,league
word2vec,0.9999998807907104,neither,birch
word2vec,0.9541649222373962,shared,touched
word2vec,0.7700990438461304,shared,which
word2vec,0.9999999403953552,a_only,trend
word2vec,1.0,neither,gorgosaurus
word2vec,0.2702263295650482,neither,dismay
word2vec,0.1471751183271408,neither,hollered
word2vec,1.0,a_only,diameter
word2vec,1.0,a_only,economists
word2vec,0.16796055436134338,b_only,governess
word2vec,-0.01980540156364441,neither,clown
word2vec,0.12964113056659698,b_only,tut
word2vec,1.0,a_only,convention
word2vec,0.0025725578889250755,neither,condescend
word2vec,0.9809454679489136,shared,necessity
word2vec,1.0000001192092896,neither,intellectuals
word2vec,0.9999999403953552,neither,reproduce
word2vec,0.15473061800003052,neither,gossip
word2vec,0.13355836272239685,neither,mam
word2vec,-0.014033657498657703,neither,studded
word2vec,0.9794909358024597,shared,pearls
word2vec,0.9368679523468018,shared,likely
word2vec,1.0000001192092896,neither,deciding
word2vec,0.09092418104410172,neither,troublesome
word2vec,0.9739450812339783,shared,neat
word2vec,0.8766837120056152,shared,silence
word2vec,0.11174125969409943,b_only,neglected
word2vec,0.2365787774324417,neither,objectionable
word2vec,1.0000001192092896,neither,polio
word2vec,0.9999999403953552,neither,appreciated
word2vec,1.0,neither,excavations
word2vec,1.0,neither,assessment
word2vec,0.21209700405597687,neither,propped
word2vec,0.19585438072681427,b_only,sobbing
word2vec,1.0000001192092896,a_only,continents
word2vec,0.8384014964103699,shared,em
word2vec,1.0,neither,nike
word2vec,-0.18240854144096375,neither,ouch
word2vec,0.03144107013940811,neither,cheered
word2vec,0.9953022003173828,shared,fathers
word2vec,0.9901363849639893,shared,threat
word2vec,1.0,neither,undesirable
word2vec,1.0000001192092896,a_only,odyssey
word2vec,1.0,a_only,auteur
word2vec,-0.1451484113931656,neither,chattering
word2vec,1.0,neither,yoga
word2vec,1.0,a_only,pioneered
word2vec,0.23818807303905487,b_only,shovel
word2vec,0.9999998807907104,neither,compensate
word2vec,1.0,a_only,oliver
word2vec,0.13581296801567078,neither,pots
word2vec,1.0000001192092896,neither,filmmaker
word2vec,0.9979909062385559,shared,operate
word2vec,0.9861016869544983,shared,shaped
word2vec,1.0,a_only,operatorname
word2vec,1.0,a_only,recurring
word2vec,1.0,a_only,holocaust
word2vec,0.9919474720954895,shared,horrors
word2vec,0.13314786553382874,b_only,vane
word2vec,0.9947119355201721,shared,inferior
word2vec,1.0000001192092896,neither,milestones
word2vec,0.9999998807907104,a_only,miami
word2vec,0.9920079112052917,shared,causes
word2vec,1.0,neither,prevents
word2vec,1.0,a_only,tourists
word2vec,0.10185575485229492,neither,summon
word2vec,0.20714890956878662,neither,sneered
word2vec,0.7977308630943298,shared,from
word2vec,-0.013951234519481659,neither,bitterest
word2vec,0.19219060242176056,b_only,fetched
word2vec,0.9999998807907104,neither,astatine
word2vec,1.0000001192092896,a_only,hierarchy
word2vec,0.9999999403953552,neither,sociologist
word2vec,-0.15724901854991913,neither,faltering
word2vec,0.11164466291666031,b_only,misery
word2vec,1.0,neither,dwellers
word2vec,0.9522438645362854,shared,write
word2vec,0.9962753057479858,shared,named
word2vec,0.9999998807907104,a_only,pottery
word2vec,1.0000001192092896,neither,looting
word2vec,0.9808904528617859,shared,delicacy
word2vec,0.9749489426612854,shared,class
word2vec,0.9999999403953552,neither,drake
word2vec,-0.041997041553258896,neither,joys
word2vec,0.23804694414138794,neither,vigorously
word2vec,0.9919448494911194,shared,formerly
word2vec,0.28427815437316895,neither,loathed
word2vec,1.0000001192092896,a_only,alpine
word2vec,-0.10460682958364487,b_only,horribly
word2vec,1.0,neither,analogue
word2vec,1.0,neither,dismiss
word2vec,0.18427607417106628,neither,hangs
word2vec,0.9999999403953552,neither,transported
word2vec,1.0000001192092896,a_only,interact
word2vec,1.0,neither,seminal
word2vec,0.22588200867176056,neither,hysterical
word2vec,1.0,neither,encompass
word2vec,-0.09050952643156052,b_only,nails
word2vec,0.012475543655455112,b_only,jumping
word2vec,0.9962454438209534,shared,treason
word2vec,1.0,a_only,ragnar
word2vec,0.9909179210662842,shared,persisted
word2vec,1.0,neither,mercedes
word2vec,1.0000001192092896,a_only,judicial
word2vec,1.0000001192092896,neither,instructing
word2vec,1.0,neither,itunes
word2vec,0.9978668689727783,shared,surrounding
word2vec,0.04558686539530754,b_only,hovel
word2vec,1.0,a_only,cultural
word2vec,1.0,neither,zoology
word2vec,0.0037977201864123344,b_only,lagoon
word2vec,1.0,a_only,android
word2vec,0.005923259072005749,b_only,chairs
word2vec,0.9999998807907104,a_only,hitler
word2vec,1.0000001192092896,a_only,sri
word2vec,0.9981183409690857,shared,possessing
word2vec,1.0000001192092896,neither,dung
word2vec,0.9528381824493408,shared,pair
word2vec,1.0,neither,bonaparte
word2vec,0.9999999403953552,neither,playwrights
word2vec,0.9999998807907104,neither,adventurer
word2vec,-0.007967082783579826,neither,drip
word2vec,-0.08479753881692886,neither,sow
word2vec,1.0,neither,greenhouse
word2vec,-0.07653079181909561,neither,cigarettes
word2vec,0.06319163739681244,neither,outfit
word2vec,1.0000001192092896,neither,frontiers
word2vec,0.24673928320407867,neither,leapt
word2vec,0.9999998807907104,a_only,geological
word2vec,0.9878561496734619,shared,dragon
word2vec,1.0,neither,nen
word2vec,0.8809794187545776,shared,most
word2vec,1.0,neither,han
word2vec,1.0,neither,registry
word2vec,1.0,a_only,excluding
word2vec,-0.16077858209609985,b_only,thimble
word2vec,1.0,a_only,aphex
word2vec,0.8834503293037415,shared,un
word2vec,1.0,a_only,dictator
word2vec,0.2342284470796585,b_only,inconvenience
word2vec,0.9999998807907104,a_only,relaxation
word2vec,1.0000001192092896,neither,atomism
word2vec,0.9999999403953552,neither,zfc
word2vec,0.2924182116985321,b_only,crooked
word2vec,0.19951024651527405,b_only,conveyed
word2vec,0.9999999403953552,neither,tyrannosaurus
word2vec,0.10886133462190628,neither,silences
word2vec,0.9999999403953552,a_only,mi
word2vec,0.8646811246871948,shared,let
word2vec,1.0,neither,nitrate
word2vec,0.017801698297262192,neither,chaps
word2vec,0.8250813484191895,shared,minute
word2vec,0.9977789521217346,shared,decline
word2vec,0.9796450138092041,shared,teach
word2vec,0.9932096600532532,shared,exposing
word2vec,1.0000001192092896,neither,energies
word2vec,1.0,a_only,motor
word2vec,0.2101631462574005,neither,fraught
word2vec,0.16691087186336517,neither,wharf
word2vec,0.9999999403953552,a_only,carrel
word2vec,0.9999998807907104,a_only,tertiary
word2vec,1.0,neither,iwama
word2vec,0.01219850592315197,neither,whipping
word2vec,0.9999998807907104,neither,zee
word2vec,0.0895339697599411,neither,desperation
word2vec,0.1159590482711792,neither,thieves
word2vec,0.08221734315156937,neither,whitewash
word2vec,0.9999998807907104,neither,modulating
word2vec,1.0000001192092896,neither,rhodes
word2vec,1.0000001192092896,neither,contradictions
word2vec,0.2288847118616104,neither,recalling
word2vec,0.9984424114227295,shared,ministers
word2vec,0.025583188980817795,neither,skinsky
word2vec,0.9832651615142822,shared,dumb
word2vec,0.07110743969678879,b_only,doorway
word2vec,-0.01652779057621956,b_only,rushes
word2vec,-0.06420538574457169,neither,daytimes
word2vec,0.25376972556114197,neither,spurned
word2vec,1.0000001192092896,neither,tobago
word2vec,1.0,neither,pharaoh
word2vec,-0.034373827278614044,neither,confine
word2vec,1.0000001192092896,a_only,edwin
word2vec,1.0,neither,wireless
word2vec,1.0,neither,tablets
word2vec,1.0,a_only,portuguese
word2vec,1.0,a_only,muslims
word2vec,1.0,neither,borrows
word2vec,1.0000001192092896,neither,autonomy
word2vec,1.0,neither,incorporating
word2vec,-0.05576281622052193,neither,tap
word2vec,1.0,a_only,bond
word2vec,0.9860449433326721,shared,driving
word2vec,1.0000001192092896,a_only,clement
word2vec,0.09725242853164673,neither,leghorn
word2vec,0.9999999403953552,neither,assembler
word2vec,0.9087817072868347,shared,ay
word2vec,1.0,neither,flamel
word2vec,1.0000001192092896,a_only,nitrogen
word2vec,1.0000001192092896,neither,bahrain
word2vec,1.0,neither,vera
word2vec,1.0,a_only,legendary
word2vec,0.14496393501758575,neither,excitedly
word2vec,-0.08199318498373032,neither,trash
word2vec,0.9809206128120422,shared,guest
word2vec,1.0,a_only,nevada
word2vec,1.0,neither,pontifex
word2vec,0.9999998807907104,neither,employee
word2vec,-0.03999137505888939,neither,pins
word2vec,0.13011133670806885,b_only,swinging
word2vec,0.9999999403953552,a_only,venice
word2vec,1.0000001192092896,neither,meridians
word2vec,0.9517073631286621,shared,received
word2vec,0.006451755296438932,b_only,lad
word2vec,1.0,a_only,dynasties
word2vec,1.0,neither,ketones
word2vec,1.0,neither,plots
word2vec,1.0,neither,gloucester
word2vec,0.17571184039115906,neither,piling
word2vec,0.32037073373794556,neither,tint
word2vec,1.0,a_only,providing
word2vec,0.12173423171043396,b_only,silly
word2vec,0.9915098547935486,shared,beard
word2vec,0.006139322184026241,neither,inflict
word2vec,1.0000001192092896,neither,ruth
word2vec,1.0000001192092896,a_only,contexts
word2vec,0.9959667921066284,shared,symptoms
word2vec,1.0,neither,toured
word2vec,0.22933931648731232,neither,whiles
word2vec,1.0,a_only,austrian
word2vec,0.9999999403953552,a_only,heritage
word2vec,0.9972379803657532,shared,rarely
word2vec,0.9999999403953552,a_only,practiced
word2vec,1.0,a_only,cavity
word2vec,1.0,neither,longevity
word2vec,1.0000001192092896,neither,altruist
word2vec,0.8450354933738708,shared,could
word2vec,1.0,neither,salvador
word2vec,1.0,a_only,dedicated
word2vec,1.0000001192092896,neither,nc
word2vec,0.9632056355476379,shared,weather
word2vec,1.0000001192092896,neither,mcdonald
word2vec,0.10504955798387527,b_only,silently
word2vec,0.9665133953094482,shared,anxiety
word2vec,1.0,neither,horizontally
word2vec,0.7882133722305298,shared,do
word2vec,1.0,neither,charitable
word2vec,0.9899946451187134,shared,violence
word2vec,1.0,neither,sampling
word2vec,1.0,neither,austrofascism
word2vec,0.9742880463600159,shared,guidance
word2vec,0.9999999403953552,a_only,developing
word2vec,0.9999999403953552,a_only,egyptians
word2vec,-0.005024319514632225,neither,cypher
word2vec,1.0000001192092896,neither,phosphorus
word2vec,0.011663055047392845,neither,amen
word2vec,0.9999999403953552,a_only,ginsberg
word2vec,0.9881923198699951,shared,tide
word2vec,0.9977778196334839,shared,largely
word2vec,0.9927511811256409,shared,families
word2vec,0.9902827739715576,shared,foul
word2vec,1.0000001192092896,neither,simplified
word2vec,1.0,neither,networking
word2vec,0.09404691308736801,b_only,doomed
word2vec,0.09295845776796341,neither,wafer
word2vec,0.9956122636795044,shared,require
word2vec,0.9816393256187439,shared,slide
word2vec,0.02294079028069973,b_only,moods
word2vec,0.9999998807907104,a_only,isbn
word2vec,0.9515577554702759,shared,toward
word2vec,0.09699886292219162,b_only,dreaded
word2vec,0.9944455623626709,shared,los
word2vec,0.9889176487922668,shared,xvi
word2vec,0.997704803943634,shared,originated
word2vec,0.8074184656143188,shared,miss
word2vec,-0.20842696726322174,b_only,keeper
word2vec,-0.06261042505502701,neither,surest
word2vec,0.9884721636772156,shared,tackle
word2vec,0.9921602606773376,shared,eloquence
word2vec,0.25242358446121216,neither,defy
word2vec,1.0,neither,palestinian
word2vec,0.9975565671920776,shared,exist
word2vec,0.9999999403953552,a_only,facilities
word2vec,0.9894319176673889,shared,horn
word2vec,0.9518919587135315,shared,drinking
word2vec,0.9972007870674133,shared,simpler
word2vec,1.0,a_only,americas
word2vec,1.0000001192092896,neither,intentionally
word2vec,0.9684409499168396,shared,flat
word2vec,0.9486325979232788,shared,sounds
word2vec,1.0,a_only,motivated
word2vec,0.9907156229019165,shared,disturbing
word2vec,1.0,neither,shank
word2vec,1.0,a_only,prehistoric
word2vec,0.17826370894908905,b_only,brighter
word2vec,0.9999998807907104,a_only,lisa
word2vec,0.11860940605401993,neither,hacked
word2vec,-0.060461752116680145,neither,resorted
word2vec,0.9930025339126587,shared,horizon
word2vec,1.0000001192092896,neither,tyrant
word2vec,0.22732940316200256,neither,veresti
word2vec,0.18942968547344208,neither,chisel
word2vec,0.09551604092121124,neither,quaint
word2vec,1.0,neither,discoverers
word2vec,1.0,neither,humanism
word2vec,0.03706825524568558,b_only,tedious
word2vec,0.9970690011978149,shared,external
word2vec,1.0,a_only,collections
word2vec,0.9890505075454712,shared,shorter
word2vec,0.9999999403953552,a_only,apostles
word2vec,0.9929941892623901,shared,sickness
word2vec,1.0000001192092896,neither,mauritania
word2vec,1.0,neither,pill
word2vec,0.9999998807907104,neither,nicomedia
word2vec,0.9984118938446045,shared,explicit
word2vec,1.0,a_only,cl
word2vec,0.991365373134613,shared,banished
word2vec,1.0,neither,onyx
word2vec,0.9999998807907104,neither,montagu
word2vec,0.9892436861991882,shared,clue
word2vec,1.0,neither,styria
word2vec,1.0000001192092896,neither,evangelium
word2vec,-0.013994887471199036,neither,treacherous
word2vec,1.0,neither,crete
word2vec,0.9999999403953552,a_only,dimensions
word2vec,1.0000001192092896,a_only,animism
word2vec,0.9679031372070312,shared,private
word2vec,0.1832292675971985,b_only,echoed
word2vec,0.9969035387039185,shared,prevailing
word2vec,0.9967413544654846,shared,preface
word2vec,0.9255185127258301,shared,cats
word2vec,1.0000001192092896,a_only,computational
word2vec,1.0,a_only,structures
word2vec,1.0,a_only,prevention
word2vec,0.9999998807907104,neither,buddy
word2vec,0.9999998807907104,neither,belts
word2vec,1.0,a_only,thetis
word2vec,0.9556781649589539,shared,missed
word2vec,0.1639423966407776,neither,denny
word2vec,0.9976767897605896,shared,suicide
word2vec,0.985416829586029,shared,load
word2vec,1.0000001192092896,a_only,incidence
word2vec,0.19716280698776245,neither,tame
word2vec,1.0,neither,decolonization
word2vec,0.0172065831720829,b_only,flung
word2vec,-0.0737626776099205,b_only,bourgh
word2vec,0.9526026248931885,shared,saved
word2vec,0.9742568731307983,shared,frame
word2vec,0.9999999403953552,neither,armaments
word2vec,0.9999999403953552,neither,unitarian
word2vec,0.14407522976398468,neither,swoon
word2vec,0.9074101448059082,shared,taken
word2vec,0.9564445614814758,shared,creatures
word2vec,1.0,neither,terrorists
word2vec,0.07811626046895981,neither,tattered
word2vec,0.8473137021064758,shared,did
word2vec,1.0,neither,disciples
word2vec,0.9836430549621582,shared,immediate
word2vec,0.9916796088218689,shared,exhibition
word2vec,0.9999998807907104,a_only,ideology
word2vec,1.0,a_only,tat
word2vec,0.9999999403953552,a_only,automobile
word2vec,0.9999999403953552,a_only,bakunin
word2vec,1.0,a_only,ales
word2vec,0.9999999403953552,neither,velocities
word2vec,0.9933263659477234,shared,christmas
word2vec,0.9996326565742493,shared,obligations
word2vec,0.969244122505188,shared,possessed
word2vec,0.9999998807907104,neither,competed
word2vec,0.08073242008686066,neither,meadow
word2vec,-0.03127790242433548,b_only,ticket
word2vec,0.9837136268615723,shared,learning
word2vec,0.950161337852478,shared,stand
word2vec,0.06360556185245514,b_only,intending
word2vec,0.9961610436439514,shared,lack
word2vec,1.0,neither,mozambique
word2vec,0.8497680425643921,shared,nights
word2vec,1.0,neither,antonine
word2vec,1.0000001192092896,a_only,welsh
word2vec,1.0,a_only,ce
word2vec,1.0000001192092896,neither,patrons
word2vec,0.9999998807907104,a_only,catalan
word2vec,-0.011570334434509277,b_only,likeness
word2vec,1.0,a_only,cleopatra
word2vec,0.9999999403953552,a_only,measurements
word2vec,1.0000001192092896,neither,luc
word2vec,1.0000001192092896,neither,kelley
word2vec,1.0,a_only,anna
word2vec,1.0,neither,euthanasia
word2vec,1.0,neither,singers
word2vec,0.11284323036670685,neither,depressing
word2vec,0.9063476920127869,shared,plain
word2vec,0.9679831862449646,shared,letters
word2vec,0.9999999403953552,a_only,turks
word2vec,1.0,neither,adopts
word2vec,0.9968575835227966,shared,traditions
word2vec,1.0000001192092896,neither,amarant
word2vec,0.9990861415863037,shared,vegetables
word2vec,-0.163449227809906,b_only,glare
word2vec,0.09732316434383392,b_only,agin
word2vec,0.17698918282985687,b_only,rejoiced
word2vec,1.0000001192092896,neither,macdonald
word2vec,0.9911510944366455,shared,mortal
word2vec,0.012335703708231449,b_only,consented
word2vec,0.09584735333919525,b_only,awake
word2vec,0.055413663387298584,neither,28
word2vec,-0.04728786647319794,neither,lacey
word2vec,0.9907033443450928,shared,objected
word2vec,-0.17555919289588928,neither,orphan
word2vec,1.0,neither,diarrhea
word2vec,0.9999998807907104,neither,calculate
word2vec,0.9961051940917969,shared,pole
word2vec,1.0000001192092896,a_only,digital
word2vec,-0.07710648328065872,neither,pail
word2vec,1.0,neither,rye
word2vec,1.0,a_only,soluble
word2vec,1.0,neither,oblique
word2vec,1.0,a_only,genera
word2vec,0.9974620342254639,shared,samuel
word2vec,1.0,neither,vanderbilt
word2vec,1.0,neither,annalen
word2vec,-0.05395035073161125,neither,transitory
word2vec,0.9979592561721802,neither,possesses
word2vec,1.0,neither,evaluate
word2vec,0.9949206113815308,shared,previously
word2vec,0.9999999403953552,neither,indus
word2vec,0.9767531752586365,shared,minds
word2vec,0.10498473048210144,neither,unhallowed
word2vec,0.9999998807907104,neither,allotted
word2vec,1.0000001192092896,a_only,meanings
word2vec,0.9964544177055359,shared,ranks
word2vec,1.0,neither,selections
word2vec,0.9999999403953552,a_only,charts
word2vec,1.0,neither,emily
word2vec,0.9746386408805847,shared,comrade
word2vec,1.0000001192092896,a_only,academic
word2vec,-0.006313310470432043,b_only,sickly
word2vec,0.9934081435203552,shared,fortunes
word2vec,1.0000001192092896,a_only,styles
word2vec,1.0,a_only,biography
word2vec,1.0,a_only,employees
word2vec,1.0,neither,polymerization
word2vec,1.0,neither,ubiquitous
word2vec,0.1267862766981125,b_only,trembled
word2vec,0.9882917404174805,shared,ending
word2vec,1.0,a_only,legends
word2vec,0.2703057825565338,neither,executioner
word2vec,0.9627221822738647,shared,senses
word2vec,0.08100005984306335,neither,sot
word2vec,0.9931215643882751,shared,ties
word2vec,0.9865242838859558,shared,elder
word2vec,1.0,neither,profess
word2vec,0.9730096459388733,shared,greater
word2vec,-0.10471908003091812,b_only,frightfully
word2vec,1.0000001192092896,neither,plantations
word2vec,0.9238641262054443,shared,eat
word2vec,0.1918470710515976,neither,walters
word2vec,0.9814053773880005,shared,seriously
word2vec,0.9827666878700256,shared,animal
word2vec,0.9894067049026489,shared,gallery
word2vec,1.0,a_only,initiated
word2vec,0.9974797964096069,shared,assertion
word2vec,1.0000001192092896,neither,plead
word2vec,-0.012414045631885529,b_only,expressive
word2vec,0.9828082323074341,shared,profound
word2vec,-0.08910489827394485,neither,hump
word2vec,0.9722818732261658,shared,powerful
word2vec,0.9749637246131897,shared,fashion
word2vec,0.9999999403953552,a_only,properties
word2vec,0.7918989062309265,shared,go
word2vec,1.0,a_only,winners
word2vec,0.9933634400367737,shared,perished
word2vec,0.9748950600624084,shared,owing
word2vec,0.9829394817352295,shared,examining
word2vec,1.0,neither,dam
word2vec,0.19762049615383148,b_only,watchful
word2vec,0.964449942111969,shared,sheet
word2vec,0.07671324163675308,neither,pounding
word2vec,0.9426012635231018,shared,cake
word2vec,0.9999998807907104,neither,bosch
word2vec,0.019570279866456985,neither,divan
word2vec,0.12363865971565247,neither,numskull
word2vec,0.9999999403953552,a_only,penalty
word2vec,0.26878485083580017,neither,brushing
word2vec,0.996597409248352,shared,pilot
word2vec,1.0000001192092896,neither,medicinal
word2vec,0.9680959582328796,shared,including
word2vec,0.9999998807907104,a_only,disputes
word2vec,0.9724013209342957,shared,conviction
word2vec,0.7987321019172668,shared,round
word2vec,1.0,neither,predator
word2vec,1.0,neither,holders
word2vec,0.9923725724220276,shared,tire
word2vec,0.9685240387916565,shared,golden
word2vec,0.9876776933670044,shared,angels
word2vec,0.9623758792877197,shared,generous
word2vec,0.9982550144195557,neither,accumulation
word2vec,0.9918985962867737,shared,argue
word2vec,1.0000001192092896,neither,usefulness
word2vec,0.9276069402694702,shared,act
word2vec,0.986884355545044,shared,boom
word2vec,0.9866435527801514,shared,pork
word2vec,1.0,neither,resisted
word2vec,1.0000001192092896,neither,eminent
word2vec,1.0,a_only,emperor
word2vec,1.0,a_only,scholarship
word2vec,1.0,neither,jirga
word2vec,0.9822099208831787,shared,palace
word2vec,0.9999998807907104,neither,coated
word2vec,0.9978600740432739,shared,retain
word2vec,1.0,a_only,ellis
word2vec,0.7617141008377075,shared,quite
word2vec,0.9999998807907104,a_only,macedonian
word2vec,0.02427789196372032,neither,chuckled
word2vec,0.09934104979038239,neither,spilled
word2vec,0.9999999403953552,neither,latitudes
word2vec,0.2499842494726181,neither,excessively
word2vec,0.09967470914125443,neither,acquiescence
word2vec,0.9902360439300537,shared,chalk
word2vec,0.9999998807907104,neither,potato
word2vec,1.0,a_only,torsion
word2vec,0.8863229751586914,shared,below
word2vec,0.05453241989016533,neither,apron
word2vec,1.0000001192092896,a_only,generals
word2vec,1.0,a_only,arnold
word2vec,1.0,neither,segments
word2vec,0.03290041536092758,b_only,widder
word2vec,0.10298816114664078,neither,proprietor
word2vec,1.0,neither,separating
word2vec,1.0,neither,wires
word2vec,0.9776809811592102,shared,crazy
word2vec,0.9999999403953552,a_only,fossil
word2vec,0.016740435734391212,neither,portly
word2vec,0.9961367249488831,shared,farmers
word2vec,0.9999998807907104,a_only,ipod
word2vec,1.0,neither,primates
word2vec,1.0,a_only,afro
word2vec,0.985344648361206,shared,sang
word2vec,0.05987204238772392,b_only,deserve
word2vec,-0.026239562779664993,neither,distraction
word2vec,1.0000001192092896,neither,lt
word2vec,0.9999999403953552,neither,researched
word2vec,1.0,a_only,ecclesiastical
word2vec,0.8970726728439331,shared,also
word2vec,1.0,a_only,victorious
word2vec,0.9999998807907104,neither,stunt
word2vec,0.9764396548271179,shared,beloved
word2vec,0.9699584245681763,shared,plum
word2vec,0.9913156628608704,shared,created
word2vec,0.9929433465003967,shared,blanc
word2vec,1.0,neither,planck
word2vec,1.0,neither,modeling
word2vec,0.12310316413640976,b_only,smile
word2vec,0.14626388251781464,neither,beckoning
word2vec,0.9971004128456116,shared,commands
word2vec,1.0,neither,orthodoxy
word2vec,1.0000001192092896,neither,linz
word2vec,1.0,neither,tamil
word2vec,1.0,a_only,temperate
word2vec,-0.013292787596583366,neither,paterson
word2vec,1.0,neither,behavioural
word2vec,1.0,neither,equipage
word2vec,0.9647180438041687,shared,winding
word2vec,0.7876130938529968,shared,just
word2vec,0.9999999403953552,a_only,withdrawal
word2vec,1.0,neither,font
word2vec,0.9061096906661987,shared,close
word2vec,0.9678519368171692,shared,pretend
word2vec,0.16685083508491516,neither,lids
word2vec,-0.016359901055693626,neither,safest
word2vec,0.09078605473041534,b_only,exeter
word2vec,0.040014028549194336,neither,skipped
word2vec,0.9999999403953552,neither,investigated
word2vec,0.9999998807907104,a_only,drama
word2vec,1.0,neither,colors
word2vec,0.9952877163887024,shared,cases
word2vec,0.9872421622276306,shared,design
word2vec,1.0,neither,nickel
word2vec,0.99899822473526,shared,chemist
word2vec,0.9873285889625549,shared,eaten
word2vec,0.062494587153196335,neither,unwound
word2vec,-0.12767638266086578,b_only,dirt
word2vec,0.9999999403953552,neither,hydride
word2vec,0.01966259256005287,b_only,runaway
word2vec,0.9962489008903503,shared,intelligible
word2vec,0.990562915802002,shared,improved
word2vec,0.9947659969329834,shared,expenses
word2vec,0.9999998807907104,neither,methanol
word2vec,0.01790972240269184,neither,despairing
word2vec,0.9999999403953552,a_only,cancelled
word2vec,0.9999999403953552,neither,edicts
word2vec,0.9589665532112122,shared,moving
word2vec,0.9999999403953552,a_only,installed
word2vec,0.9999999403953552,neither,nesting
word2vec,0.9865025281906128,shared,informed
word2vec,0.9911735653877258,neither,cornelius
word2vec,0.9844796657562256,shared,nowhere
word2vec,0.2319890707731247,neither,rosy
word2vec,0.999542236328125,shared,gulf
word2vec,-0.022013964131474495,b_only,hallward
word2vec,1.0,neither,punts
word2vec,0.14658302068710327,neither,fust
word2vec,0.18742218613624573,neither,louisa
word2vec,-0.13316044211387634,neither,sophia
word2vec,0.1085791289806366,neither,slice
word2vec,1.0,neither,polled
word2vec,1.0000001192092896,a_only,integers
word2vec,0.9999998807907104,a_only,aruba
word2vec,1.0,a_only,rainfall
word2vec,0.9942808151245117,shared,streams
word2vec,-0.040679119527339935,b_only,faintly
word2vec,0.9727493524551392,shared,striking
word2vec,0.9850104451179504,shared,mountain
word2vec,0.9999999403953552,a_only,hydroxide
word2vec,0.9909617304801941,shared,link
word2vec,1.0,a_only,revelation
word2vec,-0.12969103455543518,b_only,stooping
word2vec,0.8576951026916504,shared,another
word2vec,0.14680272340774536,neither,harrowing
word2vec,0.9995431303977966,shared,bohemia
word2vec,0.1599786877632141,neither,conceit
word2vec,1.0000001192092896,neither,cuanza
word2vec,1.0,neither,patagonia
word2vec,0.015113974921405315,b_only,abhorred
word2vec,0.9998156428337097,shared,version
word2vec,0.9534152746200562,shared,saturday
word2vec,0.9941549897193909,shared,diamond
word2vec,1.0000001192092896,neither,vizier
word2vec,0.9512014985084534,shared,thirty
word2vec,0.9999999403953552,neither,historia
word2vec,0.13395841419696808,neither,hove
word2vec,0.9428074359893799,shared,putting
word2vec,0.9935542941093445,shared,stephen
word2vec,1.0000001192092896,neither,nutrients
word2vec,0.9464247226715088,shared,early
word2vec,0.9811498522758484,shared,committed
word2vec,0.9995338916778564,shared,launch
word2vec,1.0,a_only,lacking
word2vec,1.0,neither,isabel
word2vec,1.0000001192092896,a_only,ahenobarbus
word2vec,1.0000001192092896,a_only,astronomy
word2vec,0.08294029533863068,b_only,seated
word2vec,0.1233874037861824,neither,swollen
word2vec,0.9452983140945435,shared,wind
word2vec,1.0000001192092896,a_only,cinema
word2vec,0.8490206599235535,shared,spoke
word2vec,0.9799889326095581,shared,whoever
word2vec,0.9762497544288635,shared,confess
word2vec,0.051227521151304245,neither,swearing
word2vec,-0.014348963275551796,neither,sucked
word2vec,0.15941797196865082,neither,stalls
word2vec,1.0000001192092896,neither,extinction
word2vec,1.0,neither,anhydrous
word2vec,1.0,neither,cnrs
word2vec,0.9924637675285339,shared,vote
word2vec,0.9450318217277527,shared,swept
word2vec,0.9951444864273071,shared,withdrawn
word2vec,0.9951996207237244,shared,crescent
word2vec,1.0,neither,autobiographical
word2vec,-0.09813403338193893,b_only,netherfield
word2vec,-0.08736974745988846,b_only,warmed
word2vec,0.833952009677887,shared,held
word2vec,-0.041763611137866974,neither,paws
word2vec,0.9999999403953552,neither,inserted
word2vec,-0.06035644933581352,neither,listener
word2vec,1.0,a_only,speer
word2vec,0.999478816986084,shared,index
word2vec,0.9985104203224182,shared,included
word2vec,1.0000001192092896,neither,brontosaurus
word2vec,1.0,neither,ja
word2vec,0.06049241125583649,neither,falsehood
word2vec,0.9999998807907104,neither,prose
word2vec,0.9966103434562683,shared,decree
word2vec,1.0,neither,concentrate
word2vec,-0.05095341429114342,neither,nightly
word2vec,-0.1189546287059784,b_only,uttered
word2vec,1.0,neither,processed
word2vec,1.0,a_only,barry
word2vec,-0.01845613121986389,neither,headstrong
word2vec,0.9982284903526306,shared,strongest
word2vec,1.0,a_only,yale
word2vec,0.9619292616844177,shared,weak
word2vec,1.0000001192092896,a_only,jules
word2vec,0.07773282378911972,b_only,suspicions
word2vec,1.0,neither,athenian
word2vec,0.9830991625785828,shared,drum
word2vec,1.0,a_only,tribes
word2vec,0.9956228137016296,shared,travels
word2vec,1.0,neither,proclaim
word2vec,1.0,neither,shields
word2vec,0.0625079944729805,b_only,georgiana
word2vec,1.0,a_only,qur
word2vec,0.9999999403953552,a_only,alda
word2vec,1.0,neither,broadway
word2vec,0.9838908910751343,shared,lover
word2vec,0.9542171359062195,shared,strain
word2vec,0.9984503984451294,shared,crisis
word2vec,0.017516877502202988,b_only,pierced
word2vec,1.0,a_only,photographer
word2vec,0.1072537824511528,b_only,gardiner
word2vec,0.12554870545864105,neither,mire
word2vec,0.998005211353302,shared,worlds
word2vec,0.9999999403953552,neither,tackles
word2vec,0.07665437459945679,neither,entangled
word2vec,0.11444199830293655,neither,redress
word2vec,0.9999999403953552,neither,hunnish
word2vec,-0.15478789806365967,neither,sho
word2vec,0.18068692088127136,neither,assisting
word2vec,1.0000001192092896,neither,flows
word2vec,1.0,neither,costa
word2vec,0.04458970949053764,neither,degraded
word2vec,0.9999999403953552,a_only,universities
word2vec,0.9999999403953552,neither,webpage
word2vec,0.997808039188385,shared,estimate
word2vec,0.07660254836082458,neither,rocked
word2vec,1.0000001192092896,neither,osiander
word2vec,0.9999999403953552,a_only,sexual
word2vec,-0.21705161035060883,b_only,heels
word2vec,0.9999999403953552,neither,airborne
word2vec,1.0,a_only,brotherhood
word2vec,0.9873569011688232,shared,provided
word2vec,0.9736530780792236,shared,produced
word2vec,1.0,a_only,pp
word2vec,0.9999999403953552,a_only,equations
word2vec,0.9933339357376099,shared,tough
word2vec,0.9969302415847778,shared,akin
word2vec,1.0,a_only,directors
word2vec,0.9984073042869568,shared,joseph
word2vec,0.9355966448783875,shared,speech
word2vec,0.9999999403953552,a_only,benjamin
word2vec,0.001532563241198659,b_only,forgot
word2vec,0.9803146123886108,shared,neighbourhood
word2vec,0.9999998807907104,a_only,applications
word2vec,1.0,a_only,br
word2vec,0.9904040098190308,shared,thousands
word2vec,0.12142284214496613,neither,delicious
word2vec,1.0000001192092896,neither,dudley
word2vec,0.9548788666725159,shared,guns
word2vec,-0.03630976006388664,b_only,crawled
word2vec,0.9999998807907104,neither,graduation
word2vec,0.0920695886015892,neither,temperance
word2vec,0.1170385554432869,neither,humiliation
word2vec,0.07033975422382355,neither,reckless
word2vec,1.0,a_only,comprehensive
word2vec,0.9845401048660278,shared,proceed
word2vec,1.0000001192092896,neither,trait
word2vec,1.0,neither,alcoholic
word2vec,1.0000001192092896,a_only,brand
word2vec,0.990936279296875,shared,mayor
word2vec,1.0,a_only,retrieved
word2vec,0.0989946573972702,b_only,breathe
word2vec,0.9988387227058411,shared,voluntary
word2vec,0.8823444843292236,shared,piece
word2vec,0.9230473041534424,shared,hardly
word2vec,1.0000001192092896,neither,dylan
word2vec,1.0,neither,hypocrisy
word2vec,-0.057442449033260345,neither,childish
word2vec,0.7984467148780823,shared,no
word2vec,0.9999999403953552,neither,hydrolysis
word2vec,1.0,neither,advertisements
word2vec,0.873294472694397,shared,van
word2vec,0.881196916103363,shared,satisfied
word2vec,1.0,a_only,acids
word2vec,1.0,neither,garc
word2vec,0.9999998807907104,neither,hurricanes
word2vec,0.9128938913345337,shared,beautiful
word2vec,-0.00016071465506684035,b_only,gleam
word2vec,0.9999998807907104,neither,synonym
word2vec,0.02984912507236004,neither,sullenly
word2vec,1.0,neither,disabled
word2vec,0.1404096782207489,neither,circumstantial
word2vec,0.9999998807907104,neither,hydrofoil
word2vec,1.0,a_only,navigation
word2vec,1.0000001192092896,neither,garry
word2vec,0.9999999403953552,a_only,abjads
word2vec,1.0,neither,gall
word2vec,1.0000001192092896,neither,athletes
word2vec,0.9924859404563904,shared,august
word2vec,1.0,neither,abandoning
word2vec,0.9717161059379578,shared,banking
word2vec,1.0000001192092896,neither,ssp
word2vec,0.9987369775772095,shared,owners
word2vec,0.11694373935461044,neither,gape
word2vec,1.0,a_only,valleys
word2vec,0.15759755671024323,neither,tolerated
word2vec,0.9835682511329651,shared,chosen
word2vec,0.9975867867469788,shared,diaries
word2vec,1.0,neither,violations
word2vec,0.470476895570755,neither,grimesby
word2vec,-0.20017853379249573,b_only,smee
word2vec,1.0,a_only,radioactive
word2vec,1.0,neither,disappearing
word2vec,1.0,neither,theos
word2vec,0.9978877305984497,shared,physical
word2vec,0.9999999403953552,neither,stateless
word2vec,0.9720801115036011,shared,restless
word2vec,1.0000001192092896,neither,nn
word2vec,0.9999998807907104,neither,oils
word2vec,0.035866450518369675,neither,homeward
word2vec,1.0,a_only,manhattan
word2vec,0.9528823494911194,shared,england
word2vec,0.9999999403953552,neither,johansson
word2vec,0.9995083808898926,shared,simon
word2vec,0.9999999403953552,neither,compute
word2vec,0.9999999403953552,neither,mie
word2vec,0.958629846572876,shared,year
word2vec,0.9980765581130981,shared,garment
word2vec,0.11495806276798248,b_only,obeyed
word2vec,0.0785837396979332,neither,quadrille
word2vec,1.0,a_only,staff
word2vec,1.0,a_only,rulers
word2vec,0.7342899441719055,shared,such
word2vec,0.9999999403953552,a_only,princess
word2vec,1.0,a_only,todd
word2vec,1.0,a_only,strategies
word2vec,1.0,neither,peruvian
word2vec,1.0,neither,chancellery
word2vec,1.0000001192092896,neither,persist
word2vec,1.0,a_only,ornamental
word2vec,-0.08607983589172363,neither,chink
word2vec,0.9325956106185913,shared,spoken
word2vec,1.0,neither,atop
word2vec,0.023311426863074303,b_only,glad
word2vec,1.0000001192092896,a_only,pdf
word2vec,1.0000001192092896,neither,cathode
word2vec,0.9815779328346252,shared,september
word2vec,0.035655997693538666,neither,diversion
word2vec,1.0000001192092896,neither,potomac
word2vec,1.0,neither,alphorn
word2vec,0.9969711899757385,shared,boiling
word2vec,0.9928878545761108,shared,preaching
word2vec,1.0,neither,betty
word2vec,1.0,a_only,kentucky
word2vec,-0.02947838604450226,neither,generly
word2vec,0.995425820350647,shared,ultimately
word2vec,1.0000001192092896,neither,regained
word2vec,0.07327891886234283,neither,nightfall
word2vec,0.9922688007354736,shared,appealing
word2vec,0.9999998807907104,a_only,combinations
word2vec,0.1547582596540451,neither,dinners
word2vec,0.9999999403953552,a_only,retaining
word2vec,0.97910475730896,shared,acted
word2vec,-0.09206459671258926,neither,indispensable
word2vec,1.0,neither,exemplified
word2vec,0.9578779339790344,shared,hunting
word2vec,0.9999999403953552,a_only,eukaryotes
word2vec,1.0,neither,lfgeir
word2vec,1.0000001192092896,neither,formats
word2vec,0.01801026239991188,neither,pets
word2vec,0.805334210395813,shared,can
word2vec,1.0,a_only,explored
word2vec,0.9854350090026855,shared,using
word2vec,1.0,neither,ravenna
word2vec,0.9977027773857117,shared,leap
word2vec,1.0,a_only,skylab
word2vec,0.036236342042684555,b_only,waiter
word2vec,1.0,a_only,nicolas
word2vec,1.0,neither,virulent
word2vec,1.0000001192092896,neither,joab
word2vec,0.9999999403953552,neither,ivo
word2vec,1.0000001192092896,a_only,priority
word2vec,1.0,neither,pyramids
word2vec,1.0,neither,lothar
word2vec,0.05375153198838234,b_only,darling
word2vec,0.9999999403953552,a_only,output
word2vec,0.9999999403953552,neither,managing
word2vec,0.9979116916656494,shared,term
word2vec,0.9927210807800293,shared,victims
word2vec,1.0,a_only,township
word2vec,0.9998325705528259,neither,saxe
word2vec,0.9904552102088928,shared,breadth
word2vec,0.9999998807907104,a_only,respiratory
word2vec,0.9999998807907104,a_only,pelagianism
word2vec,0.03329185023903847,b_only,handkerchief
word2vec,0.9999999403953552,a_only,protein
word2vec,1.0,neither,pawson
word2vec,0.9899944067001343,shared,complained
word2vec,0.9768980741500854,shared,taught
word2vec,1.0000001192092896,a_only,graham
word2vec,1.0000001192092896,neither,crusaders
word2vec,0.09259273111820221,b_only,caution
word2vec,1.0000001192092896,a_only,conversion
word2vec,0.050440773367881775,neither,jerked
word2vec,0.99822598695755,shared,opinions
word2vec,-0.09752896428108215,neither,forcibly
word2vec,1.0,a_only,vocal
word2vec,1.0,neither,accordions
word2vec,0.984215497970581,shared,violent
word2vec,1.0,a_only,rhetoric
word2vec,0.9810391664505005,shared,nephew
word2vec,1.0000001192092896,a_only,finance
word2vec,0.9955983757972717,shared,spending
word2vec,0.17190060019493103,neither,fits
word2vec,1.0,neither,industrialist
word2vec,0.09753730148077011,neither,gorgeous
word2vec,1.0000001192092896,a_only,numerical
word2vec,-0.09536292403936386,b_only,basket
word2vec,1.0,a_only,strictly
word2vec,1.0000001192092896,neither,synagogue
word2vec,1.0,neither,azeri
word2vec,1.0,a_only,nitric
word2vec,1.0000001192092896,neither,projection
word2vec,1.0,neither,squad
word2vec,1.0,a_only,ka
word2vec,0.9913383722305298,shared,sheltered
word2vec,0.9866161942481995,shared,deny
word2vec,-0.05356314405798912,neither,manifold
word2vec,1.0000001192092896,a_only,karl
word2vec,0.9938063621520996,shared,ideal
word2vec,1.0000001192092896,neither,curb
word2vec,-0.008080176077783108,neither,yelled
word2vec,-0.01110023632645607,neither,absurdly
word2vec,0.9999999403953552,neither,routines
word2vec,0.9999998807907104,neither,accredited
word2vec,1.0,neither,apr
word2vec,0.0948062315583229,b_only,recollection
word2vec,0.049541622400283813,neither,gardiners
word2vec,0.1809471696615219,b_only,beetle
word2vec,1.0,a_only,atlanta
word2vec,1.0,neither,manganese
word2vec,0.19732773303985596,neither,obtruded
word2vec,1.0,neither,braille
word2vec,0.9559798240661621,shared,notice
word2vec,0.9870439767837524,shared,entering
word2vec,1.0,a_only,calgary
word2vec,0.12454438954591751,neither,apologize
word2vec,0.9999998807907104,a_only,blockade
word2vec,0.9946262836456299,shared,morals
word2vec,0.9999998807907104,neither,oman
word2vec,1.0000001192092896,a_only,epidemic
word2vec,0.9999999403953552,neither,presenting
word2vec,1.0,neither,ala
word2vec,0.9999998807907104,a_only,voted
word2vec,0.9999998807907104,neither,ascetic
word2vec,0.1521100550889969,neither,resuming
word2vec,0.02799595706164837,neither,rabs
word2vec,0.057273056358098984,neither,calmness
word2vec,0.9999998807907104,neither,sodom
word2vec,1.0,a_only,millennium
word2vec,0.9642904996871948,shared,wherever
word2vec,0.06222550943493843,neither,ascertaining
word2vec,1.0000001192092896,neither,categorized
word2vec,0.9999998807907104,a_only,sedgwick
word2vec,0.9999999403953552,neither,sts
word2vec,0.9959798455238342,shared,muscle
word2vec,0.8788442015647888,shared,conversation
word2vec,1.0,neither,cet
word2vec,1.0,a_only,musician
word2vec,1.0,a_only,sa
word2vec,0.9867584109306335,shared,drums
word2vec,1.0,neither,considers
word2vec,0.14122331142425537,b_only,astonished
word2vec,0.842418909072876,shared,four
word2vec,1.0000001192092896,a_only,signing
word2vec,0.9999998807907104,neither,shiloh
word2vec,0.10160155594348907,b_only,dripping
word2vec,0.058233849704265594,neither,recesses
word2vec,1.0,neither,galleries
word2vec,1.0,a_only,ethical
word2vec,0.9388499855995178,shared,streets
word2vec,-0.0632169097661972,b_only,blast
word2vec,0.06475893408060074,neither,smeared
word2vec,-0.030669858679175377,b_only,brook
word2vec,0.9999999403953552,neither,ovid
word2vec,1.0,a_only,aeneas
word2vec,0.13586978614330292,neither,accosted
word2vec,0.041291531175374985,neither,19
word2vec,0.9952080249786377,shared,endurance
word2vec,1.0,neither,sclerosis
word2vec,0.9999999403953552,neither,gestae
word2vec,0.9889479279518127,shared,garlic
word2vec,0.9999999403953552,a_only,anders
word2vec,1.0,a_only,symmetric
word2vec,0.9969393014907837,neither,rumoured
word2vec,0.9999998807907104,neither,feynman
word2vec,0.9999999403953552,a_only,financial
word2vec,1.0,neither,rallied
word2vec,0.1007009744644165,neither,deceit
word2vec,-0.006583607289940119,neither,vow
word2vec,0.2797078490257263,neither,doran
word2vec,0.998320460319519,shared,university
word2vec,0.9999999403953552,neither,jacobus
word2vec,-0.08809427917003632,neither,unpardonable
word2vec,0.18896260857582092,neither,gladys
word2vec,1.0000001192092896,a_only,poll
word2vec,1.0,neither,blues
word2vec,1.0,neither,boeotia
word2vec,0.9999998807907104,a_only,guy
word2vec,0.9999998807907104,a_only,sartre
word2vec,1.0,neither,stimulate
word2vec,0.9999999403953552,neither,wattle
word2vec,0.02740689180791378,neither,latch
word2vec,1.0,a_only,interpreted
word2vec,0.9842911958694458,shared,sour
word2vec,1.0000001192092896,a_only,shares
word2vec,1.0,neither,dilemma
word2vec,0.18786992132663727,neither,flitted
word2vec,0.06982205808162689,neither,sling
word2vec,0.11747964471578598,neither,observant
word2vec,0.12070305645465851,b_only,afforded
word2vec,0.11988531053066254,neither,indulged
word2vec,1.0,neither,ignore
word2vec,0.15746629238128662,neither,joking
word2vec,0.9944402575492859,shared,submitted
word2vec,1.0,neither,supremacy
word2vec,1.0,neither,advisor
word2vec,1.0000001192092896,neither,quentin
word2vec,1.0,neither,cults
word2vec,0.9452100992202759,shared,allowed
word2vec,1.0,a_only,adjective
word2vec,0.996222734451294,shared,fulfilled
word2vec,0.06256710737943649,neither,incorrigible
word2vec,0.0005749633419327438,neither,overwhelm
word2vec,1.0,a_only,treating
word2vec,1.0000001192092896,neither,committees
word2vec,0.9519667029380798,shared,tongue
word2vec,1.0000001192092896,neither,monophyletic
word2vec,0.9999998807907104,neither,offerings
word2vec,1.0,neither,theophrastus
word2vec,-0.0773446336388588,neither,springing
word2vec,0.9988179206848145,shared,speeches
word2vec,0.04624946787953377,neither,wheeled
word2vec,0.9999999403953552,a_only,humanitarian
word2vec,1.0,a_only,federer
word2vec,1.0000001192092896,neither,platinum
word2vec,-0.054324764758348465,neither,pleasanter
word2vec,0.9963771104812622,shared,stable
word2vec,1.0,a_only,earthquakes
word2vec,1.0,neither,bi
word2vec,1.0,a_only,organ
word2vec,1.0,neither,motorola
word2vec,0.13972076773643494,b_only,ticking
word2vec,0.9864318370819092,shared,burn
word2vec,0.9011340141296387,shared,instant
word2vec,0.9999999403953552,neither,kurdish
word2vec,1.0,a_only,apocrypha
word2vec,1.0,neither,ararat
word2vec,-0.046293046325445175,b_only,stared
word2vec,0.9999999403953552,neither,summarized
word2vec,0.9835307598114014,shared,theatre
word2vec,0.13313062489032745,neither,crag
word2vec,0.12195130437612534,b_only,dear
word2vec,1.0000001192092896,a_only,denies
word2vec,0.9872651100158691,shared,vanish
word2vec,-0.11433649808168411,b_only,pausing
word2vec,1.0000001192092896,neither,guanaco
word2vec,1.0,a_only,hockey
word2vec,0.9849845170974731,shared,needle
word2vec,0.12767398357391357,neither,apprehensions
word2vec,0.9999998807907104,a_only,similarities
word2vec,1.0,neither,commodities
word2vec,0.9999998807907104,neither,partisans
word2vec,0.13799461722373962,neither,rouse
word2vec,0.9969861507415771,shared,stationed
word2vec,0.9876002669334412,shared,material
word2vec,0.9975472092628479,shared,apt
word2vec,-0.0012986204819753766,b_only,chop
word2vec,-0.02046489156782627,neither,sawdust
word2vec,0.965216875076294,shared,expressed
word2vec,1.0000001192092896,neither,bohemian
word2vec,0.9906710982322693,shared,police
word2vec,0.9999998807907104,a_only,glenn
word2vec,1.0,a_only,apl
word2vec,1.0,neither,condemnation
word2vec,0.031761862337589264,neither,loitering
word2vec,1.0000001192092896,a_only,camus
word2vec,0.9560497999191284,shared,story
word2vec,1.0000001192092896,a_only,publishers
word2vec,0.008914765901863575,neither,insincere
word2vec,1.0,neither,fragmented
word2vec,0.9950346350669861,shared,deserts
word2vec,0.9880961775779724,shared,prince
word2vec,0.9875998497009277,shared,occasionally
word2vec,1.0000001192092896,neither,charging
word2vec,0.9874584078788757,shared,iii
word2vec,1.0,neither,pelagius
word2vec,0.1627439260482788,b_only,tin
word2vec,1.0,a_only,rfc
word2vec,-0.051095616072416306,b_only,dreadful
word2vec,1.0,neither,volunteer
word2vec,1.0,a_only,facial
word2vec,1.0,neither,sacked
word2vec,1.0,neither,rafael
word2vec,0.9999999403953552,neither,reconcile
word2vec,1.0,a_only,sports
word2vec,1.0000001192092896,neither,classically
word2vec,0.9877697825431824,shared,cheap
word2vec,-0.11297135800123215,b_only,nigger
word2vec,0.8526403307914734,shared,fell
word2vec,0.9220522046089172,shared,sun
word2vec,1.0000001192092896,neither,donated
word2vec,1.0000001192092896,a_only,activities
word2vec,1.0,neither,slavonic
word2vec,-0.05667316913604736,b_only,retorted
word2vec,0.04623948410153389,neither,ladybird
word2vec,0.2096014767885208,b_only,gracious
word2vec,0.991916298866272,shared,distinguished
word2vec,1.0,neither,flexibility
word2vec,1.0000001192092896,a_only,estimated
word2vec,1.0000001192092896,neither,atmospheric
word2vec,1.0000001192092896,a_only,alleged
word2vec,1.0,neither,championships
word2vec,1.0,neither,argentines
word2vec,1.0,a_only,proclaimed
word2vec,0.1030244380235672,b_only,catched
word2vec,1.0000001192092896,neither,densely
word2vec,1.0000001192092896,neither,decides
word2vec,1.0,a_only,aachen
word2vec,1.0,neither,assessments
word2vec,0.07435674965381622,neither,excuses
word2vec,1.0,a_only,programming
word2vec,0.9404070973396301,shared,outside
word2vec,0.9418404698371887,shared,between
word2vec,0.9990968108177185,shared,symbol
word2vec,1.0,a_only,trapped
word2vec,0.9680489301681519,shared,wandering
word2vec,1.0,neither,conan
word2vec,0.8966021537780762,shared,lights
word2vec,1.0000001192092896,neither,duc
word2vec,1.0,neither,highlights
word2vec,0.9907746315002441,shared,pairs
word2vec,1.0000001192092896,a_only,disastrous
word2vec,0.9968257546424866,shared,terrace
word2vec,0.9940778017044067,shared,placing
word2vec,1.0,neither,unfavourably
word2vec,1.0,neither,cos
word2vec,0.976666271686554,shared,evidence
word2vec,0.9999998807907104,a_only,almonds
word2vec,1.0,a_only,council
word2vec,0.12064439058303833,neither,mantelpiece
word2vec,-0.2439214140176773,neither,xxv
word2vec,1.0000001192092896,neither,reporters
word2vec,0.11469217389822006,neither,ashen
word2vec,0.9948837161064148,shared,proceeding
word2vec,-0.216615691781044,b_only,procession
word2vec,-0.06414731591939926,b_only,witch
word2vec,0.9850649237632751,neither,indivisible
word2vec,0.12642551958560944,neither,loaf
word2vec,0.8919708728790283,shared,feel
word2vec,0.9999999403953552,a_only,comet
word2vec,0.12159381061792374,neither,plaintive
word2vec,0.9999998807907104,neither,nominal
word2vec,0.984436571598053,shared,selfish
word2vec,0.9999998807907104,neither,splits
word2vec,1.0,a_only,ell
word2vec,0.9543091058731079,shared,fit
word2vec,0.9967560172080994,shared,kicking
word2vec,1.0,a_only,beaches
word2vec,1.0,neither,constrained
word2vec,1.0000001192092896,neither,chords
word2vec,0.08519704639911652,neither,jake
word2vec,1.0,neither,meridian
word2vec,0.9932121634483337,shared,practical
word2vec,0.9925146102905273,shared,dialogue
word2vec,-0.1071888655424118,b_only,seeming
word2vec,1.0,neither,munda
word2vec,1.0,neither,tillich
word2vec,1.0000001192092896,neither,directive
word2vec,1.0,neither,clearest
word2vec,1.0,neither,jacobi
word2vec,0.9999999403953552,a_only,characterized
word2vec,0.03876659274101257,neither,sighs
word2vec,0.986587643623352,shared,experienced
word2vec,0.9228672385215759,shared,either
word2vec,1.0000001192092896,neither,detection
word2vec,1.0000001192092896,neither,judd
word2vec,-0.005421043373644352,neither,obscured
word2vec,1.0,a_only,legally
word2vec,0.9937427043914795,shared,boarding
word2vec,1.0,a_only,ranging
word2vec,1.0000001192092896,neither,transliteration
word2vec,1.0,neither,competent
word2vec,1.0,neither,alienated
word2vec,-4.4824178075941745e-06,neither,sweated
word2vec,0.9458998441696167,shared,prison
word2vec,1.0000001192092896,neither,legions
word2vec,0.9599430561065674,shared,laying
word2vec,1.0,neither,trioxide
word2vec,0.9999999403953552,a_only,als
word2vec,1.0,a_only,categories
word2vec,0.07022470235824585,neither,pawn
word2vec,0.1592792421579361,neither,stroll
word2vec,0.9654799103736877,shared,unconscious
word2vec,0.9999999403953552,neither,impose
word2vec,0.11440936475992203,b_only,carton
word2vec,1.0,a_only,mt
word2vec,0.999618649482727,shared,gateway
word2vec,0.005993979051709175,neither,sundown
word2vec,0.9326585531234741,shared,quietly
word2vec,0.996444582939148,shared,million
word2vec,1.0,neither,heresy
word2vec,1.0,neither,authorship
word2vec,1.0,a_only,admits
word2vec,1.0,neither,trauma
word2vec,0.16076971590518951,b_only,sings
word2vec,1.0000001192092896,a_only,located
word2vec,1.0,neither,recounted
word2vec,0.9963250756263733,shared,lighter
word2vec,-0.08345026522874832,b_only,smiles
word2vec,1.0000001192092896,a_only,jean
word2vec,0.9877274632453918,shared,trick
word2vec,0.9999999403953552,a_only,abbreviation
word2vec,1.0,neither,axon
word2vec,0.9999999403953552,neither,lenin
word2vec,0.9831402897834778,shared,arrow
word2vec,0.33464041352272034,b_only,loathing
word2vec,0.9972460865974426,shared,instruction
word2vec,1.0,a_only,recounts
word2vec,0.9976115226745605,shared,irish
word2vec,0.9636739492416382,shared,train
word2vec,0.9952702522277832,shared,supplied
word2vec,-0.136896550655365,neither,pirating
word2vec,1.0,neither,backdrop
word2vec,1.0000001192092896,a_only,polar
word2vec,-0.0237240269780159,neither,fearfully
word2vec,1.0000001192092896,neither,engraved
word2vec,0.9999999403953552,a_only,hercule
word2vec,0.9999999403953552,neither,hawkeye
word2vec,0.9917934536933899,shared,rocks
word2vec,1.0,neither,sps
word2vec,-0.021725011989474297,neither,growling
word2vec,-0.008514654822647572,neither,whiting
word2vec,0.9869962334632874,shared,imprisonment
word2vec,0.9916799664497375,shared,unfinished
word2vec,0.976563572883606,shared,string
word2vec,0.9942216873168945,shared,recover
word2vec,0.9947077035903931,shared,precisely
word2vec,1.0,neither,sugars
word2vec,0.0780707523226738,neither,diabolical
word2vec,0.005509375594556332,neither,sarcastic
word2vec,1.0000001192092896,neither,permitting
word2vec,0.06769140809774399,neither,coverlet
word2vec,1.0,neither,ezra
word2vec,0.9844891428947449,shared,summit
word2vec,1.0,neither,signer
word2vec,0.9726195335388184,shared,beast
word2vec,0.970016598701477,shared,progress
word2vec,0.9620503783226013,shared,fate
word2vec,1.0,neither,marxism
word2vec,1.0,neither,silvery
word2vec,0.9981530904769897,shared,accepting
word2vec,0.9881019592285156,shared,fiercely
word2vec,1.0000001192092896,a_only,apollo
word2vec,0.9999998807907104,a_only,surplus
word2vec,0.011189570650458336,b_only,whip
word2vec,0.028064075857400894,b_only,whisper
word2vec,0.8969515562057495,shared,fear
word2vec,0.8262277245521545,shared,how
word2vec,0.9713341593742371,shared,sorrow
word2vec,1.0,a_only,speculation
word2vec,1.0,neither,ismail
word2vec,1.0,neither,rev
word2vec,1.0000001192092896,neither,macedonians
word2vec,1.0,neither,crm
word2vec,1.0,neither,provence
word2vec,1.0,neither,orson
word2vec,-0.031090807169675827,neither,gills
word2vec,0.9964762926101685,shared,remedy
word2vec,0.022452767938375473,b_only,habits
word2vec,0.9915722608566284,shared,performed
word2vec,0.993515133857727,shared,obtain
word2vec,1.0,neither,agrarian
word2vec,0.101887047290802,b_only,weighed
word2vec,0.9933570623397827,shared,cash
word2vec,1.0,neither,processors
word2vec,0.8920767307281494,shared,child
word2vec,0.9999999403953552,a_only,arcade
word2vec,0.9795781970024109,shared,verse
word2vec,0.9904858469963074,shared,marvel
word2vec,0.9958892464637756,shared,inheritance
word2vec,0.1635276824235916,neither,seriousness
word2vec,0.9787924289703369,shared,hero
word2vec,0.8636329770088196,shared,together
word2vec,0.9999999403953552,a_only,drugs
word2vec,0.9894168376922607,shared,lasted
word2vec,1.0,a_only,adult
word2vec,0.9999998807907104,neither,outermost
word2vec,1.0,a_only,sanskrit
word2vec,1.0,a_only,kabul
word2vec,0.9131357669830322,shared,marquis
word2vec,1.0000001192092896,a_only,symbols
word2vec,1.0,neither,cypress
word2vec,0.964289665222168,shared,disturbed
word2vec,1.0000001192092896,neither,photosynthesis
word2vec,1.0000001192092896,neither,antietam
word2vec,0.9999998807907104,a_only,riots
word2vec,0.8021518588066101,shared,basil
word2vec,1.0,neither,sparked
word2vec,0.9999999403953552,neither,goto
word2vec,1.0,a_only,promoting
word2vec,-0.17310741543769836,neither,furtively
word2vec,0.950667142868042,shared,joined
word2vec,1.0000001192092896,neither,lyndon
word2vec,0.026214877143502235,neither,cupids
word2vec,1.0,neither,gringo
word2vec,0.9999998807907104,a_only,populations
word2vec,1.0000001192092896,neither,ncaa
word2vec,0.9999998807907104,neither,aeschylus
word2vec,0.01136647630482912,neither,liable
word2vec,0.9963059425354004,shared,expanded
word2vec,0.008782216347754002,neither,fearless
word2vec,1.0,neither,olympus
word2vec,0.9864281415939331,shared,tempered
word2vec,1.0,a_only,ally
word2vec,0.08405229449272156,b_only,tails
word2vec,-0.005634423345327377,neither,hitched
word2vec,1.0,neither,spike
word2vec,0.9957307577133179,shared,slavery
word2vec,0.9022926688194275,shared,bird
word2vec,0.9999998807907104,a_only,structural
word2vec,0.9999999403953552,neither,arif
word2vec,1.0,neither,tactics
word2vec,1.0,neither,titan
word2vec,1.0000001192092896,a_only,seceded
word2vec,0.9610239863395691,shared,prisoners
word2vec,1.0,neither,solvent
word2vec,0.9999998807907104,neither,numerals
word2vec,1.0,a_only,arctic
word2vec,0.9772355556488037,shared,principal
word2vec,1.0000001192092896,a_only,imported
word2vec,0.9999998807907104,neither,pipeline
word2vec,0.10122080892324448,neither,papa
word2vec,1.0000001192092896,a_only,traditional
word2vec,0.9999998807907104,neither,honored
word2vec,0.9981755614280701,shared,december
word2vec,0.9829520583152771,shared,suppressed
word2vec,1.0,neither,prints
word2vec,0.08722127228975296,neither,detestable
word2vec,0.9857080578804016,shared,mob
word2vec,0.9688447713851929,shared,band
word2vec,1.0,neither,josef
word2vec,0.993845522403717,shared,memorable
word2vec,0.8895497918128967,shared,across
word2vec,0.9384570717811584,shared,empty
word2vec,0.9875479340553284,shared,wages
word2vec,-0.056063923984766006,neither,tally
word2vec,0.9873282313346863,shared,assumed
word2vec,1.0,neither,repudiated
word2vec,0.27187344431877136,neither,glimmer
word2vec,1.0,neither,rankings
word2vec,0.9772632718086243,shared,weeks
word2vec,1.0000001192092896,neither,martyrdom
word2vec,0.9999998807907104,neither,gil
word2vec,1.0,neither,ryu
word2vec,0.14347074925899506,neither,sob
word2vec,1.0000001192092896,neither,turtledove
word2vec,1.0,a_only,patroclus
word2vec,1.0,a_only,quantities
word2vec,0.9981510639190674,shared,eve
word2vec,0.9998224377632141,neither,bizarre
word2vec,0.9941233396530151,shared,engaging
word2vec,0.9999999403953552,a_only,probe
word2vec,0.23713305592536926,neither,attic
word2vec,0.1674065887928009,neither,bowing
word2vec,-0.10581840574741364,neither,polluted
word2vec,0.03735467419028282,b_only,plainly
word2vec,1.0,neither,willingness
word2vec,0.15840153396129608,b_only,stepping
word2vec,1.0,neither,transmutation
word2vec,1.0,a_only,aboriginal
word2vec,0.11136268824338913,neither,sis
word2vec,1.0,neither,reversible
word2vec,0.18687790632247925,b_only,kennel
word2vec,0.9246485233306885,shared,contents
word2vec,1.0,a_only,luke
word2vec,0.9999999403953552,neither,eduard
word2vec,0.9999999403953552,neither,luigi
word2vec,0.99989253282547,shared,museum
word2vec,1.0,neither,simpson
word2vec,0.9999999403953552,a_only,subset
word2vec,1.0,neither,syntactic
word2vec,1.0,a_only,protons
word2vec,1.0000001192092896,a_only,rebel
word2vec,0.9887181520462036,shared,discouraged
word2vec,1.0000001192092896,a_only,absalom
word2vec,0.18816807866096497,neither,rattling
word2vec,0.04388657584786415,b_only,bundle
word2vec,0.977694034576416,shared,affair
word2vec,0.9590646624565125,shared,doubt
word2vec,0.15144532918930054,b_only,cheerful
word2vec,0.9994653463363647,shared,analysis
word2vec,1.0,neither,collingwood
word2vec,0.9999998807907104,a_only,males
word2vec,1.0000001192092896,neither,plow
word2vec,0.2418726533651352,b_only,24
word2vec,0.9999998807907104,a_only,antisemitism
word2vec,0.9978644847869873,shared,complex
word2vec,0.9999998807907104,neither,navajo
word2vec,0.9953237771987915,shared,masses
word2vec,0.9888879656791687,shared,charged
word2vec,0.064332515001297,b_only,vines
word2vec,-0.09975724667310715,b_only,darkened
word2vec,1.0,neither,mc
word2vec,0.9984862208366394,shared,meetings
word2vec,1.0,neither,paints
word2vec,0.0980876237154007,neither,patroness
word2vec,0.9999998807907104,a_only,aa
word2vec,0.1545807272195816,b_only,derbyshire
word2vec,0.025107424706220627,neither,villains
word2vec,0.9613702297210693,shared,passing
word2vec,0.02781669981777668,neither,mome
word2vec,0.961712121963501,shared,journal
word2vec,0.982528030872345,shared,card
word2vec,1.0,a_only,depravity
word2vec,0.9827407002449036,shared,hound
word2vec,0.9925077557563782,neither,ditch
word2vec,0.963584840297699,shared,written
word2vec,0.9742591977119446,shared,drive
word2vec,1.0000001192092896,a_only,imports
word2vec,1.0,neither,sanctions
word2vec,1.0,a_only,abdominal
word2vec,0.994999885559082,neither,finishing
word2vec,-0.09744343161582947,neither,comforting
word2vec,1.0,neither,nunavut
word2vec,0.965523362159729,shared,passages
word2vec,0.9999999403953552,a_only,chronic
word2vec,0.9356498122215271,shared,burning
word2vec,1.0,neither,fictitious
word2vec,0.10743357986211777,neither,pawnbroker
word2vec,0.03876951336860657,b_only,slipped
word2vec,0.9970268607139587,shared,relatives
word2vec,0.9999998807907104,a_only,center
word2vec,0.998881459236145,shared,accurately
word2vec,0.985270082950592,shared,younger
word2vec,1.0,neither,fuego
word2vec,-0.025008244439959526,neither,cheese
word2vec,1.0000001192092896,a_only,electromagnetic
word2vec,1.0000001192092896,neither,skins
word2vec,0.9878119230270386,shared,depend
word2vec,0.9999998807907104,neither,mort
word2vec,1.0,a_only,eliminate
word2vec,0.044005557894706726,b_only,interrupt
word2vec,0.08688390254974365,neither,sultry
word2vec,0.024576377123594284,neither,rash
word2vec,0.18558470904827118,neither,tst
word2vec,0.9749258756637573,shared,ashes
word2vec,0.8917813301086426,shared,an
word2vec,-0.062004342675209045,neither,gimble
word2vec,0.9637073278427124,shared,mysterious
word2vec,0.9999999403953552,neither,lorenzo
word2vec,0.9898249506950378,shared,hopeless
word2vec,1.0000001192092896,neither,ic
word2vec,1.0,neither,lucien
word2vec,1.0,a_only,analytical
word2vec,1.0,neither,refrigeration
word2vec,0.9999999403953552,a_only,relatively
word2vec,0.991454541683197,neither,crouching
word2vec,1.0000001192092896,a_only,systematic
word2vec,0.9862246513366699,shared,compared
word2vec,0.9999999403953552,a_only,alexander
word2vec,0.9989586472511292,shared,article
word2vec,0.9999998807907104,a_only,photo
word2vec,0.9532933831214905,shared,lawyer
word2vec,1.0,a_only,legitimate
word2vec,1.0,neither,invasions
word2vec,0.013892075046896935,neither,litter
word2vec,0.9608702063560486,shared,rise
word2vec,1.0,a_only,radiation
word2vec,0.9999998807907104,a_only,supplies
word2vec,1.0000001192092896,a_only,toxic
word2vec,0.1303674429655075,neither,grinned
word2vec,1.0,a_only,jazz
word2vec,-0.10741110891103745,b_only,wreck
word2vec,1.0,a_only,terminology
word2vec,0.9948347806930542,shared,effects
word2vec,0.9954128265380859,shared,warnings
word2vec,0.9165987968444824,shared,replace
word2vec,0.9999998807907104,neither,spiritualism
word2vec,1.0,neither,mujahideen
word2vec,0.0978032648563385,b_only,mermaids
word2vec,1.0,neither,mastered
word2vec,0.004523776471614838,neither,hesitate
word2vec,0.3116017282009125,b_only,carfax
word2vec,1.0,neither,shiftrows
word2vec,1.0000001192092896,a_only,limiting
word2vec,1.0,a_only,vs
word2vec,0.9764824509620667,shared,occupations
word2vec,0.9999998807907104,a_only,portrayed
word2vec,1.0,neither,hickory
word2vec,0.9912347197532654,shared,type
word2vec,0.9966958165168762,shared,vary
word2vec,1.0,neither,invalid
word2vec,0.9783594608306885,shared,connected
word2vec,0.8756008744239807,shared,mean
word2vec,0.9940013885498047,shared,conception
word2vec,1.0,neither,rex
word2vec,1.0000001192092896,neither,priestley
word2vec,-0.07993563264608383,b_only,tempest
word2vec,0.05486906319856644,neither,reclining
word2vec,0.9999998807907104,neither,ephesus
word2vec,-0.10659702122211456,neither,slung
word2vec,0.9999999403953552,neither,antiretroviral
word2vec,1.0,neither,aqua
word2vec,0.9958221912384033,shared,plays
word2vec,0.9999998807907104,a_only,nashville
word2vec,0.1144939437508583,b_only,helsing
word2vec,0.9999999403953552,a_only,disciplines
word2vec,0.9999998807907104,a_only,inflation
word2vec,0.06048864498734474,b_only,slim
word2vec,0.9535655975341797,shared,quickly
word2vec,-0.015033870004117489,b_only,wink
word2vec,0.9318590760231018,shared,subject
word2vec,0.0005752912838943303,neither,rumour
word2vec,0.9719095230102539,shared,continually
word2vec,1.0,neither,illustrate
word2vec,1.0,neither,slopes
word2vec,1.0,a_only,organic
word2vec,0.9990534782409668,shared,cord
word2vec,1.0,neither,andersson
word2vec,0.9999999403953552,a_only,irregular
word2vec,1.0,neither,surrenders
word2vec,0.9986722469329834,shared,reynolds
word2vec,0.16241437196731567,b_only,disappointment
word2vec,-0.09180203825235367,b_only,beheld
word2vec,0.9433681964874268,shared,voices
word2vec,1.0,neither,monotheism
word2vec,0.9824030995368958,shared,choice
word2vec,1.0,a_only,chancellor
word2vec,1.0,a_only,convent
word2vec,-0.042129997164011,b_only,throat
word2vec,0.9910904765129089,shared,visits
word2vec,0.14574140310287476,b_only,busted
word2vec,1.0,neither,animists
word2vec,0.9999999403953552,neither,canary
word2vec,0.9702138900756836,shared,breaking
word2vec,1.0,neither,insecticides
word2vec,1.0,neither,noam
word2vec,1.0,neither,magicians
word2vec,0.13469301164150238,b_only,fountain
word2vec,-0.06632285565137863,neither,slick
word2vec,0.04116884246468544,b_only,foulon
word2vec,1.0,neither,duvall
word2vec,1.0,neither,utf
word2vec,0.9992430210113525,shared,bah
word2vec,0.9737495183944702,shared,creator
word2vec,1.0,a_only,implies
word2vec,0.985392153263092,shared,speaker
word2vec,1.0,neither,asterales
word2vec,0.9999999403953552,neither,intact
word2vec,0.9999999403953552,a_only,carolina
word2vec,0.1683260202407837,neither,butterflies
word2vec,0.9999998807907104,neither,milo
word2vec,-0.0018979383166879416,neither,fiendish
word2vec,1.0,a_only,carthage
word2vec,0.9948830008506775,shared,coal
word2vec,0.9999999403953552,neither,yoshinkan
word2vec,1.0,a_only,hosted
word2vec,1.0000001192092896,a_only,abraham
word2vec,0.9545832872390747,shared,service
word2vec,0.9988178610801697,shared,deceased
word2vec,0.9850437641143799,shared,authority
word2vec,1.0,a_only,linemen
word2vec,1.0,neither,rumor
word2vec,-0.0700783059000969,neither,bo
word2vec,0.03863901644945145,b_only,innocence
word2vec,1.0000001192092896,neither,eisenhower
word2vec,1.0,a_only,reflects
word2vec,1.0,neither,tallapoosa
word2vec,0.9467716813087463,shared,finished
word2vec,0.955284059047699,shared,hearing
word2vec,0.9856359958648682,shared,direct
word2vec,1.0,a_only,utc
word2vec,1.0,neither,sentinel
word2vec,0.9999999403953552,a_only,neurons
word2vec,0.9817883372306824,shared,exceedingly
word2vec,0.9999999403953552,a_only,neurological
word2vec,1.0,neither,bearers
word2vec,0.13021010160446167,neither,dire
word2vec,0.9967563152313232,shared,creek
word2vec,0.08366160839796066,neither,tole
word2vec,0.9999999403953552,a_only,primarily
word2vec,1.0000001192092896,neither,anatole
word2vec,0.9915183186531067,shared,arise
word2vec,0.997757613658905,neither,carriers
word2vec,1.0,a_only,antoninus
word2vec,1.0000001192092896,neither,thomson
word2vec,0.03542260453104973,b_only,thursday
word2vec,0.06780785322189331,b_only,boscombe
word2vec,1.0000001192092896,neither,konrad
word2vec,1.0,a_only,hector
word2vec,1.0,neither,maxim
word2vec,0.14661458134651184,b_only,danced
word2vec,0.09974411129951477,neither,absorbing
word2vec,1.0000001192092896,neither,firth
word2vec,0.9901821613311768,shared,rescue
word2vec,0.9999999403953552,a_only,admiral
word2vec,0.9993447661399841,shared,mall
word2vec,0.03695075213909149,neither,accents
word2vec,0.10230393707752228,neither,radiance
word2vec,0.5681941509246826,b_only,whaling
word2vec,0.984377384185791,shared,punch
word2vec,0.06735550612211227,neither,brilliantly
word2vec,0.9729982614517212,shared,spite
word2vec,0.043412238359451294,neither,wilful
word2vec,0.19687488675117493,b_only,reproach
word2vec,0.99271160364151,shared,proceedings
word2vec,0.9999998807907104,a_only,teams
word2vec,1.0,a_only,variations
word2vec,1.0,neither,dwan
word2vec,1.0,a_only,oxidation
word2vec,0.9999998807907104,a_only,kubrick
word2vec,1.0,a_only,commentary
word2vec,1.0000001192092896,a_only,programmers
word2vec,0.9859042763710022,shared,humble
word2vec,-0.08025166392326355,neither,monotonously
word2vec,0.9946170449256897,shared,poem
word2vec,1.0,neither,timor
word2vec,-0.08579997718334198,neither,fitten
word2vec,1.0000001192092896,neither,treaties
word2vec,0.9909210801124573,shared,routine
word2vec,1.0000001192092896,neither,hampered
word2vec,1.0,a_only,rural
word2vec,1.0,neither,syllabary
word2vec,0.14965490996837616,b_only,wandered
word2vec,-0.11375311017036438,b_only,pall
word2vec,0.974203884601593,shared,willing
word2vec,1.0,a_only,buenos
word2vec,-0.01828443445265293,neither,terrors
word2vec,1.0000001192092896,neither,detached
word2vec,1.0,a_only,alexandria
word2vec,0.9872281551361084,shared,e
word2vec,1.0000001192092896,neither,perl
word2vec,1.0,neither,librivox
word2vec,0.9999999403953552,neither,boasts
word2vec,0.9886530637741089,shared,retreat
word2vec,1.0,neither,seminar
word2vec,1.0,a_only,novelists
word2vec,0.08397386968135834,b_only,eyelids
word2vec,0.12621097266674042,neither,bilgewater
word2vec,-0.014495139941573143,neither,throbbing
word2vec,1.0,neither,southampton
word2vec,0.9978490471839905,shared,association
word2vec,1.0,neither,corporations
word2vec,1.0,a_only,abortion
word2vec,0.9893050193786621,shared,eighteen
word2vec,1.0,a_only,codes
word2vec,1.0000001192092896,neither,nico
word2vec,1.0,neither,congestion
word2vec,1.0,neither,conceded
word2vec,0.9999998807907104,neither,eth
word2vec,1.0,neither,gonzales
word2vec,1.0000001192092896,a_only,nominee
word2vec,0.9834108948707581,shared,pounds
word2vec,0.9945752620697021,shared,xxvi
word2vec,0.9563348889350891,shared,courage
word2vec,1.0,neither,fonts
word2vec,0.18427997827529907,b_only,aloud
word2vec,0.07387744635343552,neither,dejected
word2vec,0.02959141694009304,b_only,ornery
word2vec,-0.11305956542491913,neither,banish
word2vec,-0.10993710905313492,neither,proves
word2vec,1.0,neither,quotation
word2vec,0.9975998997688293,shared,compelled
word2vec,0.8429344892501831,shared,chair
word2vec,1.0,neither,liability
word2vec,1.0,neither,contacts
word2vec,0.11862348765134811,b_only,abhorrence
word2vec,0.9619157314300537,shared,servants
word2vec,0.9999999403953552,a_only,successors
word2vec,0.9946939945220947,shared,apple
word2vec,0.983738124370575,shared,ix
word2vec,1.0,a_only,sexually
word2vec,0.9984453916549683,neither,strenuously
word2vec,1.0,a_only,ram
word2vec,1.0,neither,classify
word2vec,1.0,neither,granting
word2vec,0.9999998807907104,neither,adiabats
word2vec,0.05702533945441246,b_only,yelling
word2vec,0.9925743937492371,neither,treachery
word2vec,1.0,neither,multiplicative
word2vec,0.1453506201505661,neither,nourishment
word2vec,0.2568534314632416,neither,shameful
word2vec,0.9883928894996643,shared,cattle
word2vec,0.9445961713790894,shared,careful
word2vec,0.9598484635353088,shared,chorus
word2vec,1.0000001192092896,a_only,warren
word2vec,0.9975370168685913,shared,precision
word2vec,0.8916676640510559,shared,mighty
word2vec,0.9961854815483093,shared,frank
word2vec,-0.019983036443591118,neither,vestige
word2vec,0.948498547077179,shared,mail
word2vec,0.12607476115226746,neither,plentiful
word2vec,1.0,a_only,paperback
word2vec,0.9405174255371094,shared,filled
word2vec,0.9252654910087585,shared,power
word2vec,0.9962800145149231,neither,shocking
word2vec,0.9969593286514282,neither,strengthened
word2vec,1.0000001192092896,a_only,prairie
word2vec,0.9999999403953552,neither,walsh
word2vec,1.0,a_only,termed
word2vec,0.956265389919281,shared,scarcely
word2vec,0.0747748613357544,b_only,yourselves
word2vec,1.0,neither,beverage
word2vec,0.9865667223930359,shared,dover
word2vec,0.9976213574409485,shared,strive
word2vec,1.0,a_only,kg
word2vec,1.0000001192092896,a_only,stages
word2vec,1.0,neither,nozick
word2vec,1.0,neither,bam
word2vec,1.0000001192092896,neither,cheaper
word2vec,0.9742453098297119,shared,apply
word2vec,0.9999999403953552,a_only,erosion
word2vec,1.0,neither,originate
word2vec,0.964910089969635,shared,thy
word2vec,0.9999999403953552,a_only,anthem
word2vec,1.0,neither,infectious
word2vec,0.07932937145233154,neither,husky
word2vec,-0.060411449521780014,neither,impudent
word2vec,-0.14568626880645752,neither,acquiesced
word2vec,1.0,neither,hispania
word2vec,1.0,neither,magnesium
word2vec,0.026583008468151093,neither,huskily
word2vec,0.995710551738739,shared,warming
word2vec,-0.04262648895382881,b_only,dipped
word2vec,0.9996851086616516,shared,paddington
word2vec,1.0000001192092896,a_only,alhazred
word2vec,1.0,neither,georges
word2vec,1.0,neither,hackett
word2vec,1.0000001192092896,neither,invading
word2vec,0.9649285078048706,shared,aged
word2vec,0.016701212152838707,neither,amounted
word2vec,0.068428635597229,b_only,sticking
word2vec,0.9758456349372864,shared,sees
word2vec,0.936352014541626,shared,fishing
word2vec,0.9942248463630676,shared,freed
word2vec,1.0,neither,tributary
word2vec,-0.02520080655813217,neither,schooner
word2vec,0.9818738102912903,shared,missouri
word2vec,0.121544249355793,neither,visage
word2vec,1.0,neither,performs
word2vec,1.0,neither,andorran
word2vec,-0.07672564685344696,b_only,blows
word2vec,0.9970693588256836,shared,villages
word2vec,0.30034443736076355,neither,comfortably
word2vec,1.0,neither,beekeeping
word2vec,0.048666417598724365,b_only,annoyed
word2vec,0.03364282846450806,neither,sped
word2vec,0.9282768964767456,shared,during
word2vec,1.0,a_only,cornwallis
word2vec,0.9999998807907104,neither,marathon
word2vec,0.9088881611824036,shared,darkness
word2vec,1.0,neither,approximation
word2vec,1.0000001192092896,a_only,interaction
word2vec,0.7693897485733032,shared,him
word2vec,0.991210401058197,shared,served
word2vec,1.0,neither,piston
word2vec,1.0000001192092896,a_only,artifacts
word2vec,0.9203817248344421,shared,sheep
word2vec,1.0,a_only,astronomer
word2vec,0.9771093726158142,shared,prospect
word2vec,0.9999999403953552,a_only,dynamic
word2vec,0.952640950679779,shared,setting
word2vec,1.0,a_only,variation
word2vec,0.11272737383842468,neither,muttering
word2vec,1.0,a_only,undertaken
word2vec,1.0,neither,duration
word2vec,-0.0812300443649292,neither,knob
word2vec,1.0000001192092896,neither,rappers
word2vec,0.6208946704864502,shared,tom
word2vec,1.0,neither,silt
word2vec,-0.023742906749248505,neither,glowed
word2vec,1.0,a_only,bacteria
word2vec,-0.020782284438610077,b_only,kindness
word2vec,0.9181569218635559,shared,majesty
word2vec,0.9902697205543518,shared,inspire
word2vec,0.9999998807907104,neither,renders
word2vec,1.0,neither,melodies
word2vec,0.9999999403953552,neither,eli
word2vec,0.9991911053657532,shared,persian
word2vec,-0.07359209656715393,neither,malignity
word2vec,0.04030638188123703,neither,watches
word2vec,1.0,a_only,documented
word2vec,1.0,neither,vila
word2vec,0.9999999403953552,neither,diomedea
word2vec,0.9956521987915039,shared,surroundings
word2vec,0.9999999403953552,neither,dancer
word2vec,0.9944536685943604,shared,costume
word2vec,0.9880935549736023,shared,complexion
word2vec,0.1950097382068634,neither,lothrop
word2vec,1.0,a_only,destructive
word2vec,1.0,neither,confessions
word2vec,1.0000001192092896,a_only,fantasy
word2vec,1.0,a_only,regardless
word2vec,1.0,a_only,reprinted
word2vec,0.9706459045410156,shared,prizes
word2vec,0.9999999403953552,neither,alkene
word2vec,0.9999999403953552,neither,humanities
word2vec,0.01997005194425583,b_only,learnt
word2vec,0.17340169847011566,neither,scruple
word2vec,0.16799981892108917,neither,incumbent
word2vec,1.0000001192092896,a_only,amethyst
word2vec,1.0,neither,dynastic
word2vec,1.0,neither,impairments
word2vec,0.04978025704622269,b_only,jury
word2vec,0.9875176548957825,shared,communication
word2vec,0.1522166132926941,neither,intrusion
word2vec,0.9999998807907104,a_only,accessed
word2vec,1.0,neither,erwin
word2vec,0.9919155836105347,shared,descent
word2vec,0.9871523380279541,shared,assist
word2vec,0.9951415657997131,shared,granted
word2vec,0.8748586773872375,shared,set
word2vec,0.9999998807907104,neither,airliner
word2vec,0.9971399903297424,shared,articles
word2vec,0.9140473008155823,shared,stretched
word2vec,0.9918583035469055,shared,x
word2vec,0.9999999403953552,a_only,environment
word2vec,1.0,neither,univ
word2vec,0.9968149662017822,shared,oil
word2vec,0.08415444195270538,neither,lashes
word2vec,0.9628096222877502,shared,bore
word2vec,1.0000001192092896,a_only,libertarianism
word2vec,0.07480465620756149,b_only,snatched
word2vec,0.9999999403953552,a_only,monitor
word2vec,0.9717833995819092,shared,misfortune
word2vec,0.08148480206727982,neither,withheld
word2vec,0.851135790348053,shared,table
word2vec,1.0,a_only,speakers
word2vec,1.0,neither,tcm
word2vec,0.967645525932312,shared,absolutely
word2vec,0.16754795610904694,neither,darkly
word2vec,1.0,a_only,networks
word2vec,0.9967659115791321,shared,expressing
word2vec,1.0,neither,maintenance
word2vec,0.9895123243331909,shared,speedily
word2vec,1.0,neither,crafts
word2vec,1.0,a_only,successive
word2vec,0.9874054789543152,shared,lowered
word2vec,0.05148109048604965,neither,kettle
word2vec,0.09784311801195145,neither,symptom
word2vec,0.9999999403953552,neither,porta
word2vec,0.9903124570846558,shared,extra
word2vec,0.9539485573768616,shared,wasn
word2vec,0.9863995313644409,shared,wave
word2vec,1.0,a_only,margin
word2vec,1.0000001192092896,neither,divorce
word2vec,0.9916673302650452,shared,furniture
word2vec,1.0,neither,thessalian
word2vec,0.7938127517700195,shared,jane
word2vec,0.9984367489814758,shared,mississippi
word2vec,0.11863911151885986,neither,wipe
word2vec,0.06727275252342224,b_only,roylott
word2vec,1.0,a_only,carroll
word2vec,1.0000001192092896,neither,insert
word2vec,0.06662177294492722,neither,pretence
word2vec,0.9525766968727112,shared,accident
word2vec,0.9999999403953552,a_only,wisconsin
word2vec,0.17523758113384247,neither,swarthy
word2vec,0.11776004731655121,neither,whitewashing
word2vec,0.896144449710846,shared,perfectly
word2vec,0.30293384194374084,neither,disclosure
word2vec,1.0000001192092896,a_only,distribution
word2vec,0.8810832500457764,shared,trouble
word2vec,1.0000001192092896,a_only,kenneth
word2vec,0.9942180514335632,shared,porter
word2vec,1.0000001192092896,neither,danny
word2vec,1.0,a_only,dubbed
word2vec,1.0,neither,cameras
word2vec,1.0,a_only,cavalry
word2vec,0.08530981093645096,neither,selby
word2vec,1.0,neither,poorest
word2vec,0.7628825306892395,shared,on
word2vec,0.9955790042877197,shared,reliance
word2vec,0.9908583760261536,shared,curved
word2vec,-0.1170337051153183,neither,skylight
word2vec,0.03624171391129494,neither,lashed
word2vec,0.020952478051185608,neither,palms
word2vec,1.0,neither,upheld
word2vec,0.879392147064209,shared,happy
word2vec,1.0000001192092896,a_only,rn
word2vec,0.9802095293998718,shared,rogers
word2vec,1.0,neither,dictatorship
word2vec,0.9999998807907104,neither,phyla
word2vec,1.0,a_only,refugees
word2vec,0.12647046148777008,neither,gratification
word2vec,-0.007006867788732052,neither,rains
word2vec,0.9915132522583008,shared,aware
word2vec,1.0000001192092896,neither,amu
word2vec,-0.1673269420862198,b_only,jis
word2vec,1.0000001192092896,a_only,persecution
word2vec,0.9604763984680176,shared,store
word2vec,0.995689332485199,shared,farms
word2vec,0.12181229889392853,b_only,excuse
word2vec,0.9994500875473022,shared,acute
word2vec,0.09382208436727524,neither,overheard
word2vec,-0.023255551233887672,b_only,distress
word2vec,1.0,a_only,entity
word2vec,1.0,neither,animosity
word2vec,-0.0759490355849266,neither,sweetest
word2vec,0.1561221182346344,neither,idleness
word2vec,1.0,neither,sexuality
word2vec,0.9966395497322083,shared,elaborate
word2vec,0.9989477396011353,shared,holland
word2vec,1.0,a_only,cooling
word2vec,1.0,neither,utilitarian
word2vec,1.0,neither,devon
word2vec,0.05923591926693916,neither,gasp
word2vec,-0.018209228292107582,neither,exclamations
word2vec,0.9883243441581726,shared,scattered
word2vec,0.10081411153078079,b_only,rucastle
word2vec,0.9902223348617554,shared,le
word2vec,0.9999998807907104,neither,decreases
word2vec,-0.030120570212602615,b_only,typewriter
word2vec,1.0000001192092896,a_only,theaters
word2vec,0.9999999403953552,a_only,unstable
word2vec,1.0000001192092896,neither,wang
word2vec,0.9796146750450134,shared,eighty
word2vec,0.9904835224151611,shared,uncommon
word2vec,1.0,a_only,keyboard
word2vec,1.0000001192092896,neither,eleftherios
word2vec,0.9999999403953552,a_only,kong
word2vec,0.07259960472583771,neither,poked
word2vec,0.9999998807907104,neither,decrees
word2vec,1.0,neither,nsted
word2vec,0.981633722782135,shared,bestowed
word2vec,0.9818964600563049,shared,spark
word2vec,0.9972258806228638,shared,lakes
word2vec,-0.03430529311299324,b_only,heah
word2vec,0.9999999403953552,neither,daimler
word2vec,0.9506939053535461,shared,land
word2vec,-0.0024979666341096163,b_only,knocked
word2vec,1.0000001192092896,neither,steamer
word2vec,0.9928427934646606,shared,masters
word2vec,0.9999999403953552,a_only,scriptures
word2vec,1.0,a_only,ampere
word2vec,-0.042226437479257584,b_only,frighten
word2vec,1.0,neither,evaluating
word2vec,0.9693516492843628,shared,probably
word2vec,0.9999998807907104,a_only,algeria
word2vec,0.9673794507980347,shared,passions
word2vec,0.7156983613967896,shared,thought
word2vec,1.0,neither,nomadic
word2vec,1.0000001192092896,neither,inventory
word2vec,0.9999998807907104,neither,completing
word2vec,-0.15983565151691437,neither,whipped
word2vec,1.0,a_only,schopenhauer
word2vec,1.0,neither,zion
word2vec,0.8438050746917725,shared,glass
word2vec,0.9913065433502197,shared,trusted
word2vec,0.10903093963861465,b_only,sleeve
word2vec,0.1425975263118744,neither,initials
word2vec,0.9977461695671082,shared,requires
word2vec,0.08844572305679321,neither,stupendous
word2vec,1.0000001192092896,neither,artillery
word2vec,1.0,a_only,scotia
word2vec,1.0000001192092896,neither,syllabics
word2vec,0.9932549595832825,shared,rome
word2vec,1.0,a_only,claiming
word2vec,0.9687350988388062,shared,paid
word2vec,0.9999999403953552,neither,multicellular
word2vec,1.0000001192092896,neither,antiquarian
word2vec,0.9930480122566223,shared,diamonds
word2vec,0.07110461592674255,b_only,dumpty
word2vec,0.9885165691375732,shared,page
word2vec,1.0,a_only,comedian
word2vec,0.21326442062854767,neither,ravings
word2vec,0.9110450148582458,shared,itself
word2vec,0.9839022159576416,shared,mourning
word2vec,0.5369156002998352,neither,aloysius
word2vec,0.9759780764579773,shared,departed
word2vec,0.08817572146654129,neither,whirl
word2vec,1.0000001192092896,a_only,plants
word2vec,0.9512899518013,shared,crowd
word2vec,1.0,neither,pogrom
word2vec,0.27743658423423767,neither,reasoner
word2vec,0.9999999403953552,neither,peacock
word2vec,1.0,a_only,fertility
word2vec,1.0,neither,postage
word2vec,1.0,neither,cherokee
word2vec,0.024628017097711563,neither,islan
word2vec,0.9707232713699341,shared,falling
word2vec,1.0,a_only,wartime
word2vec,0.9900729656219482,shared,enthusiasm
word2vec,0.9697642922401428,shared,lucas
word2vec,0.9999998807907104,a_only,johnston
word2vec,1.0,a_only,phil
word2vec,1.0,neither,islamism
word2vec,0.9748884439468384,shared,bailey
word2vec,0.10371348261833191,neither,consternation
word2vec,-0.004697983618825674,neither,scents
word2vec,1.0,neither,southeastern
word2vec,0.19006696343421936,neither,engendered
word2vec,-0.011514454148709774,neither,messengers
word2vec,0.994857132434845,shared,civilization
word2vec,0.9787244200706482,shared,alan
word2vec,0.9999999403953552,a_only,photos
word2vec,1.0000001192092896,neither,connotations
word2vec,0.15376600623130798,b_only,funny
word2vec,-0.02482132613658905,neither,sorrowing
word2vec,0.9983271956443787,shared,peoples
word2vec,0.08794713765382767,neither,sympathies
word2vec,0.9968149662017822,shared,title
word2vec,0.9954797029495239,neither,bearer
word2vec,0.06866959482431412,b_only,deepened
word2vec,0.9999999403953552,neither,cdc
word2vec,0.2402082234621048,b_only,attendants
word2vec,1.0000001192092896,a_only,requirements
word2vec,1.0000001192092896,neither,storyline
word2vec,1.0,a_only,napoleon
word2vec,1.0,a_only,natives
word2vec,1.0,neither,subscribers
word2vec,1.0,neither,sony
word2vec,1.0,neither,gawk
word2vec,0.011123228818178177,neither,stormy
word2vec,-0.0027317192871123552,b_only,congratulate
word2vec,0.9952628016471863,shared,attractive
word2vec,0.26037463545799255,neither,lazily
word2vec,0.1030331626534462,neither,piteous
word2vec,0.9999998807907104,neither,recreation
word2vec,1.0,neither,uranium
word2vec,0.6540477871894836,shared,now
word2vec,0.9999999403953552,a_only,carnival
word2vec,1.0,neither,gollancz
word2vec,0.9962369203567505,shared,purity
word2vec,0.9937314391136169,shared,scholars
word2vec,0.9926096796989441,shared,staying
word2vec,1.0,neither,kb
word2vec,0.9978458881378174,shared,northward
word2vec,1.0,neither,headquartered
word2vec,0.9922921061515808,shared,dislike
word2vec,0.9980641007423401,shared,background
word2vec,0.8776513934135437,shared,those
word2vec,0.9613949656486511,shared,move
word2vec,0.9963944554328918,shared,occurrence
word2vec,0.906902015209198,shared,whom
word2vec,0.9569499492645264,shared,draw
word2vec,1.0000001192092896,a_only,lyon
word2vec,1.0000001192092896,neither,signatures
word2vec,1.0,neither,employs
word2vec,-0.06740234792232513,neither,whirling
word2vec,0.9529580473899841,shared,confidence
word2vec,0.9954770803451538,shared,sized
word2vec,0.13407739996910095,neither,giddy
word2vec,0.9510161280632019,shared,fog
word2vec,1.0,a_only,portrayal
word2vec,0.9773480296134949,shared,prevent
word2vec,1.0,neither,jewellery
word2vec,-0.03193420544266701,neither,trickling
word2vec,0.935470461845398,shared,holding
word2vec,0.053946834057569504,b_only,circumstance
word2vec,-0.025792811065912247,neither,deserving
word2vec,0.10745024681091309,neither,shouts
word2vec,1.0,a_only,asian
word2vec,0.1629158854484558,neither,ominous
word2vec,1.0,a_only,abbeys
word2vec,1.0,neither,squadron
word2vec,1.0,a_only,peru
word2vec,0.13150425255298615,b_only,jug
word2vec,0.03707736358046532,neither,cardiff
word2vec,0.010491515509784222,neither,liberality
word2vec,0.05478326603770256,neither,hildesheim
word2vec,1.0,a_only,amendment
word2vec,1.0,a_only,nominated
word2vec,1.0000001192092896,neither,alsace
word2vec,0.05448055639863014,b_only,hush
word2vec,1.0000001192092896,neither,selecting
word2vec,0.996343195438385,shared,spin
word2vec,1.0,neither,greg
word2vec,0.977447509765625,shared,saint
word2vec,1.0,neither,batteries
word2vec,0.9984263777732849,shared,repeatedly
word2vec,0.9984526038169861,shared,emotional
word2vec,0.9876881837844849,shared,bee
word2vec,0.994306206703186,shared,animation
word2vec,1.0,neither,maurice
word2vec,-0.0739525705575943,b_only,remembering
word2vec,0.9982610940933228,shared,affect
word2vec,0.9999999403953552,a_only,teachings
word2vec,0.9854500889778137,shared,ordered
word2vec,0.9999999403953552,neither,philippine
word2vec,0.9954814314842224,shared,sole
word2vec,1.0,a_only,depending
word2vec,1.0,neither,barnard
word2vec,0.18531759083271027,b_only,devils
word2vec,0.07201558351516724,neither,fagged
word2vec,1.0,a_only,bhfiann
word2vec,0.9999998807907104,a_only,ki
word2vec,0.9404012560844421,shared,anxious
word2vec,1.0,a_only,era
word2vec,1.0,a_only,newer
word2vec,0.05337150767445564,neither,frenzy
word2vec,-0.10528627783060074,neither,pluck
word2vec,-0.008104069158434868,neither,sting
word2vec,1.0000001192092896,a_only,distributed
word2vec,-0.06165112555027008,neither,wrapper
word2vec,1.0,a_only,risks
word2vec,0.9999999403953552,a_only,hydroxyl
word2vec,1.0,neither,evolving
word2vec,-0.17732134461402893,neither,lumps
word2vec,0.9999998807907104,neither,rhapsody
word2vec,1.0,neither,enjoys
word2vec,0.9999998807907104,neither,fisher
word2vec,0.9921957850456238,shared,crimes
word2vec,1.0,a_only,haliotis
word2vec,0.7740083336830139,shared,he
word2vec,1.0000001192092896,neither,lethal
word2vec,1.0,neither,maturity
word2vec,0.09128358960151672,neither,hammering
word2vec,1.0,neither,ivor
word2vec,1.0,a_only,protestant
word2vec,1.0,neither,isle
word2vec,0.992193877696991,shared,split
word2vec,0.9918842315673828,shared,author
word2vec,0.9805527329444885,shared,north
word2vec,0.9954686760902405,shared,overlooked
word2vec,0.8915681838989258,shared,ladies
word2vec,1.0,a_only,printing
word2vec,0.9884403944015503,shared,attack
word2vec,0.9606267213821411,shared,looks
word2vec,0.9999999403953552,a_only,achilles
