method,phase_similarity,tag,word
ssh,0.4479638009049774,shared,upset
ssh,1.0,a_only,sometime
ssh,0.059602649006622516,b_only,soundly
ssh,0.08843537414965986,b_only,tootles
ssh,0.2749003984063745,shared,given
ssh,0.7021276595744681,shared,praised
ssh,0.0738255033557047,b_only,shattered
ssh,1.0,a_only,autistic
ssh,1.0,a_only,coordination
ssh,0.09965635738831616,b_only,circus
ssh,0.47465437788018433,shared,r
ssh,0.7877094972067039,shared,blinded
ssh,1.0,a_only,attributes
ssh,1.0,a_only,saints
ssh,1.0,a_only,visual
ssh,0.6326530612244898,shared,leads
ssh,0.5094339622641509,shared,firmly
ssh,0.07023411371237458,b_only,supper
ssh,0.6161616161616161,shared,supplied
ssh,0.06666666666666667,b_only,keeper
ssh,0.0958904109589041,b_only,indifferent
ssh,0.10344827586206896,b_only,misfortunes
ssh,1.0,a_only,exclave
ssh,0.6842105263157895,shared,access
ssh,0.48148148148148145,shared,tackle
ssh,1.0,a_only,vedic
ssh,1.0,a_only,raymond
ssh,1.0,a_only,characterized
ssh,0.40969162995594716,shared,month
ssh,0.8181818181818182,shared,muscles
ssh,1.0,a_only,cartier
ssh,0.675392670157068,shared,refer
ssh,0.7582417582417582,shared,exceeding
ssh,0.2903225806451613,shared,sake
ssh,0.0738255033557047,b_only,lawn
ssh,0.6410256410256411,shared,novelty
ssh,0.7877094972067039,shared,vigorous
ssh,1.0,a_only,associative
ssh,0.0958904109589041,b_only,risen
ssh,0.08108108108108109,b_only,pap
ssh,0.807909604519774,shared,vegetables
ssh,1.0,a_only,unofficial
ssh,1.0,a_only,influential
ssh,1.0,a_only,constellation
ssh,0.7877094972067039,shared,grain
ssh,1.0,a_only,publisher
ssh,0.6931216931216931,shared,immoral
ssh,1.0,a_only,theorists
ssh,0.11888111888111888,b_only,mist
ssh,1.0,a_only,darius
ssh,0.6326530612244898,shared,marble
ssh,0.5841584158415841,shared,contain
ssh,0.6931216931216931,shared,appealing
ssh,0.7021276595744681,shared,provision
ssh,1.0,a_only,barcelona
ssh,1.0,a_only,federation
ssh,0.7486338797814208,shared,duncan
ssh,0.2648221343873518,shared,looks
ssh,1.0,a_only,massachusetts
ssh,0.5238095238095238,shared,precisely
ssh,1.0,a_only,centered
ssh,0.6326530612244898,shared,skill
ssh,0.3445378151260504,shared,ten
ssh,1.0,a_only,cleveland
ssh,0.6931216931216931,shared,feathers
ssh,1.0,a_only,altruists
ssh,1.0,a_only,decreased
ssh,0.3852813852813853,shared,value
ssh,0.0847457627118644,b_only,whiskers
ssh,0.5920398009950248,shared,whence
ssh,1.0,a_only,contributions
ssh,0.45454545454545453,shared,laws
ssh,0.32231404958677684,shared,blame
ssh,0.3168724279835391,shared,probably
ssh,0.6161616161616161,shared,tribe
ssh,0.6842105263157895,shared,robinson
ssh,0.5023474178403756,shared,supported
ssh,0.07744107744107744,b_only,silly
ssh,0.059602649006622516,b_only,wid
ssh,0.5841584158415841,shared,chains
ssh,1.0,a_only,ports
ssh,1.0,a_only,rendezvous
ssh,1.0,a_only,transcontinental
ssh,1.0,a_only,conferences
ssh,0.3008130081300813,shared,breath
ssh,0.285140562248996,shared,diary
ssh,0.5841584158415841,shared,eating
ssh,1.0,a_only,coasts
ssh,0.10726643598615918,b_only,awhile
ssh,0.05263157894736842,b_only,heels
ssh,0.7204301075268817,shared,breed
ssh,0.5609756097560976,shared,dislike
ssh,0.2749003984063745,shared,talking
ssh,0.7112299465240641,shared,cottages
ssh,0.0738255033557047,b_only,yonder
ssh,0.7777777777777778,shared,simplicity
ssh,0.42857142857142855,shared,probable
ssh,0.6842105263157895,shared,pledge
ssh,0.25,shared,an
ssh,0.391304347826087,shared,connected
ssh,0.3793103448275862,shared,degree
ssh,1.0,a_only,arianism
ssh,0.1111111111111111,b_only,disturb
ssh,0.7391304347826086,shared,consul
ssh,1.0,a_only,implement
ssh,0.3559322033898305,shared,bill
ssh,1.0,a_only,neurons
ssh,1.0,a_only,hera
ssh,0.5311004784688995,shared,overcome
ssh,1.0,a_only,array
ssh,0.2903225806451613,shared,mighty
ssh,0.7777777777777778,shared,causing
ssh,1.0,a_only,archives
ssh,0.2648221343873518,shared,hard
ssh,0.7877094972067039,shared,whatsoever
ssh,1.0,a_only,violation
ssh,0.5763546798029556,shared,insisted
ssh,0.3617021276595745,shared,hook
ssh,1.0,a_only,constitute
ssh,0.5686274509803921,shared,rapid
ssh,0.6842105263157895,shared,announce
ssh,1.0,a_only,kalinga
ssh,0.7204301075268817,shared,grab
ssh,0.5763546798029556,shared,eldest
ssh,0.0847457627118644,b_only,awe
ssh,1.0,a_only,editor
ssh,0.6243654822335025,shared,mixture
ssh,0.5841584158415841,shared,average
ssh,1.0,a_only,pollution
ssh,1.0,a_only,oriental
ssh,0.7777777777777778,shared,pat
ssh,0.39737991266375544,shared,troubled
ssh,0.09965635738831616,b_only,hansom
ssh,0.6243654822335025,shared,savage
ssh,0.40969162995594716,shared,vast
ssh,0.7204301075268817,shared,decay
ssh,1.0,a_only,economics
ssh,0.05263157894736842,b_only,steamboat
ssh,1.0,a_only,fossil
ssh,1.0,a_only,bin
ssh,1.0,a_only,argentina
ssh,0.3389121338912134,shared,ear
ssh,0.7777777777777778,shared,dependent
ssh,1.0,a_only,areas
ssh,1.0,a_only,prices
ssh,0.2648221343873518,shared,cry
ssh,1.0,a_only,institute
ssh,0.47465437788018433,shared,season
ssh,0.10726643598615918,b_only,mingled
ssh,0.6326530612244898,shared,restore
ssh,0.4611872146118721,shared,useless
ssh,0.48148148148148145,shared,gutenberg
ssh,0.07023411371237458,b_only,polite
ssh,0.3445378151260504,shared,brain
ssh,1.0,a_only,suggesting
ssh,0.06666666666666667,b_only,knees
ssh,0.675392670157068,shared,sentiment
ssh,0.10726643598615918,b_only,dear
ssh,0.5311004784688995,shared,travel
ssh,0.30612244897959184,shared,ain
ssh,0.6666666666666666,shared,extracts
ssh,1.0,a_only,comprising
ssh,1.0,a_only,continues
ssh,0.7486338797814208,shared,chaos
ssh,0.5094339622641509,shared,mainly
ssh,0.08843537414965986,b_only,endeavours
ssh,0.4611872146118721,shared,proceed
ssh,1.0,a_only,secession
ssh,0.3852813852813853,shared,spread
ssh,1.0,a_only,excavation
ssh,0.46788990825688076,shared,design
ssh,1.0,a_only,schopenhauer
ssh,0.7391304347826086,shared,ahab
ssh,0.3114754098360656,shared,agreed
ssh,0.7877094972067039,shared,bricks
ssh,1.0,a_only,hip
ssh,0.3793103448275862,shared,been
ssh,0.7391304347826086,shared,modest
ssh,0.7021276595744681,shared,planning
ssh,1.0,a_only,amhr
ssh,0.056105610561056105,b_only,lads
ssh,0.4479638009049774,shared,desired
ssh,1.0,a_only,burgess
ssh,0.32231404958677684,shared,sir
ssh,0.6243654822335025,shared,depressed
ssh,0.7582417582417582,shared,slaughter
ssh,1.0,a_only,representative
ssh,1.0,a_only,abbot
ssh,1.0,a_only,gdp
ssh,1.0,a_only,factbook
ssh,0.7877094972067039,shared,adapted
ssh,1.0,a_only,acoustics
ssh,0.7204301075268817,shared,underground
ssh,0.7877094972067039,shared,precise
ssh,1.0,a_only,privy
ssh,1.0,a_only,provides
ssh,0.7204301075268817,shared,mount
ssh,0.36752136752136755,shared,supposed
ssh,0.40969162995594716,shared,justice
ssh,1.0,a_only,congo
ssh,0.8497109826589595,shared,upwards
ssh,0.7297297297297297,shared,insult
ssh,0.11498257839721254,b_only,tender
ssh,1.0,a_only,basic
ssh,1.0,a_only,conceptions
ssh,1.0,a_only,wimbledon
ssh,0.32231404958677684,shared,fresh
ssh,1.0,a_only,galt
ssh,0.5920398009950248,shared,shaped
ssh,0.6580310880829016,shared,entail
ssh,0.40350877192982454,shared,younger
ssh,0.4349775784753363,shared,appears
ssh,1.0,a_only,wright
ssh,0.6326530612244898,shared,withdrew
ssh,1.0,a_only,opus
ssh,1.0,a_only,austrians
ssh,1.0,a_only,kim
ssh,0.24031007751937986,shared,mrs
ssh,0.7391304347826086,shared,prosecution
ssh,1.0,a_only,mm
ssh,1.0,a_only,imported
ssh,0.5533980582524272,shared,loves
ssh,0.415929203539823,shared,pirate
ssh,0.6,shared,tax
ssh,1.0,a_only,allan
ssh,0.6161616161616161,shared,convenient
ssh,0.6931216931216931,shared,temporary
ssh,0.6326530612244898,shared,communicate
ssh,0.5533980582524272,shared,traces
ssh,0.47465437788018433,shared,fright
ssh,0.5023474178403756,shared,actual
ssh,1.0,a_only,unicode
ssh,0.3333333333333333,shared,several
ssh,0.5311004784688995,shared,extent
ssh,0.3333333333333333,shared,entirely
ssh,0.7582417582417582,shared,peacefully
ssh,0.5094339622641509,shared,correct
ssh,1.0,a_only,submarine
ssh,1.0,a_only,conquests
ssh,0.4349775784753363,shared,buy
ssh,1.0,a_only,epic
ssh,0.7297297297297297,shared,sequence
ssh,0.4222222222222222,shared,anger
ssh,0.0958904109589041,b_only,stir
ssh,0.4222222222222222,shared,spiders
ssh,1.0,a_only,extensively
ssh,0.6080402010050251,shared,endless
ssh,1.0,a_only,immigration
ssh,1.0,a_only,ancestor
ssh,0.29554655870445345,shared,each
ssh,1.0,a_only,christianity
ssh,1.0,a_only,matthew
ssh,1.0,a_only,overview
ssh,1.0,a_only,squealer
ssh,0.2903225806451613,shared,prisoner
ssh,1.0,a_only,stored
ssh,0.5165876777251185,shared,represented
ssh,0.07023411371237458,b_only,envelope
ssh,0.0738255033557047,b_only,gigantic
ssh,0.0738255033557047,b_only,mina
ssh,1.0,a_only,dc
ssh,0.6666666666666666,shared,encourage
ssh,0.6931216931216931,shared,innumerable
ssh,1.0,a_only,arab
ssh,0.7582417582417582,shared,population
ssh,1.0,a_only,referendum
ssh,1.0,a_only,integral
ssh,1.0,a_only,orbitals
ssh,0.39737991266375544,shared,discovery
ssh,1.0,a_only,adolf
ssh,0.6243654822335025,shared,hears
ssh,0.07744107744107744,b_only,sinister
ssh,0.5165876777251185,shared,intellectual
ssh,0.7486338797814208,shared,vincent
ssh,0.0738255033557047,b_only,boots
ssh,1.0,a_only,autobiography
ssh,0.6326530612244898,shared,speedily
ssh,0.6666666666666666,shared,ninety
ssh,0.4611872146118721,shared,amount
ssh,1.0,a_only,adjective
ssh,1.0,a_only,environment
ssh,0.7777777777777778,shared,sustain
ssh,0.3617021276595745,shared,imagine
ssh,0.5384615384615384,shared,horrors
ssh,1.0,a_only,amphibians
ssh,0.3333333333333333,shared,dare
ssh,0.29554655870445345,shared,mad
ssh,0.5311004784688995,shared,signal
ssh,0.7021276595744681,shared,insect
ssh,0.37339055793991416,shared,rise
ssh,0.675392670157068,shared,cracking
ssh,1.0,a_only,palestine
ssh,0.8390804597701149,shared,corrupt
ssh,0.08108108108108109,b_only,30
ssh,1.0,a_only,promote
ssh,1.0,a_only,clan
ssh,0.5609756097560976,shared,pressing
ssh,0.09215017064846416,b_only,startled
ssh,0.3389121338912134,shared,asking
ssh,1.0,a_only,councils
ssh,1.0,a_only,occurs
ssh,0.07023411371237458,b_only,chin
ssh,0.2698412698412698,shared,whether
ssh,1.0,a_only,actinium
ssh,0.7391304347826086,shared,traffic
ssh,1.0,a_only,site
ssh,0.30612244897959184,shared,rose
ssh,0.6326530612244898,shared,sang
ssh,0.6,shared,allowing
ssh,1.0,a_only,cleopatra
ssh,1.0,a_only,affecting
ssh,0.7582417582417582,shared,intensity
ssh,0.7204301075268817,shared,anglo
ssh,0.6931216931216931,shared,discretion
ssh,0.36752136752136755,shared,covered
ssh,0.0847457627118644,b_only,hovel
ssh,0.06312292358803986,b_only,hawkins
ssh,0.6161616161616161,shared,inner
ssh,0.5763546798029556,shared,concept
ssh,1.0,a_only,computing
ssh,0.2698412698412698,shared,though
ssh,0.1111111111111111,b_only,deserved
ssh,1.0,a_only,aruba
ssh,1.0,a_only,soluble
ssh,0.7877094972067039,shared,cape
ssh,1.0,a_only,cultures
ssh,0.7582417582417582,shared,cheap
ssh,0.4479638009049774,shared,treasure
ssh,0.7204301075268817,shared,bullet
ssh,0.4953271028037383,shared,october
ssh,1.0,a_only,genetic
ssh,0.3278008298755187,shared,task
ssh,0.5458937198067633,shared,spanish
ssh,0.5311004784688995,shared,doctors
ssh,0.6842105263157895,shared,bullets
ssh,1.0,a_only,adaptation
ssh,0.40350877192982454,shared,saint
ssh,1.0,a_only,located
ssh,1.0,a_only,philosophical
ssh,0.37339055793991416,shared,finger
ssh,0.7391304347826086,shared,pursuits
ssh,0.3114754098360656,shared,play
ssh,0.07023411371237458,b_only,particulars
ssh,0.5686274509803921,shared,tracks
ssh,1.0,a_only,infections
ssh,0.797752808988764,shared,confronted
ssh,0.675392670157068,shared,economy
ssh,0.06666666666666667,b_only,smiling
ssh,0.5384615384615384,shared,directions
ssh,0.7679558011049724,shared,lewis
ssh,0.10344827586206896,b_only,abreast
ssh,0.07744107744107744,b_only,sleeves
ssh,0.11888111888111888,b_only,unlocked
ssh,1.0,a_only,accusations
ssh,1.0,a_only,virtual
ssh,0.6326530612244898,shared,arts
ssh,0.6243654822335025,shared,bones
ssh,0.7391304347826086,shared,philosopher
ssh,0.0958904109589041,b_only,bundle
ssh,0.09965635738831616,b_only,17
ssh,1.0,a_only,axis
ssh,0.47465437788018433,shared,problem
ssh,1.0,a_only,sensory
ssh,0.07023411371237458,b_only,abhorred
ssh,0.48148148148148145,shared,war
ssh,1.0,a_only,documented
ssh,0.7582417582417582,shared,dies
ssh,0.7297297297297297,shared,eighth
ssh,0.5311004784688995,shared,rules
ssh,0.07744107744107744,b_only,shoemaker
ssh,0.11498257839721254,b_only,glancing
ssh,1.0,a_only,alumni
ssh,1.0,a_only,metaphysical
ssh,1.0,a_only,disciplines
ssh,1.0,a_only,organizations
ssh,0.6161616161616161,shared,toe
ssh,0.07744107744107744,b_only,tolerably
ssh,0.08843537414965986,b_only,wilks
ssh,0.5238095238095238,shared,amusement
ssh,0.3168724279835391,shared,trust
ssh,0.6494845360824743,shared,opposition
ssh,1.0,a_only,hitler
ssh,0.7021276595744681,shared,simultaneously
ssh,0.5841584158415841,shared,numerous
ssh,0.6931216931216931,shared,weaker
ssh,0.7297297297297297,shared,accidentally
ssh,1.0,a_only,agate
ssh,0.7679558011049724,shared,boiling
ssh,1.0,a_only,antiparticle
ssh,0.7297297297297297,shared,lining
ssh,0.0958904109589041,b_only,yourself
ssh,0.2648221343873518,shared,how
ssh,1.0,a_only,alloys
ssh,0.08108108108108109,b_only,drownded
ssh,0.07744107744107744,b_only,sealed
ssh,0.07744107744107744,b_only,kite
ssh,0.06666666666666667,b_only,whispering
ssh,0.5920398009950248,shared,exhibit
ssh,0.30612244897959184,shared,sitting
ssh,0.675392670157068,shared,interval
ssh,0.6,shared,additional
ssh,1.0,a_only,biblical
ssh,0.08108108108108109,b_only,fountain
ssh,1.0,a_only,ambrosia
ssh,1.0,a_only,genera
ssh,0.6842105263157895,shared,travels
ssh,0.2903225806451613,shared,eat
ssh,1.0,a_only,admits
ssh,0.6410256410256411,shared,alpha
ssh,0.4479638009049774,shared,subjects
ssh,0.10726643598615918,b_only,torture
ssh,0.6666666666666666,shared,globe
ssh,1.0,a_only,horizontal
ssh,0.08843537414965986,b_only,bye
ssh,0.7204301075268817,shared,spotted
ssh,1.0,a_only,regulated
ssh,0.5023474178403756,shared,accordingly
ssh,1.0,a_only,bc
ssh,1.0,a_only,bantu
ssh,0.24031007751937986,shared,said
ssh,1.0,a_only,physically
ssh,0.5094339622641509,shared,gesture
ssh,1.0,a_only,metals
ssh,0.4479638009049774,shared,ashes
ssh,1.0,a_only,primarily
ssh,0.3445378151260504,shared,absence
ssh,0.11888111888111888,b_only,picking
ssh,0.3333333333333333,shared,interesting
ssh,0.3559322033898305,shared,health
ssh,0.0847457627118644,b_only,tradesman
ssh,0.7486338797814208,shared,morality
ssh,0.24031007751937986,shared,look
ssh,0.5763546798029556,shared,pin
ssh,1.0,a_only,sculpture
ssh,0.0847457627118644,b_only,staircase
ssh,1.0,a_only,secular
ssh,1.0,a_only,tokyo
ssh,0.7112299465240641,shared,customary
ssh,0.6,shared,discussed
ssh,0.09215017064846416,b_only,approaching
ssh,1.0,a_only,damage
ssh,0.7679558011049724,shared,eagle
ssh,0.6243654822335025,shared,rises
ssh,0.06666666666666667,b_only,seated
ssh,0.5763546798029556,shared,reflections
ssh,0.11498257839721254,b_only,fortunately
ssh,0.0958904109589041,b_only,rubbed
ssh,1.0,a_only,resin
ssh,1.0,a_only,relevant
ssh,1.0,a_only,almond
ssh,1.0,a_only,ranging
ssh,1.0,a_only,coastal
ssh,0.3168724279835391,shared,so
ssh,0.0958904109589041,b_only,twisted
ssh,0.5023474178403756,shared,ink
ssh,1.0,a_only,fermented
ssh,0.2648221343873518,shared,us
ssh,0.4349775784753363,shared,content
ssh,1.0,a_only,epithet
ssh,1.0,a_only,hull
ssh,0.6580310880829016,shared,abode
ssh,0.29554655870445345,shared,ran
ssh,0.25,shared,rooms
ssh,0.7021276595744681,shared,acquired
ssh,1.0,a_only,julia
ssh,0.675392670157068,shared,honourable
ssh,0.07744107744107744,b_only,wondered
ssh,0.4883720930232558,shared,rapidly
ssh,0.0738255033557047,b_only,scar
ssh,1.0,a_only,ethanol
ssh,0.2749003984063745,shared,fixed
ssh,0.6931216931216931,shared,nations
ssh,0.30612244897959184,shared,comes
ssh,1.0,a_only,austrian
ssh,0.5533980582524272,shared,g
ssh,0.5763546798029556,shared,determination
ssh,0.7486338797814208,shared,flood
ssh,0.5311004784688995,shared,bitterly
ssh,0.4611872146118721,shared,mate
ssh,0.0958904109589041,b_only,stair
ssh,0.6243654822335025,shared,upward
ssh,1.0,a_only,texts
ssh,1.0,a_only,locations
ssh,0.7391304347826086,shared,thirteen
ssh,0.3168724279835391,shared,does
ssh,0.391304347826087,shared,naturally
ssh,1.0,a_only,troy
ssh,1.0,a_only,extraction
ssh,0.0847457627118644,b_only,whispered
ssh,1.0,a_only,wallace
ssh,0.5920398009950248,shared,spreading
ssh,0.08108108108108109,b_only,boggs
ssh,1.0,a_only,leo
ssh,1.0,a_only,alternate
ssh,0.0847457627118644,b_only,grateful
ssh,0.25984251968503935,shared,gentleman
ssh,0.6580310880829016,shared,consists
ssh,0.350210970464135,shared,facts
ssh,0.7777777777777778,shared,internal
ssh,0.48148148148148145,shared,pursuit
ssh,0.5165876777251185,shared,owner
ssh,0.3168724279835391,shared,makes
ssh,0.6,shared,arise
ssh,0.6494845360824743,shared,decline
ssh,0.5533980582524272,shared,win
ssh,1.0,a_only,acapulco
ssh,0.5023474178403756,shared,accounts
ssh,1.0,a_only,administrator
ssh,0.7021276595744681,shared,witnessed
ssh,0.8285714285714286,shared,omitted
ssh,0.10344827586206896,b_only,fro
ssh,1.0,a_only,receiver
ssh,0.2648221343873518,shared,everything
ssh,1.0,a_only,diving
ssh,1.0,a_only,max
ssh,0.11888111888111888,b_only,finer
ssh,0.7679558011049724,shared,stress
ssh,0.7486338797814208,shared,cleaned
ssh,1.0,a_only,ellis
ssh,1.0,a_only,criticisms
ssh,0.36752136752136755,shared,clever
ssh,0.5686274509803921,shared,tend
ssh,0.6931216931216931,shared,coins
ssh,1.0,a_only,manufacturers
ssh,0.8604651162790697,shared,parker
ssh,1.0,a_only,versions
ssh,0.45454545454545453,shared,morris
ssh,1.0,a_only,neolithic
ssh,1.0,a_only,marketing
ssh,0.48148148148148145,shared,forest
ssh,0.285140562248996,shared,forget
ssh,0.09215017064846416,b_only,blazing
ssh,1.0,a_only,africa
ssh,1.0,a_only,atlantic
ssh,0.7204301075268817,shared,premises
ssh,1.0,a_only,technique
ssh,0.07023411371237458,b_only,precaution
ssh,0.3389121338912134,shared,english
ssh,1.0,a_only,structural
ssh,1.0,a_only,innovation
ssh,0.2698412698412698,shared,down
ssh,1.0,a_only,legacy
ssh,1.0,a_only,brand
ssh,1.0,a_only,ueshiba
ssh,0.44144144144144143,shared,violence
ssh,1.0,a_only,facial
ssh,0.09215017064846416,b_only,sleeps
ssh,1.0,a_only,byron
ssh,1.0,a_only,genres
ssh,1.0,a_only,pogroms
ssh,1.0,a_only,vacuum
ssh,0.25984251968503935,shared,within
ssh,1.0,a_only,pdf
ssh,1.0,a_only,aquarii
ssh,0.09215017064846416,b_only,twas
ssh,0.8390804597701149,shared,simplest
ssh,1.0,a_only,artefacts
ssh,1.0,a_only,mac
ssh,1.0,a_only,opponents
ssh,0.7112299465240641,shared,abrupt
ssh,0.3333333333333333,shared,city
ssh,1.0,a_only,resident
ssh,1.0,a_only,dynamic
ssh,0.48148148148148145,shared,cards
ssh,1.0,a_only,entity
ssh,1.0,a_only,thelema
ssh,0.48148148148148145,shared,sweep
ssh,0.6080402010050251,shared,range
ssh,0.7486338797814208,shared,thorough
ssh,1.0,a_only,jazz
ssh,1.0,a_only,technically
ssh,0.29554655870445345,shared,settled
ssh,0.7112299465240641,shared,gestures
ssh,1.0,a_only,amethyst
ssh,0.6161616161616161,shared,developed
ssh,1.0,a_only,demands
ssh,0.28,shared,worst
ssh,0.6931216931216931,shared,weaken
ssh,0.6494845360824743,shared,threatened
ssh,0.3852813852813853,shared,bore
ssh,0.5841584158415841,shared,oath
ssh,0.059602649006622516,b_only,skiff
ssh,0.6080402010050251,shared,prosperous
ssh,1.0,a_only,studios
ssh,0.2749003984063745,shared,whom
ssh,1.0,a_only,roland
ssh,1.0,a_only,artifacts
ssh,0.6243654822335025,shared,viii
ssh,0.40969162995594716,shared,practice
ssh,0.40350877192982454,shared,destroy
ssh,1.0,a_only,vienna
ssh,1.0,a_only,stalin
ssh,0.8285714285714286,shared,abruptly
ssh,0.2903225806451613,shared,action
ssh,0.5841584158415841,shared,representing
ssh,0.807909604519774,shared,preface
ssh,0.5311004784688995,shared,popular
ssh,0.2648221343873518,shared,by
ssh,0.06666666666666667,b_only,ashore
ssh,0.7679558011049724,shared,grandson
ssh,0.6161616161616161,shared,combined
ssh,0.7112299465240641,shared,novels
ssh,0.6,shared,finds
ssh,0.6326530612244898,shared,oppression
ssh,0.09215017064846416,b_only,growled
ssh,0.6080402010050251,shared,personality
ssh,0.3559322033898305,shared,letters
ssh,0.7204301075268817,shared,xiii
ssh,0.6666666666666666,shared,bars
ssh,0.675392670157068,shared,flag
ssh,1.0,a_only,hong
ssh,1.0,a_only,marshal
ssh,0.3114754098360656,shared,carriage
ssh,0.5023474178403756,shared,garlic
ssh,0.2698412698412698,shared,something
ssh,0.6842105263157895,shared,xxvi
ssh,1.0,a_only,plato
ssh,0.06666666666666667,b_only,envy
ssh,0.30612244897959184,shared,feelings
ssh,0.7112299465240641,shared,turkey
ssh,1.0,a_only,al
ssh,0.44144144144144143,shared,mistaken
ssh,0.4953271028037383,shared,june
ssh,1.0,a_only,portions
ssh,1.0,a_only,ed
ssh,0.7021276595744681,shared,succeeding
ssh,0.7297297297297297,shared,bodily
ssh,0.06666666666666667,b_only,eagerly
ssh,1.0,a_only,jimmy
ssh,0.5165876777251185,shared,control
ssh,0.675392670157068,shared,totally
ssh,0.0958904109589041,b_only,recollect
ssh,1.0,a_only,ram
ssh,0.6842105263157895,shared,minor
ssh,1.0,a_only,converted
ssh,0.6580310880829016,shared,appearances
ssh,1.0,a_only,lacked
ssh,0.056105610561056105,b_only,odour
ssh,1.0,a_only,henri
ssh,1.0,a_only,hennecke
ssh,1.0,a_only,television
ssh,0.6931216931216931,shared,periods
ssh,0.10726643598615918,b_only,peasant
ssh,1.0,a_only,controversies
ssh,1.0,a_only,objectivism
ssh,0.6243654822335025,shared,towns
ssh,0.1111111111111111,b_only,confide
ssh,0.42857142857142855,shared,visitor
ssh,0.7486338797814208,shared,warming
ssh,1.0,a_only,aegean
ssh,0.3559322033898305,shared,explain
ssh,1.0,a_only,signing
ssh,0.14285714285714285,b_only,shrieked
ssh,0.7204301075268817,shared,members
ssh,0.0958904109589041,b_only,tuck
ssh,1.0,a_only,spencer
ssh,0.2648221343873518,shared,spoke
ssh,1.0,a_only,afi
ssh,0.2749003984063745,shared,family
ssh,1.0,a_only,zahn
ssh,0.6580310880829016,shared,cathedral
ssh,0.6326530612244898,shared,bay
ssh,0.2648221343873518,shared,wasn
ssh,1.0,a_only,performances
ssh,0.7112299465240641,shared,petersburg
ssh,0.3559322033898305,shared,points
ssh,1.0,a_only,aristotle
ssh,0.4953271028037383,shared,vanity
ssh,1.0,a_only,neil
ssh,1.0,a_only,wiki
ssh,0.797752808988764,shared,tended
ssh,1.0,a_only,fred
ssh,0.7021276595744681,shared,partial
ssh,0.5458937198067633,shared,dwelling
ssh,1.0,a_only,selective
ssh,0.797752808988764,shared,boundary
ssh,1.0,a_only,defines
ssh,0.8390804597701149,shared,signature
ssh,1.0,a_only,charges
ssh,0.46788990825688076,shared,persuaded
ssh,0.40969162995594716,shared,opening
ssh,0.5920398009950248,shared,bachelor
ssh,0.7486338797814208,shared,curves
ssh,1.0,a_only,chronicles
ssh,0.5311004784688995,shared,eternal
ssh,0.09215017064846416,b_only,lap
ssh,0.5311004784688995,shared,fitted
ssh,1.0,a_only,ell
ssh,0.4349775784753363,shared,kings
ssh,0.7112299465240641,shared,voluntary
ssh,1.0,a_only,unix
ssh,1.0,a_only,expanding
ssh,1.0,a_only,minimum
ssh,1.0,a_only,implied
ssh,1.0,a_only,algeria
ssh,0.10344827586206896,b_only,dipped
ssh,1.0,a_only,vowel
ssh,0.5763546798029556,shared,invented
ssh,1.0,a_only,tends
ssh,0.7679558011049724,shared,phase
ssh,0.3852813852813853,shared,jumped
ssh,1.0,a_only,atom
ssh,0.48148148148148145,shared,tools
ssh,0.08843537414965986,b_only,bred
ssh,1.0,a_only,zones
ssh,0.8285714285714286,shared,consuming
ssh,0.3793103448275862,shared,pursued
ssh,0.06312292358803986,b_only,stump
ssh,0.06666666666666667,b_only,presume
ssh,0.7204301075268817,shared,concord
ssh,1.0,a_only,visigoths
ssh,0.6494845360824743,shared,occupy
ssh,0.6931216931216931,shared,resigned
ssh,1.0,a_only,plus
ssh,0.7112299465240641,shared,penetrate
ssh,1.0,a_only,architects
ssh,0.7486338797814208,shared,uncertainty
ssh,0.3278008298755187,shared,few
ssh,1.0,a_only,li
ssh,1.0,a_only,classics
ssh,0.10726643598615918,b_only,frost
ssh,1.0,a_only,apocalypse
ssh,0.6161616161616161,shared,memories
ssh,0.0958904109589041,b_only,pirates
ssh,0.48148148148148145,shared,scream
ssh,0.6161616161616161,shared,ferry
ssh,1.0,a_only,summary
ssh,0.08108108108108109,b_only,tumbling
ssh,1.0,a_only,arbitrary
ssh,0.6666666666666666,shared,achieved
ssh,1.0,a_only,premier
ssh,0.350210970464135,shared,letter
ssh,0.09215017064846416,b_only,waking
ssh,1.0,a_only,constitutional
ssh,1.0,a_only,ranked
ssh,0.10726643598615918,b_only,soothed
ssh,0.36752136752136755,shared,mystery
ssh,0.391304347826087,shared,frequently
ssh,0.4953271028037383,shared,forty
ssh,0.7391304347826086,shared,attain
ssh,0.7021276595744681,shared,speaks
ssh,1.0,a_only,directors
ssh,0.6494845360824743,shared,forbidden
ssh,1.0,a_only,barbara
ssh,1.0,a_only,uprising
ssh,0.7777777777777778,shared,improvements
ssh,0.48148148148148145,shared,energy
ssh,0.5920398009950248,shared,parish
ssh,0.7112299465240641,shared,desires
ssh,0.4883720930232558,shared,mysterious
ssh,0.6,shared,mirror
ssh,0.3559322033898305,shared,feared
ssh,1.0,a_only,deity
ssh,0.4953271028037383,shared,application
ssh,1.0,a_only,missile
ssh,0.07744107744107744,b_only,plank
ssh,0.0847457627118644,b_only,delightful
ssh,0.6931216931216931,shared,towers
ssh,0.4953271028037383,shared,preacher
ssh,1.0,a_only,preventing
ssh,0.48148148148148145,shared,devoted
ssh,0.675392670157068,shared,pages
ssh,0.44144144144144143,shared,driving
ssh,0.7204301075268817,shared,ross
ssh,1.0,a_only,amino
ssh,1.0,a_only,anarchists
ssh,1.0,a_only,theaters
ssh,1.0,a_only,modulation
ssh,1.0,a_only,cities
ssh,0.10344827586206896,b_only,flatter
ssh,0.7486338797814208,shared,cliffs
ssh,0.7582417582417582,shared,owners
ssh,1.0,a_only,histories
ssh,0.6931216931216931,shared,miller
ssh,1.0,a_only,ecology
ssh,0.675392670157068,shared,compelled
ssh,1.0,a_only,adoption
ssh,0.07023411371237458,b_only,twins
ssh,0.47465437788018433,shared,nervous
ssh,1.0,a_only,funding
ssh,0.3445378151260504,shared,marquis
ssh,0.0847457627118644,b_only,carton
ssh,1.0,a_only,reactions
ssh,1.0,a_only,individualists
ssh,0.5533980582524272,shared,undoubtedly
ssh,0.675392670157068,shared,linked
ssh,0.09965635738831616,b_only,unicorn
ssh,0.10344827586206896,b_only,footman
ssh,1.0,a_only,arid
ssh,0.30612244897959184,shared,reading
ssh,1.0,a_only,confederation
ssh,0.5686274509803921,shared,protection
ssh,0.7297297297297297,shared,solve
ssh,1.0,a_only,abu
ssh,0.2698412698412698,shared,satisfied
ssh,1.0,a_only,caucasus
ssh,1.0,a_only,justin
ssh,0.3008130081300813,shared,lies
ssh,0.3793103448275862,shared,difficult
ssh,0.44144144144144143,shared,acted
ssh,1.0,a_only,na
ssh,0.3333333333333333,shared,carefully
ssh,0.08843537414965986,b_only,tinker
ssh,0.07744107744107744,b_only,stupid
ssh,0.1111111111111111,b_only,nicely
ssh,1.0,a_only,anchoring
ssh,1.0,a_only,cartoon
ssh,1.0,a_only,alchemists
ssh,1.0,a_only,currently
ssh,1.0,a_only,symbols
ssh,1.0,a_only,operating
ssh,0.7112299465240641,shared,separation
ssh,1.0,a_only,settlement
ssh,0.08843537414965986,b_only,resolute
ssh,0.6580310880829016,shared,educated
ssh,0.7204301075268817,shared,tonight
ssh,1.0,a_only,friedman
ssh,0.3559322033898305,shared,strike
ssh,1.0,a_only,configuration
ssh,1.0,a_only,provincial
ssh,0.7391304347826086,shared,holt
ssh,1.0,a_only,relationships
ssh,0.2698412698412698,shared,true
ssh,0.6,shared,president
ssh,0.6842105263157895,shared,poet
ssh,0.07023411371237458,b_only,eager
ssh,0.807909604519774,shared,raw
ssh,1.0,a_only,governors
ssh,0.2698412698412698,shared,point
ssh,1.0,a_only,continent
ssh,1.0,a_only,novelists
ssh,1.0,a_only,tommy
ssh,0.797752808988764,shared,halting
ssh,0.3114754098360656,shared,inside
ssh,1.0,a_only,taxation
ssh,0.6666666666666666,shared,resistance
ssh,1.0,a_only,emperor
ssh,1.0,a_only,traits
ssh,0.3168724279835391,shared,usually
ssh,1.0,a_only,crusade
ssh,1.0,a_only,proclaimed
ssh,1.0,a_only,verb
ssh,0.675392670157068,shared,boot
ssh,1.0,a_only,halogens
ssh,1.0,a_only,oval
ssh,0.46788990825688076,shared,dish
ssh,0.6666666666666666,shared,clergyman
ssh,0.10344827586206896,b_only,overboard
ssh,0.5920398009950248,shared,wilson
ssh,0.3008130081300813,shared,its
ssh,1.0,a_only,saharan
ssh,0.7486338797814208,shared,prevailing
ssh,1.0,a_only,thebes
ssh,0.3852813852813853,shared,wore
ssh,1.0,a_only,senior
ssh,0.4883720930232558,shared,clay
ssh,1.0,a_only,planet
ssh,0.44144144144144143,shared,willing
ssh,0.5384615384615384,shared,mask
ssh,0.1111111111111111,b_only,garret
ssh,1.0,a_only,ba
ssh,0.6410256410256411,shared,autumn
ssh,1.0,a_only,normally
ssh,0.6326530612244898,shared,climb
ssh,0.29554655870445345,shared,remarked
ssh,0.44144144144144143,shared,settle
ssh,1.0,a_only,convent
ssh,0.3389121338912134,shared,important
ssh,0.08843537414965986,b_only,anguish
ssh,0.6,shared,intentions
ssh,0.5094339622641509,shared,strain
ssh,0.08843537414965986,b_only,anxiously
ssh,1.0,a_only,hans
ssh,1.0,a_only,ibid
ssh,1.0,a_only,systematically
ssh,0.3617021276595745,shared,struggle
ssh,1.0,a_only,coppola
ssh,1.0,a_only,density
ssh,1.0,a_only,derive
ssh,1.0,a_only,nfl
ssh,1.0,a_only,providing
ssh,1.0,a_only,jr
ssh,0.28,shared,beyond
ssh,0.6080402010050251,shared,announced
ssh,0.6666666666666666,shared,sickness
ssh,0.7391304347826086,shared,flocked
ssh,1.0,a_only,mathbb
ssh,0.675392670157068,shared,abbey
ssh,1.0,a_only,debated
ssh,1.0,a_only,starred
ssh,0.5920398009950248,shared,positive
ssh,0.3793103448275862,shared,anxiety
ssh,0.5686274509803921,shared,surface
ssh,0.4883720930232558,shared,variety
ssh,0.11498257839721254,b_only,pictured
ssh,1.0,a_only,focus
ssh,1.0,a_only,velocity
ssh,1.0,a_only,saskatchewan
ssh,1.0,a_only,alexander
ssh,1.0,a_only,oral
ssh,1.0,a_only,individualist
ssh,0.29554655870445345,shared,lives
ssh,0.675392670157068,shared,owned
ssh,1.0,a_only,estimates
ssh,0.46788990825688076,shared,mouse
ssh,0.5841584158415841,shared,quantity
ssh,0.6842105263157895,shared,european
ssh,0.09965635738831616,b_only,rip
ssh,0.6326530612244898,shared,meets
ssh,0.7679558011049724,shared,pope
ssh,1.0,a_only,bond
ssh,1.0,a_only,aspirin
ssh,0.7679558011049724,shared,destroyer
ssh,0.5384615384615384,shared,associated
ssh,0.10344827586206896,b_only,cursed
ssh,1.0,a_only,convicted
ssh,0.30612244897959184,shared,they
ssh,0.3114754098360656,shared,broken
ssh,0.3168724279835391,shared,pocket
ssh,1.0,a_only,amines
ssh,0.7021276595744681,shared,altar
ssh,1.0,a_only,enlightenment
ssh,1.0,a_only,cyprus
ssh,0.3389121338912134,shared,noble
ssh,0.4611872146118721,shared,cover
ssh,1.0,a_only,restrictions
ssh,1.0,a_only,opponent
ssh,1.0,a_only,fertile
ssh,0.3333333333333333,shared,private
ssh,0.7204301075268817,shared,artificial
ssh,0.6326530612244898,shared,cautious
ssh,0.07744107744107744,b_only,throat
ssh,0.6,shared,fat
ssh,1.0,a_only,delaware
ssh,0.285140562248996,shared,step
ssh,1.0,a_only,montana
ssh,0.3445378151260504,shared,second
ssh,1.0,a_only,produces
ssh,1.0,a_only,islamic
ssh,0.3008130081300813,shared,high
ssh,0.0738255033557047,b_only,cab
ssh,1.0,a_only,maximum
ssh,0.059602649006622516,b_only,coronet
ssh,0.7204301075268817,shared,classes
ssh,0.675392670157068,shared,unfinished
ssh,1.0,a_only,papyrus
ssh,0.7777777777777778,shared,aiming
ssh,1.0,a_only,thirds
ssh,1.0,a_only,algol
ssh,0.6326530612244898,shared,deepest
ssh,0.7391304347826086,shared,copied
ssh,1.0,a_only,kilgore
ssh,0.32231404958677684,shared,judged
ssh,1.0,a_only,manned
ssh,0.1111111111111111,b_only,awakened
ssh,0.6580310880829016,shared,rivers
ssh,0.285140562248996,shared,duchess
ssh,0.0738255033557047,b_only,darkened
ssh,0.2648221343873518,shared,going
ssh,0.7297297297297297,shared,carries
ssh,0.11888111888111888,b_only,rag
ssh,1.0,a_only,electrons
ssh,1.0,a_only,reserves
ssh,0.08843537414965986,b_only,comply
ssh,0.6326530612244898,shared,islands
ssh,0.32231404958677684,shared,thin
ssh,0.059602649006622516,b_only,softened
ssh,1.0,a_only,derleth
ssh,0.25984251968503935,shared,thought
ssh,0.0958904109589041,b_only,inquiring
ssh,0.6410256410256411,shared,weird
ssh,1.0,a_only,utah
ssh,0.7021276595744681,shared,deposited
ssh,0.0958904109589041,b_only,flattered
ssh,0.059602649006622516,b_only,monstrous
ssh,0.1111111111111111,b_only,memorandum
ssh,0.5023474178403756,shared,mail
ssh,1.0,a_only,channels
ssh,1.0,a_only,usa
ssh,0.5023474178403756,shared,questioning
ssh,1.0,a_only,calculating
ssh,1.0,a_only,afghans
ssh,1.0,a_only,catalan
ssh,0.3852813852813853,shared,bound
ssh,0.5686274509803921,shared,banker
ssh,0.8497109826589595,shared,fold
ssh,1.0,a_only,microsoft
ssh,0.6494845360824743,shared,crowds
ssh,1.0,a_only,researchers
ssh,1.0,a_only,authorized
ssh,1.0,a_only,develops
ssh,0.3852813852813853,shared,river
ssh,0.6243654822335025,shared,oldest
ssh,0.4479638009049774,shared,lower
ssh,0.08108108108108109,b_only,tenderness
ssh,1.0,a_only,erosion
ssh,0.11888111888111888,b_only,dared
ssh,0.2749003984063745,shared,called
ssh,1.0,a_only,dynasty
ssh,0.12280701754385964,b_only,curiously
ssh,0.09965635738831616,b_only,perplexity
ssh,1.0,a_only,oriented
ssh,0.06666666666666667,b_only,horner
ssh,0.5023474178403756,shared,battle
ssh,0.25984251968503935,shared,shall
ssh,0.0738255033557047,b_only,civility
ssh,0.6580310880829016,shared,laboratory
ssh,0.8181818181818182,shared,conquered
ssh,0.0958904109589041,b_only,wrung
ssh,0.6326530612244898,shared,argued
ssh,1.0,a_only,refugees
ssh,0.0738255033557047,b_only,conveyed
ssh,1.0,a_only,es
ssh,0.06312292358803986,b_only,lingering
ssh,0.1111111111111111,b_only,smiled
ssh,1.0,a_only,inventions
ssh,0.4479638009049774,shared,vanished
ssh,0.3852813852813853,shared,rough
ssh,0.0738255033557047,b_only,endured
ssh,1.0,a_only,carbon
ssh,0.6243654822335025,shared,tragic
ssh,0.3168724279835391,shared,matters
ssh,1.0,a_only,rejects
ssh,1.0,a_only,abjads
ssh,1.0,a_only,embassy
ssh,0.7297297297297297,shared,infancy
ssh,0.06666666666666667,b_only,thimble
ssh,0.2903225806451613,shared,comfort
ssh,0.675392670157068,shared,division
ssh,1.0,a_only,amendment
ssh,0.32231404958677684,shared,never
ssh,0.675392670157068,shared,overwhelmed
ssh,1.0,a_only,commander
ssh,0.5533980582524272,shared,properly
ssh,0.08843537414965986,b_only,jarvis
ssh,0.0958904109589041,b_only,curls
ssh,1.0,a_only,pyramid
ssh,1.0,a_only,wesley
ssh,0.7486338797814208,shared,emphatic
ssh,0.3008130081300813,shared,pale
ssh,0.350210970464135,shared,various
ssh,0.25984251968503935,shared,understand
ssh,0.09965635738831616,b_only,tenderly
ssh,1.0,a_only,privileges
ssh,0.8497109826589595,shared,affinity
ssh,1.0,a_only,goddess
ssh,0.8604651162790697,shared,compact
ssh,0.37339055793991416,shared,dim
ssh,0.1111111111111111,b_only,evils
ssh,1.0,a_only,diocese
ssh,1.0,a_only,accordion
ssh,0.5458937198067633,shared,bob
ssh,0.6666666666666666,shared,deference
ssh,0.6161616161616161,shared,bath
ssh,1.0,a_only,protestants
ssh,0.29554655870445345,shared,moved
ssh,0.391304347826087,shared,nights
ssh,0.5920398009950248,shared,balls
ssh,0.6243654822335025,shared,owing
ssh,1.0,a_only,coral
ssh,0.7582417582417582,shared,contrasted
ssh,0.0958904109589041,b_only,drooping
ssh,1.0,a_only,supporters
ssh,0.391304347826087,shared,destroyed
ssh,0.4479638009049774,shared,crown
ssh,0.1111111111111111,b_only,cheerfully
ssh,0.5609756097560976,shared,national
ssh,0.3852813852813853,shared,orders
ssh,1.0,a_only,funded
ssh,0.47465437788018433,shared,flight
ssh,1.0,a_only,harris
ssh,0.42857142857142855,shared,returning
ssh,0.7486338797814208,shared,unlikely
ssh,1.0,a_only,techno
ssh,0.7112299465240641,shared,proceeding
ssh,0.09965635738831616,b_only,plunged
ssh,0.3114754098360656,shared,among
ssh,0.09215017064846416,b_only,weighed
ssh,1.0,a_only,canaris
ssh,0.675392670157068,shared,riddle
ssh,0.2648221343873518,shared,her
ssh,1.0,a_only,strategy
ssh,0.7582417582417582,shared,locks
ssh,0.6080402010050251,shared,engine
ssh,0.7777777777777778,shared,void
ssh,1.0,a_only,exaggerated
ssh,1.0,a_only,advocates
ssh,1.0,a_only,bierce
ssh,1.0,a_only,voting
ssh,0.4883720930232558,shared,privilege
ssh,0.056105610561056105,b_only,coachman
ssh,1.0,a_only,explorer
ssh,1.0,a_only,memorial
ssh,0.1267605633802817,b_only,congratulations
ssh,0.6161616161616161,shared,substance
ssh,0.06666666666666667,b_only,pity
ssh,0.2903225806451613,shared,occasion
ssh,0.5094339622641509,shared,injured
ssh,1.0,a_only,ali
ssh,0.2749003984063745,shared,broke
ssh,1.0,a_only,assignment
ssh,0.7777777777777778,shared,j
ssh,1.0,a_only,males
ssh,1.0,a_only,gordon
ssh,0.6326530612244898,shared,ate
ssh,1.0,a_only,elementary
ssh,1.0,a_only,romanian
ssh,1.0,a_only,calvinism
ssh,0.5920398009950248,shared,social
ssh,1.0,a_only,criticism
ssh,1.0,a_only,ford
ssh,1.0,a_only,societies
ssh,1.0,a_only,radians
ssh,1.0,a_only,tat
ssh,1.0,a_only,critic
ssh,0.3559322033898305,shared,along
ssh,0.4479638009049774,shared,camp
ssh,0.6931216931216931,shared,launch
ssh,0.5311004784688995,shared,argue
ssh,0.08843537414965986,b_only,roses
ssh,1.0,a_only,habsburg
ssh,0.08108108108108109,b_only,trembled
ssh,1.0,a_only,facilities
ssh,0.48148148148148145,shared,suspicious
ssh,0.7486338797814208,shared,depression
ssh,0.40350877192982454,shared,shop
ssh,1.0,a_only,valid
ssh,0.3008130081300813,shared,days
ssh,0.5841584158415841,shared,consisted
ssh,0.37339055793991416,shared,examined
ssh,1.0,a_only,quantum
ssh,0.5763546798029556,shared,trunk
ssh,1.0,a_only,neighboring
ssh,1.0,a_only,greeks
ssh,0.4222222222222222,shared,burst
ssh,0.5609756097560976,shared,campbell
ssh,1.0,a_only,connecting
ssh,1.0,a_only,antimony
ssh,0.09965635738831616,b_only,clerks
ssh,0.44144144144144143,shared,grounds
ssh,0.2749003984063745,shared,greatest
ssh,0.2749003984063745,shared,afterwards
ssh,0.28,shared,way
ssh,0.3793103448275862,shared,flew
ssh,0.3445378151260504,shared,brave
ssh,0.4479638009049774,shared,creation
ssh,0.6666666666666666,shared,dried
ssh,0.5841584158415841,shared,digging
ssh,1.0,a_only,consistently
ssh,0.2549019607843137,shared,right
ssh,0.5023474178403756,shared,jump
ssh,0.059602649006622516,b_only,waistcoat
ssh,0.3617021276595745,shared,cross
ssh,1.0,a_only,ralph
ssh,1.0,a_only,reconstruction
ssh,0.1267605633802817,b_only,doorway
ssh,1.0,a_only,ethical
ssh,0.5238095238095238,shared,seldom
ssh,0.350210970464135,shared,grow
ssh,1.0,a_only,stevens
ssh,0.2749003984063745,shared,son
ssh,0.23076923076923078,shared,took
ssh,1.0,a_only,aromatic
ssh,0.08108108108108109,b_only,faded
ssh,0.07023411371237458,b_only,moran
ssh,0.09215017064846416,b_only,hearted
ssh,0.7297297297297297,shared,uniform
ssh,0.6580310880829016,shared,sworn
ssh,1.0,a_only,poland
ssh,0.29554655870445345,shared,forward
ssh,1.0,a_only,april
ssh,1.0,a_only,iran
ssh,1.0,a_only,friedrich
ssh,0.3852813852813853,shared,offer
ssh,0.39737991266375544,shared,faith
ssh,1.0,a_only,aberdeen
ssh,1.0,a_only,contexts
ssh,1.0,a_only,nova
ssh,0.09965635738831616,b_only,lesson
ssh,0.09215017064846416,b_only,tink
ssh,0.4222222222222222,shared,admiration
ssh,1.0,a_only,achievement
ssh,0.6842105263157895,shared,immensely
ssh,1.0,a_only,autistics
ssh,1.0,a_only,spontaneous
ssh,1.0,a_only,reports
ssh,0.5384615384615384,shared,remembrance
ssh,0.09965635738831616,b_only,uneasiness
ssh,1.0,a_only,applies
ssh,0.5238095238095238,shared,ugly
ssh,1.0,a_only,surgical
ssh,0.40969162995594716,shared,highest
ssh,1.0,a_only,agnetha
ssh,1.0,a_only,rivals
ssh,1.0,a_only,appoint
ssh,0.40350877192982454,shared,figures
ssh,1.0,a_only,jean
ssh,0.09965635738831616,b_only,charm
ssh,1.0,a_only,coercion
ssh,1.0,a_only,atheist
ssh,0.47465437788018433,shared,ended
ssh,1.0,a_only,suffix
ssh,0.6410256410256411,shared,expedition
ssh,0.30612244897959184,shared,question
ssh,1.0,a_only,ss
ssh,0.5238095238095238,shared,visitors
ssh,0.7679558011049724,shared,attraction
ssh,1.0,a_only,zinc
ssh,0.7486338797814208,shared,reveals
ssh,0.08843537414965986,b_only,knocked
ssh,0.7877094972067039,shared,net
ssh,0.5384615384615384,shared,wandering
ssh,1.0,a_only,carroll
ssh,0.6666666666666666,shared,attract
ssh,0.2549019607843137,shared,once
ssh,1.0,a_only,abbots
ssh,0.08108108108108109,b_only,stealing
ssh,0.2749003984063745,shared,perfectly
ssh,0.40969162995594716,shared,bread
ssh,0.3445378151260504,shared,solemn
ssh,0.350210970464135,shared,failed
ssh,0.8713450292397661,shared,lieutenant
ssh,1.0,a_only,cancer
ssh,0.059602649006622516,b_only,tops
ssh,0.42857142857142855,shared,refuse
ssh,0.2903225806451613,shared,having
ssh,0.3333333333333333,shared,near
ssh,0.7582417582417582,shared,tip
ssh,1.0,a_only,ren
ssh,1.0,a_only,economically
ssh,1.0,a_only,publicity
ssh,0.6326530612244898,shared,villain
ssh,1.0,a_only,believers
ssh,0.3114754098360656,shared,for
ssh,0.7021276595744681,shared,restoration
ssh,1.0,a_only,mentions
ssh,0.415929203539823,shared,prospect
ssh,1.0,a_only,puerto
ssh,0.5609756097560976,shared,test
ssh,0.8181818181818182,shared,rubber
ssh,0.09965635738831616,b_only,vacant
ssh,0.07744107744107744,b_only,coldly
ssh,1.0,a_only,intermediate
ssh,0.45454545454545453,shared,accident
ssh,1.0,a_only,dick
ssh,1.0,a_only,discrimination
ssh,1.0,a_only,systems
ssh,1.0,a_only,mpla
ssh,0.08843537414965986,b_only,shuddering
ssh,0.09215017064846416,b_only,comin
ssh,0.30612244897959184,shared,raised
ssh,1.0,a_only,hamilton
ssh,0.7021276595744681,shared,coin
ssh,0.7112299465240641,shared,ridges
ssh,1.0,a_only,spaces
ssh,1.0,a_only,ra
ssh,0.4479638009049774,shared,wishing
ssh,0.6326530612244898,shared,angels
ssh,1.0,a_only,liberals
ssh,0.4611872146118721,shared,served
ssh,0.6243654822335025,shared,bloom
ssh,0.5920398009950248,shared,magnificent
ssh,1.0,a_only,refers
ssh,0.7112299465240641,shared,civilization
ssh,1.0,a_only,victorious
ssh,0.07023411371237458,b_only,stain
ssh,0.2749003984063745,shared,alone
ssh,0.5763546798029556,shared,sensation
ssh,1.0,a_only,edwin
ssh,0.3008130081300813,shared,should
ssh,0.3793103448275862,shared,france
ssh,0.5920398009950248,shared,crack
ssh,0.6,shared,denial
ssh,1.0,a_only,norman
ssh,1.0,a_only,environments
ssh,0.285140562248996,shared,asked
ssh,0.06666666666666667,b_only,inquiries
ssh,0.09215017064846416,b_only,henceforth
ssh,1.0,a_only,benefits
ssh,1.0,a_only,pottery
ssh,0.2698412698412698,shared,like
ssh,0.28,shared,truth
ssh,1.0,a_only,indiana
ssh,1.0,a_only,thereof
ssh,1.0,a_only,interpret
ssh,1.0,a_only,poll
ssh,1.0,a_only,peninsula
ssh,0.6326530612244898,shared,captivity
ssh,0.0738255033557047,b_only,amidst
ssh,0.6243654822335025,shared,flow
ssh,1.0,a_only,infrastructure
ssh,1.0,a_only,andorra
ssh,0.2260536398467433,shared,sort
ssh,0.5311004784688995,shared,wire
ssh,1.0,a_only,mining
ssh,0.6666666666666666,shared,advancing
ssh,0.2749003984063745,shared,their
ssh,0.2903225806451613,shared,turn
ssh,0.0847457627118644,b_only,dat
ssh,0.3617021276595745,shared,turns
ssh,0.6243654822335025,shared,suppressed
ssh,0.5533980582524272,shared,arrangements
ssh,0.2903225806451613,shared,nothing
ssh,0.7021276595744681,shared,recognition
ssh,0.3114754098360656,shared,part
ssh,0.10344827586206896,b_only,whistle
ssh,0.28,shared,bed
ssh,0.0847457627118644,b_only,fatigue
ssh,0.5920398009950248,shared,instruments
ssh,0.3278008298755187,shared,through
ssh,0.3617021276595745,shared,loss
ssh,0.6666666666666666,shared,sailors
ssh,1.0,a_only,includes
ssh,0.5384615384615384,shared,elbow
ssh,0.0958904109589041,b_only,carfax
ssh,1.0,a_only,outline
ssh,0.08843537414965986,b_only,witch
ssh,0.3008130081300813,shared,heart
ssh,0.3168724279835391,shared,excellent
ssh,0.7021276595744681,shared,chicken
ssh,0.28,shared,some
ssh,1.0,a_only,proponents
ssh,0.6,shared,whispers
ssh,0.5384615384615384,shared,cell
ssh,0.7112299465240641,shared,industry
ssh,0.5686274509803921,shared,prize
ssh,0.7486338797814208,shared,influences
ssh,0.3389121338912134,shared,chapter
ssh,0.48148148148148145,shared,theory
ssh,0.6842105263157895,shared,severely
ssh,1.0,a_only,eukaryotes
ssh,0.32231404958677684,shared,working
ssh,0.32231404958677684,shared,go
ssh,1.0,a_only,gospel
ssh,0.07744107744107744,b_only,crooked
ssh,1.0,a_only,airports
ssh,1.0,a_only,augustine
ssh,1.0,a_only,surplus
ssh,0.0847457627118644,b_only,shutters
ssh,1.0,a_only,biography
ssh,0.7582417582417582,shared,pearl
ssh,0.2648221343873518,shared,dream
ssh,0.11888111888111888,b_only,gems
ssh,0.6931216931216931,shared,derived
ssh,0.6161616161616161,shared,occupations
ssh,0.4222222222222222,shared,progress
ssh,0.07023411371237458,b_only,hang
ssh,1.0,a_only,heracles
ssh,1.0,a_only,physics
ssh,1.0,a_only,representatives
ssh,1.0,a_only,doses
ssh,1.0,a_only,unit
ssh,0.7582417582417582,shared,gulf
ssh,0.28,shared,wendy
ssh,0.350210970464135,shared,dress
ssh,0.7582417582417582,shared,detected
ssh,1.0,a_only,vehicles
ssh,1.0,a_only,assuming
ssh,0.44144144144144143,shared,confused
ssh,1.0,a_only,animistic
ssh,1.0,a_only,warriors
ssh,1.0,a_only,findings
ssh,0.675392670157068,shared,bull
ssh,0.37339055793991416,shared,wine
ssh,0.08108108108108109,b_only,gratified
ssh,1.0,a_only,particles
ssh,0.07023411371237458,b_only,curtain
ssh,0.0958904109589041,b_only,plainly
ssh,1.0,a_only,females
ssh,0.37339055793991416,shared,ahead
ssh,1.0,a_only,civilians
ssh,1.0,a_only,parity
ssh,0.40969162995594716,shared,finish
ssh,0.08108108108108109,b_only,sublime
ssh,0.3852813852813853,shared,handsome
ssh,0.3008130081300813,shared,town
ssh,0.2749003984063745,shared,silence
ssh,1.0,a_only,claude
ssh,1.0,a_only,ber
ssh,0.06666666666666667,b_only,ther
ssh,1.0,a_only,ammunition
ssh,0.7486338797814208,shared,opens
ssh,1.0,a_only,babbage
ssh,0.7021276595744681,shared,designs
ssh,1.0,a_only,melbourne
ssh,1.0,a_only,alternatives
ssh,1.0,a_only,traditional
ssh,0.3617021276595745,shared,foot
ssh,0.42857142857142855,shared,deadly
ssh,1.0,a_only,atlas
ssh,1.0,a_only,columbus
ssh,0.1267605633802817,b_only,toller
ssh,1.0,a_only,gaul
ssh,0.0958904109589041,b_only,uz
ssh,0.32231404958677684,shared,name
ssh,0.3389121338912134,shared,due
ssh,1.0,a_only,agouti
ssh,1.0,a_only,orchestra
ssh,0.7391304347826086,shared,fibre
ssh,0.42857142857142855,shared,according
ssh,0.6243654822335025,shared,gathering
ssh,0.11888111888111888,b_only,aloft
ssh,0.3008130081300813,shared,pause
ssh,0.07744107744107744,b_only,dread
ssh,0.46788990825688076,shared,faced
ssh,0.08843537414965986,b_only,ecstasy
ssh,1.0,a_only,americas
ssh,1.0,a_only,sector
ssh,1.0,a_only,genus
ssh,0.391304347826087,shared,science
ssh,0.0958904109589041,b_only,dusty
ssh,0.797752808988764,shared,simpler
ssh,1.0,a_only,legendary
ssh,0.5311004784688995,shared,original
ssh,1.0,a_only,sites
ssh,0.4953271028037383,shared,valuable
ssh,0.6080402010050251,shared,rays
ssh,0.0958904109589041,b_only,wondering
ssh,1.0,a_only,admiral
ssh,1.0,a_only,dynasties
ssh,0.7679558011049724,shared,aimed
ssh,0.2903225806451613,shared,goes
ssh,1.0,a_only,anglicanism
ssh,1.0,a_only,electricity
ssh,0.0958904109589041,b_only,exultation
ssh,0.23076923076923078,shared,observed
ssh,0.415929203539823,shared,sprang
ssh,0.0738255033557047,b_only,beauties
ssh,1.0,a_only,florence
ssh,0.6243654822335025,shared,sole
ssh,0.4222222222222222,shared,leg
ssh,1.0,a_only,potentially
ssh,0.3445378151260504,shared,hair
ssh,0.675392670157068,shared,sources
ssh,0.4953271028037383,shared,poison
ssh,0.0958904109589041,b_only,chateau
ssh,1.0,a_only,determining
ssh,1.0,a_only,champion
ssh,0.32231404958677684,shared,middle
ssh,0.29554655870445345,shared,used
ssh,0.4479638009049774,shared,beating
ssh,1.0,a_only,scholar
ssh,1.0,a_only,reforms
ssh,0.6580310880829016,shared,desirable
ssh,1.0,a_only,aka
ssh,0.6080402010050251,shared,hereafter
ssh,1.0,a_only,origen
ssh,1.0,a_only,treatise
ssh,0.3168724279835391,shared,trees
ssh,0.5920398009950248,shared,photograph
ssh,0.3278008298755187,shared,evidence
ssh,0.07023411371237458,b_only,tellson
ssh,0.6842105263157895,shared,breaks
ssh,0.059602649006622516,b_only,maids
ssh,1.0,a_only,disambiguation
ssh,0.39737991266375544,shared,lonely
ssh,1.0,a_only,crowley
ssh,0.6842105263157895,shared,obligation
ssh,1.0,a_only,marple
ssh,0.7679558011049724,shared,diminished
ssh,0.10344827586206896,b_only,realise
ssh,0.5458937198067633,shared,suggest
ssh,1.0,a_only,colleges
ssh,0.5094339622641509,shared,revealed
ssh,0.7112299465240641,shared,disturbing
ssh,0.6080402010050251,shared,exhausted
ssh,0.44144144144144143,shared,counter
ssh,0.45454545454545453,shared,apart
ssh,1.0,a_only,inverse
ssh,1.0,a_only,lunar
ssh,0.5311004784688995,shared,occur
ssh,0.25984251968503935,shared,struck
ssh,0.5920398009950248,shared,leather
ssh,1.0,a_only,withdrawal
ssh,0.7777777777777778,shared,reasonably
ssh,0.09215017064846416,b_only,apiece
ssh,0.8285714285714286,shared,guitar
ssh,0.6931216931216931,shared,waterloo
ssh,0.29554655870445345,shared,least
ssh,0.5384615384615384,shared,wave
ssh,0.09965635738831616,b_only,24
ssh,1.0,a_only,artemis
ssh,0.7777777777777778,shared,bone
ssh,0.7777777777777778,shared,dealt
ssh,1.0,a_only,integers
ssh,1.0,a_only,amateur
ssh,0.2749003984063745,shared,lead
ssh,0.7486338797814208,shared,charity
ssh,0.5458937198067633,shared,render
ssh,1.0,a_only,armor
ssh,1.0,a_only,donald
ssh,0.6410256410256411,shared,solved
ssh,1.0,a_only,mexican
ssh,0.4349775784753363,shared,deck
ssh,0.29554655870445345,shared,form
ssh,1.0,a_only,macedon
ssh,1.0,a_only,archipelago
ssh,1.0,a_only,calvinist
ssh,1.0,a_only,lovell
ssh,0.675392670157068,shared,throne
ssh,1.0,a_only,apostle
ssh,1.0,a_only,achievements
ssh,0.3114754098360656,shared,ll
ssh,0.0847457627118644,b_only,blinds
ssh,1.0,a_only,prometheus
ssh,1.0,a_only,greene
ssh,0.7204301075268817,shared,dense
ssh,1.0,a_only,sch
ssh,0.5458937198067633,shared,customers
ssh,0.6931216931216931,shared,resurrection
ssh,0.4883720930232558,shared,secrets
ssh,1.0,a_only,conceptual
ssh,0.6410256410256411,shared,plays
ssh,0.3389121338912134,shared,door
ssh,0.46788990825688076,shared,list
ssh,1.0,a_only,gene
ssh,1.0,a_only,warfare
ssh,0.7679558011049724,shared,mixing
ssh,0.5094339622641509,shared,murderer
ssh,0.09215017064846416,b_only,lick
ssh,0.37339055793991416,shared,hat
ssh,0.08843537414965986,b_only,bunch
ssh,0.09215017064846416,b_only,sunk
ssh,1.0,a_only,karabakh
ssh,1.0,a_only,invasion
ssh,0.3559322033898305,shared,sought
ssh,0.36752136752136755,shared,neighbourhood
ssh,0.3445378151260504,shared,advanced
ssh,0.7297297297297297,shared,december
ssh,1.0,a_only,altruism
ssh,1.0,a_only,albanian
ssh,0.8181818181818182,shared,cultivation
ssh,0.415929203539823,shared,wear
ssh,0.5609756097560976,shared,gimme
ssh,0.7679558011049724,shared,competition
ssh,0.6326530612244898,shared,safely
ssh,0.3278008298755187,shared,happen
ssh,0.08843537414965986,b_only,hoarse
ssh,1.0,a_only,effectively
ssh,0.7877094972067039,shared,breach
ssh,0.30612244897959184,shared,sent
ssh,0.7486338797814208,shared,deaths
ssh,0.3168724279835391,shared,nature
ssh,0.6842105263157895,shared,prizes
ssh,0.6161616161616161,shared,walks
ssh,0.3008130081300813,shared,to
ssh,0.46788990825688076,shared,observation
ssh,1.0,a_only,attila
ssh,0.3008130081300813,shared,saying
ssh,0.06312292358803986,b_only,amazement
ssh,0.06666666666666667,b_only,solicitor
ssh,1.0,a_only,empirical
ssh,0.29554655870445345,shared,jonathan
ssh,0.7021276595744681,shared,lysander
ssh,0.06312292358803986,b_only,expectation
ssh,0.7391304347826086,shared,ca
ssh,1.0,a_only,austro
ssh,0.45454545454545453,shared,paying
ssh,1.0,a_only,international
ssh,1.0,a_only,reformed
ssh,0.7021276595744681,shared,plantation
ssh,0.07744107744107744,b_only,becky
ssh,1.0,a_only,fuel
ssh,0.2749003984063745,shared,books
ssh,1.0,a_only,natives
ssh,0.5165876777251185,shared,market
ssh,0.5609756097560976,shared,mercy
ssh,0.7582417582417582,shared,explicit
ssh,0.7486338797814208,shared,rests
ssh,0.7297297297297297,shared,te
ssh,1.0,a_only,cl
ssh,0.47465437788018433,shared,carrying
ssh,0.08843537414965986,b_only,shut
ssh,1.0,a_only,dominance
ssh,0.47465437788018433,shared,headed
ssh,0.28,shared,crowd
ssh,1.0,a_only,migration
ssh,1.0,a_only,accepts
ssh,1.0,a_only,ai
ssh,0.3333333333333333,shared,property
ssh,0.0958904109589041,b_only,sit
ssh,0.36752136752136755,shared,showing
ssh,0.5384615384615384,shared,beds
ssh,0.5686274509803921,shared,fairy
ssh,0.285140562248996,shared,turned
ssh,0.0958904109589041,b_only,fainted
ssh,0.0847457627118644,b_only,moods
ssh,0.415929203539823,shared,dying
ssh,0.3445378151260504,shared,nose
ssh,1.0,a_only,compiled
ssh,0.3445378151260504,shared,less
ssh,0.6842105263157895,shared,onto
ssh,1.0,a_only,compromise
ssh,1.0,a_only,elite
ssh,1.0,a_only,everyday
ssh,0.6580310880829016,shared,c
ssh,0.5609756097560976,shared,shallow
ssh,0.3114754098360656,shared,slowly
ssh,1.0,a_only,northeast
ssh,0.48148148148148145,shared,singular
ssh,0.09965635738831616,b_only,doubts
ssh,0.7297297297297297,shared,countess
ssh,0.36752136752136755,shared,express
ssh,0.059602649006622516,b_only,sobs
ssh,0.6842105263157895,shared,lend
ssh,0.5609756097560976,shared,apparent
ssh,1.0,a_only,variants
ssh,1.0,a_only,nitric
ssh,0.10726643598615918,b_only,sweat
ssh,0.14285714285714285,b_only,invent
ssh,1.0,a_only,interpreted
ssh,0.675392670157068,shared,pump
ssh,0.7204301075268817,shared,ties
ssh,0.5920398009950248,shared,bean
ssh,0.5686274509803921,shared,twin
ssh,0.0847457627118644,b_only,alarmed
ssh,1.0,a_only,coastline
ssh,0.7297297297297297,shared,divide
ssh,0.6410256410256411,shared,backwards
ssh,0.2749003984063745,shared,best
ssh,1.0,a_only,antarctica
ssh,0.08843537414965986,b_only,fond
ssh,0.07023411371237458,b_only,glance
ssh,1.0,a_only,administration
ssh,0.5686274509803921,shared,pack
ssh,1.0,a_only,hydroxyl
ssh,0.6580310880829016,shared,orleans
ssh,1.0,a_only,differs
ssh,0.6243654822335025,shared,proceedings
ssh,0.6494845360824743,shared,multitude
ssh,1.0,a_only,gains
ssh,0.5094339622641509,shared,landing
ssh,1.0,a_only,millennium
ssh,0.30612244897959184,shared,time
ssh,1.0,a_only,radicals
ssh,1.0,a_only,monastic
ssh,1.0,a_only,canon
ssh,1.0,a_only,potential
ssh,1.0,a_only,zionism
ssh,0.3445378151260504,shared,lucas
ssh,0.06312292358803986,b_only,agreeable
ssh,0.675392670157068,shared,rent
ssh,1.0,a_only,aphex
ssh,0.10344827586206896,b_only,dorian
ssh,0.5609756097560976,shared,truck
ssh,1.0,a_only,fm
ssh,1.0,a_only,imperium
ssh,1.0,a_only,statues
ssh,1.0,a_only,psychology
ssh,1.0,a_only,transition
ssh,0.5920398009950248,shared,characteristic
ssh,0.5458937198067633,shared,harsh
ssh,1.0,a_only,andre
ssh,0.08108108108108109,b_only,amy
ssh,0.6326530612244898,shared,packed
ssh,1.0,a_only,propagation
ssh,0.5384615384615384,shared,nurse
ssh,1.0,a_only,organisms
ssh,1.0,a_only,albums
ssh,1.0,a_only,israeli
ssh,1.0,a_only,farming
ssh,1.0,a_only,airline
ssh,1.0,a_only,asphalt
ssh,1.0,a_only,algebras
ssh,0.6161616161616161,shared,provide
ssh,0.5920398009950248,shared,bury
ssh,0.2903225806451613,shared,mr
ssh,0.7777777777777778,shared,abandon
ssh,0.0958904109589041,b_only,6
ssh,1.0,a_only,cluster
ssh,0.3617021276595745,shared,innocent
ssh,0.5165876777251185,shared,flame
ssh,0.5023474178403756,shared,soup
ssh,1.0,a_only,focuses
ssh,1.0,a_only,loyal
ssh,0.6931216931216931,shared,edition
ssh,0.24031007751937986,shared,afraid
ssh,0.5023474178403756,shared,fighting
ssh,1.0,a_only,annual
ssh,1.0,a_only,translates
ssh,0.4953271028037383,shared,animal
ssh,0.3389121338912134,shared,voices
ssh,1.0,a_only,developments
ssh,0.7204301075268817,shared,toes
ssh,0.6842105263157895,shared,purchased
ssh,0.37339055793991416,shared,castle
ssh,0.3793103448275862,shared,job
ssh,0.415929203539823,shared,band
ssh,0.3445378151260504,shared,otherwise
ssh,0.08843537414965986,b_only,polly
ssh,0.7204301075268817,shared,electronic
ssh,0.0958904109589041,b_only,widder
ssh,1.0,a_only,cartridge
ssh,0.7877094972067039,shared,statue
ssh,0.45454545454545453,shared,felix
ssh,0.40350877192982454,shared,attempt
ssh,1.0,a_only,valleys
ssh,0.5311004784688995,shared,virtue
ssh,0.5763546798029556,shared,enormous
ssh,0.6,shared,claims
ssh,0.7486338797814208,shared,male
ssh,0.6666666666666666,shared,heavier
ssh,0.7021276595744681,shared,introducing
ssh,0.09215017064846416,b_only,sofa
ssh,0.8604651162790697,shared,ann
ssh,0.6161616161616161,shared,plane
ssh,0.7877094972067039,shared,surrey
ssh,0.47465437788018433,shared,attitude
ssh,1.0,a_only,concertos
ssh,1.0,a_only,increasingly
ssh,1.0,a_only,designation
ssh,0.3445378151260504,shared,distance
ssh,1.0,a_only,enforced
ssh,0.5609756097560976,shared,feed
ssh,1.0,a_only,location
ssh,0.6931216931216931,shared,lifting
ssh,1.0,a_only,magnetic
ssh,1.0,a_only,dividing
ssh,0.675392670157068,shared,diaries
ssh,0.08843537414965986,b_only,kissed
ssh,0.7391304347826086,shared,overlooked
ssh,0.6842105263157895,shared,succession
ssh,0.25,shared,his
ssh,1.0,a_only,scotia
ssh,0.6243654822335025,shared,disguise
ssh,1.0,a_only,graphics
ssh,0.48148148148148145,shared,passions
ssh,0.6666666666666666,shared,induce
ssh,0.5920398009950248,shared,ribbon
ssh,1.0,a_only,myth
ssh,0.059602649006622516,b_only,floated
ssh,0.3793103448275862,shared,shore
ssh,0.5384615384615384,shared,incidents
ssh,1.0,a_only,canons
ssh,0.07023411371237458,b_only,protectors
ssh,0.32231404958677684,shared,even
ssh,0.0847457627118644,b_only,panting
ssh,1.0,a_only,risks
ssh,0.06312292358803986,b_only,lodgings
ssh,0.6243654822335025,shared,soldier
ssh,0.3333333333333333,shared,our
ssh,0.29554655870445345,shared,ears
ssh,0.675392670157068,shared,birthday
ssh,0.11498257839721254,b_only,unlucky
ssh,0.2749003984063745,shared,head
ssh,0.2903225806451613,shared,peter
ssh,1.0,a_only,framework
ssh,1.0,a_only,pregnant
ssh,0.47465437788018433,shared,cup
ssh,0.07744107744107744,b_only,guessed
ssh,1.0,a_only,brian
ssh,0.056105610561056105,b_only,shove
ssh,0.6842105263157895,shared,recover
ssh,1.0,a_only,merged
ssh,0.3333333333333333,shared,wake
ssh,1.0,a_only,worldwide
ssh,1.0,a_only,leadership
ssh,0.1111111111111111,b_only,lighted
ssh,0.3168724279835391,shared,big
ssh,0.0847457627118644,b_only,hesitated
ssh,1.0,a_only,akm
ssh,0.391304347826087,shared,calling
ssh,0.8604651162790697,shared,dia
ssh,1.0,a_only,champions
ssh,0.32231404958677684,shared,although
ssh,1.0,a_only,revolutionary
ssh,0.5763546798029556,shared,chase
ssh,0.6326530612244898,shared,brings
ssh,1.0,a_only,tubes
ssh,0.36752136752136755,shared,pressed
ssh,1.0,a_only,votes
ssh,1.0,a_only,conservative
ssh,0.4883720930232558,shared,afford
ssh,1.0,a_only,software
ssh,0.08108108108108109,b_only,bells
ssh,0.32231404958677684,shared,tree
ssh,0.6931216931216931,shared,load
ssh,0.3008130081300813,shared,necessary
ssh,0.3008130081300813,shared,but
ssh,0.09965635738831616,b_only,ringing
ssh,0.3278008298755187,shared,uncle
ssh,0.4953271028037383,shared,disease
ssh,0.3008130081300813,shared,stopped
ssh,0.3333333333333333,shared,known
ssh,1.0,a_only,economist
ssh,0.391304347826087,shared,match
ssh,0.6080402010050251,shared,folk
ssh,0.3445378151260504,shared,discovered
ssh,1.0,a_only,photo
ssh,0.3008130081300813,shared,line
ssh,0.6666666666666666,shared,buildings
ssh,0.6666666666666666,shared,attractions
ssh,1.0,a_only,eventual
ssh,1.0,a_only,michigan
ssh,0.09215017064846416,b_only,somehow
ssh,0.44144144144144143,shared,share
ssh,0.5238095238095238,shared,increase
ssh,1.0,a_only,essays
ssh,0.4883720930232558,shared,pleasing
ssh,0.6842105263157895,shared,arches
ssh,0.30612244897959184,shared,knowing
ssh,1.0,a_only,seasonal
ssh,0.7777777777777778,shared,rarely
ssh,1.0,a_only,behavior
ssh,0.4479638009049774,shared,add
ssh,1.0,a_only,organs
ssh,1.0,a_only,interactions
ssh,1.0,a_only,toll
ssh,1.0,a_only,computer
ssh,0.5763546798029556,shared,f
ssh,1.0,a_only,antarctic
ssh,0.40350877192982454,shared,period
ssh,0.7877094972067039,shared,questionable
ssh,1.0,a_only,equipment
ssh,0.4479638009049774,shared,yards
ssh,0.3389121338912134,shared,captain
ssh,0.4611872146118721,shared,worthy
ssh,0.5841584158415841,shared,encouragement
ssh,1.0,a_only,beatles
ssh,0.056105610561056105,b_only,4
ssh,0.07023411371237458,b_only,puzzled
ssh,0.3333333333333333,shared,serious
ssh,0.4479638009049774,shared,objects
ssh,0.245136186770428,shared,here
ssh,0.0847457627118644,b_only,ardent
ssh,0.5609756097560976,shared,imagined
ssh,1.0,a_only,organism
ssh,1.0,a_only,dissociation
ssh,0.5533980582524272,shared,snakes
ssh,0.6842105263157895,shared,congregation
ssh,1.0,a_only,evangelical
ssh,1.0,a_only,colonial
ssh,1.0,a_only,transform
ssh,1.0,a_only,arminius
ssh,0.350210970464135,shared,formed
ssh,0.5458937198067633,shared,professional
ssh,0.37339055793991416,shared,tied
ssh,1.0,a_only,audio
ssh,0.5023474178403756,shared,solid
ssh,0.07744107744107744,b_only,cheerfulness
ssh,0.5686274509803921,shared,owns
ssh,0.5238095238095238,shared,older
ssh,0.391304347826087,shared,language
ssh,1.0,a_only,looters
ssh,1.0,a_only,aviation
ssh,0.5458937198067633,shared,platform
ssh,1.0,a_only,paperback
ssh,1.0,a_only,compete
ssh,1.0,a_only,moscow
ssh,0.09965635738831616,b_only,invite
ssh,1.0,a_only,internationally
ssh,0.807909604519774,shared,inherited
ssh,1.0,a_only,detailed
ssh,0.5458937198067633,shared,consequently
ssh,1.0,a_only,interaction
ssh,0.7777777777777778,shared,literary
ssh,1.0,a_only,multiplication
ssh,1.0,a_only,soviet
ssh,1.0,a_only,battles
ssh,1.0,a_only,collaboration
ssh,1.0,a_only,ministry
ssh,1.0,a_only,attested
ssh,0.350210970464135,shared,simple
ssh,0.6580310880829016,shared,holiday
ssh,1.0,a_only,permanently
ssh,0.09965635738831616,b_only,thanked
ssh,1.0,a_only,optimal
ssh,0.06666666666666667,b_only,amiable
ssh,0.0738255033557047,b_only,mast
ssh,1.0,a_only,info
ssh,1.0,a_only,somalia
ssh,1.0,a_only,airplane
ssh,0.7112299465240641,shared,writes
ssh,0.675392670157068,shared,russian
ssh,0.7777777777777778,shared,poisoning
ssh,0.32231404958677684,shared,straight
ssh,0.23552123552123552,shared,lot
ssh,0.07744107744107744,b_only,queer
ssh,1.0,a_only,albatrosses
ssh,0.5533980582524272,shared,uncertain
ssh,1.0,a_only,luther
ssh,0.10726643598615918,b_only,cigars
ssh,1.0,a_only,carboxylic
ssh,0.08108108108108109,b_only,attentively
ssh,1.0,a_only,aardvark
ssh,0.39737991266375544,shared,etc
ssh,1.0,a_only,pete
ssh,0.6080402010050251,shared,syllable
ssh,0.2903225806451613,shared,appearance
ssh,0.46788990825688076,shared,treat
ssh,1.0,a_only,hephaestus
ssh,1.0,a_only,canadian
ssh,1.0,a_only,integrated
ssh,1.0,a_only,variable
ssh,1.0,a_only,synthesis
ssh,1.0,a_only,concerto
ssh,0.29554655870445345,shared,danger
ssh,1.0,a_only,hun
ssh,0.5686274509803921,shared,howl
ssh,0.10344827586206896,b_only,gallantry
ssh,1.0,a_only,unita
ssh,1.0,a_only,dsm
ssh,0.5238095238095238,shared,fan
ssh,0.48148148148148145,shared,estate
ssh,0.6931216931216931,shared,episode
ssh,1.0,a_only,limiting
ssh,1.0,a_only,buddhism
ssh,0.7777777777777778,shared,precision
ssh,0.7297297297297297,shared,trading
ssh,1.0,a_only,os
ssh,0.06666666666666667,b_only,horribly
ssh,0.7391304347826086,shared,beam
ssh,0.3168724279835391,shared,handed
ssh,0.30612244897959184,shared,could
ssh,0.2749003984063745,shared,went
ssh,0.10726643598615918,b_only,glanced
ssh,0.7877094972067039,shared,surroundings
ssh,0.3114754098360656,shared,being
ssh,0.7297297297297297,shared,privately
ssh,1.0,a_only,gibson
ssh,0.6494845360824743,shared,mentioning
ssh,0.4222222222222222,shared,lover
ssh,0.7021276595744681,shared,collecting
ssh,1.0,a_only,siberia
ssh,0.3333333333333333,shared,red
ssh,0.32231404958677684,shared,sharp
ssh,0.08108108108108109,b_only,utmost
ssh,0.3389121338912134,shared,bank
ssh,0.6931216931216931,shared,landscape
ssh,0.5165876777251185,shared,applied
ssh,0.4479638009049774,shared,trade
ssh,1.0,a_only,arable
ssh,0.29554655870445345,shared,because
ssh,0.40350877192982454,shared,pipe
ssh,1.0,a_only,communist
ssh,0.2749003984063745,shared,fire
ssh,0.3389121338912134,shared,extremely
ssh,0.3389121338912134,shared,success
ssh,0.797752808988764,shared,retirement
ssh,1.0,a_only,transformation
ssh,1.0,a_only,printing
ssh,0.6842105263157895,shared,covering
ssh,1.0,a_only,pop
ssh,0.5920398009950248,shared,trusted
ssh,1.0,a_only,blockade
ssh,0.675392670157068,shared,column
ssh,0.285140562248996,shared,fine
ssh,0.7486338797814208,shared,emerge
ssh,1.0,a_only,vector
ssh,0.08843537414965986,b_only,aunt
ssh,1.0,a_only,astronomer
ssh,0.5841584158415841,shared,wheels
ssh,0.5165876777251185,shared,descended
ssh,0.0958904109589041,b_only,settling
ssh,0.0847457627118644,b_only,yesterday
ssh,1.0,a_only,operatorname
ssh,1.0,a_only,aboriginal
ssh,0.5533980582524272,shared,mamma
ssh,1.0,a_only,camera
ssh,0.7112299465240641,shared,stating
ssh,0.40350877192982454,shared,behaviour
ssh,1.0,a_only,references
ssh,0.0738255033557047,b_only,brows
ssh,0.08843537414965986,b_only,godalming
ssh,0.07023411371237458,b_only,shaken
ssh,0.7112299465240641,shared,benefit
ssh,0.5763546798029556,shared,tiny
ssh,0.3793103448275862,shared,sank
ssh,1.0,a_only,manufacturer
ssh,1.0,a_only,op
ssh,1.0,a_only,cube
ssh,0.415929203539823,shared,flies
ssh,1.0,a_only,pregnancy
ssh,0.4883720930232558,shared,bought
ssh,0.32231404958677684,shared,others
ssh,0.09965635738831616,b_only,clearing
ssh,1.0,a_only,astronaut
ssh,0.675392670157068,shared,selfishness
ssh,0.5920398009950248,shared,winds
ssh,0.09215017064846416,b_only,impatient
ssh,0.6326530612244898,shared,northern
ssh,1.0,a_only,sumter
ssh,0.5023474178403756,shared,notes
ssh,1.0,a_only,equations
ssh,0.48148148148148145,shared,swim
ssh,0.7582417582417582,shared,traditions
ssh,0.10344827586206896,b_only,frock
ssh,1.0,a_only,operates
ssh,1.0,a_only,diagram
ssh,1.0,a_only,archbishop
ssh,0.5384615384615384,shared,concluded
ssh,0.3617021276595745,shared,kiss
ssh,0.4883720930232558,shared,coffee
ssh,0.5165876777251185,shared,robbers
ssh,0.7204301075268817,shared,yielding
ssh,1.0,a_only,motto
ssh,0.6410256410256411,shared,western
ssh,1.0,a_only,agave
ssh,0.07744107744107744,b_only,bout
ssh,1.0,a_only,hayek
ssh,0.3617021276595745,shared,tried
ssh,0.7021276595744681,shared,richard
ssh,1.0,a_only,david
ssh,0.5533980582524272,shared,geoffrey
ssh,0.350210970464135,shared,produced
ssh,0.2749003984063745,shared,leave
ssh,0.6666666666666666,shared,wider
ssh,0.2749003984063745,shared,count
ssh,0.7391304347826086,shared,respected
ssh,1.0,a_only,alchemy
ssh,0.6580310880829016,shared,balance
ssh,1.0,a_only,peru
ssh,0.7391304347826086,shared,addresses
ssh,0.0738255033557047,b_only,speck
ssh,1.0,a_only,expelled
ssh,0.675392670157068,shared,barrel
ssh,0.350210970464135,shared,grown
ssh,1.0,a_only,laureate
ssh,1.0,a_only,chancellor
ssh,0.4953271028037383,shared,parts
ssh,1.0,a_only,evolutionary
ssh,0.08843537414965986,b_only,tut
ssh,0.8181818181818182,shared,hostile
ssh,0.32231404958677684,shared,en
ssh,0.5094339622641509,shared,succeed
ssh,0.32231404958677684,shared,therefore
ssh,0.5094339622641509,shared,pounds
ssh,0.08843537414965986,b_only,utter
ssh,0.29554655870445345,shared,telling
ssh,0.6161616161616161,shared,couch
ssh,1.0,a_only,bertrand
ssh,1.0,a_only,edinburgh
ssh,0.285140562248996,shared,much
ssh,1.0,a_only,egoism
ssh,0.42857142857142855,shared,midst
ssh,0.09215017064846416,b_only,chimney
ssh,1.0,a_only,economies
ssh,0.7391304347826086,shared,experiments
ssh,0.4222222222222222,shared,rolled
ssh,0.10344827586206896,b_only,amused
ssh,1.0,a_only,arians
ssh,1.0,a_only,graph
ssh,1.0,a_only,afterlife
ssh,0.30612244897959184,shared,joy
ssh,1.0,a_only,antiparticles
ssh,1.0,a_only,alhazred
ssh,0.11498257839721254,b_only,czarina
ssh,0.7112299465240641,shared,respecting
ssh,1.0,a_only,christians
ssh,1.0,a_only,fans
ssh,0.6243654822335025,shared,assembled
ssh,0.39737991266375544,shared,terms
ssh,0.5458937198067633,shared,prayers
ssh,0.7204301075268817,shared,grant
ssh,0.2903225806451613,shared,new
ssh,0.7021276595744681,shared,army
ssh,1.0,a_only,album
ssh,0.4349775784753363,shared,adventures
ssh,0.5533980582524272,shared,separated
ssh,0.7679558011049724,shared,plea
ssh,1.0,a_only,comet
ssh,1.0,a_only,est
ssh,1.0,a_only,dubbed
ssh,1.0,a_only,bishops
ssh,0.4953271028037383,shared,voyage
ssh,1.0,a_only,melody
ssh,0.6080402010050251,shared,entitled
ssh,1.0,a_only,functionality
ssh,0.6842105263157895,shared,specially
ssh,1.0,a_only,willard
ssh,1.0,a_only,reaches
ssh,1.0,a_only,messagepad
ssh,1.0,a_only,connor
ssh,0.5458937198067633,shared,cook
ssh,1.0,a_only,babylon
ssh,1.0,a_only,turks
ssh,0.5165876777251185,shared,plate
ssh,0.6842105263157895,shared,shops
ssh,1.0,a_only,airlines
ssh,1.0,a_only,amides
ssh,0.6,shared,crazy
ssh,1.0,a_only,ethnic
ssh,0.07744107744107744,b_only,knitting
ssh,0.7112299465240641,shared,firing
ssh,1.0,a_only,argues
ssh,0.09215017064846416,b_only,perplexed
ssh,0.415929203539823,shared,french
ssh,0.08108108108108109,b_only,careless
ssh,0.0847457627118644,b_only,interrupt
ssh,0.3114754098360656,shared,m
ssh,1.0,a_only,timeline
ssh,0.6326530612244898,shared,fortunes
ssh,0.2698412698412698,shared,last
ssh,0.4611872146118721,shared,tore
ssh,1.0,a_only,ruler
ssh,1.0,a_only,consonants
ssh,1.0,a_only,alcuin
ssh,0.39737991266375544,shared,copyright
ssh,1.0,a_only,heritage
ssh,0.7391304347826086,shared,vehicle
ssh,1.0,a_only,server
ssh,1.0,a_only,ka
ssh,0.39737991266375544,shared,signs
ssh,0.37339055793991416,shared,hill
ssh,0.5686274509803921,shared,venture
ssh,1.0,a_only,solo
ssh,1.0,a_only,storage
ssh,0.7204301075268817,shared,non
ssh,0.2698412698412698,shared,really
ssh,0.5238095238095238,shared,generous
ssh,0.6666666666666666,shared,dated
ssh,0.3617021276595745,shared,road
ssh,0.5609756097560976,shared,assurance
ssh,0.7877094972067039,shared,inferior
ssh,0.675392670157068,shared,headache
ssh,0.29554655870445345,shared,breast
ssh,1.0,a_only,popularity
ssh,0.7297297297297297,shared,spun
ssh,0.09215017064846416,b_only,monseigneur
ssh,0.7877094972067039,shared,overwhelming
ssh,0.2549019607843137,shared,save
ssh,1.0,a_only,excluded
ssh,0.7877094972067039,shared,refrain
ssh,0.10726643598615918,b_only,distributing
ssh,1.0,a_only,tactic
ssh,0.3793103448275862,shared,sherlock
ssh,1.0,a_only,endangered
ssh,1.0,a_only,seabed
ssh,1.0,a_only,oxygen
ssh,0.09965635738831616,b_only,grabbed
ssh,0.39737991266375544,shared,fail
ssh,0.6842105263157895,shared,drums
ssh,0.5458937198067633,shared,splendid
ssh,0.37339055793991416,shared,forced
ssh,0.10726643598615918,b_only,ashamed
ssh,0.6494845360824743,shared,providence
ssh,1.0,a_only,electron
ssh,0.2749003984063745,shared,found
ssh,1.0,a_only,federal
ssh,0.0847457627118644,b_only,cracked
ssh,0.675392670157068,shared,provisions
ssh,0.4953271028037383,shared,joke
ssh,0.29554655870445345,shared,believe
ssh,1.0,a_only,chemicals
ssh,0.08843537414965986,b_only,tearing
ssh,0.675392670157068,shared,horizon
ssh,1.0,a_only,derek
ssh,0.7582417582417582,shared,excessive
ssh,0.7021276595744681,shared,energetic
ssh,1.0,a_only,committee
ssh,1.0,a_only,based
ssh,0.09215017064846416,b_only,sunset
ssh,1.0,a_only,ibm
ssh,0.6,shared,maria
ssh,1.0,a_only,bruce
ssh,1.0,a_only,educational
ssh,0.30612244897959184,shared,glass
ssh,0.7877094972067039,shared,sphere
ssh,0.08843537414965986,b_only,drifting
ssh,1.0,a_only,arguing
ssh,0.6326530612244898,shared,satisfactory
ssh,0.6,shared,tobacco
ssh,0.6243654822335025,shared,guest
ssh,0.10726643598615918,b_only,forgetting
ssh,1.0,a_only,infected
ssh,0.48148148148148145,shared,feeble
ssh,0.07744107744107744,b_only,hearty
ssh,0.5238095238095238,shared,vampire
ssh,0.7204301075268817,shared,authors
ssh,1.0,a_only,fran
ssh,0.3389121338912134,shared,am
ssh,0.08843537414965986,b_only,wandered
ssh,0.0847457627118644,b_only,silently
ssh,1.0,a_only,carlos
ssh,0.6494845360824743,shared,dodo
ssh,0.09965635738831616,b_only,dripping
ssh,0.807909604519774,shared,samuel
ssh,0.1387900355871886,b_only,hideous
ssh,1.0,a_only,defeated
ssh,1.0,a_only,policies
ssh,0.5920398009950248,shared,sufficiently
ssh,0.5094339622641509,shared,conditions
ssh,0.5384615384615384,shared,victor
ssh,0.3333333333333333,shared,beat
ssh,1.0,a_only,listed
ssh,1.0,a_only,sodium
ssh,0.6666666666666666,shared,beasts
ssh,0.5686274509803921,shared,needle
ssh,1.0,a_only,recounts
ssh,0.7112299465240641,shared,reliance
ssh,0.7391304347826086,shared,earned
ssh,0.6410256410256411,shared,laden
ssh,0.7391304347826086,shared,telegraph
ssh,0.7021276595744681,shared,comedy
ssh,0.4349775784753363,shared,fairly
ssh,1.0,a_only,touchdown
ssh,1.0,a_only,asteraceae
ssh,1.0,a_only,collections
ssh,0.2648221343873518,shared,noticed
ssh,0.391304347826087,shared,possession
ssh,1.0,a_only,anagram
ssh,0.7021276595744681,shared,successfully
ssh,0.6,shared,republican
ssh,0.08108108108108109,b_only,turk
ssh,0.2749003984063745,shared,ways
ssh,0.29554655870445345,shared,lying
ssh,1.0,a_only,anarchist
ssh,0.5238095238095238,shared,duties
ssh,0.6494845360824743,shared,legal
ssh,1.0,a_only,venus
ssh,0.5841584158415841,shared,crushed
ssh,0.7486338797814208,shared,converse
ssh,0.06312292358803986,b_only,lizzy
ssh,1.0,a_only,status
ssh,0.29554655870445345,shared,house
ssh,1.0,a_only,ban
ssh,0.8713450292397661,shared,sands
ssh,1.0,a_only,transformations
ssh,0.3445378151260504,shared,laying
ssh,0.10344827586206896,b_only,compassion
ssh,0.0847457627118644,b_only,miseries
ssh,0.25984251968503935,shared,boy
ssh,0.0847457627118644,b_only,dismal
ssh,0.2698412698412698,shared,n
ssh,1.0,a_only,ore
ssh,0.6494845360824743,shared,expense
ssh,0.6326530612244898,shared,correspondence
ssh,0.39737991266375544,shared,sounds
ssh,1.0,a_only,gnostic
ssh,0.10344827586206896,b_only,reck
ssh,0.2749003984063745,shared,sudden
ssh,0.5609756097560976,shared,cents
ssh,0.7679558011049724,shared,imply
ssh,0.8713450292397661,shared,hampshire
ssh,0.7391304347826086,shared,explanations
ssh,0.5311004784688995,shared,admitted
ssh,1.0,a_only,northwest
ssh,1.0,a_only,inter
ssh,1.0,a_only,lindbergh
ssh,1.0,a_only,johnson
ssh,1.0,a_only,ethane
ssh,1.0,a_only,hermes
ssh,1.0,a_only,axiom
ssh,0.39737991266375544,shared,intended
ssh,1.0,a_only,boston
ssh,0.5094339622641509,shared,bark
ssh,0.5311004784688995,shared,screen
ssh,0.7391304347826086,shared,barely
ssh,0.2903225806451613,shared,wind
ssh,0.5165876777251185,shared,accepted
ssh,0.11498257839721254,b_only,habits
ssh,0.44144144144144143,shared,whale
ssh,0.4222222222222222,shared,pair
ssh,0.08843537414965986,b_only,madly
ssh,0.5609756097560976,shared,phrase
ssh,1.0,a_only,houston
ssh,1.0,a_only,columns
ssh,0.7582417582417582,shared,westminster
ssh,0.7877094972067039,shared,inheritance
ssh,0.08843537414965986,b_only,anew
ssh,0.4953271028037383,shared,successful
ssh,1.0,a_only,magazine
ssh,1.0,a_only,alphabets
ssh,0.46788990825688076,shared,beast
ssh,0.12280701754385964,b_only,shutting
ssh,1.0,a_only,homer
ssh,0.7486338797814208,shared,susan
ssh,1.0,a_only,col
ssh,0.10726643598615918,b_only,kneeling
ssh,1.0,a_only,thompson
ssh,0.07744107744107744,b_only,vexed
ssh,0.7297297297297297,shared,estates
ssh,0.5238095238095238,shared,quest
ssh,1.0,a_only,photos
ssh,0.4883720930232558,shared,formerly
ssh,0.7204301075268817,shared,wages
ssh,0.3445378151260504,shared,afternoon
ssh,0.5384615384615384,shared,elder
ssh,1.0,a_only,mt
ssh,0.09215017064846416,b_only,squeezed
ssh,1.0,a_only,cnt
ssh,0.29554655870445345,shared,key
ssh,0.08108108108108109,b_only,dumpty
ssh,0.059602649006622516,b_only,peering
ssh,0.07023411371237458,b_only,nostrils
ssh,0.7021276595744681,shared,fortress
ssh,0.36752136752136755,shared,seek
ssh,1.0,a_only,maguey
ssh,1.0,a_only,community
ssh,0.7112299465240641,shared,avoided
ssh,1.0,a_only,etymology
ssh,1.0,a_only,innovative
ssh,1.0,a_only,revised
ssh,0.44144144144144143,shared,occasionally
ssh,0.08843537414965986,b_only,dearest
ssh,1.0,a_only,ishmael
ssh,0.09215017064846416,b_only,delight
ssh,0.7582417582417582,shared,perished
ssh,0.45454545454545453,shared,fog
ssh,0.6494845360824743,shared,everyone
ssh,1.0,a_only,persians
ssh,0.6161616161616161,shared,selected
ssh,0.09215017064846416,b_only,dainty
ssh,1.0,a_only,dorothy
ssh,0.2903225806451613,shared,laid
ssh,1.0,a_only,olympics
ssh,1.0,a_only,matrix
ssh,1.0,a_only,dharma
ssh,1.0,a_only,jersey
ssh,1.0,a_only,operators
ssh,0.08108108108108109,b_only,5
ssh,1.0,a_only,gand
ssh,0.3333333333333333,shared,feet
ssh,0.6,shared,displayed
ssh,1.0,a_only,marshall
ssh,0.5458937198067633,shared,operation
ssh,0.3114754098360656,shared,running
ssh,0.6161616161616161,shared,collection
ssh,0.6080402010050251,shared,hills
ssh,0.675392670157068,shared,openly
ssh,0.5458937198067633,shared,volume
ssh,0.5533980582524272,shared,orange
ssh,0.3559322033898305,shared,blue
ssh,1.0,a_only,zone
ssh,0.10726643598615918,b_only,brass
ssh,1.0,a_only,nicolas
ssh,0.6842105263157895,shared,francis
ssh,0.0738255033557047,b_only,vivid
ssh,0.6,shared,helping
ssh,0.0738255033557047,b_only,runaway
ssh,1.0,a_only,behavioral
ssh,1.0,a_only,role
ssh,1.0,a_only,economic
ssh,0.5165876777251185,shared,contained
ssh,0.6243654822335025,shared,guests
ssh,0.3852813852813853,shared,effect
ssh,0.06666666666666667,b_only,ridiculous
ssh,1.0,a_only,angst
ssh,0.3278008298755187,shared,led
ssh,0.7204301075268817,shared,defend
ssh,0.20300751879699247,shared,hand
ssh,0.350210970464135,shared,king
ssh,0.06666666666666667,b_only,sighed
ssh,0.47465437788018433,shared,prevented
ssh,0.36752136752136755,shared,streets
ssh,0.09215017064846416,b_only,rat
ssh,1.0,a_only,guy
ssh,0.3852813852813853,shared,ball
ssh,0.7877094972067039,shared,foreigners
ssh,1.0,a_only,implemented
ssh,0.7112299465240641,shared,maps
ssh,1.0,a_only,strategic
ssh,0.797752808988764,shared,precautions
ssh,1.0,a_only,clement
ssh,0.6494845360824743,shared,complexion
ssh,0.7297297297297297,shared,objected
ssh,1.0,a_only,allah
ssh,0.36752136752136755,shared,search
ssh,0.48148148148148145,shared,reflected
ssh,1.0,a_only,overall
ssh,1.0,a_only,ares
ssh,0.3114754098360656,shared,dressing
ssh,0.797752808988764,shared,rocket
ssh,0.7877094972067039,shared,establish
ssh,0.1111111111111111,b_only,wisht
ssh,0.2903225806451613,shared,daughter
ssh,1.0,a_only,korea
ssh,0.06312292358803986,b_only,neglected
ssh,1.0,a_only,steven
ssh,1.0,a_only,dictator
ssh,0.4883720930232558,shared,moreover
ssh,1.0,a_only,cession
ssh,1.0,a_only,capability
ssh,0.1267605633802817,b_only,slid
ssh,0.08843537414965986,b_only,brook
ssh,0.3008130081300813,shared,blood
ssh,0.6243654822335025,shared,dwell
ssh,1.0,a_only,percent
ssh,0.1347517730496454,b_only,transylvania
ssh,1.0,a_only,marine
ssh,0.06312292358803986,b_only,favourable
ssh,1.0,a_only,pi
ssh,0.5609756097560976,shared,qualities
ssh,0.07023411371237458,b_only,clair
ssh,0.06666666666666667,b_only,jolly
ssh,0.3278008298755187,shared,father
ssh,1.0,a_only,markov
ssh,0.8285714285714286,shared,vicinity
ssh,1.0,a_only,onset
ssh,0.45454545454545453,shared,waves
ssh,1.0,a_only,sartre
ssh,0.5384615384615384,shared,intelligence
ssh,0.5094339622641509,shared,branch
ssh,1.0,a_only,plutarch
ssh,0.7582417582417582,shared,chemistry
ssh,0.6842105263157895,shared,shakespeare
ssh,0.6,shared,farmer
ssh,0.2903225806451613,shared,learn
ssh,0.285140562248996,shared,she
ssh,1.0,a_only,newton
ssh,0.08108108108108109,b_only,parting
ssh,0.3389121338912134,shared,joe
ssh,1.0,a_only,agassi
ssh,0.3445378151260504,shared,duty
ssh,1.0,a_only,metres
ssh,0.06666666666666667,b_only,vexation
ssh,0.0738255033557047,b_only,tuesday
ssh,0.5311004784688995,shared,arrested
ssh,0.06312292358803986,b_only,natured
ssh,0.5920398009950248,shared,entry
ssh,1.0,a_only,songwriter
ssh,1.0,a_only,nationality
ssh,1.0,a_only,socialism
ssh,0.32231404958677684,shared,be
ssh,1.0,a_only,ambrose
ssh,1.0,a_only,statistical
ssh,0.6,shared,rotten
ssh,0.09215017064846416,b_only,complain
ssh,0.6580310880829016,shared,retreat
ssh,0.5533980582524272,shared,creator
ssh,1.0,a_only,numbering
ssh,1.0,a_only,counties
ssh,0.25984251968503935,shared,everybody
ssh,0.2648221343873518,shared,quiet
ssh,0.11888111888111888,b_only,terribly
ssh,0.5609756097560976,shared,preserved
ssh,1.0,a_only,parks
ssh,0.3333333333333333,shared,shot
ssh,0.5763546798029556,shared,steam
ssh,0.7582417582417582,shared,shield
ssh,0.675392670157068,shared,revival
ssh,1.0,a_only,multi
ssh,0.4611872146118721,shared,daily
ssh,0.4883720930232558,shared,nation
ssh,0.07023411371237458,b_only,nerves
ssh,1.0,a_only,edited
ssh,1.0,a_only,gnosticism
ssh,1.0,a_only,depicting
ssh,1.0,a_only,output
ssh,0.4883720930232558,shared,counsel
ssh,1.0,a_only,disabilities
ssh,0.06312292358803986,b_only,roared
ssh,0.07023411371237458,b_only,hadn
ssh,1.0,a_only,blocking
ssh,0.675392670157068,shared,margaret
ssh,0.3389121338912134,shared,wishes
ssh,0.7777777777777778,shared,vary
ssh,0.40969162995594716,shared,disappeared
ssh,0.6580310880829016,shared,texas
ssh,0.06666666666666667,b_only,distribute
ssh,0.6666666666666666,shared,gardens
ssh,1.0,a_only,automorphism
ssh,0.36752136752136755,shared,walls
ssh,0.415929203539823,shared,belief
ssh,0.09215017064846416,b_only,frightfully
ssh,0.1111111111111111,b_only,dracula
ssh,0.7777777777777778,shared,planted
ssh,0.0847457627118644,b_only,clad
ssh,1.0,a_only,rom
ssh,0.5609756097560976,shared,alike
ssh,0.28,shared,stand
ssh,0.40969162995594716,shared,scenes
ssh,0.6842105263157895,shared,courtesy
ssh,0.7204301075268817,shared,removal
ssh,0.7112299465240641,shared,gift
ssh,1.0,a_only,trojan
ssh,1.0,a_only,target
ssh,0.08108108108108109,b_only,drawer
ssh,0.36752136752136755,shared,story
ssh,1.0,a_only,inherent
ssh,1.0,a_only,arkansas
ssh,0.7679558011049724,shared,di
ssh,0.5238095238095238,shared,haven
ssh,1.0,a_only,newer
ssh,0.2549019607843137,shared,happened
ssh,0.7679558011049724,shared,feminine
ssh,0.4222222222222222,shared,aid
ssh,1.0,a_only,distributed
ssh,0.5533980582524272,shared,lawyer
ssh,0.08108108108108109,b_only,likes
ssh,1.0,a_only,bands
ssh,1.0,a_only,processing
ssh,1.0,a_only,protons
ssh,1.0,a_only,elections
ssh,0.10344827586206896,b_only,waving
ssh,0.3852813852813853,shared,bench
ssh,1.0,a_only,cushitic
ssh,0.3559322033898305,shared,shoulders
ssh,1.0,a_only,nicene
ssh,1.0,a_only,pr
ssh,0.7486338797814208,shared,vent
ssh,1.0,a_only,derivation
ssh,0.09215017064846416,b_only,marrying
ssh,0.059602649006622516,b_only,whisper
ssh,1.0,a_only,favor
ssh,0.32231404958677684,shared,twenty
ssh,0.08843537414965986,b_only,dreaming
ssh,0.5686274509803921,shared,supply
ssh,0.25,shared,school
ssh,1.0,a_only,exceptions
ssh,1.0,a_only,conventions
ssh,0.5763546798029556,shared,completed
ssh,0.10726643598615918,b_only,closet
ssh,0.6080402010050251,shared,parent
ssh,1.0,a_only,explicitly
ssh,0.8285714285714286,shared,stripped
ssh,0.44144144144144143,shared,pool
ssh,0.09215017064846416,b_only,monsieur
ssh,0.4349775784753363,shared,south
ssh,0.4883720930232558,shared,false
ssh,0.5841584158415841,shared,bonnet
ssh,0.6326530612244898,shared,southern
ssh,1.0,a_only,participate
ssh,0.1267605633802817,b_only,dis
ssh,0.2903225806451613,shared,seem
ssh,0.36752136752136755,shared,trial
ssh,0.47465437788018433,shared,veins
ssh,1.0,a_only,premise
ssh,1.0,a_only,shares
ssh,1.0,a_only,hugo
ssh,0.24031007751937986,shared,meant
ssh,1.0,a_only,grammar
ssh,1.0,a_only,anglican
ssh,1.0,a_only,properties
ssh,0.5094339622641509,shared,recorded
ssh,0.25984251968503935,shared,give
ssh,0.7877094972067039,shared,spin
ssh,0.0738255033557047,b_only,wickedness
ssh,0.5458937198067633,shared,lack
ssh,0.5238095238095238,shared,destiny
ssh,0.6580310880829016,shared,capacity
ssh,1.0,a_only,predominantly
ssh,0.5841584158415841,shared,per
ssh,0.1111111111111111,b_only,yelling
ssh,0.3559322033898305,shared,heads
ssh,0.0738255033557047,b_only,alarming
ssh,0.44144144144144143,shared,hollow
ssh,0.11498257839721254,b_only,sly
ssh,0.059602649006622516,b_only,gloves
ssh,0.8285714285714286,shared,acute
ssh,0.6666666666666666,shared,attendance
ssh,1.0,a_only,classification
ssh,0.7204301075268817,shared,device
ssh,0.11498257839721254,b_only,goin
ssh,0.7777777777777778,shared,wealthy
ssh,0.6931216931216931,shared,accidental
ssh,1.0,a_only,prominent
ssh,0.5686274509803921,shared,eyed
ssh,0.0958904109589041,b_only,ghostly
ssh,0.391304347826087,shared,stream
ssh,0.5609756097560976,shared,conducted
ssh,1.0,a_only,depravity
ssh,0.3389121338912134,shared,whatever
ssh,0.08843537414965986,b_only,earnest
ssh,0.6410256410256411,shared,officer
ssh,0.7112299465240641,shared,fiction
ssh,1.0,a_only,reviews
ssh,0.1267605633802817,b_only,hasn
ssh,0.09965635738831616,b_only,charmed
ssh,0.07744107744107744,b_only,expressive
ssh,1.0,a_only,issues
ssh,0.8285714285714286,shared,reject
ssh,0.2749003984063745,shared,simply
ssh,0.5841584158415841,shared,falls
ssh,0.6161616161616161,shared,objection
ssh,1.0,a_only,yeast
ssh,0.7877094972067039,shared,realized
ssh,0.6580310880829016,shared,fourteenth
ssh,1.0,a_only,parallels
ssh,0.48148148148148145,shared,tragedy
ssh,0.39737991266375544,shared,sorrow
ssh,1.0,a_only,liver
ssh,1.0,a_only,currents
ssh,0.25984251968503935,shared,one
ssh,0.7391304347826086,shared,dominated
ssh,1.0,a_only,stadium
ssh,0.6931216931216931,shared,lords
ssh,0.08108108108108109,b_only,screamed
ssh,0.12280701754385964,b_only,busily
ssh,0.6931216931216931,shared,regions
ssh,1.0,a_only,communion
ssh,1.0,a_only,assumption
ssh,0.7112299465240641,shared,tastes
ssh,0.6243654822335025,shared,remote
ssh,0.09215017064846416,b_only,1894
ssh,1.0,a_only,reducing
ssh,1.0,a_only,anthony
ssh,0.4883720930232558,shared,keeps
ssh,0.6161616161616161,shared,designed
ssh,1.0,a_only,nominated
ssh,0.1347517730496454,b_only,stately
ssh,0.5094339622641509,shared,trademark
ssh,0.48148148148148145,shared,smoking
ssh,1.0,a_only,clark
ssh,0.2698412698412698,shared,neither
ssh,0.7582417582417582,shared,commands
ssh,0.6243654822335025,shared,rider
ssh,1.0,a_only,jordan
ssh,0.3445378151260504,shared,shadows
ssh,0.0958904109589041,b_only,confession
ssh,0.09965635738831616,b_only,ragged
ssh,1.0,a_only,motivated
ssh,0.3333333333333333,shared,somewhere
ssh,0.32231404958677684,shared,ladies
ssh,0.0457516339869281,b_only,bite
ssh,0.2903225806451613,shared,itself
ssh,0.3852813852813853,shared,winter
ssh,0.09215017064846416,b_only,forster
ssh,0.3389121338912134,shared,double
ssh,0.6666666666666666,shared,extra
ssh,1.0,a_only,semi
ssh,0.30612244897959184,shared,round
ssh,1.0,a_only,alaska
ssh,1.0,a_only,southeast
ssh,0.6,shared,registered
ssh,0.5458937198067633,shared,allen
ssh,0.09215017064846416,b_only,gaoler
ssh,0.4611872146118721,shared,wheel
ssh,0.0958904109589041,b_only,dull
ssh,0.2698412698412698,shared,why
ssh,0.40969162995594716,shared,recovered
ssh,1.0,a_only,chromatic
ssh,1.0,a_only,agrippina
ssh,0.5763546798029556,shared,satisfy
ssh,0.7582417582417582,shared,exercised
ssh,0.415929203539823,shared,awoke
ssh,1.0,a_only,torsion
ssh,0.3559322033898305,shared,niggers
ssh,0.6842105263157895,shared,entertainment
ssh,1.0,a_only,agents
ssh,0.10344827586206896,b_only,candle
ssh,1.0,a_only,surgery
ssh,0.07023411371237458,b_only,englishman
ssh,0.3008130081300813,shared,absolutely
ssh,0.4611872146118721,shared,doubtless
ssh,0.3793103448275862,shared,becoming
ssh,0.5920398009950248,shared,counting
ssh,0.0847457627118644,b_only,apology
ssh,0.2698412698412698,shared,died
ssh,0.5023474178403756,shared,club
ssh,1.0,a_only,tribes
ssh,0.4479638009049774,shared,attached
ssh,1.0,a_only,temples
ssh,1.0,a_only,hosts
ssh,0.5533980582524272,shared,failure
ssh,0.7679558011049724,shared,communications
ssh,0.4953271028037383,shared,animals
ssh,0.25984251968503935,shared,word
ssh,0.6494845360824743,shared,adopted
ssh,0.7021276595744681,shared,killing
ssh,1.0,a_only,global
ssh,1.0,a_only,animalia
ssh,1.0,a_only,gore
ssh,0.4222222222222222,shared,baby
ssh,1.0,a_only,focused
ssh,1.0,a_only,costs
ssh,0.6080402010050251,shared,proposal
ssh,0.4883720930232558,shared,e
ssh,1.0,a_only,polynomial
ssh,0.6842105263157895,shared,xi
ssh,0.6842105263157895,shared,discuss
ssh,1.0,a_only,cox
ssh,0.07023411371237458,b_only,remind
ssh,0.7204301075268817,shared,alfred
ssh,0.07744107744107744,b_only,hunsford
ssh,0.3559322033898305,shared,neck
ssh,1.0,a_only,bj
ssh,0.5686274509803921,shared,harvey
ssh,0.6326530612244898,shared,throughout
ssh,0.7777777777777778,shared,applying
ssh,1.0,a_only,aleister
ssh,0.7021276595744681,shared,helmet
ssh,0.36752136752136755,shared,possibly
ssh,0.5023474178403756,shared,wedding
ssh,1.0,a_only,caribbean
ssh,1.0,a_only,trivia
ssh,0.797752808988764,shared,obligations
ssh,0.06312292358803986,b_only,paddle
ssh,1.0,a_only,lf
ssh,1.0,a_only,mhz
ssh,0.7297297297297297,shared,remainder
ssh,1.0,a_only,claiming
ssh,0.059602649006622516,b_only,hum
ssh,0.08108108108108109,b_only,dine
ssh,1.0,a_only,zf
ssh,1.0,a_only,continental
ssh,0.30612244897959184,shared,pleasant
ssh,0.7021276595744681,shared,push
ssh,0.07744107744107744,b_only,formidable
ssh,0.6931216931216931,shared,alliance
ssh,0.5238095238095238,shared,feature
ssh,1.0,a_only,correctly
ssh,0.7877094972067039,shared,extending
ssh,1.0,a_only,metropolitan
ssh,0.285140562248996,shared,mean
ssh,1.0,a_only,kg
ssh,0.10344827586206896,b_only,rosings
ssh,0.7021276595744681,shared,adam
ssh,0.13074204946996468,b_only,nana
ssh,0.6161616161616161,shared,string
ssh,1.0,a_only,basketball
ssh,1.0,a_only,historic
ssh,1.0,a_only,andr
ssh,0.29554655870445345,shared,harry
ssh,0.0958904109589041,b_only,heah
ssh,1.0,a_only,movies
ssh,0.7391304347826086,shared,mechanical
ssh,0.5609756097560976,shared,arabian
ssh,1.0,a_only,recipient
ssh,1.0,a_only,concepts
ssh,1.0,a_only,disagreement
ssh,0.5841584158415841,shared,vessel
ssh,0.3559322033898305,shared,suspicion
ssh,0.3559322033898305,shared,seized
ssh,1.0,a_only,comparable
ssh,1.0,a_only,evaluation
ssh,1.0,a_only,renaissance
ssh,1.0,a_only,marking
ssh,0.04918032786885246,b_only,muttered
ssh,0.7777777777777778,shared,abner
ssh,0.6666666666666666,shared,largest
ssh,0.7204301075268817,shared,arrives
ssh,1.0,a_only,item
ssh,1.0,a_only,historian
ssh,0.5686274509803921,shared,boats
ssh,1.0,a_only,socialist
ssh,0.3114754098360656,shared,promise
ssh,1.0,a_only,mcclellan
ssh,0.6410256410256411,shared,survive
ssh,0.06312292358803986,b_only,reminded
ssh,0.7021276595744681,shared,everlasting
ssh,0.3278008298755187,shared,filled
ssh,1.0,a_only,iceland
ssh,1.0,a_only,chinese
ssh,0.5533980582524272,shared,swimming
ssh,1.0,a_only,andrei
ssh,0.7486338797814208,shared,largely
ssh,0.6494845360824743,shared,puts
ssh,1.0,a_only,sultan
ssh,0.7112299465240641,shared,sights
ssh,0.5841584158415841,shared,shy
ssh,0.7204301075268817,shared,italy
ssh,1.0,a_only,bangladesh
ssh,1.0,a_only,cultural
ssh,1.0,a_only,nave
ssh,1.0,a_only,parliamentary
ssh,0.6842105263157895,shared,tour
ssh,0.36752136752136755,shared,alarm
ssh,1.0,a_only,heating
ssh,1.0,a_only,annihilation
ssh,1.0,a_only,seceded
ssh,0.6243654822335025,shared,depends
ssh,0.0847457627118644,b_only,lucases
ssh,0.2749003984063745,shared,attention
ssh,1.0,a_only,economists
ssh,0.6080402010050251,shared,limit
ssh,0.5763546798029556,shared,hired
ssh,1.0,a_only,interact
ssh,0.3852813852813853,shared,bar
ssh,0.7486338797814208,shared,moves
ssh,1.0,a_only,prophets
ssh,0.5609756097560976,shared,ancient
ssh,0.0958904109589041,b_only,desperate
ssh,0.5686274509803921,shared,medicine
ssh,0.4479638009049774,shared,strongly
ssh,0.0847457627118644,b_only,gaze
ssh,0.0847457627118644,b_only,galatz
ssh,1.0,a_only,nuclei
ssh,0.47465437788018433,shared,stock
ssh,0.48148148148148145,shared,flower
ssh,0.30612244897959184,shared,want
ssh,1.0,a_only,kilometres
ssh,0.08843537414965986,b_only,hypnotic
ssh,0.7582417582417582,shared,patron
ssh,0.5686274509803921,shared,burnt
ssh,0.1111111111111111,b_only,console
ssh,0.7204301075268817,shared,bigger
ssh,1.0,a_only,emirates
ssh,1.0,a_only,isbn
ssh,1.0,a_only,linebackers
ssh,1.0,a_only,candidates
ssh,0.40969162995594716,shared,details
ssh,0.11888111888111888,b_only,assured
ssh,0.285140562248996,shared,appeared
ssh,0.6080402010050251,shared,changing
ssh,1.0,a_only,ally
ssh,0.25,shared,friends
ssh,0.6410256410256411,shared,punch
ssh,1.0,a_only,portugal
ssh,1.0,a_only,roy
ssh,1.0,a_only,rebellion
ssh,0.056105610561056105,b_only,frightened
ssh,0.23076923076923078,shared,think
ssh,1.0,a_only,albert
ssh,0.675392670157068,shared,expenses
ssh,0.10726643598615918,b_only,conjecture
ssh,1.0,a_only,calculus
ssh,0.2549019607843137,shared,illustration
ssh,0.6243654822335025,shared,matches
ssh,0.2260536398467433,shared,surprised
ssh,0.3559322033898305,shared,village
ssh,1.0,a_only,asteroids
ssh,0.797752808988764,shared,forcing
ssh,1.0,a_only,kennedy
ssh,0.05263157894736842,b_only,fortunate
ssh,0.8181818181818182,shared,sam
ssh,1.0,a_only,agreements
ssh,0.7391304347826086,shared,reverse
ssh,0.08843537414965986,b_only,stooping
ssh,0.059602649006622516,b_only,murmured
ssh,0.3559322033898305,shared,hanging
ssh,0.7021276595744681,shared,xii
ssh,1.0,a_only,ian
ssh,1.0,a_only,butane
ssh,0.07744107744107744,b_only,drowned
ssh,0.07744107744107744,b_only,compliments
ssh,0.32231404958677684,shared,dangerous
ssh,0.5763546798029556,shared,reserved
ssh,0.30612244897959184,shared,sat
ssh,1.0,a_only,subfamily
ssh,0.08108108108108109,b_only,asleep
ssh,0.7679558011049724,shared,tradition
ssh,0.7297297297297297,shared,sour
ssh,1.0,a_only,skylab
ssh,0.7204301075268817,shared,unique
ssh,1.0,a_only,perspective
ssh,0.5238095238095238,shared,aged
ssh,0.4953271028037383,shared,stronger
ssh,1.0,a_only,affiliated
ssh,0.06312292358803986,b_only,sledge
ssh,0.4953271028037383,shared,endeavour
ssh,0.32231404958677684,shared,age
ssh,0.36752136752136755,shared,obliged
ssh,0.6580310880829016,shared,deprived
ssh,1.0,a_only,separately
ssh,0.6580310880829016,shared,fiercely
ssh,1.0,a_only,anthropological
ssh,0.8181818181818182,shared,greatness
ssh,0.08843537414965986,b_only,netherfield
ssh,1.0,a_only,luke
ssh,0.4611872146118721,shared,related
ssh,0.7297297297297297,shared,discharge
ssh,0.285140562248996,shared,hours
ssh,0.29554655870445345,shared,warn
ssh,0.4222222222222222,shared,scheme
ssh,0.48148148148148145,shared,immediate
ssh,0.6410256410256411,shared,independence
ssh,1.0,a_only,semantics
ssh,1.0,a_only,manga
ssh,0.29554655870445345,shared,horror
ssh,1.0,a_only,fails
ssh,1.0,a_only,cavalry
ssh,1.0,a_only,monuments
ssh,0.07023411371237458,b_only,beheld
ssh,0.350210970464135,shared,front
ssh,1.0,a_only,empire
ssh,0.4349775784753363,shared,rope
ssh,1.0,a_only,primary
ssh,1.0,a_only,morpork
ssh,0.7486338797814208,shared,containing
ssh,1.0,a_only,theodosius
ssh,0.5023474178403756,shared,cloud
ssh,0.0958904109589041,b_only,flames
ssh,0.3114754098360656,shared,young
ssh,1.0,a_only,machines
ssh,0.7486338797814208,shared,freed
ssh,1.0,a_only,writings
ssh,0.0738255033557047,b_only,plenty
ssh,1.0,a_only,governmental
ssh,1.0,a_only,zeus
ssh,1.0,a_only,monk
ssh,0.7777777777777778,shared,halted
ssh,0.0847457627118644,b_only,cheerful
ssh,0.3114754098360656,shared,passion
ssh,0.30612244897959184,shared,possible
ssh,0.5384615384615384,shared,gather
ssh,1.0,a_only,defendant
ssh,0.3445378151260504,shared,slight
ssh,0.6666666666666666,shared,bees
ssh,1.0,a_only,democrats
ssh,0.07744107744107744,b_only,10
ssh,0.5841584158415841,shared,checked
ssh,0.08108108108108109,b_only,lorry
ssh,1.0,a_only,carrel
ssh,0.8181818181818182,shared,butler
ssh,1.0,a_only,heights
ssh,0.5384615384615384,shared,forever
ssh,0.3852813852813853,shared,contrary
ssh,1.0,a_only,indo
ssh,0.48148148148148145,shared,risk
ssh,1.0,a_only,thermal
ssh,0.8285714285714286,shared,peak
ssh,1.0,a_only,tropical
ssh,1.0,a_only,creates
ssh,0.1111111111111111,b_only,cigar
ssh,1.0,a_only,core
ssh,0.797752808988764,shared,withdraw
ssh,1.0,a_only,delta
ssh,1.0,a_only,athlete
ssh,0.7297297297297297,shared,caves
ssh,1.0,a_only,halley
ssh,0.28,shared,are
ssh,0.45454545454545453,shared,bodies
ssh,1.0,a_only,arslan
ssh,0.7486338797814208,shared,perpendicular
ssh,0.2749003984063745,shared,write
ssh,0.5165876777251185,shared,invited
ssh,0.675392670157068,shared,numbers
ssh,1.0,a_only,designers
ssh,1.0,a_only,armies
ssh,1.0,a_only,hollywood
ssh,0.4953271028037383,shared,studied
ssh,0.7582417582417582,shared,necessarily
ssh,1.0,a_only,enters
ssh,0.1111111111111111,b_only,rucastle
ssh,0.6,shared,starved
ssh,1.0,a_only,defensive
ssh,0.6666666666666666,shared,channel
ssh,1.0,a_only,croatian
ssh,0.1111111111111111,b_only,sleeve
ssh,1.0,a_only,promoting
ssh,1.0,a_only,derives
ssh,0.7112299465240641,shared,greedy
ssh,0.5238095238095238,shared,forces
ssh,0.5920398009950248,shared,disappearance
ssh,1.0,a_only,rebel
ssh,0.44144144144144143,shared,proceeded
ssh,0.391304347826087,shared,quarter
ssh,1.0,a_only,types
ssh,1.0,a_only,netherlands
ssh,0.7486338797814208,shared,masses
ssh,1.0,a_only,portable
ssh,0.08843537414965986,b_only,grandeur
ssh,0.5533980582524272,shared,bridge
ssh,0.6161616161616161,shared,illinois
ssh,1.0,a_only,paintings
ssh,0.6494845360824743,shared,agreement
ssh,0.6931216931216931,shared,total
ssh,0.25984251968503935,shared,walk
ssh,0.3008130081300813,shared,try
ssh,1.0,a_only,territorial
ssh,0.7204301075268817,shared,eighteenth
ssh,0.4611872146118721,shared,equally
ssh,1.0,a_only,autonomous
ssh,0.2698412698412698,shared,placed
ssh,1.0,a_only,car
ssh,0.45454545454545453,shared,exercise
ssh,0.29554655870445345,shared,extraordinary
ssh,0.8285714285714286,shared,fathers
ssh,0.675392670157068,shared,distrust
ssh,1.0,a_only,cycle
ssh,1.0,a_only,iowa
ssh,0.11888111888111888,b_only,watchman
ssh,0.5384615384615384,shared,composed
ssh,0.2698412698412698,shared,got
ssh,0.3852813852813853,shared,satisfaction
ssh,1.0,a_only,ashmore
ssh,0.07744107744107744,b_only,thankful
ssh,1.0,a_only,egyptians
ssh,1.0,a_only,biological
ssh,1.0,a_only,petroleum
ssh,1.0,a_only,titled
ssh,0.32231404958677684,shared,fall
ssh,1.0,a_only,judicial
ssh,0.7204301075268817,shared,influenced
ssh,0.4222222222222222,shared,spy
ssh,0.44144144144144143,shared,fierce
ssh,1.0,a_only,refectory
ssh,1.0,a_only,jurisdictions
ssh,1.0,a_only,antonio
ssh,1.0,a_only,ahmed
ssh,0.6666666666666666,shared,suspended
ssh,0.09215017064846416,b_only,cavern
ssh,1.0,a_only,siege
ssh,0.391304347826087,shared,creatures
ssh,0.0847457627118644,b_only,pretended
ssh,1.0,a_only,conversion
ssh,0.48148148148148145,shared,jacket
ssh,0.29554655870445345,shared,fact
ssh,1.0,a_only,neoclassical
ssh,1.0,a_only,antigua
ssh,1.0,a_only,remedies
ssh,1.0,a_only,serial
ssh,1.0,a_only,cambridge
ssh,1.0,a_only,mackenzie
ssh,0.28,shared,help
ssh,0.6326530612244898,shared,frog
ssh,0.3445378151260504,shared,arrival
ssh,1.0,a_only,generals
ssh,1.0,a_only,quantities
ssh,0.2903225806451613,shared,object
ssh,1.0,a_only,yale
ssh,0.44144144144144143,shared,sinking
ssh,1.0,a_only,director
ssh,0.47465437788018433,shared,chose
ssh,0.6,shared,debts
ssh,0.6494845360824743,shared,consulted
ssh,1.0,a_only,fusion
ssh,1.0,a_only,nickname
ssh,0.6494845360824743,shared,luxury
ssh,1.0,a_only,nomination
ssh,1.0,a_only,corporation
ssh,0.4883720930232558,shared,infinite
ssh,0.2749003984063745,shared,ready
ssh,0.6931216931216931,shared,inhabit
ssh,0.3168724279835391,shared,away
ssh,1.0,a_only,bellows
ssh,0.29554655870445345,shared,married
ssh,0.7777777777777778,shared,comment
ssh,0.7391304347826086,shared,describing
ssh,0.4611872146118721,shared,ghosts
ssh,0.08843537414965986,b_only,seeming
ssh,0.675392670157068,shared,publicly
ssh,0.3278008298755187,shared,lose
ssh,0.09965635738831616,b_only,deceive
ssh,0.6842105263157895,shared,summit
ssh,0.7021276595744681,shared,neighbors
ssh,1.0,a_only,topics
ssh,0.6243654822335025,shared,dropping
ssh,1.0,a_only,sq
ssh,0.7582417582417582,shared,panel
ssh,0.7486338797814208,shared,chat
ssh,0.6494845360824743,shared,preparing
ssh,0.39737991266375544,shared,tale
ssh,0.09965635738831616,b_only,inquired
ssh,0.7877094972067039,shared,hungarian
ssh,0.4953271028037383,shared,produce
ssh,0.675392670157068,shared,kent
ssh,0.5609756097560976,shared,quarters
ssh,0.5609756097560976,shared,trap
ssh,0.10726643598615918,b_only,sid
ssh,0.6931216931216931,shared,generation
ssh,0.6494845360824743,shared,concentrated
ssh,1.0,a_only,achilles
ssh,1.0,a_only,html
ssh,0.7582417582417582,shared,devices
ssh,0.797752808988764,shared,muscle
ssh,1.0,a_only,android
ssh,1.0,a_only,donate
ssh,0.675392670157068,shared,specimen
ssh,0.0738255033557047,b_only,canvas
ssh,1.0,a_only,festivals
ssh,0.7486338797814208,shared,label
ssh,1.0,a_only,contested
ssh,1.0,a_only,stability
ssh,0.07023411371237458,b_only,yours
ssh,0.5533980582524272,shared,strangers
ssh,1.0,a_only,judah
ssh,0.37339055793991416,shared,expressed
ssh,0.2903225806451613,shared,while
ssh,1.0,a_only,johnston
ssh,0.5533980582524272,shared,waved
ssh,0.0847457627118644,b_only,gladness
ssh,1.0,a_only,cd
ssh,0.1111111111111111,b_only,fortnight
ssh,0.7297297297297297,shared,transferred
ssh,0.09965635738831616,b_only,limbs
ssh,0.6,shared,descent
ssh,1.0,a_only,sexual
ssh,1.0,a_only,african
ssh,1.0,a_only,sedgwick
ssh,1.0,a_only,extract
ssh,1.0,a_only,apatosaurus
ssh,0.6410256410256411,shared,esteemed
ssh,1.0,a_only,fernando
ssh,1.0,a_only,cars
ssh,0.09215017064846416,b_only,politeness
ssh,1.0,a_only,variables
ssh,0.4479638009049774,shared,ladder
ssh,0.3168724279835391,shared,dropped
ssh,0.08108108108108109,b_only,tweedledum
ssh,1.0,a_only,helen
ssh,0.6,shared,behold
ssh,0.47465437788018433,shared,severe
ssh,1.0,a_only,angeles
ssh,0.7486338797814208,shared,expensive
ssh,1.0,a_only,epidemic
ssh,1.0,a_only,establishes
ssh,0.32231404958677684,shared,people
ssh,0.7679558011049724,shared,borders
ssh,0.2749003984063745,shared,van
ssh,0.6842105263157895,shared,compose
ssh,0.807909604519774,shared,homes
ssh,0.07023411371237458,b_only,oppressed
ssh,1.0,a_only,acupuncture
ssh,1.0,a_only,volcanoes
ssh,0.285140562248996,shared,great
ssh,1.0,a_only,cit
ssh,1.0,a_only,differential
ssh,1.0,a_only,cern
ssh,0.7877094972067039,shared,slaves
ssh,0.7204301075268817,shared,capture
ssh,0.8285714285714286,shared,skull
ssh,0.08108108108108109,b_only,temptation
ssh,0.6842105263157895,shared,adjusted
ssh,0.245136186770428,shared,what
ssh,0.3793103448275862,shared,decided
ssh,0.4611872146118721,shared,contents
ssh,0.23076923076923078,shared,enough
ssh,1.0,a_only,mechanics
ssh,0.5533980582524272,shared,famous
ssh,0.6666666666666666,shared,admission
ssh,1.0,a_only,kenneth
ssh,0.4349775784753363,shared,dig
ssh,1.0,a_only,diverse
ssh,1.0,a_only,martial
ssh,0.6410256410256411,shared,outer
ssh,1.0,a_only,enlarged
ssh,1.0,a_only,prussia
ssh,1.0,a_only,mediterranean
ssh,1.0,a_only,diagnosis
ssh,1.0,a_only,akkad
ssh,0.48148148148148145,shared,mars
ssh,1.0,a_only,bilingual
ssh,0.32231404958677684,shared,power
ssh,0.3333333333333333,shared,influence
ssh,0.7297297297297297,shared,tar
ssh,1.0,a_only,aligned
ssh,0.1111111111111111,b_only,faintly
ssh,0.48148148148148145,shared,refused
ssh,0.7204301075268817,shared,tune
ssh,0.23076923076923078,shared,listened
ssh,0.09965635738831616,b_only,ole
ssh,0.09215017064846416,b_only,stiff
ssh,1.0,a_only,professionals
ssh,0.6161616161616161,shared,kicked
ssh,0.3617021276595745,shared,style
ssh,0.6931216931216931,shared,preparations
ssh,1.0,a_only,aggression
ssh,1.0,a_only,senator
ssh,1.0,a_only,jos
ssh,1.0,a_only,athenians
ssh,1.0,a_only,complications
ssh,1.0,a_only,covenant
ssh,0.48148148148148145,shared,friendly
ssh,0.2549019607843137,shared,added
ssh,1.0,a_only,vowels
ssh,1.0,a_only,emancipation
ssh,0.4611872146118721,shared,kinds
ssh,0.6080402010050251,shared,distinguish
ssh,1.0,a_only,conflicts
ssh,1.0,a_only,super
ssh,1.0,a_only,egyptian
ssh,1.0,a_only,levant
ssh,1.0,a_only,churchill
ssh,1.0,a_only,philadelphia
ssh,0.7297297297297297,shared,violet
ssh,0.7777777777777778,shared,cope
ssh,1.0,a_only,als
ssh,1.0,a_only,phenomenon
ssh,1.0,a_only,finals
ssh,0.5533980582524272,shared,observing
ssh,0.09965635738831616,b_only,begged
ssh,1.0,a_only,width
ssh,1.0,a_only,bonding
ssh,0.30612244897959184,shared,full
ssh,0.08843537414965986,b_only,affections
ssh,1.0,a_only,mathbf
ssh,0.3389121338912134,shared,whose
ssh,0.5165876777251185,shared,jack
ssh,0.6,shared,sub
ssh,1.0,a_only,publications
ssh,0.3793103448275862,shared,somewhat
ssh,0.25984251968503935,shared,immediately
ssh,1.0,a_only,luanda
ssh,1.0,a_only,franco
ssh,1.0,a_only,code
ssh,0.0958904109589041,b_only,shone
ssh,0.6326530612244898,shared,groups
ssh,0.415929203539823,shared,greatly
ssh,0.06312292358803986,b_only,haunted
ssh,1.0,a_only,germans
ssh,0.7112299465240641,shared,switzerland
ssh,0.8181818181818182,shared,scarce
ssh,0.2549019607843137,shared,please
ssh,0.6842105263157895,shared,panic
ssh,1.0,a_only,ion
ssh,0.5533980582524272,shared,noted
ssh,0.5763546798029556,shared,crimes
ssh,0.42857142857142855,shared,bottle
ssh,0.08843537414965986,b_only,sufferer
ssh,0.5920398009950248,shared,preserve
ssh,1.0,a_only,mountainous
ssh,0.8285714285714286,shared,covers
ssh,0.285140562248996,shared,a
ssh,0.4479638009049774,shared,visible
ssh,0.6,shared,louis
ssh,1.0,a_only,priority
ssh,1.0,a_only,predynastic
ssh,0.5841584158415841,shared,keen
ssh,0.30612244897959184,shared,means
ssh,0.4479638009049774,shared,prisoners
ssh,0.6666666666666666,shared,friday
ssh,1.0,a_only,molinari
ssh,0.6410256410256411,shared,pursuing
ssh,0.7297297297297297,shared,mistress
ssh,1.0,a_only,sciences
ssh,0.3445378151260504,shared,mary
ssh,0.11888111888111888,b_only,lifeless
ssh,1.0,a_only,conservation
ssh,0.2903225806451613,shared,holding
ssh,0.5238095238095238,shared,apple
ssh,0.7391304347826086,shared,ranged
ssh,0.08108108108108109,b_only,pockets
ssh,0.7112299465240641,shared,norton
ssh,0.0847457627118644,b_only,forefinger
ssh,0.46788990825688076,shared,message
ssh,0.07744107744107744,b_only,admirable
ssh,0.07744107744107744,b_only,forgot
ssh,0.45454545454545453,shared,examination
ssh,0.7297297297297297,shared,equality
ssh,0.09965635738831616,b_only,tooth
ssh,0.7297297297297297,shared,horn
ssh,0.5165876777251185,shared,approached
ssh,0.28,shared,poor
ssh,1.0,a_only,mineral
ssh,1.0,a_only,turkic
ssh,0.0958904109589041,b_only,slim
ssh,0.5533980582524272,shared,restless
ssh,1.0,a_only,reign
ssh,0.3114754098360656,shared,die
ssh,0.3793103448275862,shared,hole
ssh,1.0,a_only,canonical
ssh,0.5609756097560976,shared,limb
ssh,0.44144144144144143,shared,sees
ssh,0.10726643598615918,b_only,lazy
ssh,0.6666666666666666,shared,film
ssh,1.0,a_only,aries
ssh,1.0,a_only,improving
ssh,0.675392670157068,shared,spots
ssh,0.6161616161616161,shared,deliver
ssh,0.0847457627118644,b_only,watchful
ssh,0.5686274509803921,shared,comrade
ssh,1.0,a_only,fullback
ssh,0.5763546798029556,shared,performance
ssh,0.8604651162790697,shared,chemist
ssh,1.0,a_only,anterior
ssh,1.0,a_only,geologist
ssh,0.3333333333333333,shared,judge
ssh,0.11888111888111888,b_only,shucks
ssh,0.2749003984063745,shared,importance
ssh,0.08843537414965986,b_only,hasten
ssh,0.4349775784753363,shared,sufficient
ssh,0.08843537414965986,b_only,kennel
ssh,0.350210970464135,shared,suffer
ssh,0.6326530612244898,shared,gallery
ssh,0.4883720930232558,shared,landed
ssh,0.09965635738831616,b_only,lookout
ssh,1.0,a_only,specifically
ssh,0.7582417582417582,shared,holland
ssh,0.415929203539823,shared,destruction
ssh,1.0,a_only,jupiter
ssh,0.6931216931216931,shared,poem
ssh,0.08843537414965986,b_only,safie
ssh,0.09965635738831616,b_only,admire
ssh,0.44144144144144143,shared,cast
ssh,1.0,a_only,department
ssh,1.0,a_only,diacritics
ssh,1.0,a_only,lyon
ssh,0.391304347826087,shared,pointing
ssh,1.0,a_only,theoretical
ssh,1.0,a_only,berry
ssh,0.30612244897959184,shared,keep
ssh,0.0847457627118644,b_only,sawed
ssh,1.0,a_only,chart
ssh,0.3445378151260504,shared,who
ssh,0.5533980582524272,shared,declined
ssh,0.08843537414965986,b_only,wagon
ssh,0.7679558011049724,shared,speculate
ssh,0.4349775784753363,shared,narrative
ssh,0.7777777777777778,shared,advised
ssh,0.8181818181818182,shared,superiority
ssh,0.37339055793991416,shared,witness
ssh,1.0,a_only,arabia
ssh,0.0847457627118644,b_only,sufferings
ssh,0.5841584158415841,shared,performed
ssh,0.350210970464135,shared,describe
ssh,0.07023411371237458,b_only,fashionable
ssh,1.0,a_only,seljuk
ssh,0.4611872146118721,shared,victim
ssh,0.3617021276595745,shared,remark
ssh,0.4953271028037383,shared,throwing
ssh,0.5533980582524272,shared,faithful
ssh,0.7877094972067039,shared,kicking
ssh,1.0,a_only,flowering
ssh,1.0,a_only,burgoyne
ssh,0.4222222222222222,shared,reasons
ssh,1.0,a_only,recognizes
ssh,0.3559322033898305,shared,boxes
ssh,0.09965635738831616,b_only,communicated
ssh,0.4883720930232558,shared,slave
ssh,0.056105610561056105,b_only,goodness
ssh,1.0,a_only,mythology
ssh,1.0,a_only,lithuania
ssh,0.3389121338912134,shared,tea
ssh,0.5686274509803921,shared,protested
ssh,1.0,a_only,excluding
ssh,0.08108108108108109,b_only,frowning
ssh,0.5533980582524272,shared,crossing
ssh,0.7021276595744681,shared,slang
ssh,0.7297297297297297,shared,rescue
ssh,0.4479638009049774,shared,picked
ssh,0.6161616161616161,shared,sheer
ssh,0.2698412698412698,shared,old
ssh,0.3333333333333333,shared,difficulty
ssh,1.0,a_only,rugby
ssh,0.7582417582417582,shared,bat
ssh,1.0,a_only,positions
ssh,1.0,a_only,relativity
ssh,0.059602649006622516,b_only,valet
ssh,0.0847457627118644,b_only,git
ssh,0.7112299465240641,shared,tunnel
ssh,1.0,a_only,cancelled
ssh,0.6410256410256411,shared,chile
ssh,0.5609756097560976,shared,indian
ssh,0.5686274509803921,shared,ideal
ssh,0.7679558011049724,shared,stamp
ssh,0.6080402010050251,shared,earliest
ssh,0.5458937198067633,shared,thy
ssh,1.0,a_only,experimental
ssh,0.3617021276595745,shared,rising
ssh,0.6842105263157895,shared,nineteenth
ssh,0.7204301075268817,shared,atonement
ssh,0.5841584158415841,shared,belonged
ssh,0.6,shared,passes
ssh,0.6,shared,split
ssh,0.3168724279835391,shared,bell
ssh,0.6410256410256411,shared,elevated
ssh,0.4883720930232558,shared,storm
ssh,1.0,a_only,atomic
ssh,1.0,a_only,glaciers
ssh,0.3389121338912134,shared,drink
ssh,0.5920398009950248,shared,cure
ssh,0.3168724279835391,shared,standing
ssh,0.5023474178403756,shared,hate
ssh,1.0,a_only,performing
ssh,0.2749003984063745,shared,we
ssh,0.25,shared,feeling
ssh,0.6326530612244898,shared,chalk
ssh,0.7391304347826086,shared,gladly
ssh,0.7297297297297297,shared,file
ssh,0.6243654822335025,shared,principle
ssh,1.0,a_only,afl
ssh,1.0,a_only,ritual
ssh,0.07744107744107744,b_only,solemnity
ssh,1.0,a_only,explosive
ssh,1.0,a_only,ankara
ssh,0.7679558011049724,shared,unnecessary
ssh,0.40969162995594716,shared,potter
ssh,1.0,a_only,pierre
ssh,0.7112299465240641,shared,significant
ssh,1.0,a_only,polish
ssh,0.7204301075268817,shared,descending
ssh,0.7112299465240641,shared,courts
ssh,1.0,a_only,tertiary
ssh,1.0,a_only,aleutian
ssh,1.0,a_only,namely
ssh,0.5920398009950248,shared,wrought
ssh,0.32231404958677684,shared,free
ssh,0.3008130081300813,shared,kill
ssh,0.7112299465240641,shared,carter
ssh,0.5533980582524272,shared,chased
ssh,1.0,a_only,rothbard
ssh,1.0,a_only,inventor
ssh,1.0,a_only,students
ssh,0.8390804597701149,shared,deer
ssh,0.6666666666666666,shared,ordering
ssh,1.0,a_only,agriculture
ssh,1.0,a_only,roosevelt
ssh,1.0,a_only,archive
ssh,1.0,a_only,democratic
ssh,1.0,a_only,springfield
ssh,0.3278008298755187,shared,feel
ssh,0.797752808988764,shared,farms
ssh,1.0,a_only,episodes
ssh,0.285140562248996,shared,loved
ssh,1.0,a_only,sheen
ssh,1.0,a_only,pennsylvania
ssh,0.6666666666666666,shared,blanc
ssh,1.0,a_only,prefix
ssh,0.5165876777251185,shared,results
ssh,1.0,a_only,trapped
ssh,1.0,a_only,aol
ssh,1.0,a_only,unmanned
ssh,1.0,a_only,arsenic
ssh,0.07744107744107744,b_only,fiend
ssh,1.0,a_only,weekly
ssh,0.350210970464135,shared,police
ssh,0.3445378151260504,shared,gray
ssh,1.0,a_only,scientist
ssh,0.6243654822335025,shared,movements
ssh,1.0,a_only,winters
ssh,0.6494845360824743,shared,corruption
ssh,0.07023411371237458,b_only,suspicions
ssh,0.3617021276595745,shared,rule
ssh,0.4611872146118721,shared,exact
ssh,0.7582417582417582,shared,criminals
ssh,0.0958904109589041,b_only,chaw
ssh,0.45454545454545453,shared,protect
ssh,0.1111111111111111,b_only,comfortable
ssh,0.25,shared,pleasure
ssh,0.7112299465240641,shared,ability
ssh,0.5763546798029556,shared,relate
ssh,1.0,a_only,calculations
ssh,0.5609756097560976,shared,hail
ssh,0.32231404958677684,shared,fallen
ssh,0.6580310880829016,shared,serpent
ssh,0.5023474178403756,shared,secure
ssh,0.32231404958677684,shared,only
ssh,0.0847457627118644,b_only,ticket
ssh,0.0847457627118644,b_only,trod
ssh,0.7021276595744681,shared,generations
ssh,0.7297297297297297,shared,opinions
ssh,0.3114754098360656,shared,chance
ssh,0.5165876777251185,shared,egg
ssh,0.245136186770428,shared,deal
ssh,0.6842105263157895,shared,aroused
ssh,1.0,a_only,maintains
ssh,0.5686274509803921,shared,divided
ssh,0.7777777777777778,shared,qualified
ssh,0.6326530612244898,shared,vital
ssh,0.23076923076923078,shared,room
ssh,0.06666666666666667,b_only,chill
ssh,1.0,a_only,spectrum
ssh,0.7297297297297297,shared,mix
ssh,0.10344827586206896,b_only,gaiety
ssh,1.0,a_only,ft
ssh,1.0,a_only,fictional
ssh,0.08843537414965986,b_only,frauds
ssh,0.0847457627118644,b_only,glasses
ssh,0.07744107744107744,b_only,ladyship
ssh,0.07744107744107744,b_only,fairies
ssh,1.0,a_only,peaks
ssh,0.415929203539823,shared,revenge
ssh,0.6,shared,milk
ssh,0.6243654822335025,shared,sink
ssh,0.285140562248996,shared,allow
ssh,1.0,a_only,jerusalem
ssh,0.06666666666666667,b_only,sorry
ssh,0.3333333333333333,shared,sympathy
ssh,0.4479638009049774,shared,thick
ssh,0.3114754098360656,shared,curiosity
ssh,1.0,a_only,tourism
ssh,0.5920398009950248,shared,jam
ssh,1.0,a_only,depicted
ssh,1.0,a_only,react
ssh,1.0,a_only,seeks
ssh,0.3168724279835391,shared,seven
ssh,0.3008130081300813,shared,may
ssh,1.0,a_only,comments
ssh,0.48148148148148145,shared,date
ssh,0.6666666666666666,shared,arch
ssh,0.6842105263157895,shared,pole
ssh,1.0,a_only,pseudo
ssh,1.0,a_only,center
ssh,1.0,a_only,noteworthy
ssh,0.39737991266375544,shared,mostly
ssh,0.37339055793991416,shared,fish
ssh,1.0,a_only,web
ssh,0.07023411371237458,b_only,interruption
ssh,1.0,a_only,anarcho
ssh,0.47465437788018433,shared,brandy
ssh,0.0738255033557047,b_only,spoon
ssh,0.4953271028037383,shared,admit
ssh,0.350210970464135,shared,record
ssh,0.6666666666666666,shared,pupils
ssh,0.37339055793991416,shared,description
ssh,1.0,a_only,fisheries
ssh,0.0847457627118644,b_only,chap
ssh,0.5686274509803921,shared,neighbours
ssh,1.0,a_only,quarterback
ssh,1.0,a_only,subcontinent
ssh,0.4883720930232558,shared,sorts
ssh,1.0,a_only,additionally
ssh,1.0,a_only,discography
ssh,1.0,a_only,antisemitism
ssh,0.5609756097560976,shared,echo
ssh,1.0,a_only,districts
ssh,0.10344827586206896,b_only,hurry
ssh,0.09215017064846416,b_only,soho
ssh,0.3852813852813853,shared,stirring
ssh,0.5311004784688995,shared,bearing
ssh,1.0,a_only,belgium
ssh,1.0,a_only,challenger
ssh,1.0,a_only,afghan
ssh,0.10344827586206896,b_only,shudder
ssh,0.07023411371237458,b_only,timidly
ssh,0.0958904109589041,b_only,anyhow
ssh,0.05263157894736842,b_only,bedroom
ssh,0.2648221343873518,shared,stop
ssh,0.10726643598615918,b_only,welshman
ssh,1.0,a_only,sizes
ssh,1.0,a_only,christie
ssh,0.28,shared,at
ssh,1.0,a_only,comedian
ssh,1.0,a_only,irrational
ssh,0.7204301075268817,shared,smooth
ssh,0.7486338797814208,shared,dukes
ssh,1.0,a_only,ar
ssh,0.7297297297297297,shared,dwelt
ssh,1.0,a_only,compatible
ssh,1.0,a_only,theologian
ssh,1.0,a_only,techniques
ssh,0.6243654822335025,shared,novel
ssh,0.7021276595744681,shared,aristocracy
ssh,0.39737991266375544,shared,direct
ssh,0.47465437788018433,shared,serve
ssh,1.0,a_only,regional
ssh,1.0,a_only,eliminate
ssh,1.0,a_only,milne
ssh,1.0,a_only,iverson
ssh,0.06666666666666667,b_only,wolves
ssh,0.6931216931216931,shared,latest
ssh,1.0,a_only,ld
ssh,0.2549019607843137,shared,talk
ssh,0.10726643598615918,b_only,austen
ssh,0.6931216931216931,shared,revived
ssh,0.8181818181818182,shared,invested
ssh,0.391304347826087,shared,visited
ssh,1.0,a_only,brands
ssh,0.3333333333333333,shared,speech
ssh,0.3333333333333333,shared,former
ssh,0.5841584158415841,shared,douglas
ssh,0.7112299465240641,shared,explains
ssh,0.09965635738831616,b_only,woke
ssh,1.0,a_only,explorers
ssh,0.6243654822335025,shared,hopping
ssh,1.0,a_only,aires
ssh,0.5920398009950248,shared,ambition
ssh,0.5165876777251185,shared,established
ssh,0.08843537414965986,b_only,manette
ssh,0.6243654822335025,shared,considerably
ssh,0.5533980582524272,shared,corpse
ssh,1.0,a_only,enigma
ssh,0.1267605633802817,b_only,leaped
ssh,1.0,a_only,scripture
ssh,0.10726643598615918,b_only,awake
ssh,0.1347517730496454,b_only,cooked
ssh,0.44144144144144143,shared,park
ssh,0.3008130081300813,shared,purpose
ssh,0.09965635738831616,b_only,thither
ssh,1.0,a_only,treaty
ssh,1.0,a_only,gide
ssh,0.09215017064846416,b_only,pigeon
ssh,0.7112299465240641,shared,masters
ssh,0.7204301075268817,shared,judges
ssh,0.7297297297297297,shared,offence
ssh,0.285140562248996,shared,idea
ssh,1.0,a_only,bus
ssh,0.45454545454545453,shared,september
ssh,0.3559322033898305,shared,condition
ssh,1.0,a_only,sweden
ssh,1.0,a_only,geometry
ssh,0.5841584158415841,shared,co
ssh,0.5165876777251185,shared,closely
ssh,1.0,a_only,radio
ssh,0.28,shared,yes
ssh,0.5238095238095238,shared,noon
ssh,0.32231404958677684,shared,which
ssh,1.0,a_only,indicate
ssh,0.6326530612244898,shared,confessed
ssh,1.0,a_only,funk
ssh,0.07744107744107744,b_only,canoe
ssh,1.0,a_only,oscar
ssh,0.7021276595744681,shared,crisis
ssh,0.7204301075268817,shared,violin
ssh,0.0738255033557047,b_only,cheer
ssh,0.09215017064846416,b_only,murmur
ssh,0.285140562248996,shared,men
ssh,0.3168724279835391,shared,move
ssh,0.7777777777777778,shared,wilderness
ssh,1.0,a_only,historical
ssh,1.0,a_only,esoteric
ssh,0.10344827586206896,b_only,sigh
ssh,0.5609756097560976,shared,dumb
ssh,0.7582417582417582,shared,accepting
ssh,0.7112299465240641,shared,biggest
ssh,1.0,a_only,decisive
ssh,0.4349775784753363,shared,tight
ssh,0.7391304347826086,shared,wars
ssh,0.7679558011049724,shared,cabinet
ssh,0.7582417582417582,shared,reform
ssh,0.797752808988764,shared,cargo
ssh,0.4222222222222222,shared,antoine
ssh,0.09965635738831616,b_only,mermaids
ssh,0.350210970464135,shared,excited
ssh,1.0,a_only,sqq
ssh,0.7582417582417582,shared,equipped
ssh,1.0,a_only,methane
ssh,0.3168724279835391,shared,three
ssh,0.3445378151260504,shared,fingers
ssh,1.0,a_only,files
ssh,0.2698412698412698,shared,it
ssh,1.0,a_only,crater
ssh,1.0,a_only,coalition
ssh,1.0,a_only,http
ssh,1.0,a_only,frederick
ssh,0.5920398009950248,shared,bills
ssh,0.6494845360824743,shared,bug
ssh,1.0,a_only,emigration
ssh,0.07744107744107744,b_only,couldn
ssh,1.0,a_only,township
ssh,1.0,a_only,koestler
ssh,0.07023411371237458,b_only,hearth
ssh,0.2698412698412698,shared,the
ssh,0.6,shared,elaborate
ssh,1.0,a_only,cloister
ssh,0.6494845360824743,shared,inhabited
ssh,0.6580310880829016,shared,vi
ssh,0.7486338797814208,shared,crowned
ssh,0.45454545454545453,shared,tie
ssh,0.0738255033557047,b_only,dinner
ssh,0.5023474178403756,shared,enjoyed
ssh,0.6326530612244898,shared,positively
ssh,0.7297297297297297,shared,dangers
ssh,0.09215017064846416,b_only,sich
ssh,0.7582417582417582,shared,restoring
ssh,0.6,shared,heroes
ssh,0.6931216931216931,shared,johnny
ssh,1.0,a_only,phylum
ssh,1.0,a_only,rv
ssh,1.0,a_only,adds
ssh,0.6842105263157895,shared,bleeding
ssh,1.0,a_only,transport
ssh,1.0,a_only,anatolia
ssh,0.3389121338912134,shared,reply
ssh,0.2903225806451613,shared,morning
ssh,1.0,a_only,automobiles
ssh,0.8181818181818182,shared,salvation
ssh,1.0,a_only,production
ssh,0.6842105263157895,shared,affect
ssh,0.39737991266375544,shared,consequence
ssh,0.5533980582524272,shared,x
ssh,0.45454545454545453,shared,concerned
ssh,0.6931216931216931,shared,requires
ssh,1.0,a_only,embedded
ssh,0.0738255033557047,b_only,peculiarly
ssh,1.0,a_only,israel
ssh,1.0,a_only,territories
ssh,0.2648221343873518,shared,anxious
ssh,0.4953271028037383,shared,centuries
ssh,1.0,a_only,spacecraft
ssh,1.0,a_only,allosaurus
ssh,1.0,a_only,represents
ssh,1.0,a_only,domain
ssh,1.0,a_only,theology
ssh,1.0,a_only,apostles
ssh,0.2648221343873518,shared,quick
ssh,0.8713450292397661,shared,ohio
ssh,0.7877094972067039,shared,mystic
ssh,0.5533980582524272,shared,absent
ssh,0.28,shared,still
ssh,0.6080402010050251,shared,intense
ssh,0.09215017064846416,b_only,climbed
ssh,0.6326530612244898,shared,ma
ssh,1.0,a_only,instrumental
ssh,0.28,shared,speaking
ssh,0.39737991266375544,shared,useful
ssh,0.10726643598615918,b_only,toil
ssh,0.7021276595744681,shared,aisles
ssh,0.6494845360824743,shared,lowered
ssh,0.3389121338912134,shared,result
ssh,1.0,a_only,gabriel
ssh,1.0,a_only,switch
ssh,1.0,a_only,senators
ssh,0.5920398009950248,shared,fourteen
ssh,0.30612244897959184,shared,mention
ssh,0.675392670157068,shared,offering
ssh,0.6666666666666666,shared,promising
ssh,0.5165876777251185,shared,official
ssh,0.5609756097560976,shared,massive
ssh,1.0,a_only,czech
ssh,0.7297297297297297,shared,discouraged
ssh,0.4883720930232558,shared,space
ssh,0.0958904109589041,b_only,impatiently
ssh,0.23076923076923078,shared,trouble
ssh,0.5165876777251185,shared,poetry
ssh,0.3114754098360656,shared,charles
ssh,1.0,a_only,dedicated
ssh,0.8181818181818182,shared,healing
ssh,1.0,a_only,parliament
ssh,1.0,a_only,identical
ssh,1.0,a_only,wins
ssh,0.47465437788018433,shared,drinking
ssh,0.3445378151260504,shared,devil
ssh,0.5841584158415841,shared,belongs
ssh,0.7679558011049724,shared,horsemen
ssh,1.0,a_only,euclidean
ssh,0.5458937198067633,shared,resting
ssh,0.5841584158415841,shared,shelf
ssh,1.0,a_only,norse
ssh,0.6666666666666666,shared,childhood
ssh,0.0958904109589041,b_only,churchyard
ssh,0.6931216931216931,shared,discoveries
ssh,0.6842105263157895,shared,attacks
ssh,0.7297297297297297,shared,imprisoned
ssh,0.4479638009049774,shared,stands
ssh,0.44144144144144143,shared,wanting
ssh,0.3793103448275862,shared,dance
ssh,1.0,a_only,historians
ssh,1.0,a_only,spain
ssh,1.0,a_only,orthodox
ssh,0.3852813852813853,shared,sooner
ssh,0.5763546798029556,shared,demanded
ssh,1.0,a_only,periodic
ssh,0.07023411371237458,b_only,sobbing
ssh,0.10344827586206896,b_only,trot
ssh,1.0,a_only,convention
ssh,1.0,a_only,terminated
ssh,1.0,a_only,equator
ssh,1.0,a_only,translations
ssh,0.09215017064846416,b_only,meryton
ssh,1.0,a_only,executive
ssh,0.6410256410256411,shared,government
ssh,0.6931216931216931,shared,unchanged
ssh,0.391304347826087,shared,effort
ssh,0.6666666666666666,shared,hitting
ssh,1.0,a_only,validity
ssh,0.7204301075268817,shared,fulfilled
ssh,0.3008130081300813,shared,or
ssh,0.6,shared,purposes
ssh,0.5384615384615384,shared,degrees
ssh,1.0,a_only,sebastian
ssh,1.0,a_only,plasma
ssh,1.0,a_only,aldrin
ssh,0.45454545454545453,shared,stern
ssh,0.7679558011049724,shared,disaster
ssh,1.0,a_only,postal
ssh,0.0847457627118644,b_only,lunatic
ssh,0.2903225806451613,shared,live
ssh,0.0738255033557047,b_only,wretched
ssh,1.0,a_only,baltic
ssh,0.3114754098360656,shared,sisters
ssh,0.7112299465240641,shared,tough
ssh,0.37339055793991416,shared,precious
ssh,0.3008130081300813,shared,thrown
ssh,0.6842105263157895,shared,embrace
ssh,1.0,a_only,wisconsin
ssh,1.0,a_only,sided
ssh,0.4479638009049774,shared,disappointed
ssh,1.0,a_only,assistive
ssh,1.0,a_only,georgia
ssh,0.1111111111111111,b_only,lunch
ssh,0.4349775784753363,shared,continue
ssh,0.5165876777251185,shared,torn
ssh,0.5533980582524272,shared,rolling
ssh,0.059602649006622516,b_only,bourgh
ssh,0.7877094972067039,shared,surveying
ssh,1.0,a_only,gesch
ssh,1.0,a_only,provinces
ssh,0.5384615384615384,shared,scandal
ssh,0.08108108108108109,b_only,fix
ssh,1.0,a_only,nazis
ssh,0.6,shared,conclusions
ssh,0.08108108108108109,b_only,whack
ssh,1.0,a_only,caligula
ssh,0.6326530612244898,shared,religion
ssh,1.0,a_only,dutch
ssh,0.6494845360824743,shared,founded
ssh,0.7021276595744681,shared,naked
ssh,0.3278008298755187,shared,promised
ssh,1.0,a_only,uke
ssh,0.3617021276595745,shared,conscious
ssh,0.07023411371237458,b_only,8
ssh,0.4222222222222222,shared,pistol
ssh,1.0,a_only,municipality
ssh,0.5023474178403756,shared,counted
ssh,1.0,a_only,despite
ssh,0.0847457627118644,b_only,hurriedly
ssh,0.0847457627118644,b_only,hertfordshire
ssh,1.0,a_only,sherman
ssh,1.0,a_only,successors
ssh,0.6243654822335025,shared,brief
ssh,1.0,a_only,immigrants
ssh,0.0958904109589041,b_only,goose
ssh,1.0,a_only,definition
ssh,1.0,a_only,drama
ssh,0.5238095238095238,shared,hopeless
ssh,0.5165876777251185,shared,nearest
ssh,1.0,a_only,astronauts
ssh,0.0847457627118644,b_only,hain
ssh,0.39737991266375544,shared,rain
ssh,0.3114754098360656,shared,common
ssh,1.0,a_only,values
ssh,1.0,a_only,alphabet
ssh,1.0,a_only,odysseus
ssh,0.3168724279835391,shared,without
ssh,1.0,a_only,benjamin
ssh,1.0,a_only,directory
ssh,0.0738255033557047,b_only,hugged
ssh,0.6842105263157895,shared,conqueror
ssh,0.10726643598615918,b_only,daring
ssh,0.5609756097560976,shared,purchase
ssh,1.0,a_only,portrayed
ssh,1.0,a_only,blocks
ssh,1.0,a_only,concrete
ssh,0.09965635738831616,b_only,2
ssh,0.07023411371237458,b_only,leviathan
ssh,1.0,a_only,gen
ssh,1.0,a_only,abortions
ssh,0.7582417582417582,shared,roger
ssh,0.44144144144144143,shared,hunt
ssh,1.0,a_only,essay
ssh,1.0,a_only,missions
ssh,0.285140562248996,shared,thoughts
ssh,0.08108108108108109,b_only,ingolstadt
ssh,0.6931216931216931,shared,disorder
ssh,1.0,a_only,shifted
ssh,0.6494845360824743,shared,section
ssh,0.10726643598615918,b_only,horrid
ssh,0.6,shared,robin
ssh,0.5533980582524272,shared,wooden
ssh,0.10344827586206896,b_only,willingly
ssh,0.8390804597701149,shared,entries
ssh,0.807909604519774,shared,treats
ssh,1.0,a_only,vogt
ssh,0.7582417582417582,shared,bureau
ssh,0.40969162995594716,shared,log
ssh,1.0,a_only,beta
ssh,1.0,a_only,awards
ssh,0.5311004784688995,shared,recognised
ssh,0.46788990825688076,shared,employed
ssh,1.0,a_only,bombing
ssh,0.5238095238095238,shared,farm
ssh,0.7391304347826086,shared,eloquence
ssh,1.0,a_only,budget
ssh,0.29554655870445345,shared,fortune
ssh,0.391304347826087,shared,clean
ssh,0.11498257839721254,b_only,shovel
ssh,1.0,a_only,arcade
ssh,1.0,a_only,confederacy
ssh,0.5023474178403756,shared,extended
ssh,1.0,a_only,burns
ssh,0.40969162995594716,shared,fields
ssh,1.0,a_only,hardware
ssh,0.5841584158415841,shared,attachment
ssh,0.5686274509803921,shared,sand
ssh,1.0,a_only,predecessors
ssh,0.7112299465240641,shared,depths
ssh,0.37339055793991416,shared,twelve
ssh,1.0,a_only,automobile
ssh,0.797752808988764,shared,satan
ssh,0.7021276595744681,shared,courses
ssh,0.3389121338912134,shared,secret
ssh,0.3617021276595745,shared,darkness
ssh,1.0,a_only,vesta
ssh,0.6842105263157895,shared,accuse
ssh,0.4953271028037383,shared,kin
ssh,1.0,a_only,featuring
ssh,1.0,a_only,arian
ssh,1.0,a_only,experimented
ssh,0.4479638009049774,shared,fellows
ssh,1.0,a_only,presidential
ssh,0.08108108108108109,b_only,tear
ssh,0.3333333333333333,shared,since
ssh,0.0847457627118644,b_only,leaned
ssh,0.3168724279835391,shared,alas
ssh,0.10344827586206896,b_only,jury
ssh,0.40350877192982454,shared,gun
ssh,0.5533980582524272,shared,type
ssh,0.48148148148148145,shared,ignorance
ssh,0.12280701754385964,b_only,pall
ssh,0.4479638009049774,shared,stuck
ssh,1.0,a_only,dreyfus
ssh,1.0,a_only,cooperation
ssh,0.7777777777777778,shared,transactions
ssh,1.0,a_only,journalist
ssh,1.0,a_only,amateurs
ssh,0.7204301075268817,shared,marvel
ssh,0.6326530612244898,shared,blade
ssh,0.2903225806451613,shared,become
ssh,0.5920398009950248,shared,shrugged
ssh,0.36752136752136755,shared,cases
ssh,0.5094339622641509,shared,receiving
ssh,0.3168724279835391,shared,white
ssh,0.08843537414965986,b_only,eyelids
ssh,1.0,a_only,manufacture
ssh,0.7391304347826086,shared,gaining
ssh,1.0,a_only,gasoline
ssh,0.3617021276595745,shared,song
ssh,0.3278008298755187,shared,game
ssh,1.0,a_only,pius
ssh,1.0,a_only,namibia
ssh,0.3008130081300813,shared,became
ssh,0.06666666666666667,b_only,fetched
ssh,1.0,a_only,supposedly
ssh,0.6842105263157895,shared,infant
ssh,1.0,a_only,lisa
ssh,0.5841584158415841,shared,slavery
ssh,0.2648221343873518,shared,easy
ssh,0.0847457627118644,b_only,holmwood
ssh,1.0,a_only,strategies
ssh,0.7582417582417582,shared,sticks
ssh,0.46788990825688076,shared,frame
ssh,0.39737991266375544,shared,main
ssh,0.5686274509803921,shared,protected
ssh,0.08843537414965986,b_only,sill
ssh,0.0958904109589041,b_only,intently
ssh,0.3389121338912134,shared,train
ssh,1.0,a_only,commerce
ssh,0.675392670157068,shared,merit
ssh,0.4953271028037383,shared,speed
ssh,0.2549019607843137,shared,seems
ssh,0.45454545454545453,shared,artist
ssh,0.7021276595744681,shared,wisdom
ssh,0.7297297297297297,shared,seats
ssh,0.5533980582524272,shared,sixteen
ssh,1.0,a_only,armenian
ssh,0.6842105263157895,shared,millions
ssh,0.7391304347826086,shared,fruits
ssh,1.0,a_only,canal
ssh,0.3389121338912134,shared,pride
ssh,0.06312292358803986,b_only,jug
ssh,0.8181818181818182,shared,fee
ssh,0.2549019607843137,shared,walking
ssh,0.7679558011049724,shared,anne
ssh,1.0,a_only,stages
ssh,0.5311004784688995,shared,characters
ssh,0.48148148148148145,shared,hell
ssh,0.0738255033557047,b_only,wretchedness
ssh,0.8390804597701149,shared,enraged
ssh,0.1111111111111111,b_only,wept
ssh,1.0,a_only,milan
ssh,0.7204301075268817,shared,blunt
ssh,1.0,a_only,measuring
ssh,1.0,a_only,cognitive
ssh,0.7297297297297297,shared,surgeon
ssh,0.4953271028037383,shared,strained
ssh,1.0,a_only,pro
ssh,0.7204301075268817,shared,rogers
ssh,0.6080402010050251,shared,sovereign
ssh,0.25,shared,told
ssh,0.5311004784688995,shared,replace
ssh,0.7582417582417582,shared,contracted
ssh,1.0,a_only,bishop
ssh,0.6,shared,release
ssh,1.0,a_only,phoenix
ssh,0.5384615384615384,shared,altered
ssh,1.0,a_only,cornwallis
ssh,0.3278008298755187,shared,before
ssh,0.25984251968503935,shared,put
ssh,0.7391304347826086,shared,daniel
ssh,1.0,a_only,sales
ssh,0.29554655870445345,shared,questions
ssh,0.5763546798029556,shared,claimed
ssh,0.0847457627118644,b_only,retorted
ssh,0.2648221343873518,shared,merely
ssh,1.0,a_only,europeans
ssh,0.7021276595744681,shared,corps
ssh,1.0,a_only,fuels
ssh,1.0,a_only,expeditions
ssh,0.3793103448275862,shared,events
ssh,0.391304347826087,shared,complete
ssh,0.08843537414965986,b_only,humpty
ssh,0.25,shared,care
ssh,0.25,shared,account
ssh,0.5609756097560976,shared,hut
ssh,1.0,a_only,expert
ssh,1.0,a_only,edmonton
ssh,0.6494845360824743,shared,million
ssh,0.4953271028037383,shared,cats
ssh,1.0,a_only,arithmetic
ssh,1.0,a_only,ambient
ssh,0.8285714285714286,shared,acres
ssh,0.3389121338912134,shared,arrived
ssh,0.29554655870445345,shared,might
ssh,1.0,a_only,profitable
ssh,0.40969162995594716,shared,size
ssh,0.1347517730496454,b_only,eagerness
ssh,0.4953271028037383,shared,criminal
ssh,0.5165876777251185,shared,spell
ssh,1.0,a_only,rulers
ssh,0.5238095238095238,shared,fascinating
ssh,1.0,a_only,commercially
ssh,1.0,a_only,statesman
ssh,1.0,a_only,assigned
ssh,1.0,a_only,tube
ssh,1.0,a_only,literally
ssh,0.6410256410256411,shared,purely
ssh,0.07023411371237458,b_only,commonplace
ssh,0.285140562248996,shared,clothes
ssh,0.6243654822335025,shared,identified
ssh,0.807909604519774,shared,posts
ssh,0.5533980582524272,shared,paint
ssh,0.5384615384615384,shared,travelled
ssh,0.1111111111111111,b_only,waiter
ssh,0.5609756097560976,shared,planned
ssh,0.36752136752136755,shared,year
ssh,0.7297297297297297,shared,garments
ssh,0.08108108108108109,b_only,openshaw
ssh,1.0,a_only,conformation
ssh,1.0,a_only,anno
ssh,0.2698412698412698,shared,spirits
ssh,0.30612244897959184,shared,real
ssh,0.09965635738831616,b_only,kitty
ssh,0.6243654822335025,shared,lighting
ssh,0.059602649006622516,b_only,lad
ssh,1.0,a_only,complexity
ssh,1.0,a_only,taoism
ssh,0.7297297297297297,shared,worshipped
ssh,0.7777777777777778,shared,tallest
ssh,0.30612244897959184,shared,cannot
ssh,0.2549019607843137,shared,ve
ssh,1.0,a_only,samoan
ssh,0.8181818181818182,shared,welfare
ssh,0.09965635738831616,b_only,smiles
ssh,0.08843537414965986,b_only,towel
ssh,0.09215017064846416,b_only,tumbrils
ssh,1.0,a_only,factors
ssh,0.5763546798029556,shared,witnesses
ssh,0.6842105263157895,shared,bohemia
ssh,1.0,a_only,rd
ssh,0.6243654822335025,shared,bush
ssh,1.0,a_only,albertus
ssh,0.2698412698412698,shared,person
ssh,0.2903225806451613,shared,drawing
ssh,1.0,a_only,oxidation
ssh,0.46788990825688076,shared,cool
ssh,1.0,a_only,nathaniel
ssh,0.2749003984063745,shared,seemed
ssh,0.36752136752136755,shared,these
ssh,0.3852813852813853,shared,breathing
ssh,0.7777777777777778,shared,appreciate
ssh,0.7204301075268817,shared,surveyed
ssh,0.1111111111111111,b_only,carriages
ssh,0.45454545454545453,shared,proof
ssh,0.0847457627118644,b_only,sadly
ssh,0.6,shared,behaved
ssh,0.675392670157068,shared,arisen
ssh,1.0,a_only,hydrocarbons
ssh,0.5609756097560976,shared,answering
ssh,0.5238095238095238,shared,happens
ssh,1.0,a_only,abram
ssh,0.6243654822335025,shared,entire
ssh,0.3114754098360656,shared,that
ssh,0.45454545454545453,shared,gets
ssh,0.056105610561056105,b_only,hastily
ssh,0.2648221343873518,shared,usual
ssh,1.0,a_only,lovelace
ssh,0.3114754098360656,shared,empty
ssh,0.350210970464135,shared,acquaintance
ssh,0.10344827586206896,b_only,searched
ssh,1.0,a_only,deities
ssh,0.3278008298755187,shared,hot
ssh,0.6326530612244898,shared,defence
ssh,0.7112299465240641,shared,descendants
ssh,0.6080402010050251,shared,fools
ssh,0.7582417582417582,shared,perseverance
ssh,0.675392670157068,shared,bears
ssh,0.059602649006622516,b_only,shrill
ssh,1.0,a_only,almonds
ssh,0.5686274509803921,shared,bowl
ssh,0.0738255033557047,b_only,audible
ssh,0.08843537414965986,b_only,cruelty
ssh,0.32231404958677684,shared,party
ssh,0.4479638009049774,shared,similar
ssh,1.0,a_only,romans
ssh,1.0,a_only,legislative
ssh,1.0,a_only,poems
ssh,0.7297297297297297,shared,fitting
ssh,0.7777777777777778,shared,perfection
ssh,1.0,a_only,congressional
ssh,0.6842105263157895,shared,fragment
ssh,0.6243654822335025,shared,hero
ssh,1.0,a_only,behaviors
ssh,0.7204301075268817,shared,ward
ssh,0.4611872146118721,shared,rank
ssh,1.0,a_only,functional
ssh,0.5384615384615384,shared,guilty
ssh,1.0,a_only,define
ssh,0.4953271028037383,shared,holy
ssh,1.0,a_only,utopian
ssh,1.0,a_only,au
ssh,0.0958904109589041,b_only,hesitation
ssh,0.45454545454545453,shared,efforts
ssh,0.6842105263157895,shared,problems
ssh,1.0,a_only,corresponding
ssh,0.5384615384615384,shared,cairo
ssh,0.391304347826087,shared,removed
ssh,1.0,a_only,crossroads
ssh,0.36752136752136755,shared,grand
ssh,0.08108108108108109,b_only,ghastly
ssh,0.47465437788018433,shared,leaning
ssh,0.5609756097560976,shared,uncommon
ssh,1.0,a_only,korzybski
ssh,0.40350877192982454,shared,senses
ssh,0.8181818181818182,shared,conductor
ssh,0.6161616161616161,shared,conceived
ssh,1.0,a_only,symbolic
ssh,0.2698412698412698,shared,act
ssh,0.6842105263157895,shared,williams
ssh,1.0,a_only,acta
ssh,0.6080402010050251,shared,illness
ssh,0.8390804597701149,shared,spectral
ssh,0.40350877192982454,shared,report
ssh,0.39737991266375544,shared,thanks
ssh,1.0,a_only,vocals
ssh,0.4883720930232558,shared,hated
ssh,0.39737991266375544,shared,loose
ssh,0.10726643598615918,b_only,theirs
ssh,1.0,a_only,ada
ssh,1.0,a_only,sections
ssh,1.0,a_only,processes
ssh,0.11888111888111888,b_only,advise
ssh,1.0,a_only,respond
ssh,0.07744107744107744,b_only,redskins
ssh,1.0,a_only,rural
ssh,0.32231404958677684,shared,gently
ssh,1.0,a_only,princeton
ssh,0.5841584158415841,shared,unusual
ssh,1.0,a_only,publishing
ssh,0.0847457627118644,b_only,recollected
ssh,0.0738255033557047,b_only,beautifully
ssh,0.285140562248996,shared,dressed
ssh,0.7297297297297297,shared,handing
ssh,1.0,a_only,brandenburg
ssh,0.3559322033898305,shared,thinks
ssh,1.0,a_only,cited
ssh,1.0,a_only,pamphlet
ssh,1.0,a_only,seq
ssh,0.3793103448275862,shared,lately
ssh,0.10726643598615918,b_only,haggard
ssh,0.42857142857142855,shared,grace
ssh,0.5609756097560976,shared,data
ssh,0.059602649006622516,b_only,raft
ssh,0.5023474178403756,shared,november
ssh,0.3008130081300813,shared,beautiful
ssh,1.0,a_only,objectivist
ssh,0.3168724279835391,shared,chair
ssh,0.6326530612244898,shared,pipes
ssh,0.12280701754385964,b_only,pains
ssh,1.0,a_only,allied
ssh,1.0,a_only,allows
ssh,0.28,shared,whole
ssh,1.0,a_only,helicopter
ssh,1.0,a_only,hector
ssh,0.6326530612244898,shared,pigs
ssh,0.39737991266375544,shared,midnight
ssh,0.06312292358803986,b_only,lucy
ssh,1.0,a_only,variant
ssh,1.0,a_only,infantry
ssh,0.675392670157068,shared,picturesque
ssh,0.6,shared,assistant
ssh,0.3114754098360656,shared,receive
ssh,0.40969162995594716,shared,ruin
ssh,1.0,a_only,reactive
ssh,0.5311004784688995,shared,title
ssh,1.0,a_only,ron
ssh,0.11888111888111888,b_only,unjust
ssh,1.0,a_only,philip
ssh,1.0,a_only,monthly
ssh,0.09215017064846416,b_only,crept
ssh,1.0,a_only,cf
ssh,1.0,a_only,hercule
ssh,0.6410256410256411,shared,operations
ssh,0.09965635738831616,b_only,blows
ssh,0.7777777777777778,shared,consequent
ssh,0.3389121338912134,shared,consider
ssh,0.6494845360824743,shared,acts
ssh,0.3333333333333333,shared,plain
ssh,0.09215017064846416,b_only,wretch
ssh,1.0,a_only,examples
ssh,0.32231404958677684,shared,short
ssh,0.5023474178403756,shared,wrapped
ssh,1.0,a_only,dan
ssh,0.09215017064846416,b_only,whither
ssh,1.0,a_only,dependency
ssh,0.7486338797814208,shared,games
ssh,1.0,a_only,princes
ssh,0.415929203539823,shared,closing
ssh,1.0,a_only,releases
ssh,0.4222222222222222,shared,attack
ssh,0.4222222222222222,shared,rabbit
ssh,0.2903225806451613,shared,remained
ssh,0.40350877192982454,shared,bow
ssh,0.7297297297297297,shared,lungs
ssh,0.6931216931216931,shared,inch
ssh,0.0847457627118644,b_only,draught
ssh,0.6580310880829016,shared,bloody
ssh,0.0847457627118644,b_only,uneasy
ssh,0.6161616161616161,shared,articles
ssh,0.42857142857142855,shared,centre
ssh,1.0,a_only,chadic
ssh,1.0,a_only,frac
ssh,0.45454545454545453,shared,dancing
ssh,0.7204301075268817,shared,collapse
ssh,0.5384615384615384,shared,beaten
ssh,0.7877094972067039,shared,celestial
ssh,0.09215017064846416,b_only,crawled
ssh,1.0,a_only,broadly
ssh,0.08843537414965986,b_only,mustn
ssh,1.0,a_only,broadcast
ssh,1.0,a_only,reduction
ssh,1.0,a_only,boundaries
ssh,0.6842105263157895,shared,stature
ssh,0.3559322033898305,shared,number
ssh,0.3389121338912134,shared,girl
ssh,0.7679558011049724,shared,erected
ssh,1.0,a_only,rivalry
ssh,0.7112299465240641,shared,inscriptions
ssh,0.3445378151260504,shared,paris
ssh,0.5094339622641509,shared,wings
ssh,0.7112299465240641,shared,twentieth
ssh,1.0,a_only,lateral
ssh,0.8285714285714286,shared,acid
ssh,0.7297297297297297,shared,invariably
ssh,0.30612244897959184,shared,terror
ssh,1.0,a_only,biology
ssh,0.5841584158415841,shared,smaller
ssh,0.5533980582524272,shared,bacon
ssh,0.6580310880829016,shared,logical
ssh,0.42857142857142855,shared,arranged
ssh,0.3168724279835391,shared,would
ssh,0.2648221343873518,shared,ought
ssh,0.0738255033557047,b_only,pencil
ssh,0.7777777777777778,shared,balanced
ssh,0.2549019607843137,shared,latter
ssh,1.0,a_only,module
ssh,0.6931216931216931,shared,refined
ssh,0.2648221343873518,shared,church
ssh,0.3852813852813853,shared,gradually
ssh,0.47465437788018433,shared,eleven
ssh,1.0,a_only,comic
ssh,1.0,a_only,declares
ssh,1.0,a_only,mathematical
ssh,0.7777777777777778,shared,imitation
ssh,1.0,a_only,tsar
ssh,0.7877094972067039,shared,proportions
ssh,1.0,a_only,saturn
ssh,0.5920398009950248,shared,dates
ssh,0.5763546798029556,shared,seventeen
ssh,1.0,a_only,trophy
ssh,0.0847457627118644,b_only,pleasantly
ssh,0.08843537414965986,b_only,brightly
ssh,0.5609756097560976,shared,gas
ssh,1.0,a_only,marie
ssh,0.4222222222222222,shared,race
ssh,0.6080402010050251,shared,blank
ssh,0.37339055793991416,shared,difference
ssh,0.7297297297297297,shared,travellers
ssh,0.6666666666666666,shared,patriots
ssh,0.36752136752136755,shared,strength
ssh,1.0,a_only,discipline
ssh,0.059602649006622516,b_only,cly
ssh,0.5458937198067633,shared,contrast
ssh,0.391304347826087,shared,soldiers
ssh,0.6580310880829016,shared,similarly
ssh,1.0,a_only,online
ssh,0.10344827586206896,b_only,touching
ssh,1.0,a_only,veterans
ssh,0.7877094972067039,shared,beneficial
ssh,0.46788990825688076,shared,enemies
ssh,1.0,a_only,universities
ssh,0.2903225806451613,shared,slept
ssh,0.797752808988764,shared,lions
ssh,1.0,a_only,judaism
ssh,1.0,a_only,versus
ssh,0.5609756097560976,shared,possess
ssh,0.6,shared,shared
ssh,1.0,a_only,align
ssh,1.0,a_only,benny
ssh,0.6580310880829016,shared,dollar
ssh,0.09965635738831616,b_only,lest
ssh,0.2698412698412698,shared,my
ssh,0.09965635738831616,b_only,bestow
ssh,1.0,a_only,symmetry
ssh,0.37339055793991416,shared,equal
ssh,0.2749003984063745,shared,already
ssh,0.7112299465240641,shared,observer
ssh,0.45454545454545453,shared,actress
ssh,0.2648221343873518,shared,likely
ssh,0.07744107744107744,b_only,clasped
ssh,1.0,a_only,teams
ssh,1.0,a_only,variations
ssh,1.0,a_only,ph
ssh,1.0,a_only,schuschnigg
ssh,0.09215017064846416,b_only,scent
ssh,0.675392670157068,shared,collect
ssh,1.0,a_only,bacteria
ssh,0.36752136752136755,shared,choose
ssh,0.5920398009950248,shared,imaginary
ssh,0.29554655870445345,shared,day
ssh,0.6326530612244898,shared,universal
ssh,1.0,a_only,mikhail
ssh,0.5311004784688995,shared,ho
ssh,0.4349775784753363,shared,delicacy
ssh,1.0,a_only,legally
ssh,0.2749003984063745,shared,followed
ssh,1.0,a_only,palmer
ssh,0.10344827586206896,b_only,charming
ssh,0.7021276595744681,shared,xv
ssh,0.06666666666666667,b_only,praying
ssh,0.5533980582524272,shared,hunter
ssh,0.2749003984063745,shared,minute
ssh,0.10344827586206896,b_only,harker
ssh,0.6161616161616161,shared,recently
ssh,0.0738255033557047,b_only,shire
ssh,0.6580310880829016,shared,magic
ssh,0.807909604519774,shared,gateway
ssh,1.0,a_only,decrease
ssh,0.6931216931216931,shared,deaf
ssh,0.6666666666666666,shared,exception
ssh,0.29554655870445345,shared,ask
ssh,0.7297297297297297,shared,survey
ssh,0.5920398009950248,shared,alley
ssh,0.42857142857142855,shared,building
ssh,0.3559322033898305,shared,weather
ssh,0.6326530612244898,shared,weeds
ssh,0.7877094972067039,shared,notable
ssh,0.5609756097560976,shared,west
ssh,0.5533980582524272,shared,monday
ssh,0.10726643598615918,b_only,boscombe
ssh,0.4222222222222222,shared,higher
ssh,0.807909604519774,shared,alert
ssh,0.797752808988764,shared,tips
ssh,0.30612244897959184,shared,those
ssh,0.5686274509803921,shared,quality
ssh,0.6161616161616161,shared,healthy
ssh,1.0,a_only,ernst
ssh,0.7877094972067039,shared,encyclop
ssh,1.0,a_only,appropriate
ssh,0.6161616161616161,shared,delayed
ssh,0.7679558011049724,shared,wrath
ssh,1.0,a_only,hrer
ssh,0.6842105263157895,shared,degradation
ssh,0.47465437788018433,shared,compared
ssh,0.7877094972067039,shared,speeches
ssh,1.0,a_only,unemployment
ssh,0.3559322033898305,shared,low
ssh,1.0,a_only,ak
ssh,0.32231404958677684,shared,bad
ssh,1.0,a_only,swiss
ssh,0.10726643598615918,b_only,roused
ssh,1.0,a_only,africans
ssh,0.7112299465240641,shared,pious
ssh,1.0,a_only,lucius
ssh,0.11888111888111888,b_only,pierced
ssh,0.2549019607843137,shared,taken
ssh,1.0,a_only,apostolic
ssh,1.0,a_only,cable
ssh,0.6580310880829016,shared,gods
ssh,0.44144144144144143,shared,created
ssh,1.0,a_only,gear
ssh,0.7582417582417582,shared,stretching
ssh,0.797752808988764,shared,enduring
ssh,1.0,a_only,respectively
ssh,1.0,a_only,qutb
ssh,0.08843537414965986,b_only,defarge
ssh,0.07023411371237458,b_only,gardiner
ssh,1.0,a_only,candidate
ssh,0.5533980582524272,shared,presents
ssh,0.09965635738831616,b_only,superintendent
ssh,0.797752808988764,shared,officials
ssh,0.3008130081300813,shared,was
ssh,1.0,a_only,aristotelian
ssh,0.0958904109589041,b_only,shan
ssh,0.6,shared,admired
ssh,0.7391304347826086,shared,warmer
ssh,1.0,a_only,employees
ssh,1.0,a_only,progression
ssh,1.0,a_only,sexually
ssh,0.6931216931216931,shared,terrace
ssh,0.7112299465240641,shared,version
ssh,0.6410256410256411,shared,fearing
ssh,0.6161616161616161,shared,wing
ssh,0.6243654822335025,shared,scratch
ssh,0.5841584158415841,shared,ride
ssh,1.0,a_only,cambodia
ssh,0.3445378151260504,shared,deeply
ssh,0.6,shared,region
ssh,1.0,a_only,maintain
ssh,1.0,a_only,furthermore
ssh,1.0,a_only,alpacas
ssh,0.2903225806451613,shared,he
ssh,0.30612244897959184,shared,perhaps
ssh,1.0,a_only,video
ssh,0.7112299465240641,shared,returns
ssh,0.5094339622641509,shared,impulse
ssh,1.0,a_only,revision
ssh,0.29554655870445345,shared,do
ssh,0.7297297297297297,shared,closest
ssh,0.3114754098360656,shared,interest
ssh,0.5094339622641509,shared,persuade
ssh,0.6161616161616161,shared,banking
ssh,0.3278008298755187,shared,beginning
ssh,0.7112299465240641,shared,granted
ssh,0.7582417582417582,shared,premature
ssh,0.36752136752136755,shared,touch
ssh,0.5023474178403756,shared,seas
ssh,0.675392670157068,shared,reaction
ssh,0.285140562248996,shared,women
ssh,1.0,a_only,spear
ssh,0.3008130081300813,shared,times
ssh,0.6,shared,embraced
ssh,1.0,a_only,aq
ssh,0.7679558011049724,shared,paul
ssh,1.0,a_only,archaea
ssh,1.0,a_only,afghanistan
ssh,0.675392670157068,shared,badly
ssh,0.5920398009950248,shared,pursue
ssh,0.6842105263157895,shared,warnings
ssh,1.0,a_only,legend
ssh,0.6842105263157895,shared,isolated
ssh,1.0,a_only,napoleon
ssh,0.6243654822335025,shared,proposals
ssh,1.0,a_only,equilibrium
ssh,0.10344827586206896,b_only,cussing
ssh,0.6161616161616161,shared,gates
ssh,1.0,a_only,kay
ssh,0.47465437788018433,shared,fill
ssh,0.07744107744107744,b_only,haired
ssh,0.5458937198067633,shared,crew
ssh,0.5458937198067633,shared,absurd
ssh,1.0,a_only,huns
ssh,0.13074204946996468,b_only,streak
ssh,0.4611872146118721,shared,mountains
ssh,0.08108108108108109,b_only,cries
ssh,0.40969162995594716,shared,ends
ssh,0.5533980582524272,shared,rob
ssh,0.08843537414965986,b_only,entreaty
ssh,0.2698412698412698,shared,hear
ssh,1.0,a_only,overthrow
ssh,0.44144144144144143,shared,ideas
ssh,0.5458937198067633,shared,recent
ssh,1.0,a_only,oliver
ssh,0.04918032786885246,b_only,politely
ssh,0.675392670157068,shared,nobles
ssh,1.0,a_only,reich
ssh,1.0,a_only,alcohol
ssh,0.08843537414965986,b_only,ling
ssh,0.1111111111111111,b_only,narborough
ssh,0.11498257839721254,b_only,comprehend
ssh,0.7486338797814208,shared,lasting
ssh,1.0,a_only,linguistics
ssh,1.0,a_only,arc
ssh,0.7112299465240641,shared,stephen
ssh,1.0,a_only,spartan
ssh,1.0,a_only,rifles
ssh,0.10344827586206896,b_only,exquisite
ssh,1.0,a_only,fauna
ssh,0.6842105263157895,shared,sheltered
ssh,1.0,a_only,radar
ssh,1.0,a_only,audiogalaxy
ssh,1.0,a_only,highlands
ssh,0.09965635738831616,b_only,foulon
ssh,0.6161616161616161,shared,complied
ssh,1.0,a_only,connecticut
ssh,0.2698412698412698,shared,did
ssh,0.3852813852813853,shared,hare
ssh,1.0,a_only,symmetric
ssh,0.7877094972067039,shared,lectures
ssh,0.36752136752136755,shared,bag
ssh,0.0958904109589041,b_only,wink
ssh,0.3333333333333333,shared,adventure
ssh,1.0,a_only,crystal
ssh,0.797752808988764,shared,ascent
ssh,0.059602649006622516,b_only,walrus
ssh,0.4953271028037383,shared,series
ssh,0.08843537414965986,b_only,groan
ssh,0.7297297297297297,shared,incomplete
ssh,0.0738255033557047,b_only,fence
ssh,0.4883720930232558,shared,emerged
ssh,1.0,a_only,capitalist
ssh,1.0,a_only,radioactive
ssh,0.6666666666666666,shared,chances
ssh,0.10344827586206896,b_only,hallward
ssh,1.0,a_only,communicating
ssh,1.0,a_only,santa
ssh,0.285140562248996,shared,rather
ssh,0.675392670157068,shared,mainland
ssh,0.675392670157068,shared,sliding
ssh,0.10726643598615918,b_only,likeness
ssh,0.3445378151260504,shared,prison
ssh,1.0,a_only,penguin
ssh,0.675392670157068,shared,casting
ssh,0.5094339622641509,shared,confusion
ssh,0.6,shared,opera
ssh,1.0,a_only,fertilizer
ssh,0.6,shared,measures
ssh,0.5384615384615384,shared,consciousness
ssh,1.0,a_only,cia
ssh,0.11498257839721254,b_only,prayed
ssh,0.4479638009049774,shared,credit
ssh,1.0,a_only,agencies
ssh,0.5686274509803921,shared,owe
ssh,0.2549019607843137,shared,nobody
ssh,1.0,a_only,rc
ssh,1.0,a_only,metro
ssh,0.07744107744107744,b_only,cheeks
ssh,0.5458937198067633,shared,executed
ssh,1.0,a_only,dimensions
ssh,1.0,a_only,qquad
ssh,1.0,a_only,accessible
ssh,1.0,a_only,alamanni
ssh,0.07023411371237458,b_only,entreated
ssh,0.807909604519774,shared,ancestors
ssh,0.5238095238095238,shared,whoever
ssh,0.5094339622641509,shared,wolf
ssh,0.5533980582524272,shared,meanwhile
ssh,1.0,a_only,billion
ssh,0.07023411371237458,b_only,7
ssh,1.0,a_only,bomb
ssh,0.10344827586206896,b_only,darling
ssh,0.09215017064846416,b_only,pardon
ssh,0.7112299465240641,shared,chapel
ssh,0.7679558011049724,shared,addison
ssh,0.7391304347826086,shared,exile
ssh,0.7486338797814208,shared,transparent
ssh,0.08108108108108109,b_only,snatched
ssh,1.0,a_only,tissue
ssh,0.3333333333333333,shared,sky
ssh,0.30612244897959184,shared,hope
ssh,0.6161616161616161,shared,salt
ssh,0.6666666666666666,shared,detective
ssh,0.6494845360824743,shared,accent
ssh,0.245136186770428,shared,wish
ssh,0.6161616161616161,shared,records
ssh,1.0,a_only,mobile
ssh,0.5094339622641509,shared,easier
ssh,1.0,a_only,applet
ssh,0.7582417582417582,shared,random
ssh,1.0,a_only,nh
ssh,1.0,a_only,discussing
ssh,0.23552123552123552,shared,little
ssh,0.45454545454545453,shared,instrument
ssh,0.3617021276595745,shared,hoped
ssh,0.5311004784688995,shared,addition
ssh,0.7391304347826086,shared,washington
ssh,0.6161616161616161,shared,recommended
ssh,0.3278008298755187,shared,doing
ssh,0.5763546798029556,shared,flesh
ssh,1.0,a_only,delegates
ssh,0.09215017064846416,b_only,alteration
ssh,1.0,a_only,manual
ssh,1.0,a_only,indonesia
ssh,1.0,a_only,hypothesis
ssh,1.0,a_only,jo
ssh,1.0,a_only,unity
ssh,0.08108108108108109,b_only,bitterness
ssh,1.0,a_only,receives
ssh,0.6842105263157895,shared,external
ssh,0.285140562248996,shared,behind
ssh,0.6842105263157895,shared,mar
ssh,0.06666666666666667,b_only,nails
ssh,0.30612244897959184,shared,lie
ssh,1.0,a_only,heinrich
ssh,0.2903225806451613,shared,knows
ssh,0.5023474178403756,shared,practical
ssh,1.0,a_only,contributing
ssh,1.0,a_only,anconia
ssh,1.0,a_only,patented
ssh,0.08843537414965986,b_only,shout
ssh,1.0,a_only,dict
ssh,0.7486338797814208,shared,convenience
ssh,1.0,a_only,academy
ssh,0.8285714285714286,shared,plant
ssh,1.0,a_only,rifle
ssh,0.807909604519774,shared,res
ssh,0.46788990825688076,shared,seeking
ssh,0.7204301075268817,shared,viewed
ssh,1.0,a_only,tiberius
ssh,0.4479638009049774,shared,emotion
ssh,0.7877094972067039,shared,mirrors
ssh,0.5023474178403756,shared,waters
ssh,0.7582417582417582,shared,transformed
ssh,1.0,a_only,colspan
ssh,0.6,shared,sport
ssh,0.7582417582417582,shared,junior
ssh,0.5920398009950248,shared,visits
ssh,1.0,a_only,agni
ssh,0.40969162995594716,shared,cabin
ssh,0.6326530612244898,shared,pig
ssh,0.8181818181818182,shared,frogs
ssh,1.0,a_only,conservatives
ssh,0.3114754098360656,shared,widow
ssh,1.0,a_only,bering
ssh,0.2648221343873518,shared,longer
ssh,0.0738255033557047,b_only,fitzwilliam
ssh,0.0958904109589041,b_only,lemme
ssh,0.11498257839721254,b_only,starkey
ssh,0.08108108108108109,b_only,madness
ssh,0.6,shared,holds
ssh,0.45454545454545453,shared,method
ssh,1.0,a_only,chlorine
ssh,0.48148148148148145,shared,page
ssh,1.0,a_only,portuguese
ssh,0.09215017064846416,b_only,neighbour
ssh,0.5165876777251185,shared,asylum
ssh,0.7486338797814208,shared,completion
ssh,0.09215017064846416,b_only,countenance
ssh,0.797752808988764,shared,bind
ssh,0.3852813852813853,shared,eight
ssh,0.07744107744107744,b_only,ardour
ssh,0.7021276595744681,shared,sailed
ssh,1.0,a_only,tasmania
ssh,0.7204301075268817,shared,inscription
ssh,0.6494845360824743,shared,bolt
ssh,0.47465437788018433,shared,thomas
ssh,0.2749003984063745,shared,finished
ssh,0.6410256410256411,shared,allusion
ssh,0.5686274509803921,shared,reduced
ssh,1.0,a_only,debates
ssh,0.23552123552123552,shared,every
ssh,1.0,a_only,larry
ssh,0.09215017064846416,b_only,glow
ssh,0.6326530612244898,shared,secured
ssh,0.2903225806451613,shared,felt
ssh,0.5763546798029556,shared,recognized
ssh,1.0,a_only,inflation
ssh,1.0,a_only,norm
ssh,1.0,a_only,distances
ssh,0.3793103448275862,shared,funeral
ssh,0.6410256410256411,shared,po
ssh,0.0958904109589041,b_only,paw
ssh,1.0,a_only,walter
ssh,0.1111111111111111,b_only,underneath
ssh,0.10344827586206896,b_only,faint
ssh,0.6326530612244898,shared,valued
ssh,1.0,a_only,campaigns
ssh,0.08108108108108109,b_only,misery
ssh,1.0,a_only,contest
ssh,1.0,a_only,eddie
ssh,0.3559322033898305,shared,suffered
ssh,0.6080402010050251,shared,vision
ssh,1.0,a_only,resort
ssh,0.0847457627118644,b_only,exeter
ssh,1.0,a_only,arguably
ssh,1.0,a_only,disc
ssh,0.09215017064846416,b_only,glad
ssh,0.3389121338912134,shared,woods
ssh,1.0,a_only,orwell
ssh,1.0,a_only,frankish
ssh,0.7777777777777778,shared,signals
ssh,1.0,a_only,iraqi
ssh,1.0,a_only,bakunin
ssh,1.0,a_only,typically
ssh,0.6080402010050251,shared,ships
ssh,1.0,a_only,alloy
ssh,0.7582417582417582,shared,abuse
ssh,0.06666666666666667,b_only,tempest
ssh,0.8713450292397661,shared,creek
ssh,1.0,a_only,machinery
ssh,0.3617021276595745,shared,kindly
ssh,0.6243654822335025,shared,physical
ssh,0.2648221343873518,shared,into
ssh,0.5384615384615384,shared,star
ssh,0.3852813852813853,shared,spot
ssh,0.4479638009049774,shared,begins
ssh,0.09215017064846416,b_only,drank
ssh,1.0,a_only,marcus
ssh,0.6326530612244898,shared,difficulties
ssh,0.3008130081300813,shared,bear
ssh,0.11498257839721254,b_only,philips
ssh,0.09215017064846416,b_only,swinging
ssh,0.6243654822335025,shared,shooting
ssh,0.5533980582524272,shared,victory
ssh,0.32231404958677684,shared,position
ssh,1.0,a_only,reprinted
ssh,0.6494845360824743,shared,reader
ssh,0.4883720930232558,shared,active
ssh,0.7204301075268817,shared,producing
ssh,0.6931216931216931,shared,adjoining
ssh,0.6842105263157895,shared,nowadays
ssh,1.0,a_only,suburb
ssh,0.1267605633802817,b_only,governess
ssh,0.07744107744107744,b_only,auntie
ssh,1.0,a_only,competitive
ssh,1.0,a_only,irregular
ssh,1.0,a_only,capitalists
ssh,0.4611872146118721,shared,fever
ssh,0.2903225806451613,shared,clock
ssh,0.10344827586206896,b_only,laughter
ssh,0.06666666666666667,b_only,pie
ssh,0.6666666666666666,shared,indicated
ssh,0.8181818181818182,shared,traded
ssh,1.0,a_only,scientists
ssh,0.08108108108108109,b_only,dreamed
ssh,1.0,a_only,telecommunications
ssh,1.0,a_only,surveys
ssh,1.0,a_only,centers
ssh,1.0,a_only,explored
ssh,1.0,a_only,bayer
ssh,0.7204301075268817,shared,instruction
ssh,0.5920398009950248,shared,approve
ssh,1.0,a_only,georg
ssh,0.5384615384615384,shared,furniture
ssh,0.5686274509803921,shared,license
ssh,1.0,a_only,supplies
ssh,0.391304347826087,shared,suffering
ssh,0.0958904109589041,b_only,ours
ssh,0.32231404958677684,shared,carry
ssh,0.3008130081300813,shared,em
ssh,1.0,a_only,typical
ssh,0.5686274509803921,shared,holes
ssh,0.11498257839721254,b_only,whitby
ssh,0.0958904109589041,b_only,darted
ssh,1.0,a_only,brotherhood
ssh,0.285140562248996,shared,next
ssh,0.8390804597701149,shared,bah
ssh,0.30612244897959184,shared,follow
ssh,0.6,shared,trick
ssh,0.5920398009950248,shared,print
ssh,0.44144144144144143,shared,butter
ssh,0.7582417582417582,shared,dependence
ssh,0.7297297297297297,shared,denying
ssh,0.08843537414965986,b_only,cellar
ssh,0.32231404958677684,shared,slow
ssh,0.7486338797814208,shared,inspire
ssh,0.08108108108108109,b_only,looky
ssh,1.0,a_only,decades
ssh,1.0,a_only,albania
ssh,1.0,a_only,coupled
ssh,1.0,a_only,industries
ssh,0.2749003984063745,shared,clear
ssh,1.0,a_only,equivalent
ssh,1.0,a_only,apocrypha
ssh,1.0,a_only,promoted
ssh,0.6243654822335025,shared,superstition
ssh,0.8285714285714286,shared,horns
ssh,1.0,a_only,monasteries
ssh,1.0,a_only,formally
ssh,0.285140562248996,shared,continued
ssh,0.25984251968503935,shared,wrong
ssh,1.0,a_only,albedo
ssh,1.0,a_only,powered
ssh,0.48148148148148145,shared,restored
ssh,0.0958904109589041,b_only,wonderfully
ssh,0.07023411371237458,b_only,funny
ssh,0.11498257839721254,b_only,firmness
ssh,0.0738255033557047,b_only,nervously
ssh,0.5609756097560976,shared,sharply
ssh,0.5165876777251185,shared,freely
ssh,1.0,a_only,ruling
ssh,0.42857142857142855,shared,marks
ssh,1.0,a_only,mammals
ssh,0.2749003984063745,shared,bright
ssh,0.7021276595744681,shared,responded
ssh,0.11498257839721254,b_only,sings
ssh,0.5094339622641509,shared,sixty
ssh,0.1111111111111111,b_only,lestrade
ssh,0.5094339622641509,shared,selfish
ssh,1.0,a_only,naming
ssh,1.0,a_only,politicians
ssh,0.37339055793991416,shared,island
ssh,0.7582417582417582,shared,limits
ssh,1.0,a_only,disability
ssh,0.7486338797814208,shared,prevalent
ssh,0.08108108108108109,b_only,doomed
ssh,0.7297297297297297,shared,associate
ssh,1.0,a_only,nuclear
ssh,0.13074204946996468,b_only,thoughtfully
ssh,1.0,a_only,phi
ssh,0.44144144144144143,shared,row
ssh,0.285140562248996,shared,evil
ssh,0.09965635738831616,b_only,affectionate
ssh,1.0,a_only,octavian
ssh,0.7486338797814208,shared,spider
ssh,0.7112299465240641,shared,paradise
ssh,0.29554655870445345,shared,fly
ssh,0.7391304347826086,shared,gifts
ssh,1.0,a_only,compounds
ssh,0.3852813852813853,shared,lights
ssh,1.0,a_only,railroad
ssh,0.47465437788018433,shared,wounded
ssh,0.6243654822335025,shared,threat
ssh,0.6410256410256411,shared,pattern
ssh,0.12280701754385964,b_only,carelessly
ssh,0.7777777777777778,shared,jet
ssh,0.6243654822335025,shared,interests
ssh,1.0,a_only,prohibited
ssh,0.07744107744107744,b_only,smile
ssh,1.0,a_only,musician
ssh,0.5533980582524272,shared,tiger
ssh,1.0,a_only,saudi
ssh,0.5094339622641509,shared,experienced
ssh,0.07744107744107744,b_only,fearful
ssh,0.7679558011049724,shared,regards
ssh,1.0,a_only,shuttle
ssh,0.6,shared,waist
ssh,1.0,a_only,athena
ssh,0.3559322033898305,shared,familiar
ssh,0.5023474178403756,shared,assisted
ssh,0.3389121338912134,shared,them
ssh,0.3278008298755187,shared,mere
ssh,0.7391304347826086,shared,failing
ssh,1.0,a_only,comprehensive
ssh,0.7204301075268817,shared,notwithstanding
ssh,1.0,a_only,denote
ssh,0.3008130081300813,shared,must
ssh,1.0,a_only,integer
ssh,0.6410256410256411,shared,hailed
ssh,1.0,a_only,armstrong
ssh,0.675392670157068,shared,dialogue
ssh,1.0,a_only,gamma
ssh,0.40350877192982454,shared,exceedingly
ssh,1.0,a_only,catholic
ssh,0.7582417582417582,shared,pitch
ssh,0.08843537414965986,b_only,roylott
ssh,1.0,a_only,asperger
ssh,0.3389121338912134,shared,hearing
ssh,1.0,a_only,bibliography
ssh,0.29554655870445345,shared,determined
ssh,1.0,a_only,volumes
ssh,1.0,a_only,manufacturing
ssh,0.7679558011049724,shared,struggles
ssh,1.0,a_only,celtic
ssh,1.0,a_only,computational
ssh,0.1111111111111111,b_only,recollection
ssh,0.1267605633802817,b_only,disagreeable
ssh,0.09215017064846416,b_only,needn
ssh,0.245136186770428,shared,lost
ssh,1.0,a_only,describes
ssh,0.7777777777777778,shared,treason
ssh,1.0,a_only,jewish
ssh,0.48148148148148145,shared,cake
ssh,1.0,a_only,combinations
ssh,1.0,a_only,cinema
ssh,0.5763546798029556,shared,theories
ssh,0.29554655870445345,shared,break
ssh,0.0847457627118644,b_only,rude
ssh,1.0,a_only,solar
ssh,0.2749003984063745,shared,ill
ssh,1.0,a_only,worker
ssh,0.08108108108108109,b_only,awful
ssh,0.6666666666666666,shared,sarah
ssh,0.6931216931216931,shared,antiquity
ssh,1.0,a_only,santos
ssh,0.10344827586206896,b_only,thrill
ssh,0.1111111111111111,b_only,prisons
ssh,1.0,a_only,justification
ssh,0.3333333333333333,shared,wrote
ssh,0.6,shared,daytime
ssh,0.3852813852813853,shared,discover
ssh,1.0,a_only,iranian
ssh,0.0738255033557047,b_only,logs
ssh,0.5458937198067633,shared,passenger
ssh,1.0,a_only,socially
ssh,1.0,a_only,agnostics
ssh,0.6931216931216931,shared,principally
ssh,0.6931216931216931,shared,mont
ssh,1.0,a_only,designated
ssh,1.0,a_only,momentum
ssh,0.6326530612244898,shared,structure
ssh,0.807909604519774,shared,bordered
ssh,1.0,a_only,canada
ssh,0.06666666666666667,b_only,merry
ssh,0.7877094972067039,shared,ensure
ssh,0.4222222222222222,shared,taste
ssh,0.0738255033557047,b_only,armchair
ssh,1.0,a_only,hereditary
ssh,1.0,a_only,miscellaneous
ssh,0.7297297297297297,shared,swing
ssh,0.6410256410256411,shared,backed
ssh,0.7297297297297297,shared,accuracy
ssh,0.6080402010050251,shared,bang
ssh,1.0,a_only,firearms
ssh,0.5841584158415841,shared,inspired
ssh,0.4883720930232558,shared,urged
ssh,1.0,a_only,universally
ssh,0.7877094972067039,shared,professions
ssh,0.7021276595744681,shared,churches
ssh,0.6080402010050251,shared,improvement
ssh,0.47465437788018433,shared,triumph
ssh,0.08108108108108109,b_only,guillotine
ssh,1.0,a_only,bavaria
ssh,0.5609756097560976,shared,passengers
ssh,0.32231404958677684,shared,existence
ssh,1.0,a_only,bolivia
ssh,1.0,a_only,increases
ssh,1.0,a_only,capturing
ssh,0.4349775784753363,shared,dirty
ssh,0.807909604519774,shared,accurately
ssh,0.3278008298755187,shared,more
ssh,1.0,a_only,alder
ssh,0.5609756097560976,shared,snapped
ssh,1.0,a_only,script
ssh,0.5763546798029556,shared,elderly
ssh,0.08108108108108109,b_only,nieces
ssh,0.5384615384615384,shared,causes
ssh,1.0,a_only,aaron
ssh,0.46788990825688076,shared,advertisement
ssh,0.675392670157068,shared,verdict
ssh,1.0,a_only,lands
ssh,1.0,a_only,goals
ssh,1.0,a_only,legends
ssh,0.350210970464135,shared,anyone
ssh,0.09965635738831616,b_only,happier
ssh,0.5920398009950248,shared,pet
ssh,1.0,a_only,routes
ssh,0.6,shared,youngest
ssh,0.8181818181818182,shared,pupil
ssh,0.415929203539823,shared,cruel
ssh,0.5763546798029556,shared,sailing
ssh,0.3793103448275862,shared,distant
ssh,0.0847457627118644,b_only,handy
ssh,0.08843537414965986,b_only,catched
ssh,1.0,a_only,teachings
ssh,0.0958904109589041,b_only,stead
ssh,0.44144144144144143,shared,pictures
ssh,0.5023474178403756,shared,hence
ssh,0.7021276595744681,shared,dismissed
ssh,1.0,a_only,hitchcock
ssh,0.5533980582524272,shared,previously
ssh,0.2749003984063745,shared,journey
ssh,0.3168724279835391,shared,passed
ssh,0.6666666666666666,shared,measured
ssh,1.0,a_only,unification
ssh,1.0,a_only,finite
ssh,0.0958904109589041,b_only,astonishment
ssh,0.7777777777777778,shared,anticipated
ssh,1.0,a_only,terrain
ssh,0.3008130081300813,shared,another
ssh,1.0,a_only,coverage
ssh,1.0,a_only,kenya
ssh,0.4479638009049774,shared,companions
ssh,1.0,a_only,prior
ssh,1.0,a_only,choir
ssh,0.2749003984063745,shared,considerable
ssh,0.5238095238095238,shared,romance
ssh,0.7112299465240641,shared,lowest
ssh,0.391304347826087,shared,attended
ssh,0.5609756097560976,shared,royalties
ssh,0.6842105263157895,shared,lecture
ssh,1.0,a_only,formulated
ssh,0.5023474178403756,shared,peril
ssh,0.3114754098360656,shared,entered
ssh,1.0,a_only,arminianism
ssh,1.0,a_only,nebraska
ssh,0.10344827586206896,b_only,linen
ssh,1.0,a_only,crucial
ssh,0.7582417582417582,shared,consistent
ssh,0.44144144144144143,shared,succeeded
ssh,0.7777777777777778,shared,comparative
ssh,0.7486338797814208,shared,rooted
ssh,1.0,a_only,wittgenstein
ssh,0.3389121338912134,shared,excitement
ssh,0.285140562248996,shared,top
ssh,0.3559322033898305,shared,unable
ssh,0.350210970464135,shared,angry
ssh,0.5763546798029556,shared,resumed
ssh,1.0,a_only,fossils
ssh,1.0,a_only,calgary
ssh,0.7679558011049724,shared,limitations
ssh,1.0,a_only,pakistan
ssh,0.7391304347826086,shared,liberal
ssh,0.6410256410256411,shared,peoples
ssh,0.4953271028037383,shared,calls
ssh,0.3852813852813853,shared,shake
ssh,1.0,a_only,phoenician
ssh,0.3008130081300813,shared,with
ssh,1.0,a_only,archaeologists
ssh,1.0,a_only,appreciation
ssh,0.0958904109589041,b_only,blanket
ssh,1.0,a_only,descriptions
ssh,1.0,a_only,roles
ssh,1.0,a_only,hebrews
ssh,1.0,a_only,capabilities
ssh,0.7112299465240641,shared,recognize
ssh,0.0738255033557047,b_only,cottage
ssh,0.3168724279835391,shared,mouth
ssh,0.5686274509803921,shared,flat
ssh,1.0,a_only,definitive
ssh,1.0,a_only,announces
ssh,0.0958904109589041,b_only,longing
ssh,0.09215017064846416,b_only,sensations
ssh,1.0,a_only,casa
ssh,1.0,a_only,literacy
ssh,0.12280701754385964,b_only,swallow
ssh,0.10726643598615918,b_only,trifling
ssh,1.0,a_only,barry
ssh,0.3168724279835391,shared,affection
ssh,0.25984251968503935,shared,off
ssh,0.5384615384615384,shared,h
ssh,1.0,a_only,distinctive
ssh,0.5686274509803921,shared,angle
ssh,0.09965635738831616,b_only,regret
ssh,1.0,a_only,ivan
ssh,0.7204301075268817,shared,contact
ssh,0.10344827586206896,b_only,illustrious
ssh,0.6842105263157895,shared,gravel
ssh,0.1111111111111111,b_only,budge
ssh,1.0,a_only,proudhon
ssh,1.0,a_only,atanasoff
ssh,0.0738255033557047,b_only,relapse
ssh,1.0,a_only,tissues
ssh,1.0,a_only,functioning
ssh,0.5841584158415841,shared,addressing
ssh,0.807909604519774,shared,destroying
ssh,0.42857142857142855,shared,conclusion
ssh,1.0,a_only,archaeological
ssh,0.2648221343873518,shared,human
ssh,0.07744107744107744,b_only,roar
ssh,1.0,a_only,nietzsche
ssh,1.0,a_only,kalashnikov
ssh,1.0,a_only,commonwealth
ssh,0.10726643598615918,b_only,terrified
ssh,0.24031007751937986,shared,face
ssh,0.3278008298755187,shared,grave
ssh,0.5238095238095238,shared,thou
ssh,0.6666666666666666,shared,ivory
ssh,0.6494845360824743,shared,fraud
ssh,1.0,a_only,hardcover
ssh,1.0,a_only,generalized
ssh,1.0,a_only,differences
ssh,0.6326530612244898,shared,combination
ssh,0.7297297297297297,shared,varied
ssh,0.0847457627118644,b_only,bowed
ssh,1.0,a_only,friars
ssh,1.0,a_only,comics
ssh,0.3168724279835391,shared,surely
ssh,0.059602649006622516,b_only,stryver
ssh,0.7112299465240641,shared,jew
ssh,0.07744107744107744,b_only,gazette
ssh,1.0,a_only,disputed
ssh,1.0,a_only,armenians
ssh,0.807909604519774,shared,glacier
ssh,1.0,a_only,protein
ssh,0.6580310880829016,shared,colours
ssh,0.07023411371237458,b_only,uncomfortable
ssh,1.0,a_only,clergy
ssh,0.0847457627118644,b_only,happily
ssh,0.8181818181818182,shared,loop
ssh,0.09215017064846416,b_only,vane
ssh,0.08843537414965986,b_only,mo
ssh,0.7486338797814208,shared,cash
ssh,1.0,a_only,pratchett
ssh,0.40350877192982454,shared,sydney
ssh,1.0,a_only,warhol
ssh,0.0847457627118644,b_only,noticing
ssh,0.350210970464135,shared,narrow
ssh,0.2749003984063745,shared,getting
ssh,1.0,a_only,differ
ssh,0.08108108108108109,b_only,sober
ssh,1.0,a_only,mans
ssh,0.5311004784688995,shared,weapons
ssh,0.7877094972067039,shared,debt
ssh,0.0738255033557047,b_only,gleam
ssh,1.0,a_only,arabic
ssh,0.6580310880829016,shared,depart
ssh,1.0,a_only,implementations
ssh,0.2698412698412698,shared,experience
ssh,0.5763546798029556,shared,studio
ssh,1.0,a_only,restaurants
ssh,1.0,a_only,andrew
ssh,0.5384615384615384,shared,overhead
ssh,1.0,a_only,grouped
ssh,0.40350877192982454,shared,caused
ssh,0.09965635738831616,b_only,paused
ssh,0.0958904109589041,b_only,telegram
ssh,0.350210970464135,shared,doesn
ssh,0.5238095238095238,shared,endure
ssh,0.6080402010050251,shared,guidance
ssh,0.350210970464135,shared,moments
ssh,1.0,a_only,conquest
ssh,0.3617021276595745,shared,monster
ssh,0.5023474178403756,shared,union
ssh,1.0,a_only,agamemnon
ssh,0.7391304347826086,shared,border
ssh,0.3278008298755187,shared,doubt
ssh,0.0958904109589041,b_only,softly
ssh,0.39737991266375544,shared,doors
ssh,0.3793103448275862,shared,history
ssh,0.3852813852813853,shared,ring
ssh,0.08108108108108109,b_only,undertaker
ssh,0.7391304347826086,shared,bits
ssh,1.0,a_only,chloroplasts
ssh,1.0,a_only,saul
ssh,1.0,a_only,homosexuality
ssh,1.0,a_only,losses
ssh,1.0,a_only,acids
ssh,0.08108108108108109,b_only,jest
ssh,0.5384615384615384,shared,absorbed
ssh,1.0,a_only,canterbury
ssh,1.0,a_only,aes
ssh,1.0,a_only,bronze
ssh,1.0,a_only,cologne
ssh,0.6580310880829016,shared,honor
ssh,1.0,a_only,digits
ssh,0.29554655870445345,shared,holmes
ssh,1.0,a_only,pp
ssh,0.6,shared,mourning
ssh,1.0,a_only,albrecht
ssh,0.350210970464135,shared,dr
ssh,1.0,a_only,disorders
ssh,1.0,a_only,finnish
ssh,0.6931216931216931,shared,situated
ssh,0.0958904109589041,b_only,shrink
ssh,0.37339055793991416,shared,raise
ssh,1.0,a_only,leonard
ssh,1.0,a_only,seals
ssh,0.4479638009049774,shared,steady
ssh,0.5384615384615384,shared,banks
ssh,1.0,a_only,successor
ssh,0.3389121338912134,shared,place
ssh,0.0958904109589041,b_only,worry
ssh,0.5841584158415841,shared,elapsed
ssh,0.6,shared,consulting
ssh,0.5763546798029556,shared,jealous
ssh,0.6580310880829016,shared,dispute
ssh,1.0,a_only,diversity
ssh,0.7112299465240641,shared,depth
ssh,0.2698412698412698,shared,come
ssh,1.0,a_only,quantitative
ssh,0.8390804597701149,shared,springs
ssh,0.7204301075268817,shared,assert
ssh,1.0,a_only,implementation
ssh,1.0,a_only,z
ssh,0.7877094972067039,shared,militia
ssh,0.47465437788018433,shared,collected
ssh,0.3333333333333333,shared,d
ssh,0.10344827586206896,b_only,imprudence
ssh,0.3008130081300813,shared,figure
ssh,1.0,a_only,color
ssh,0.09215017064846416,b_only,staring
ssh,0.350210970464135,shared,thirty
ssh,1.0,a_only,ankh
ssh,0.4953271028037383,shared,distinction
ssh,0.07744107744107744,b_only,shoved
ssh,0.7021276595744681,shared,comparatively
ssh,0.0847457627118644,b_only,wrinkled
ssh,1.0,a_only,alexandria
ssh,1.0,a_only,abalone
ssh,1.0,a_only,ab
ssh,0.7679558011049724,shared,approval
ssh,1.0,a_only,richardson
ssh,1.0,a_only,danish
ssh,1.0,a_only,domini
ssh,1.0,a_only,temperatures
ssh,0.5920398009950248,shared,methods
ssh,0.6842105263157895,shared,politics
ssh,1.0,a_only,isotope
ssh,1.0,a_only,modification
ssh,0.7877094972067039,shared,hints
ssh,1.0,a_only,acropolis
ssh,0.07023411371237458,b_only,repetition
ssh,0.48148148148148145,shared,passages
ssh,0.42857142857142855,shared,birds
ssh,0.09965635738831616,b_only,entreat
ssh,0.23076923076923078,shared,up
ssh,0.24031007751937986,shared,eyes
ssh,1.0,a_only,latitude
ssh,0.3278008298755187,shared,slightly
ssh,1.0,a_only,sports
ssh,0.0847457627118644,b_only,impatience
ssh,1.0,a_only,asteroid
ssh,0.807909604519774,shared,los
ssh,1.0,a_only,colonists
ssh,0.09215017064846416,b_only,blankets
ssh,1.0,a_only,classified
ssh,0.7486338797814208,shared,emergency
ssh,0.5686274509803921,shared,neat
ssh,0.0738255033557047,b_only,typewriter
ssh,0.0738255033557047,b_only,drifted
ssh,0.4479638009049774,shared,completely
ssh,0.5023474178403756,shared,simon
ssh,0.5920398009950248,shared,stretch
ssh,0.07744107744107744,b_only,arrange
ssh,0.6243654822335025,shared,mushroom
ssh,0.07744107744107744,b_only,somewheres
ssh,1.0,a_only,monastery
ssh,0.0958904109589041,b_only,doubted
ssh,0.07023411371237458,b_only,laughing
ssh,0.415929203539823,shared,stones
ssh,0.6080402010050251,shared,learning
ssh,0.4953271028037383,shared,clerk
ssh,0.09215017064846416,b_only,inquire
ssh,0.797752808988764,shared,concert
ssh,1.0,a_only,hippolytus
ssh,1.0,a_only,nato
ssh,0.07744107744107744,b_only,policeman
ssh,0.7582417582417582,shared,dialect
ssh,0.7297297297297297,shared,oak
ssh,0.10726643598615918,b_only,lovely
ssh,1.0,a_only,chronic
ssh,0.6931216931216931,shared,images
ssh,0.797752808988764,shared,destitute
ssh,0.08108108108108109,b_only,silas
ssh,1.0,a_only,fiber
ssh,0.2903225806451613,shared,ground
ssh,1.0,a_only,launched
ssh,0.32231404958677684,shared,weeks
ssh,0.5094339622641509,shared,missing
ssh,0.6666666666666666,shared,beard
ssh,0.08843537414965986,b_only,attentions
ssh,0.5841584158415841,shared,burned
ssh,0.7877094972067039,shared,majority
ssh,0.7777777777777778,shared,pilot
ssh,1.0,a_only,samoa
ssh,0.29554655870445345,shared,towards
ssh,0.3168724279835391,shared,engaged
ssh,1.0,a_only,lacking
ssh,0.3168724279835391,shared,land
ssh,1.0,a_only,oxide
ssh,0.6842105263157895,shared,probability
ssh,1.0,a_only,secondary
ssh,0.07744107744107744,b_only,adler
ssh,0.09215017064846416,b_only,annoyed
ssh,0.7112299465240641,shared,soil
ssh,0.08108108108108109,b_only,upstairs
ssh,0.5686274509803921,shared,decide
ssh,0.45454545454545453,shared,rush
ssh,0.7297297297297297,shared,craft
ssh,0.6494845360824743,shared,astonishing
ssh,1.0,a_only,algerian
ssh,0.45454545454545453,shared,delay
ssh,0.3278008298755187,shared,if
ssh,1.0,a_only,guitarist
ssh,0.10726643598615918,b_only,tempted
ssh,1.0,a_only,geometric
ssh,1.0,a_only,fao
ssh,1.0,a_only,der
ssh,0.391304347826087,shared,gathered
ssh,0.7777777777777778,shared,sympathetic
ssh,1.0,a_only,reed
ssh,0.6326530612244898,shared,lakes
ssh,0.30612244897959184,shared,easily
ssh,0.807909604519774,shared,rendering
ssh,0.7204301075268817,shared,vicious
ssh,0.7777777777777778,shared,cooking
ssh,1.0,a_only,dialects
ssh,0.797752808988764,shared,compositions
ssh,1.0,a_only,ayn
ssh,1.0,a_only,fund
ssh,1.0,a_only,adiabatic
ssh,1.0,a_only,approximately
ssh,1.0,a_only,alien
ssh,0.0738255033557047,b_only,dreaded
ssh,0.8390804597701149,shared,governed
ssh,0.07744107744107744,b_only,compliment
ssh,1.0,a_only,specialized
ssh,0.5920398009950248,shared,model
ssh,0.08843537414965986,b_only,knee
ssh,0.3168724279835391,shared,soul
ssh,1.0,a_only,subsequent
ssh,1.0,a_only,antihydrogen
ssh,1.0,a_only,consisting
ssh,0.05263157894736842,b_only,lonesome
ssh,0.5686274509803921,shared,engagements
ssh,1.0,a_only,ownership
ssh,1.0,a_only,exploration
ssh,1.0,a_only,ongoing
ssh,0.10726643598615918,b_only,breakfast
ssh,1.0,a_only,sparta
ssh,1.0,a_only,astrological
ssh,0.09965635738831616,b_only,cautiously
ssh,0.7777777777777778,shared,victoria
ssh,1.0,a_only,winner
ssh,1.0,a_only,assault
ssh,0.5165876777251185,shared,subtle
ssh,0.675392670157068,shared,arrest
ssh,1.0,a_only,runner
ssh,0.24031007751937986,shared,yet
ssh,0.5384615384615384,shared,education
ssh,0.09965635738831616,b_only,longbourn
ssh,1.0,a_only,agricultural
ssh,0.4611872146118721,shared,fun
ssh,0.7582417582417582,shared,growth
ssh,0.5841584158415841,shared,alongside
ssh,0.10344827586206896,b_only,thursday
ssh,0.0847457627118644,b_only,nuther
ssh,0.6842105263157895,shared,lofty
ssh,0.0958904109589041,b_only,trusting
ssh,0.7204301075268817,shared,christ
ssh,0.7204301075268817,shared,checking
ssh,0.23552123552123552,shared,kind
ssh,0.285140562248996,shared,making
ssh,0.7877094972067039,shared,shipping
ssh,1.0,a_only,underlying
ssh,0.675392670157068,shared,uses
ssh,1.0,a_only,council
ssh,1.0,a_only,stanford
ssh,0.08108108108108109,b_only,shirt
ssh,1.0,a_only,institution
ssh,1.0,a_only,sri
ssh,0.7679558011049724,shared,denounced
ssh,0.5458937198067633,shared,studies
ssh,0.08108108108108109,b_only,astonished
ssh,0.45454545454545453,shared,declared
ssh,1.0,a_only,interviews
ssh,1.0,a_only,numbered
ssh,0.3852813852813853,shared,claim
ssh,1.0,a_only,orbital
ssh,1.0,a_only,mines
ssh,1.0,a_only,gravitational
ssh,1.0,a_only,denmark
ssh,0.6326530612244898,shared,stray
ssh,1.0,a_only,aidan
ssh,0.5533980582524272,shared,desert
ssh,0.6494845360824743,shared,drunken
ssh,1.0,a_only,format
ssh,0.4953271028037383,shared,mountain
ssh,1.0,a_only,medieval
ssh,1.0,a_only,singles
ssh,0.08843537414965986,b_only,folks
ssh,0.40350877192982454,shared,p
ssh,1.0,a_only,convert
ssh,0.37339055793991416,shared,ay
ssh,0.2903225806451613,shared,large
ssh,1.0,a_only,humans
ssh,0.39737991266375544,shared,explained
ssh,0.675392670157068,shared,spelling
ssh,0.6494845360824743,shared,retained
ssh,0.7204301075268817,shared,dominant
ssh,0.6842105263157895,shared,ix
ssh,0.8285714285714286,shared,miraculous
ssh,0.07744107744107744,b_only,screaming
ssh,1.0,a_only,interactive
ssh,0.797752808988764,shared,garment
ssh,1.0,a_only,cluny
ssh,1.0,a_only,infection
ssh,1.0,a_only,pelagianism
ssh,1.0,a_only,appellate
ssh,0.07023411371237458,b_only,wot
ssh,0.6161616161616161,shared,seventy
ssh,0.6080402010050251,shared,mothers
ssh,1.0,a_only,efficiency
ssh,0.36752136752136755,shared,event
ssh,0.3278008298755187,shared,driven
ssh,0.2749003984063745,shared,money
ssh,0.5384615384615384,shared,represent
ssh,0.4611872146118721,shared,invitation
ssh,0.3852813852813853,shared,habit
ssh,0.6931216931216931,shared,usage
ssh,1.0,a_only,scottish
ssh,0.5023474178403756,shared,painter
ssh,0.08108108108108109,b_only,daylight
ssh,0.4479638009049774,shared,travelling
ssh,1.0,a_only,temperature
ssh,0.3445378151260504,shared,nephew
ssh,0.6666666666666666,shared,breadth
ssh,0.37339055793991416,shared,peculiar
ssh,1.0,a_only,squid
ssh,0.285140562248996,shared,husband
ssh,0.7391304347826086,shared,villa
ssh,0.07023411371237458,b_only,awfully
ssh,1.0,a_only,offense
ssh,0.6243654822335025,shared,guilt
ssh,0.7391304347826086,shared,obscurity
ssh,0.5238095238095238,shared,holder
ssh,0.8497109826589595,shared,professors
ssh,1.0,a_only,meters
ssh,1.0,a_only,boxer
ssh,0.09965635738831616,b_only,calmly
ssh,0.7391304347826086,shared,prevail
ssh,0.4479638009049774,shared,fatal
ssh,0.5609756097560976,shared,minded
ssh,0.7391304347826086,shared,thereby
ssh,0.2749003984063745,shared,course
ssh,0.5094339622641509,shared,machine
ssh,1.0,a_only,consensus
ssh,0.5686274509803921,shared,burden
ssh,0.0847457627118644,b_only,deepened
ssh,0.2749003984063745,shared,bent
ssh,0.07023411371237458,b_only,eloquent
ssh,1.0,a_only,calendar
ssh,0.1111111111111111,b_only,muffled
ssh,0.3278008298755187,shared,service
ssh,0.5311004784688995,shared,certainty
ssh,1.0,a_only,gothic
ssh,0.28,shared,against
ssh,0.12280701754385964,b_only,westenra
ssh,1.0,a_only,mp
ssh,1.0,a_only,boris
ssh,0.08108108108108109,b_only,regretted
ssh,0.7204301075268817,shared,relaxed
ssh,1.0,a_only,liberalism
ssh,1.0,a_only,activities
ssh,0.4222222222222222,shared,perceived
ssh,1.0,a_only,cm
ssh,1.0,a_only,planets
ssh,1.0,a_only,positron
ssh,0.3114754098360656,shared,lips
ssh,0.3389121338912134,shared,cat
ssh,0.48148148148148145,shared,winding
ssh,0.3008130081300813,shared,convinced
ssh,0.30612244897959184,shared,again
ssh,0.7877094972067039,shared,seal
ssh,1.0,a_only,religions
ssh,0.6410256410256411,shared,wax
ssh,0.391304347826087,shared,rats
ssh,1.0,a_only,replacing
ssh,0.3114754098360656,shared,opened
ssh,0.6931216931216931,shared,deserts
ssh,0.350210970464135,shared,heavy
ssh,1.0,a_only,ajax
ssh,1.0,a_only,criteria
ssh,1.0,a_only,database
ssh,0.7112299465240641,shared,verse
ssh,0.7679558011049724,shared,harder
ssh,0.4349775784753363,shared,sentence
ssh,0.7021276595744681,shared,voluntarily
ssh,0.8285714285714286,shared,wonderland
ssh,0.807909604519774,shared,clothing
ssh,1.0,a_only,amplitude
ssh,0.5533980582524272,shared,lift
ssh,1.0,a_only,priests
ssh,0.32231404958677684,shared,advantage
ssh,1.0,a_only,marx
ssh,0.07744107744107744,b_only,procured
ssh,1.0,a_only,tested
ssh,0.5384615384615384,shared,skin
ssh,1.0,a_only,respiratory
ssh,0.6666666666666666,shared,lone
ssh,1.0,a_only,shells
ssh,1.0,a_only,accessed
ssh,0.7297297297297297,shared,electric
ssh,1.0,a_only,surveillance
ssh,1.0,a_only,suppression
ssh,0.0738255033557047,b_only,creeping
ssh,1.0,a_only,abbreviated
ssh,1.0,a_only,generated
ssh,0.30612244897959184,shared,quietly
ssh,1.0,a_only,transmitted
ssh,0.6666666666666666,shared,outward
ssh,0.7021276595744681,shared,armour
ssh,0.5094339622641509,shared,incapable
ssh,0.39737991266375544,shared,instance
ssh,0.391304347826087,shared,force
ssh,0.11498257839721254,b_only,hastened
ssh,1.0,a_only,germanic
ssh,0.2903225806451613,shared,well
ssh,1.0,a_only,urban
ssh,0.2648221343873518,shared,me
ssh,0.7297297297297297,shared,psychological
ssh,1.0,a_only,wildlife
ssh,0.797752808988764,shared,sal
ssh,1.0,a_only,thailand
ssh,0.29554655870445345,shared,quickly
ssh,0.08108108108108109,b_only,smoked
ssh,1.0,a_only,famously
ssh,0.675392670157068,shared,accurate
ssh,1.0,a_only,christopher
ssh,0.20754716981132076,shared,children
ssh,1.0,a_only,specific
ssh,0.3445378151260504,shared,courage
ssh,1.0,a_only,rebuilding
ssh,0.10344827586206896,b_only,pemberley
ssh,0.7391304347826086,shared,defect
ssh,1.0,a_only,abbreviation
ssh,1.0,a_only,nuremberg
ssh,1.0,a_only,widespread
ssh,1.0,a_only,theorem
ssh,0.7112299465240641,shared,commonly
ssh,0.08843537414965986,b_only,spoiled
ssh,1.0,a_only,dirac
ssh,0.47465437788018433,shared,press
ssh,1.0,a_only,plants
ssh,1.0,a_only,items
ssh,1.0,a_only,hawaii
ssh,0.7486338797814208,shared,copies
ssh,0.6,shared,citizens
ssh,0.3389121338912134,shared,sleeping
ssh,1.0,a_only,mathematicians
ssh,1.0,a_only,tim
ssh,1.0,a_only,shopping
ssh,1.0,a_only,communities
ssh,0.5609756097560976,shared,greek
ssh,0.2903225806451613,shared,mentioned
ssh,1.0,a_only,humanitarian
ssh,1.0,a_only,lipsius
ssh,0.5763546798029556,shared,chest
ssh,0.3852813852813853,shared,disposition
ssh,0.7112299465240641,shared,adopt
ssh,0.415929203539823,shared,journal
ssh,1.0,a_only,alabama
ssh,0.5165876777251185,shared,civil
ssh,1.0,a_only,discworld
ssh,0.06666666666666667,b_only,gentleness
ssh,0.11498257839721254,b_only,ebook
ssh,0.09215017064846416,b_only,sawyer
ssh,0.25,shared,replied
ssh,1.0,a_only,alexis
ssh,0.3617021276595745,shared,fight
ssh,1.0,a_only,synthetic
ssh,0.7112299465240641,shared,decision
ssh,0.0738255033557047,b_only,sunrise
ssh,0.7877094972067039,shared,dock
ssh,0.30612244897959184,shared,home
ssh,0.0738255033557047,b_only,stairs
ssh,0.415929203539823,shared,readily
ssh,1.0,a_only,diesel
ssh,0.5311004784688995,shared,pronounced
ssh,0.07744107744107744,b_only,knitted
ssh,0.08843537414965986,b_only,swelled
ssh,0.7112299465240641,shared,approved
ssh,1.0,a_only,primitive
ssh,0.7297297297297297,shared,reasoned
ssh,0.07023411371237458,b_only,dagger
ssh,0.11498257839721254,b_only,caroline
ssh,0.5311004784688995,shared,deeper
ssh,0.6842105263157895,shared,prime
ssh,0.5458937198067633,shared,rights
ssh,0.44144144144144143,shared,separate
ssh,0.3852813852813853,shared,knight
ssh,0.0847457627118644,b_only,slip
ssh,0.0958904109589041,b_only,frightful
ssh,0.30612244897959184,shared,horse
ssh,1.0,a_only,www
ssh,1.0,a_only,versa
ssh,0.3114754098360656,shared,de
ssh,1.0,a_only,conspiracy
ssh,0.7112299465240641,shared,unseen
ssh,1.0,a_only,belgian
ssh,1.0,a_only,anders
ssh,1.0,a_only,presidency
ssh,0.5763546798029556,shared,pa
ssh,0.5238095238095238,shared,stories
ssh,0.0958904109589041,b_only,amazed
ssh,1.0,a_only,industrial
ssh,1.0,a_only,woolfson
ssh,0.7021276595744681,shared,timber
ssh,1.0,a_only,unsafe
ssh,0.3389121338912134,shared,wall
ssh,1.0,a_only,drawings
ssh,1.0,a_only,efficient
ssh,1.0,a_only,einstein
ssh,0.30612244897959184,shared,memory
ssh,1.0,a_only,organisations
ssh,1.0,a_only,anti
ssh,1.0,a_only,bbc
ssh,0.0738255033557047,b_only,fetch
ssh,1.0,a_only,charlie
ssh,1.0,a_only,eclipsed
ssh,0.2903225806451613,shared,hid
ssh,1.0,a_only,quad
ssh,0.5458937198067633,shared,tones
ssh,1.0,a_only,americium
ssh,0.30612244897959184,shared,fit
ssh,0.0847457627118644,b_only,quitted
ssh,0.7679558011049724,shared,consumed
ssh,1.0,a_only,monarchy
ssh,1.0,a_only,tourists
ssh,1.0,a_only,remnants
ssh,1.0,a_only,java
ssh,1.0,a_only,awarded
ssh,0.7297297297297297,shared,involving
ssh,0.5165876777251185,shared,meantime
ssh,0.7391304347826086,shared,intelligible
ssh,0.3445378151260504,shared,offered
ssh,1.0,a_only,epistle
ssh,0.4349775784753363,shared,breaking
ssh,0.23552123552123552,shared,strange
ssh,1.0,a_only,vertical
ssh,0.5686274509803921,shared,rare
ssh,1.0,a_only,fairbanks
ssh,1.0,a_only,engineering
ssh,1.0,a_only,unnamed
ssh,1.0,a_only,cricket
ssh,0.350210970464135,shared,notion
ssh,0.6931216931216931,shared,stores
ssh,0.350210970464135,shared,worth
ssh,0.7777777777777778,shared,diseases
ssh,1.0,a_only,trend
ssh,0.08843537414965986,b_only,graveyard
ssh,0.5609756097560976,shared,distinguished
ssh,0.7112299465240641,shared,suicide
ssh,0.0847457627118644,b_only,hungry
ssh,1.0,a_only,nashville
ssh,0.48148148148148145,shared,fully
ssh,1.0,a_only,expand
ssh,1.0,a_only,matt
ssh,0.3114754098360656,shared,jane
ssh,1.0,a_only,traditionally
ssh,0.4349775784753363,shared,depend
ssh,1.0,a_only,credits
ssh,0.08108108108108109,b_only,soothing
ssh,1.0,a_only,minority
ssh,1.0,a_only,earthquakes
ssh,1.0,a_only,aids
ssh,1.0,a_only,alkane
ssh,0.059602649006622516,b_only,squeeze
ssh,0.5384615384615384,shared,regarding
ssh,0.5311004784688995,shared,price
ssh,1.0,a_only,emperors
ssh,1.0,a_only,indicates
ssh,1.0,a_only,cemetery
ssh,0.1111111111111111,b_only,tramp
ssh,1.0,a_only,anime
ssh,0.6494845360824743,shared,identify
ssh,1.0,a_only,ideals
ssh,0.7486338797814208,shared,asserted
ssh,0.6243654822335025,shared,map
ssh,0.2903225806451613,shared,forth
ssh,1.0,a_only,doyle
ssh,0.5533980582524272,shared,chorus
ssh,1.0,a_only,ce
ssh,1.0,a_only,exclusive
ssh,1.0,a_only,northwestern
ssh,0.32231404958677684,shared,despair
ssh,0.285140562248996,shared,till
ssh,0.415929203539823,shared,isn
ssh,0.6080402010050251,shared,nowhere
ssh,1.0,a_only,disputes
ssh,0.6080402010050251,shared,petition
ssh,1.0,a_only,genetics
ssh,1.0,a_only,factor
ssh,1.0,a_only,harold
ssh,0.2903225806451613,shared,many
ssh,1.0,a_only,practitioners
ssh,0.285140562248996,shared,however
ssh,0.29554655870445345,shared,maybe
ssh,0.797752808988764,shared,strive
ssh,0.37339055793991416,shared,pulled
ssh,0.4883720930232558,shared,america
ssh,1.0,a_only,si
ssh,0.25984251968503935,shared,wanted
ssh,0.3278008298755187,shared,hide
ssh,0.8181818181818182,shared,rejection
ssh,0.6666666666666666,shared,exist
ssh,0.3793103448275862,shared,summer
ssh,0.245136186770428,shared,get
ssh,0.415929203539823,shared,bringing
ssh,0.45454545454545453,shared,ocean
ssh,1.0,a_only,anglicans
ssh,0.46788990825688076,shared,retired
ssh,1.0,a_only,berber
ssh,1.0,a_only,doubles
ssh,1.0,a_only,anthropologists
ssh,1.0,a_only,aga
ssh,0.4479638009049774,shared,finn
ssh,1.0,a_only,identification
ssh,1.0,a_only,sampras
ssh,1.0,a_only,conrad
ssh,0.5165876777251185,shared,elsewhere
ssh,1.0,a_only,functions
ssh,1.0,a_only,taggart
ssh,1.0,a_only,jan
ssh,0.415929203539823,shared,views
ssh,0.7679558011049724,shared,mission
ssh,0.6161616161616161,shared,neighbouring
ssh,1.0,a_only,exports
ssh,0.350210970464135,shared,escape
ssh,0.5023474178403756,shared,brighton
ssh,0.8497109826589595,shared,binding
ssh,0.36752136752136755,shared,draw
ssh,0.7112299465240641,shared,observations
ssh,1.0,a_only,hydroxide
ssh,1.0,a_only,assumes
ssh,0.5763546798029556,shared,member
ssh,1.0,a_only,evolved
ssh,0.7391304347826086,shared,recovering
ssh,0.29554655870445345,shared,considered
ssh,0.0738255033557047,b_only,wig
ssh,0.3278008298755187,shared,fifty
ssh,1.0,a_only,entities
ssh,0.7204301075268817,shared,surrounding
ssh,0.5311004784688995,shared,card
ssh,1.0,a_only,models
ssh,0.5609756097560976,shared,regiment
ssh,1.0,a_only,alaric
ssh,0.29554655870445345,shared,fast
ssh,0.5686274509803921,shared,authority
ssh,0.5458937198067633,shared,build
ssh,0.3793103448275862,shared,ice
ssh,1.0,a_only,civic
ssh,1.0,a_only,contemporary
ssh,0.797752808988764,shared,rainbow
ssh,1.0,a_only,syriac
ssh,0.09215017064846416,b_only,fancied
ssh,1.0,a_only,aix
ssh,0.7112299465240641,shared,neutral
ssh,0.09215017064846416,b_only,nigh
ssh,1.0,a_only,wartime
ssh,0.29554655870445345,shared,above
ssh,0.3559322033898305,shared,rock
ssh,0.28,shared,loud
ssh,0.7112299465240641,shared,stomach
ssh,1.0,a_only,psyche
ssh,1.0,a_only,irrigation
ssh,1.0,a_only,avicenna
ssh,0.10344827586206896,b_only,25
ssh,0.25,shared,happy
ssh,0.6666666666666666,shared,induced
ssh,0.48148148148148145,shared,reflection
ssh,1.0,a_only,mini
ssh,1.0,a_only,regime
ssh,0.245136186770428,shared,faces
ssh,0.09215017064846416,b_only,thatcher
ssh,0.7486338797814208,shared,composition
ssh,1.0,a_only,actively
ssh,1.0,a_only,product
ssh,0.2549019607843137,shared,need
ssh,1.0,a_only,modified
ssh,0.07023411371237458,b_only,sally
ssh,0.3278008298755187,shared,any
ssh,0.7777777777777778,shared,ensuing
ssh,1.0,a_only,nicholas
ssh,0.6580310880829016,shared,offers
ssh,0.5763546798029556,shared,virtues
ssh,0.10726643598615918,b_only,smee
ssh,0.40969162995594716,shared,silver
ssh,0.7777777777777778,shared,teachers
ssh,1.0,a_only,factions
ssh,0.44144144144144143,shared,bottom
ssh,0.0958904109589041,b_only,rid
ssh,0.7582417582417582,shared,dragon
ssh,1.0,a_only,components
ssh,1.0,a_only,il
ssh,0.797752808988764,shared,reluctant
ssh,0.40350877192982454,shared,paid
ssh,0.7112299465240641,shared,bee
ssh,1.0,a_only,unstable
ssh,0.08843537414965986,b_only,graceful
ssh,0.08108108108108109,b_only,oars
ssh,0.5686274509803921,shared,harbour
ssh,0.797752808988764,shared,meetings
ssh,1.0,a_only,tournament
ssh,0.46788990825688076,shared,saturday
ssh,0.30612244897959184,shared,putting
ssh,0.5841584158415841,shared,patients
ssh,0.5165876777251185,shared,corridor
ssh,0.07023411371237458,b_only,waked
ssh,0.09215017064846416,b_only,dashed
ssh,1.0,a_only,companies
ssh,0.08108108108108109,b_only,instinct
ssh,1.0,a_only,algiers
ssh,0.3114754098360656,shared,written
ssh,0.7297297297297297,shared,motives
ssh,0.5686274509803921,shared,perform
ssh,0.5023474178403756,shared,german
ssh,0.4222222222222222,shared,intimate
ssh,0.2749003984063745,shared,situation
ssh,0.32231404958677684,shared,order
ssh,0.11888111888111888,b_only,mender
ssh,0.3559322033898305,shared,made
ssh,0.7021276595744681,shared,patent
ssh,0.5384615384615384,shared,needs
ssh,0.6580310880829016,shared,heel
ssh,1.0,a_only,thinkers
ssh,0.5841584158415841,shared,follows
ssh,0.06666666666666667,b_only,xvii
ssh,0.285140562248996,shared,meet
ssh,0.3852813852813853,shared,stirred
ssh,0.5094339622641509,shared,impressed
ssh,1.0,a_only,antiprotons
ssh,1.0,a_only,alp
ssh,1.0,a_only,rice
ssh,0.7204301075268817,shared,joseph
ssh,1.0,a_only,confederate
ssh,0.6842105263157895,shared,calculated
ssh,0.6326530612244898,shared,mon
ssh,0.5311004784688995,shared,grasp
ssh,1.0,a_only,hm
ssh,0.08108108108108109,b_only,claw
ssh,1.0,a_only,atlanta
ssh,0.350210970464135,shared,manners
ssh,0.7021276595744681,shared,fed
ssh,0.807909604519774,shared,attractive
ssh,1.0,a_only,branched
ssh,0.0958904109589041,b_only,jackal
ssh,0.6494845360824743,shared,campaign
ssh,0.4883720930232558,shared,apply
ssh,1.0,a_only,cipher
ssh,0.06312292358803986,b_only,ventilator
ssh,0.3445378151260504,shared,dog
ssh,0.0847457627118644,b_only,dormouse
ssh,0.46788990825688076,shared,valley
ssh,0.8181818181818182,shared,frozen
ssh,0.5841584158415841,shared,traced
ssh,0.39737991266375544,shared,forms
ssh,0.7297297297297297,shared,shell
ssh,1.0,a_only,helicopters
ssh,0.7679558011049724,shared,aim
ssh,1.0,a_only,individuals
ssh,0.0847457627118644,b_only,bingley
ssh,1.0,a_only,develop
ssh,1.0,a_only,proposition
ssh,1.0,a_only,ruins
ssh,0.3168724279835391,shared,spirit
ssh,0.45454545454545453,shared,pretend
ssh,0.391304347826087,shared,works
ssh,0.40350877192982454,shared,tail
ssh,0.6842105263157895,shared,japanese
ssh,1.0,a_only,lfheim
ssh,0.5311004784688995,shared,driver
ssh,1.0,a_only,alcohols
ssh,1.0,a_only,honorary
ssh,0.3168724279835391,shared,reason
ssh,0.5458937198067633,shared,whales
ssh,1.0,a_only,leaders
ssh,1.0,a_only,aggressive
ssh,1.0,a_only,residents
ssh,1.0,a_only,hybrid
ssh,1.0,a_only,pronunciation
ssh,1.0,a_only,indigenous
ssh,0.40350877192982454,shared,swept
ssh,0.7582417582417582,shared,curved
ssh,0.7582417582417582,shared,danube
ssh,0.2903225806451613,shared,perfect
ssh,0.0958904109589041,b_only,brighter
ssh,1.0,a_only,translation
ssh,1.0,a_only,libertarianism
ssh,0.3114754098360656,shared,almost
ssh,1.0,a_only,welsh
ssh,1.0,a_only,alain
ssh,0.25,shared,five
ssh,0.08108108108108109,b_only,shame
ssh,0.8390804597701149,shared,wheeler
ssh,0.8181818181818182,shared,drives
ssh,0.5763546798029556,shared,leader
ssh,0.3008130081300813,shared,learned
ssh,1.0,a_only,interpretation
ssh,0.6842105263157895,shared,rely
ssh,1.0,a_only,proclamation
ssh,0.5094339622641509,shared,decidedly
ssh,1.0,a_only,angles
ssh,1.0,a_only,toxic
ssh,0.09215017064846416,b_only,bats
ssh,0.6580310880829016,shared,punished
ssh,0.3559322033898305,shared,powerful
ssh,1.0,a_only,defining
ssh,0.06666666666666667,b_only,shoe
ssh,1.0,a_only,gregory
ssh,0.10344827586206896,b_only,stole
ssh,0.0738255033557047,b_only,vines
ssh,0.37339055793991416,shared,miles
ssh,0.45454545454545453,shared,beneath
ssh,1.0,a_only,eu
ssh,0.42857142857142855,shared,command
ssh,0.7021276595744681,shared,aperture
ssh,0.7297297297297297,shared,contemplation
ssh,0.7391304347826086,shared,shin
ssh,0.675392670157068,shared,renamed
ssh,0.42857142857142855,shared,becomes
ssh,1.0,a_only,punk
ssh,0.675392670157068,shared,defects
ssh,0.4883720930232558,shared,praise
ssh,0.5609756097560976,shared,audience
ssh,0.06666666666666667,b_only,cunning
ssh,0.4349775784753363,shared,anywhere
ssh,0.2749003984063745,shared,view
ssh,1.0,a_only,transmission
ssh,0.6161616161616161,shared,borrowed
ssh,0.08843537414965986,b_only,endeavouring
ssh,0.6080402010050251,shared,involved
ssh,1.0,a_only,licensed
ssh,0.7679558011049724,shared,deduction
ssh,0.25984251968503935,shared,now
ssh,0.09965635738831616,b_only,stile
ssh,0.5094339622641509,shared,honey
ssh,1.0,a_only,zealand
ssh,1.0,a_only,tennessee
ssh,0.285140562248996,shared,window
ssh,1.0,a_only,asl
ssh,0.3008130081300813,shared,visit
ssh,0.7777777777777778,shared,vegetable
ssh,0.3617021276595745,shared,joined
ssh,0.350210970464135,shared,meaning
ssh,0.5384615384615384,shared,constant
ssh,0.3278008298755187,shared,drive
ssh,0.6,shared,perceive
ssh,0.10344827586206896,b_only,stool
ssh,0.5238095238095238,shared,sh
ssh,0.5384615384615384,shared,rod
ssh,1.0,a_only,absalom
ssh,0.5311004784688995,shared,painting
ssh,0.28,shared,sometimes
ssh,0.7582417582417582,shared,ranks
ssh,1.0,a_only,mysticism
ssh,1.0,a_only,kubrick
ssh,0.0847457627118644,b_only,farewell
ssh,0.7391304347826086,shared,abundant
ssh,0.5023474178403756,shared,lots
ssh,0.7877094972067039,shared,remedy
ssh,0.3278008298755187,shared,companion
ssh,1.0,a_only,membership
ssh,1.0,a_only,wilhelm
ssh,0.807909604519774,shared,comparing
ssh,0.7486338797814208,shared,von
ssh,1.0,a_only,playwright
ssh,0.7777777777777778,shared,deliberate
ssh,0.6410256410256411,shared,appointment
ssh,0.6931216931216931,shared,breeding
ssh,1.0,a_only,suggests
ssh,0.1111111111111111,b_only,gratitude
ssh,0.5094339622641509,shared,sword
ssh,1.0,a_only,rfc
ssh,0.6243654822335025,shared,heat
ssh,1.0,a_only,bambaataa
ssh,1.0,a_only,exclusively
ssh,1.0,a_only,users
ssh,0.3114754098360656,shared,length
ssh,0.797752808988764,shared,germany
ssh,0.28,shared,answered
ssh,0.08108108108108109,b_only,flapping
ssh,0.3559322033898305,shared,michael
ssh,1.0,a_only,leon
ssh,0.09965635738831616,b_only,cheek
ssh,0.6161616161616161,shared,steel
ssh,1.0,a_only,obsolete
ssh,1.0,a_only,sensei
ssh,1.0,a_only,afc
ssh,1.0,a_only,addictive
ssh,1.0,a_only,parsons
ssh,0.4479638009049774,shared,accustomed
ssh,1.0,a_only,elect
ssh,1.0,a_only,olympic
ssh,0.3114754098360656,shared,patient
ssh,1.0,a_only,musicians
ssh,1.0,a_only,neutrality
ssh,0.4349775784753363,shared,understanding
ssh,0.11498257839721254,b_only,buck
ssh,1.0,a_only,png
ssh,0.3114754098360656,shared,done
ssh,1.0,a_only,mercury
ssh,1.0,a_only,abbreviations
ssh,0.675392670157068,shared,exhibited
ssh,1.0,a_only,semitism
ssh,0.7391304347826086,shared,scope
ssh,1.0,a_only,hiv
ssh,0.5841584158415841,shared,check
ssh,1.0,a_only,option
ssh,1.0,a_only,fort
ssh,0.6326530612244898,shared,patriot
ssh,0.08843537414965986,b_only,slipped
ssh,1.0,a_only,constantinople
ssh,1.0,a_only,vilayet
ssh,1.0,a_only,aircraft
ssh,0.391304347826087,shared,pieces
ssh,0.2903225806451613,shared,far
ssh,0.5023474178403756,shared,harper
ssh,1.0,a_only,conventional
ssh,1.0,a_only,subsequently
ssh,0.08108108108108109,b_only,breeze
ssh,0.11498257839721254,b_only,violently
ssh,1.0,a_only,protestant
ssh,0.45454545454545453,shared,impression
ssh,0.4479638009049774,shared,apparently
ssh,0.797752808988764,shared,resources
ssh,0.1111111111111111,b_only,12
ssh,0.29554655870445345,shared,side
ssh,1.0,a_only,fresnel
ssh,1.0,a_only,racing
ssh,0.6494845360824743,shared,tremendous
ssh,0.30612244897959184,shared,met
ssh,0.391304347826087,shared,thunder
ssh,0.48148148148148145,shared,absolute
ssh,0.4611872146118721,shared,tossed
ssh,0.2549019607843137,shared,taking
ssh,1.0,a_only,portals
ssh,1.0,a_only,translated
ssh,0.29554655870445345,shared,begin
ssh,0.3445378151260504,shared,night
ssh,1.0,a_only,fundamentally
ssh,0.6666666666666666,shared,relatives
ssh,1.0,a_only,ussr
ssh,0.7297297297297297,shared,amazing
ssh,0.5238095238095238,shared,sacrifice
ssh,0.3168724279835391,shared,general
ssh,0.28,shared,particular
ssh,0.6,shared,tending
ssh,1.0,a_only,macedonia
ssh,0.5763546798029556,shared,formal
ssh,1.0,a_only,tv
ssh,1.0,a_only,essentially
ssh,0.6243654822335025,shared,arguments
ssh,0.675392670157068,shared,strait
ssh,1.0,a_only,civilian
ssh,1.0,a_only,hydrochloric
ssh,0.4611872146118721,shared,reward
ssh,0.3793103448275862,shared,addressed
ssh,0.245136186770428,shared,wouldn
ssh,1.0,a_only,destructive
ssh,1.0,a_only,rio
ssh,1.0,a_only,azerbaijan
ssh,0.45454545454545453,shared,example
ssh,1.0,a_only,stanley
ssh,1.0,a_only,wheat
ssh,0.059602649006622516,b_only,fireplace
ssh,0.10344827586206896,b_only,renfield
ssh,0.29554655870445345,shared,later
ssh,1.0,a_only,fide
ssh,0.2903225806451613,shared,water
ssh,1.0,a_only,mosaic
ssh,0.6243654822335025,shared,steadily
ssh,0.3445378151260504,shared,un
ssh,0.08108108108108109,b_only,phelps
ssh,1.0,a_only,dhabi
ssh,0.32231404958677684,shared,music
ssh,0.6580310880829016,shared,insects
ssh,0.7679558011049724,shared,longest
ssh,0.6842105263157895,shared,negative
ssh,0.7021276595744681,shared,solely
ssh,0.6666666666666666,shared,cannon
ssh,1.0,a_only,deals
ssh,1.0,a_only,glenn
ssh,0.7112299465240641,shared,umbrella
ssh,0.675392670157068,shared,undertake
ssh,1.0,a_only,shortest
ssh,0.4349775784753363,shared,capital
ssh,0.2749003984063745,shared,wood
ssh,0.6,shared,connections
ssh,0.6161616161616161,shared,employment
ssh,0.3008130081300813,shared,t
ssh,0.5384615384615384,shared,engagement
ssh,1.0,a_only,pago
ssh,0.29554655870445345,shared,thank
ssh,0.07744107744107744,b_only,curled
ssh,0.0738255033557047,b_only,coroner
ssh,1.0,a_only,selling
ssh,0.07744107744107744,b_only,derbyshire
ssh,0.07744107744107744,b_only,stricken
ssh,1.0,a_only,loyalists
ssh,0.7679558011049724,shared,eighty
ssh,0.7391304347826086,shared,mounted
ssh,0.08843537414965986,b_only,traps
ssh,0.0738255033557047,b_only,shuddered
ssh,1.0,a_only,yearly
ssh,0.6494845360824743,shared,invisible
ssh,1.0,a_only,airport
ssh,0.6494845360824743,shared,shelter
ssh,0.7486338797814208,shared,acceptable
ssh,1.0,a_only,critique
ssh,0.807909604519774,shared,hardy
ssh,1.0,a_only,republicans
ssh,0.2749003984063745,shared,end
ssh,0.5165876777251185,shared,lane
ssh,1.0,a_only,component
ssh,0.3008130081300813,shared,half
ssh,1.0,a_only,nih
ssh,1.0,a_only,forts
ssh,0.0958904109589041,b_only,jaws
ssh,0.5920398009950248,shared,writer
ssh,0.4883720930232558,shared,measure
ssh,1.0,a_only,spaceflight
ssh,0.4611872146118721,shared,east
ssh,0.5609756097560976,shared,gnat
ssh,0.36752136752136755,shared,servants
ssh,0.6080402010050251,shared,reveal
ssh,0.5533980582524272,shared,deserted
ssh,1.0,a_only,constellations
ssh,1.0,a_only,denotes
ssh,0.40969162995594716,shared,shape
ssh,1.0,a_only,louise
ssh,0.5094339622641509,shared,belong
ssh,0.40969162995594716,shared,remains
ssh,0.2698412698412698,shared,love
ssh,0.6326530612244898,shared,emotions
ssh,0.39737991266375544,shared,altogether
ssh,0.7777777777777778,shared,research
ssh,0.059602649006622516,b_only,spectacle
ssh,0.4611872146118721,shared,dragged
ssh,0.3793103448275862,shared,edge
ssh,0.3333333333333333,shared,appear
ssh,1.0,a_only,atheistic
ssh,1.0,a_only,municipal
ssh,0.3389121338912134,shared,occurred
ssh,0.2260536398467433,shared,silent
ssh,1.0,a_only,goddesses
ssh,0.3793103448275862,shared,colonel
ssh,0.797752808988764,shared,involve
ssh,1.0,a_only,qur
ssh,0.5458937198067633,shared,eventually
ssh,0.36752136752136755,shared,choice
ssh,0.0847457627118644,b_only,attentive
ssh,0.0738255033557047,b_only,barsad
ssh,0.5165876777251185,shared,examining
ssh,0.5686274509803921,shared,bestowed
ssh,0.7204301075268817,shared,requested
ssh,1.0,a_only,restricted
ssh,0.45454545454545453,shared,grey
ssh,1.0,a_only,funds
ssh,1.0,a_only,exists
ssh,0.6080402010050251,shared,attending
ssh,1.0,a_only,alchemist
ssh,1.0,a_only,goal
ssh,1.0,a_only,circuits
ssh,1.0,a_only,prototype
ssh,0.7582417582417582,shared,architecture
ssh,0.08843537414965986,b_only,rubbing
ssh,0.09215017064846416,b_only,loveliness
ssh,0.6410256410256411,shared,belonging
ssh,0.6666666666666666,shared,excess
ssh,0.39737991266375544,shared,luck
ssh,1.0,a_only,astronomers
ssh,0.7486338797814208,shared,costume
ssh,1.0,a_only,salts
ssh,0.059602649006622516,b_only,juliet
ssh,1.0,a_only,coined
ssh,1.0,a_only,combine
ssh,0.30612244897959184,shared,curious
ssh,1.0,a_only,proto
ssh,0.056105610561056105,b_only,hurried
ssh,0.5238095238095238,shared,remarks
ssh,1.0,a_only,sooty
ssh,1.0,a_only,pioneered
ssh,0.7021276595744681,shared,threatening
ssh,0.28,shared,good
ssh,1.0,a_only,explosion
ssh,0.285140562248996,shared,i
ssh,0.42857142857142855,shared,starting
ssh,0.7204301075268817,shared,steering
ssh,1.0,a_only,rearden
ssh,1.0,a_only,cabinda
ssh,0.6494845360824743,shared,beer
ssh,1.0,a_only,diagnosed
ssh,0.245136186770428,shared,returned
ssh,0.6842105263157895,shared,justify
ssh,0.7877094972067039,shared,alexandre
ssh,0.6494845360824743,shared,exchange
ssh,0.3168724279835391,shared,cold
ssh,0.10726643598615918,b_only,hats
ssh,0.6161616161616161,shared,washed
ssh,0.40350877192982454,shared,built
ssh,0.12280701754385964,b_only,irene
ssh,0.3389121338912134,shared,vain
ssh,0.7679558011049724,shared,associations
ssh,1.0,a_only,traveled
ssh,0.7777777777777778,shared,rocky
ssh,0.11498257839721254,b_only,hint
ssh,1.0,a_only,ancestry
ssh,0.42857142857142855,shared,resolution
ssh,0.08108108108108109,b_only,weeping
ssh,0.245136186770428,shared,notice
ssh,0.3114754098360656,shared,interrupted
ssh,0.5165876777251185,shared,eggs
ssh,0.391304347826087,shared,clearly
ssh,0.8181818181818182,shared,constructed
ssh,0.6666666666666666,shared,behave
ssh,0.2749003984063745,shared,say
ssh,0.6410256410256411,shared,railway
ssh,0.5533980582524272,shared,feather
ssh,0.5384615384615384,shared,slide
ssh,1.0,a_only,ibrahim
ssh,1.0,a_only,telephone
ssh,0.6842105263157895,shared,fewer
ssh,0.08843537414965986,b_only,persuasion
ssh,0.09215017064846416,b_only,27
ssh,1.0,a_only,epirus
ssh,0.3008130081300813,shared,hung
ssh,0.7582417582417582,shared,profit
ssh,1.0,a_only,nixon
ssh,1.0,a_only,requirement
ssh,1.0,a_only,beliefs
ssh,1.0,a_only,penalties
ssh,1.0,a_only,finalist
ssh,0.29554655870445345,shared,left
ssh,0.48148148148148145,shared,informed
ssh,0.07023411371237458,b_only,fooling
ssh,0.25,shared,your
ssh,1.0,a_only,encyclopedia
ssh,1.0,a_only,referenced
ssh,0.0738255033557047,b_only,lock
ssh,0.48148148148148145,shared,changes
ssh,0.6666666666666666,shared,wearing
ssh,0.42857142857142855,shared,lip
ssh,1.0,a_only,omega
ssh,0.675392670157068,shared,widely
ssh,0.07023411371237458,b_only,exclamation
ssh,1.0,a_only,samples
ssh,0.5238095238095238,shared,inclined
ssh,1.0,a_only,julian
ssh,0.6580310880829016,shared,players
ssh,1.0,a_only,continuum
ssh,0.7021276595744681,shared,submit
ssh,1.0,a_only,kournikova
ssh,0.48148148148148145,shared,delivered
ssh,0.3559322033898305,shared,had
ssh,1.0,a_only,environmental
ssh,0.7582417582417582,shared,decoration
ssh,0.7297297297297297,shared,purposely
ssh,1.0,a_only,zambia
ssh,0.3168724279835391,shared,law
ssh,1.0,a_only,communism
ssh,0.5165876777251185,shared,repeat
ssh,0.3333333333333333,shared,following
ssh,1.0,a_only,medal
ssh,0.8181818181818182,shared,individually
ssh,0.10344827586206896,b_only,grasped
ssh,0.7582417582417582,shared,fuller
ssh,0.07744107744107744,b_only,raging
ssh,0.28,shared,instead
ssh,1.0,a_only,ataxia
ssh,0.7021276595744681,shared,prosperity
ssh,1.0,a_only,astronomy
ssh,0.285140562248996,shared,begun
ssh,1.0,a_only,developing
ssh,1.0,a_only,acclaimed
ssh,0.0738255033557047,b_only,honoured
ssh,0.5458937198067633,shared,iii
ssh,0.3333333333333333,shared,strong
ssh,0.07023411371237458,b_only,rattled
ssh,1.0,a_only,stance
ssh,0.2749003984063745,shared,sweet
ssh,1.0,a_only,motor
ssh,0.4953271028037383,shared,assumed
ssh,1.0,a_only,chronology
ssh,0.797752808988764,shared,cynical
ssh,0.5533980582524272,shared,arrangement
ssh,1.0,a_only,governing
ssh,0.0958904109589041,b_only,haste
ssh,0.7297297297297297,shared,coincidence
ssh,1.0,a_only,ambiguity
ssh,1.0,a_only,gypsum
ssh,0.5458937198067633,shared,departure
ssh,0.3333333333333333,shared,writing
ssh,1.0,a_only,southwest
ssh,1.0,a_only,continuous
ssh,0.0847457627118644,b_only,faults
ssh,0.3559322033898305,shared,shock
ssh,0.3445378151260504,shared,brother
ssh,0.6161616161616161,shared,spiritual
ssh,0.0958904109589041,b_only,jumping
ssh,1.0,a_only,monetary
ssh,1.0,a_only,billy
ssh,1.0,a_only,francisco
ssh,0.056105610561056105,b_only,partiality
ssh,0.30612244897959184,shared,heard
ssh,1.0,a_only,pagan
ssh,1.0,a_only,enacted
ssh,0.6243654822335025,shared,obey
ssh,0.5384615384615384,shared,vice
ssh,0.2549019607843137,shared,anybody
ssh,0.6243654822335025,shared,element
ssh,0.3852813852813853,shared,violent
ssh,0.39737991266375544,shared,vengeance
ssh,0.6842105263157895,shared,vanish
ssh,0.32231404958677684,shared,further
ssh,0.6666666666666666,shared,hello
ssh,0.6410256410256411,shared,existing
ssh,0.5458937198067633,shared,fled
ssh,1.0,a_only,algebraically
ssh,1.0,a_only,ff
ssh,0.059602649006622516,b_only,fury
ssh,0.7777777777777778,shared,upright
ssh,0.6931216931216931,shared,merits
ssh,1.0,a_only,notation
ssh,1.0,a_only,treating
ssh,0.5165876777251185,shared,y
ssh,0.7679558011049724,shared,museum
ssh,0.30612244897959184,shared,character
ssh,1.0,a_only,splitting
ssh,0.6243654822335025,shared,consequences
ssh,0.3278008298755187,shared,until
ssh,0.7204301075268817,shared,refusing
ssh,1.0,a_only,constitutes
ssh,0.3168724279835391,shared,instantly
ssh,0.5238095238095238,shared,flash
ssh,1.0,a_only,theism
ssh,1.0,a_only,quoted
ssh,0.6580310880829016,shared,plum
ssh,0.2749003984063745,shared,will
ssh,0.5841584158415841,shared,interview
ssh,0.1111111111111111,b_only,depended
ssh,0.6161616161616161,shared,author
ssh,0.4611872146118721,shared,explanation
ssh,0.28,shared,knew
ssh,0.07023411371237458,b_only,insolent
ssh,1.0,a_only,regulations
ssh,0.3278008298755187,shared,london
ssh,0.07744107744107744,b_only,whip
ssh,1.0,a_only,dominican
ssh,1.0,a_only,bass
ssh,0.6842105263157895,shared,tales
ssh,1.0,a_only,aspects
ssh,0.2549019607843137,shared,suddenly
ssh,0.8285714285714286,shared,abilities
ssh,0.0847457627118644,b_only,aloud
ssh,0.797752808988764,shared,continuing
ssh,0.40969162995594716,shared,moon
ssh,0.6243654822335025,shared,rome
ssh,0.2903225806451613,shared,couple
ssh,0.6410256410256411,shared,suitable
ssh,0.4883720930232558,shared,ii
ssh,0.08843537414965986,b_only,supposing
ssh,1.0,a_only,viewpoint
ssh,0.0847457627118644,b_only,slate
ssh,0.13074204946996468,b_only,climbing
ssh,1.0,a_only,layout
ssh,0.6326530612244898,shared,domestic
ssh,1.0,a_only,minnesota
ssh,0.10726643598615918,b_only,furious
ssh,1.0,a_only,ceres
ssh,1.0,a_only,philosophies
ssh,0.5686274509803921,shared,today
ssh,0.08108108108108109,b_only,muff
ssh,0.6243654822335025,shared,glorious
ssh,0.09965635738831616,b_only,stoner
ssh,0.6580310880829016,shared,routine
ssh,0.6931216931216931,shared,esteem
ssh,1.0,a_only,ecclesiastical
ssh,1.0,a_only,altruistic
ssh,0.5609756097560976,shared,term
ssh,0.5609756097560976,shared,palace
ssh,1.0,a_only,circuit
ssh,0.6842105263157895,shared,rewarded
ssh,0.32231404958677684,shared,shoulder
ssh,0.3559322033898305,shared,anyway
ssh,0.415929203539823,shared,dollars
ssh,0.3852813852813853,shared,saved
ssh,0.7582417582417582,shared,berkeley
ssh,0.09965635738831616,b_only,windibank
ssh,1.0,a_only,catholicism
ssh,0.0738255033557047,b_only,brains
ssh,0.6080402010050251,shared,scholars
ssh,0.6494845360824743,shared,nobility
ssh,0.37339055793991416,shared,stretched
ssh,1.0,a_only,businesses
ssh,0.5533980582524272,shared,prince
ssh,0.5841584158415841,shared,crash
ssh,0.7391304347826086,shared,boards
ssh,0.6410256410256411,shared,tricks
ssh,1.0,a_only,warrior
ssh,0.08843537414965986,b_only,lamps
ssh,0.7204301075268817,shared,rugged
ssh,0.6580310880829016,shared,dealing
ssh,0.5165876777251185,shared,mode
ssh,0.3852813852813853,shared,odd
ssh,1.0,a_only,thetis
ssh,1.0,a_only,decimal
ssh,0.3114754098360656,shared,months
ssh,1.0,a_only,median
ssh,1.0,a_only,domitius
ssh,0.4953271028037383,shared,cost
ssh,0.7112299465240641,shared,messages
ssh,0.7877094972067039,shared,famine
ssh,0.7112299465240641,shared,thence
ssh,0.6580310880829016,shared,characteristics
ssh,0.5609756097560976,shared,rocks
ssh,0.3852813852813853,shared,truly
ssh,0.7021276595744681,shared,realised
ssh,1.0,a_only,automated
ssh,0.2903225806451613,shared,leaves
ssh,0.08108108108108109,b_only,forgive
ssh,0.08108108108108109,b_only,bride
ssh,0.3793103448275862,shared,lightning
ssh,1.0,a_only,debut
ssh,0.6161616161616161,shared,intervals
ssh,1.0,a_only,herbert
ssh,1.0,a_only,products
ssh,0.4349775784753363,shared,advance
ssh,1.0,a_only,armenia
ssh,0.6666666666666666,shared,monsters
ssh,1.0,a_only,maintaining
ssh,1.0,a_only,automatic
ssh,1.0,a_only,macintosh
ssh,1.0,a_only,stamps
ssh,0.5533980582524272,shared,elegant
ssh,0.675392670157068,shared,prolonged
ssh,0.48148148148148145,shared,editions
ssh,0.29554655870445345,shared,sister
ssh,1.0,a_only,steve
ssh,1.0,a_only,genocide
ssh,0.675392670157068,shared,maker
ssh,1.0,a_only,byzantine
ssh,0.807909604519774,shared,eve
ssh,1.0,a_only,syntax
ssh,1.0,a_only,downtown
ssh,0.5609756097560976,shared,creating
ssh,1.0,a_only,britannica
ssh,1.0,a_only,projects
ssh,1.0,a_only,martin
ssh,0.2698412698412698,shared,and
ssh,0.6931216931216931,shared,repeatedly
ssh,1.0,a_only,meaningless
ssh,0.6326530612244898,shared,worldly
ssh,0.7391304347826086,shared,enthusiastic
ssh,1.0,a_only,denies
ssh,0.29554655870445345,shared,fellow
ssh,1.0,a_only,award
ssh,1.0,a_only,allegedly
ssh,1.0,a_only,scholarly
ssh,0.3008130081300813,shared,kept
ssh,0.415929203539823,shared,powers
ssh,0.6410256410256411,shared,preferred
ssh,0.0847457627118644,b_only,collar
ssh,1.0,a_only,developmental
ssh,0.06666666666666667,b_only,rusty
ssh,1.0,a_only,abstract
ssh,0.7021276595744681,shared,songs
ssh,1.0,a_only,currency
ssh,0.7582417582417582,shared,confer
ssh,0.37339055793991416,shared,quit
ssh,1.0,a_only,ois
ssh,0.7297297297297297,shared,lawrence
ssh,0.5841584158415841,shared,nest
ssh,1.0,a_only,authoritarian
ssh,1.0,a_only,linebacker
ssh,1.0,a_only,taxes
ssh,0.6080402010050251,shared,military
ssh,0.3445378151260504,shared,single
ssh,0.6243654822335025,shared,attributed
ssh,0.5023474178403756,shared,farther
ssh,0.5609756097560976,shared,cliff
ssh,0.28,shared,forgotten
ssh,1.0,a_only,persia
ssh,1.0,a_only,geographic
ssh,1.0,a_only,alkanes
ssh,0.5920398009950248,shared,trivial
ssh,1.0,a_only,multiple
ssh,1.0,a_only,ep
ssh,0.3389121338912134,shared,fears
ssh,0.5686274509803921,shared,silk
ssh,1.0,a_only,patrick
ssh,1.0,a_only,jay
ssh,0.7679558011049724,shared,syllables
ssh,0.7391304347826086,shared,sandy
ssh,0.797752808988764,shared,porter
ssh,1.0,a_only,auteur
ssh,0.2698412698412698,shared,suppose
ssh,0.6842105263157895,shared,lee
ssh,0.3114754098360656,shared,friend
ssh,0.06312292358803986,b_only,pross
ssh,1.0,a_only,arizona
ssh,1.0,a_only,involves
ssh,0.7582417582417582,shared,confirmation
ssh,0.6494845360824743,shared,sprung
ssh,0.7021276595744681,shared,slam
ssh,0.0958904109589041,b_only,motioned
ssh,1.0,a_only,handling
ssh,0.45454545454545453,shared,rushing
ssh,0.3008130081300813,shared,repeated
ssh,0.6931216931216931,shared,association
ssh,0.09965635738831616,b_only,weep
ssh,0.2549019607843137,shared,instant
ssh,1.0,a_only,cuisine
ssh,0.10726643598615918,b_only,swell
ssh,0.32231404958677684,shared,catherine
ssh,1.0,a_only,amine
ssh,0.6666666666666666,shared,neville
ssh,0.2749003984063745,shared,gave
ssh,0.6666666666666666,shared,explaining
ssh,0.7777777777777778,shared,appeals
ssh,1.0,a_only,da
ssh,0.5094339622641509,shared,burn
ssh,0.2903225806451613,shared,scene
ssh,0.5023474178403756,shared,inspector
ssh,0.5609756097560976,shared,labour
ssh,0.6161616161616161,shared,tire
ssh,1.0,a_only,les
ssh,0.42857142857142855,shared,dry
ssh,0.46788990825688076,shared,july
ssh,0.10344827586206896,b_only,gloomy
ssh,0.07744107744107744,b_only,breathless
ssh,0.3333333333333333,shared,shaking
ssh,0.5533980582524272,shared,motion
ssh,0.09215017064846416,b_only,rejoice
ssh,0.40969162995594716,shared,weight
ssh,0.3168724279835391,shared,air
ssh,0.46788990825688076,shared,frequent
ssh,0.09965635738831616,b_only,listening
ssh,1.0,a_only,nationalism
ssh,0.6666666666666666,shared,obedience
ssh,1.0,a_only,kong
ssh,0.3617021276595745,shared,seat
ssh,0.39737991266375544,shared,ignorant
ssh,0.7112299465240641,shared,xvi
ssh,0.797752808988764,shared,strip
ssh,1.0,a_only,headquarters
ssh,1.0,a_only,synod
ssh,0.09215017064846416,b_only,worm
ssh,0.6161616161616161,shared,unnatural
ssh,0.7297297297297297,shared,preceded
ssh,0.3168724279835391,shared,gentle
ssh,0.7297297297297297,shared,sends
ssh,0.29554655870445345,shared,places
ssh,0.5920398009950248,shared,q
ssh,0.7204301075268817,shared,text
ssh,0.5533980582524272,shared,seconds
ssh,1.0,a_only,mi
ssh,0.807909604519774,shared,virtuous
ssh,0.3114754098360656,shared,amongst
ssh,0.7679558011049724,shared,sketch
ssh,0.059602649006622516,b_only,mournful
ssh,0.6161616161616161,shared,oxford
ssh,0.4479638009049774,shared,meal
ssh,0.3559322033898305,shared,sad
ssh,1.0,a_only,politically
ssh,0.797752808988764,shared,shepherd
ssh,0.5238095238095238,shared,twilight
ssh,1.0,a_only,flourished
ssh,1.0,a_only,caesar
ssh,0.6326530612244898,shared,purple
ssh,0.32231404958677684,shared,generally
ssh,0.48148148148148145,shared,nevertheless
ssh,0.09965635738831616,b_only,kirwin
ssh,0.3278008298755187,shared,during
ssh,1.0,a_only,auto
ssh,1.0,a_only,procedure
ssh,1.0,a_only,analytical
ssh,1.0,a_only,publishers
ssh,0.7391304347826086,shared,conversations
ssh,1.0,a_only,operational
ssh,0.7486338797814208,shared,saxon
ssh,0.11888111888111888,b_only,wednesday
ssh,1.0,a_only,bases
ssh,0.0847457627118644,b_only,nodded
ssh,0.7486338797814208,shared,adding
ssh,0.7582417582417582,shared,kills
ssh,0.7679558011049724,shared,crushing
ssh,0.5763546798029556,shared,labours
ssh,1.0,a_only,abwehr
ssh,1.0,a_only,hierarchy
ssh,0.6931216931216931,shared,cattle
ssh,1.0,a_only,scored
ssh,0.5458937198067633,shared,sheets
ssh,1.0,a_only,inequality
ssh,1.0,a_only,screenwriter
ssh,1.0,a_only,demonstrated
ssh,0.6580310880829016,shared,standard
ssh,1.0,a_only,fleming
ssh,1.0,a_only,enhanced
ssh,1.0,a_only,sudan
ssh,0.29554655870445345,shared,deep
ssh,0.0847457627118644,b_only,huckleberry
ssh,0.3389121338912134,shared,harm
ssh,0.46788990825688076,shared,shining
ssh,1.0,a_only,trans
ssh,0.12280701754385964,b_only,obeyed
ssh,0.059602649006622516,b_only,bennet
ssh,0.3389121338912134,shared,servant
ssh,0.08843537414965986,b_only,trembling
ssh,0.3114754098360656,shared,business
ssh,0.07023411371237458,b_only,stare
ssh,1.0,a_only,kickoff
ssh,0.5238095238095238,shared,catching
ssh,0.6494845360824743,shared,labor
ssh,0.4349775784753363,shared,grass
ssh,0.7391304347826086,shared,rounds
ssh,0.40350877192982454,shared,unconscious
ssh,0.7112299465240641,shared,readiness
ssh,0.6161616161616161,shared,alter
ssh,1.0,a_only,atheism
ssh,0.2903225806451613,shared,bring
ssh,0.5609756097560976,shared,renewed
ssh,0.46788990825688076,shared,principal
ssh,0.7297297297297297,shared,prospects
ssh,0.7391304347826086,shared,engineer
ssh,0.797752808988764,shared,uncovered
ssh,0.32231404958677684,shared,noise
ssh,0.5533980582524272,shared,deny
ssh,1.0,a_only,damaged
ssh,0.23552123552123552,shared,wished
ssh,0.6842105263157895,shared,palm
ssh,1.0,a_only,randall
ssh,0.0958904109589041,b_only,rejoined
ssh,1.0,a_only,mises
ssh,0.11498257839721254,b_only,dined
ssh,1.0,a_only,davis
ssh,0.350210970464135,shared,flowers
ssh,0.10344827586206896,b_only,loathsome
ssh,0.2549019607843137,shared,upon
ssh,1.0,a_only,amoeba
ssh,0.4611872146118721,shared,sheet
ssh,1.0,a_only,algebra
ssh,0.0958904109589041,b_only,extinguished
ssh,1.0,a_only,mnd
ssh,1.0,a_only,disastrous
ssh,1.0,a_only,immortality
ssh,0.6243654822335025,shared,saving
ssh,0.6494845360824743,shared,fifth
ssh,0.5238095238095238,shared,accomplished
ssh,1.0,a_only,layer
ssh,1.0,a_only,superficial
ssh,1.0,a_only,soccer
ssh,0.3389121338912134,shared,third
ssh,0.06666666666666667,b_only,suits
ssh,0.4479638009049774,shared,agitation
ssh,0.675392670157068,shared,advocate
ssh,1.0,a_only,meanings
ssh,0.6410256410256411,shared,principles
ssh,1.0,a_only,sina
ssh,1.0,a_only,maryland
ssh,0.47465437788018433,shared,pushed
ssh,0.06666666666666667,b_only,repeating
ssh,0.6410256410256411,shared,beats
ssh,0.09215017064846416,b_only,ventured
ssh,0.47465437788018433,shared,occupation
ssh,0.6243654822335025,shared,expressing
ssh,1.0,a_only,cosmic
ssh,0.40350877192982454,shared,bitter
ssh,1.0,a_only,el
ssh,0.3008130081300813,shared,boat
ssh,0.5458937198067633,shared,turner
ssh,1.0,a_only,anchorage
ssh,0.5920398009950248,shared,acknowledged
ssh,0.7582417582417582,shared,fame
ssh,1.0,a_only,astrology
ssh,0.7297297297297297,shared,lens
ssh,0.40969162995594716,shared,letting
ssh,0.08843537414965986,b_only,lodging
ssh,0.42857142857142855,shared,taught
ssh,1.0,a_only,advancement
ssh,1.0,a_only,pod
ssh,0.2648221343873518,shared,two
ssh,0.4349775784753363,shared,struggled
ssh,1.0,a_only,interface
ssh,0.7391304347826086,shared,geography
ssh,0.44144144144144143,shared,plans
ssh,0.08108108108108109,b_only,clapped
ssh,0.2648221343873518,shared,hardly
ssh,0.5023474178403756,shared,residence
ssh,1.0,a_only,episcopal
ssh,1.0,a_only,agnosticism
ssh,0.5841584158415841,shared,leaf
ssh,0.08843537414965986,b_only,cared
ssh,0.7112299465240641,shared,adrian
ssh,1.0,a_only,chiefs
ssh,0.09215017064846416,b_only,warmly
ssh,1.0,a_only,graphical
ssh,0.3559322033898305,shared,presented
ssh,1.0,a_only,context
ssh,0.5609756097560976,shared,languages
ssh,0.7877094972067039,shared,northward
ssh,0.4883720930232558,shared,deed
ssh,1.0,a_only,actors
ssh,0.5533980582524272,shared,conference
ssh,0.1111111111111111,b_only,tongues
ssh,0.29554655870445345,shared,expression
ssh,0.08108108108108109,b_only,lid
ssh,0.7204301075268817,shared,believing
ssh,1.0,a_only,richmond
ssh,1.0,a_only,metaphysics
ssh,0.7297297297297297,shared,exerted
ssh,1.0,a_only,corresponds
ssh,0.3008130081300813,shared,none
ssh,1.0,a_only,listing
ssh,0.6580310880829016,shared,missouri
ssh,1.0,a_only,carolina
ssh,0.6580310880829016,shared,briefly
ssh,0.4883720930232558,shared,earlier
ssh,1.0,a_only,anniversary
ssh,1.0,a_only,monument
ssh,0.7777777777777778,shared,artists
ssh,1.0,a_only,negation
ssh,0.0958904109589041,b_only,motionless
ssh,1.0,a_only,angolan
ssh,1.0,a_only,consumer
ssh,1.0,a_only,tons
ssh,1.0,a_only,abydos
ssh,0.47465437788018433,shared,messenger
ssh,0.09215017064846416,b_only,agony
ssh,1.0,a_only,via
ssh,0.0958904109589041,b_only,whisky
ssh,0.25,shared,doctor
ssh,1.0,a_only,lyrics
ssh,1.0,a_only,drivers
ssh,0.4953271028037383,shared,snake
ssh,0.08843537414965986,b_only,queens
ssh,0.6494845360824743,shared,investigation
ssh,1.0,a_only,implementing
ssh,0.09965635738831616,b_only,bosom
ssh,0.7486338797814208,shared,behalf
ssh,0.4479638009049774,shared,capable
ssh,0.6931216931216931,shared,gravity
ssh,0.5920398009950248,shared,accompany
ssh,1.0,a_only,broader
ssh,0.2903225806451613,shared,death
ssh,1.0,a_only,combining
ssh,0.0847457627118644,b_only,congratulate
ssh,0.7021276595744681,shared,chambers
ssh,1.0,a_only,chess
ssh,1.0,a_only,speculative
ssh,0.797752808988764,shared,serves
ssh,0.6243654822335025,shared,student
ssh,1.0,a_only,arminian
ssh,1.0,a_only,abba
ssh,1.0,a_only,wells
ssh,0.6243654822335025,shared,existed
ssh,0.8497109826589595,shared,lloyd
ssh,0.7112299465240641,shared,artistic
ssh,0.3445378151260504,shared,o
ssh,0.3114754098360656,shared,passing
ssh,0.6494845360824743,shared,winning
ssh,1.0,a_only,taliban
ssh,1.0,a_only,augusta
ssh,0.29554655870445345,shared,horses
ssh,0.5686274509803921,shared,foundation
ssh,1.0,a_only,holocaust
ssh,1.0,a_only,wyoming
ssh,0.07023411371237458,b_only,nigger
ssh,1.0,a_only,anagrams
ssh,0.07023411371237458,b_only,caution
ssh,0.7391304347826086,shared,diamond
ssh,0.8285714285714286,shared,unaware
ssh,0.6666666666666666,shared,brick
ssh,0.5458937198067633,shared,sail
ssh,1.0,a_only,denoted
ssh,0.2903225806451613,shared,hour
ssh,0.0958904109589041,b_only,endeavoured
ssh,0.6410256410256411,shared,encouraging
ssh,0.285140562248996,shared,have
ssh,0.3793103448275862,shared,foolish
ssh,1.0,a_only,annexation
ssh,1.0,a_only,lanka
ssh,0.6580310880829016,shared,attorney
ssh,0.5920398009950248,shared,household
ssh,0.8181818181818182,shared,greenland
ssh,0.6080402010050251,shared,prejudice
ssh,1.0,a_only,governments
ssh,0.45454545454545453,shared,seriously
ssh,0.2903225806451613,shared,then
ssh,0.2648221343873518,shared,whenever
ssh,0.807909604519774,shared,complaints
ssh,0.3793103448275862,shared,teeth
ssh,0.6494845360824743,shared,recognise
ssh,1.0,a_only,province
ssh,1.0,a_only,compilation
ssh,1.0,a_only,harvard
ssh,0.6666666666666666,shared,italian
ssh,1.0,a_only,universe
ssh,1.0,a_only,proteins
ssh,0.5311004784688995,shared,china
ssh,0.8181818181818182,shared,chronicle
ssh,1.0,a_only,published
ssh,0.6580310880829016,shared,county
ssh,1.0,a_only,berlin
ssh,0.285140562248996,shared,anything
ssh,0.7679558011049724,shared,significance
ssh,0.5384615384615384,shared,sons
ssh,0.0958904109589041,b_only,trifle
ssh,0.6243654822335025,shared,roll
ssh,0.5458937198067633,shared,eaten
ssh,0.3559322033898305,shared,confidence
ssh,0.3333333333333333,shared,guard
ssh,1.0,a_only,suez
ssh,0.39737991266375544,shared,tells
ssh,0.6326530612244898,shared,finest
ssh,1.0,a_only,arminians
ssh,0.797752808988764,shared,preaching
ssh,1.0,a_only,julius
ssh,1.0,a_only,offshore
ssh,1.0,a_only,serbia
ssh,0.7777777777777778,shared,deceased
ssh,0.24031007751937986,shared,hold
ssh,0.08108108108108109,b_only,consult
ssh,1.0,a_only,rand
ssh,0.6326530612244898,shared,celebrated
ssh,0.5023474178403756,shared,actions
ssh,1.0,a_only,accession
ssh,1.0,a_only,statistics
ssh,0.5238095238095238,shared,regarded
ssh,0.4883720930232558,shared,provided
ssh,0.7777777777777778,shared,flint
ssh,0.09965635738831616,b_only,tranquil
ssh,1.0,a_only,relatively
ssh,0.4883720930232558,shared,hunting
ssh,0.7777777777777778,shared,cultivated
ssh,0.30612244897959184,shared,minutes
ssh,0.3008130081300813,shared,both
ssh,0.6494845360824743,shared,fascination
ssh,1.0,a_only,sporting
ssh,0.07023411371237458,b_only,gracious
ssh,0.47465437788018433,shared,judgment
ssh,1.0,a_only,andes
ssh,0.797752808988764,shared,overshadowed
ssh,1.0,a_only,archaeology
ssh,1.0,a_only,nomenclature
ssh,0.5686274509803921,shared,constantly
ssh,0.3793103448275862,shared,enemy
ssh,1.0,a_only,abolition
ssh,0.08108108108108109,b_only,fishes
ssh,0.7112299465240641,shared,irish
ssh,1.0,a_only,probe
ssh,1.0,a_only,linguistic
ssh,1.0,a_only,terry
ssh,0.5920398009950248,shared,stamped
ssh,1.0,a_only,ideology
ssh,0.10726643598615918,b_only,hers
ssh,0.07023411371237458,b_only,18
ssh,1.0,a_only,tasks
ssh,0.30612244897959184,shared,below
ssh,0.0847457627118644,b_only,contented
ssh,0.5609756097560976,shared,respects
ssh,0.7391304347826086,shared,highway
ssh,0.056105610561056105,b_only,hush
ssh,0.7486338797814208,shared,management
ssh,0.5165876777251185,shared,profound
ssh,1.0,a_only,academic
ssh,1.0,a_only,receivers
ssh,0.6666666666666666,shared,le
ssh,1.0,a_only,adults
ssh,0.4611872146118721,shared,sum
ssh,0.807909604519774,shared,declaration
ssh,0.5686274509803921,shared,loaded
ssh,0.6580310880829016,shared,bottles
ssh,0.0738255033557047,b_only,wrist
ssh,0.350210970464135,shared,gold
ssh,0.6,shared,customs
ssh,0.7679558011049724,shared,essence
ssh,0.7391304347826086,shared,se
ssh,0.6326530612244898,shared,commission
ssh,0.6326530612244898,shared,pot
ssh,1.0,a_only,consonant
ssh,0.30612244897959184,shared,actually
ssh,1.0,a_only,iupac
ssh,1.0,a_only,nasa
ssh,1.0,a_only,kabul
ssh,1.0,a_only,dramatically
ssh,1.0,a_only,quote
ssh,1.0,a_only,associates
ssh,0.6410256410256411,shared,posted
ssh,1.0,a_only,anderson
ssh,0.0847457627118644,b_only,witches
ssh,0.28,shared,boys
ssh,1.0,a_only,transportation
ssh,0.6931216931216931,shared,immortal
ssh,0.7021276595744681,shared,pacific
ssh,1.0,a_only,isaac
ssh,0.28,shared,from
ssh,1.0,a_only,abolished
ssh,1.0,a_only,csm
ssh,0.48148148148148145,shared,humanity
ssh,0.7582417582417582,shared,possessing
ssh,0.32231404958677684,shared,change
ssh,1.0,a_only,banned
ssh,1.0,a_only,museums
ssh,0.0738255033557047,b_only,madam
ssh,0.5533980582524272,shared,runs
ssh,0.6,shared,losing
ssh,0.4479638009049774,shared,arrive
ssh,0.32231404958677684,shared,desire
ssh,0.6161616161616161,shared,dover
ssh,0.0847457627118644,b_only,solemnly
ssh,0.3333333333333333,shared,nine
ssh,0.0958904109589041,b_only,perish
ssh,0.39737991266375544,shared,proved
ssh,0.1111111111111111,b_only,danced
ssh,1.0,a_only,photographs
ssh,1.0,a_only,eric
ssh,0.6326530612244898,shared,objections
ssh,0.09215017064846416,b_only,gown
ssh,0.5686274509803921,shared,hoping
ssh,0.0738255033557047,b_only,shouldn
ssh,0.4479638009049774,shared,march
ssh,0.40969162995594716,shared,nursery
ssh,1.0,a_only,footballer
ssh,0.6580310880829016,shared,wounds
ssh,0.40350877192982454,shared,painful
ssh,0.48148148148148145,shared,seemingly
ssh,0.6842105263157895,shared,rail
ssh,0.7877094972067039,shared,relied
ssh,1.0,a_only,und
ssh,1.0,a_only,cavity
ssh,1.0,a_only,eden
ssh,1.0,a_only,monitor
ssh,1.0,a_only,ratio
ssh,1.0,a_only,voters
ssh,0.4222222222222222,shared,larger
ssh,0.7204301075268817,shared,exposing
ssh,0.07744107744107744,b_only,tick
ssh,0.675392670157068,shared,obscure
ssh,0.6161616161616161,shared,retain
ssh,0.6931216931216931,shared,conspicuous
ssh,0.4883720930232558,shared,sin
ssh,1.0,a_only,zero
ssh,0.4883720930232558,shared,stage
ssh,1.0,a_only,anna
ssh,0.7112299465240641,shared,operate
ssh,0.4611872146118721,shared,awkward
ssh,1.0,a_only,sayings
ssh,1.0,a_only,alchemical
ssh,0.5533980582524272,shared,wit
ssh,0.7391304347826086,shared,exposure
ssh,0.7391304347826086,shared,ex
ssh,0.6494845360824743,shared,appearing
ssh,0.0738255033557047,b_only,louder
ssh,0.5458937198067633,shared,poverty
ssh,1.0,a_only,robot
ssh,1.0,a_only,imagery
ssh,1.0,a_only,amide
ssh,0.6326530612244898,shared,graves
ssh,1.0,a_only,anaximander
ssh,0.350210970464135,shared,opportunity
ssh,0.7679558011049724,shared,troops
ssh,1.0,a_only,terminal
ssh,1.0,a_only,protests
ssh,1.0,a_only,terra
ssh,0.39737991266375544,shared,majesty
ssh,1.0,a_only,norway
ssh,0.7486338797814208,shared,survived
ssh,0.6,shared,determine
ssh,0.056105610561056105,b_only,moaned
ssh,0.4883720930232558,shared,sell
ssh,0.7877094972067039,shared,facing
ssh,1.0,a_only,sample
ssh,0.5686274509803921,shared,divine
ssh,1.0,a_only,ski
ssh,0.09215017064846416,b_only,choked
ssh,0.6494845360824743,shared,individual
ssh,1.0,a_only,molecule
ssh,0.7297297297297297,shared,statements
ssh,0.0958904109589041,b_only,copying
ssh,0.675392670157068,shared,teaching
ssh,0.6494845360824743,shared,smith
ssh,0.3852813852813853,shared,grief
ssh,1.0,a_only,occult
ssh,1.0,a_only,aa
ssh,0.3114754098360656,shared,steps
ssh,0.8497109826589595,shared,seasons
ssh,1.0,a_only,classical
ssh,0.5533980582524272,shared,essential
ssh,0.391304347826087,shared,group
ssh,0.10726643598615918,b_only,rattle
ssh,0.5311004784688995,shared,base
ssh,1.0,a_only,iliad
ssh,0.7021276595744681,shared,obviously
ssh,0.8181818181818182,shared,westward
ssh,0.5841584158415841,shared,demand
ssh,0.08108108108108109,b_only,tolerable
ssh,0.07023411371237458,b_only,varna
ssh,1.0,a_only,jesuit
ssh,0.7021276595744681,shared,encounter
ssh,0.7112299465240641,shared,dictionary
ssh,1.0,a_only,andy
ssh,1.0,a_only,resemble
ssh,0.08843537414965986,b_only,sombre
ssh,0.7391304347826086,shared,bounded
ssh,0.08108108108108109,b_only,surmise
ssh,1.0,a_only,encounters
ssh,0.5841584158415841,shared,yield
ssh,1.0,a_only,odyssey
ssh,1.0,a_only,officially
ssh,0.4611872146118721,shared,support
ssh,0.7021276595744681,shared,accord
ssh,0.7204301075268817,shared,discourse
ssh,0.6666666666666666,shared,protest
ssh,1.0,a_only,prussian
ssh,0.6161616161616161,shared,purity
ssh,0.6161616161616161,shared,infamous
ssh,1.0,a_only,decisions
ssh,0.08843537414965986,b_only,doom
ssh,1.0,a_only,composer
ssh,0.285140562248996,shared,stay
ssh,1.0,a_only,communists
ssh,1.0,a_only,alpaca
ssh,1.0,a_only,units
ssh,0.6931216931216931,shared,political
ssh,0.5841584158415841,shared,ruined
ssh,0.7877094972067039,shared,chord
ssh,1.0,a_only,utility
ssh,0.7777777777777778,shared,accordance
ssh,0.7204301075268817,shared,attempting
ssh,1.0,a_only,paratime
ssh,0.08108108108108109,b_only,chop
ssh,1.0,a_only,screenplay
ssh,0.08108108108108109,b_only,fantastic
ssh,0.4222222222222222,shared,managed
ssh,0.6842105263157895,shared,australia
ssh,0.3389121338912134,shared,setting
ssh,1.0,a_only,extant
ssh,0.7582417582417582,shared,ceremonies
ssh,0.0958904109589041,b_only,emigrant
ssh,0.2648221343873518,shared,seen
ssh,0.44144144144144143,shared,pan
ssh,0.40350877192982454,shared,blessed
ssh,1.0,a_only,adherents
ssh,0.12280701754385964,b_only,sah
ssh,1.0,a_only,homepage
ssh,1.0,a_only,orbits
ssh,0.7112299465240641,shared,eligible
ssh,1.0,a_only,atoms
ssh,0.47465437788018433,shared,hitherto
ssh,0.4883720930232558,shared,ghost
ssh,0.807909604519774,shared,bounds
ssh,0.4883720930232558,shared,recall
ssh,1.0,a_only,macedonian
ssh,0.6494845360824743,shared,talents
ssh,0.6931216931216931,shared,calf
ssh,0.09215017064846416,b_only,patience
ssh,0.2260536398467433,shared,quite
ssh,0.807909604519774,shared,oppose
ssh,1.0,a_only,adult
ssh,1.0,a_only,carrier
ssh,1.0,a_only,undergo
ssh,0.10344827586206896,b_only,eliza
ssh,1.0,a_only,defenders
ssh,0.28,shared,exactly
ssh,0.3793103448275862,shared,affair
ssh,0.3333333333333333,shared,papers
ssh,0.0738255033557047,b_only,sorrows
ssh,1.0,a_only,jules
ssh,0.08843537414965986,b_only,creep
ssh,0.807909604519774,shared,requiring
ssh,1.0,a_only,claudius
ssh,1.0,a_only,lincoln
ssh,0.08843537414965986,b_only,pathetic
ssh,0.7777777777777778,shared,submitted
ssh,0.5165876777251185,shared,prepare
ssh,0.7679558011049724,shared,commit
ssh,0.07744107744107744,b_only,dern
ssh,1.0,a_only,applications
ssh,1.0,a_only,defended
ssh,1.0,a_only,nucleus
ssh,0.5458937198067633,shared,genius
ssh,0.30612244897959184,shared,beauty
ssh,1.0,a_only,tombs
ssh,0.47465437788018433,shared,wherever
ssh,1.0,a_only,alberta
ssh,0.13074204946996468,b_only,traversed
ssh,0.44144144144144143,shared,vague
ssh,1.0,a_only,enabling
ssh,0.5165876777251185,shared,consent
ssh,1.0,a_only,resign
ssh,1.0,a_only,benedictine
ssh,0.2698412698412698,shared,better
ssh,1.0,a_only,botanical
ssh,1.0,a_only,effective
ssh,0.3333333333333333,shared,charge
ssh,0.5841584158415841,shared,float
ssh,1.0,a_only,nevada
ssh,1.0,a_only,cosmology
ssh,0.2903225806451613,shared,spoken
ssh,0.3008130081300813,shared,rest
ssh,0.5238095238095238,shared,foreign
ssh,0.2903225806451613,shared,not
ssh,0.6666666666666666,shared,remarkably
ssh,1.0,a_only,constantine
ssh,1.0,a_only,bernard
ssh,1.0,a_only,ethics
ssh,0.08108108108108109,b_only,circumstance
ssh,1.0,a_only,temperate
ssh,1.0,a_only,nazi
ssh,0.6580310880829016,shared,hymn
ssh,0.6161616161616161,shared,cage
ssh,0.7297297297297297,shared,mathematics
ssh,0.08108108108108109,b_only,hurst
ssh,0.2903225806451613,shared,picture
ssh,0.3852813852813853,shared,ship
ssh,1.0,a_only,organ
ssh,1.0,a_only,scholarship
ssh,1.0,a_only,municipalities
ssh,0.3278008298755187,shared,colour
ssh,0.06666666666666667,b_only,beg
ssh,0.0847457627118644,b_only,indebted
ssh,1.0,a_only,emphasize
ssh,0.0738255033557047,b_only,innocence
ssh,0.797752808988764,shared,owes
ssh,0.2698412698412698,shared,around
ssh,0.3278008298755187,shared,garden
ssh,1.0,a_only,radical
ssh,1.0,a_only,quebec
ssh,0.2749003984063745,shared,different
ssh,0.5686274509803921,shared,create
ssh,0.09215017064846416,b_only,grim
ssh,0.3852813852813853,shared,respectable
ssh,0.3008130081300813,shared,changed
ssh,1.0,a_only,corinth
ssh,0.2749003984063745,shared,public
ssh,1.0,a_only,monks
ssh,0.24031007751937986,shared,often
ssh,1.0,a_only,quattro
ssh,0.7297297297297297,shared,confident
ssh,1.0,a_only,virginia
ssh,1.0,a_only,settlements
ssh,1.0,a_only,profile
ssh,0.7679558011049724,shared,intelligent
ssh,1.0,a_only,substantially
ssh,0.7204301075268817,shared,xx
ssh,0.7777777777777778,shared,practise
ssh,1.0,a_only,ale
ssh,0.3168724279835391,shared,henry
ssh,1.0,a_only,awareness
ssh,1.0,a_only,karl
ssh,0.3852813852813853,shared,disturbed
ssh,0.7582417582417582,shared,harvest
ssh,0.7877094972067039,shared,prophetic
ssh,0.350210970464135,shared,finding
ssh,0.07744107744107744,b_only,smoke
ssh,1.0,a_only,snowball
ssh,0.8285714285714286,shared,alps
ssh,0.10726643598615918,b_only,inconvenience
ssh,0.06312292358803986,b_only,huck
ssh,0.350210970464135,shared,england
ssh,1.0,a_only,abdominal
ssh,0.7112299465240641,shared,actor
ssh,0.5609756097560976,shared,solitude
ssh,0.6580310880829016,shared,reserve
ssh,0.7204301075268817,shared,mild
ssh,0.07744107744107744,b_only,phonograph
ssh,1.0,a_only,reviewed
ssh,0.6243654822335025,shared,stated
ssh,0.0847457627118644,b_only,sensible
ssh,0.6161616161616161,shared,plates
ssh,0.3114754098360656,shared,himself
ssh,1.0,a_only,renowned
ssh,0.391304347826087,shared,interested
ssh,1.0,a_only,extend
ssh,0.4611872146118721,shared,concealed
ssh,0.5920398009950248,shared,avenue
ssh,0.6494845360824743,shared,backs
ssh,0.3278008298755187,shared,exclaimed
ssh,0.5311004784688995,shared,solitary
ssh,0.09215017064846416,b_only,warmed
ssh,1.0,a_only,unions
ssh,1.0,a_only,lillian
ssh,0.06666666666666667,b_only,repose
ssh,0.46788990825688076,shared,pen
ssh,1.0,a_only,correspond
ssh,0.11498257839721254,b_only,sails
ssh,1.0,a_only,caiman
ssh,0.3559322033898305,shared,dogs
ssh,0.7204301075268817,shared,imperial
ssh,0.7297297297297297,shared,identity
ssh,0.47465437788018433,shared,riding
ssh,0.3389121338912134,shared,unless
ssh,0.8497109826589595,shared,courier
ssh,0.4349775784753363,shared,described
ssh,0.09215017064846416,b_only,dreary
ssh,1.0,a_only,prominently
ssh,0.7297297297297297,shared,paragraph
ssh,1.0,a_only,fetus
ssh,1.0,a_only,clash
ssh,0.4349775784753363,shared,angel
ssh,0.285140562248996,shared,don
ssh,0.350210970464135,shared,ye
ssh,0.3617021276595745,shared,spite
ssh,1.0,a_only,ipod
ssh,1.0,a_only,locally
ssh,1.0,a_only,buffalo
ssh,0.7112299465240641,shared,favoured
ssh,0.7204301075268817,shared,tomorrow
ssh,0.5533980582524272,shared,introduce
ssh,1.0,a_only,argentine
ssh,1.0,a_only,russians
ssh,0.3333333333333333,shared,favour
ssh,1.0,a_only,imac
ssh,1.0,a_only,kurtz
ssh,0.6494845360824743,shared,refuge
ssh,1.0,a_only,factory
ssh,0.7582417582417582,shared,metallic
ssh,0.797752808988764,shared,weakened
ssh,0.7391304347826086,shared,patriotic
ssh,0.7486338797814208,shared,rear
ssh,0.47465437788018433,shared,hotel
ssh,0.2749003984063745,shared,ones
ssh,1.0,a_only,fleece
ssh,0.3617021276595745,shared,information
ssh,0.6494845360824743,shared,physician
ssh,0.675392670157068,shared,answers
ssh,1.0,a_only,abjad
ssh,1.0,a_only,sidney
ssh,0.7877094972067039,shared,lasts
ssh,0.4479638009049774,shared,loving
ssh,0.3008130081300813,shared,hands
ssh,0.4883720930232558,shared,project
ssh,0.3793103448275862,shared,occupied
ssh,0.0847457627118644,b_only,procession
ssh,1.0,a_only,taylor
ssh,0.7486338797814208,shared,policy
ssh,1.0,a_only,scoring
ssh,0.2549019607843137,shared,book
ssh,0.6326530612244898,shared,originally
ssh,0.5165876777251185,shared,rode
ssh,0.6842105263157895,shared,asks
ssh,0.36752136752136755,shared,particularly
ssh,0.32231404958677684,shared,alice
ssh,0.3852813852813853,shared,prevent
ssh,1.0,a_only,uterus
ssh,0.5686274509803921,shared,issue
ssh,0.09965635738831616,b_only,mos
ssh,0.4222222222222222,shared,material
ssh,0.3114754098360656,shared,were
ssh,1.0,a_only,navy
ssh,0.5920398009950248,shared,league
ssh,1.0,a_only,physicists
ssh,0.46788990825688076,shared,necessity
ssh,0.47465437788018433,shared,bare
ssh,1.0,a_only,construct
ssh,1.0,a_only,catholics
ssh,0.7112299465240641,shared,robe
ssh,0.7391304347826086,shared,relating
ssh,0.46788990825688076,shared,sermon
ssh,1.0,a_only,augustus
ssh,1.0,a_only,aeneas
ssh,0.0958904109589041,b_only,blessing
ssh,0.285140562248996,shared,presently
ssh,0.5920398009950248,shared,discussion
ssh,1.0,a_only,microscopic
ssh,0.7777777777777778,shared,assertion
ssh,0.7112299465240641,shared,skeleton
ssh,0.39737991266375544,shared,roof
ssh,0.46788990825688076,shared,singing
ssh,1.0,a_only,helps
ssh,0.5238095238095238,shared,firm
ssh,1.0,a_only,naval
ssh,1.0,a_only,meighen
ssh,1.0,a_only,pianist
ssh,1.0,a_only,apocryphal
ssh,1.0,a_only,socrates
ssh,0.3617021276595745,shared,chief
ssh,0.0958904109589041,b_only,rushes
ssh,0.40350877192982454,shared,trace
ssh,1.0,a_only,inc
ssh,0.5763546798029556,shared,bend
ssh,0.6410256410256411,shared,obtain
ssh,0.5311004784688995,shared,attracted
ssh,1.0,a_only,incorporated
ssh,0.08843537414965986,b_only,stared
ssh,0.29554655870445345,shared,take
ssh,0.3852813852813853,shared,current
ssh,0.5841584158415841,shared,attempts
ssh,0.7679558011049724,shared,stem
ssh,0.6243654822335025,shared,jackson
ssh,1.0,a_only,priscus
ssh,0.3114754098360656,shared,watson
ssh,0.245136186770428,shared,tell
ssh,0.7777777777777778,shared,et
ssh,1.0,a_only,eugenics
ssh,0.6243654822335025,shared,mid
ssh,0.45454545454545453,shared,delicate
ssh,0.07744107744107744,b_only,scared
ssh,1.0,a_only,racial
ssh,0.6666666666666666,shared,questioned
ssh,0.47465437788018433,shared,k
ssh,1.0,a_only,louisiana
ssh,0.3333333333333333,shared,office
ssh,0.6842105263157895,shared,jealousy
ssh,0.08843537414965986,b_only,contempt
ssh,0.10726643598615918,b_only,conceive
ssh,0.06312292358803986,b_only,exertion
ssh,0.39737991266375544,shared,soft
ssh,0.09965635738831616,b_only,subdued
ssh,1.0,a_only,manhattan
ssh,0.675392670157068,shared,critical
ssh,0.3008130081300813,shared,enter
ssh,1.0,a_only,vocal
ssh,0.3114754098360656,shared,lay
ssh,1.0,a_only,herbal
ssh,0.675392670157068,shared,bid
ssh,0.415929203539823,shared,lifted
ssh,0.7391304347826086,shared,construction
ssh,1.0,a_only,ted
ssh,1.0,a_only,plural
ssh,1.0,a_only,cellular
ssh,0.09215017064846416,b_only,pavement
ssh,0.3278008298755187,shared,elizabeth
ssh,0.7486338797814208,shared,culture
ssh,1.0,a_only,nonetheless
ssh,1.0,a_only,japan
ssh,0.3114754098360656,shared,post
ssh,0.09215017064846416,b_only,lydia
ssh,0.36752136752136755,shared,coach
ssh,1.0,a_only,google
ssh,1.0,a_only,adelaide
ssh,0.30612244897959184,shared,expected
ssh,0.5920398009950248,shared,british
ssh,0.7112299465240641,shared,beach
ssh,1.0,a_only,reef
ssh,1.0,a_only,aluminum
ssh,1.0,a_only,theological
ssh,0.10344827586206896,b_only,hellish
ssh,0.48148148148148145,shared,statement
ssh,0.7204301075268817,shared,fidelity
ssh,0.6494845360824743,shared,roughly
ssh,0.350210970464135,shared,crime
ssh,0.08843537414965986,b_only,damp
ssh,0.07023411371237458,b_only,poured
ssh,1.0,a_only,choices
ssh,0.0847457627118644,b_only,dimly
ssh,0.1111111111111111,b_only,pausing
ssh,1.0,a_only,rates
ssh,0.10726643598615918,b_only,washing
ssh,0.3008130081300813,shared,know
ssh,0.3114754098360656,shared,cousin
ssh,0.0958904109589041,b_only,howling
ssh,0.0847457627118644,b_only,heaps
ssh,0.08843537414965986,b_only,sibyl
ssh,0.25,shared,says
ssh,0.3793103448275862,shared,careful
ssh,0.6080402010050251,shared,spinning
ssh,1.0,a_only,symbolism
ssh,0.09965635738831616,b_only,stepping
ssh,1.0,a_only,winners
ssh,0.3793103448275862,shared,honest
ssh,0.0738255033557047,b_only,citizeness
ssh,1.0,a_only,swedish
ssh,1.0,a_only,doctrines
ssh,0.30612244897959184,shared,set
ssh,0.5311004784688995,shared,birth
ssh,0.08108108108108109,b_only,candles
ssh,0.1111111111111111,b_only,stake
ssh,0.5384615384615384,shared,unfortunately
ssh,0.09215017064846416,b_only,tremble
ssh,0.7877094972067039,shared,accumulated
ssh,0.0847457627118644,b_only,commence
ssh,1.0,a_only,flights
ssh,1.0,a_only,themes
ssh,1.0,a_only,epistles
ssh,0.7777777777777778,shared,surprising
ssh,0.5763546798029556,shared,kitchen
ssh,1.0,a_only,elector
ssh,0.5458937198067633,shared,source
ssh,0.3114754098360656,shared,world
ssh,1.0,a_only,chairman
ssh,1.0,a_only,producer
ssh,1.0,a_only,astronomical
ssh,1.0,a_only,invaded
ssh,1.0,a_only,magazines
ssh,0.09215017064846416,b_only,downstairs
ssh,1.0,a_only,defeats
ssh,1.0,a_only,pre
ssh,0.6243654822335025,shared,origin
ssh,1.0,a_only,abraxas
ssh,1.0,a_only,tarkovsky
ssh,1.0,a_only,magical
ssh,0.0958904109589041,b_only,nodding
ssh,1.0,a_only,translate
ssh,1.0,a_only,programs
ssh,0.47465437788018433,shared,b
ssh,0.7877094972067039,shared,rival
ssh,0.7204301075268817,shared,seizing
ssh,0.08843537414965986,b_only,suspect
ssh,0.5165876777251185,shared,local
ssh,0.4883720930232558,shared,newly
ssh,0.4883720930232558,shared,brothers
ssh,0.3168724279835391,shared,can
ssh,0.48148148148148145,shared,yard
ssh,0.45454545454545453,shared,august
ssh,1.0,a_only,network
ssh,0.06666666666666667,b_only,consolation
ssh,1.0,a_only,successive
ssh,1.0,a_only,limestone
ssh,1.0,a_only,defense
ssh,0.48148148148148145,shared,geneva
ssh,0.46788990825688076,shared,humble
ssh,0.07744107744107744,b_only,lagoon
ssh,0.7112299465240641,shared,pushing
ssh,0.675392670157068,shared,route
ssh,0.2698412698412698,shared,seeing
ssh,0.8390804597701149,shared,forests
ssh,0.10726643598615918,b_only,borrow
ssh,1.0,a_only,instituted
ssh,0.1111111111111111,b_only,clerval
ssh,1.0,a_only,phenomena
ssh,0.7486338797814208,shared,shores
ssh,0.5165876777251185,shared,occasional
ssh,0.7582417582417582,shared,withdrawn
ssh,1.0,a_only,vietnamese
ssh,1.0,a_only,feeding
ssh,0.6666666666666666,shared,incredible
ssh,1.0,a_only,include
ssh,1.0,a_only,exhibits
ssh,0.37339055793991416,shared,board
ssh,0.7679558011049724,shared,partners
ssh,0.06666666666666667,b_only,gazing
ssh,0.2698412698412698,shared,believed
ssh,0.6,shared,brilliant
ssh,1.0,a_only,fundamental
ssh,0.4611872146118721,shared,pile
ssh,0.4883720930232558,shared,royal
ssh,1.0,a_only,numerical
ssh,0.30612244897959184,shared,six
ssh,0.7112299465240641,shared,speaker
ssh,1.0,a_only,electoral
ssh,0.7582417582417582,shared,testimony
ssh,0.6931216931216931,shared,available
ssh,0.2749003984063745,shared,too
ssh,1.0,a_only,aramaic
ssh,0.09965635738831616,b_only,expecting
ssh,0.40969162995594716,shared,fifteen
ssh,1.0,a_only,soroban
ssh,0.09215017064846416,b_only,wigwam
ssh,0.285140562248996,shared,happiness
ssh,0.8285714285714286,shared,mississippi
ssh,1.0,a_only,substitution
ssh,0.4611872146118721,shared,level
ssh,0.5165876777251185,shared,courtyard
ssh,0.4479638009049774,shared,glory
ssh,1.0,a_only,brazilian
ssh,1.0,a_only,audiences
ssh,0.46788990825688076,shared,extreme
ssh,0.4953271028037383,shared,surrounded
ssh,0.6666666666666666,shared,scores
ssh,1.0,a_only,speculation
ssh,1.0,a_only,elders
ssh,1.0,a_only,drugs
ssh,0.48148148148148145,shared,floating
ssh,0.1267605633802817,b_only,cart
ssh,1.0,a_only,administered
ssh,0.32231404958677684,shared,knowledge
ssh,0.7391304347826086,shared,poets
ssh,0.6494845360824743,shared,register
ssh,1.0,a_only,stan
ssh,1.0,a_only,assassinated
ssh,0.30612244897959184,shared,between
ssh,0.45454545454545453,shared,buried
ssh,0.0738255033557047,b_only,bully
ssh,0.4349775784753363,shared,wet
ssh,0.7112299465240641,shared,astounding
ssh,1.0,a_only,abraham
ssh,0.7021276595744681,shared,happening
ssh,1.0,a_only,pallas
ssh,1.0,a_only,era
ssh,0.08108108108108109,b_only,learnt
ssh,0.7877094972067039,shared,directing
ssh,0.40350877192982454,shared,ordinary
ssh,0.5094339622641509,shared,mud
ssh,1.0,a_only,linemen
ssh,0.09965635738831616,b_only,dinah
ssh,0.2549019607843137,shared,sound
ssh,1.0,a_only,interestingly
ssh,0.6494845360824743,shared,spark
ssh,0.8285714285714286,shared,acquire
ssh,0.285140562248996,shared,back
ssh,1.0,a_only,schweitzer
ssh,1.0,a_only,neurological
ssh,0.40350877192982454,shared,persons
ssh,1.0,a_only,ki
ssh,0.7297297297297297,shared,deemed
ssh,0.07744107744107744,b_only,hatherley
ssh,0.4883720930232558,shared,needed
ssh,1.0,a_only,scripts
ssh,0.09965635738831616,b_only,dreadfully
ssh,0.5238095238095238,shared,mill
ssh,0.7204301075268817,shared,considerations
ssh,1.0,a_only,queensland
ssh,0.28,shared,closed
ssh,0.7112299465240641,shared,secretly
ssh,1.0,a_only,historically
ssh,1.0,a_only,divergence
ssh,1.0,a_only,prevention
ssh,1.0,a_only,phil
ssh,0.5763546798029556,shared,offensive
ssh,0.0958904109589041,b_only,thoughtful
ssh,0.47465437788018433,shared,concerning
ssh,0.7582417582417582,shared,imposed
ssh,1.0,a_only,broadcasting
ssh,0.25984251968503935,shared,held
ssh,1.0,a_only,mechanism
ssh,0.7486338797814208,shared,weigh
ssh,0.3168724279835391,shared,all
ssh,1.0,a_only,origins
ssh,1.0,a_only,presumably
ssh,1.0,a_only,solubility
ssh,0.09965635738831616,b_only,stepfather
ssh,0.23076923076923078,shared,nearly
ssh,1.0,a_only,tennis
ssh,1.0,a_only,kevin
ssh,0.2749003984063745,shared,watch
ssh,0.09965635738831616,b_only,3
ssh,0.1267605633802817,b_only,implored
ssh,0.0738255033557047,b_only,ornery
ssh,1.0,a_only,generate
ssh,0.2749003984063745,shared,walked
ssh,1.0,a_only,scrimmage
ssh,1.0,a_only,ammonium
ssh,1.0,a_only,analog
ssh,0.5311004784688995,shared,partner
ssh,0.09215017064846416,b_only,busted
ssh,0.6243654822335025,shared,enthusiasm
ssh,0.4611872146118721,shared,entrance
ssh,1.0,a_only,altaic
ssh,1.0,a_only,kingdoms
ssh,0.09215017064846416,b_only,talked
ssh,0.3852813852813853,shared,coat
ssh,1.0,a_only,document
ssh,0.7679558011049724,shared,imposing
ssh,0.28,shared,tone
ssh,0.11498257839721254,b_only,deduce
ssh,0.32231404958677684,shared,green
ssh,0.28,shared,laugh
ssh,0.2749003984063745,shared,began
ssh,0.36752136752136755,shared,thousand
ssh,1.0,a_only,ahmad
ssh,0.36752136752136755,shared,avoid
ssh,0.3168724279835391,shared,expect
ssh,0.5920398009950248,shared,reynolds
ssh,1.0,a_only,outcome
ssh,0.7777777777777778,shared,priest
ssh,0.7582417582417582,shared,fires
ssh,0.6,shared,convey
ssh,1.0,a_only,corporate
ssh,1.0,a_only,aided
ssh,0.5763546798029556,shared,drops
ssh,0.12280701754385964,b_only,keenly
ssh,0.4611872146118721,shared,beloved
ssh,0.4611872146118721,shared,accompanied
ssh,0.4883720930232558,shared,wasted
ssh,0.08843537414965986,b_only,1
ssh,0.7391304347826086,shared,elevation
ssh,0.5686274509803921,shared,recommend
ssh,1.0,a_only,antony
ssh,0.2648221343873518,shared,piece
ssh,0.7679558011049724,shared,cylinder
ssh,1.0,a_only,variation
ssh,0.45454545454545453,shared,huge
ssh,0.5920398009950248,shared,obtained
ssh,0.36752136752136755,shared,burning
ssh,0.09215017064846416,b_only,agin
ssh,0.10344827586206896,b_only,hunted
ssh,1.0,a_only,cambrian
ssh,0.12280701754385964,b_only,gilt
ssh,0.08108108108108109,b_only,saddle
ssh,0.3389121338912134,shared,listen
ssh,0.1111111111111111,b_only,hiding
ssh,1.0,a_only,australians
ssh,0.7777777777777778,shared,philosophers
ssh,0.37339055793991416,shared,food
ssh,0.6931216931216931,shared,cease
ssh,1.0,a_only,advocated
ssh,1.0,a_only,testing
ssh,0.6666666666666666,shared,hospital
ssh,0.44144144144144143,shared,evident
ssh,1.0,a_only,indicator
ssh,0.08108108108108109,b_only,attendant
ssh,0.6410256410256411,shared,ernest
ssh,0.3008130081300813,shared,gone
ssh,0.48148148148148145,shared,staggered
ssh,0.45454545454545453,shared,sheep
ssh,1.0,a_only,sulfur
ssh,0.29554655870445345,shared,where
ssh,0.7112299465240641,shared,whitney
ssh,0.5609756097560976,shared,offices
ssh,1.0,a_only,mead
ssh,1.0,a_only,ginsberg
ssh,0.09965635738831616,b_only,dey
ssh,1.0,a_only,howard
ssh,0.44144144144144143,shared,client
ssh,0.056105610561056105,b_only,leisure
ssh,0.2903225806451613,shared,outside
ssh,0.6410256410256411,shared,experiences
ssh,1.0,a_only,sophisticated
ssh,0.07023411371237458,b_only,clutched
ssh,1.0,a_only,comprise
ssh,0.3333333333333333,shared,rate
ssh,0.47465437788018433,shared,attend
ssh,1.0,a_only,kurosawa
ssh,0.5841584158415841,shared,prevailed
ssh,1.0,a_only,comprises
ssh,0.32231404958677684,shared,week
ssh,0.3559322033898305,shared,accept
ssh,0.7112299465240641,shared,exciting
ssh,0.3114754098360656,shared,oh
ssh,1.0,a_only,programmers
ssh,0.2903225806451613,shared,living
ssh,0.6,shared,apartment
ssh,0.2698412698412698,shared,see
ssh,0.37339055793991416,shared,shoes
ssh,0.2698412698412698,shared,tears
ssh,0.7112299465240641,shared,regularly
ssh,0.797752808988764,shared,estimate
ssh,1.0,a_only,settings
ssh,1.0,a_only,organic
ssh,1.0,a_only,reduce
ssh,0.059602649006622516,b_only,mock
ssh,1.0,a_only,tai
ssh,0.6410256410256411,shared,strict
ssh,0.8604651162790697,shared,additions
ssh,1.0,a_only,hydrogen
ssh,1.0,a_only,resulting
ssh,1.0,a_only,annales
ssh,1.0,a_only,schedule
ssh,0.2648221343873518,shared,dark
ssh,0.7582417582417582,shared,resource
ssh,0.5384615384615384,shared,metal
ssh,0.25,shared,certainly
ssh,1.0,a_only,encoding
ssh,0.7204301075268817,shared,lizard
ssh,0.06312292358803986,b_only,frighten
ssh,0.3445378151260504,shared,marry
ssh,0.350210970464135,shared,madame
ssh,0.6161616161616161,shared,trip
ssh,0.6580310880829016,shared,hood
ssh,1.0,a_only,gender
ssh,0.07023411371237458,b_only,drawers
ssh,0.6580310880829016,shared,pressure
ssh,0.5165876777251185,shared,response
ssh,0.0847457627118644,b_only,pudding
ssh,1.0,a_only,syndrome
ssh,1.0,a_only,predicted
ssh,0.36752136752136755,shared,worn
ssh,1.0,a_only,launches
ssh,0.3008130081300813,shared,close
ssh,0.6161616161616161,shared,condemned
ssh,1.0,a_only,occupies
ssh,0.45454545454545453,shared,temple
ssh,0.350210970464135,shared,pray
ssh,0.675392670157068,shared,vii
ssh,0.5686274509803921,shared,propose
ssh,0.797752808988764,shared,appealed
ssh,1.0,a_only,gabon
ssh,0.07744107744107744,b_only,stillness
ssh,1.0,a_only,february
ssh,1.0,a_only,boyle
ssh,0.10726643598615918,b_only,pallor
ssh,1.0,a_only,workers
ssh,0.7021276595744681,shared,commanded
ssh,0.7777777777777778,shared,wherein
ssh,0.6243654822335025,shared,retire
ssh,0.7204301075268817,shared,destined
ssh,1.0,a_only,chicago
ssh,0.39737991266375544,shared,troubles
ssh,1.0,a_only,derivative
ssh,1.0,a_only,criticized
ssh,0.07744107744107744,b_only,laughed
ssh,1.0,a_only,input
ssh,0.08843537414965986,b_only,uttered
ssh,1.0,a_only,addiction
ssh,0.059602649006622516,b_only,devils
ssh,0.6326530612244898,shared,solution
ssh,0.7391304347826086,shared,pooh
ssh,0.7204301075268817,shared,complaint
ssh,1.0,a_only,architect
ssh,0.7112299465240641,shared,customer
ssh,1.0,a_only,aesthetic
ssh,0.285140562248996,shared,threw
ssh,0.3278008298755187,shared,throw
ssh,0.6080402010050251,shared,morals
ssh,1.0,a_only,boas
ssh,0.3114754098360656,shared,locked
ssh,0.7582417582417582,shared,skies
ssh,0.3389121338912134,shared,lit
ssh,1.0,a_only,specimens
ssh,1.0,a_only,balloons
ssh,1.0,a_only,bavarian
ssh,0.5384615384615384,shared,occasions
ssh,0.5763546798029556,shared,ceremony
ssh,1.0,a_only,casualties
ssh,1.0,a_only,extinct
ssh,0.350210970464135,shared,plan
ssh,1.0,a_only,kasparov
ssh,1.0,a_only,hindu
ssh,1.0,a_only,deposits
ssh,1.0,a_only,solving
ssh,0.10726643598615918,b_only,kindness
ssh,0.7204301075268817,shared,britain
ssh,1.0,a_only,morocco
ssh,0.2698412698412698,shared,shadow
ssh,1.0,a_only,forum
ssh,0.6666666666666666,shared,persisted
ssh,0.6494845360824743,shared,differently
ssh,0.09965635738831616,b_only,11
ssh,0.08843537414965986,b_only,sincere
ssh,0.08108108108108109,b_only,distressed
ssh,0.7582417582417582,shared,relates
ssh,1.0,a_only,contains
ssh,0.4479638009049774,shared,increased
ssh,1.0,a_only,aphrodite
ssh,0.42857142857142855,shared,born
ssh,1.0,a_only,races
ssh,0.6,shared,discovering
ssh,1.0,a_only,dinosaur
ssh,0.5763546798029556,shared,species
ssh,0.5920398009950248,shared,sunlight
ssh,0.7204301075268817,shared,farmers
ssh,0.3114754098360656,shared,stood
ssh,0.6666666666666666,shared,area
ssh,1.0,a_only,colored
ssh,0.09215017064846416,b_only,slightest
ssh,0.3114754098360656,shared,heavily
ssh,1.0,a_only,engineers
ssh,1.0,a_only,abortion
ssh,1.0,a_only,melting
ssh,0.25,shared,out
ssh,0.7204301075268817,shared,acceptance
ssh,0.4953271028037383,shared,abroad
ssh,0.2260536398467433,shared,open
ssh,0.08843537414965986,b_only,intending
ssh,0.7582417582417582,shared,mall
ssh,0.6243654822335025,shared,imprisonment
ssh,0.23552123552123552,shared,wait
ssh,0.4479638009049774,shared,pull
ssh,0.07744107744107744,b_only,sounded
ssh,1.0,a_only,financial
ssh,1.0,a_only,conquer
ssh,1.0,a_only,computers
ssh,0.40350877192982454,shared,connection
ssh,0.7877094972067039,shared,cotton
ssh,0.0847457627118644,b_only,lordship
ssh,0.7777777777777778,shared,varying
ssh,1.0,a_only,inability
ssh,0.5920398009950248,shared,lists
ssh,0.7297297297297297,shared,safer
ssh,0.42857142857142855,shared,branches
ssh,0.7582417582417582,shared,memorable
ssh,1.0,a_only,hellenic
ssh,1.0,a_only,annually
ssh,0.11498257839721254,b_only,cares
ssh,0.807909604519774,shared,prejudices
ssh,1.0,a_only,rhetoric
ssh,1.0,a_only,ornamental
ssh,1.0,a_only,awk
ssh,0.06312292358803986,b_only,rejoiced
ssh,0.8390804597701149,shared,knights
ssh,0.5458937198067633,shared,argument
ssh,0.09215017064846416,b_only,tow
ssh,1.0,a_only,surrender
ssh,0.7486338797814208,shared,stuffed
ssh,0.08108108108108109,b_only,sweetness
ssh,0.3445378151260504,shared,drunk
ssh,0.5165876777251185,shared,painted
ssh,0.7877094972067039,shared,supernatural
ssh,0.07744107744107744,b_only,abhorrence
ssh,1.0,a_only,solutions
ssh,0.10344827586206896,b_only,intolerable
ssh,0.29554655870445345,shared,start
ssh,0.4611872146118721,shared,thousands
ssh,1.0,a_only,logo
ssh,0.08843537414965986,b_only,wonders
ssh,0.6580310880829016,shared,joint
ssh,0.350210970464135,shared,seward
ssh,1.0,a_only,ames
ssh,1.0,a_only,formulas
ssh,1.0,a_only,maintained
ssh,0.5023474178403756,shared,hunger
ssh,1.0,a_only,structured
ssh,0.6,shared,buzz
ssh,1.0,a_only,australian
ssh,1.0,a_only,ancestral
ssh,0.09965635738831616,b_only,composure
ssh,1.0,a_only,elliott
ssh,0.8285714285714286,shared,nt
ssh,0.2648221343873518,shared,past
ssh,1.0,a_only,starring
ssh,1.0,a_only,vocabulary
ssh,1.0,a_only,ninth
ssh,1.0,a_only,des
ssh,1.0,a_only,portal
ssh,0.37339055793991416,shared,advice
ssh,0.6,shared,curse
ssh,0.2698412698412698,shared,opinion
ssh,0.797752808988764,shared,improve
ssh,1.0,a_only,activist
ssh,0.7112299465240641,shared,amusing
ssh,0.0958904109589041,b_only,chairs
ssh,0.0847457627118644,b_only,sincerely
ssh,1.0,a_only,coup
ssh,1.0,a_only,finance
ssh,0.6666666666666666,shared,alternative
ssh,0.0958904109589041,b_only,blast
ssh,0.7112299465240641,shared,hi
ssh,1.0,a_only,dementia
ssh,1.0,a_only,molecular
ssh,1.0,a_only,var
ssh,1.0,a_only,compound
ssh,0.6326530612244898,shared,stroke
ssh,0.48148148148148145,shared,departed
ssh,0.7877094972067039,shared,convince
ssh,0.08843537414965986,b_only,betray
ssh,0.5609756097560976,shared,apprehension
ssh,0.3333333333333333,shared,catch
ssh,0.10726643598615918,b_only,shouting
ssh,1.0,a_only,illustrated
ssh,1.0,a_only,institutions
ssh,0.07744107744107744,b_only,marvellous
ssh,1.0,a_only,allegiance
ssh,0.6494845360824743,shared,hop
ssh,0.8390804597701149,shared,plains
ssh,0.25984251968503935,shared,girls
ssh,0.0958904109589041,b_only,spectacles
ssh,0.5841584158415841,shared,security
ssh,0.7112299465240641,shared,boom
ssh,0.6580310880829016,shared,inspiration
ssh,1.0,a_only,franz
ssh,0.6580310880829016,shared,newspapers
ssh,0.7204301075268817,shared,agency
ssh,0.5686274509803921,shared,mood
ssh,0.08843537414965986,b_only,distress
ssh,0.09215017064846416,b_only,lily
ssh,0.7391304347826086,shared,employ
ssh,1.0,a_only,nationalist
ssh,1.0,a_only,ammonia
ssh,1.0,a_only,athabasca
ssh,0.48148148148148145,shared,immense
ssh,0.08843537414965986,b_only,hateful
ssh,0.6666666666666666,shared,im
ssh,1.0,a_only,credited
ssh,0.10726643598615918,b_only,chaise
ssh,0.415929203539823,shared,chain
ssh,1.0,a_only,rainfall
ssh,0.36752136752136755,shared,news
ssh,0.6243654822335025,shared,exchanged
ssh,0.4479638009049774,shared,request
ssh,0.06312292358803986,b_only,gasped
ssh,0.7021276595744681,shared,brutal
ssh,1.0,a_only,ultimate
ssh,1.0,a_only,joan
ssh,0.6931216931216931,shared,fox
ssh,1.0,a_only,football
ssh,0.1111111111111111,b_only,tidings
ssh,1.0,a_only,warner
ssh,1.0,a_only,liquid
ssh,1.0,a_only,wayne
ssh,0.09965635738831616,b_only,rags
ssh,1.0,a_only,retaining
ssh,0.3114754098360656,shared,shown
ssh,1.0,a_only,axioms
ssh,1.0,a_only,hellenistic
ssh,0.4479638009049774,shared,escaped
ssh,1.0,a_only,mystical
ssh,1.0,a_only,player
ssh,1.0,a_only,controversy
ssh,0.7204301075268817,shared,exalted
ssh,0.3278008298755187,shared,wide
ssh,1.0,a_only,publication
ssh,0.5458937198067633,shared,scattered
ssh,1.0,a_only,ethiopia
ssh,0.0738255033557047,b_only,quivered
ssh,0.07023411371237458,b_only,tranquillity
ssh,1.0,a_only,polar
ssh,0.2903225806451613,shared,honour
ssh,1.0,a_only,hastings
ssh,0.6931216931216931,shared,issued
ssh,0.29554655870445345,shared,windows
ssh,1.0,a_only,ranges
ssh,1.0,a_only,featured
ssh,0.08108108108108109,b_only,orgies
ssh,0.5165876777251185,shared,prefer
ssh,1.0,a_only,speakers
ssh,0.08108108108108109,b_only,ef
ssh,0.09965635738831616,b_only,miserable
ssh,0.3278008298755187,shared,hurt
ssh,0.3389121338912134,shared,lord
ssh,0.7297297297297297,shared,trained
ssh,1.0,a_only,supports
ssh,1.0,a_only,births
ssh,0.4222222222222222,shared,clue
ssh,0.3389121338912134,shared,names
ssh,0.3278008298755187,shared,moment
ssh,0.11498257839721254,b_only,shawl
ssh,0.0738255033557047,b_only,fascinated
ssh,1.0,a_only,gospels
ssh,0.5023474178403756,shared,process
ssh,0.32231404958677684,shared,queen
ssh,0.4883720930232558,shared,souls
ssh,0.4222222222222222,shared,tall
ssh,1.0,a_only,training
ssh,0.2749003984063745,shared,waited
ssh,1.0,a_only,muslim
ssh,1.0,a_only,heir
ssh,0.3333333333333333,shared,ben
ssh,0.08843537414965986,b_only,lucky
ssh,1.0,a_only,minerals
ssh,1.0,a_only,korean
ssh,0.0958904109589041,b_only,knock
ssh,0.7204301075268817,shared,edward
ssh,0.6580310880829016,shared,responsibility
ssh,0.6326530612244898,shared,deliberately
ssh,1.0,a_only,followers
ssh,0.3008130081300813,shared,brought
ssh,0.3168724279835391,shared,speak
ssh,0.675392670157068,shared,acknowledge
ssh,0.5165876777251185,shared,weapon
ssh,1.0,a_only,aftermath
ssh,0.28,shared,nice
ssh,0.06666666666666667,b_only,turtle
ssh,0.06666666666666667,b_only,quincey
ssh,0.06666666666666667,b_only,neverland
ssh,0.3852813852813853,shared,hundred
ssh,0.675392670157068,shared,welcomed
ssh,0.6580310880829016,shared,arrow
ssh,1.0,a_only,bce
ssh,0.6666666666666666,shared,readers
ssh,0.2698412698412698,shared,pain
ssh,0.5023474178403756,shared,reference
ssh,0.5384615384615384,shared,kick
ssh,0.36752136752136755,shared,gate
ssh,1.0,a_only,sa
ssh,0.5686274509803921,shared,handle
ssh,0.0958904109589041,b_only,breathe
ssh,1.0,a_only,contribution
ssh,0.0738255033557047,b_only,frankly
ssh,0.36752136752136755,shared,marked
ssh,0.0847457627118644,b_only,parsonage
ssh,0.39737991266375544,shared,dust
ssh,0.3333333333333333,shared,blind
ssh,1.0,a_only,rating
ssh,0.5458937198067633,shared,tide
ssh,0.4479638009049774,shared,guide
ssh,0.5920398009950248,shared,shocked
ssh,0.37339055793991416,shared,portrait
ssh,0.6494845360824743,shared,central
ssh,0.09965635738831616,b_only,boyhood
ssh,1.0,a_only,herman
ssh,1.0,a_only,ads
ssh,0.07023411371237458,b_only,rested
ssh,1.0,a_only,utc
ssh,0.8285714285714286,shared,attribute
ssh,1.0,a_only,domination
ssh,0.5311004784688995,shared,agree
ssh,1.0,a_only,proton
ssh,1.0,a_only,crystals
ssh,0.09215017064846416,b_only,gabelle
ssh,0.05263157894736842,b_only,busy
ssh,0.0958904109589041,b_only,intimacy
ssh,0.07023411371237458,b_only,dreadful
ssh,0.6666666666666666,shared,schools
ssh,1.0,a_only,tours
ssh,1.0,a_only,administrative
ssh,0.5533980582524272,shared,u
ssh,0.6842105263157895,shared,dramatic
ssh,0.5094339622641509,shared,suspense
ssh,1.0,a_only,seventh
ssh,0.6494845360824743,shared,relative
ssh,0.32231404958677684,shared,child
ssh,1.0,a_only,kansas
ssh,0.6580310880829016,shared,button
ssh,1.0,a_only,animism
ssh,1.0,a_only,fluid
ssh,0.09965635738831616,b_only,timid
ssh,1.0,a_only,gregorian
ssh,1.0,a_only,dose
ssh,0.3114754098360656,shared,light
ssh,0.7877094972067039,shared,vessels
ssh,0.5165876777251185,shared,likewise
ssh,0.7021276595744681,shared,giant
ssh,0.7112299465240641,shared,olive
ssh,1.0,a_only,distribution
ssh,0.3793103448275862,shared,nonsense
ssh,0.675392670157068,shared,hatred
ssh,0.3168724279835391,shared,houses
ssh,0.6842105263157895,shared,assembly
ssh,0.06666666666666667,b_only,dad
ssh,1.0,a_only,reliable
ssh,1.0,a_only,resembles
ssh,1.0,a_only,surfaces
ssh,1.0,a_only,govern
ssh,0.6494845360824743,shared,backward
ssh,0.0958904109589041,b_only,cousins
ssh,1.0,a_only,facilitate
ssh,1.0,a_only,mathematician
ssh,0.3008130081300813,shared,mark
ssh,0.6931216931216931,shared,rational
ssh,1.0,a_only,implies
ssh,0.7777777777777778,shared,tenth
ssh,0.0958904109589041,b_only,gloom
ssh,0.3389121338912134,shared,such
ssh,0.0738255033557047,b_only,frankenstein
ssh,0.6666666666666666,shared,india
ssh,1.0,a_only,initial
ssh,1.0,a_only,dos
ssh,0.0738255033557047,b_only,tedious
ssh,0.47465437788018433,shared,wholly
ssh,0.4479638009049774,shared,united
ssh,0.7679558011049724,shared,draws
ssh,0.7679558011049724,shared,heated
ssh,1.0,a_only,inorganic
ssh,0.4611872146118721,shared,conviction
ssh,0.6494845360824743,shared,foe
ssh,1.0,a_only,murders
ssh,0.6842105263157895,shared,serving
ssh,1.0,a_only,adonis
ssh,1.0,a_only,website
ssh,0.48148148148148145,shared,misfortune
ssh,1.0,a_only,definitions
ssh,0.45454545454545453,shared,acting
ssh,0.6666666666666666,shared,shelves
ssh,0.1387900355871886,b_only,wuz
ssh,0.5841584158415841,shared,fashioned
ssh,1.0,a_only,websites
ssh,0.08843537414965986,b_only,dozen
ssh,1.0,a_only,decreasing
ssh,0.6494845360824743,shared,jeff
ssh,0.6494845360824743,shared,basis
ssh,0.0847457627118644,b_only,remorse
ssh,1.0,a_only,syria
ssh,1.0,a_only,negligible
ssh,0.5841584158415841,shared,chiefly
ssh,0.7777777777777778,shared,illusion
ssh,1.0,a_only,branden
ssh,0.675392670157068,shared,stout
ssh,0.7391304347826086,shared,assume
ssh,0.10726643598615918,b_only,wander
ssh,0.5841584158415841,shared,eighteen
ssh,0.10344827586206896,b_only,rushed
ssh,0.3559322033898305,shared,ordered
ssh,0.46788990825688076,shared,spared
ssh,0.0847457627118644,b_only,strolled
ssh,0.08843537414965986,b_only,knelt
ssh,0.7204301075268817,shared,lovers
ssh,1.0,a_only,impact
ssh,0.08843537414965986,b_only,hurrying
ssh,0.8181818181818182,shared,hooker
ssh,0.2698412698412698,shared,read
ssh,0.7297297297297297,shared,ministers
ssh,0.5023474178403756,shared,permission
ssh,0.4953271028037383,shared,states
ssh,0.6410256410256411,shared,cow
ssh,0.1111111111111111,b_only,thirst
ssh,0.5094339622641509,shared,introduction
ssh,0.6161616161616161,shared,article
ssh,0.28,shared,fell
ssh,1.0,a_only,businessman
ssh,1.0,a_only,unsuccessful
ssh,0.6666666666666666,shared,sale
ssh,1.0,a_only,ferdinand
ssh,0.6580310880829016,shared,strings
ssh,0.3114754098360656,shared,also
ssh,0.7486338797814208,shared,diamonds
ssh,1.0,a_only,san
ssh,1.0,a_only,mainstream
ssh,1.0,a_only,clinical
ssh,0.28,shared,crying
ssh,0.5609756097560976,shared,dusk
ssh,0.6842105263157895,shared,earthly
ssh,0.3617021276595745,shared,fool
ssh,0.09965635738831616,b_only,tiptoe
ssh,0.7204301075268817,shared,th
ssh,0.4953271028037383,shared,attempted
ssh,1.0,a_only,camus
ssh,0.3278008298755187,shared,self
ssh,1.0,a_only,abscess
ssh,1.0,a_only,ashoka
ssh,1.0,a_only,premiers
ssh,1.0,a_only,babylonian
ssh,0.3617021276595745,shared,directed
ssh,0.28,shared,natural
ssh,0.07744107744107744,b_only,hullo
ssh,1.0,a_only,indirect
ssh,0.5458937198067633,shared,weakness
ssh,0.4883720930232558,shared,veil
ssh,0.5023474178403756,shared,reflect
ssh,0.6080402010050251,shared,worship
ssh,0.6326530612244898,shared,literature
ssh,0.4222222222222222,shared,flying
ssh,0.6580310880829016,shared,tortured
ssh,0.08108108108108109,b_only,sane
ssh,0.5094339622641509,shared,folded
ssh,0.807909604519774,shared,index
ssh,1.0,a_only,marsh
ssh,0.7204301075268817,shared,defined
ssh,0.42857142857142855,shared,toward
ssh,0.45454545454545453,shared,pose
ssh,0.07744107744107744,b_only,desolate
ssh,1.0,a_only,neo
ssh,0.6494845360824743,shared,experiment
ssh,1.0,a_only,films
ssh,1.0,a_only,continents
ssh,0.0738255033557047,b_only,rang
ssh,1.0,a_only,forums
ssh,0.3852813852813853,shared,passage
ssh,1.0,a_only,facto
ssh,0.6494845360824743,shared,promises
ssh,0.2903225806451613,shared,wild
ssh,1.0,a_only,export
ssh,0.7112299465240641,shared,accompanying
ssh,0.7204301075268817,shared,placing
ssh,1.0,a_only,founding
ssh,0.4479638009049774,shared,height
ssh,0.4953271028037383,shared,summoned
ssh,0.0958904109589041,b_only,pleased
ssh,1.0,a_only,saga
ssh,0.3114754098360656,shared,sleep
ssh,0.5165876777251185,shared,stopping
ssh,1.0,a_only,crops
ssh,0.1111111111111111,b_only,erskine
ssh,1.0,a_only,substances
ssh,0.09215017064846416,b_only,elbows
ssh,0.07744107744107744,b_only,strangely
ssh,1.0,a_only,editing
ssh,0.0738255033557047,b_only,crush
ssh,1.0,a_only,humorous
ssh,1.0,a_only,austria
ssh,0.6243654822335025,shared,intellect
ssh,1.0,a_only,titles
ssh,1.0,a_only,karpov
ssh,1.0,a_only,reversed
ssh,0.08108108108108109,b_only,tin
ssh,1.0,a_only,links
ssh,1.0,a_only,verbal
ssh,0.11498257839721254,b_only,frowned
ssh,0.4479638009049774,shared,gay
ssh,0.5458937198067633,shared,portion
ssh,0.5094339622641509,shared,romantic
ssh,0.5841584158415841,shared,roots
ssh,0.28,shared,about
ssh,0.5458937198067633,shared,interfere
ssh,0.5023474178403756,shared,solomon
ssh,0.32231404958677684,shared,note
ssh,0.3445378151260504,shared,understood
ssh,0.350210970464135,shared,relations
ssh,0.0738255033557047,b_only,cruncher
ssh,0.6161616161616161,shared,advantages
ssh,0.5311004784688995,shared,invention
ssh,0.07023411371237458,b_only,snowy
ssh,1.0,a_only,inventors
ssh,1.0,a_only,formula
ssh,0.0958904109589041,b_only,disposed
ssh,1.0,a_only,oceans
ssh,1.0,a_only,victorian
ssh,0.7297297297297297,shared,normal
ssh,0.10344827586206896,b_only,weary
ssh,1.0,a_only,treatments
ssh,0.6931216931216931,shared,jews
ssh,1.0,a_only,movie
ssh,0.40969162995594716,shared,previous
ssh,1.0,a_only,operator
ssh,0.7297297297297297,shared,boarding
ssh,0.30612244897959184,shared,beside
ssh,0.3617021276595745,shared,maid
ssh,1.0,a_only,monopoly
ssh,0.7297297297297297,shared,ad
ssh,0.391304347826087,shared,cleared
ssh,0.40350877192982454,shared,sea
ssh,0.6,shared,mental
ssh,1.0,a_only,todd
ssh,1.0,a_only,anarchism
ssh,0.5458937198067633,shared,enjoyment
ssh,1.0,a_only,preliminary
ssh,0.6326530612244898,shared,cutting
ssh,0.797752808988764,shared,apt
ssh,0.0847457627118644,b_only,gwyne
ssh,0.2549019607843137,shared,allowed
ssh,0.6080402010050251,shared,remove
ssh,0.09215017064846416,b_only,spies
ssh,1.0,a_only,recurring
ssh,1.0,a_only,installed
ssh,0.5609756097560976,shared,opium
ssh,0.391304347826087,shared,lively
ssh,1.0,a_only,commitment
ssh,1.0,a_only,collectively
ssh,0.45454545454545453,shared,abandoned
ssh,0.7777777777777778,shared,recovery
ssh,0.7021276595744681,shared,lighter
ssh,0.4349775784753363,shared,chamber
ssh,1.0,a_only,spectacular
ssh,0.07744107744107744,b_only,doan
ssh,0.09965635738831616,b_only,fo
ssh,0.350210970464135,shared,society
ssh,1.0,a_only,standards
ssh,0.40350877192982454,shared,library
ssh,0.6842105263157895,shared,suggestion
ssh,0.0847457627118644,b_only,bastille
ssh,1.0,a_only,geology
ssh,0.7297297297297297,shared,grows
ssh,0.6243654822335025,shared,captured
ssh,1.0,a_only,navigation
ssh,0.6161616161616161,shared,tower
ssh,0.22137404580152673,shared,work
ssh,0.5458937198067633,shared,utterly
ssh,0.6666666666666666,shared,emphasis
ssh,0.0847457627118644,b_only,dances
ssh,0.0847457627118644,b_only,szgany
ssh,0.2903225806451613,shared,ah
ssh,1.0,a_only,oracle
ssh,0.7877094972067039,shared,concentration
ssh,0.350210970464135,shared,ha
ssh,0.5165876777251185,shared,beings
ssh,0.675392670157068,shared,talent
ssh,0.6842105263157895,shared,banished
ssh,0.3389121338912134,shared,arms
ssh,0.0738255033557047,b_only,wonderful
ssh,1.0,a_only,legitimate
ssh,1.0,a_only,assassination
ssh,0.6,shared,w
ssh,0.5841584158415841,shared,everywhere
ssh,0.5841584158415841,shared,cloth
ssh,0.0738255033557047,b_only,knowed
ssh,0.6326530612244898,shared,income
ssh,0.39737991266375544,shared,chosen
ssh,1.0,a_only,stewart
ssh,0.6410256410256411,shared,insufficient
ssh,0.6080402010050251,shared,vote
ssh,0.7021276595744681,shared,confirm
ssh,0.07744107744107744,b_only,ascended
ssh,1.0,a_only,computation
ssh,1.0,a_only,theater
ssh,1.0,a_only,charlemagne
ssh,1.0,a_only,revolutionaries
ssh,0.28,shared,evening
ssh,0.7777777777777778,shared,opportunities
ssh,0.06666666666666667,b_only,parted
ssh,0.3617021276595745,shared,ceased
ssh,0.7112299465240641,shared,youthful
ssh,1.0,a_only,starts
ssh,0.12280701754385964,b_only,helsing
ssh,0.6,shared,disdain
ssh,0.37339055793991416,shared,direction
ssh,1.0,a_only,franklin
ssh,1.0,a_only,termed
ssh,0.07744107744107744,b_only,ere
ssh,1.0,a_only,aachen
ssh,0.6,shared,blown
ssh,0.0958904109589041,b_only,afforded
ssh,0.3389121338912134,shared,drop
ssh,0.08108108108108109,b_only,daresay
ssh,0.6,shared,instructions
ssh,0.4953271028037383,shared,intent
ssh,0.6,shared,benevolent
ssh,0.45454545454545453,shared,field
ssh,0.5238095238095238,shared,unlike
ssh,0.25984251968503935,shared,herself
ssh,0.7777777777777778,shared,agrippa
ssh,0.28,shared,eye
ssh,0.3793103448275862,shared,reach
ssh,0.6,shared,activity
ssh,0.7297297297297297,shared,selection
ssh,1.0,a_only,occurring
ssh,1.0,a_only,dagny
ssh,0.6161616161616161,shared,leagues
ssh,0.7582417582417582,shared,venetian
ssh,0.2698412698412698,shared,after
ssh,1.0,a_only,reportedly
ssh,1.0,a_only,audi
ssh,1.0,a_only,iso
ssh,1.0,a_only,howe
ssh,0.0738255033557047,b_only,winchester
ssh,0.415929203539823,shared,affected
ssh,0.45454545454545453,shared,wise
ssh,1.0,a_only,alabaster
ssh,1.0,a_only,ransom
ssh,0.32231404958677684,shared,certain
ssh,1.0,a_only,jpg
ssh,1.0,a_only,interpretations
ssh,1.0,a_only,colorado
ssh,0.6326530612244898,shared,moderate
ssh,1.0,a_only,designer
ssh,1.0,a_only,initiated
ssh,0.6580310880829016,shared,inevitable
ssh,1.0,a_only,networks
ssh,0.6494845360824743,shared,congress
ssh,0.46788990825688076,shared,obvious
ssh,0.5609756097560976,shared,profession
ssh,1.0,a_only,participation
ssh,1.0,a_only,epitome
ssh,0.39737991266375544,shared,suggested
ssh,0.6243654822335025,shared,replaced
ssh,1.0,a_only,arabs
ssh,1.0,a_only,inland
ssh,0.29554655870445345,shared,of
ssh,0.7582417582417582,shared,consumption
ssh,0.3168724279835391,shared,paper
ssh,0.6080402010050251,shared,harmony
ssh,1.0,a_only,organised
ssh,1.0,a_only,manchester
ssh,1.0,a_only,invade
ssh,0.6,shared,spectators
ssh,0.5384615384615384,shared,final
ssh,1.0,a_only,chloride
ssh,0.32231404958677684,shared,missed
ssh,0.5609756097560976,shared,attacked
ssh,0.0847457627118644,b_only,jewel
ssh,0.08108108108108109,b_only,cottagers
ssh,1.0,a_only,inclusion
ssh,0.7679558011049724,shared,massacre
ssh,1.0,a_only,pacifist
ssh,0.391304347826087,shared,reality
ssh,0.6161616161616161,shared,pearls
ssh,0.0958904109589041,b_only,helpless
ssh,0.09965635738831616,b_only,mouths
ssh,0.675392670157068,shared,encountered
ssh,1.0,a_only,displays
ssh,0.07023411371237458,b_only,entreaties
ssh,0.8390804597701149,shared,seeds
ssh,0.7204301075268817,shared,impressive
ssh,1.0,a_only,notably
ssh,0.5763546798029556,shared,yielded
ssh,1.0,a_only,eichmann
ssh,0.5686274509803921,shared,passionate
ssh,0.6080402010050251,shared,warned
ssh,1.0,a_only,advent
ssh,0.6410256410256411,shared,scarlet
ssh,0.7204301075268817,shared,updated
ssh,1.0,a_only,digital
ssh,0.1111111111111111,b_only,groaned
ssh,0.0847457627118644,b_only,swear
ssh,1.0,a_only,organisation
ssh,0.6580310880829016,shared,shoot
ssh,1.0,a_only,strikers
ssh,1.0,a_only,haer
ssh,0.6494845360824743,shared,hank
ssh,0.5023474178403756,shared,christian
ssh,0.2698412698412698,shared,voice
ssh,1.0,a_only,novelist
ssh,0.6161616161616161,shared,appeal
ssh,1.0,a_only,hu
ssh,0.3008130081300813,shared,unhappy
ssh,0.06312292358803986,b_only,nay
ssh,1.0,a_only,rally
ssh,0.7486338797814208,shared,integrity
ssh,1.0,a_only,mexico
ssh,1.0,a_only,otto
ssh,0.059602649006622516,b_only,bending
ssh,0.08108108108108109,b_only,attendants
ssh,0.10344827586206896,b_only,swords
ssh,1.0,a_only,adams
ssh,1.0,a_only,algebraic
ssh,1.0,a_only,agnostic
ssh,0.2903225806451613,shared,twice
ssh,1.0,a_only,ac
ssh,1.0,a_only,sqrt
ssh,0.7112299465240641,shared,soap
ssh,1.0,a_only,technical
ssh,0.6080402010050251,shared,worried
ssh,0.807909604519774,shared,conducting
ssh,0.2648221343873518,shared,collins
ssh,0.6666666666666666,shared,populace
ssh,0.2648221343873518,shared,wife
ssh,0.6161616161616161,shared,victims
ssh,1.0,a_only,founder
ssh,0.3445378151260504,shared,respect
ssh,0.3008130081300813,shared,country
ssh,0.37339055793991416,shared,especially
ssh,1.0,a_only,anarchy
ssh,1.0,a_only,consist
ssh,0.32231404958677684,shared,growing
ssh,0.5533980582524272,shared,system
ssh,0.30612244897959184,shared,hall
ssh,1.0,a_only,molecules
ssh,1.0,a_only,incidence
ssh,1.0,a_only,reigning
ssh,0.797752808988764,shared,virgin
ssh,0.42857142857142855,shared,hit
ssh,0.3559322033898305,shared,duke
ssh,1.0,a_only,establishing
ssh,0.09215017064846416,b_only,sleepy
ssh,0.09215017064846416,b_only,sunshine
ssh,0.07023411371237458,b_only,basket
ssh,0.3008130081300813,shared,won
ssh,0.2648221343873518,shared,sight
ssh,1.0,a_only,epiphanius
ssh,0.5841584158415841,shared,topic
ssh,0.7391304347826086,shared,choosing
ssh,0.08108108108108109,b_only,romeo
ssh,1.0,a_only,orient
ssh,0.39737991266375544,shared,snap
ssh,0.285140562248996,shared,call
ssh,0.3445378151260504,shared,liked
ssh,0.5384615384615384,shared,crowded
ssh,0.5094339622641509,shared,gain
ssh,0.7877094972067039,shared,gross
ssh,0.5920398009950248,shared,staying
ssh,0.7021276595744681,shared,earn
ssh,0.39737991266375544,shared,yellow
ssh,1.0,a_only,architectural
ssh,1.0,a_only,du
ssh,1.0,a_only,recordings
ssh,1.0,a_only,contribute
ssh,1.0,a_only,media
ssh,0.4222222222222222,shared,concern
ssh,0.6931216931216931,shared,streams
ssh,1.0,a_only,theistic
ssh,0.05263157894736842,b_only,pleasures
ssh,0.05263157894736842,b_only,swiftly
ssh,1.0,a_only,controls
ssh,0.08843537414965986,b_only,knocking
ssh,0.5686274509803921,shared,mankind
ssh,0.6410256410256411,shared,ultimately
ssh,1.0,a_only,electrical
ssh,0.7021276595744681,shared,resignation
ssh,1.0,a_only,carthage
ssh,0.5384615384615384,shared,thee
ssh,0.7204301075268817,shared,mummy
ssh,0.40350877192982454,shared,shows
ssh,0.6243654822335025,shared,paddington
ssh,0.3008130081300813,shared,man
ssh,0.10344827586206896,b_only,bother
ssh,0.09965635738831616,b_only,felicity
ssh,0.7679558011049724,shared,severity
ssh,1.0,a_only,mil
ssh,0.3445378151260504,shared,jerry
ssh,0.40350877192982454,shared,roads
ssh,0.5841584158415841,shared,crop
ssh,0.7777777777777778,shared,barrels
ssh,1.0,a_only,wales
ssh,0.7112299465240641,shared,sized
ssh,1.0,a_only,calcium
ssh,1.0,a_only,jobs
ssh,0.39737991266375544,shared,iron
ssh,0.3559322033898305,shared,hopes
ssh,0.5763546798029556,shared,yo
ssh,0.6494845360824743,shared,medical
ssh,0.6580310880829016,shared,pine
ssh,0.6,shared,scale
ssh,0.675392670157068,shared,persian
ssh,0.7021276595744681,shared,pink
ssh,0.7297297297297297,shared,sixth
ssh,1.0,a_only,internet
ssh,1.0,a_only,genesis
ssh,0.5920398009950248,shared,shapes
ssh,0.42857142857142855,shared,sacred
ssh,1.0,a_only,cooling
ssh,0.40350877192982454,shared,greater
ssh,0.44144144144144143,shared,agatha
ssh,1.0,a_only,charter
ssh,0.42857142857142855,shared,suspected
ssh,1.0,a_only,dating
ssh,0.3445378151260504,shared,spring
ssh,1.0,a_only,therapy
ssh,1.0,a_only,physicist
ssh,0.32231404958677684,shared,own
ssh,0.4349775784753363,shared,armed
ssh,0.350210970464135,shared,opposite
ssh,1.0,a_only,chris
ssh,0.7204301075268817,shared,voyages
ssh,1.0,a_only,atheists
ssh,1.0,a_only,com
ssh,1.0,a_only,harald
ssh,0.7486338797814208,shared,colleague
ssh,0.1111111111111111,b_only,tails
ssh,1.0,a_only,ontario
ssh,0.3445378151260504,shared,gives
ssh,1.0,a_only,linear
ssh,0.7486338797814208,shared,hugh
ssh,0.7777777777777778,shared,impossibility
ssh,1.0,a_only,default
ssh,1.0,a_only,housing
ssh,0.5533980582524272,shared,aboard
ssh,1.0,a_only,booth
ssh,1.0,a_only,ragnar
ssh,1.0,a_only,asa
ssh,0.7486338797814208,shared,imperfect
ssh,0.7582417582417582,shared,marched
ssh,1.0,a_only,alleged
ssh,0.08108108108108109,b_only,jis
ssh,0.675392670157068,shared,eternity
ssh,1.0,a_only,regardless
ssh,0.10726643598615918,b_only,nted
ssh,0.5609756097560976,shared,lessons
ssh,1.0,a_only,defenses
ssh,0.6,shared,charged
ssh,0.285140562248996,shared,themselves
ssh,1.0,a_only,abugidas
ssh,1.0,a_only,organization
ssh,0.3445378151260504,shared,fate
ssh,0.3114754098360656,shared,no
ssh,0.36752136752136755,shared,stepped
ssh,0.08108108108108109,b_only,swore
ssh,0.09965635738831616,b_only,pretending
ssh,0.07744107744107744,b_only,disgrace
ssh,0.11888111888111888,b_only,afeard
ssh,0.7021276595744681,shared,background
ssh,0.45454545454545453,shared,consideration
ssh,0.7777777777777778,shared,overthrown
ssh,1.0,a_only,alda
ssh,0.3445378151260504,shared,floor
ssh,0.391304347826087,shared,mile
ssh,1.0,a_only,statute
ssh,0.44144144144144143,shared,welcome
ssh,0.6410256410256411,shared,feast
ssh,0.391304347826087,shared,wicked
ssh,0.7204301075268817,shared,bonds
ssh,1.0,a_only,ch
ssh,0.0958904109589041,b_only,nibs
ssh,0.7112299465240641,shared,grandfather
ssh,0.09965635738831616,b_only,sickly
ssh,1.0,a_only,trilogy
ssh,1.0,a_only,darwin
ssh,0.46788990825688076,shared,superior
ssh,0.3559322033898305,shared,footsteps
ssh,1.0,a_only,nobel
ssh,0.7777777777777778,shared,shift
ssh,1.0,a_only,alpine
ssh,0.6494845360824743,shared,joining
ssh,1.0,a_only,documents
ssh,0.0738255033557047,b_only,blush
ssh,0.1267605633802817,b_only,curtains
ssh,0.44144144144144143,shared,partly
ssh,0.0738255033557047,b_only,neglect
ssh,1.0,a_only,parallel
ssh,1.0,a_only,magnus
ssh,1.0,a_only,ludwig
ssh,0.0738255033557047,b_only,trance
ssh,0.40350877192982454,shared,approach
ssh,0.6580310880829016,shared,reasoning
ssh,0.6410256410256411,shared,shine
ssh,0.7679558011049724,shared,tightly
ssh,0.09215017064846416,b_only,dirt
ssh,0.5165876777251185,shared,mccarthy
ssh,0.3278008298755187,shared,things
ssh,0.5094339622641509,shared,prayer
ssh,1.0,a_only,tourist
ssh,1.0,a_only,abandonment
ssh,0.7204301075268817,shared,conflict
ssh,0.6243654822335025,shared,visiting
ssh,0.40350877192982454,shared,john
ssh,0.5841584158415841,shared,tickets
ssh,1.0,a_only,review
ssh,0.07744107744107744,b_only,sorrowful
ssh,0.3389121338912134,shared,takes
ssh,0.5238095238095238,shared,um
ssh,0.5311004784688995,shared,relieved
ssh,0.5686274509803921,shared,smell
ssh,0.30612244897959184,shared,late
ssh,0.3278008298755187,shared,company
ssh,1.0,a_only,easter
ssh,1.0,a_only,reformation
ssh,1.0,a_only,discussions
ssh,1.0,a_only,ansi
ssh,0.0738255033557047,b_only,sticking
ssh,0.10344827586206896,b_only,chained
ssh,1.0,a_only,legislature
ssh,0.6494845360824743,shared,plot
ssh,1.0,a_only,anguilla
ssh,1.0,a_only,del
ssh,0.4222222222222222,shared,required
ssh,1.0,a_only,estimated
ssh,0.6243654822335025,shared,infinitely
ssh,0.056105610561056105,b_only,polished
ssh,0.675392670157068,shared,carved
ssh,0.7877094972067039,shared,exceeded
ssh,0.3617021276595745,shared,confess
ssh,1.0,a_only,virus
ssh,0.4222222222222222,shared,fourth
ssh,1.0,a_only,fascist
ssh,0.675392670157068,shared,refusal
ssh,0.3114754098360656,shared,tired
ssh,0.36752136752136755,shared,spent
ssh,1.0,a_only,creative
ssh,0.3008130081300813,shared,earth
ssh,0.6666666666666666,shared,tendency
ssh,1.0,a_only,geological
ssh,1.0,a_only,grants
ssh,1.0,a_only,implicit
ssh,0.6410256410256411,shared,sex
ssh,0.3333333333333333,shared,lamp
ssh,1.0,a_only,provisional
ssh,0.6580310880829016,shared,tempered
ssh,1.0,a_only,alkali
ssh,0.07744107744107744,b_only,warmth
ssh,0.6326530612244898,shared,port
ssh,0.5686274509803921,shared,sentiments
ssh,0.6842105263157895,shared,proportion
ssh,0.0847457627118644,b_only,ardently
ssh,0.44144144144144143,shared,aware
ssh,1.0,a_only,interior
ssh,1.0,a_only,mol
ssh,1.0,a_only,gary
ssh,1.0,a_only,ascii
ssh,0.6580310880829016,shared,sensitive
ssh,0.6666666666666666,shared,negro
ssh,0.7486338797814208,shared,turkish
ssh,0.6243654822335025,shared,oil
ssh,0.37339055793991416,shared,path
ssh,0.7204301075268817,shared,exploring
ssh,0.6666666666666666,shared,sighted
ssh,0.5763546798029556,shared,pouring
ssh,0.06666666666666667,b_only,delighted
ssh,1.0,a_only,citizenship
ssh,0.6161616161616161,shared,relation
ssh,0.7486338797814208,shared,college
ssh,0.07023411371237458,b_only,snoring
ssh,0.675392670157068,shared,unwilling
ssh,0.08843537414965986,b_only,grip
ssh,0.11498257839721254,b_only,spaniard
ssh,0.7297297297297297,shared,personally
ssh,1.0,a_only,lesser
ssh,0.391304347826087,shared,jacques
ssh,0.3617021276595745,shared,station
ssh,0.6,shared,mortal
ssh,0.6580310880829016,shared,secondly
ssh,1.0,a_only,jefferson
ssh,1.0,a_only,asiatic
ssh,1.0,a_only,revolt
ssh,1.0,a_only,illegal
ssh,0.4222222222222222,shared,mixed
ssh,1.0,a_only,asia
ssh,1.0,a_only,succeeds
ssh,0.4222222222222222,shared,crossed
ssh,0.6931216931216931,shared,enable
ssh,0.3793103448275862,shared,humour
ssh,1.0,a_only,elected
ssh,1.0,a_only,philippines
ssh,0.7391304347826086,shared,logic
ssh,0.7486338797814208,shared,cradle
ssh,1.0,a_only,controlling
ssh,0.0847457627118644,b_only,crimson
ssh,0.7777777777777778,shared,wills
ssh,1.0,a_only,semitic
ssh,0.7877094972067039,shared,spending
ssh,1.0,a_only,hosted
ssh,0.3793103448275862,shared,officers
ssh,0.4479638009049774,shared,class
ssh,0.3168724279835391,shared,worked
ssh,0.6666666666666666,shared,amsterdam
ssh,1.0,a_only,organized
ssh,1.0,a_only,asparagales
ssh,0.3168724279835391,shared,broad
ssh,1.0,a_only,sovereignty
ssh,1.0,a_only,program
ssh,0.5920398009950248,shared,expressions
ssh,0.37339055793991416,shared,favourite
ssh,0.0847457627118644,b_only,brow
ssh,1.0,a_only,critics
ssh,1.0,a_only,depending
ssh,1.0,a_only,jerome
ssh,1.0,a_only,practiced
ssh,0.6410256410256411,shared,ash
ssh,1.0,a_only,bulk
ssh,0.5165876777251185,shared,families
ssh,0.7877094972067039,shared,villages
ssh,0.5311004784688995,shared,american
ssh,0.3008130081300813,shared,ever
ssh,1.0,a_only,loyalty
ssh,1.0,a_only,benz
ssh,0.6494845360824743,shared,animation
ssh,0.3333333333333333,shared,nearer
ssh,0.797752808988764,shared,stationed
ssh,0.350210970464135,shared,across
ssh,0.3617021276595745,shared,george
ssh,0.4479638009049774,shared,thrust
ssh,1.0,a_only,abacus
ssh,1.0,a_only,correction
ssh,0.32231404958677684,shared,woman
ssh,0.32231404958677684,shared,blow
ssh,0.6326530612244898,shared,guinea
ssh,0.40969162995594716,shared,rage
ssh,0.415929203539823,shared,considering
ssh,0.5763546798029556,shared,pew
ssh,0.10344827586206896,b_only,clung
ssh,1.0,a_only,stuart
ssh,0.797752808988764,shared,stops
ssh,1.0,a_only,similarities
ssh,1.0,a_only,kilometers
ssh,1.0,a_only,predominant
ssh,1.0,a_only,hemisphere
ssh,0.7391304347826086,shared,odds
ssh,0.32231404958677684,shared,s
ssh,1.0,a_only,election
ssh,1.0,a_only,prolific
ssh,0.3008130081300813,shared,on
ssh,1.0,a_only,talmud
ssh,1.0,a_only,ranking
ssh,0.5609756097560976,shared,authorities
ssh,0.675392670157068,shared,development
ssh,0.39737991266375544,shared,stick
ssh,0.40969162995594716,shared,north
ssh,0.4611872146118721,shared,clouds
ssh,0.11498257839721254,b_only,cough
ssh,0.0847457627118644,b_only,flushed
ssh,1.0,a_only,harbor
ssh,1.0,a_only,transfer
ssh,1.0,a_only,aalborg
ssh,1.0,a_only,volunteers
ssh,1.0,a_only,gulch
ssh,0.3445378151260504,shared,future
ssh,0.32231404958677684,shared,street
ssh,0.7112299465240641,shared,compare
ssh,1.0,a_only,dual
ssh,0.3008130081300813,shared,body
ssh,0.7112299465240641,shared,hazard
ssh,0.7777777777777778,shared,permit
ssh,1.0,a_only,pad
ssh,1.0,a_only,florida
ssh,0.30612244897959184,shared,lived
ssh,0.6243654822335025,shared,atmosphere
ssh,0.0847457627118644,b_only,instinctively
ssh,0.7204301075268817,shared,illustrations
ssh,0.2648221343873518,shared,cried
ssh,0.47465437788018433,shared,thumb
ssh,0.08843537414965986,b_only,hosmer
ssh,1.0,a_only,mesopotamia
ssh,0.5686274509803921,shared,permitted
ssh,0.30612244897959184,shared,reached
ssh,0.4349775784753363,shared,introduced
ssh,0.06666666666666667,b_only,gravely
ssh,1.0,a_only,maritime
ssh,0.5841584158415841,shared,frenchman
ssh,1.0,a_only,alcott
ssh,1.0,a_only,prophet
ssh,0.4953271028037383,shared,crocodile
ssh,0.6494845360824743,shared,sets
ssh,1.0,a_only,subset
ssh,0.0847457627118644,b_only,momentary
ssh,1.0,a_only,kurt
ssh,1.0,a_only,autism
ssh,0.7486338797814208,shared,pairs
ssh,0.5609756097560976,shared,v
ssh,0.45454545454545453,shared,possessed
ssh,0.24031007751937986,shared,evidently
ssh,0.3333333333333333,shared,creature
ssh,1.0,a_only,vol
ssh,1.0,a_only,patterns
ssh,1.0,a_only,involvement
ssh,1.0,a_only,nelson
ssh,1.0,a_only,antiproton
ssh,0.675392670157068,shared,cows
ssh,0.350210970464135,shared,murder
ssh,1.0,a_only,operated
ssh,0.8181818181818182,shared,mayor
ssh,1.0,a_only,phrases
ssh,0.7391304347826086,shared,sacrificed
ssh,1.0,a_only,speer
ssh,1.0,a_only,americana
ssh,1.0,a_only,aliens
ssh,1.0,a_only,controversial
ssh,0.4883720930232558,shared,distinctly
ssh,0.2648221343873518,shared,find
ssh,1.0,a_only,gettysburg
ssh,0.11888111888111888,b_only,indignation
ssh,0.29554655870445345,shared,mind
ssh,0.28,shared,peace
ssh,0.2749003984063745,shared,coming
ssh,0.0958904109589041,b_only,flashed
ssh,0.07744107744107744,b_only,shook
ssh,1.0,a_only,formation
ssh,1.0,a_only,diplomatic
ssh,0.21673003802281368,shared,run
ssh,0.06312292358803986,b_only,geese
ssh,0.45454545454545453,shared,fishing
ssh,0.7391304347826086,shared,irritated
ssh,1.0,a_only,nitrogen
ssh,1.0,a_only,styles
ssh,0.3168724279835391,shared,presence
ssh,0.5165876777251185,shared,accused
ssh,0.7297297297297297,shared,engage
ssh,0.5686274509803921,shared,idle
ssh,1.0,a_only,pueblo
ssh,1.0,a_only,vatican
ssh,1.0,a_only,proven
ssh,1.0,a_only,warren
ssh,0.6,shared,printed
ssh,1.0,a_only,ironically
ssh,0.4883720930232558,shared,theatre
ssh,0.7297297297297297,shared,varieties
ssh,1.0,a_only,afro
ssh,1.0,a_only,patrol
ssh,1.0,a_only,lifetime
ssh,0.0958904109589041,b_only,gazed
ssh,0.3389121338912134,shared,regular
ssh,1.0,a_only,combat
ssh,1.0,a_only,alkyl
ssh,1.0,a_only,competing
ssh,0.8390804597701149,shared,heroic
ssh,0.5094339622641509,shared,fur
ssh,1.0,a_only,dean
ssh,0.6842105263157895,shared,improbable
ssh,1.0,a_only,negotiations
ssh,0.7204301075268817,shared,pledged
ssh,1.0,a_only,electronics
ssh,1.0,a_only,uss
ssh,0.5458937198067633,shared,conceal
ssh,0.7877094972067039,shared,unusually
ssh,0.2749003984063745,shared,looked
ssh,0.5686274509803921,shared,tribunal
ssh,0.09215017064846416,b_only,hoarsely
ssh,0.2903225806451613,shared,conversation
ssh,0.6494845360824743,shared,sunny
ssh,0.797752808988764,shared,endurance
ssh,0.0958904109589041,b_only,charlotte
ssh,0.7112299465240641,shared,achieve
ssh,0.06312292358803986,b_only,shabby
ssh,0.7391304347826086,shared,assent
ssh,1.0,a_only,category
ssh,1.0,a_only,ibn
ssh,0.06666666666666667,b_only,gryphon
ssh,0.6931216931216931,shared,root
ssh,0.10344827586206896,b_only,gentlemen
ssh,0.2549019607843137,shared,always
ssh,0.675392670157068,shared,revolution
ssh,0.2648221343873518,shared,lady
ssh,0.08843537414965986,b_only,slovaks
ssh,1.0,a_only,unclear
ssh,0.3617021276595745,shared,playing
ssh,0.2698412698412698,shared,long
ssh,1.0,a_only,adriatic
ssh,1.0,a_only,androids
ssh,0.675392670157068,shared,hanged
ssh,1.0,a_only,relaxation
ssh,1.0,a_only,layers
ssh,0.5920398009950248,shared,appointed
ssh,0.7582417582417582,shared,trail
ssh,0.6243654822335025,shared,independent
ssh,0.6580310880829016,shared,governor
ssh,0.6410256410256411,shared,deeds
ssh,0.7021276595744681,shared,knot
ssh,0.3008130081300813,shared,myself
ssh,1.0,a_only,intel
ssh,1.0,a_only,ne
ssh,1.0,a_only,physicians
ssh,0.09215017064846416,b_only,darcy
ssh,0.07744107744107744,b_only,appetite
ssh,0.46788990825688076,shared,brown
ssh,0.6410256410256411,shared,fought
ssh,0.3793103448275862,shared,citizen
ssh,0.797752808988764,shared,xiv
ssh,1.0,a_only,valentinian
ssh,1.0,a_only,pioneer
ssh,0.07023411371237458,b_only,hammer
ssh,0.1111111111111111,b_only,darnay
ssh,0.7021276595744681,shared,forming
ssh,0.6243654822335025,shared,shorter
ssh,0.12280701754385964,b_only,forbid
ssh,1.0,a_only,producers
ssh,1.0,a_only,abatement
ssh,1.0,a_only,apollo
ssh,0.797752808988764,shared,perpetual
ssh,0.5686274509803921,shared,execution
ssh,0.40350877192982454,shared,leading
ssh,0.6842105263157895,shared,arriving
ssh,0.5094339622641509,shared,jones
ssh,0.2903225806451613,shared,table
ssh,0.44144144144144143,shared,straw
ssh,1.0,a_only,missionary
ssh,0.7877094972067039,shared,occurrence
ssh,1.0,a_only,carl
ssh,1.0,a_only,commercial
ssh,0.6243654822335025,shared,preceding
ssh,1.0,a_only,ainu
ssh,0.7204301075268817,shared,fishermen
ssh,0.675392670157068,shared,coast
ssh,0.6080402010050251,shared,blew
ssh,0.7112299465240641,shared,robert
ssh,0.6161616161616161,shared,interference
ssh,1.0,a_only,electromagnetic
ssh,0.5458937198067633,shared,declare
ssh,0.8181818181818182,shared,rhine
ssh,1.0,a_only,antimatter
ssh,1.0,a_only,parthenon
ssh,0.6494845360824743,shared,symptoms
ssh,1.0,a_only,binary
ssh,0.7021276595744681,shared,territory
ssh,0.3617021276595745,shared,bless
ssh,0.5763546798029556,shared,fleet
ssh,1.0,a_only,prairie
ssh,1.0,a_only,hits
ssh,0.7582417582417582,shared,cord
ssh,1.0,a_only,haliotis
ssh,1.0,a_only,fertility
ssh,0.3114754098360656,shared,calm
ssh,0.7486338797814208,shared,stark
ssh,0.6842105263157895,shared,hospitality
ssh,0.5023474178403756,shared,thoroughly
ssh,1.0,a_only,eurovision
ssh,0.7021276595744681,shared,rings
ssh,0.11498257839721254,b_only,boast
ssh,1.0,a_only,yankee
ssh,1.0,a_only,singer
ssh,0.3793103448275862,shared,played
ssh,0.2549019607843137,shared,box
ssh,0.11498257839721254,b_only,tavern
ssh,0.6666666666666666,shared,inform
ssh,1.0,a_only,expansion
ssh,0.3008130081300813,shared,soon
ssh,1.0,a_only,illegitimate
ssh,0.7391304347826086,shared,expanded
ssh,0.5763546798029556,shared,improved
ssh,0.29554655870445345,shared,didn
ssh,0.6326530612244898,shared,blowing
ssh,0.3008130081300813,shared,watching
ssh,1.0,a_only,austin
ssh,1.0,a_only,incorrect
ssh,0.5238095238095238,shared,waste
ssh,1.0,a_only,fascism
ssh,0.2903225806451613,shared,re
ssh,0.6,shared,wives
ssh,1.0,a_only,particle
ssh,0.4611872146118721,shared,someone
ssh,1.0,a_only,vladimir
ssh,1.0,a_only,independently
ssh,0.797752808988764,shared,emotional
ssh,0.8181818181818182,shared,hurricane
ssh,0.2648221343873518,shared,four
ssh,1.0,a_only,rn
ssh,0.5763546798029556,shared,responsible
ssh,0.3008130081300813,shared,fair
ssh,1.0,a_only,cult
ssh,1.0,a_only,rebuilt
ssh,0.5686274509803921,shared,animated
ssh,1.0,a_only,recording
ssh,0.0847457627118644,b_only,moonlight
ssh,0.3617021276595745,shared,tongue
ssh,0.5533980582524272,shared,europe
ssh,0.25,shared,surprise
ssh,0.5023474178403756,shared,sins
ssh,0.09215017064846416,b_only,heap
ssh,0.3278008298755187,shared,study
ssh,0.5763546798029556,shared,chocolate
ssh,0.6326530612244898,shared,extensive
ssh,0.3617021276595745,shared,directly
ssh,0.32231404958677684,shared,address
ssh,0.6410256410256411,shared,l
ssh,1.0,a_only,team
ssh,0.28,shared,bit
ssh,0.7679558011049724,shared,authoritative
ssh,1.0,a_only,demographics
ssh,0.5533980582524272,shared,steep
ssh,1.0,a_only,surviving
ssh,0.0847457627118644,b_only,excuse
ssh,1.0,a_only,oklahoma
ssh,0.5311004784688995,shared,lasted
ssh,0.39737991266375544,shared,square
ssh,1.0,a_only,capitalism
ssh,0.37339055793991416,shared,acquainted
ssh,0.09965635738831616,b_only,housekeeper
ssh,0.36752136752136755,shared,gained
ssh,1.0,a_only,meteorites
ssh,0.4953271028037383,shared,agent
ssh,1.0,a_only,holidays
ssh,0.08843537414965986,b_only,sherburn
ssh,1.0,a_only,surprisingly
ssh,1.0,a_only,alternatively
ssh,0.11888111888111888,b_only,fluttered
ssh,1.0,a_only,brazil
ssh,0.5023474178403756,shared,possibility
ssh,0.285140562248996,shared,wants
ssh,1.0,a_only,atari
ssh,0.10344827586206896,b_only,stooped
ssh,0.4611872146118721,shared,pure
ssh,0.3389121338912134,shared,giving
ssh,1.0,a_only,ratified
ssh,1.0,a_only,staff
ssh,1.0,a_only,tolerance
ssh,1.0,a_only,shots
ssh,0.285140562248996,shared,ago
ssh,1.0,a_only,festival
ssh,0.6,shared,drift
ssh,0.0738255033557047,b_only,offended
ssh,0.08108108108108109,b_only,feverish
ssh,1.0,a_only,specified
ssh,0.07023411371237458,b_only,hey
ssh,1.0,a_only,favored
ssh,0.5533980582524272,shared,studying
ssh,0.24031007751937986,shared,thing
ssh,0.3559322033898305,shared,case
ssh,0.7582417582417582,shared,wool
ssh,0.7391304347826086,shared,disliked
ssh,0.415929203539823,shared,special
ssh,0.6326530612244898,shared,resentment
ssh,1.0,a_only,replacement
ssh,0.350210970464135,shared,first
ssh,1.0,a_only,ethiopic
ssh,0.6243654822335025,shared,whereas
ssh,0.09215017064846416,b_only,avail
ssh,0.3559322033898305,shared,suit
ssh,1.0,a_only,satellite
ssh,0.6931216931216931,shared,correspondent
ssh,1.0,a_only,progressive
ssh,0.09965635738831616,b_only,agitated
ssh,0.08843537414965986,b_only,wildly
ssh,0.675392670157068,shared,exhibition
ssh,0.32231404958677684,shared,mother
ssh,0.11888111888111888,b_only,sullen
ssh,0.07023411371237458,b_only,sternly
ssh,0.06666666666666667,b_only,malice
ssh,1.0,a_only,gr
ssh,1.0,a_only,variance
ssh,1.0,a_only,morgan
ssh,0.09215017064846416,b_only,forehead
ssh,1.0,a_only,circa
ssh,0.10344827586206896,b_only,whooping
ssh,1.0,a_only,dakota
ssh,0.24031007751937986,shared,pretty
ssh,1.0,a_only,baron
ssh,1.0,a_only,classic
ssh,0.7112299465240641,shared,accidents
ssh,1.0,a_only,denominations
ssh,0.5238095238095238,shared,faster
ssh,1.0,a_only,motivation
ssh,0.37339055793991416,shared,den
ssh,1.0,a_only,poirot
ssh,1.0,a_only,technology
ssh,1.0,a_only,muhammad
ssh,0.09215017064846416,b_only,ticking
ssh,0.06312292358803986,b_only,hatter
ssh,0.08108108108108109,b_only,knives
ssh,0.32231404958677684,shared,professor
ssh,0.2648221343873518,shared,cause
ssh,0.797752808988764,shared,execute
ssh,0.08108108108108109,b_only,triumphantly
ssh,0.08843537414965986,b_only,vulgar
ssh,0.2549019607843137,shared,indeed
ssh,0.3114754098360656,shared,either
ssh,1.0,a_only,singapore
ssh,0.7204301075268817,shared,dishes
ssh,1.0,a_only,photographer
ssh,1.0,a_only,ignored
ssh,1.0,a_only,hungary
ssh,1.0,a_only,protective
ssh,0.245136186770428,shared,showed
ssh,1.0,a_only,diagnostic
ssh,0.5384615384615384,shared,heading
ssh,0.6931216931216931,shared,elephant
ssh,0.32231404958677684,shared,jim
ssh,0.08843537414965986,b_only,reckon
ssh,0.30612244897959184,shared,remembered
ssh,0.7582417582417582,shared,guided
ssh,1.0,a_only,omotic
ssh,1.0,a_only,chi
ssh,0.6410256410256411,shared,murray
ssh,1.0,a_only,participated
ssh,0.6580310880829016,shared,defeat
ssh,0.7112299465240641,shared,visions
ssh,1.0,a_only,southernmost
ssh,0.6080402010050251,shared,confined
ssh,0.4349775784753363,shared,heavens
ssh,0.0847457627118644,b_only,monde
ssh,1.0,a_only,depicts
ssh,0.3008130081300813,shared,him
ssh,1.0,a_only,exclusion
ssh,0.5533980582524272,shared,christmas
ssh,0.5763546798029556,shared,seize
ssh,1.0,a_only,structures
ssh,1.0,a_only,tract
ssh,1.0,a_only,malaysia
ssh,0.6842105263157895,shared,concerns
ssh,1.0,a_only,beaches
ssh,1.0,a_only,digestive
ssh,1.0,a_only,plateau
ssh,1.0,a_only,yields
ssh,0.08843537414965986,b_only,lucie
ssh,1.0,a_only,systematic
ssh,1.0,a_only,ambiguous
ssh,1.0,a_only,package
ssh,1.0,a_only,neutrons
ssh,1.0,a_only,populations
ssh,0.6842105263157895,shared,drag
ssh,1.0,a_only,apache
ssh,1.0,a_only,aquarius
ssh,0.09215017064846416,b_only,woe
ssh,0.2749003984063745,shared,saw
ssh,0.2903225806451613,shared,able
ssh,0.09965635738831616,b_only,wash
ssh,1.0,a_only,identifies
ssh,0.5686274509803921,shared,establishment
ssh,0.7112299465240641,shared,complained
ssh,1.0,a_only,tests
ssh,0.0958904109589041,b_only,mum
ssh,1.0,a_only,documentary
ssh,0.3278008298755187,shared,coffin
ssh,0.4479638009049774,shared,friendship
ssh,0.7486338797814208,shared,errors
ssh,0.807909604519774,shared,commons
ssh,0.7391304347826086,shared,barren
ssh,0.09965635738831616,b_only,shed
ssh,0.5384615384615384,shared,sailor
ssh,0.4222222222222222,shared,stayed
ssh,1.0,a_only,myths
ssh,1.0,a_only,johann
ssh,0.5920398009950248,shared,shorthand
ssh,0.4349775784753363,shared,striking
ssh,0.23076923076923078,shared,life
ssh,0.7204301075268817,shared,handwriting
ssh,1.0,a_only,prehistoric
ssh,0.3008130081300813,shared,circumstances
ssh,1.0,a_only,vietnam
ssh,0.6580310880829016,shared,buttons
ssh,0.1111111111111111,b_only,breathed
ssh,1.0,a_only,miami
ssh,0.25984251968503935,shared,you
ssh,1.0,a_only,gases
ssh,1.0,a_only,juan
ssh,1.0,a_only,contract
ssh,0.3445378151260504,shared,golden
ssh,0.07744107744107744,b_only,carpenter
ssh,0.30612244897959184,shared,proud
ssh,0.0847457627118644,b_only,bet
ssh,1.0,a_only,asian
ssh,1.0,a_only,overdose
ssh,1.0,a_only,nd
ssh,1.0,a_only,varies
ssh,0.7486338797814208,shared,theme
ssh,0.3278008298755187,shared,scarcely
ssh,0.5841584158415841,shared,resemblance
ssh,1.0,a_only,iraq
ssh,1.0,a_only,ampere
ssh,0.7297297297297297,shared,flowing
ssh,1.0,a_only,innovations
ssh,0.2903225806451613,shared,very
ssh,0.7486338797814208,shared,engines
ssh,0.6161616161616161,shared,reception
ssh,0.7486338797814208,shared,realize
ssh,0.09215017064846416,b_only,cane
ssh,0.7582417582417582,shared,tent
ssh,0.8285714285714286,shared,herbs
ssh,0.09965635738831616,b_only,pinch
ssh,0.3333333333333333,shared,leaving
ssh,0.3559322033898305,shared,ourselves
ssh,0.5238095238095238,shared,reputation
ssh,0.2648221343873518,shared,looking
ssh,1.0,a_only,technological
ssh,0.6931216931216931,shared,intercourse
ssh,0.4479638009049774,shared,ease
ssh,1.0,a_only,nearby
ssh,1.0,a_only,ottoman
ssh,0.3168724279835391,shared,heaven
ssh,0.08843537414965986,b_only,embroidered
ssh,1.0,a_only,contemporaries
ssh,1.0,a_only,legislation
ssh,1.0,a_only,franks
ssh,0.29554655870445345,shared,touched
ssh,0.2903225806451613,shared,basil
ssh,0.6931216931216931,shared,cream
ssh,1.0,a_only,clinton
ssh,1.0,a_only,subordinate
ssh,0.4479638009049774,shared,la
ssh,0.3559322033898305,shared,regard
ssh,0.7204301075268817,shared,contributed
ssh,0.7391304347826086,shared,genuine
ssh,0.2698412698412698,shared,started
ssh,0.3445378151260504,shared,relief
ssh,1.0,a_only,aarhus
ssh,0.2749003984063745,shared,received
ssh,0.3008130081300813,shared,drawn
ssh,0.5763546798029556,shared,corners
ssh,0.6494845360824743,shared,services
ssh,0.059602649006622516,b_only,becuz
ssh,0.5533980582524272,shared,peaceful
ssh,1.0,a_only,rijndael
ssh,0.4611872146118721,shared,bailey
ssh,0.6842105263157895,shared,drum
ssh,0.5094339622641509,shared,alan
ssh,1.0,a_only,apl
ssh,0.7486338797814208,shared,manifested
ssh,1.0,a_only,surrendered
ssh,1.0,a_only,constitution
ssh,0.5311004784688995,shared,examine
ssh,0.807909604519774,shared,fragments
ssh,0.5533980582524272,shared,ages
ssh,1.0,a_only,tony
ssh,0.47465437788018433,shared,distinct
ssh,0.5609756097560976,shared,lake
ssh,0.5458937198067633,shared,relationship
ssh,1.0,a_only,abc
ssh,0.6580310880829016,shared,throws
ssh,0.6931216931216931,shared,ray
ssh,0.5533980582524272,shared,female
ssh,1.0,a_only,quotes
ssh,1.0,a_only,barbuda
ssh,1.0,a_only,dominions
ssh,1.0,a_only,attitudes
ssh,0.45454545454545453,shared,reported
ssh,0.2749003984063745,shared,miss
ssh,0.44144144144144143,shared,moral
ssh,1.0,a_only,abbeys
ssh,1.0,a_only,facility
ssh,1.0,a_only,muslims
ssh,1.0,a_only,portrayal
ssh,0.7391304347826086,shared,conclude
ssh,0.32231404958677684,shared,dead
ssh,1.0,a_only,fluke
ssh,0.7391304347826086,shared,coal
ssh,1.0,a_only,resulted
ssh,1.0,a_only,satirical
ssh,0.37339055793991416,shared,unfortunate
ssh,0.807909604519774,shared,bristol
ssh,0.28,shared,trying
ssh,0.1111111111111111,b_only,temper
ssh,0.5763546798029556,shared,resist
ssh,0.7297297297297297,shared,sustained
ssh,1.0,a_only,collective
ssh,1.0,a_only,superorder
ssh,0.08108108108108109,b_only,wreck
ssh,0.30612244897959184,shared,carried
ssh,0.7112299465240641,shared,frontier
ssh,1.0,a_only,clubs
ssh,0.5311004784688995,shared,parties
ssh,0.37339055793991416,shared,prove
ssh,0.06666666666666667,b_only,loudly
ssh,0.4222222222222222,shared,philosophy
ssh,1.0,a_only,restaurant
ssh,0.08108108108108109,b_only,fastened
ssh,0.3168724279835391,shared,is
ssh,1.0,a_only,camps
ssh,1.0,a_only,eusebius
ssh,1.0,a_only,norwegian
ssh,0.675392670157068,shared,enterprise
ssh,1.0,a_only,circ
ssh,0.285140562248996,shared,send
ssh,0.42857142857142855,shared,store
ssh,0.06312292358803986,b_only,sore
ssh,1.0,a_only,colony
ssh,0.5384615384615384,shared,inn
ssh,1.0,a_only,tool
ssh,0.4953271028037383,shared,reasonable
ssh,0.32231404958677684,shared,personal
ssh,0.5920398009950248,shared,anchor
ssh,0.07744107744107744,b_only,pens
ssh,0.29554655870445345,shared,youth
ssh,1.0,a_only,lovecraft
ssh,1.0,a_only,commissioned
ssh,1.0,a_only,khan
ssh,0.3168724279835391,shared,marriage
ssh,1.0,a_only,anchors
ssh,0.7877094972067039,shared,grove
ssh,1.0,a_only,decade
ssh,0.4222222222222222,shared,sing
ssh,0.45454545454545453,shared,proposed
ssh,0.6326530612244898,shared,explore
ssh,0.3333333333333333,shared,lines
ssh,1.0,a_only,clarke
ssh,1.0,a_only,hart
ssh,0.3008130081300813,shared,stone
ssh,1.0,a_only,libel
ssh,1.0,a_only,observances
ssh,1.0,a_only,pervasive
ssh,1.0,a_only,mike
ssh,0.6842105263157895,shared,nerve
ssh,1.0,a_only,norte
ssh,1.0,a_only,persecution
ssh,0.7204301075268817,shared,hound
ssh,1.0,a_only,fantasy
ssh,1.0,a_only,buddhist
ssh,1.0,a_only,turing
ssh,0.807909604519774,shared,secretary
ssh,0.1111111111111111,b_only,caterpillar
ssh,0.30612244897959184,shared,caught
ssh,0.1267605633802817,b_only,handkerchief
ssh,0.32231404958677684,shared,arthur
ssh,0.5763546798029556,shared,meat
ssh,1.0,a_only,geographical
ssh,0.5841584158415841,shared,elements
ssh,0.3445378151260504,shared,arm
ssh,0.350210970464135,shared,treated
ssh,0.6494845360824743,shared,opposed
ssh,0.32231404958677684,shared,pointed
ssh,0.6,shared,eastern
ssh,0.09965635738831616,b_only,heartily
ssh,0.09965635738831616,b_only,claws
ssh,1.0,a_only,procedures
ssh,0.350210970464135,shared,pay
ssh,1.0,a_only,practices
ssh,1.0,a_only,alligator
ssh,1.0,a_only,acacia
ssh,1.0,a_only,hughes
ssh,0.6,shared,undertaking
ssh,0.09215017064846416,b_only,kinder
ssh,0.6494845360824743,shared,slain
ssh,0.40350877192982454,shared,sold
ssh,1.0,a_only,amber
ssh,0.37339055793991416,shared,conduct
ssh,1.0,a_only,jurisdiction
ssh,1.0,a_only,lutheran
ssh,1.0,a_only,civilizations
ssh,0.7112299465240641,shared,medicines
ssh,1.0,a_only,circular
ssh,1.0,a_only,keyboard
ssh,1.0,a_only,valence
ssh,0.7877094972067039,shared,retreated
ssh,0.30612244897959184,shared,cut
ssh,0.08843537414965986,b_only,coarse
ssh,0.7112299465240641,shared,earthquake
ssh,0.6,shared,detail
ssh,0.7112299465240641,shared,plague
ssh,0.7486338797814208,shared,worlds
ssh,1.0,a_only,generic
ssh,0.6580310880829016,shared,owed
ssh,0.350210970464135,shared,aside
ssh,0.6080402010050251,shared,teach
ssh,0.0958904109589041,b_only,beetle
ssh,0.09965635738831616,b_only,melancholy
ssh,1.0,a_only,technologies
ssh,0.8181818181818182,shared,substitute
ssh,0.391304347826087,shared,using
ssh,0.350210970464135,shared,imagination
ssh,0.6931216931216931,shared,medium
ssh,1.0,a_only,vivaldi
ssh,1.0,a_only,settlers
ssh,1.0,a_only,respective
ssh,1.0,a_only,replica
ssh,1.0,a_only,originating
ssh,0.7112299465240641,shared,january
ssh,0.3389121338912134,shared,moving
ssh,0.7679558011049724,shared,merchant
ssh,0.056105610561056105,b_only,intend
ssh,0.8181818181818182,shared,mistakes
ssh,0.7582417582417582,shared,manuscript
ssh,1.0,a_only,passive
ssh,0.7582417582417582,shared,pork
ssh,0.5165876777251185,shared,frank
ssh,0.1111111111111111,b_only,clouded
ssh,0.807909604519774,shared,dot
ssh,1.0,a_only,isotopes
ssh,0.0847457627118644,b_only,serene
ssh,1.0,a_only,colonies
ssh,1.0,a_only,pilots
ssh,0.5458937198067633,shared,bible
ssh,1.0,a_only,codes
ssh,0.7297297297297297,shared,mob
ssh,0.6931216931216931,shared,airs
ssh,0.6161616161616161,shared,reaching
ssh,1.0,a_only,lm
ssh,1.0,a_only,borman
ssh,0.07744107744107744,b_only,disgust
ssh,0.6842105263157895,shared,mutual
ssh,0.45454545454545453,shared,legs
ssh,1.0,a_only,function
ssh,1.0,a_only,carnival
ssh,0.37339055793991416,shared,safety
ssh,0.7297297297297297,shared,destination
ssh,0.807909604519774,shared,adjacent
ssh,1.0,a_only,emma
ssh,0.7679558011049724,shared,unite
ssh,0.07023411371237458,b_only,peeping
ssh,0.3793103448275862,shared,pick
ssh,1.0,a_only,aurelius
ssh,1.0,a_only,levels
ssh,0.7877094972067039,shared,investigations
ssh,1.0,a_only,scheduled
ssh,1.0,a_only,nero
ssh,0.2549019607843137,shared,wonder
ssh,1.0,a_only,reflects
ssh,0.059602649006622516,b_only,conjectured
ssh,0.6666666666666666,shared,drug
ssh,0.5841584158415841,shared,talks
ssh,0.6410256410256411,shared,basin
ssh,0.5238095238095238,shared,dignity
ssh,0.32231404958677684,shared,corner
ssh,1.0,a_only,supporter
ssh,0.46788990825688076,shared,republic
ssh,0.1111111111111111,b_only,manage
ssh,0.3278008298755187,shared,stranger
ssh,1.0,a_only,argon
ssh,0.4222222222222222,shared,william
ssh,0.08108108108108109,b_only,dah
ssh,1.0,a_only,favorite
ssh,0.4479638009049774,shared,indifference
ssh,0.3852813852813853,shared,affairs
ssh,0.6931216931216931,shared,ruled
ssh,0.6161616161616161,shared,exposed
ssh,0.29554655870445345,shared,master
ssh,0.5841584158415841,shared,crow
ssh,1.0,a_only,advances
ssh,1.0,a_only,null
ssh,0.6410256410256411,shared,justified
ssh,0.8390804597701149,shared,webster
ssh,0.08843537414965986,b_only,grindstone
ssh,1.0,a_only,federer
ssh,0.285140562248996,shared,sure
ssh,1.0,a_only,tucker
ssh,0.3008130081300813,shared,drew
ssh,0.350210970464135,shared,falling
ssh,0.3008130081300813,shared,mistake
ssh,1.0,a_only,homo
ssh,0.08843537414965986,b_only,unconsciously
ssh,0.6161616161616161,shared,cigarette
ssh,0.3389121338912134,shared,manner
ssh,0.7112299465240641,shared,sending
ssh,1.0,a_only,sanskrit
ssh,1.0,a_only,vulnerable
ssh,0.5023474178403756,shared,quarrel
ssh,1.0,a_only,amaranthus
ssh,0.5609756097560976,shared,preparation
ssh,1.0,a_only,saxony
ssh,0.6326530612244898,shared,disposal
ssh,1.0,a_only,experts
ssh,1.0,a_only,urn
ssh,1.0,a_only,climate
ssh,0.6326530612244898,shared,major
ssh,1.0,a_only,discontinued
ssh,1.0,a_only,telescope
ssh,0.5841584158415841,shared,pillow
ssh,0.5458937198067633,shared,guns
ssh,0.32231404958677684,shared,finally
ssh,1.0,a_only,criticised
ssh,1.0,a_only,jacob
ssh,0.07744107744107744,b_only,grieved
ssh,1.0,a_only,undertaken
ssh,1.0,a_only,racism
ssh,0.08843537414965986,b_only,clumb
ssh,0.0847457627118644,b_only,glare
ssh,0.5165876777251185,shared,named
ssh,0.09215017064846416,b_only,doubtful
ssh,1.0,a_only,br
ssh,0.7204301075268817,shared,decree
ssh,1.0,a_only,california
ssh,0.6080402010050251,shared,dug
ssh,0.7112299465240641,shared,homage
ssh,0.4349775784753363,shared,baker
ssh,1.0,a_only,practically
ssh,0.10726643598615918,b_only,deserve
ssh,0.4349775784753363,shared,parents
ssh,0.6,shared,testament
ssh,0.5609756097560976,shared,denied
ssh,0.08108108108108109,b_only,steal
ssh,0.0958904109589041,b_only,cloak
ssh,0.7582417582417582,shared,perception
ssh,0.44144144144144143,shared,closer
ssh,1.0,a_only,touring
ssh,1.0,a_only,physiology
ssh,0.5311004784688995,shared,handful
ssh,1.0,a_only,sp
ssh,0.07023411371237458,b_only,inquest
ssh,0.7391304347826086,shared,presentation
ssh,0.46788990825688076,shared,inquiry
ssh,0.29554655870445345,shared,turning
ssh,1.0,a_only,abdomen
ssh,1.0,a_only,egypt
ssh,1.0,a_only,pc
ssh,0.4222222222222222,shared,freedom
ssh,1.0,a_only,lawsuit
ssh,0.675392670157068,shared,nail
ssh,0.8285714285714286,shared,referring
ssh,0.6,shared,axe
ssh,0.3445378151260504,shared,cave
ssh,1.0,a_only,personnel
ssh,0.7679558011049724,shared,beads
ssh,1.0,a_only,thesis
ssh,0.391304347826087,shared,snow
ssh,0.47465437788018433,shared,punishment
ssh,1.0,a_only,roman
ssh,0.2698412698412698,shared,mine
ssh,1.0,a_only,soviets
ssh,0.675392670157068,shared,betrayed
ssh,0.245136186770428,shared,came
ssh,0.2648221343873518,shared,fear
ssh,0.8713450292397661,shared,tension
ssh,0.6410256410256411,shared,unexpected
ssh,0.48148148148148145,shared,hidden
ssh,1.0,a_only,adobe
ssh,1.0,a_only,evolution
ssh,0.0847457627118644,b_only,curly
ssh,0.2903225806451613,shared,in
ssh,0.7204301075268817,shared,powder
ssh,0.08843537414965986,b_only,justine
ssh,0.6,shared,religious
ssh,1.0,a_only,angola
ssh,1.0,a_only,combustion
ssh,1.0,a_only,senate
ssh,1.0,a_only,diacritic
ssh,0.09965635738831616,b_only,loathing
ssh,0.4222222222222222,shared,gang
ssh,1.0,a_only,initially
ssh,0.23076923076923078,shared,early
ssh,0.5920398009950248,shared,comparison
ssh,0.675392670157068,shared,sums
ssh,1.0,a_only,paradox
ssh,0.0738255033557047,b_only,peeped
ssh,0.1111111111111111,b_only,tucked
ssh,0.2549019607843137,shared,nor
ssh,0.7777777777777778,shared,mice
ssh,0.6580310880829016,shared,expectations
ssh,0.4953271028037383,shared,century
ssh,0.4349775784753363,shared,warning
ssh,0.42857142857142855,shared,echoes
ssh,0.24031007751937986,shared,over
ssh,0.25984251968503935,shared,other
ssh,1.0,a_only,commentary
ssh,0.7486338797814208,shared,edmund
ssh,0.797752808988764,shared,duck
ssh,1.0,a_only,presidents
ssh,0.4883720930232558,shared,er
ssh,0.23552123552123552,shared,remember
ssh,0.3445378151260504,shared,remarkable
ssh,1.0,a_only,johannes
ssh,1.0,a_only,aqueous
ssh,0.6326530612244898,shared,chemical
ssh,0.1111111111111111,b_only,devotion
ssh,0.30612244897959184,shared,under
ssh,0.5920398009950248,shared,belt
ssh,0.391304347826087,shared,tom
ssh,0.8390804597701149,shared,paths
ssh,0.5609756097560976,shared,copper
ssh,1.0,a_only,fischer
ssh,1.0,a_only,complicated
ssh,0.28,shared,rich
ssh,0.3852813852813853,shared,stars
ssh,0.2749003984063745,neither,<unk>
ssh,1.0,a_only,algorithms
ssh,1.0,a_only,arctic
ssh,1.0,a_only,substantial
ssh,0.36752136752136755,shared,intention
ssh,0.6410256410256411,shared,injuries
ssh,0.5165876777251185,shared,borne
ssh,0.350210970464135,shared,keeping
ssh,1.0,a_only,sects
ssh,0.7486338797814208,shared,indians
ssh,0.8181818181818182,shared,fried
ssh,0.5094339622641509,shared,bust
ssh,0.3008130081300813,shared,present
ssh,0.3008130081300813,shared,terrible
ssh,1.0,a_only,columbia
ssh,0.5311004784688995,shared,goods
ssh,0.09965635738831616,b_only,insist
ssh,0.2698412698412698,shared,grew
ssh,0.0738255033557047,b_only,whaling
ssh,0.28,shared,except
ssh,0.7582417582417582,shared,strongest
ssh,1.0,a_only,populated
ssh,1.0,a_only,rotation
ssh,0.37339055793991416,shared,barred
ssh,0.3559322033898305,shared,observe
ssh,1.0,a_only,margin
ssh,0.5023474178403756,shared,released
ssh,0.3114754098360656,shared,small
ssh,1.0,a_only,stations
ssh,0.6410256410256411,shared,sharing
ssh,0.40969162995594716,shared,dreams
ssh,0.5458937198067633,shared,cap
ssh,0.30612244897959184,shared,remain
ssh,1.0,a_only,tribute
ssh,1.0,a_only,mosque
ssh,1.0,a_only,athens
ssh,0.7021276595744681,shared,circles
ssh,1.0,a_only,vegetation
ssh,1.0,a_only,truffaut
ssh,0.4611872146118721,shared,custom
ssh,0.675392670157068,shared,hydraulic
ssh,1.0,a_only,achill
ssh,1.0,a_only,doctrine
ssh,0.5384615384615384,shared,assistance
ssh,0.675392670157068,shared,schemes
ssh,1.0,a_only,automorphisms
ssh,1.0,a_only,ambients
ssh,0.3445378151260504,shared,state
ssh,1.0,a_only,creed
ssh,0.7486338797814208,shared,york
ssh,1.0,a_only,voted
ssh,1.0,a_only,kinetic
ssh,1.0,a_only,shah
ssh,1.0,a_only,anthropology
ssh,0.4349775784753363,shared,stuff
ssh,0.3333333333333333,shared,horrible
ssh,0.10726643598615918,b_only,vile
ssh,1.0,a_only,sanction
ssh,0.44144144144144143,shared,murdered
ssh,0.3278008298755187,shared,sign
ssh,0.25984251968503935,shared,else
ssh,1.0,a_only,frequency
ssh,1.0,a_only,propaganda
ssh,0.6410256410256411,shared,career
ssh,0.6842105263157895,shared,teacher
ssh,0.10344827586206896,b_only,grin
ssh,0.7777777777777778,shared,killer
ssh,0.07023411371237458,b_only,guess
ssh,1.0,a_only,hockey
ssh,0.5686274509803921,shared,tis
ssh,1.0,a_only,reflecting
ssh,1.0,a_only,politician
ssh,0.3793103448275862,shared,sides
ssh,0.6410256410256411,shared,definite
ssh,1.0,a_only,unified
ssh,0.0738255033557047,b_only,fancy
ssh,0.6161616161616161,shared,lightly
ssh,0.2648221343873518,shared,court
ssh,0.29554655870445345,shared,matter
ssh,0.29554655870445345,shared,than
ssh,1.0,a_only,annexed
ssh,0.11888111888111888,b_only,evr
ssh,1.0,a_only,percentage
ssh,0.37339055793991416,shared,james
ssh,1.0,a_only,libertarian
ssh,0.6580310880829016,shared,prey
ssh,0.5094339622641509,shared,searching
ssh,0.5458937198067633,shared,brute
ssh,0.5458937198067633,shared,blamed
ssh,0.32231404958677684,shared,thus
ssh,0.5686274509803921,shared,stained
ssh,1.0,a_only,beginnings
ssh,0.6931216931216931,shared,manifest
ssh,0.7297297297297297,shared,exceptional
ssh,1.0,a_only,isomers
ssh,0.07023411371237458,b_only,injun
ssh,1.0,a_only,abugida
ssh,0.5686274509803921,shared,assist
ssh,0.37339055793991416,shared,resolved
ssh,0.4611872146118721,shared,liberty
ssh,1.0,a_only,democracy
ssh,1.0,a_only,potassium
ssh,0.6580310880829016,shared,ridge
ssh,0.2549019607843137,shared,subject
ssh,1.0,a_only,optical
ssh,0.7777777777777778,shared,slope
ssh,0.6326530612244898,shared,tables
ssh,0.4479638009049774,shared,circle
ssh,1.0,a_only,das
ssh,0.10726643598615918,b_only,bushes
ssh,1.0,a_only,volcanic
ssh,1.0,a_only,russell
ssh,0.5094339622641509,shared,furnished
ssh,1.0,a_only,virtually
ssh,0.48148148148148145,shared,smart
ssh,0.7297297297297297,shared,affirmative
ssh,1.0,a_only,amaranth
ssh,0.8181818181818182,shared,gradual
ssh,1.0,a_only,orbit
ssh,0.44144144144144143,shared,wound
ssh,0.5023474178403756,shared,lion
ssh,0.7297297297297297,shared,threats
ssh,1.0,a_only,controlled
ssh,0.0958904109589041,b_only,ceiling
ssh,1.0,a_only,capita
ssh,0.4222222222222222,shared,coloured
ssh,0.797752808988764,shared,trials
ssh,1.0,a_only,thereafter
ssh,1.0,a_only,baseball
ssh,0.29554655870445345,shared,let
ssh,0.48148148148148145,shared,upper
ssh,0.3445378151260504,shared,waiting
ssh,0.6410256410256411,shared,error
ssh,0.6,shared,struggling
ssh,1.0,a_only,skilled
ssh,0.6931216931216931,shared,owl
ssh,0.08843537414965986,b_only,shouted
ssh,1.0,a_only,scott
ssh,0.5311004784688995,shared,hundreds
ssh,1.0,a_only,arius
ssh,0.36752136752136755,shared,st
ssh,0.5609756097560976,shared,incident
ssh,0.0738255033557047,b_only,deceived
ssh,0.3445378151260504,shared,proper
ssh,0.5609756097560976,shared,ending
ssh,0.0847457627118644,b_only,crucifix
ssh,1.0,a_only,bytes
ssh,0.25984251968503935,shared,when
ssh,0.28,shared,most
ssh,0.40350877192982454,shared,native
ssh,0.3852813852813853,shared,movement
ssh,1.0,a_only,algorithm
ssh,0.6243654822335025,shared,generosity
ssh,1.0,a_only,goths
ssh,0.32231404958677684,shared,has
ssh,0.3793103448275862,shared,join
ssh,0.5609756097560976,shared,scientific
ssh,1.0,a_only,imports
ssh,1.0,a_only,penalty
ssh,0.28,shared,pass
ssh,1.0,a_only,divisions
ssh,1.0,a_only,graham
ssh,0.07744107744107744,b_only,solicitude
ssh,0.6580310880829016,shared,link
ssh,0.29554655870445345,shared,art
ssh,1.0,a_only,indicating
ssh,1.0,a_only,retrieved
ssh,0.7112299465240641,shared,symbol
ssh,0.06666666666666667,b_only,yourselves
ssh,0.6243654822335025,shared,inches
ssh,0.2903225806451613,shared,killed
ssh,0.7021276595744681,shared,district
ssh,0.797752808988764,shared,anatomy
ssh,0.6666666666666666,shared,crescent
ssh,0.5686274509803921,shared,inhabitants
ssh,0.350210970464135,shared,same
ssh,1.0,a_only,arnold
ssh,0.09215017064846416,b_only,swung
ssh,1.0,a_only,altitude
ssh,0.6666666666666666,shared,pit
ssh,0.7391304347826086,shared,seed
ssh,0.10726643598615918,b_only,carpet
ssh,1.0,a_only,agesilaus
ssh,0.6410256410256411,shared,included
ssh,0.3333333333333333,shared,worse
ssh,1.0,a_only,allies
ssh,0.09965635738831616,b_only,consented
ssh,1.0,a_only,finland
ssh,0.08108108108108109,b_only,sweetly
ssh,1.0,a_only,wyatt
ssh,1.0,a_only,intervention
ssh,0.0738255033557047,b_only,brush
ssh,0.3008130081300813,shared,answer
ssh,0.3278008298755187,shared,there
ssh,0.48148148148148145,shared,communication
ssh,1.0,a_only,nominee
ssh,1.0,a_only,manufactured
ssh,0.6326530612244898,shared,complex
ssh,0.09965635738831616,b_only,dining
ssh,0.47465437788018433,shared,pulling
ssh,0.44144144144144143,shared,rendered
ssh,1.0,a_only,exiled
ssh,0.7391304347826086,shared,supreme
ssh,0.6666666666666666,shared,treasures
ssh,0.6842105263157895,shared,preference
ssh,0.6,shared,confirmed
ssh,0.7679558011049724,shared,loses
ssh,0.4479638009049774,shared,referred
ssh,0.7204301075268817,shared,partially
ssh,1.0,a_only,cardinal
ssh,0.09215017064846416,b_only,escort
ssh,1.0,a_only,jesus
ssh,0.6410256410256411,shared,piano
ssh,0.09965635738831616,b_only,mischief
ssh,0.40350877192982454,shared,shortly
ssh,0.8285714285714286,shared,situations
ssh,0.5384615384615384,shared,effects
ssh,1.0,a_only,ales
ssh,0.09965635738831616,b_only,shiver
ssh,0.5686274509803921,shared,iv
ssh,0.10344827586206896,b_only,faculties
ssh,1.0,a_only,venice
ssh,0.6666666666666666,shared,latin
ssh,0.5384615384615384,shared,require
ssh,0.5238095238095238,shared,remaining
ssh,1.0,a_only,overseas
ssh,1.0,a_only,lebanon
ssh,1.0,a_only,monarch
ssh,1.0,a_only,earl
ssh,0.7777777777777778,shared,tries
ssh,0.08843537414965986,b_only,morrow
ssh,1.0,a_only,debate
ssh,0.25984251968503935,shared,just
ssh,0.7021276595744681,shared,hubbard
ssh,1.0,a_only,ukrainian
ssh,0.6080402010050251,shared,peasants
ssh,1.0,a_only,noun
ssh,0.6243654822335025,shared,kingdom
ssh,0.6,shared,foul
ssh,1.0,a_only,kentucky
ssh,0.10726643598615918,b_only,tremulous
ssh,0.08108108108108109,b_only,recollections
ssh,0.675392670157068,shared,miniature
ssh,0.08843537414965986,b_only,kitten
ssh,1.0,a_only,emigrated
ssh,0.44144144144144143,shared,spend
ssh,0.3617021276595745,shared,impossible
ssh,0.6326530612244898,shared,countries
ssh,1.0,a_only,bhfiann
ssh,0.807909604519774,shared,detect
ssh,1.0,a_only,baldwin
ssh,0.10726643598615918,b_only,flung
ssh,0.7777777777777778,shared,professed
ssh,0.6842105263157895,shared,foundations
ssh,1.0,a_only,investment
ssh,0.350210970464135,shared,conscience
ssh,0.25984251968503935,shared,sense
ssh,0.4953271028037383,shared,enjoy
ssh,0.5763546798029556,shared,suited
ssh,1.0,a_only,sheikh
ssh,0.3168724279835391,shared,watched
ssh,1.0,a_only,monarchs
ssh,0.44144144144144143,shared,committed
ssh,1.0,a_only,integration
ssh,1.0,a_only,entropy
ssh,1.0,a_only,suburbs
ssh,1.0,a_only,telescopes
ssh,0.3445378151260504,shared,weak
ssh,0.4479638009049774,shared,tomb
ssh,0.7877094972067039,shared,preservation
ssh,0.3852813852813853,shared,raising
ssh,0.30612244897959184,shared,fashion
ssh,1.0,a_only,alex
ssh,1.0,a_only,user
ssh,0.6494845360824743,shared,musical
ssh,0.3793103448275862,shared,sunday
ssh,0.09965635738831616,b_only,echoed
ssh,1.0,a_only,joshua
ssh,1.0,a_only,nile
ssh,0.6243654822335025,shared,materials
ssh,0.7582417582417582,shared,casual
ssh,0.7021276595744681,shared,strikes
ssh,0.4883720930232558,shared,corn
ssh,1.0,a_only,islam
ssh,0.3278008298755187,shared,knife
ssh,0.3278008298755187,shared,reckoned
ssh,0.675392670157068,shared,display
ssh,0.6080402010050251,shared,feels
ssh,0.3168724279835391,shared,meeting
ssh,0.06666666666666667,b_only,eyebrows
ssh,0.05263157894736842,b_only,disappointment
ssh,1.0,a_only,anthem
ssh,1.0,a_only,significantly
ssh,1.0,a_only,princess
ssh,0.391304347826087,shared,spare
ssh,0.07023411371237458,b_only,whoop
ssh,0.7679558011049724,shared,permanent
ssh,0.2903225806451613,shared,god
ssh,0.0958904109589041,b_only,secrecy
ssh,1.0,a_only,approaches
ssh,1.0,a_only,opposing
ssh,1.0,a_only,icelandic
ssh,0.08108108108108109,b_only,georgiana
ssh,0.6,shared,stolen
ssh,1.0,a_only,anaconda
ssh,0.6243654822335025,shared,pace
ssh,0.6580310880829016,shared,bold
ssh,0.6842105263157895,shared,fired
ssh,1.0,a_only,aardvarks
ssh,1.0,a_only,badge
ssh,0.08843537414965986,b_only,pepper
ssh,1.0,a_only,uk
ssh,0.6410256410256411,shared,relieve
ssh,1.0,a_only,programming
ssh,0.415929203539823,shared,helped
ssh,0.07744107744107744,b_only,yer
ssh,0.6410256410256411,shared,auction
ssh,0.10344827586206896,b_only,lodge
ssh,0.09965635738831616,b_only,pleaded
ssh,0.3168724279835391,shared,whilst
ssh,1.0,a_only,keyboards
ssh,0.6080402010050251,shared,hay
ssh,0.07744107744107744,b_only,madman
ssh,1.0,a_only,feminist
ssh,1.0,a_only,eros
ssh,0.7204301075268817,shared,harshly
ssh,1.0,a_only,stilicho
ssh,0.0958904109589041,b_only,shade
ssh,1.0,a_only,immune
ssh,1.0,a_only,albatross
ssh,1.0,a_only,hermann
ssh,0.8181818181818182,shared,ruby
ssh,0.7112299465240641,shared,limited
ssh,0.42857142857142855,shared,track
ssh,1.0,a_only,anschluss
ssh,0.7777777777777778,shared,instances
ssh,1.0,a_only,markets
ssh,0.06312292358803986,b_only,brooding
ssh,1.0,a_only,patroclus
ssh,0.3278008298755187,shared,alive
ssh,0.40969162995594716,shared,hearts
ssh,1.0,a_only,hudson
ssh,0.36752136752136755,shared,bird
ssh,1.0,a_only,taxonomy
ssh,0.09965635738831616,b_only,heartless
ssh,0.46788990825688076,shared,inclination
ssh,1.0,a_only,clockwork
ssh,0.29554655870445345,shared,sun
ssh,1.0,a_only,aluminium
ssh,0.08108108108108109,b_only,reproach
ssh,0.5686274509803921,shared,swallowed
ssh,0.4883720930232558,shared,wealth
ssh,0.5023474178403756,shared,including
ssh,1.0,a_only,revenue
ssh,0.5094339622641509,shared,aspect
ssh,0.6410256410256411,shared,smallest
ssh,1.0,a_only,plastic
ssh,0.7021276595744681,shared,manager
ssh,1.0,a_only,licensing
ssh,0.32231404958677684,shared,return
ssh,0.7391304347826086,shared,analysis
ssh,0.7777777777777778,shared,confusing
ssh,1.0,a_only,culminated
ssh,0.25,shared,thinking
ssh,0.6326530612244898,shared,americans
ssh,1.0,a_only,protocol
ssh,1.0,a_only,sahara
ssh,1.0,a_only,challenge
ssh,1.0,a_only,victories
ssh,0.25984251968503935,shared,somebody
ssh,1.0,a_only,benedict
ssh,0.5458937198067633,shared,sugar
ssh,1.0,a_only,celebration
ssh,0.44144144144144143,shared,arose
ssh,1.0,a_only,categories
ssh,0.6161616161616161,shared,keys
ssh,0.09215017064846416,b_only,fancies
ssh,1.0,a_only,underwent
ssh,0.7021276595744681,shared,cells
ssh,0.32231404958677684,shared,prepared
ssh,1.0,a_only,formations
ssh,0.09215017064846416,b_only,tread
ssh,0.5533980582524272,shared,minister
ssh,1.0,a_only,aikido
ssh,0.3278008298755187,shared,show
ssh,0.07744107744107744,b_only,contemplated
ssh,0.6410256410256411,shared,velvet
ssh,1.0,a_only,retains
ssh,0.7679558011049724,shared,rejected
ssh,0.675392670157068,shared,originated
ssh,0.11498257839721254,b_only,glimpse
ssh,1.0,a_only,equation
ssh,0.6666666666666666,shared,horseback
ssh,0.6,shared,edges
ssh,1.0,a_only,russia
ssh,1.0,a_only,ireland
ssh,1.0,a_only,loosely
ssh,0.6161616161616161,shared,magistrate
ssh,0.7391304347826086,shared,akin
ssh,1.0,a_only,liberation
ssh,1.0,a_only,ahenobarbus
ssh,0.5763546798029556,shared,mysteries
ssh,0.25,shared,words
ssh,0.6666666666666666,shared,engaging
ssh,0.7021276595744681,shared,moses
ssh,1.0,a_only,frames
ssh,1.0,a_only,org
ssh,0.7021276595744681,shared,block
ssh,0.7777777777777778,shared,resided
ssh,0.7391304347826086,shared,luxurious
ssh,0.059602649006622516,b_only,dasn
ssh,0.7486338797814208,shared,ass
ssh,1.0,a_only,ceo
ssh,0.7486338797814208,shared,writers
ssh,0.8497109826589595,shared,removing
ssh,0.059602649006622516,b_only,remembering
ssh,0.0738255033557047,b_only,paddled
ssh,0.4222222222222222,shared,warm
ssh,1.0,a_only,diet
ssh,0.7204301075268817,shared,gap
ssh,0.6080402010050251,shared,host
ssh,0.7021276595744681,shared,believes
ssh,1.0,a_only,championship
ssh,0.0738255033557047,b_only,embarrassment
ssh,0.6666666666666666,shared,walton
ssh,1.0,a_only,realm
ssh,1.0,a_only,sanjaks
ssh,0.3278008298755187,shared,as
ssh,1.0,a_only,skills
ssh,0.6842105263157895,shared,leap
ssh,1.0,a_only,journals
ssh,1.0,a_only,supporting
ssh,0.7204301075268817,shared,filed
ssh,0.6494845360824743,shared,levi
ssh,0.7021276595744681,shared,guardian
ssh,0.7777777777777778,shared,reverence
ssh,0.10726643598615918,b_only,angrily
ssh,0.7204301075268817,shared,resolve
ssh,1.0,a_only,hymns
ssh,1.0,a_only,measurements
ssh,0.46788990825688076,shared,modern
ssh,0.7112299465240641,shared,conception
ssh,0.6842105263157895,shared,willow
ssh,1.0,a_only,riots
ssh,0.7204301075268817,shared,university
ssh,0.5458937198067633,shared,swift
ssh,0.5165876777251185,shared,stable
ssh,0.3333333333333333,shared,sick
ssh,0.415929203539823,shared,lantern
ssh,1.0,a_only,huxley
ssh,1.0,a_only,grains
ssh,1.0,a_only,coptic
ssh,1.0,a_only,overlap
ssh,1.0,a_only,processor
ssh,0.0847457627118644,b_only,traveller
ssh,0.4349775784753363,shared,recalled
ssh,1.0,a_only,demanding
ssh,1.0,a_only,radiation
ssh,1.0,a_only,doubleday
ssh,0.07023411371237458,b_only,thread
ssh,1.0,a_only,ken
ssh,0.4953271028037383,shared,desk
ssh,0.4953271028037383,shared,mass
ssh,0.797752808988764,shared,crude
ssh,0.3852813852813853,shared,highly
ssh,0.8497109826589595,shared,accusation
ssh,0.25,shared,safe
ssh,1.0,a_only,extends
ssh,1.0,a_only,crystalline
ssh,0.08843537414965986,b_only,verses
ssh,0.09215017064846416,b_only,assure
ssh,0.6842105263157895,shared,injury
ssh,1.0,a_only,extension
ssh,1.0,a_only,trinity
ssh,0.7021276595744681,shared,folly
ssh,0.7486338797814208,shared,fruit
ssh,0.6080402010050251,shared,enabled
ssh,0.39737991266375544,shared,entering
ssh,0.2903225806451613,shared,drove
ssh,1.0,a_only,amounts
ssh,1.0,a_only,greece
ssh,0.0847457627118644,b_only,earnestly
ssh,0.6580310880829016,shared,foam
ssh,0.6666666666666666,shared,score
ssh,0.4479638009049774,shared,copy
ssh,0.48148148148148145,shared,minds
ssh,0.3389121338912134,shared,unknown
ssh,0.7204301075268817,shared,rows
ssh,0.4349775784753363,shared,niece
ssh,0.0847457627118644,b_only,pier
ssh,0.7582417582417582,shared,guards
ssh,0.285140562248996,shared,black
ssh,0.10344827586206896,b_only,brushed
ssh,0.29554655870445345,shared,together
ssh,0.5165876777251185,shared,barrier
ssh,0.056105610561056105,b_only,tweedledee
ssh,0.40969162995594716,shared,daughters
ssh,0.29554655870445345,shared,make
ssh,0.6,shared,needles
ssh,0.5384615384615384,shared,treatment
ssh,0.09965635738831616,b_only,trousers
ssh,0.4953271028037383,shared,encouraged
ssh,0.29554655870445345,shared,use
ssh,0.7582417582417582,shared,arising
ssh,0.2698412698412698,shared,besides
ssh,0.6580310880829016,shared,flora
ssh,1.0,a_only,swinburne
ssh,0.4611872146118721,shared,features
ssh,0.5311004784688995,shared,amid
ssh,0.4953271028037383,shared,guarded
ssh,1.0,a_only,robots
ssh,1.0,a_only,terminology
ssh,0.12280701754385964,b_only,happiest
ssh,1.0,a_only,census
ssh,0.3445378151260504,shared,fault
ssh,1.0,a_only,crashes
ssh,1.0,a_only,revelation
ssh,0.32231404958677684,shared,years
ssh,1.0,a_only,conditional
ssh,0.5094339622641509,shared,sung
ssh,0.2903225806451613,shared,this
ssh,1.0,a_only,speculated
ssh,1.0,a_only,jungle
ssh,0.42857142857142855,shared,dawn
ssh,1.0,a_only,km
ssh,0.7486338797814208,shared,maiden
ssh,1.0,a_only,representation
ssh,0.0958904109589041,b_only,piccadilly
ssh,1.0,a_only,outbreak
ssh,0.5384615384615384,shared,image
ssh,1.0,a_only,exodus
ssh,0.675392670157068,shared,flown
ssh,0.4883720930232558,shared,continually
ssh,1.0,a_only,nagorno
ssh,0.7204301075268817,shared,lined
ssh,0.5094339622641509,shared,increasing
ssh,0.6931216931216931,shared,newspaper
ssh,0.0958904109589041,b_only,gaily
ssh,0.08843537414965986,b_only,mumps
ssh,1.0,a_only,algae
ssh,1.0,a_only,magnitude
ssh,1.0,a_only,ptolemy
ssh,1.0,a_only,scriptures
ssh,0.07744107744107744,b_only,bewildered
ssh,1.0,a_only,corinthians
ssh,0.08843537414965986,b_only,lean
ssh,0.6931216931216931,shared,arrows
ssh,0.0847457627118644,b_only,wickham
ssh,0.5165876777251185,shared,signed
ssh,0.4883720930232558,shared,scotland
ssh,0.09215017064846416,b_only,unpleasant
ssh,0.09965635738831616,b_only,longed
ssh,1.0,a_only,obtaining
ssh,1.0,a_only,strictly
ssh,1.0,a_only,mythological
ssh,0.7877094972067039,shared,hebrew
ssh,1.0,a_only,genre
ssh,1.0,a_only,charts
ssh,1.0,a_only,buenos
ssh,1.0,a_only,survival
ssh,1.0,a_only,graduate
ssh,1.0,a_only,vs
ssh,0.5311004784688995,shared,motive
ssh,0.6161616161616161,shared,burial
ssh,0.0847457627118644,b_only,glided
ssh,1.0,a_only,diameter
ssh,1.0,a_only,measurement
ssh,0.0958904109589041,b_only,insensible
ssh,1.0,a_only,methyl
ssh,0.675392670157068,shared,crab
ssh,1.0,a_only,requirements
ssh,1.0,a_only,antoninus
