method,phase_similarity,tag,word
ssh,1.0,a_only,conservatives
ssh,0.2549019607843137,shared,boy
ssh,0.3008130081300813,shared,deep
ssh,0.6842105263157895,shared,wages
ssh,0.6842105263157895,shared,succeeding
ssh,1.0,a_only,lindbergh
ssh,1.0,a_only,jpg
ssh,1.0,a_only,sometime
ssh,0.3559322033898305,shared,difference
ssh,0.6494845360824743,shared,offence
ssh,1.0,a_only,lovell
ssh,1.0,a_only,manufacturers
ssh,0.19402985074626866,b_only,dad
ssh,0.20754716981132076,b_only,looky
ssh,0.6161616161616161,shared,arabian
ssh,0.5165876777251185,shared,print
ssh,0.5311004784688995,shared,regarding
ssh,0.17647058823529413,b_only,peeping
ssh,0.47465437788018433,shared,rage
ssh,0.3008130081300813,shared,black
ssh,1.0,a_only,california
ssh,1.0,a_only,democracy
ssh,0.7204301075268817,shared,lighter
ssh,1.0,a_only,unclear
ssh,1.0,a_only,aes
ssh,0.3114754098360656,shared,cold
ssh,0.5023474178403756,shared,stories
ssh,0.6,shared,scream
ssh,0.5533980582524272,shared,confirmed
ssh,1.0,a_only,enacted
ssh,1.0,a_only,alumni
ssh,1.0,a_only,entity
ssh,1.0,a_only,enforced
ssh,1.0,a_only,amplitude
ssh,1.0,a_only,spectacular
ssh,1.0,a_only,albums
ssh,0.415929203539823,shared,rule
ssh,1.0,a_only,boxer
ssh,0.6410256410256411,shared,fascination
ssh,0.5920398009950248,shared,impressed
ssh,0.6,shared,officer
ssh,1.0,a_only,films
ssh,1.0,a_only,stalin
ssh,0.675392670157068,shared,nail
ssh,1.0,a_only,allows
ssh,1.0,a_only,ransom
ssh,0.415929203539823,shared,ignorant
ssh,0.46788990825688076,shared,add
ssh,1.0,a_only,iowa
ssh,0.11498257839721254,b_only,happily
ssh,0.24031007751937986,shared,everything
ssh,0.5763546798029556,shared,plays
ssh,0.415929203539823,shared,wound
ssh,1.0,a_only,fullback
ssh,1.0,a_only,iran
ssh,0.07744107744107744,b_only,hadn
ssh,0.48148148148148145,shared,picked
ssh,1.0,a_only,context
ssh,1.0,a_only,reduce
ssh,0.45454545454545453,shared,awoke
ssh,0.1552346570397112,b_only,oars
ssh,0.1267605633802817,b_only,gardiner
ssh,0.350210970464135,shared,blame
ssh,0.6243654822335025,shared,magic
ssh,0.285140562248996,shared,work
ssh,1.0,a_only,modified
ssh,0.5686274509803921,shared,hero
ssh,0.5609756097560976,shared,harvey
ssh,0.4479638009049774,shared,intention
ssh,0.7391304347826086,shared,villages
ssh,0.7679558011049724,shared,cargo
ssh,1.0,a_only,typical
ssh,0.2648221343873518,shared,can
ssh,0.4349775784753363,shared,practice
ssh,1.0,a_only,zeus
ssh,0.391304347826087,shared,square
ssh,0.1111111111111111,b_only,begged
ssh,0.4611872146118721,shared,clouds
ssh,0.7391304347826086,shared,ahab
ssh,1.0,a_only,translate
ssh,1.0,a_only,hart
ssh,0.7777777777777778,shared,spectral
ssh,1.0,a_only,acoustics
ssh,1.0,a_only,aa
ssh,0.7582417582417582,shared,breach
ssh,1.0,a_only,thesis
ssh,0.7679558011049724,shared,vessels
ssh,1.0,a_only,distances
ssh,0.5609756097560976,shared,mental
ssh,0.6410256410256411,shared,acts
ssh,0.4222222222222222,shared,fish
ssh,1.0,a_only,justification
ssh,0.5384615384615384,shared,alongside
ssh,0.4611872146118721,shared,wherever
ssh,0.7112299465240641,shared,advocate
ssh,0.4611872146118721,shared,attack
ssh,1.0,a_only,homo
ssh,0.7486338797814208,shared,ensuing
ssh,0.09965635738831616,b_only,eager
ssh,0.1111111111111111,b_only,regret
ssh,0.5458937198067633,shared,sins
ssh,0.20754716981132076,b_only,tiptoe
ssh,0.5686274509803921,shared,kick
ssh,0.6080402010050251,shared,county
ssh,0.08108108108108109,b_only,wickham
ssh,1.0,a_only,prominent
ssh,1.0,a_only,april
ssh,0.5458937198067633,shared,height
ssh,0.6931216931216931,shared,cows
ssh,0.675392670157068,shared,sale
ssh,0.19850187265917604,b_only,roared
ssh,0.20300751879699247,b_only,adler
ssh,0.20300751879699247,b_only,chap
ssh,1.0,a_only,individualist
ssh,0.21212121212121213,b_only,soundly
ssh,0.23552123552123552,shared,safe
ssh,0.5686274509803921,shared,rocks
ssh,1.0,a_only,anschluss
ssh,0.37339055793991416,shared,charles
ssh,1.0,a_only,comprises
ssh,0.6161616161616161,shared,household
ssh,0.7877094972067039,shared,simplest
ssh,0.45454545454545453,shared,discovery
ssh,1.0,a_only,byzantine
ssh,0.4883720930232558,shared,remembrance
ssh,1.0,a_only,macedonia
ssh,1.0,a_only,germanic
ssh,0.19402985074626866,b_only,neglect
ssh,0.1387900355871886,b_only,tender
ssh,0.1267605633802817,b_only,groan
ssh,1.0,a_only,andes
ssh,1.0,a_only,launched
ssh,0.5920398009950248,shared,shrugged
ssh,0.37339055793991416,shared,servants
ssh,1.0,a_only,vehicles
ssh,0.6494845360824743,shared,throws
ssh,0.7204301075268817,shared,immoral
ssh,0.3008130081300813,shared,minute
ssh,0.21212121212121213,b_only,boggs
ssh,0.07744107744107744,b_only,lamps
ssh,1.0,a_only,gary
ssh,1.0,a_only,algerian
ssh,0.6080402010050251,shared,arise
ssh,0.21673003802281368,b_only,armchair
ssh,0.5238095238095238,shared,fur
ssh,0.20754716981132076,b_only,shoe
ssh,0.1552346570397112,b_only,bother
ssh,0.415929203539823,shared,board
ssh,0.42857142857142855,shared,observe
ssh,0.6842105263157895,shared,stores
ssh,1.0,a_only,culminated
ssh,1.0,a_only,manhattan
ssh,0.11498257839721254,b_only,expectation
ssh,0.6494845360824743,shared,xv
ssh,0.10344827586206896,b_only,glance
ssh,1.0,a_only,fao
ssh,1.0,a_only,carthage
ssh,0.08843537414965986,b_only,earnest
ssh,0.3114754098360656,shared,advantage
ssh,0.20754716981132076,b_only,gwyne
ssh,0.6243654822335025,shared,indian
ssh,0.6,shared,po
ssh,0.6931216931216931,shared,accompanying
ssh,0.7877094972067039,shared,hugh
ssh,1.0,a_only,exploration
ssh,0.415929203539823,shared,particularly
ssh,0.13074204946996468,b_only,parted
ssh,1.0,a_only,finalist
ssh,1.0,a_only,ra
ssh,1.0,a_only,navy
ssh,1.0,a_only,computer
ssh,1.0,a_only,johnston
ssh,1.0,a_only,react
ssh,0.5841584158415841,shared,steep
ssh,1.0,a_only,afi
ssh,0.797752808988764,shared,irritated
ssh,0.6842105263157895,shared,prospects
ssh,1.0,a_only,adjective
ssh,0.7679558011049724,shared,boiling
ssh,1.0,a_only,carnival
ssh,0.20754716981132076,b_only,rip
ssh,1.0,a_only,jordan
ssh,0.2749003984063745,shared,road
ssh,0.4611872146118721,shared,swept
ssh,1.0,a_only,layout
ssh,1.0,a_only,domitius
ssh,1.0,a_only,essays
ssh,0.5920398009950248,shared,emotions
ssh,1.0,a_only,magnus
ssh,1.0,a_only,senate
ssh,0.5238095238095238,shared,degrees
ssh,1.0,a_only,substantially
ssh,1.0,a_only,frac
ssh,0.4349775784753363,shared,paying
ssh,0.6494845360824743,shared,autumn
ssh,1.0,a_only,csm
ssh,1.0,a_only,manufactured
ssh,1.0,a_only,gaul
ssh,0.25984251968503935,shared,oh
ssh,1.0,a_only,unsafe
ssh,0.14285714285714285,b_only,deceive
ssh,0.5533980582524272,shared,bearing
ssh,0.5763546798029556,shared,protection
ssh,0.40969162995594716,shared,chosen
ssh,0.3114754098360656,shared,remained
ssh,0.1895910780669145,b_only,carpenter
ssh,0.6080402010050251,shared,reaction
ssh,1.0,a_only,footballer
ssh,0.2903225806451613,shared,long
ssh,0.415929203539823,shared,heavens
ssh,1.0,a_only,del
ssh,1.0,a_only,mechanics
ssh,0.1111111111111111,b_only,ghastly
ssh,0.08843537414965986,b_only,gloom
ssh,0.2549019607843137,shared,sake
ssh,0.2749003984063745,shared,alone
ssh,0.2749003984063745,shared,until
ssh,0.285140562248996,shared,nature
ssh,0.391304347826087,shared,raise
ssh,1.0,a_only,universities
ssh,0.1895910780669145,b_only,rucastle
ssh,0.22137404580152673,b_only,shoemaker
ssh,0.6243654822335025,shared,tragic
ssh,0.7582417582417582,shared,rear
ssh,0.2648221343873518,shared,ain
ssh,0.19850187265917604,b_only,heartless
ssh,1.0,a_only,circ
ssh,0.3333333333333333,shared,throw
ssh,0.5458937198067633,shared,inclined
ssh,1.0,a_only,screenplay
ssh,1.0,a_only,internationally
ssh,0.6666666666666666,shared,piano
ssh,0.7679558011049724,shared,warming
ssh,1.0,a_only,editing
ssh,0.3617021276595745,shared,tied
ssh,0.7021276595744681,shared,reasoned
ssh,0.23552123552123552,b_only,unlucky
ssh,1.0,a_only,canonical
ssh,0.6326530612244898,shared,military
ssh,1.0,a_only,walter
ssh,1.0,a_only,efficiency
ssh,1.0,a_only,founder
ssh,1.0,a_only,construct
ssh,1.0,a_only,resulted
ssh,1.0,a_only,naming
ssh,0.47465437788018433,shared,arrive
ssh,0.21212121212121213,b_only,austen
ssh,0.14695340501792115,b_only,carriages
ssh,0.3114754098360656,shared,prisoner
ssh,0.4953271028037383,shared,corn
ssh,0.5533980582524272,shared,rush
ssh,0.5023474178403756,shared,weapons
ssh,0.3445378151260504,shared,devil
ssh,1.0,a_only,infantry
ssh,1.0,a_only,successor
ssh,0.7297297297297297,shared,irish
ssh,0.1347517730496454,shared,i
ssh,0.7112299465240641,shared,travels
ssh,0.7297297297297297,shared,drag
ssh,0.5533980582524272,shared,hills
ssh,0.391304347826087,shared,personal
ssh,1.0,a_only,publishing
ssh,0.48148148148148145,shared,space
ssh,0.0958904109589041,b_only,seated
ssh,1.0,a_only,imac
ssh,1.0,a_only,onset
ssh,1.0,a_only,telescope
ssh,1.0,a_only,apache
ssh,0.5094339622641509,shared,corpse
ssh,0.20300751879699247,b_only,gems
ssh,0.6666666666666666,shared,privately
ssh,0.7204301075268817,shared,inevitable
ssh,0.6580310880829016,shared,channel
ssh,1.0,a_only,ludwig
ssh,1.0,a_only,recipient
ssh,0.09965635738831616,b_only,desolate
ssh,0.285140562248996,shared,point
ssh,1.0,a_only,ibn
ssh,0.2903225806451613,shared,finished
ssh,0.5165876777251185,shared,bust
ssh,0.6494845360824743,shared,bid
ssh,1.0,a_only,apostle
ssh,0.2903225806451613,shared,doctor
ssh,1.0,a_only,organisms
ssh,1.0,a_only,reed
ssh,0.391304347826087,shared,aside
ssh,1.0,a_only,offense
ssh,0.0847457627118644,b_only,pross
ssh,1.0,a_only,aggressive
ssh,0.5165876777251185,shared,jones
ssh,0.20300751879699247,b_only,lifeless
ssh,0.6842105263157895,shared,removal
ssh,0.37339055793991416,shared,respect
ssh,0.48148148148148145,shared,reward
ssh,1.0,a_only,asian
ssh,0.24031007751937986,shared,just
ssh,0.3852813852813853,shared,handsome
ssh,0.5384615384615384,shared,pin
ssh,1.0,a_only,broader
ssh,1.0,a_only,sciences
ssh,0.3278008298755187,shared,school
ssh,0.3114754098360656,shared,even
ssh,0.39737991266375544,shared,shot
ssh,0.5686274509803921,shared,gimme
ssh,1.0,a_only,suez
ssh,0.2549019607843137,shared,book
ssh,1.0,a_only,maguey
ssh,0.7877094972067039,shared,refrain
ssh,0.6931216931216931,shared,purposely
ssh,0.7112299465240641,shared,defeat
ssh,1.0,a_only,listed
ssh,0.5686274509803921,shared,corners
ssh,1.0,a_only,adherents
ssh,0.7021276595744681,shared,vicious
ssh,1.0,a_only,elector
ssh,0.8181818181818182,shared,regards
ssh,1.0,a_only,acapulco
ssh,0.059602649006622516,b_only,strangely
ssh,1.0,a_only,reformed
ssh,0.5023474178403756,shared,recent
ssh,1.0,a_only,supposedly
ssh,0.12280701754385964,b_only,sorrows
ssh,1.0,a_only,hennecke
ssh,0.23552123552123552,b_only,swinging
ssh,0.11888111888111888,b_only,ladyship
ssh,0.7777777777777778,shared,preface
ssh,1.0,a_only,shopping
ssh,0.25,shared,fair
ssh,0.08843537414965986,b_only,dared
ssh,0.5384615384615384,shared,waste
ssh,0.7877094972067039,shared,res
ssh,0.3333333333333333,shared,windows
ssh,0.7112299465240641,shared,olive
ssh,1.0,a_only,assault
ssh,0.6161616161616161,shared,check
ssh,0.6494845360824743,shared,replaced
ssh,0.19850187265917604,b_only,dimly
ssh,0.37339055793991416,shared,example
ssh,0.3617021276595745,shared,precious
ssh,0.3168724279835391,shared,inside
ssh,1.0,a_only,racial
ssh,0.5609756097560976,shared,causes
ssh,0.7297297297297297,shared,notwithstanding
ssh,0.3333333333333333,shared,bless
ssh,0.6931216931216931,shared,carries
ssh,0.30612244897959184,shared,leaves
ssh,0.28,shared,good
ssh,1.0,a_only,traditionally
ssh,1.0,a_only,revolutionaries
ssh,1.0,a_only,violation
ssh,0.675392670157068,shared,recently
ssh,1.0,a_only,torsion
ssh,1.0,a_only,leon
ssh,0.5023474178403756,shared,royalties
ssh,1.0,a_only,infection
ssh,1.0,a_only,amines
ssh,0.6326530612244898,shared,pupils
ssh,1.0,a_only,viewpoint
ssh,0.6842105263157895,shared,hank
ssh,0.6243654822335025,shared,government
ssh,0.7297297297297297,shared,influenced
ssh,0.5311004784688995,shared,deadly
ssh,1.0,a_only,ram
ssh,0.40969162995594716,shared,advanced
ssh,1.0,a_only,meters
ssh,1.0,a_only,immigrants
ssh,0.6410256410256411,shared,strings
ssh,1.0,a_only,turing
ssh,1.0,a_only,afterlife
ssh,0.3114754098360656,shared,breath
ssh,1.0,a_only,contribute
ssh,0.7486338797814208,shared,prosecution
ssh,0.2698412698412698,shared,become
ssh,1.0,a_only,northeast
ssh,0.6842105263157895,shared,dramatic
ssh,0.3278008298755187,shared,own
ssh,0.40969162995594716,shared,rabbit
ssh,0.675392670157068,shared,sentiment
ssh,1.0,a_only,dharma
ssh,0.3114754098360656,shared,fact
ssh,0.08843537414965986,b_only,dread
ssh,0.44144144144144143,shared,ashes
ssh,0.6842105263157895,shared,hanged
ssh,1.0,a_only,taxonomy
ssh,0.5458937198067633,shared,tiny
ssh,0.5165876777251185,shared,fright
ssh,0.4222222222222222,shared,cruel
ssh,0.14285714285714285,b_only,echoed
ssh,0.4349775784753363,shared,needed
ssh,0.3168724279835391,shared,night
ssh,1.0,a_only,speer
ssh,0.5458937198067633,shared,asylum
ssh,1.0,a_only,atom
ssh,0.46788990825688076,shared,wheel
ssh,0.7112299465240641,shared,fulfilled
ssh,1.0,a_only,sayings
ssh,1.0,a_only,il
ssh,0.45454545454545453,shared,closer
ssh,0.6161616161616161,shared,denial
ssh,1.0,a_only,successive
ssh,0.6161616161616161,shared,entitled
ssh,1.0,a_only,kurosawa
ssh,1.0,a_only,fiber
ssh,0.3852813852813853,shared,hide
ssh,0.20754716981132076,b_only,bats
ssh,1.0,a_only,navigation
ssh,1.0,a_only,alternatively
ssh,0.5384615384615384,shared,rendered
ssh,0.5686274509803921,shared,fighting
ssh,0.675392670157068,shared,artificial
ssh,0.21673003802281368,b_only,daring
ssh,0.2260536398467433,b_only,blows
ssh,1.0,a_only,edinburgh
ssh,0.17216117216117216,b_only,bred
ssh,1.0,a_only,exodus
ssh,0.415929203539823,shared,rise
ssh,0.20754716981132076,b_only,gaze
ssh,0.0958904109589041,b_only,asleep
ssh,0.2749003984063745,shared,end
ssh,0.675392670157068,shared,hospitality
ssh,1.0,a_only,congo
ssh,1.0,a_only,aqueous
ssh,0.23076923076923078,b_only,pierced
ssh,0.1347517730496454,b_only,awake
ssh,1.0,a_only,southernmost
ssh,0.7679558011049724,shared,posts
ssh,0.5023474178403756,shared,painting
ssh,0.6666666666666666,shared,kent
ssh,1.0,a_only,superorder
ssh,1.0,a_only,estimated
ssh,1.0,a_only,specimens
ssh,0.2260536398467433,b_only,tremulous
ssh,1.0,a_only,practices
ssh,1.0,a_only,founding
ssh,0.6243654822335025,shared,tortured
ssh,1.0,a_only,roosevelt
ssh,0.32231404958677684,shared,people
ssh,0.11498257839721254,b_only,tin
ssh,0.6161616161616161,shared,sensitive
ssh,0.6243654822335025,shared,disguise
ssh,0.7679558011049724,shared,resources
ssh,0.25984251968503935,shared,indeed
ssh,1.0,a_only,gospels
ssh,0.09965635738831616,b_only,longed
ssh,1.0,a_only,dissociation
ssh,1.0,a_only,drugs
ssh,0.6,shared,renamed
ssh,0.45454545454545453,shared,gang
ssh,0.807909604519774,shared,resided
ssh,0.19850187265917604,b_only,goin
ssh,0.6931216931216931,shared,earthly
ssh,0.4883720930232558,shared,veins
ssh,0.6161616161616161,shared,vote
ssh,0.29554655870445345,shared,led
ssh,0.6326530612244898,shared,rider
ssh,0.6326530612244898,shared,arrow
ssh,1.0,a_only,christians
ssh,0.5458937198067633,shared,accompany
ssh,0.5238095238095238,shared,wealth
ssh,0.6580310880829016,shared,regularly
ssh,0.6326530612244898,shared,bay
ssh,0.5311004784688995,shared,floating
ssh,0.4883720930232558,shared,leaning
ssh,0.2698412698412698,shared,held
ssh,1.0,a_only,deals
ssh,1.0,a_only,genre
ssh,0.4883720930232558,shared,bottom
ssh,0.5763546798029556,shared,enjoyment
ssh,0.6931216931216931,shared,westminster
ssh,0.5458937198067633,shared,articles
ssh,0.22137404580152673,shared,now
ssh,0.5609756097560976,shared,counting
ssh,1.0,a_only,bavaria
ssh,0.5609756097560976,shared,seas
ssh,0.20300751879699247,b_only,implored
ssh,0.7021276595744681,shared,hereafter
ssh,0.18081180811808117,b_only,brightly
ssh,0.6494845360824743,shared,substance
ssh,0.5238095238095238,shared,depend
ssh,0.5763546798029556,shared,skill
ssh,1.0,a_only,refectory
ssh,1.0,a_only,metro
ssh,0.1895910780669145,b_only,thimble
ssh,0.48148148148148145,shared,track
ssh,0.25,shared,wonder
ssh,1.0,a_only,origins
ssh,0.5686274509803921,shared,composed
ssh,1.0,a_only,zero
ssh,1.0,a_only,theologian
ssh,0.6243654822335025,shared,owing
ssh,1.0,a_only,canal
ssh,0.1895910780669145,b_only,overboard
ssh,1.0,a_only,neutrality
ssh,1.0,a_only,designers
ssh,0.11498257839721254,b_only,conveyed
ssh,1.0,a_only,crops
ssh,1.0,a_only,cricket
ssh,0.3333333333333333,shared,knowledge
ssh,0.7777777777777778,shared,illusion
ssh,1.0,a_only,consisting
ssh,0.3445378151260504,shared,lying
ssh,0.3793103448275862,shared,occupied
ssh,0.5763546798029556,shared,w
ssh,0.5763546798029556,shared,hopping
ssh,0.2260536398467433,shared,got
ssh,0.5094339622641509,shared,freedom
ssh,0.21212121212121213,b_only,tradesman
ssh,1.0,a_only,mini
ssh,1.0,a_only,video
ssh,0.32231404958677684,shared,grave
ssh,0.6666666666666666,shared,providence
ssh,1.0,a_only,unstable
ssh,0.7391304347826086,shared,prevalent
ssh,1.0,a_only,mainstream
ssh,0.7877094972067039,shared,peak
ssh,1.0,a_only,inherent
ssh,1.0,a_only,supporters
ssh,1.0,a_only,executive
ssh,0.5609756097560976,shared,destiny
ssh,0.5533980582524272,shared,chile
ssh,0.5609756097560976,shared,distinctly
ssh,0.8390804597701149,shared,remedy
ssh,1.0,a_only,lawsuit
ssh,0.19402985074626866,b_only,growled
ssh,1.0,a_only,armenians
ssh,1.0,a_only,football
ssh,1.0,a_only,exaggerated
ssh,1.0,a_only,robot
ssh,0.1895910780669145,b_only,beauties
ssh,0.797752808988764,shared,strongest
ssh,1.0,a_only,beginnings
ssh,0.6842105263157895,shared,appointment
ssh,1.0,a_only,generated
ssh,1.0,a_only,implementing
ssh,0.32231404958677684,shared,draw
ssh,0.7679558011049724,shared,masses
ssh,0.21212121212121213,b_only,realise
ssh,1.0,a_only,saga
ssh,1.0,a_only,fran
ssh,0.5311004784688995,shared,travelled
ssh,0.5841584158415841,shared,expressions
ssh,0.0847457627118644,b_only,stairs
ssh,1.0,a_only,taliban
ssh,1.0,a_only,papyrus
ssh,0.5686274509803921,shared,farmer
ssh,0.3168724279835391,shared,door
ssh,0.6410256410256411,shared,prolonged
ssh,1.0,a_only,choir
ssh,0.5165876777251185,shared,birth
ssh,0.6243654822335025,shared,gates
ssh,1.0,a_only,facility
ssh,0.09965635738831616,b_only,parting
ssh,1.0,a_only,glaciers
ssh,0.19850187265917604,b_only,unconsciously
ssh,1.0,a_only,inorganic
ssh,0.30612244897959184,shared,passing
ssh,1.0,a_only,civilians
ssh,1.0,a_only,clarke
ssh,1.0,a_only,consumer
ssh,1.0,a_only,ibid
ssh,1.0,a_only,ore
ssh,0.3559322033898305,shared,fool
ssh,0.22137404580152673,b_only,romeo
ssh,0.1267605633802817,b_only,rat
ssh,0.4883720930232558,shared,roof
ssh,0.1510791366906475,shared,up
ssh,1.0,a_only,controversies
ssh,1.0,a_only,vienna
ssh,0.5533980582524272,shared,connections
ssh,0.7679558011049724,shared,net
ssh,1.0,a_only,entities
ssh,0.3389121338912134,shared,hundred
ssh,1.0,a_only,practically
ssh,0.6494845360824743,shared,backward
ssh,1.0,a_only,arithmetic
ssh,0.8285714285714286,shared,anatomy
ssh,0.5763546798029556,shared,harsh
ssh,0.2698412698412698,shared,man
ssh,0.23076923076923078,b_only,sich
ssh,0.29554655870445345,shared,taken
ssh,0.6410256410256411,shared,multitude
ssh,0.21212121212121213,b_only,cussing
ssh,0.2698412698412698,shared,van
ssh,0.21673003802281368,b_only,grin
ssh,0.29554655870445345,shared,age
ssh,0.7877094972067039,shared,dragon
ssh,0.6,shared,prosperous
ssh,1.0,a_only,composer
ssh,1.0,a_only,polar
ssh,0.1510791366906475,b_only,twisted
ssh,1.0,a_only,zones
ssh,0.1895910780669145,b_only,30
ssh,0.5311004784688995,shared,r
ssh,1.0,a_only,kansas
ssh,0.3278008298755187,shared,hat
ssh,0.47465437788018433,shared,views
ssh,0.6666666666666666,shared,weaker
ssh,0.1347517730496454,b_only,glasses
ssh,1.0,a_only,algorithm
ssh,1.0,a_only,shots
ssh,0.6161616161616161,shared,wilson
ssh,0.45454545454545453,shared,event
ssh,0.13074204946996468,b_only,frowning
ssh,0.5841584158415841,shared,shorthand
ssh,1.0,a_only,wins
ssh,0.22137404580152673,b_only,nodding
ssh,0.7391304347826086,shared,miniature
ssh,1.0,a_only,expanding
ssh,0.18518518518518517,b_only,lemme
ssh,0.2260536398467433,b_only,sly
ssh,0.5384615384615384,shared,moreover
ssh,1.0,a_only,politicians
ssh,0.415929203539823,shared,respectable
ssh,1.0,a_only,tsar
ssh,1.0,a_only,abugidas
ssh,1.0,a_only,reviews
ssh,1.0,a_only,switch
ssh,0.4611872146118721,shared,desired
ssh,0.08843537414965986,b_only,softly
ssh,0.5686274509803921,shared,winds
ssh,0.5841584158415841,shared,attacked
ssh,0.2698412698412698,shared,happy
ssh,0.1678832116788321,b_only,eagerness
ssh,0.6666666666666666,shared,charged
ssh,1.0,a_only,etymology
ssh,0.5920398009950248,shared,bills
ssh,0.7391304347826086,shared,division
ssh,0.6161616161616161,shared,movements
ssh,0.21673003802281368,b_only,cigars
ssh,1.0,a_only,audiences
ssh,1.0,a_only,alchemists
ssh,1.0,a_only,legitimate
ssh,1.0,a_only,rv
ssh,0.1895910780669145,b_only,pens
ssh,1.0,a_only,axiom
ssh,0.7021276595744681,shared,responded
ssh,1.0,a_only,charlie
ssh,0.7297297297297297,shared,bohemia
ssh,1.0,a_only,migration
ssh,1.0,a_only,abdomen
ssh,1.0,a_only,myth
ssh,1.0,a_only,celtic
ssh,0.7297297297297297,shared,dispute
ssh,0.3389121338912134,shared,nice
ssh,1.0,a_only,primarily
ssh,0.7486338797814208,shared,unique
ssh,0.48148148148148145,shared,singular
ssh,0.2549019607843137,shared,dark
ssh,0.7582417582417582,shared,danube
ssh,0.6842105263157895,shared,fortunes
ssh,0.5763546798029556,shared,steam
ssh,0.245136186770428,shared,therefore
ssh,0.5165876777251185,shared,flat
ssh,0.3389121338912134,shared,creature
ssh,0.0847457627118644,b_only,hurried
ssh,0.20300751879699247,b_only,dey
ssh,0.5841584158415841,shared,refusal
ssh,0.3008130081300813,shared,ones
ssh,0.5023474178403756,shared,thrust
ssh,0.6580310880829016,shared,reveal
ssh,0.8285714285714286,shared,pilot
ssh,1.0,a_only,physicians
ssh,1.0,a_only,pius
ssh,1.0,a_only,cm
ssh,1.0,a_only,actinium
ssh,0.09965635738831616,b_only,fastened
ssh,0.6666666666666666,shared,wounds
ssh,1.0,a_only,overthrow
ssh,0.23076923076923078,b_only,fluttered
ssh,1.0,a_only,apocalypse
ssh,0.3278008298755187,shared,horse
ssh,0.6410256410256411,shared,independent
ssh,0.6,shared,assembled
ssh,1.0,a_only,hull
ssh,0.40350877192982454,shared,jumped
ssh,0.6243654822335025,shared,folly
ssh,0.09965635738831616,b_only,throat
ssh,0.17216117216117216,b_only,ardently
ssh,1.0,a_only,controls
ssh,0.45454545454545453,shared,shoes
ssh,1.0,a_only,davis
ssh,1.0,a_only,johnson
ssh,1.0,a_only,prophets
ssh,0.11888111888111888,b_only,madman
ssh,0.8390804597701149,shared,acquire
ssh,1.0,a_only,mines
ssh,0.6,shared,claimed
ssh,0.7582417582417582,shared,signals
ssh,1.0,a_only,ancestral
ssh,1.0,a_only,democrats
ssh,1.0,a_only,historians
ssh,0.7297297297297297,shared,discretion
ssh,1.0,a_only,howe
ssh,1.0,a_only,dc
ssh,0.7112299465240641,shared,sour
ssh,1.0,a_only,berry
ssh,0.7297297297297297,shared,fox
ssh,0.45454545454545453,shared,anger
ssh,1.0,a_only,taxes
ssh,0.23076923076923078,b_only,lookout
ssh,0.2903225806451613,shared,eat
ssh,1.0,a_only,justin
ssh,0.675392670157068,shared,slang
ssh,0.6,shared,helping
ssh,1.0,a_only,damage
ssh,0.6,shared,blew
ssh,1.0,a_only,experimental
ssh,0.4349775784753363,shared,possession
ssh,0.4883720930232558,shared,owns
ssh,1.0,a_only,substances
ssh,0.13074204946996468,b_only,haste
ssh,0.5841584158415841,shared,brilliant
ssh,1.0,a_only,interpreted
ssh,0.5094339622641509,shared,swift
ssh,0.5311004784688995,shared,engagement
ssh,0.4611872146118721,shared,mccarthy
ssh,0.245136186770428,shared,felt
ssh,0.7679558011049724,shared,seal
ssh,1.0,a_only,software
ssh,0.6243654822335025,shared,paddington
ssh,0.6161616161616161,shared,syllable
ssh,1.0,a_only,cleopatra
ssh,0.7297297297297297,shared,worlds
ssh,0.0958904109589041,b_only,offended
ssh,0.5238095238095238,shared,garlic
ssh,0.6666666666666666,shared,attacks
ssh,0.45454545454545453,shared,copy
ssh,1.0,a_only,tube
ssh,0.7777777777777778,shared,sustain
ssh,1.0,a_only,broadcasting
ssh,1.0,a_only,prominently
ssh,1.0,a_only,skills
ssh,0.2749003984063745,shared,different
ssh,0.30612244897959184,shared,figure
ssh,1.0,a_only,continuous
ssh,0.25984251968503935,shared,wait
ssh,1.0,a_only,variance
ssh,0.1347517730496454,b_only,sunshine
ssh,0.6931216931216931,shared,pitch
ssh,0.2698412698412698,shared,happened
ssh,1.0,a_only,decades
ssh,0.3389121338912134,shared,horrible
ssh,1.0,a_only,gore
ssh,1.0,a_only,syria
ssh,0.7486338797814208,shared,confirm
ssh,0.3852813852813853,shared,complete
ssh,0.5311004784688995,shared,provided
ssh,0.5763546798029556,shared,issue
ssh,1.0,a_only,races
ssh,0.5686274509803921,shared,c
ssh,0.5311004784688995,shared,mamma
ssh,1.0,a_only,interact
ssh,0.20300751879699247,b_only,fooling
ssh,0.3389121338912134,shared,liked
ssh,0.6243654822335025,shared,eighteen
ssh,1.0,a_only,occupies
ssh,0.29554655870445345,shared,minutes
ssh,0.2549019607843137,shared,get
ssh,1.0,a_only,voters
ssh,0.21673003802281368,b_only,chop
ssh,0.5311004784688995,shared,beats
ssh,1.0,a_only,billion
ssh,0.11888111888111888,b_only,cares
ssh,1.0,a_only,festival
ssh,0.5023474178403756,shared,reported
ssh,1.0,a_only,topics
ssh,0.7204301075268817,shared,device
ssh,0.4953271028037383,shared,sheet
ssh,1.0,a_only,temperature
ssh,0.3168724279835391,shared,top
ssh,0.40350877192982454,shared,bread
ssh,0.5165876777251185,shared,spell
ssh,0.7582417582417582,shared,reluctant
ssh,1.0,a_only,aurelius
ssh,0.4953271028037383,shared,royal
ssh,0.245136186770428,shared,too
ssh,0.44144144144144143,shared,fears
ssh,1.0,a_only,ell
ssh,0.24031007751937986,b_only,soho
ssh,0.6,shared,crack
ssh,1.0,a_only,pollution
ssh,0.415929203539823,shared,details
ssh,0.5165876777251185,shared,portion
ssh,1.0,a_only,championship
ssh,1.0,a_only,gender
ssh,0.7021276595744681,shared,chambers
ssh,1.0,a_only,auto
ssh,0.47465437788018433,shared,helped
ssh,1.0,a_only,san
ssh,0.6410256410256411,shared,jackson
ssh,1.0,a_only,rainfall
ssh,0.3389121338912134,shared,promised
ssh,0.5609756097560976,shared,illinois
ssh,1.0,a_only,connecticut
ssh,1.0,a_only,est
ssh,0.20754716981132076,b_only,envy
ssh,0.7204301075268817,shared,honourable
ssh,0.6,shared,relationship
ssh,0.807909604519774,shared,mystic
ssh,1.0,a_only,versions
ssh,0.6494845360824743,shared,dwell
ssh,0.7679558011049724,shared,permanent
ssh,0.16363636363636364,b_only,smee
ssh,1.0,a_only,penalty
ssh,0.1678832116788321,b_only,jaws
ssh,0.4479638009049774,shared,stage
ssh,0.7204301075268817,shared,available
ssh,0.20300751879699247,b_only,6
ssh,1.0,a_only,advent
ssh,0.7582417582417582,shared,fruits
ssh,1.0,a_only,ports
ssh,1.0,a_only,regulated
ssh,0.5023474178403756,shared,shining
ssh,1.0,a_only,predicted
ssh,1.0,a_only,issues
ssh,1.0,a_only,antisemitism
ssh,1.0,a_only,nasa
ssh,0.6842105263157895,shared,authors
ssh,1.0,a_only,administered
ssh,0.5609756097560976,shared,partner
ssh,0.28,shared,reckoned
ssh,1.0,a_only,automorphism
ssh,0.18518518518518517,b_only,tinker
ssh,1.0,a_only,ales
ssh,1.0,a_only,absalom
ssh,1.0,a_only,territories
ssh,0.6842105263157895,shared,collecting
ssh,0.1267605633802817,b_only,lap
ssh,0.19850187265917604,b_only,tranquillity
ssh,1.0,a_only,operates
ssh,0.32231404958677684,shared,mary
ssh,0.11498257839721254,b_only,expecting
ssh,1.0,a_only,differs
ssh,0.32231404958677684,shared,reason
ssh,1.0,a_only,portal
ssh,1.0,a_only,equations
ssh,0.6580310880829016,shared,bean
ssh,1.0,a_only,scholarship
ssh,0.6931216931216931,shared,achieve
ssh,0.48148148148148145,shared,thousands
ssh,0.24031007751937986,shared,hand
ssh,1.0,a_only,technical
ssh,0.5920398009950248,shared,fairy
ssh,0.48148148148148145,shared,moral
ssh,1.0,a_only,examples
ssh,1.0,a_only,documents
ssh,1.0,a_only,refugees
ssh,1.0,a_only,cognitive
ssh,1.0,a_only,conversion
ssh,0.13074204946996468,b_only,waked
ssh,1.0,a_only,chloride
ssh,0.09965635738831616,b_only,gravely
ssh,0.5763546798029556,shared,condemned
ssh,1.0,a_only,conflicts
ssh,0.3559322033898305,shared,village
ssh,0.7486338797814208,shared,converse
ssh,1.0,a_only,channels
ssh,1.0,a_only,ongoing
ssh,1.0,a_only,mysticism
ssh,1.0,a_only,promote
ssh,1.0,a_only,traits
ssh,1.0,a_only,sanction
ssh,0.6931216931216931,shared,sheltered
ssh,1.0,a_only,algae
ssh,0.5841584158415841,shared,witnesses
ssh,0.6580310880829016,shared,lowered
ssh,0.8285714285714286,shared,draws
ssh,1.0,a_only,denotes
ssh,0.3168724279835391,shared,notice
ssh,0.4349775784753363,shared,dry
ssh,0.3559322033898305,shared,nights
ssh,0.5165876777251185,shared,gain
ssh,1.0,a_only,asiatic
ssh,0.5686274509803921,shared,pronounced
ssh,1.0,a_only,involvement
ssh,1.0,a_only,rebel
ssh,1.0,a_only,saturn
ssh,0.6243654822335025,shared,revolution
ssh,0.7021276595744681,shared,composition
ssh,0.7112299465240641,shared,roughly
ssh,0.3278008298755187,shared,perfect
ssh,0.3389121338912134,shared,seven
ssh,0.4953271028037383,shared,enemies
ssh,1.0,a_only,quarterback
ssh,0.5165876777251185,shared,pulling
ssh,0.8285714285714286,shared,tension
ssh,0.47465437788018433,shared,north
ssh,0.5238095238095238,shared,parts
ssh,0.5763546798029556,shared,audience
ssh,0.6931216931216931,shared,naked
ssh,0.0847457627118644,b_only,bye
ssh,0.4883720930232558,shared,escaped
ssh,0.7877094972067039,shared,abilities
ssh,0.797752808988764,shared,panel
ssh,0.23076923076923078,b_only,dis
ssh,0.5311004784688995,shared,title
ssh,0.14695340501792115,b_only,desperate
ssh,1.0,a_only,cartoon
ssh,0.7021276595744681,shared,promising
ssh,0.415929203539823,shared,doors
ssh,0.10344827586206896,b_only,grateful
ssh,0.6494845360824743,shared,generation
ssh,0.36752136752136755,shared,police
ssh,0.7777777777777778,shared,shield
ssh,0.21212121212121213,b_only,gaiety
ssh,0.5384615384615384,shared,leaf
ssh,0.5841584158415841,shared,convey
ssh,0.3617021276595745,shared,falling
ssh,0.6,shared,scale
ssh,1.0,a_only,releases
ssh,1.0,a_only,councils
ssh,1.0,a_only,nomination
ssh,0.3114754098360656,shared,thus
ssh,0.21673003802281368,b_only,vexation
ssh,0.797752808988764,shared,majority
ssh,0.6326530612244898,shared,kicked
ssh,0.285140562248996,shared,days
ssh,0.797752808988764,shared,survey
ssh,0.7297297297297297,shared,scarce
ssh,1.0,a_only,vol
ssh,1.0,a_only,vegetation
ssh,1.0,a_only,touchdown
ssh,0.4611872146118721,shared,communication
ssh,0.11888111888111888,b_only,tearing
ssh,0.5920398009950248,shared,wit
ssh,0.6161616161616161,shared,employment
ssh,0.5165876777251185,shared,thumb
ssh,0.20300751879699247,b_only,sufferer
ssh,0.42857142857142855,shared,returning
ssh,0.25,shared,pretty
ssh,1.0,a_only,poland
ssh,1.0,a_only,morocco
ssh,0.11888111888111888,b_only,farewell
ssh,0.23076923076923078,b_only,bunch
ssh,0.6842105263157895,shared,lecture
ssh,0.675392670157068,shared,oppression
ssh,0.7297297297297297,shared,lens
ssh,0.4222222222222222,shared,action
ssh,0.5686274509803921,shared,rolling
ssh,1.0,a_only,muslims
ssh,0.7582417582417582,shared,checking
ssh,1.0,a_only,woolfson
ssh,1.0,a_only,variables
ssh,0.6494845360824743,shared,map
ssh,0.5384615384615384,shared,lots
ssh,0.08108108108108109,b_only,defarge
ssh,0.6410256410256411,shared,meets
ssh,0.285140562248996,shared,pause
ssh,1.0,a_only,emirates
ssh,0.5458937198067633,shared,confusion
ssh,0.5920398009950248,shared,pattern
ssh,1.0,a_only,references
ssh,0.3333333333333333,shared,things
ssh,0.24031007751937986,shared,help
ssh,1.0,a_only,valleys
ssh,1.0,a_only,anthropological
ssh,0.5238095238095238,shared,artist
ssh,1.0,a_only,sweden
ssh,0.6410256410256411,shared,rings
ssh,0.20300751879699247,b_only,closet
ssh,0.20754716981132076,b_only,derbyshire
ssh,0.10344827586206896,b_only,uncomfortable
ssh,1.0,a_only,poems
ssh,0.7777777777777778,shared,overshadowed
ssh,0.6,shared,groups
ssh,0.39737991266375544,shared,pick
ssh,0.5533980582524272,shared,provide
ssh,0.6410256410256411,shared,mixture
ssh,0.7582417582417582,shared,halted
ssh,1.0,a_only,mises
ssh,0.6161616161616161,shared,bridge
ssh,0.415929203539823,shared,journal
ssh,0.07744107744107744,b_only,laughed
ssh,0.1347517730496454,b_only,cheer
ssh,1.0,a_only,magnitude
ssh,0.3559322033898305,shared,instance
ssh,0.7777777777777778,shared,population
ssh,0.1895910780669145,b_only,galatz
ssh,0.6931216931216931,shared,infinitely
ssh,1.0,a_only,ion
ssh,1.0,a_only,meteorites
ssh,0.3617021276595745,shared,worse
ssh,0.3333333333333333,shared,mere
ssh,0.11498257839721254,b_only,drank
ssh,0.6666666666666666,shared,problems
ssh,0.6842105263157895,shared,highway
ssh,0.22137404580152673,b_only,invent
ssh,1.0,a_only,pacifist
ssh,1.0,a_only,tactic
ssh,0.5238095238095238,shared,results
ssh,0.5763546798029556,shared,plane
ssh,0.3278008298755187,shared,instantly
ssh,1.0,a_only,irrigation
ssh,1.0,a_only,resemble
ssh,1.0,a_only,functional
ssh,1.0,a_only,luke
ssh,0.28,shared,girls
ssh,0.2698412698412698,shared,right
ssh,1.0,a_only,al
ssh,0.40969162995594716,shared,sleeping
ssh,1.0,a_only,cluny
ssh,1.0,a_only,occurs
ssh,1.0,a_only,deposits
ssh,1.0,a_only,islamic
ssh,1.0,a_only,hydrogen
ssh,0.5920398009950248,shared,objection
ssh,0.5165876777251185,shared,cake
ssh,0.6080402010050251,shared,neville
ssh,0.5165876777251185,shared,arrested
ssh,1.0,a_only,tat
ssh,0.4349775784753363,shared,sounds
ssh,0.14695340501792115,b_only,dreary
ssh,0.3793103448275862,shared,manners
ssh,1.0,a_only,revelation
ssh,0.7486338797814208,shared,proceeding
ssh,0.12280701754385964,b_only,hurriedly
ssh,1.0,a_only,metals
ssh,0.30612244897959184,shared,terrible
ssh,0.7486338797814208,shared,excessive
ssh,0.797752808988764,shared,luxurious
ssh,1.0,a_only,antiproton
ssh,0.3114754098360656,shared,early
ssh,0.4953271028037383,shared,simon
ssh,0.350210970464135,shared,hearing
ssh,1.0,a_only,continent
ssh,0.20754716981132076,b_only,evils
ssh,0.1895910780669145,b_only,fireplace
ssh,1.0,a_only,pseudo
ssh,0.7112299465240641,shared,exhibition
ssh,1.0,a_only,palmer
ssh,0.5609756097560976,shared,burnt
ssh,1.0,a_only,ne
ssh,0.675392670157068,shared,lightly
ssh,0.6580310880829016,shared,spinning
ssh,0.7582417582417582,shared,museum
ssh,0.4479638009049774,shared,burning
ssh,0.3852813852813853,shared,pay
ssh,0.2698412698412698,shared,play
ssh,0.2903225806451613,shared,waiting
ssh,0.36752136752136755,shared,sacred
ssh,1.0,a_only,gypsum
ssh,1.0,a_only,minority
ssh,0.6080402010050251,shared,methods
ssh,0.7391304347826086,shared,grandfather
ssh,1.0,a_only,rhetoric
ssh,0.3389121338912134,shared,affection
ssh,0.30612244897959184,shared,usual
ssh,0.42857142857142855,shared,shape
ssh,1.0,a_only,hitchcock
ssh,0.39737991266375544,shared,sooner
ssh,1.0,a_only,antoninus
ssh,0.5311004784688995,shared,contained
ssh,0.44144144144144143,shared,class
ssh,1.0,a_only,kennedy
ssh,1.0,a_only,origen
ssh,0.5165876777251185,shared,designed
ssh,0.3389121338912134,shared,length
ssh,0.46788990825688076,shared,entering
ssh,1.0,a_only,territorial
ssh,1.0,a_only,runner
ssh,1.0,a_only,discussions
ssh,0.391304347826087,shared,neck
ssh,1.0,a_only,hermann
ssh,1.0,a_only,molecular
ssh,1.0,a_only,ireland
ssh,0.37339055793991416,shared,neighbourhood
ssh,1.0,a_only,anarchist
ssh,1.0,a_only,soroban
ssh,1.0,a_only,steven
ssh,1.0,a_only,jersey
ssh,0.14285714285714285,b_only,repose
ssh,0.21212121212121213,shared,says
ssh,0.25,shared,meet
ssh,1.0,a_only,australians
ssh,1.0,a_only,spear
ssh,0.6580310880829016,shared,writes
ssh,1.0,a_only,transformations
ssh,0.46788990825688076,shared,shows
ssh,0.3168724279835391,shared,love
ssh,0.7297297297297297,shared,northward
ssh,0.6842105263157895,shared,captured
ssh,0.42857142857142855,shared,unable
ssh,0.6931216931216931,shared,mont
ssh,1.0,a_only,ceo
ssh,0.22137404580152673,b_only,vacant
ssh,1.0,a_only,earl
ssh,1.0,a_only,formation
ssh,1.0,a_only,saints
ssh,0.6161616161616161,shared,smallest
ssh,0.415929203539823,shared,twelve
ssh,0.6080402010050251,shared,staying
ssh,1.0,a_only,esoteric
ssh,1.0,a_only,reversed
ssh,0.18081180811808117,b_only,fairies
ssh,0.21673003802281368,b_only,wrung
ssh,0.2260536398467433,shared,write
ssh,1.0,a_only,gide
ssh,0.5920398009950248,shared,conclusions
ssh,0.2698412698412698,shared,returned
ssh,1.0,a_only,bass
ssh,0.25984251968503935,shared,dream
ssh,1.0,a_only,communist
ssh,0.7582417582417582,shared,descending
ssh,0.1347517730496454,b_only,misfortunes
ssh,1.0,a_only,kay
ssh,0.7021276595744681,shared,management
ssh,0.4611872146118721,shared,using
ssh,0.3008130081300813,shared,close
ssh,0.797752808988764,shared,signature
ssh,0.32231404958677684,shared,station
ssh,0.2903225806451613,shared,object
ssh,0.29554655870445345,shared,bed
ssh,1.0,a_only,hardcover
ssh,1.0,a_only,scottish
ssh,0.7679558011049724,shared,shores
ssh,0.6326530612244898,shared,towers
ssh,0.675392670157068,shared,conceived
ssh,0.36752136752136755,shared,feet
ssh,1.0,a_only,supports
ssh,0.22137404580152673,b_only,lads
ssh,1.0,a_only,amber
ssh,0.23076923076923078,shared,wanted
ssh,0.7204301075268817,shared,morality
ssh,0.20300751879699247,b_only,weeping
ssh,0.18518518518518517,b_only,whiskers
ssh,0.6842105263157895,shared,di
ssh,0.20754716981132076,b_only,footman
ssh,1.0,a_only,taoism
ssh,0.6931216931216931,shared,gap
ssh,0.44144144144144143,shared,description
ssh,1.0,a_only,maintain
ssh,0.7021276595744681,shared,cream
ssh,0.3617021276595745,shared,island
ssh,0.29554655870445345,shared,lose
ssh,0.3333333333333333,shared,glass
ssh,0.44144144144144143,shared,remark
ssh,0.29554655870445345,shared,opportunity
ssh,0.5533980582524272,shared,comrade
ssh,1.0,a_only,evaluation
ssh,0.5094339622641509,shared,restless
ssh,1.0,a_only,prometheus
ssh,0.42857142857142855,shared,rain
ssh,0.0958904109589041,b_only,listening
ssh,1.0,a_only,carrel
ssh,0.20300751879699247,b_only,distribute
ssh,0.4883720930232558,shared,sixty
ssh,0.13074204946996468,b_only,heap
ssh,1.0,a_only,eddie
ssh,0.6161616161616161,shared,chances
ssh,1.0,a_only,provides
ssh,0.47465437788018433,shared,treasure
ssh,0.3852813852813853,shared,pointing
ssh,0.5533980582524272,shared,co
ssh,0.22137404580152673,b_only,climbing
ssh,0.37339055793991416,shared,pipe
ssh,1.0,a_only,communicating
ssh,0.7021276595744681,shared,immensely
ssh,1.0,a_only,catholicism
ssh,0.11498257839721254,b_only,helpless
ssh,1.0,a_only,pueblo
ssh,0.7204301075268817,shared,tent
ssh,1.0,a_only,anthropologists
ssh,1.0,a_only,caligula
ssh,0.7391304347826086,shared,happening
ssh,1.0,a_only,indonesia
ssh,1.0,a_only,accepts
ssh,0.11888111888111888,b_only,ere
ssh,0.7582417582417582,shared,soap
ssh,1.0,a_only,greece
ssh,0.7204301075268817,shared,fiercely
ssh,1.0,a_only,combine
ssh,0.09965635738831616,b_only,pretended
ssh,0.20300751879699247,b_only,bells
ssh,1.0,a_only,generate
ssh,0.21212121212121213,b_only,sublime
ssh,1.0,a_only,jo
ssh,1.0,a_only,methane
ssh,1.0,a_only,adults
ssh,1.0,a_only,reforms
ssh,0.12280701754385964,b_only,touching
ssh,0.36752136752136755,shared,paid
ssh,0.6243654822335025,shared,positively
ssh,1.0,a_only,ted
ssh,0.5533980582524272,shared,humanity
ssh,0.10726643598615918,b_only,godalming
ssh,0.23552123552123552,shared,from
ssh,0.5763546798029556,shared,everywhere
ssh,0.37339055793991416,shared,cave
ssh,0.48148148148148145,shared,wave
ssh,0.1347517730496454,b_only,doubts
ssh,1.0,a_only,springfield
ssh,1.0,a_only,seljuk
ssh,1.0,a_only,recurring
ssh,0.10344827586206896,b_only,2
ssh,1.0,a_only,alex
ssh,1.0,a_only,milan
ssh,0.18518518518518517,b_only,obeyed
ssh,0.7582417582417582,shared,encyclop
ssh,0.2260536398467433,b_only,swords
ssh,0.7877094972067039,shared,detect
ssh,0.7486338797814208,shared,chat
ssh,0.415929203539823,shared,shake
ssh,0.285140562248996,shared,cry
ssh,0.0847457627118644,b_only,fetch
ssh,1.0,a_only,aspects
ssh,0.5920398009950248,shared,jam
ssh,0.2648221343873518,shared,everybody
ssh,1.0,a_only,mans
ssh,0.6842105263157895,shared,corruption
ssh,1.0,a_only,rendezvous
ssh,0.3168724279835391,shared,knows
ssh,0.22137404580152673,b_only,flatter
ssh,0.19402985074626866,b_only,exultation
ssh,1.0,a_only,aspirin
ssh,0.4479638009049774,shared,tail
ssh,0.1267605633802817,b_only,spectacle
ssh,0.20300751879699247,b_only,jackal
ssh,1.0,a_only,feeding
ssh,1.0,a_only,inter
ssh,0.285140562248996,shared,near
ssh,0.5533980582524272,shared,crop
ssh,0.18518518518518517,b_only,varna
ssh,1.0,a_only,announces
ssh,0.7777777777777778,shared,syllables
ssh,1.0,a_only,levant
ssh,0.19850187265917604,b_only,feverish
ssh,0.3114754098360656,shared,few
ssh,0.29554655870445345,shared,without
ssh,1.0,a_only,digestive
ssh,0.7777777777777778,shared,ancestors
ssh,0.6410256410256411,shared,decree
ssh,0.40969162995594716,shared,proper
ssh,1.0,a_only,cartier
ssh,1.0,a_only,mcclellan
ssh,1.0,a_only,excavation
ssh,0.6161616161616161,shared,religion
ssh,0.5165876777251185,shared,introduction
ssh,0.6580310880829016,shared,shoot
ssh,1.0,a_only,ruler
ssh,0.3278008298755187,shared,marry
ssh,0.6161616161616161,shared,atmosphere
ssh,0.6842105263157895,shared,occupy
ssh,0.4883720930232558,shared,correct
ssh,0.3617021276595745,shared,wine
ssh,1.0,a_only,governing
ssh,0.6494845360824743,shared,winning
ssh,0.7204301075268817,shared,attract
ssh,0.7021276595744681,shared,hood
ssh,0.15942028985507245,b_only,justine
ssh,1.0,a_only,des
ssh,0.44144144144144143,shared,field
ssh,0.5458937198067633,shared,tragedy
ssh,0.5384615384615384,shared,departed
ssh,0.7021276595744681,shared,bat
ssh,1.0,a_only,ahmed
ssh,0.3168724279835391,shared,particular
ssh,0.3617021276595745,shared,snow
ssh,0.40969162995594716,shared,ice
ssh,1.0,a_only,pratchett
ssh,0.23076923076923078,shared,upon
ssh,0.7297297297297297,shared,boarding
ssh,0.23552123552123552,shared,know
ssh,0.3617021276595745,shared,stick
ssh,0.5841584158415841,shared,elapsed
ssh,0.4883720930232558,shared,civil
ssh,1.0,a_only,convent
ssh,0.44144144144144143,shared,figures
ssh,1.0,a_only,professionals
ssh,1.0,a_only,coalition
ssh,0.7112299465240641,shared,collapse
ssh,0.4349775784753363,shared,suspicion
ssh,0.3168724279835391,shared,darkness
ssh,1.0,a_only,respective
ssh,0.4611872146118721,shared,reasons
ssh,0.797752808988764,shared,accusation
ssh,0.3168724279835391,shared,late
ssh,0.6243654822335025,shared,chocolate
ssh,1.0,a_only,humans
ssh,0.10726643598615918,b_only,shame
ssh,0.10726643598615918,b_only,sweetness
ssh,0.2260536398467433,b_only,mumps
ssh,1.0,a_only,governmental
ssh,1.0,a_only,arizona
ssh,0.7204301075268817,shared,adam
ssh,1.0,a_only,classics
ssh,0.7391304347826086,shared,alexandre
ssh,1.0,a_only,darwin
ssh,0.5609756097560976,shared,fascinating
ssh,1.0,a_only,modulation
ssh,1.0,a_only,behaviors
ssh,0.19402985074626866,b_only,trod
ssh,0.5094339622641509,shared,active
ssh,1.0,a_only,sizes
ssh,1.0,a_only,underwent
ssh,0.48148148148148145,shared,mountains
ssh,1.0,a_only,medieval
ssh,0.7297297297297297,shared,unusually
ssh,0.4611872146118721,shared,willing
ssh,0.40969162995594716,shared,tongue
ssh,1.0,a_only,relationships
ssh,0.5384615384615384,shared,overhead
ssh,1.0,a_only,suppression
ssh,1.0,a_only,apocryphal
ssh,0.40969162995594716,shared,ball
ssh,1.0,a_only,compatible
ssh,1.0,a_only,barcelona
ssh,1.0,a_only,directory
ssh,1.0,a_only,tested
ssh,0.8181818181818182,shared,mississippi
ssh,0.5533980582524272,shared,november
ssh,1.0,a_only,populated
ssh,1.0,a_only,decrease
ssh,1.0,a_only,bakunin
ssh,1.0,a_only,homosexuality
ssh,0.6080402010050251,shared,illness
ssh,0.5533980582524272,shared,answering
ssh,1.0,a_only,capabilities
ssh,0.8181818181818182,shared,unaware
ssh,0.7297297297297297,shared,regions
ssh,0.7679558011049724,shared,skull
ssh,0.12280701754385964,b_only,gratified
ssh,0.6080402010050251,shared,jealousy
ssh,0.3617021276595745,shared,corner
ssh,0.6326530612244898,shared,monsters
ssh,0.10726643598615918,b_only,fury
ssh,0.5311004784688995,shared,union
ssh,1.0,a_only,rally
ssh,0.5686274509803921,shared,tribunal
ssh,0.5686274509803921,shared,selected
ssh,1.0,a_only,bering
ssh,1.0,a_only,quotes
ssh,0.4611872146118721,shared,destroy
ssh,0.25984251968503935,shared,never
ssh,0.46788990825688076,shared,conclusion
ssh,1.0,a_only,ab
ssh,0.5238095238095238,shared,assist
ssh,0.21673003802281368,shared,do
ssh,1.0,a_only,inflation
ssh,0.19402985074626866,b_only,fishes
ssh,0.7112299465240641,shared,behalf
ssh,0.4883720930232558,shared,wandering
ssh,1.0,a_only,technologies
ssh,0.6080402010050251,shared,bowl
ssh,0.5384615384615384,shared,poetry
ssh,1.0,a_only,jurisdiction
ssh,0.20754716981132076,shared,what
ssh,0.5686274509803921,shared,associated
ssh,0.3559322033898305,shared,quietly
ssh,0.3389121338912134,shared,watson
ssh,0.7486338797814208,shared,dock
ssh,0.11888111888111888,b_only,trembled
ssh,1.0,a_only,var
ssh,0.5311004784688995,shared,identified
ssh,0.3559322033898305,shared,rock
ssh,1.0,a_only,molinari
ssh,1.0,a_only,ai
ssh,1.0,a_only,southeast
ssh,0.5841584158415841,shared,shine
ssh,0.1895910780669145,b_only,awe
ssh,0.40969162995594716,shared,roads
ssh,0.6842105263157895,shared,drum
ssh,0.6243654822335025,shared,encouragement
ssh,0.20300751879699247,b_only,caterpillar
ssh,0.10344827586206896,b_only,lucky
ssh,0.415929203539823,shared,sing
ssh,1.0,a_only,oval
ssh,0.7486338797814208,shared,springs
ssh,0.3168724279835391,shared,joe
ssh,0.0847457627118644,b_only,weary
ssh,0.8390804597701149,shared,stationed
ssh,1.0,a_only,radio
ssh,0.4479638009049774,shared,perceived
ssh,0.48148148148148145,shared,gesture
ssh,0.11498257839721254,b_only,disturb
ssh,0.19402985074626866,b_only,deepened
ssh,0.3389121338912134,shared,knife
ssh,1.0,a_only,uk
ssh,0.11498257839721254,b_only,daylight
ssh,1.0,a_only,religions
ssh,1.0,a_only,jay
ssh,0.2749003984063745,shared,anybody
ssh,0.28,shared,keep
ssh,0.5165876777251185,shared,prevented
ssh,1.0,a_only,maritime
ssh,0.17216117216117216,b_only,horner
ssh,0.3445378151260504,shared,common
ssh,0.6666666666666666,shared,symbol
ssh,0.7112299465240641,shared,armour
ssh,1.0,a_only,depicts
ssh,0.20300751879699247,b_only,winchester
ssh,0.6494845360824743,shared,moderate
ssh,0.5609756097560976,shared,cow
ssh,0.6326530612244898,shared,proposals
ssh,1.0,a_only,promoted
ssh,1.0,a_only,soccer
ssh,0.2260536398467433,shared,cried
ssh,1.0,a_only,achievements
ssh,1.0,a_only,anglicans
ssh,0.675392670157068,shared,shelves
ssh,1.0,a_only,hellenic
ssh,0.5841584158415841,shared,discussion
ssh,0.19402985074626866,b_only,gleam
ssh,0.6494845360824743,shared,flora
ssh,0.1510791366906475,b_only,bout
ssh,0.285140562248996,shared,behind
ssh,0.09965635738831616,b_only,lid
ssh,0.32231404958677684,shared,forgotten
ssh,1.0,a_only,melbourne
ssh,1.0,a_only,advocated
ssh,0.4349775784753363,shared,gets
ssh,0.4883720930232558,shared,niece
ssh,0.21673003802281368,b_only,irene
ssh,1.0,a_only,oscar
ssh,0.5841584158415841,shared,monday
ssh,0.3168724279835391,shared,drove
ssh,0.7297297297297297,shared,imitation
ssh,0.3008130081300813,shared,journey
ssh,0.2749003984063745,shared,nobody
ssh,0.08843537414965986,b_only,dearest
ssh,0.42857142857142855,shared,anyone
ssh,1.0,a_only,disputed
ssh,0.6410256410256411,shared,writer
ssh,1.0,a_only,vowels
ssh,1.0,a_only,movies
ssh,0.46788990825688076,shared,murdered
ssh,0.6842105263157895,shared,deliver
ssh,0.5533980582524272,shared,noted
ssh,0.675392670157068,shared,dated
ssh,0.6326530612244898,shared,inhabited
ssh,0.14285714285714285,b_only,westenra
ssh,0.5384615384615384,shared,labour
ssh,1.0,a_only,variable
ssh,0.807909604519774,shared,concert
ssh,0.08108108108108109,b_only,lucy
ssh,0.7777777777777778,shared,thereby
ssh,1.0,a_only,brands
ssh,1.0,a_only,nelson
ssh,0.675392670157068,shared,improbable
ssh,0.5920398009950248,shared,registered
ssh,0.08843537414965986,b_only,scared
ssh,1.0,a_only,legislature
ssh,0.6931216931216931,shared,barely
ssh,0.4349775784753363,shared,similar
ssh,0.4953271028037383,shared,lion
ssh,0.14695340501792115,b_only,dear
ssh,0.6243654822335025,shared,exception
ssh,0.4479638009049774,shared,familiar
ssh,0.5609756097560976,shared,needs
ssh,1.0,a_only,immune
ssh,1.0,a_only,greene
ssh,0.7391304347826086,shared,uncovered
ssh,0.797752808988764,shared,poisoning
ssh,0.21212121212121213,b_only,clerks
ssh,1.0,a_only,discography
ssh,1.0,a_only,alcohols
ssh,0.17647058823529413,b_only,draught
ssh,0.24031007751937986,b_only,stately
ssh,0.0958904109589041,b_only,sunk
ssh,1.0,a_only,camps
ssh,0.5533980582524272,shared,characteristic
ssh,1.0,a_only,expand
ssh,1.0,a_only,sulfur
ssh,0.1387900355871886,b_only,amidst
ssh,0.7021276595744681,shared,generations
ssh,0.2903225806451613,shared,window
ssh,0.4611872146118721,shared,stuck
ssh,1.0,a_only,significantly
ssh,1.0,a_only,scholarly
ssh,0.42857142857142855,shared,mouse
ssh,0.44144144144144143,shared,snap
ssh,0.5841584158415841,shared,supply
ssh,1.0,a_only,raymond
ssh,1.0,a_only,gamma
ssh,0.807909604519774,shared,jet
ssh,0.6326530612244898,shared,stated
ssh,0.14285714285714285,b_only,darted
ssh,0.19850187265917604,b_only,dinah
ssh,0.5384615384615384,shared,occasions
ssh,1.0,a_only,oxygen
ssh,0.6326530612244898,shared,combination
ssh,0.09965635738831616,b_only,coarse
ssh,0.6243654822335025,shared,bloody
ssh,0.7679558011049724,shared,confronted
ssh,0.5384615384615384,shared,species
ssh,0.12280701754385964,b_only,mist
ssh,0.07023411371237458,b_only,busy
ssh,0.7877094972067039,shared,pearl
ssh,1.0,a_only,philosophical
ssh,1.0,a_only,semi
ssh,0.5023474178403756,shared,banks
ssh,0.5920398009950248,shared,british
ssh,1.0,a_only,antigua
ssh,0.7112299465240641,shared,holiday
ssh,0.30612244897959184,shared,quiet
ssh,0.4883720930232558,shared,secrets
ssh,1.0,a_only,sensei
ssh,0.5165876777251185,shared,pen
ssh,1.0,a_only,norse
ssh,0.5920398009950248,shared,increasing
ssh,0.7679558011049724,shared,drives
ssh,0.5094339622641509,shared,crow
ssh,1.0,a_only,kenneth
ssh,0.3114754098360656,shared,d
ssh,1.0,a_only,manga
ssh,1.0,a_only,stamps
ssh,0.797752808988764,shared,questionable
ssh,1.0,a_only,autistic
ssh,0.675392670157068,shared,leap
ssh,0.6580310880829016,shared,belt
ssh,0.5609756097560976,shared,newly
ssh,1.0,a_only,criteria
ssh,1.0,a_only,usa
ssh,0.6666666666666666,shared,joint
ssh,0.1895910780669145,b_only,vines
ssh,0.6161616161616161,shared,tricks
ssh,0.2648221343873518,shared,next
ssh,0.391304347826087,shared,unless
ssh,0.285140562248996,shared,already
ssh,1.0,a_only,alder
ssh,0.11888111888111888,b_only,lesson
ssh,0.6080402010050251,shared,horseback
ssh,1.0,a_only,sample
ssh,1.0,a_only,recognizes
ssh,0.45454545454545453,shared,distinct
ssh,0.7297297297297297,shared,barrel
ssh,0.48148148148148145,shared,mail
ssh,0.4953271028037383,shared,brown
ssh,1.0,a_only,berlin
ssh,0.6580310880829016,shared,injury
ssh,0.807909604519774,shared,commons
ssh,0.6580310880829016,shared,induce
ssh,0.6494845360824743,shared,host
ssh,0.6666666666666666,shared,cautious
ssh,0.19402985074626866,b_only,washing
ssh,0.6580310880829016,shared,compelled
ssh,0.08843537414965986,b_only,dorian
ssh,0.48148148148148145,shared,serve
ssh,0.2903225806451613,shared,wife
ssh,0.6494845360824743,shared,serpent
ssh,0.6080402010050251,shared,endless
ssh,1.0,a_only,abbots
ssh,0.5311004784688995,shared,temple
ssh,0.4883720930232558,shared,conviction
ssh,0.5609756097560976,shared,lists
ssh,0.5763546798029556,shared,mon
ssh,1.0,a_only,alpine
ssh,1.0,a_only,priscus
ssh,1.0,a_only,murders
ssh,1.0,a_only,abandonment
ssh,0.17216117216117216,b_only,helsing
ssh,0.391304347826087,shared,information
ssh,0.3445378151260504,shared,examined
ssh,0.5920398009950248,shared,virtues
ssh,1.0,a_only,dominican
ssh,0.7204301075268817,shared,rewarded
ssh,0.17216117216117216,b_only,interruption
ssh,0.23076923076923078,b_only,haggard
ssh,0.6410256410256411,shared,cage
ssh,0.6842105263157895,shared,originated
ssh,0.6410256410256411,shared,tour
ssh,0.10344827586206896,b_only,thankful
ssh,1.0,a_only,belgium
ssh,1.0,a_only,shares
ssh,1.0,a_only,oriented
ssh,1.0,a_only,morpork
ssh,0.08843537414965986,b_only,paused
ssh,1.0,a_only,studios
ssh,0.11888111888111888,b_only,dreadful
ssh,1.0,a_only,influential
ssh,0.3278008298755187,shared,cut
ssh,0.5384615384615384,shared,doctors
ssh,0.2260536398467433,b_only,congratulate
ssh,0.415929203539823,shared,succeeded
ssh,0.20300751879699247,b_only,prisons
ssh,0.6326530612244898,shared,engine
ssh,0.675392670157068,shared,gravity
ssh,1.0,a_only,receiver
ssh,1.0,a_only,atanasoff
ssh,0.6494845360824743,shared,unwilling
ssh,1.0,a_only,color
ssh,0.45454545454545453,shared,blessed
ssh,1.0,a_only,calcium
ssh,1.0,a_only,herman
ssh,0.7391304347826086,shared,customer
ssh,0.6494845360824743,shared,fifth
ssh,1.0,a_only,columns
ssh,0.7297297297297297,shared,dukes
ssh,0.7582417582417582,shared,cope
ssh,1.0,a_only,empire
ssh,0.5094339622641509,shared,struggled
ssh,0.3852813852813853,shared,shown
ssh,1.0,a_only,racism
ssh,0.21212121212121213,b_only,frighten
ssh,0.5458937198067633,shared,praise
ssh,1.0,a_only,marie
ssh,0.7112299465240641,shared,amusing
ssh,1.0,a_only,spaceflight
ssh,0.36752136752136755,shared,alas
ssh,0.1267605633802817,b_only,inquiries
ssh,0.5533980582524272,shared,offensive
ssh,1.0,a_only,proteins
ssh,1.0,a_only,africans
ssh,1.0,a_only,southwest
ssh,0.8604651162790697,shared,wonderland
ssh,0.0958904109589041,b_only,sensible
ssh,0.3278008298755187,shared,drawn
ssh,0.44144144144144143,shared,consequence
ssh,0.7204301075268817,shared,derived
ssh,1.0,a_only,scored
ssh,1.0,a_only,worker
ssh,1.0,a_only,computational
ssh,0.4611872146118721,shared,america
ssh,0.18518518518518517,b_only,surmise
ssh,0.18081180811808117,b_only,entreaty
ssh,0.7486338797814208,shared,pope
ssh,1.0,a_only,frederick
ssh,1.0,a_only,luanda
ssh,1.0,a_only,pete
ssh,1.0,a_only,clergy
ssh,0.18081180811808117,b_only,pleasures
ssh,0.3445378151260504,shared,land
ssh,1.0,a_only,alcott
ssh,1.0,a_only,yankee
ssh,0.675392670157068,shared,labor
ssh,1.0,a_only,missionary
ssh,0.4883720930232558,shared,allen
ssh,0.7021276595744681,shared,unchanged
ssh,0.11498257839721254,b_only,tedious
ssh,1.0,a_only,amides
ssh,0.0958904109589041,b_only,sigh
ssh,1.0,a_only,calculations
ssh,0.5609756097560976,shared,poison
ssh,0.2698412698412698,shared,each
ssh,1.0,a_only,agave
ssh,0.5841584158415841,shared,daytime
ssh,1.0,a_only,ois
ssh,1.0,a_only,priority
ssh,0.21212121212121213,b_only,sombre
ssh,0.10344827586206896,b_only,knock
ssh,0.5609756097560976,shared,enjoy
ssh,1.0,a_only,automatic
ssh,0.2260536398467433,b_only,mum
ssh,0.24031007751937986,shared,friends
ssh,1.0,a_only,mead
ssh,0.20754716981132076,shared,were
ssh,1.0,a_only,populations
ssh,0.4222222222222222,shared,visitor
ssh,0.6842105263157895,shared,conflict
ssh,1.0,a_only,albatross
ssh,1.0,a_only,theater
ssh,0.42857142857142855,shared,yellow
ssh,0.7582417582417582,shared,professed
ssh,0.2260536398467433,b_only,rushes
ssh,0.7486338797814208,shared,association
ssh,1.0,a_only,festivals
ssh,0.21673003802281368,b_only,whisky
ssh,0.6080402010050251,shared,deliberately
ssh,0.11888111888111888,b_only,countenance
ssh,0.45454545454545453,shared,glory
ssh,1.0,a_only,cultural
ssh,0.5458937198067633,shared,splendid
ssh,0.6326530612244898,shared,francis
ssh,0.5686274509803921,shared,wooden
ssh,0.1111111111111111,b_only,gasped
ssh,0.21673003802281368,b_only,soothed
ssh,0.3008130081300813,shared,clock
ssh,0.6243654822335025,shared,recommend
ssh,0.46788990825688076,shared,robbers
ssh,0.3168724279835391,shared,public
ssh,0.5311004784688995,shared,replace
ssh,1.0,a_only,nashville
ssh,0.4611872146118721,shared,legs
ssh,1.0,a_only,alamanni
ssh,1.0,a_only,sqq
ssh,0.6161616161616161,shared,central
ssh,0.48148148148148145,shared,recall
ssh,1.0,a_only,disabilities
ssh,0.7486338797814208,shared,anne
ssh,1.0,a_only,techno
ssh,0.3008130081300813,shared,however
ssh,0.3389121338912134,shared,number
ssh,0.1111111111111111,b_only,nay
ssh,0.675392670157068,shared,improvement
ssh,1.0,a_only,enters
ssh,0.18081180811808117,b_only,ardour
ssh,0.40969162995594716,shared,driven
ssh,0.4222222222222222,shared,alarm
ssh,1.0,a_only,neighboring
ssh,0.09965635738831616,b_only,renfield
ssh,0.7486338797814208,shared,unfinished
ssh,1.0,a_only,favored
ssh,1.0,a_only,herbal
ssh,0.6494845360824743,shared,palm
ssh,1.0,a_only,delaware
ssh,0.5458937198067633,shared,cup
ssh,0.1111111111111111,b_only,candle
ssh,1.0,a_only,nile
ssh,0.6,shared,whence
ssh,0.7582417582417582,shared,salvation
ssh,0.6,shared,wing
ssh,1.0,a_only,spaces
ssh,1.0,a_only,friedman
ssh,0.1895910780669145,b_only,anew
ssh,1.0,a_only,progression
ssh,0.6842105263157895,shared,civilization
ssh,0.8390804597701149,shared,ruby
ssh,0.18518518518518517,b_only,8
ssh,0.32231404958677684,shared,catherine
ssh,0.45454545454545453,shared,vague
ssh,0.7112299465240641,shared,restoration
ssh,1.0,a_only,gains
ssh,1.0,a_only,diverse
ssh,0.5609756097560976,shared,deserted
ssh,0.6580310880829016,shared,tobacco
ssh,1.0,a_only,awards
ssh,0.7877094972067039,shared,fried
ssh,1.0,a_only,edited
ssh,0.6931216931216931,shared,rail
ssh,1.0,a_only,thelema
ssh,0.415929203539823,shared,kings
ssh,0.5609756097560976,shared,tickets
ssh,0.1895910780669145,b_only,ling
ssh,0.5165876777251185,shared,eventually
ssh,0.3559322033898305,shared,moments
ssh,0.29554655870445345,shared,beauty
ssh,0.4349775784753363,shared,hunting
ssh,1.0,a_only,lucius
ssh,0.4883720930232558,shared,echoes
ssh,0.5023474178403756,shared,collected
ssh,0.7582417582417582,shared,serving
ssh,1.0,a_only,heating
ssh,0.19402985074626866,b_only,git
ssh,0.21673003802281368,b_only,pigeon
ssh,1.0,a_only,determining
ssh,0.4953271028037383,shared,veil
ssh,1.0,a_only,winters
ssh,1.0,a_only,visual
ssh,0.4611872146118721,shared,notion
ssh,1.0,a_only,frequency
ssh,0.6494845360824743,shared,mainland
ssh,1.0,a_only,licensed
ssh,0.675392670157068,shared,russian
ssh,0.6842105263157895,shared,telegraph
ssh,1.0,a_only,liquid
ssh,0.6243654822335025,shared,author
ssh,0.797752808988764,shared,kicking
ssh,0.7204301075268817,shared,opinions
ssh,1.0,a_only,republicans
ssh,0.7391304347826086,shared,varying
ssh,0.8285714285714286,shared,whatsoever
ssh,0.245136186770428,shared,would
ssh,0.19402985074626866,b_only,knelt
ssh,0.7112299465240641,shared,lords
ssh,1.0,a_only,lands
ssh,1.0,a_only,treating
ssh,1.0,a_only,quantitative
ssh,0.6842105263157895,shared,fired
ssh,1.0,a_only,correspond
ssh,0.3617021276595745,shared,streets
ssh,1.0,a_only,coup
ssh,0.8390804597701149,shared,situations
ssh,0.6410256410256411,shared,embrace
ssh,0.2260536398467433,b_only,frightfully
ssh,1.0,a_only,constantinople
ssh,0.1552346570397112,b_only,dirt
ssh,0.20754716981132076,b_only,shattered
ssh,0.285140562248996,shared,also
ssh,0.6931216931216931,shared,betrayed
ssh,1.0,a_only,techniques
ssh,0.8390804597701149,shared,removing
ssh,1.0,a_only,award
ssh,0.14285714285714285,b_only,lean
ssh,0.10344827586206896,b_only,queer
ssh,0.7297297297297297,shared,adrian
ssh,0.245136186770428,shared,all
ssh,0.4222222222222222,shared,accept
ssh,1.0,a_only,govern
ssh,0.6666666666666666,shared,insects
ssh,1.0,a_only,evangelical
ssh,1.0,a_only,ed
ssh,0.3333333333333333,shared,consider
ssh,1.0,a_only,screenwriter
ssh,0.0847457627118644,b_only,fortunate
ssh,0.6842105263157895,shared,chapel
ssh,1.0,a_only,factory
ssh,0.5023474178403756,shared,cents
ssh,0.30612244897959184,shared,pleasant
ssh,1.0,a_only,monarch
ssh,0.32231404958677684,shared,house
ssh,0.6842105263157895,shared,comedy
ssh,1.0,a_only,doses
ssh,0.21212121212121213,b_only,nostrils
ssh,0.415929203539823,shared,current
ssh,0.19402985074626866,b_only,drawers
ssh,0.7777777777777778,shared,satan
ssh,0.15942028985507245,b_only,faded
ssh,1.0,a_only,hugo
ssh,0.08843537414965986,b_only,dine
ssh,0.15942028985507245,b_only,gryphon
ssh,0.6326530612244898,shared,flow
ssh,1.0,a_only,denote
ssh,1.0,a_only,approximately
ssh,0.21673003802281368,b_only,neighbour
ssh,0.21212121212121213,b_only,insolent
ssh,0.6666666666666666,shared,landscape
ssh,1.0,a_only,dominance
ssh,0.23552123552123552,shared,wished
ssh,0.7777777777777778,shared,duck
ssh,0.3168724279835391,shared,lit
ssh,0.5533980582524272,shared,famous
ssh,0.5533980582524272,shared,sub
ssh,0.44144144144144143,shared,forms
ssh,0.46788990825688076,shared,elbow
ssh,0.1111111111111111,b_only,sternly
ssh,0.28,shared,may
ssh,1.0,a_only,finland
ssh,0.5920398009950248,shared,refer
ssh,0.6410256410256411,shared,forbidden
ssh,1.0,a_only,programs
ssh,0.22137404580152673,b_only,terrified
ssh,1.0,a_only,communities
ssh,1.0,a_only,links
ssh,0.3793103448275862,shared,knight
ssh,0.13074204946996468,b_only,clerval
ssh,0.17216117216117216,b_only,cloak
ssh,0.5686274509803921,shared,eastern
ssh,0.415929203539823,shared,shop
ssh,0.1347517730496454,b_only,ridiculous
ssh,0.7204301075268817,shared,advancing
ssh,0.3168724279835391,shared,forward
ssh,1.0,a_only,experimented
ssh,1.0,a_only,statistics
ssh,0.5763546798029556,shared,belonged
ssh,0.3008130081300813,shared,horror
ssh,0.18518518518518517,b_only,spoiled
ssh,0.25,shared,yes
ssh,0.48148148148148145,shared,heading
ssh,1.0,a_only,strategy
ssh,0.21673003802281368,b_only,shawl
ssh,0.42857142857142855,shared,directed
ssh,1.0,a_only,cavalry
ssh,0.21212121212121213,b_only,embroidered
ssh,0.2903225806451613,shared,further
ssh,0.3278008298755187,shared,fall
ssh,0.5686274509803921,shared,limb
ssh,1.0,a_only,parallels
ssh,0.3617021276595745,shared,lamp
ssh,0.5458937198067633,shared,unlike
ssh,1.0,a_only,chancellor
ssh,1.0,a_only,alkanes
ssh,0.7021276595744681,shared,hatred
ssh,0.14285714285714285,b_only,cautiously
ssh,0.6243654822335025,shared,le
ssh,0.7582417582417582,shared,bounds
ssh,0.1895910780669145,b_only,odour
ssh,0.4479638009049774,shared,fog
ssh,0.19402985074626866,b_only,dances
ssh,0.675392670157068,shared,descendants
ssh,0.7391304347826086,shared,actor
ssh,1.0,a_only,abortions
ssh,0.6080402010050251,shared,lasted
ssh,0.7486338797814208,shared,pat
ssh,1.0,a_only,afghan
ssh,0.09215017064846416,b_only,amiable
ssh,0.7877094972067039,shared,vegetables
ssh,0.3008130081300813,shared,been
ssh,0.10344827586206896,b_only,loudly
ssh,0.2698412698412698,shared,told
ssh,1.0,a_only,senator
ssh,0.19850187265917604,b_only,lick
ssh,0.36752136752136755,shared,hook
ssh,0.5920398009950248,shared,clerk
ssh,0.16363636363636364,b_only,flushed
ssh,1.0,a_only,radians
ssh,0.675392670157068,shared,verse
ssh,0.40969162995594716,shared,offer
ssh,0.3617021276595745,shared,cousin
ssh,0.18081180811808117,b_only,cart
ssh,0.5686274509803921,shared,spelling
ssh,1.0,a_only,samples
ssh,0.18518518518518517,b_only,ashore
ssh,1.0,a_only,dedicated
ssh,0.6842105263157895,shared,wherein
ssh,0.20300751879699247,b_only,dainty
ssh,0.7391304347826086,shared,forcing
ssh,0.7391304347826086,shared,sailed
ssh,0.5384615384615384,shared,yo
ssh,1.0,a_only,designation
ssh,0.32231404958677684,shared,bit
ssh,1.0,a_only,explicitly
ssh,0.47465437788018433,shared,related
ssh,0.6080402010050251,shared,wives
ssh,0.5920398009950248,shared,perform
ssh,0.7112299465240641,shared,unnecessary
ssh,0.6842105263157895,shared,helmet
ssh,0.19850187265917604,b_only,pier
ssh,1.0,a_only,defeats
ssh,0.6580310880829016,shared,exchange
ssh,1.0,a_only,lithuania
ssh,0.4953271028037383,shared,advertisement
ssh,0.3278008298755187,shared,lie
ssh,0.2260536398467433,b_only,embarrassment
ssh,0.30612244897959184,shared,serious
ssh,0.1510791366906475,b_only,wig
ssh,0.675392670157068,shared,article
ssh,1.0,a_only,thirds
ssh,0.5609756097560976,shared,satisfy
ssh,0.32231404958677684,shared,handed
ssh,1.0,a_only,alda
ssh,0.25984251968503935,shared,given
ssh,0.7486338797814208,shared,explanations
ssh,0.37339055793991416,shared,somewhere
ssh,1.0,a_only,stored
ssh,0.7021276595744681,shared,cleaned
ssh,1.0,a_only,proclaimed
ssh,0.6580310880829016,shared,lone
ssh,0.7204301075268817,shared,consistent
ssh,0.37339055793991416,shared,engaged
ssh,1.0,a_only,champion
ssh,0.19402985074626866,b_only,daresay
ssh,0.48148148148148145,shared,persuaded
ssh,0.10726643598615918,b_only,affectionate
ssh,0.24031007751937986,b_only,settling
ssh,1.0,a_only,arslan
ssh,1.0,a_only,chris
ssh,1.0,a_only,publications
ssh,0.21673003802281368,b_only,breeze
ssh,0.7021276595744681,shared,ass
ssh,0.675392670157068,shared,questioned
ssh,0.39737991266375544,shared,born
ssh,1.0,a_only,mentions
ssh,0.47465437788018433,shared,speed
ssh,1.0,a_only,align
ssh,1.0,a_only,scrimmage
ssh,1.0,a_only,economies
ssh,1.0,a_only,tarkovsky
ssh,0.36752136752136755,shared,during
ssh,1.0,a_only,samoan
ssh,1.0,a_only,easter
ssh,0.6580310880829016,shared,backwards
ssh,0.5458937198067633,shared,animated
ssh,0.5384615384615384,shared,endure
ssh,0.6666666666666666,shared,favoured
ssh,0.25,shared,saying
ssh,0.6494845360824743,shared,seventeen
ssh,0.4883720930232558,shared,according
ssh,1.0,a_only,almonds
ssh,1.0,a_only,anchorage
ssh,0.6326530612244898,shared,customs
ssh,0.5686274509803921,shared,numbers
ssh,0.6931216931216931,shared,failing
ssh,0.6666666666666666,shared,amsterdam
ssh,1.0,a_only,historic
ssh,1.0,a_only,extraction
ssh,1.0,a_only,peaks
ssh,1.0,a_only,uke
ssh,0.3852813852813853,shared,troubled
ssh,0.14695340501792115,b_only,favourable
ssh,1.0,a_only,teachings
ssh,0.7204301075268817,shared,lowest
ssh,0.40350877192982454,shared,flew
ssh,0.47465437788018433,shared,joke
ssh,1.0,a_only,disastrous
ssh,0.11888111888111888,b_only,vulgar
ssh,0.797752808988764,shared,literary
ssh,0.7391304347826086,shared,mathematics
ssh,1.0,a_only,corporate
ssh,0.6666666666666666,shared,feathers
ssh,0.19850187265917604,b_only,trousers
ssh,0.4349775784753363,shared,midnight
ssh,0.48148148148148145,shared,arose
ssh,1.0,a_only,pilots
ssh,0.7777777777777778,shared,tended
ssh,0.7112299465240641,shared,principally
ssh,0.20754716981132076,b_only,nibs
ssh,0.07744107744107744,b_only,hesitated
ssh,0.5686274509803921,shared,surface
ssh,1.0,a_only,cabinda
ssh,0.7582417582417582,shared,preaching
ssh,1.0,a_only,caesar
ssh,0.19402985074626866,b_only,coroner
ssh,1.0,a_only,tennessee
ssh,0.285140562248996,shared,within
ssh,1.0,a_only,gregorian
ssh,1.0,a_only,russell
ssh,0.7486338797814208,shared,muscles
ssh,1.0,a_only,kalinga
ssh,0.5311004784688995,shared,uncommon
ssh,0.11498257839721254,b_only,stole
ssh,0.10726643598615918,b_only,expressive
ssh,0.7297297297297297,shared,latin
ssh,0.7021276595744681,shared,odds
ssh,0.44144144144144143,shared,partly
ssh,1.0,a_only,technological
ssh,0.3008130081300813,shared,amongst
ssh,1.0,a_only,aphrodite
ssh,1.0,a_only,athena
ssh,0.2549019607843137,shared,kind
ssh,0.07023411371237458,b_only,monseigneur
ssh,0.3114754098360656,shared,such
ssh,1.0,a_only,rifle
ssh,0.21673003802281368,b_only,hatherley
ssh,1.0,a_only,namely
ssh,0.7486338797814208,shared,overthrown
ssh,0.8497109826589595,shared,parker
ssh,0.7582417582417582,shared,essence
ssh,0.10726643598615918,b_only,shaken
ssh,1.0,a_only,ralph
ssh,1.0,a_only,virus
ssh,1.0,a_only,tissue
ssh,0.0847457627118644,b_only,delightful
ssh,0.18081180811808117,b_only,blush
ssh,0.45454545454545453,shared,tore
ssh,0.3389121338912134,shared,arm
ssh,1.0,a_only,atheist
ssh,0.44144144144144143,shared,tie
ssh,0.7486338797814208,shared,te
ssh,0.3617021276595745,shared,slight
ssh,1.0,a_only,constellation
ssh,0.6666666666666666,shared,kingdom
ssh,0.44144144144144143,shared,driving
ssh,1.0,a_only,monetary
ssh,0.6494845360824743,shared,disdain
ssh,1.0,a_only,boundaries
ssh,0.4349775784753363,shared,managed
ssh,0.4953271028037383,shared,seriously
ssh,0.797752808988764,shared,deaths
ssh,0.7112299465240641,shared,fibre
ssh,1.0,a_only,pottery
ssh,0.6243654822335025,shared,discovering
ssh,1.0,a_only,hiv
ssh,0.5841584158415841,shared,recommended
ssh,1.0,a_only,facto
ssh,0.7391304347826086,shared,dense
ssh,0.7297297297297297,shared,returns
ssh,0.19402985074626866,b_only,worry
ssh,0.15942028985507245,b_only,ceiling
ssh,0.675392670157068,shared,banished
ssh,0.6,shared,tax
ssh,0.7297297297297297,shared,inscriptions
ssh,0.5763546798029556,shared,behaved
ssh,0.7204301075268817,shared,incredible
ssh,0.30612244897959184,shared,mark
ssh,0.2698412698412698,shared,sort
ssh,0.5533980582524272,shared,pure
ssh,0.2648221343873518,shared,stop
ssh,0.5165876777251185,shared,thomas
ssh,0.6326530612244898,shared,earliest
ssh,0.4953271028037383,shared,yards
ssh,0.5920398009950248,shared,angle
ssh,0.1111111111111111,b_only,assure
ssh,1.0,a_only,producers
ssh,0.6410256410256411,shared,opposed
ssh,1.0,a_only,specific
ssh,0.3389121338912134,shared,greatest
ssh,0.29554655870445345,shared,suddenly
ssh,0.10726643598615918,b_only,hain
ssh,0.18518518518518517,b_only,barsad
ssh,0.6931216931216931,shared,acquired
ssh,1.0,a_only,tests
ssh,1.0,a_only,ren
ssh,0.2260536398467433,b_only,henceforth
ssh,1.0,a_only,alphabet
ssh,0.6326530612244898,shared,similarly
ssh,0.6666666666666666,shared,fleet
ssh,1.0,a_only,plutarch
ssh,1.0,a_only,moscow
ssh,1.0,a_only,proponents
ssh,1.0,a_only,magical
ssh,1.0,a_only,election
ssh,1.0,a_only,pregnancy
ssh,1.0,a_only,marple
ssh,0.415929203539823,shared,iron
ssh,1.0,a_only,seventh
ssh,0.4349775784753363,shared,spite
ssh,0.40350877192982454,shared,stirred
ssh,0.4479638009049774,shared,visited
ssh,0.2749003984063745,shared,exactly
ssh,0.7679558011049724,shared,rescue
ssh,0.39737991266375544,shared,spare
ssh,0.6243654822335025,shared,resentment
ssh,1.0,a_only,chlorine
ssh,0.22137404580152673,b_only,phelps
ssh,1.0,a_only,aggression
ssh,1.0,a_only,layers
ssh,1.0,a_only,inc
ssh,1.0,a_only,motto
ssh,1.0,a_only,trapped
ssh,0.6080402010050251,shared,beings
ssh,0.3333333333333333,shared,o
ssh,0.3617021276595745,shared,pride
ssh,1.0,a_only,os
ssh,1.0,a_only,ascii
ssh,0.20300751879699247,b_only,supposing
ssh,1.0,a_only,joshua
ssh,1.0,a_only,prices
ssh,1.0,a_only,deities
ssh,1.0,a_only,afl
ssh,0.3008130081300813,shared,view
ssh,1.0,a_only,neoclassical
ssh,1.0,a_only,dan
ssh,1.0,a_only,orbitals
ssh,0.48148148148148145,shared,contrary
ssh,1.0,a_only,electoral
ssh,0.7021276595744681,shared,facing
ssh,0.6580310880829016,shared,ca
ssh,0.5384615384615384,shared,stopping
ssh,0.675392670157068,shared,suspended
ssh,0.20754716981132076,b_only,unjust
ssh,1.0,a_only,miscellaneous
ssh,0.6842105263157895,shared,comparatively
ssh,0.675392670157068,shared,songs
ssh,1.0,a_only,surrender
ssh,0.0847457627118644,b_only,careless
ssh,1.0,a_only,incidence
ssh,0.7112299465240641,shared,campaign
ssh,0.6243654822335025,shared,peoples
ssh,0.6,shared,resemblance
ssh,1.0,a_only,schuschnigg
ssh,0.29554655870445345,shared,continued
ssh,0.3559322033898305,shared,etc
ssh,0.22137404580152673,b_only,madly
ssh,1.0,a_only,status
ssh,0.4222222222222222,shared,gun
ssh,1.0,a_only,chronicles
ssh,1.0,a_only,georg
ssh,0.5238095238095238,shared,occur
ssh,0.5763546798029556,shared,flower
ssh,0.21212121212121213,b_only,slovaks
ssh,0.21212121212121213,b_only,perplexed
ssh,0.5311004784688995,shared,page
ssh,1.0,a_only,dimensions
ssh,0.7021276595744681,shared,sustained
ssh,0.6243654822335025,shared,ernest
ssh,1.0,a_only,ranging
ssh,0.3168724279835391,shared,less
ssh,0.47465437788018433,shared,destruction
ssh,0.797752808988764,shared,obligations
ssh,1.0,a_only,eric
ssh,0.5165876777251185,shared,shocked
ssh,0.6080402010050251,shared,starved
ssh,0.23076923076923078,shared,have
ssh,1.0,a_only,syriac
ssh,0.6326530612244898,shared,stout
ssh,0.2903225806451613,shared,father
ssh,1.0,a_only,bambaataa
ssh,1.0,a_only,quattro
ssh,0.6580310880829016,shared,legal
ssh,0.44144144144144143,shared,blind
ssh,0.7582417582417582,shared,individually
ssh,1.0,a_only,und
ssh,1.0,a_only,antimatter
ssh,1.0,a_only,canon
ssh,0.4883720930232558,shared,rushing
ssh,1.0,a_only,catholic
ssh,0.22137404580152673,b_only,inquiring
ssh,0.25984251968503935,shared,mean
ssh,1.0,a_only,novelists
ssh,1.0,a_only,hellenistic
ssh,0.6243654822335025,shared,tracks
ssh,1.0,a_only,lifetime
ssh,0.3333333333333333,shared,teeth
ssh,0.7777777777777778,shared,estimate
ssh,0.6666666666666666,shared,laboratory
ssh,0.40969162995594716,shared,drop
ssh,0.7297297297297297,shared,surrounding
ssh,0.7679558011049724,shared,pairs
ssh,0.11888111888111888,b_only,furious
ssh,0.7391304347826086,shared,warnings
ssh,1.0,a_only,prehistoric
ssh,1.0,a_only,anders
ssh,0.7582417582417582,shared,eighteenth
ssh,0.4611872146118721,shared,winter
ssh,1.0,a_only,diagnosis
ssh,1.0,a_only,neurological
ssh,0.4479638009049774,shared,highly
ssh,0.0958904109589041,b_only,silly
ssh,1.0,a_only,disagreement
ssh,0.797752808988764,shared,copied
ssh,0.24031007751937986,b_only,shrieked
ssh,1.0,a_only,todd
ssh,1.0,a_only,mathematicians
ssh,0.40969162995594716,shared,covered
ssh,0.391304347826087,shared,future
ssh,0.2698412698412698,shared,gave
ssh,1.0,a_only,unix
ssh,0.4953271028037383,shared,singing
ssh,1.0,a_only,spain
ssh,0.5238095238095238,shared,nest
ssh,1.0,a_only,cancer
ssh,1.0,a_only,atlanta
ssh,0.807909604519774,shared,victoria
ssh,0.21673003802281368,b_only,breathless
ssh,0.6842105263157895,shared,dover
ssh,1.0,a_only,casualties
ssh,1.0,a_only,iso
ssh,1.0,a_only,translates
ssh,1.0,a_only,replica
ssh,0.7297297297297297,shared,travellers
ssh,0.3168724279835391,shared,human
ssh,1.0,a_only,winner
ssh,1.0,a_only,motivated
ssh,0.6842105263157895,shared,logic
ssh,1.0,a_only,saskatchewan
ssh,0.5686274509803921,shared,tending
ssh,1.0,a_only,installed
ssh,0.391304347826087,shared,destroyed
ssh,0.5094339622641509,shared,rapidly
ssh,0.5023474178403756,shared,immense
ssh,0.22137404580152673,b_only,nted
ssh,0.37339055793991416,shared,colour
ssh,0.2549019607843137,shared,how
ssh,0.0958904109589041,b_only,rushed
ssh,0.6,shared,pa
ssh,0.7486338797814208,shared,resignation
ssh,0.19402985074626866,b_only,hateful
ssh,1.0,a_only,graphics
ssh,1.0,a_only,aka
ssh,1.0,a_only,mathbf
ssh,0.3617021276595745,shared,sky
ssh,0.6666666666666666,shared,shops
ssh,1.0,a_only,electromagnetic
ssh,0.5609756097560976,shared,create
ssh,1.0,a_only,hm
ssh,1.0,a_only,netherlands
ssh,0.7297297297297297,shared,moves
ssh,1.0,a_only,validity
ssh,0.1111111111111111,b_only,plainly
ssh,1.0,a_only,rn
ssh,1.0,a_only,socrates
ssh,1.0,a_only,astrological
ssh,1.0,a_only,satirical
ssh,1.0,a_only,baldwin
ssh,0.797752808988764,shared,celestial
ssh,1.0,a_only,broadly
ssh,1.0,a_only,politically
ssh,0.7021276595744681,shared,european
ssh,0.4611872146118721,shared,pistol
ssh,0.21212121212121213,b_only,climbed
ssh,0.6326530612244898,shared,agreement
ssh,1.0,a_only,java
ssh,0.23552123552123552,b_only,stooping
ssh,0.7486338797814208,shared,barren
ssh,0.23076923076923078,b_only,flattered
ssh,1.0,a_only,marketing
ssh,0.20300751879699247,b_only,buck
ssh,0.1111111111111111,b_only,huck
ssh,0.4479638009049774,shared,starting
ssh,1.0,a_only,width
ssh,0.2749003984063745,shared,forget
ssh,0.3114754098360656,shared,before
ssh,0.6,shared,blown
ssh,0.24031007751937986,shared,ourselves
ssh,0.3168724279835391,shared,ran
ssh,0.44144144144144143,shared,pretend
ssh,1.0,a_only,resort
ssh,0.7486338797814208,shared,intensity
ssh,1.0,a_only,transcontinental
ssh,0.807909604519774,shared,precise
ssh,1.0,a_only,secular
ssh,0.5023474178403756,shared,tackle
ssh,0.7297297297297297,shared,flocked
ssh,1.0,a_only,ideology
ssh,0.5023474178403756,shared,cover
ssh,0.8285714285714286,shared,ann
ssh,0.5311004784688995,shared,passengers
ssh,1.0,a_only,ian
ssh,0.6326530612244898,shared,opposition
ssh,0.2903225806451613,shared,learned
ssh,1.0,a_only,gene
ssh,1.0,a_only,positron
ssh,1.0,a_only,cloister
ssh,0.5384615384615384,shared,absurd
ssh,0.6410256410256411,shared,cells
ssh,0.6931216931216931,shared,fiction
ssh,1.0,a_only,promoting
ssh,1.0,a_only,sina
ssh,1.0,a_only,tennis
ssh,0.6494845360824743,shared,stature
ssh,1.0,a_only,emphasize
ssh,0.2698412698412698,shared,sudden
ssh,0.6580310880829016,shared,gods
ssh,1.0,a_only,eliminate
ssh,1.0,a_only,plasma
ssh,0.37339055793991416,shared,opening
ssh,1.0,a_only,commonwealth
ssh,1.0,a_only,zahn
ssh,1.0,a_only,nih
ssh,0.6931216931216931,shared,confident
ssh,0.415929203539823,shared,sunday
ssh,0.1895910780669145,b_only,neverland
ssh,0.807909604519774,shared,continuing
ssh,0.6161616161616161,shared,casting
ssh,0.6842105263157895,shared,rely
ssh,0.7021276595744681,shared,normal
ssh,0.3617021276595745,shared,lines
ssh,0.6494845360824743,shared,pushing
ssh,0.7021276595744681,shared,streams
ssh,0.21673003802281368,b_only,waving
ssh,0.6494845360824743,shared,towns
ssh,1.0,a_only,elementary
ssh,0.5609756097560976,shared,feed
ssh,0.7679558011049724,shared,gross
ssh,1.0,a_only,memorial
ssh,0.6842105263157895,shared,measured
ssh,0.245136186770428,shared,won
ssh,0.21673003802281368,b_only,1894
ssh,0.09215017064846416,b_only,tolerable
ssh,1.0,a_only,fred
ssh,0.797752808988764,shared,earned
ssh,0.22137404580152673,b_only,loveliness
ssh,0.47465437788018433,shared,den
ssh,0.2903225806451613,shared,open
ssh,0.3617021276595745,shared,train
ssh,0.19402985074626866,b_only,hearth
ssh,0.6666666666666666,shared,biggest
ssh,0.6161616161616161,shared,heroes
ssh,1.0,a_only,ares
ssh,1.0,a_only,scientists
ssh,1.0,a_only,stability
ssh,0.6,shared,frog
ssh,0.19850187265917604,b_only,devils
ssh,1.0,a_only,honorary
ssh,0.11498257839721254,b_only,noticing
ssh,1.0,a_only,rd
ssh,1.0,a_only,arabia
ssh,0.28,shared,beautiful
ssh,0.30612244897959184,shared,drink
ssh,0.0958904109589041,b_only,sadly
ssh,0.5384615384615384,shared,experienced
ssh,1.0,a_only,mpla
ssh,1.0,a_only,bierce
ssh,0.4883720930232558,shared,daily
ssh,1.0,a_only,android
ssh,0.6326530612244898,shared,mid
ssh,1.0,a_only,allegedly
ssh,0.6666666666666666,shared,jews
ssh,0.20754716981132076,b_only,trot
ssh,0.40350877192982454,shared,maid
ssh,1.0,a_only,operators
ssh,0.19402985074626866,b_only,doorway
ssh,0.6243654822335025,shared,weeds
ssh,0.08108108108108109,b_only,whispering
ssh,0.3333333333333333,shared,happiness
ssh,0.6161616161616161,shared,split
ssh,1.0,a_only,friedrich
ssh,0.4953271028037383,shared,earlier
ssh,1.0,a_only,legislative
ssh,1.0,a_only,rio
ssh,0.25,shared,certainly
ssh,0.28,shared,anxious
ssh,1.0,a_only,everyday
ssh,0.391304347826087,shared,st
ssh,1.0,a_only,huxley
ssh,0.6243654822335025,shared,breed
ssh,0.7391304347826086,shared,charity
ssh,0.5311004784688995,shared,oldest
ssh,1.0,a_only,via
ssh,1.0,a_only,secondary
ssh,0.5533980582524272,shared,beaten
ssh,1.0,a_only,ibm
ssh,1.0,a_only,treatise
ssh,0.17216117216117216,b_only,sobbing
ssh,0.10344827586206896,b_only,pemberley
ssh,1.0,a_only,ratio
ssh,0.19402985074626866,b_only,hatter
ssh,1.0,a_only,dating
ssh,0.6666666666666666,shared,tempered
ssh,0.4479638009049774,shared,grace
ssh,0.6080402010050251,shared,countries
ssh,1.0,a_only,biological
ssh,1.0,a_only,coasts
ssh,0.6666666666666666,shared,ross
ssh,0.797752808988764,shared,cynical
ssh,0.21212121212121213,b_only,cigar
ssh,1.0,a_only,networks
ssh,0.245136186770428,shared,strange
ssh,0.6080402010050251,shared,chased
ssh,0.5763546798029556,shared,consequences
ssh,1.0,a_only,reviewed
ssh,0.6931216931216931,shared,expectations
ssh,1.0,a_only,mm
ssh,1.0,a_only,iverson
ssh,0.3168724279835391,shared,last
ssh,0.7777777777777778,shared,mirrors
ssh,1.0,a_only,resulting
ssh,0.7777777777777778,shared,impossibility
ssh,1.0,a_only,educational
ssh,0.5384615384615384,shared,holy
ssh,1.0,a_only,anchors
ssh,0.40969162995594716,shared,shoulders
ssh,0.5841584158415841,shared,stained
ssh,0.6580310880829016,shared,pink
ssh,1.0,a_only,indicates
ssh,0.20300751879699247,b_only,dreamed
ssh,0.5763546798029556,shared,require
ssh,0.25984251968503935,shared,away
ssh,0.48148148148148145,shared,prisoners
ssh,1.0,a_only,tubes
ssh,1.0,a_only,judaism
ssh,0.47465437788018433,shared,material
ssh,0.08108108108108109,b_only,madam
ssh,0.415929203539823,shared,vengeance
ssh,0.21673003802281368,b_only,whooping
ssh,1.0,a_only,journals
ssh,0.7297297297297297,shared,hi
ssh,0.21673003802281368,b_only,sill
ssh,0.4953271028037383,shared,bible
ssh,0.7877094972067039,shared,cheap
ssh,0.7877094972067039,shared,appeals
ssh,1.0,a_only,integral
ssh,1.0,a_only,baseball
ssh,1.0,a_only,arkansas
ssh,0.2648221343873518,shared,instant
ssh,0.3445378151260504,shared,m
ssh,0.5920398009950248,shared,magistrate
ssh,0.21673003802281368,b_only,doan
ssh,0.4883720930232558,shared,prince
ssh,1.0,a_only,electron
ssh,0.5533980582524272,shared,recorded
ssh,0.16363636363636364,b_only,leisure
ssh,0.2260536398467433,b_only,bastille
ssh,1.0,a_only,fund
ssh,0.19402985074626866,b_only,jarvis
ssh,0.5920398009950248,shared,major
ssh,1.0,a_only,heracles
ssh,0.391304347826087,shared,footsteps
ssh,1.0,a_only,fertility
ssh,0.19850187265917604,b_only,politeness
ssh,0.675392670157068,shared,attendance
ssh,0.3114754098360656,shared,bell
ssh,0.7582417582417582,shared,garment
ssh,0.4611872146118721,shared,owner
ssh,1.0,a_only,pi
ssh,0.30612244897959184,shared,ll
ssh,0.4222222222222222,shared,quit
ssh,1.0,a_only,inequality
ssh,0.5094339622641509,shared,desert
ssh,0.7391304347826086,shared,lovers
ssh,1.0,a_only,province
ssh,1.0,a_only,dos
ssh,0.7877094972067039,shared,officials
ssh,1.0,a_only,bytes
ssh,1.0,a_only,compounds
ssh,1.0,a_only,contest
ssh,1.0,a_only,initiated
ssh,1.0,a_only,holocaust
ssh,0.3852813852813853,shared,broad
ssh,1.0,a_only,annually
ssh,0.6326530612244898,shared,heel
ssh,1.0,a_only,monastery
ssh,1.0,a_only,alligator
ssh,0.18081180811808117,b_only,snoring
ssh,0.29554655870445345,shared,another
ssh,0.40969162995594716,shared,frequently
ssh,0.6243654822335025,shared,obedience
ssh,0.08108108108108109,b_only,stillness
ssh,0.2749003984063745,shared,old
ssh,0.2749003984063745,shared,return
ssh,1.0,a_only,framework
ssh,0.3793103448275862,shared,thrown
ssh,0.5686274509803921,shared,folk
ssh,0.4222222222222222,shared,rats
ssh,0.797752808988764,shared,consumption
ssh,1.0,a_only,ranked
ssh,0.285140562248996,shared,looked
ssh,1.0,a_only,kournikova
ssh,0.5165876777251185,shared,persuade
ssh,1.0,a_only,capitalism
ssh,0.6243654822335025,shared,stray
ssh,0.11888111888111888,b_only,admirable
ssh,0.3793103448275862,shared,spread
ssh,0.0847457627118644,b_only,wrist
ssh,0.5165876777251185,shared,message
ssh,0.2648221343873518,shared,speak
ssh,0.21673003802281368,b_only,ghostly
ssh,0.2698412698412698,shared,although
ssh,0.5384615384615384,shared,snapped
ssh,0.675392670157068,shared,basis
ssh,0.5094339622641509,shared,purposes
ssh,0.7486338797814208,shared,se
ssh,0.6931216931216931,shared,defects
ssh,1.0,a_only,humorous
ssh,1.0,a_only,legislation
ssh,0.7204301075268817,shared,speeches
ssh,1.0,a_only,capability
ssh,1.0,a_only,predominant
ssh,0.7021276595744681,shared,route
ssh,0.350210970464135,shared,heads
ssh,1.0,a_only,divergence
ssh,0.18518518518518517,b_only,humpty
ssh,0.6161616161616161,shared,definite
ssh,0.45454545454545453,shared,sold
ssh,1.0,a_only,expelled
ssh,0.17647058823529413,b_only,sane
ssh,0.2549019607843137,shared,gone
ssh,0.6410256410256411,shared,excess
ssh,0.7391304347826086,shared,conclude
ssh,1.0,a_only,radioactive
ssh,0.7486338797814208,shared,supreme
ssh,0.3168724279835391,shared,foot
ssh,0.20300751879699247,b_only,pathetic
ssh,0.5686274509803921,shared,continually
ssh,1.0,a_only,photographer
ssh,1.0,a_only,core
ssh,0.7877094972067039,shared,eve
ssh,0.45454545454545453,shared,riding
ssh,1.0,a_only,defense
ssh,1.0,a_only,pierre
ssh,1.0,a_only,websites
ssh,1.0,a_only,ancestry
ssh,0.19402985074626866,b_only,inquest
ssh,0.4349775784753363,shared,morris
ssh,1.0,a_only,argentine
ssh,1.0,a_only,ban
ssh,0.7486338797814208,shared,stem
ssh,0.7777777777777778,shared,exercised
ssh,1.0,a_only,anarchists
ssh,0.08843537414965986,b_only,kissed
ssh,0.4349775784753363,shared,race
ssh,0.5920398009950248,shared,entail
ssh,1.0,a_only,privileges
ssh,0.0847457627118644,b_only,dreaded
ssh,1.0,a_only,decisions
ssh,0.797752808988764,shared,holland
ssh,1.0,a_only,autistics
ssh,0.6080402010050251,shared,hello
ssh,0.6080402010050251,shared,nerve
ssh,1.0,a_only,suggesting
ssh,1.0,a_only,wildlife
ssh,1.0,a_only,credits
ssh,0.11498257839721254,b_only,clasped
ssh,0.2749003984063745,shared,instead
ssh,1.0,a_only,artemis
ssh,0.6580310880829016,shared,relatives
ssh,0.2648221343873518,shared,wrong
ssh,0.5763546798029556,shared,undertaking
ssh,0.37339055793991416,shared,captain
ssh,0.19402985074626866,shared,that
ssh,0.7297297297297297,shared,authoritative
ssh,0.28,shared,observed
ssh,1.0,a_only,akkad
ssh,1.0,a_only,protective
ssh,0.19850187265917604,b_only,tweedledum
ssh,0.3852813852813853,shared,hill
ssh,0.7112299465240641,shared,antiquity
ssh,1.0,a_only,experts
ssh,0.6580310880829016,shared,hop
ssh,0.3617021276595745,shared,drawing
ssh,0.8390804597701149,shared,mixing
ssh,1.0,a_only,therapy
ssh,1.0,a_only,pad
ssh,0.39737991266375544,shared,extremely
ssh,0.1895910780669145,b_only,ingolstadt
ssh,1.0,a_only,housing
ssh,1.0,a_only,aries
ssh,0.39737991266375544,shared,rising
ssh,0.4953271028037383,shared,striking
ssh,1.0,a_only,derivative
ssh,1.0,a_only,critic
ssh,0.2698412698412698,shared,hardly
ssh,1.0,a_only,models
ssh,0.6161616161616161,shared,ate
ssh,0.09965635738831616,b_only,sorrowful
ssh,1.0,a_only,operational
ssh,0.09965635738831616,b_only,shrill
ssh,0.797752808988764,shared,plant
ssh,0.7877094972067039,shared,identity
ssh,0.350210970464135,shared,society
ssh,0.5165876777251185,shared,useless
ssh,1.0,a_only,colspan
ssh,1.0,a_only,institution
ssh,1.0,a_only,motor
ssh,0.5094339622641509,shared,strain
ssh,0.6326530612244898,shared,visiting
ssh,0.6080402010050251,shared,peasants
ssh,1.0,a_only,edwin
ssh,1.0,a_only,semantics
ssh,1.0,a_only,basic
ssh,1.0,a_only,inclusion
ssh,1.0,a_only,akm
ssh,0.1111111111111111,b_only,pockets
ssh,1.0,a_only,sudan
ssh,1.0,a_only,activist
ssh,0.7582417582417582,shared,mall
ssh,0.7582417582417582,shared,elephant
ssh,0.11888111888111888,b_only,hoarse
ssh,1.0,a_only,monk
ssh,0.7112299465240641,shared,male
ssh,0.7679558011049724,shared,rainbow
ssh,1.0,a_only,orbit
ssh,0.7297297297297297,shared,neighbors
ssh,1.0,a_only,ajax
ssh,0.5384615384615384,shared,beneath
ssh,0.3617021276595745,shared,drive
ssh,1.0,a_only,behavioral
ssh,0.1895910780669145,b_only,plank
ssh,0.807909604519774,shared,loop
ssh,1.0,a_only,kentucky
ssh,0.5165876777251185,shared,folded
ssh,1.0,a_only,values
ssh,1.0,a_only,splitting
ssh,0.5094339622641509,shared,capital
ssh,0.4953271028037383,shared,support
ssh,0.7877094972067039,shared,warmer
ssh,0.6080402010050251,shared,walton
ssh,0.32231404958677684,shared,break
ssh,0.46788990825688076,shared,lover
ssh,0.21212121212121213,b_only,sincerely
ssh,1.0,a_only,aleister
ssh,0.32231404958677684,shared,pass
ssh,1.0,a_only,virtually
ssh,0.46788990825688076,shared,inclination
ssh,0.7486338797814208,shared,tightly
ssh,0.6931216931216931,shared,assume
ssh,0.2260536398467433,b_only,geese
ssh,0.6161616161616161,shared,lighting
ssh,1.0,a_only,hierarchy
ssh,0.10726643598615918,b_only,steal
ssh,0.7204301075268817,shared,dismissed
ssh,0.5165876777251185,shared,attitude
ssh,1.0,a_only,weekly
ssh,0.7777777777777778,shared,lloyd
ssh,0.4883720930232558,shared,custom
ssh,0.28,shared,dare
ssh,1.0,a_only,babylonian
ssh,0.20300751879699247,b_only,graveyard
ssh,0.7021276595744681,shared,mar
ssh,0.6326530612244898,shared,tables
ssh,0.6080402010050251,shared,vi
ssh,0.7486338797814208,shared,swing
ssh,1.0,a_only,dramatically
ssh,0.20754716981132076,b_only,3
ssh,1.0,a_only,literally
ssh,1.0,a_only,leonard
ssh,0.19850187265917604,b_only,blinds
ssh,1.0,a_only,roy
ssh,0.47465437788018433,shared,pleasing
ssh,0.1678832116788321,b_only,arrange
ssh,0.807909604519774,shared,plains
ssh,0.2698412698412698,shared,feel
ssh,0.3168724279835391,shared,wishes
ssh,0.19402985074626866,b_only,wuz
ssh,1.0,a_only,participation
ssh,1.0,a_only,challenge
ssh,0.0958904109589041,b_only,smiles
ssh,1.0,a_only,starts
ssh,1.0,a_only,agreements
ssh,0.3168724279835391,shared,touch
ssh,0.18081180811808117,b_only,catched
ssh,0.245136186770428,b_only,hats
ssh,0.7204301075268817,shared,negative
ssh,0.5841584158415841,shared,purity
ssh,1.0,a_only,accessible
ssh,1.0,a_only,undergo
ssh,0.5023474178403756,shared,mud
ssh,1.0,a_only,aegean
ssh,0.1510791366906475,b_only,goose
ssh,0.4222222222222222,shared,exceedingly
ssh,0.797752808988764,shared,realized
ssh,1.0,a_only,ishmael
ssh,0.6,shared,section
ssh,0.8181818181818182,shared,secretary
ssh,0.8604651162790697,shared,binding
ssh,1.0,a_only,neo
ssh,0.5165876777251185,shared,sermon
ssh,1.0,a_only,nfl
ssh,1.0,a_only,catalan
ssh,0.675392670157068,shared,worldly
ssh,0.2749003984063745,shared,mother
ssh,0.6410256410256411,shared,suicide
ssh,0.24031007751937986,b_only,strolled
ssh,0.0958904109589041,b_only,smiling
ssh,0.5023474178403756,shared,animal
ssh,1.0,a_only,surrendered
ssh,1.0,a_only,expert
ssh,0.6326530612244898,shared,rome
ssh,0.4611872146118721,shared,baker
ssh,1.0,a_only,monument
ssh,1.0,a_only,fossil
ssh,0.6666666666666666,shared,destined
ssh,0.11498257839721254,b_only,slightest
ssh,1.0,a_only,cancelled
ssh,1.0,a_only,colored
ssh,0.21673003802281368,b_only,pinch
ssh,1.0,a_only,ld
ssh,0.5023474178403756,shared,appears
ssh,0.40350877192982454,shared,party
ssh,0.08843537414965986,b_only,kitty
ssh,1.0,a_only,ninth
ssh,0.6580310880829016,shared,shorter
ssh,1.0,a_only,salts
ssh,0.1347517730496454,b_only,roused
ssh,1.0,a_only,abbreviation
ssh,1.0,a_only,terry
ssh,0.3333333333333333,shared,rooms
ssh,0.807909604519774,shared,dia
ssh,0.4349775784753363,shared,stars
ssh,0.1267605633802817,b_only,agreeable
ssh,1.0,a_only,pelagianism
ssh,1.0,a_only,squid
ssh,1.0,a_only,renowned
ssh,1.0,a_only,defended
ssh,0.10344827586206896,shared,said
ssh,0.30612244897959184,shared,purpose
ssh,0.6666666666666666,shared,believing
ssh,0.350210970464135,shared,company
ssh,1.0,a_only,toll
ssh,0.675392670157068,shared,altar
ssh,0.7679558011049724,shared,indians
ssh,0.25,shared,new
ssh,0.5311004784688995,shared,peaceful
ssh,0.7391304347826086,shared,crowned
ssh,0.6410256410256411,shared,elevated
ssh,1.0,a_only,strategies
ssh,0.7204301075268817,shared,lungs
ssh,0.11498257839721254,b_only,collar
ssh,1.0,a_only,policies
ssh,0.7582417582417582,shared,comment
ssh,0.4611872146118721,shared,officers
ssh,0.6080402010050251,shared,quest
ssh,0.12280701754385964,b_only,bundle
ssh,1.0,a_only,arminian
ssh,0.5763546798029556,shared,bold
ssh,1.0,a_only,overdose
ssh,1.0,a_only,mathematician
ssh,0.7777777777777778,shared,kills
ssh,1.0,a_only,ar
ssh,0.2549019607843137,shared,rose
ssh,0.1552346570397112,b_only,deserve
ssh,0.8181818181818182,shared,attribute
ssh,0.5686274509803921,shared,creator
ssh,1.0,a_only,progressive
ssh,0.6080402010050251,shared,retire
ssh,0.08843537414965986,b_only,fond
ssh,0.5533980582524272,shared,pursue
ssh,0.6494845360824743,shared,arrives
ssh,1.0,a_only,constitutes
ssh,1.0,a_only,implementation
ssh,1.0,a_only,featuring
ssh,0.6842105263157895,shared,concord
ssh,0.21673003802281368,b_only,muff
ssh,0.2648221343873518,shared,wendy
ssh,1.0,a_only,concepts
ssh,1.0,a_only,specifically
ssh,0.17647058823529413,b_only,subdued
ssh,1.0,a_only,procedure
ssh,0.415929203539823,shared,barred
ssh,0.7204301075268817,shared,college
ssh,1.0,a_only,academy
ssh,0.23552123552123552,b_only,caution
ssh,0.5384615384615384,shared,quarters
ssh,0.29554655870445345,shared,honour
ssh,0.6842105263157895,shared,norton
ssh,1.0,a_only,thetis
ssh,0.07744107744107744,b_only,wonderful
ssh,1.0,a_only,lillian
ssh,0.4953271028037383,shared,sum
ssh,0.1347517730496454,b_only,4
ssh,1.0,a_only,kinetic
ssh,1.0,a_only,senior
ssh,1.0,a_only,aboriginal
ssh,0.8285714285714286,shared,seasons
ssh,0.11888111888111888,b_only,cheerfully
ssh,0.6580310880829016,shared,breaks
ssh,1.0,a_only,plants
ssh,0.42857142857142855,shared,grand
ssh,0.3008130081300813,shared,both
ssh,1.0,a_only,evolution
ssh,1.0,a_only,derives
ssh,0.39737991266375544,shared,prove
ssh,1.0,a_only,titles
ssh,0.4883720930232558,shared,apart
ssh,0.7204301075268817,shared,scores
ssh,0.6410256410256411,shared,exchanged
ssh,1.0,a_only,halogens
ssh,0.285140562248996,shared,horses
ssh,0.6161616161616161,shared,approve
ssh,0.0847457627118644,b_only,lucie
ssh,0.18518518518518517,b_only,stain
ssh,1.0,a_only,governments
ssh,0.6161616161616161,shared,involved
ssh,0.2648221343873518,shared,hear
ssh,0.7021276595744681,shared,arches
ssh,1.0,a_only,matt
ssh,0.7297297297297297,shared,cattle
ssh,0.25,shared,likely
ssh,0.19850187265917604,b_only,haired
ssh,1.0,a_only,sedgwick
ssh,1.0,a_only,connor
ssh,1.0,a_only,differ
ssh,1.0,a_only,researchers
ssh,1.0,a_only,manufacture
ssh,0.10344827586206896,b_only,rejoiced
ssh,1.0,a_only,script
ssh,0.5533980582524272,shared,stands
ssh,1.0,a_only,suburb
ssh,0.5165876777251185,shared,calls
ssh,0.4349775784753363,shared,match
ssh,0.7112299465240641,shared,buildings
ssh,0.5763546798029556,shared,stamped
ssh,0.19402985074626866,shared,see
ssh,0.7021276595744681,shared,theme
ssh,0.5763546798029556,shared,invited
ssh,1.0,a_only,qquad
ssh,0.4883720930232558,shared,vampire
ssh,1.0,a_only,gordon
ssh,1.0,a_only,immortality
ssh,1.0,a_only,harbor
ssh,0.3278008298755187,shared,comfort
ssh,0.6842105263157895,shared,expenses
ssh,1.0,a_only,berber
ssh,1.0,a_only,aids
ssh,1.0,a_only,rates
ssh,1.0,a_only,phylum
ssh,0.3008130081300813,shared,sitting
ssh,1.0,a_only,ironically
ssh,1.0,a_only,comic
ssh,1.0,a_only,nomenclature
ssh,1.0,a_only,parallel
ssh,0.6080402010050251,shared,magnificent
ssh,1.0,a_only,rothbard
ssh,1.0,a_only,algebraic
ssh,0.6080402010050251,shared,depart
ssh,0.5165876777251185,shared,plates
ssh,0.5533980582524272,shared,margaret
ssh,0.6080402010050251,shared,reserved
ssh,0.32231404958677684,shared,picture
ssh,1.0,a_only,metaphysical
ssh,0.7777777777777778,shared,skies
ssh,1.0,a_only,corresponds
ssh,0.6494845360824743,shared,steering
ssh,0.20754716981132076,b_only,interrupt
ssh,1.0,a_only,assumes
ssh,0.3389121338912134,shared,became
ssh,1.0,a_only,codes
ssh,0.7391304347826086,shared,bleeding
ssh,0.21673003802281368,b_only,stair
ssh,1.0,a_only,terrain
ssh,0.5763546798029556,shared,remote
ssh,0.10726643598615918,b_only,marvellous
ssh,0.13074204946996468,b_only,doubted
ssh,1.0,a_only,measuring
ssh,0.4883720930232558,shared,theory
ssh,0.40350877192982454,shared,saved
ssh,1.0,a_only,processing
ssh,0.29554655870445345,shared,count
ssh,0.10726643598615918,b_only,anyhow
ssh,1.0,a_only,metres
ssh,1.0,a_only,egoism
ssh,0.6494845360824743,shared,specially
ssh,0.6580310880829016,shared,expressing
ssh,1.0,a_only,abwehr
ssh,0.17647058823529413,b_only,lucases
ssh,0.7021276595744681,shared,block
ssh,1.0,a_only,mikhail
ssh,1.0,a_only,unofficial
ssh,0.6243654822335025,shared,exist
ssh,0.285140562248996,shared,turning
ssh,0.6,shared,representing
ssh,1.0,a_only,conquests
ssh,0.25984251968503935,shared,care
ssh,0.6410256410256411,shared,visits
ssh,1.0,a_only,soluble
ssh,1.0,a_only,achill
ssh,1.0,a_only,dividing
ssh,1.0,a_only,effectively
ssh,1.0,a_only,combining
ssh,0.5384615384615384,shared,oath
ssh,0.42857142857142855,shared,confess
ssh,0.1387900355871886,b_only,longbourn
ssh,1.0,a_only,postal
ssh,0.3333333333333333,shared,thousand
ssh,1.0,a_only,locally
ssh,1.0,a_only,blockade
ssh,0.1552346570397112,b_only,cellar
ssh,0.23076923076923078,b_only,leaped
ssh,1.0,a_only,ecology
ssh,0.2698412698412698,shared,neither
ssh,0.29554655870445345,shared,judged
ssh,1.0,a_only,implement
ssh,1.0,a_only,angst
ssh,0.20754716981132076,b_only,underneath
ssh,0.3793103448275862,shared,kindly
ssh,0.5023474178403756,shared,victim
ssh,0.19850187265917604,b_only,saddle
ssh,0.10726643598615918,b_only,thatcher
ssh,1.0,a_only,benny
ssh,0.5311004784688995,shared,named
ssh,1.0,a_only,phoenix
ssh,1.0,a_only,korean
ssh,0.5533980582524272,shared,additional
ssh,0.4883720930232558,shared,stream
ssh,0.797752808988764,shared,prevailing
ssh,0.7204301075268817,shared,ash
ssh,1.0,a_only,hawaii
ssh,0.07744107744107744,b_only,monsieur
ssh,0.807909604519774,shared,cape
ssh,1.0,a_only,intermediate
ssh,0.3389121338912134,shared,pale
ssh,0.2749003984063745,shared,every
ssh,0.3114754098360656,shared,escape
ssh,1.0,a_only,disorders
ssh,0.20300751879699247,b_only,shabby
ssh,0.3114754098360656,shared,lived
ssh,0.391304347826087,shared,suffer
ssh,0.09215017064846416,b_only,1
ssh,1.0,a_only,allan
ssh,0.23552123552123552,b_only,likeness
ssh,0.5458937198067633,shared,pack
ssh,0.20754716981132076,b_only,5
ssh,0.2698412698412698,shared,none
ssh,0.20754716981132076,b_only,snowy
ssh,0.7679558011049724,shared,mechanical
ssh,0.5841584158415841,shared,follows
ssh,0.6,shared,victims
ssh,1.0,a_only,rebuilt
ssh,1.0,a_only,sanjaks
ssh,1.0,a_only,actively
ssh,0.5458937198067633,shared,finds
ssh,1.0,a_only,legacy
ssh,0.6161616161616161,shared,appeal
ssh,0.7582417582417582,shared,maps
ssh,1.0,a_only,orchestra
ssh,0.11498257839721254,b_only,shouldn
ssh,0.08843537414965986,b_only,particulars
ssh,0.23552123552123552,shared,nearly
ssh,0.6410256410256411,shared,film
ssh,0.6161616161616161,shared,murray
ssh,1.0,a_only,interaction
ssh,0.3114754098360656,shared,moved
ssh,0.5841584158415841,shared,shy
ssh,0.10344827586206896,b_only,shade
ssh,0.32231404958677684,shared,occurred
ssh,1.0,a_only,governors
ssh,0.0958904109589041,b_only,bride
ssh,0.14285714285714285,shared,to
ssh,1.0,a_only,relatively
ssh,0.350210970464135,shared,hall
ssh,0.5841584158415841,shared,plot
ssh,0.5458937198067633,shared,afford
ssh,1.0,a_only,facilities
ssh,1.0,a_only,contexts
ssh,1.0,a_only,mosaic
ssh,0.245136186770428,shared,yet
ssh,1.0,a_only,olympics
ssh,0.19850187265917604,b_only,avail
ssh,0.6580310880829016,shared,picturesque
ssh,0.6,shared,prejudice
ssh,0.5841584158415841,shared,inhabitants
ssh,0.6080402010050251,shared,shapes
ssh,0.675392670157068,shared,australia
ssh,0.5841584158415841,shared,engagements
ssh,0.7297297297297297,shared,exposing
ssh,0.7391304347826086,shared,offering
ssh,1.0,a_only,banned
ssh,0.5238095238095238,shared,operation
ssh,1.0,a_only,tribute
ssh,0.40969162995594716,shared,addressed
ssh,0.5458937198067633,shared,tide
ssh,1.0,a_only,overseas
ssh,0.30612244897959184,shared,along
ssh,0.797752808988764,shared,wealthy
ssh,0.37339055793991416,shared,style
ssh,0.807909604519774,shared,farms
ssh,1.0,a_only,accessed
ssh,1.0,a_only,mediterranean
ssh,0.1552346570397112,b_only,guillotine
ssh,0.6580310880829016,shared,resurrection
ssh,1.0,a_only,mammals
ssh,1.0,a_only,reactive
ssh,0.2648221343873518,shared,art
ssh,0.08108108108108109,b_only,gazing
ssh,1.0,a_only,aeneas
ssh,0.28,shared,many
ssh,0.2549019607843137,shared,look
ssh,1.0,a_only,ads
ssh,0.29554655870445345,shared,week
ssh,0.08843537414965986,b_only,knowed
ssh,0.675392670157068,shared,forming
ssh,0.5238095238095238,shared,amid
ssh,0.5841584158415841,shared,consisted
ssh,1.0,a_only,criticisms
ssh,0.3333333333333333,shared,ship
ssh,0.22137404580152673,b_only,charmed
ssh,0.17216117216117216,b_only,clair
ssh,1.0,a_only,production
ssh,0.7204301075268817,shared,revived
ssh,0.1895910780669145,b_only,solicitor
ssh,0.3852813852813853,shared,paris
ssh,0.5165876777251185,shared,hollow
ssh,0.7112299465240641,shared,contributed
ssh,0.7204301075268817,shared,bounded
ssh,0.10344827586206896,b_only,comfortable
ssh,0.3278008298755187,shared,big
ssh,0.1387900355871886,b_only,tenderly
ssh,1.0,a_only,succeeds
ssh,0.3333333333333333,shared,calm
ssh,1.0,a_only,darius
ssh,0.47465437788018433,shared,skin
ssh,1.0,a_only,aol
ssh,0.20754716981132076,b_only,stooped
ssh,0.4349775784753363,shared,staggered
ssh,1.0,a_only,dual
ssh,0.7297297297297297,shared,violet
ssh,0.3852813852813853,shared,result
ssh,0.19850187265917604,b_only,towel
ssh,0.059602649006622516,shared,and
ssh,0.8390804597701149,shared,owes
ssh,1.0,a_only,writings
ssh,0.807909604519774,shared,acute
ssh,0.4611872146118721,shared,disappointed
ssh,0.3008130081300813,shared,case
ssh,0.675392670157068,shared,promises
ssh,1.0,a_only,yields
ssh,0.22137404580152673,b_only,wander
ssh,0.45454545454545453,shared,month
ssh,1.0,a_only,antarctica
ssh,1.0,a_only,focuses
ssh,1.0,a_only,pioneered
ssh,0.3445378151260504,shared,bank
ssh,0.18518518518518517,b_only,shutters
ssh,0.20754716981132076,b_only,panting
ssh,0.18081180811808117,b_only,windibank
ssh,0.4222222222222222,shared,flowers
ssh,0.4349775784753363,shared,opposite
ssh,1.0,a_only,caucasus
ssh,0.6842105263157895,shared,largest
ssh,0.5841584158415841,shared,effects
ssh,0.46788990825688076,shared,credit
ssh,0.5311004784688995,shared,base
ssh,0.4953271028037383,shared,paint
ssh,0.7486338797814208,shared,patron
ssh,0.3389121338912134,shared,heavy
ssh,0.8604651162790697,shared,welfare
ssh,0.7391304347826086,shared,accepting
ssh,1.0,a_only,efficient
ssh,1.0,a_only,institute
ssh,0.7391304347826086,shared,resistance
ssh,0.6931216931216931,shared,register
ssh,1.0,a_only,priests
ssh,0.7204301075268817,shared,hymn
ssh,0.6494845360824743,shared,warned
ssh,0.19402985074626866,b_only,jest
ssh,1.0,a_only,avicenna
ssh,1.0,a_only,erosion
ssh,0.6410256410256411,shared,toe
ssh,1.0,a_only,antonio
ssh,0.1387900355871886,b_only,tread
ssh,0.6410256410256411,shared,l
ssh,1.0,a_only,chemicals
ssh,1.0,a_only,emperor
ssh,0.2648221343873518,shared,hands
ssh,0.8390804597701149,shared,professors
ssh,1.0,a_only,accusations
ssh,1.0,a_only,anthem
ssh,1.0,a_only,antony
ssh,0.6931216931216931,shared,oak
ssh,0.3168724279835391,shared,pray
ssh,1.0,a_only,seasonal
ssh,0.6080402010050251,shared,materials
ssh,0.5609756097560976,shared,cliff
ssh,0.6580310880829016,shared,principles
ssh,0.7679558011049724,shared,inscription
ssh,0.10726643598615918,b_only,muttered
ssh,1.0,a_only,israel
ssh,0.7112299465240641,shared,placing
ssh,0.6243654822335025,shared,announced
ssh,0.2698412698412698,shared,enough
ssh,0.48148148148148145,shared,taste
ssh,0.7582417582417582,shared,bigger
ssh,0.7679558011049724,shared,killer
ssh,1.0,a_only,orthodox
ssh,1.0,a_only,sales
ssh,0.7582417582417582,shared,arriving
ssh,0.7204301075268817,shared,horsemen
ssh,0.09215017064846416,b_only,hallward
ssh,0.20300751879699247,b_only,creep
ssh,1.0,a_only,circuit
ssh,1.0,a_only,seeks
ssh,0.7877094972067039,shared,establish
ssh,1.0,a_only,consistently
ssh,1.0,a_only,solar
ssh,1.0,a_only,barbuda
ssh,0.47465437788018433,shared,proof
ssh,0.7297297297297297,shared,lewis
ssh,0.5841584158415841,shared,test
ssh,0.6243654822335025,shared,hospital
ssh,1.0,a_only,objectivist
ssh,0.10344827586206896,b_only,sighed
ssh,0.08843537414965986,b_only,boots
ssh,0.8604651162790697,shared,bah
ssh,0.2698412698412698,shared,faces
ssh,0.40969162995594716,shared,discover
ssh,0.3168724279835391,shared,natural
ssh,0.5023474178403756,shared,instrument
ssh,0.36752136752136755,shared,advice
ssh,0.23552123552123552,shared,meant
ssh,0.21212121212121213,b_only,pall
ssh,0.4479638009049774,shared,delay
ssh,0.7877094972067039,shared,attraction
ssh,0.7297297297297297,shared,transformed
ssh,0.391304347826087,shared,relations
ssh,1.0,a_only,afro
ssh,0.6494845360824743,shared,recognition
ssh,0.2903225806451613,shared,into
ssh,1.0,a_only,positions
ssh,0.23076923076923078,shared,afraid
ssh,0.5920398009950248,shared,gather
ssh,1.0,a_only,socialism
ssh,0.0958904109589041,b_only,slipped
ssh,0.09215017064846416,b_only,astonishment
ssh,0.3114754098360656,shared,twenty
ssh,0.6580310880829016,shared,designs
ssh,1.0,a_only,hector
ssh,0.3559322033898305,shared,forced
ssh,0.5458937198067633,shared,crushed
ssh,0.21212121212121213,b_only,sings
ssh,0.5533980582524272,shared,lessons
ssh,1.0,a_only,agassi
ssh,1.0,a_only,lateral
ssh,1.0,a_only,collectively
ssh,0.6080402010050251,shared,elements
ssh,0.10726643598615918,b_only,deceived
ssh,0.10344827586206896,b_only,fancied
ssh,0.5458937198067633,shared,average
ssh,0.2260536398467433,shared,boys
ssh,1.0,a_only,goals
ssh,0.285140562248996,shared,years
ssh,0.42857142857142855,shared,report
ssh,0.4349775784753363,shared,playing
ssh,0.32231404958677684,shared,line
ssh,0.3278008298755187,shared,papers
ssh,0.2698412698412698,shared,sleep
ssh,1.0,a_only,anterior
ssh,0.5311004784688995,shared,visitors
ssh,0.5238095238095238,shared,brothers
ssh,0.17647058823529413,b_only,scar
ssh,0.44144144144144143,shared,copyright
ssh,0.46788990825688076,shared,released
ssh,1.0,a_only,nazis
ssh,0.5841584158415841,shared,improved
ssh,0.6931216931216931,shared,politics
ssh,1.0,a_only,architects
ssh,1.0,a_only,serbia
ssh,0.44144144144144143,shared,sympathy
ssh,0.46788990825688076,shared,fairly
ssh,0.42857142857142855,shared,unknown
ssh,1.0,a_only,karpov
ssh,1.0,a_only,clinical
ssh,1.0,a_only,brazil
ssh,0.5023474178403756,shared,strongly
ssh,1.0,a_only,altitude
ssh,0.2749003984063745,shared,em
ssh,1.0,a_only,patented
ssh,0.4953271028037383,shared,rode
ssh,1.0,a_only,students
ssh,0.1267605633802817,b_only,churchyard
ssh,0.5920398009950248,shared,pigs
ssh,0.391304347826087,shared,hot
ssh,1.0,a_only,findings
ssh,1.0,a_only,vivaldi
ssh,0.5238095238095238,shared,frank
ssh,0.30612244897959184,shared,our
ssh,0.5384615384615384,shared,president
ssh,1.0,a_only,eden
ssh,0.7582417582417582,shared,adapted
ssh,0.7391304347826086,shared,treats
ssh,0.20300751879699247,b_only,solicitude
ssh,0.3008130081300813,shared,truth
ssh,1.0,a_only,anchoring
ssh,0.19850187265917604,b_only,swell
ssh,0.3617021276595745,shared,passage
ssh,1.0,a_only,academic
ssh,0.29554655870445345,shared,stood
ssh,0.3389121338912134,shared,former
ssh,0.4479638009049774,shared,shore
ssh,1.0,a_only,subsequently
ssh,0.17647058823529413,b_only,ascended
ssh,0.7297297297297297,shared,pledge
ssh,0.2549019607843137,shared,quick
ssh,0.2903225806451613,shared,england
ssh,0.7297297297297297,shared,convenience
ssh,0.6,shared,imaginary
ssh,1.0,a_only,wyoming
ssh,1.0,a_only,hits
ssh,0.24031007751937986,shared,taking
ssh,0.6,shared,outward
ssh,0.8181818181818182,shared,enduring
ssh,0.18081180811808117,b_only,smoked
ssh,0.2698412698412698,shared,interest
ssh,0.807909604519774,shared,crude
ssh,0.14695340501792115,b_only,confession
ssh,1.0,a_only,psychology
ssh,0.5384615384615384,shared,assistance
ssh,0.7486338797814208,shared,complaints
ssh,1.0,a_only,peru
ssh,0.7486338797814208,shared,trials
ssh,0.5165876777251185,shared,incident
ssh,0.8285714285714286,shared,gradual
ssh,0.48148148148148145,shared,sees
ssh,0.350210970464135,shared,condition
ssh,0.40350877192982454,shared,bow
ssh,0.415929203539823,shared,mars
ssh,1.0,a_only,du
ssh,0.5533980582524272,shared,heat
ssh,0.7679558011049724,shared,destroyer
ssh,0.3445378151260504,shared,middle
ssh,0.09215017064846416,b_only,knee
ssh,1.0,a_only,theistic
ssh,1.0,a_only,invaded
ssh,0.20300751879699247,shared,over
ssh,0.7391304347826086,shared,relating
ssh,1.0,a_only,explosive
ssh,0.5311004784688995,shared,ink
ssh,0.5311004784688995,shared,consideration
ssh,1.0,a_only,arguing
ssh,1.0,a_only,normally
ssh,0.21212121212121213,b_only,happiest
ssh,0.7486338797814208,shared,tonight
ssh,1.0,a_only,austrian
ssh,1.0,a_only,publicity
ssh,0.5686274509803921,shared,performance
ssh,0.3617021276595745,shared,foolish
ssh,1.0,a_only,contested
ssh,1.0,a_only,graduate
ssh,0.3168724279835391,shared,months
ssh,0.675392670157068,shared,pole
ssh,1.0,a_only,carboxylic
ssh,0.19850187265917604,b_only,becuz
ssh,1.0,a_only,global
ssh,1.0,a_only,jefferson
ssh,0.7391304347826086,shared,edward
ssh,0.5384615384615384,shared,receiving
ssh,1.0,a_only,similarities
ssh,1.0,a_only,dreyfus
ssh,0.2260536398467433,b_only,traversed
ssh,1.0,a_only,geographical
ssh,0.7021276595744681,shared,varied
ssh,0.18081180811808117,b_only,hugged
ssh,1.0,a_only,holidays
ssh,1.0,a_only,debut
ssh,0.47465437788018433,shared,understanding
ssh,0.12280701754385964,b_only,patience
ssh,1.0,a_only,citizenship
ssh,0.3008130081300813,shared,power
ssh,1.0,a_only,wiki
ssh,1.0,a_only,ueshiba
ssh,0.7204301075268817,shared,cash
ssh,1.0,a_only,proton
ssh,1.0,a_only,syntax
ssh,1.0,a_only,truffaut
ssh,0.5165876777251185,shared,turner
ssh,0.5763546798029556,shared,difficulties
ssh,0.675392670157068,shared,ix
ssh,0.32231404958677684,shared,letters
ssh,0.5920398009950248,shared,punch
ssh,1.0,a_only,montana
ssh,1.0,a_only,marshal
ssh,0.44144144144144143,shared,highest
ssh,1.0,a_only,historical
ssh,0.7486338797814208,shared,fold
ssh,0.21673003802281368,b_only,crimson
ssh,1.0,a_only,basketball
ssh,0.24031007751937986,shared,an
ssh,0.7204301075268817,shared,immortal
ssh,0.5023474178403756,shared,pictures
ssh,1.0,a_only,sports
ssh,1.0,a_only,cit
ssh,0.7582417582417582,shared,tallest
ssh,0.5686274509803921,shared,student
ssh,0.11498257839721254,shared,was
ssh,0.6410256410256411,shared,developed
ssh,0.5841584158415841,shared,timber
ssh,0.2260536398467433,shared,kept
ssh,1.0,a_only,annihilation
ssh,0.245136186770428,b_only,depended
ssh,0.21673003802281368,b_only,perish
ssh,0.7582417582417582,shared,deduction
ssh,1.0,a_only,classical
ssh,1.0,a_only,illustrated
ssh,0.415929203539823,shared,showing
ssh,0.3168724279835391,shared,fortune
ssh,0.6161616161616161,shared,avenue
ssh,1.0,a_only,germans
ssh,0.5165876777251185,shared,furniture
ssh,1.0,a_only,cemetery
ssh,1.0,a_only,alien
ssh,0.36752136752136755,shared,leaving
ssh,0.6931216931216931,shared,harmony
ssh,1.0,a_only,karl
ssh,1.0,a_only,terminology
ssh,0.21212121212121213,b_only,witch
ssh,1.0,a_only,firearms
ssh,0.6666666666666666,shared,isolated
ssh,1.0,a_only,function
ssh,0.11888111888111888,b_only,endeavouring
ssh,0.48148148148148145,shared,occasionally
ssh,0.30612244897959184,shared,tone
ssh,0.16363636363636364,shared,then
ssh,1.0,a_only,quebec
ssh,0.6842105263157895,shared,barrels
ssh,0.3559322033898305,shared,actually
ssh,0.5311004784688995,shared,accused
ssh,1.0,a_only,natives
ssh,1.0,a_only,cosmology
ssh,0.5841584158415841,shared,preserve
ssh,1.0,a_only,poirot
ssh,0.7204301075268817,shared,contemplation
ssh,1.0,a_only,movie
ssh,0.285140562248996,shared,am
ssh,1.0,a_only,archaeologists
ssh,0.13074204946996468,b_only,glimpse
ssh,1.0,a_only,drawings
ssh,0.1267605633802817,b_only,grim
ssh,0.1510791366906475,b_only,picking
ssh,1.0,a_only,hrer
ssh,0.24031007751937986,b_only,muffled
ssh,0.20754716981132076,b_only,whack
ssh,1.0,a_only,passive
ssh,0.675392670157068,shared,birthday
ssh,0.20754716981132076,b_only,insensible
ssh,0.675392670157068,shared,distrust
ssh,1.0,a_only,algeria
ssh,1.0,a_only,coptic
ssh,0.6410256410256411,shared,morals
ssh,1.0,a_only,epistle
ssh,1.0,a_only,hebrews
ssh,1.0,a_only,alkali
ssh,0.3168724279835391,shared,secret
ssh,0.7204301075268817,shared,smith
ssh,1.0,a_only,laureate
ssh,0.32231404958677684,shared,whose
ssh,0.245136186770428,shared,seemed
ssh,0.5311004784688995,shared,guest
ssh,1.0,a_only,encoding
ssh,0.6666666666666666,shared,originally
ssh,1.0,a_only,encyclopedia
ssh,0.6666666666666666,shared,switzerland
ssh,0.5841584158415841,shared,freely
ssh,0.21212121212121213,b_only,czarina
ssh,0.4611872146118721,shared,emerged
ssh,1.0,a_only,structural
ssh,0.22137404580152673,b_only,clapped
ssh,1.0,a_only,appreciation
ssh,0.7204301075268817,shared,critical
ssh,0.48148148148148145,shared,reality
ssh,0.5458937198067633,shared,price
ssh,0.14695340501792115,shared,on
ssh,1.0,a_only,wright
ssh,1.0,a_only,facilitate
ssh,1.0,a_only,dependency
ssh,0.23552123552123552,shared,longer
ssh,0.4349775784753363,shared,bore
ssh,0.6666666666666666,shared,wax
ssh,1.0,a_only,representative
ssh,0.25,shared,spoke
ssh,0.4611872146118721,shared,fun
ssh,1.0,a_only,asteroids
ssh,0.3445378151260504,shared,small
ssh,1.0,a_only,keyboard
ssh,0.10726643598615918,b_only,utter
ssh,1.0,a_only,denominations
ssh,1.0,a_only,baron
ssh,0.5841584158415841,shared,firmly
ssh,0.7297297297297297,shared,susan
ssh,1.0,a_only,unit
ssh,0.12280701754385964,b_only,fortnight
ssh,0.6243654822335025,shared,injuries
ssh,1.0,a_only,plastic
ssh,1.0,a_only,ber
ssh,0.5609756097560976,shared,vice
ssh,0.21673003802281368,b_only,undertaker
ssh,0.5458937198067633,shared,horrors
ssh,1.0,a_only,emperors
ssh,0.675392670157068,shared,operations
ssh,0.4222222222222222,shared,ay
ssh,0.09215017064846416,b_only,pity
ssh,1.0,a_only,controversy
ssh,0.6243654822335025,shared,asks
ssh,0.7297297297297297,shared,consumed
ssh,1.0,a_only,arminius
ssh,1.0,a_only,formations
ssh,0.1347517730496454,b_only,agitated
ssh,0.2549019607843137,shared,we
ssh,0.6580310880829016,shared,buzz
ssh,0.5533980582524272,shared,yield
ssh,0.7391304347826086,shared,frontier
ssh,0.0958904109589041,b_only,admire
ssh,0.4883720930232558,shared,energy
ssh,0.17216117216117216,b_only,momentary
ssh,1.0,a_only,marx
ssh,0.6243654822335025,shared,belonging
ssh,0.6161616161616161,shared,fewer
ssh,0.20754716981132076,b_only,11
ssh,0.19850187265917604,b_only,attendants
ssh,0.0847457627118644,b_only,carton
ssh,0.5609756097560976,shared,indifference
ssh,1.0,a_only,emma
ssh,0.16363636363636364,b_only,angrily
ssh,0.7021276595744681,shared,necessarily
ssh,1.0,a_only,operatorname
ssh,0.3168724279835391,shared,key
ssh,0.07023411371237458,b_only,sounded
ssh,0.20754716981132076,b_only,exclamation
ssh,0.415929203539823,shared,sorrow
ssh,1.0,a_only,encounters
ssh,1.0,a_only,elders
ssh,0.3008130081300813,shared,cannot
ssh,0.46788990825688076,shared,objects
ssh,0.08843537414965986,b_only,learnt
ssh,0.7112299465240641,shared,artistic
ssh,0.5763546798029556,shared,searching
ssh,0.5238095238095238,shared,series
ssh,1.0,a_only,gothic
ssh,0.4611872146118721,shared,begins
ssh,1.0,a_only,louisiana
ssh,1.0,a_only,oxidation
ssh,1.0,a_only,settings
ssh,0.797752808988764,shared,entries
ssh,0.7679558011049724,shared,muscle
ssh,0.28,shared,sometimes
ssh,0.3278008298755187,shared,words
ssh,0.5458937198067633,shared,superior
ssh,0.391304347826087,shared,tale
ssh,0.1895910780669145,b_only,swung
ssh,0.30612244897959184,shared,sat
ssh,1.0,a_only,afghans
ssh,0.6326530612244898,shared,benevolent
ssh,0.14695340501792115,b_only,brass
ssh,0.5311004784688995,shared,whoever
ssh,0.09215017064846416,b_only,haunted
ssh,0.6842105263157895,shared,dealing
ssh,0.48148148148148145,shared,actress
ssh,0.6666666666666666,shared,slain
ssh,0.5920398009950248,shared,hay
ssh,1.0,a_only,contribution
ssh,1.0,a_only,risks
ssh,1.0,a_only,fairbanks
ssh,0.7877094972067039,shared,philosopher
ssh,1.0,a_only,spontaneous
ssh,1.0,a_only,quad
ssh,0.46788990825688076,shared,hidden
ssh,0.6666666666666666,shared,astonishing
ssh,1.0,a_only,maintained
ssh,0.08843537414965986,b_only,solemnly
ssh,0.09215017064846416,shared,with
ssh,0.6326530612244898,shared,sovereign
ssh,0.22137404580152673,b_only,24
ssh,1.0,a_only,radical
ssh,0.5384615384615384,shared,inn
ssh,0.11888111888111888,b_only,shirt
ssh,0.391304347826087,shared,signs
ssh,0.5384615384615384,shared,wounded
ssh,0.6580310880829016,shared,realize
ssh,0.6931216931216931,shared,selection
ssh,0.6494845360824743,shared,recognize
ssh,1.0,a_only,mackenzie
ssh,0.5311004784688995,shared,ending
ssh,0.6580310880829016,shared,granted
ssh,0.675392670157068,shared,territory
ssh,0.7582417582417582,shared,assertion
ssh,0.19850187265917604,b_only,tootles
ssh,1.0,a_only,bce
ssh,0.8390804597701149,shared,frogs
ssh,0.7021276595744681,shared,tune
ssh,0.6842105263157895,shared,saxon
ssh,1.0,a_only,icelandic
ssh,0.4883720930232558,shared,loose
ssh,0.4349775784753363,shared,doesn
ssh,0.6326530612244898,shared,instructions
ssh,0.1111111111111111,b_only,indifferent
ssh,0.48148148148148145,shared,delicate
ssh,0.7112299465240641,shared,introducing
ssh,0.7297297297297297,shared,ridges
ssh,1.0,a_only,unified
ssh,1.0,a_only,andr
ssh,0.6161616161616161,shared,indicated
ssh,1.0,a_only,aluminum
ssh,0.1387900355871886,shared,at
ssh,1.0,a_only,females
ssh,0.17647058823529413,b_only,dasn
ssh,1.0,a_only,gravitational
ssh,0.059602649006622516,b_only,sorry
ssh,0.7777777777777778,shared,bodily
ssh,1.0,a_only,episodes
ssh,1.0,a_only,traveled
ssh,0.5023474178403756,shared,thou
ssh,1.0,a_only,financial
ssh,0.5841584158415841,shared,poverty
ssh,0.5763546798029556,shared,prevailed
ssh,0.3852813852813853,shared,absence
ssh,0.16363636363636364,b_only,repeating
ssh,0.19402985074626866,b_only,holmwood
ssh,0.7297297297297297,shared,commonly
ssh,0.7204301075268817,shared,gravel
ssh,1.0,a_only,opponent
ssh,1.0,a_only,epidemic
ssh,0.11888111888111888,b_only,harker
ssh,0.18081180811808117,b_only,eloquent
ssh,1.0,a_only,concertos
ssh,0.7297297297297297,shared,observer
ssh,0.797752808988764,shared,priest
ssh,0.6,shared,refuge
ssh,1.0,a_only,sanskrit
ssh,1.0,a_only,comparable
ssh,0.5023474178403756,shared,assisted
ssh,1.0,a_only,unions
ssh,1.0,a_only,abdominal
ssh,1.0,a_only,quantum
ssh,1.0,a_only,orbits
ssh,1.0,a_only,jos
ssh,0.32231404958677684,shared,private
ssh,1.0,a_only,liberation
ssh,0.3559322033898305,shared,three
ssh,1.0,a_only,code
ssh,0.46788990825688076,shared,choice
ssh,0.3333333333333333,shared,latter
ssh,0.08108108108108109,b_only,eagerly
ssh,1.0,a_only,unsuccessful
ssh,1.0,a_only,macedonian
ssh,0.3008130081300813,shared,listened
ssh,0.6842105263157895,shared,destination
ssh,0.7021276595744681,shared,benefit
ssh,1.0,a_only,derivation
ssh,0.29554655870445345,shared,post
ssh,1.0,a_only,website
ssh,0.19850187265917604,b_only,persuasion
ssh,0.09215017064846416,b_only,heels
ssh,0.10344827586206896,b_only,temper
ssh,0.7679558011049724,shared,survived
ssh,0.7582417582417582,shared,yielding
ssh,1.0,a_only,si
ssh,1.0,a_only,sided
ssh,0.6931216931216931,shared,exceeding
ssh,0.4883720930232558,shared,inspector
ssh,0.2749003984063745,shared,started
ssh,0.5458937198067633,shared,pursuit
ssh,0.415929203539823,shared,forty
ssh,1.0,a_only,linebacker
ssh,1.0,a_only,ethiopia
ssh,1.0,a_only,lyon
ssh,0.245136186770428,shared,sound
ssh,0.42857142857142855,shared,sufficient
ssh,0.350210970464135,shared,honest
ssh,1.0,a_only,tons
ssh,0.7021276595744681,shared,complaint
ssh,0.5094339622641509,shared,introduce
ssh,0.39737991266375544,shared,fate
ssh,0.6494845360824743,shared,chemical
ssh,1.0,a_only,optical
ssh,1.0,a_only,libertarian
ssh,0.1347517730496454,b_only,stiff
ssh,1.0,a_only,odysseus
ssh,0.7021276595744681,shared,guardian
ssh,0.2903225806451613,shared,beyond
ssh,0.8181818181818182,shared,improvements
ssh,1.0,a_only,amethyst
ssh,0.39737991266375544,shared,catch
ssh,0.6243654822335025,shared,scholars
ssh,0.32231404958677684,shared,second
ssh,1.0,a_only,legally
ssh,0.30612244897959184,shared,de
ssh,0.09215017064846416,b_only,mock
ssh,1.0,a_only,kubrick
ssh,0.42857142857142855,shared,caused
ssh,1.0,a_only,butane
ssh,0.44144144144144143,shared,laying
ssh,1.0,a_only,cardinal
ssh,0.5763546798029556,shared,dates
ssh,0.6,shared,languages
ssh,1.0,a_only,secession
ssh,0.47465437788018433,shared,excitement
ssh,0.08108108108108109,b_only,supper
ssh,0.5311004784688995,shared,murderer
ssh,0.44144144144144143,shared,safety
ssh,1.0,a_only,elected
ssh,0.20754716981132076,b_only,drownded
ssh,1.0,a_only,scott
ssh,0.39737991266375544,shared,golden
ssh,0.7679558011049724,shared,hurricane
ssh,0.6,shared,bars
ssh,0.675392670157068,shared,sending
ssh,0.25984251968503935,shared,don
ssh,1.0,a_only,printing
ssh,0.6842105263157895,shared,esteem
ssh,0.797752808988764,shared,presentation
ssh,0.4953271028037383,shared,sweep
ssh,0.46788990825688076,shared,driver
ssh,0.5841584158415841,shared,barrier
ssh,0.7582417582417582,shared,holt
ssh,1.0,a_only,enlightenment
ssh,0.3793103448275862,shared,fresh
ssh,0.5686274509803921,shared,studying
ssh,0.5458937198067633,shared,dusk
ssh,1.0,a_only,das
ssh,0.19402985074626866,b_only,tramp
ssh,0.7112299465240641,shared,policy
ssh,0.2648221343873518,shared,ve
ssh,0.675392670157068,shared,expense
ssh,0.18081180811808117,b_only,peering
ssh,0.2903225806451613,shared,certain
ssh,0.3333333333333333,shared,solemn
ssh,0.45454545454545453,shared,missed
ssh,1.0,a_only,trans
ssh,0.13074204946996468,b_only,screamed
ssh,1.0,a_only,parity
ssh,1.0,a_only,defining
ssh,0.285140562248996,shared,fell
ssh,0.4349775784753363,shared,beat
ssh,0.6580310880829016,shared,abode
ssh,1.0,a_only,theorists
ssh,1.0,a_only,unmanned
ssh,1.0,a_only,arius
ssh,1.0,a_only,messagepad
ssh,1.0,a_only,bruce
ssh,0.37339055793991416,shared,grow
ssh,1.0,a_only,petroleum
ssh,1.0,a_only,synod
ssh,1.0,a_only,richardson
ssh,1.0,a_only,technology
ssh,0.7204301075268817,shared,robinson
ssh,0.24031007751937986,b_only,pausing
ssh,0.6842105263157895,shared,xi
ssh,0.675392670157068,shared,boot
ssh,0.20300751879699247,b_only,shire
ssh,1.0,a_only,exiled
ssh,0.7391304347826086,shared,aisles
ssh,0.21212121212121213,shared,off
ssh,0.6666666666666666,shared,partial
ssh,0.6580310880829016,shared,specimen
ssh,1.0,a_only,ambrosia
ssh,1.0,a_only,anarchy
ssh,1.0,a_only,oriental
ssh,0.4349775784753363,shared,acquainted
ssh,0.797752808988764,shared,dot
ssh,0.5533980582524272,shared,kitchen
ssh,0.6580310880829016,shared,offers
ssh,1.0,a_only,creative
ssh,0.7391304347826086,shared,manuscript
ssh,1.0,a_only,supporting
ssh,0.6494845360824743,shared,openly
ssh,1.0,a_only,ancestor
ssh,0.6494845360824743,shared,disposal
ssh,1.0,a_only,benedict
ssh,0.6666666666666666,shared,sailors
ssh,0.2749003984063745,shared,seen
ssh,1.0,a_only,armenia
ssh,0.7391304347826086,shared,washington
ssh,0.8181818181818182,shared,hardy
ssh,0.4479638009049774,shared,narrow
ssh,0.08843537414965986,b_only,misery
ssh,1.0,a_only,alexandria
ssh,0.37339055793991416,shared,ceased
ssh,0.5094339622641509,shared,rights
ssh,0.391304347826087,shared,unconscious
ssh,0.11888111888111888,b_only,contempt
ssh,0.0958904109589041,b_only,rang
ssh,0.25984251968503935,shared,not
ssh,0.6580310880829016,shared,burial
ssh,1.0,a_only,disability
ssh,0.6243654822335025,shared,balls
ssh,1.0,a_only,peninsula
ssh,0.17216117216117216,b_only,hastened
ssh,0.5609756097560976,shared,faithful
ssh,0.5458937198067633,shared,disappearance
ssh,1.0,a_only,sooty
ssh,1.0,a_only,pop
ssh,0.10344827586206896,b_only,trifle
ssh,0.807909604519774,shared,voluntary
ssh,1.0,a_only,restaurants
ssh,0.20754716981132076,b_only,glided
ssh,0.6494845360824743,shared,greedy
ssh,0.48148148148148145,shared,deck
ssh,0.6666666666666666,shared,extra
ssh,1.0,a_only,missions
ssh,0.6080402010050251,shared,trunk
ssh,0.2749003984063745,shared,lips
ssh,1.0,a_only,wales
ssh,0.7679558011049724,shared,tunnel
ssh,0.5686274509803921,shared,presents
ssh,0.3793103448275862,shared,regular
ssh,0.4479638009049774,shared,satisfaction
ssh,0.6243654822335025,shared,players
ssh,0.09215017064846416,b_only,swear
ssh,0.5533980582524272,shared,profound
ssh,1.0,a_only,transfer
ssh,0.4883720930232558,shared,argument
ssh,1.0,a_only,eros
ssh,0.4883720930232558,shared,buried
ssh,0.3114754098360656,shared,fashion
ssh,0.6580310880829016,shared,premises
ssh,0.18081180811808117,b_only,spectacles
ssh,0.25,shared,having
ssh,1.0,a_only,aromatic
ssh,0.7297297297297297,shared,addresses
ssh,0.7112299465240641,shared,dwelt
ssh,0.3278008298755187,shared,dressed
ssh,1.0,a_only,decreasing
ssh,0.45454545454545453,shared,remains
ssh,0.3852813852813853,shared,search
ssh,1.0,a_only,reports
ssh,0.7777777777777778,shared,massacre
ssh,0.1387900355871886,b_only,oppressed
ssh,1.0,a_only,conquest
ssh,1.0,a_only,planet
ssh,0.285140562248996,shared,church
ssh,0.2260536398467433,b_only,clouded
ssh,1.0,a_only,gibson
ssh,0.7777777777777778,shared,confer
ssh,1.0,a_only,fuels
ssh,1.0,a_only,player
ssh,0.0847457627118644,b_only,crept
ssh,1.0,a_only,augustine
ssh,1.0,a_only,synthetic
ssh,0.6842105263157895,shared,appearances
ssh,1.0,a_only,rice
ssh,0.7582417582417582,shared,experiments
ssh,0.3114754098360656,shared,courage
ssh,1.0,a_only,aidan
ssh,1.0,a_only,personnel
ssh,0.5094339622641509,shared,pull
ssh,0.21673003802281368,b_only,recollections
ssh,1.0,a_only,graph
ssh,0.6326530612244898,shared,extensive
ssh,1.0,a_only,portrayal
ssh,1.0,a_only,investment
ssh,0.5311004784688995,shared,consciousness
ssh,0.7391304347826086,shared,freed
ssh,1.0,a_only,libel
ssh,0.1678832116788321,b_only,wash
ssh,1.0,a_only,boris
ssh,1.0,a_only,henri
ssh,0.7582417582417582,shared,halting
ssh,1.0,a_only,factors
ssh,0.5920398009950248,shared,assistant
ssh,1.0,a_only,occurring
ssh,0.3114754098360656,shared,prison
ssh,1.0,a_only,assistive
ssh,0.07744107744107744,b_only,tellson
ssh,0.7021276595744681,shared,destroying
ssh,1.0,a_only,interestingly
ssh,1.0,a_only,pianist
ssh,0.285140562248996,shared,arthur
ssh,1.0,a_only,euclidean
ssh,0.6931216931216931,shared,sums
ssh,1.0,a_only,super
ssh,0.7486338797814208,shared,phase
ssh,0.8285714285714286,shared,acres
ssh,0.19850187265917604,b_only,worm
ssh,0.7021276595744681,shared,jew
ssh,0.22137404580152673,b_only,whoop
ssh,1.0,a_only,babbage
ssh,0.6580310880829016,shared,realised
ssh,0.7679558011049724,shared,justify
ssh,1.0,a_only,antarctic
ssh,0.5841584158415841,shared,western
ssh,0.5238095238095238,shared,swim
ssh,0.14695340501792115,b_only,polite
ssh,0.6161616161616161,shared,correspondence
ssh,0.09965635738831616,b_only,curtain
ssh,1.0,a_only,croatian
ssh,0.7582417582417582,shared,addison
ssh,0.5533980582524272,shared,preparing
ssh,1.0,a_only,capitalist
ssh,0.7582417582417582,shared,lawrence
ssh,1.0,a_only,markov
ssh,1.0,a_only,inventors
ssh,1.0,a_only,implies
ssh,1.0,a_only,classified
ssh,1.0,a_only,team
ssh,0.5920398009950248,shared,valued
ssh,1.0,a_only,bombing
ssh,0.7021276595744681,shared,possessing
ssh,0.4611872146118721,shared,marks
ssh,1.0,a_only,atomic
ssh,1.0,a_only,gesch
ssh,0.6494845360824743,shared,drug
ssh,0.797752808988764,shared,poets
ssh,1.0,a_only,theology
ssh,0.5023474178403756,shared,coffee
ssh,0.7777777777777778,shared,unite
ssh,0.39737991266375544,shared,younger
ssh,0.4953271028037383,shared,rank
ssh,0.29554655870445345,shared,brought
ssh,1.0,a_only,reserves
ssh,0.5609756097560976,shared,alley
ssh,0.6161616161616161,shared,fools
ssh,1.0,a_only,equator
ssh,0.5311004784688995,shared,incapable
ssh,1.0,a_only,hephaestus
ssh,1.0,a_only,systematic
ssh,0.7391304347826086,shared,engage
ssh,0.6243654822335025,shared,neighbouring
ssh,1.0,a_only,anguilla
ssh,0.7297297297297297,shared,attain
ssh,0.10726643598615918,b_only,tuesday
ssh,0.7297297297297297,shared,statements
ssh,1.0,a_only,ch
ssh,1.0,a_only,developments
ssh,0.7486338797814208,shared,architecture
ssh,1.0,a_only,followers
ssh,1.0,a_only,dinosaur
ssh,0.2698412698412698,shared,step
ssh,0.46788990825688076,shared,violence
ssh,0.21212121212121213,b_only,shiver
ssh,0.20300751879699247,b_only,walrus
ssh,0.7877094972067039,shared,gifts
ssh,0.1111111111111111,b_only,darnay
ssh,0.7297297297297297,shared,bullet
ssh,0.6,shared,apartment
ssh,0.5094339622641509,shared,july
ssh,0.285140562248996,shared,morning
ssh,1.0,a_only,gear
ssh,0.6842105263157895,shared,everlasting
ssh,0.48148148148148145,shared,storm
ssh,1.0,a_only,habsburg
ssh,0.675392670157068,shared,spark
ssh,0.1678832116788321,b_only,dat
ssh,0.45454545454545453,shared,lower
ssh,0.5609756097560976,shared,religious
ssh,1.0,a_only,protestants
ssh,1.0,a_only,apl
ssh,1.0,a_only,suburbs
ssh,1.0,a_only,sartre
ssh,1.0,a_only,media
ssh,0.5609756097560976,shared,preserved
ssh,0.6080402010050251,shared,trivial
ssh,1.0,a_only,noteworthy
ssh,0.32231404958677684,shared,peter
ssh,0.28,shared,desire
ssh,0.21212121212121213,b_only,gaily
ssh,0.6326530612244898,shared,latest
ssh,0.24031007751937986,shared,warn
ssh,0.5165876777251185,shared,baby
ssh,0.5023474178403756,shared,families
ssh,0.36752136752136755,shared,mistake
ssh,1.0,a_only,apocrypha
ssh,0.21212121212121213,b_only,eliza
ssh,1.0,a_only,augustus
ssh,0.3559322033898305,shared,prepared
ssh,1.0,a_only,nationality
ssh,0.09965635738831616,b_only,reckon
ssh,0.1347517730496454,b_only,natured
ssh,1.0,a_only,kalashnikov
ssh,1.0,a_only,meaningless
ssh,1.0,a_only,doubleday
ssh,0.5165876777251185,shared,consent
ssh,0.6326530612244898,shared,carved
ssh,0.40350877192982454,shared,rolled
ssh,0.5023474178403756,shared,older
ssh,1.0,a_only,adoption
ssh,0.6494845360824743,shared,shared
ssh,1.0,a_only,scoring
ssh,0.1678832116788321,b_only,exertion
ssh,0.6,shared,motion
ssh,0.39737991266375544,shared,spring
ssh,1.0,a_only,differences
ssh,0.7391304347826086,shared,assent
ssh,1.0,a_only,ak
ssh,0.23076923076923078,b_only,slate
ssh,0.12280701754385964,b_only,amazed
ssh,0.10726643598615918,shared,a
ssh,0.5920398009950248,shared,petition
ssh,0.285140562248996,shared,self
ssh,0.20300751879699247,b_only,heaps
ssh,0.2260536398467433,shared,quite
ssh,0.2549019607843137,shared,suppose
ssh,1.0,a_only,acids
ssh,1.0,a_only,anarchism
ssh,1.0,a_only,parliament
ssh,0.7297297297297297,shared,consul
ssh,0.7777777777777778,shared,grain
ssh,1.0,a_only,indo
ssh,1.0,a_only,volumes
ssh,0.5458937198067633,shared,vessel
ssh,1.0,a_only,farming
ssh,1.0,a_only,champions
ssh,1.0,a_only,abraham
ssh,1.0,a_only,chadic
ssh,0.5686274509803921,shared,scientific
ssh,0.09215017064846416,b_only,shuddered
ssh,0.5238095238095238,shared,smell
ssh,0.3852813852813853,shared,blow
ssh,0.7021276595744681,shared,eighty
ssh,1.0,a_only,pronunciation
ssh,0.6842105263157895,shared,harshly
ssh,0.5238095238095238,shared,successful
ssh,1.0,a_only,armies
ssh,1.0,a_only,reformation
ssh,0.08843537414965986,b_only,becky
ssh,0.19402985074626866,b_only,extinguished
ssh,1.0,a_only,trophy
ssh,0.1267605633802817,b_only,intend
ssh,1.0,a_only,portuguese
ssh,0.7021276595744681,shared,prosperity
ssh,1.0,a_only,modification
ssh,0.7204301075268817,shared,dominant
ssh,1.0,a_only,amphibians
ssh,0.6494845360824743,shared,separation
ssh,1.0,a_only,obtaining
ssh,0.5094339622641509,shared,employed
ssh,0.6931216931216931,shared,solve
ssh,0.245136186770428,shared,nor
ssh,0.47465437788018433,shared,fever
ssh,0.3445378151260504,shared,shadows
ssh,1.0,a_only,oceans
ssh,1.0,a_only,integrated
ssh,0.5023474178403756,shared,loves
ssh,0.6666666666666666,shared,brutal
ssh,0.4349775784753363,shared,resolution
ssh,1.0,a_only,eclipsed
ssh,1.0,a_only,airlines
ssh,0.30612244897959184,shared,merely
ssh,0.46788990825688076,shared,pool
ssh,0.7021276595744681,shared,adding
ssh,0.40969162995594716,shared,headed
ssh,0.47465437788018433,shared,probable
ssh,1.0,a_only,acacia
ssh,1.0,a_only,columbus
ssh,0.25,shared,put
ssh,0.7582417582417582,shared,anticipated
ssh,1.0,a_only,dementia
ssh,0.6931216931216931,shared,xxvi
ssh,0.4953271028037383,shared,sell
ssh,0.5094339622641509,shared,refused
ssh,0.1267605633802817,b_only,waking
ssh,1.0,a_only,jesus
ssh,1.0,a_only,florida
ssh,0.2903225806451613,shared,companion
ssh,0.47465437788018433,shared,row
ssh,0.23076923076923078,shared,when
ssh,0.4883720930232558,shared,changes
ssh,0.6931216931216931,shared,trained
ssh,0.30612244897959184,shared,ways
ssh,0.6080402010050251,shared,absent
ssh,0.6842105263157895,shared,enterprise
ssh,0.2260536398467433,b_only,comply
ssh,0.47465437788018433,shared,date
ssh,1.0,a_only,adelaide
ssh,0.7582417582417582,shared,communications
ssh,1.0,a_only,jurisdictions
ssh,0.20300751879699247,b_only,sleeps
ssh,0.6931216931216931,shared,exceptional
ssh,1.0,a_only,substitution
ssh,1.0,a_only,fauna
ssh,0.30612244897959184,shared,fixed
ssh,0.3168724279835391,shared,fast
ssh,0.20754716981132076,b_only,precaution
ssh,1.0,a_only,undertaken
ssh,1.0,a_only,participate
ssh,0.6842105263157895,shared,drunken
ssh,0.7204301075268817,shared,university
ssh,0.6080402010050251,shared,proposal
ssh,1.0,a_only,patrick
ssh,1.0,a_only,bellows
ssh,1.0,a_only,ce
ssh,1.0,a_only,charlemagne
ssh,0.20754716981132076,b_only,sails
ssh,0.1895910780669145,b_only,busted
ssh,0.245136186770428,shared,live
ssh,0.28,shared,later
ssh,0.6666666666666666,shared,mistress
ssh,0.2749003984063745,shared,entered
ssh,1.0,a_only,imperium
ssh,0.5763546798029556,shared,pouring
ssh,0.5165876777251185,shared,china
ssh,0.5311004784688995,shared,battle
ssh,1.0,a_only,alcuin
ssh,0.7021276595744681,shared,insufficient
ssh,1.0,a_only,formulas
ssh,1.0,a_only,operated
ssh,0.3793103448275862,shared,hare
ssh,0.0958904109589041,b_only,disappointment
ssh,0.20754716981132076,shared,had
ssh,0.6326530612244898,shared,invisible
ssh,1.0,a_only,florence
ssh,0.7777777777777778,shared,research
ssh,1.0,a_only,machines
ssh,1.0,a_only,edmonton
ssh,0.5763546798029556,shared,youngest
ssh,0.4349775784753363,shared,souls
ssh,1.0,a_only,functions
ssh,0.5023474178403756,shared,bark
ssh,0.6410256410256411,shared,recognise
ssh,1.0,a_only,iliad
ssh,1.0,a_only,notation
ssh,0.5763546798029556,shared,speedily
ssh,0.1552346570397112,b_only,bewildered
ssh,1.0,a_only,treaty
ssh,1.0,a_only,theaters
ssh,0.4611872146118721,shared,intent
ssh,0.6326530612244898,shared,imprisonment
ssh,0.5311004784688995,shared,club
ssh,0.25984251968503935,shared,talking
ssh,1.0,a_only,flourished
ssh,0.6580310880829016,shared,foam
ssh,1.0,a_only,arab
ssh,0.12280701754385964,b_only,thread
ssh,0.6243654822335025,shared,sang
ssh,0.4883720930232558,shared,revenge
ssh,0.4349775784753363,shared,beloved
ssh,0.6,shared,attachment
ssh,1.0,a_only,austro
ssh,0.0958904109589041,b_only,fix
ssh,0.5533980582524272,shared,determine
ssh,0.6842105263157895,shared,giant
ssh,1.0,a_only,squealer
ssh,0.28,shared,table
ssh,0.3445378151260504,shared,enter
ssh,0.5763546798029556,shared,port
ssh,1.0,a_only,despite
ssh,0.7112299465240641,shared,poet
ssh,0.40969162995594716,shared,attended
ssh,0.47465437788018433,shared,concept
ssh,1.0,a_only,tim
ssh,0.7486338797814208,shared,notable
ssh,0.5165876777251185,shared,lawyer
ssh,1.0,a_only,protestant
ssh,1.0,a_only,tourist
ssh,1.0,a_only,competitive
ssh,0.11498257839721254,b_only,utmost
ssh,0.5384615384615384,shared,june
ssh,0.5609756097560976,shared,scratch
ssh,0.30612244897959184,shared,uncle
ssh,0.6931216931216931,shared,schools
ssh,0.19402985074626866,b_only,solemnity
ssh,0.3168724279835391,shared,family
ssh,0.3168724279835391,shared,same
ssh,0.5686274509803921,shared,endeavour
ssh,0.1552346570397112,b_only,lunatic
ssh,0.8390804597701149,shared,porter
ssh,0.4611872146118721,shared,violent
ssh,0.11888111888111888,b_only,awhile
ssh,0.8181818181818182,shared,index
ssh,0.7021276595744681,shared,instruction
ssh,1.0,a_only,franco
ssh,1.0,a_only,bc
ssh,0.7391304347826086,shared,expanded
ssh,0.09965635738831616,b_only,gracious
ssh,0.22137404580152673,b_only,flames
ssh,0.5094339622641509,shared,direct
ssh,1.0,a_only,linear
ssh,1.0,a_only,definitive
ssh,0.40350877192982454,shared,sydney
ssh,1.0,a_only,thereafter
ssh,0.21673003802281368,b_only,trifling
ssh,1.0,a_only,microsoft
ssh,1.0,a_only,complicated
ssh,1.0,a_only,anderson
ssh,1.0,a_only,proto
ssh,1.0,a_only,massachusetts
ssh,0.5238095238095238,shared,suspicious
ssh,1.0,a_only,aikido
ssh,0.2903225806451613,shared,son
ssh,0.6494845360824743,shared,appealing
ssh,0.7204301075268817,shared,innumerable
ssh,0.09965635738831616,b_only,wretched
ssh,0.3852813852813853,shared,regard
ssh,0.797752808988764,shared,metallic
ssh,0.5165876777251185,shared,float
ssh,0.807909604519774,shared,directing
ssh,0.4222222222222222,shared,hole
ssh,0.7679558011049724,shared,ruled
ssh,0.5094339622641509,shared,machine
ssh,0.42857142857142855,shared,counter
ssh,0.7391304347826086,shared,rests
ssh,1.0,a_only,alchemy
ssh,0.4953271028037383,shared,features
ssh,1.0,a_only,objectivism
ssh,0.5384615384615384,shared,studied
ssh,0.13074204946996468,b_only,chairs
ssh,0.17216117216117216,b_only,conjecture
ssh,1.0,a_only,hayek
ssh,0.391304347826087,shared,chief
ssh,0.0958904109589041,b_only,goodness
ssh,1.0,a_only,exclusively
ssh,0.4611872146118721,shared,burst
ssh,1.0,a_only,airports
ssh,0.4222222222222222,shared,relief
ssh,1.0,a_only,involves
ssh,1.0,a_only,uterus
ssh,0.6494845360824743,shared,robin
ssh,0.39737991266375544,shared,claim
ssh,1.0,a_only,stilicho
ssh,0.25984251968503935,shared,chapter
ssh,0.5094339622641509,shared,refuse
ssh,1.0,a_only,documented
ssh,1.0,a_only,egyptian
ssh,0.40350877192982454,shared,conduct
ssh,0.09965635738831616,b_only,polly
ssh,0.7391304347826086,shared,duncan
ssh,1.0,a_only,popularity
ssh,0.2648221343873518,shared,box
ssh,0.12280701754385964,b_only,floated
ssh,0.6243654822335025,shared,error
ssh,0.19850187265917604,b_only,ecstasy
ssh,1.0,a_only,aristotle
ssh,0.4479638009049774,shared,mixed
ssh,1.0,a_only,alpaca
ssh,0.5763546798029556,shared,relation
ssh,0.675392670157068,shared,fed
ssh,1.0,a_only,essay
ssh,0.5841584158415841,shared,incidents
ssh,0.22137404580152673,b_only,housekeeper
ssh,0.25,b_only,rag
ssh,1.0,a_only,default
ssh,1.0,a_only,communion
ssh,0.30612244897959184,shared,towards
ssh,0.5686274509803921,shared,opera
ssh,1.0,a_only,schweitzer
ssh,0.5686274509803921,shared,lack
ssh,0.3008130081300813,shared,lay
ssh,0.30612244897959184,shared,hurt
ssh,1.0,a_only,annexation
ssh,1.0,a_only,extant
ssh,1.0,a_only,ashoka
ssh,0.6410256410256411,shared,experiment
ssh,0.0738255033557047,b_only,eyebrows
ssh,0.36752136752136755,shared,writing
ssh,0.675392670157068,shared,sheer
ssh,1.0,a_only,businesses
ssh,0.21673003802281368,b_only,tumbrils
ssh,1.0,a_only,claiming
ssh,0.46788990825688076,shared,geneva
ssh,1.0,a_only,barry
ssh,1.0,a_only,delegates
ssh,1.0,a_only,spacecraft
ssh,0.6,shared,mirror
ssh,0.1678832116788321,b_only,risen
ssh,0.797752808988764,shared,additions
ssh,0.2698412698412698,shared,while
ssh,0.6931216931216931,shared,symptoms
ssh,0.7582417582417582,shared,fee
ssh,0.7391304347826086,shared,philosophers
ssh,0.19402985074626866,b_only,traps
ssh,1.0,a_only,riots
ssh,0.675392670157068,shared,auction
ssh,0.7777777777777778,shared,accidents
ssh,0.2903225806451613,shared,against
ssh,0.7877094972067039,shared,cultivated
ssh,1.0,a_only,winners
ssh,0.21212121212121213,b_only,affections
ssh,0.29554655870445345,shared,answer
ssh,0.17216117216117216,b_only,coronet
ssh,0.6080402010050251,shared,banking
ssh,1.0,a_only,nominee
ssh,1.0,a_only,talmud
ssh,0.5841584158415841,shared,cloth
ssh,0.21212121212121213,b_only,boast
ssh,1.0,a_only,musicians
ssh,0.4883720930232558,shared,travelling
ssh,0.6161616161616161,shared,protested
ssh,0.7582417582417582,shared,edmund
ssh,0.6410256410256411,shared,finest
ssh,1.0,a_only,vertical
ssh,0.4883720930232558,shared,aspect
ssh,1.0,a_only,depicting
ssh,1.0,a_only,alternate
ssh,1.0,a_only,diving
ssh,1.0,a_only,speakers
ssh,0.6931216931216931,shared,publicly
ssh,1.0,a_only,pre
ssh,1.0,a_only,settlement
ssh,1.0,a_only,asparagales
ssh,0.15942028985507245,b_only,roar
ssh,0.7679558011049724,shared,geography
ssh,1.0,a_only,verb
ssh,1.0,a_only,roland
ssh,1.0,a_only,markets
ssh,0.2648221343873518,shared,send
ssh,1.0,a_only,explorers
ssh,1.0,a_only,axis
ssh,1.0,a_only,linebackers
ssh,0.7486338797814208,shared,closest
ssh,0.2698412698412698,shared,very
ssh,0.4611872146118721,shared,observation
ssh,1.0,a_only,temperate
ssh,1.0,a_only,solutions
ssh,0.350210970464135,shared,confidence
ssh,1.0,a_only,jobs
ssh,1.0,a_only,connecting
ssh,0.22137404580152673,b_only,hoarsely
ssh,1.0,a_only,aq
ssh,1.0,a_only,valid
ssh,0.20754716981132076,b_only,motionless
ssh,0.7204301075268817,shared,games
ssh,1.0,a_only,hydrocarbons
ssh,1.0,a_only,arctic
ssh,1.0,a_only,organic
ssh,0.5094339622641509,shared,beast
ssh,0.5165876777251185,shared,stern
ssh,0.2903225806451613,shared,allowed
ssh,1.0,a_only,ethiopic
ssh,1.0,a_only,businessman
ssh,0.18518518518518517,b_only,knitted
ssh,1.0,a_only,percent
ssh,0.24031007751937986,b_only,shrink
ssh,1.0,a_only,hughes
ssh,1.0,a_only,amounts
ssh,1.0,a_only,americium
ssh,0.2549019607843137,shared,hope
ssh,0.1678832116788321,b_only,needn
ssh,1.0,a_only,tract
ssh,1.0,a_only,uss
ssh,1.0,a_only,syndrome
ssh,0.7486338797814208,shared,preservation
ssh,0.3389121338912134,shared,success
ssh,1.0,a_only,facial
ssh,0.7679558011049724,shared,referring
ssh,1.0,a_only,donald
ssh,0.6494845360824743,shared,earn
ssh,0.7112299465240641,shared,negro
ssh,0.06312292358803986,b_only,dinner
ssh,1.0,a_only,symmetry
ssh,1.0,a_only,loosely
ssh,0.5533980582524272,shared,altered
ssh,0.8285714285714286,shared,alert
ssh,0.5763546798029556,shared,strict
ssh,1.0,a_only,infected
ssh,0.7204301075268817,shared,curves
ssh,1.0,a_only,congressional
ssh,1.0,a_only,trend
ssh,1.0,a_only,ron
ssh,1.0,a_only,economics
ssh,0.3793103448275862,shared,gathered
ssh,1.0,a_only,princess
ssh,1.0,a_only,wartime
ssh,0.797752808988764,shared,handing
ssh,0.14285714285714285,b_only,warmly
ssh,0.6326530612244898,shared,populace
ssh,0.46788990825688076,shared,fields
ssh,1.0,a_only,percentage
ssh,1.0,a_only,gregory
ssh,0.09965635738831616,b_only,glad
ssh,0.3389121338912134,shared,allow
ssh,0.5458937198067633,shared,attend
ssh,1.0,a_only,commerce
ssh,0.10344827586206896,b_only,laughter
ssh,0.32231404958677684,shared,almost
ssh,1.0,a_only,ammonia
ssh,0.21673003802281368,b_only,chateau
ssh,1.0,a_only,federal
ssh,0.6326530612244898,shared,steel
ssh,1.0,a_only,vesta
ssh,0.3793103448275862,shared,mention
ssh,0.7204301075268817,shared,deference
ssh,0.5458937198067633,shared,tight
ssh,1.0,a_only,ranking
ssh,0.1267605633802817,b_only,tink
ssh,0.6580310880829016,shared,inhabit
ssh,1.0,a_only,propagation
ssh,0.5023474178403756,shared,accounts
ssh,0.5920398009950248,shared,deeper
ssh,1.0,a_only,gasoline
ssh,0.20300751879699247,b_only,vexed
ssh,0.5609756097560976,shared,mortal
ssh,1.0,a_only,grouped
ssh,0.5533980582524272,shared,traced
ssh,0.675392670157068,shared,calculated
ssh,0.7391304347826086,shared,thorough
ssh,0.23076923076923078,b_only,spies
ssh,1.0,a_only,electricity
ssh,0.6161616161616161,shared,texas
ssh,1.0,a_only,humanitarian
ssh,0.5841584158415841,shared,cure
ssh,0.21673003802281368,b_only,mos
ssh,0.7582417582417582,shared,ranged
ssh,1.0,a_only,omotic
ssh,1.0,a_only,collaboration
ssh,0.6666666666666666,shared,interval
ssh,0.6666666666666666,shared,surveyed
ssh,1.0,a_only,wells
ssh,0.7777777777777778,shared,berkeley
ssh,0.28,shared,person
ssh,0.20300751879699247,b_only,crucifix
ssh,0.20754716981132076,b_only,mast
ssh,0.7112299465240641,shared,text
ssh,1.0,a_only,vladimir
ssh,0.10344827586206896,b_only,bet
ssh,0.37339055793991416,shared,situation
ssh,1.0,a_only,benedictine
ssh,0.350210970464135,shared,produced
ssh,1.0,a_only,volunteers
ssh,1.0,a_only,greeks
ssh,0.24031007751937986,b_only,brooding
ssh,0.47465437788018433,shared,restored
ssh,0.1678832116788321,b_only,silas
ssh,0.7486338797814208,shared,bears
ssh,1.0,a_only,ivan
ssh,0.7679558011049724,shared,stops
ssh,0.7391304347826086,shared,rocky
ssh,0.20754716981132076,b_only,copying
ssh,1.0,a_only,collections
ssh,0.5023474178403756,shared,guide
ssh,0.6931216931216931,shared,sarah
ssh,0.07744107744107744,b_only,hush
ssh,0.11498257839721254,b_only,thither
ssh,1.0,a_only,battles
ssh,0.3333333333333333,shared,terror
ssh,0.0958904109589041,b_only,wolves
ssh,1.0,a_only,unicode
ssh,0.1387900355871886,b_only,mischief
ssh,0.5094339622641509,shared,slide
ssh,0.21673003802281368,b_only,dashed
ssh,0.7204301075268817,shared,preparations
ssh,0.7112299465240641,shared,horn
ssh,0.7112299465240641,shared,explains
ssh,0.7486338797814208,shared,exciting
ssh,1.0,a_only,organisation
ssh,0.19850187265917604,b_only,stricken
ssh,1.0,a_only,civic
ssh,1.0,a_only,input
ssh,0.6,shared,backs
ssh,0.23552123552123552,b_only,brighter
ssh,0.3389121338912134,shared,fly
ssh,0.21212121212121213,b_only,lordship
ssh,1.0,a_only,fertile
ssh,1.0,a_only,bin
ssh,0.5763546798029556,shared,hoping
ssh,0.6,shared,mushroom
ssh,1.0,a_only,package
ssh,1.0,a_only,confederacy
ssh,0.5686274509803921,shared,insisted
ssh,0.3278008298755187,shared,paper
ssh,0.3168724279835391,shared,themselves
ssh,1.0,a_only,clan
ssh,0.2903225806451613,shared,girl
ssh,0.807909604519774,shared,ohio
ssh,1.0,a_only,depicted
ssh,0.5841584158415841,shared,worship
ssh,0.6931216931216931,shared,bush
ssh,1.0,a_only,ambiguity
ssh,0.7391304347826086,shared,scope
ssh,1.0,a_only,administrative
ssh,0.4349775784753363,shared,library
ssh,0.6326530612244898,shared,usage
ssh,1.0,a_only,binary
ssh,0.7582417582417582,shared,surgeon
ssh,1.0,a_only,eventual
ssh,0.3168724279835391,shared,any
ssh,0.5763546798029556,shared,impulse
ssh,1.0,a_only,gen
ssh,0.5841584158415841,shared,possibility
ssh,1.0,a_only,commentary
ssh,0.15942028985507245,b_only,sinister
ssh,1.0,a_only,sects
ssh,0.8181818181818182,shared,fathers
ssh,0.4883720930232558,shared,agitation
ssh,1.0,a_only,gospel
ssh,0.7204301075268817,shared,fragments
ssh,1.0,a_only,interpretations
ssh,0.8823529411764706,shared,deer
ssh,1.0,a_only,aftermath
ssh,0.675392670157068,shared,arrows
ssh,0.4953271028037383,shared,wings
ssh,0.6326530612244898,shared,interference
ssh,0.7582417582417582,shared,requested
ssh,0.5238095238095238,shared,suspense
ssh,1.0,a_only,rivalry
ssh,0.13074204946996468,b_only,wretch
ssh,0.20300751879699247,b_only,bitterness
ssh,0.3445378151260504,shared,reached
ssh,1.0,a_only,martial
ssh,1.0,a_only,chi
ssh,0.1510791366906475,b_only,ours
ssh,0.25984251968503935,shared,must
ssh,1.0,a_only,proven
ssh,0.7777777777777778,shared,bordered
ssh,0.32231404958677684,shared,written
ssh,0.6,shared,threat
ssh,0.1267605633802817,b_only,hunted
ssh,0.6326530612244898,shared,leader
ssh,1.0,a_only,dominions
ssh,1.0,a_only,maintains
ssh,1.0,a_only,antiprotons
ssh,0.30612244897959184,shared,read
ssh,0.6842105263157895,shared,teaching
ssh,0.7204301075268817,shared,xiii
ssh,1.0,a_only,starring
ssh,1.0,a_only,delta
ssh,0.675392670157068,shared,pages
ssh,0.8390804597701149,shared,gateway
ssh,0.6842105263157895,shared,seats
ssh,0.1387900355871886,b_only,valet
ssh,0.19850187265917604,b_only,paddled
ssh,0.10726643598615918,b_only,thanked
ssh,1.0,a_only,individualists
ssh,0.8181818181818182,shared,hungarian
ssh,0.3852813852813853,shared,difficulty
ssh,0.5458937198067633,shared,owe
ssh,0.675392670157068,shared,manifest
ssh,0.3114754098360656,shared,received
ssh,0.39737991266375544,shared,jacques
ssh,1.0,a_only,multiplication
ssh,0.5238095238095238,shared,guarded
ssh,0.3278008298755187,shared,bitter
ssh,0.6666666666666666,shared,consists
ssh,0.6494845360824743,shared,seventy
ssh,1.0,a_only,lipsius
ssh,0.28,shared,left
ssh,1.0,a_only,epistles
ssh,1.0,a_only,inventions
ssh,0.4611872146118721,shared,solid
ssh,1.0,a_only,haer
ssh,1.0,a_only,nuremberg
ssh,1.0,a_only,nova
ssh,1.0,a_only,ethanol
ssh,1.0,a_only,episcopal
ssh,1.0,a_only,regardless
ssh,1.0,a_only,ft
ssh,1.0,a_only,conceptions
ssh,0.5311004784688995,shared,medicine
ssh,0.391304347826087,shared,game
ssh,0.7297297297297297,shared,severity
ssh,1.0,a_only,organism
ssh,0.23552123552123552,b_only,frock
ssh,1.0,a_only,scripture
ssh,0.5238095238095238,shared,repeat
ssh,1.0,a_only,myths
ssh,0.47465437788018433,shared,counted
ssh,0.24031007751937986,b_only,flashed
ssh,0.5458937198067633,shared,q
ssh,0.7204301075268817,shared,uncertainty
ssh,0.3168724279835391,shared,whatever
ssh,0.36752136752136755,shared,coffin
ssh,0.45454545454545453,shared,spy
ssh,0.21673003802281368,b_only,roylott
ssh,0.4222222222222222,shared,september
ssh,0.7582417582417582,shared,teachers
ssh,1.0,a_only,mnd
ssh,0.5023474178403756,shared,frenchman
ssh,0.25,shared,god
ssh,1.0,a_only,interactive
ssh,0.5311004784688995,shared,europe
ssh,1.0,a_only,retrieved
ssh,1.0,a_only,transmitted
ssh,0.675392670157068,shared,believes
ssh,1.0,a_only,wheat
ssh,1.0,a_only,penalties
ssh,1.0,a_only,location
ssh,0.285140562248996,shared,voice
ssh,1.0,a_only,stadium
ssh,1.0,a_only,clash
ssh,1.0,a_only,february
ssh,0.40350877192982454,shared,recovered
ssh,1.0,a_only,mechanism
ssh,0.20754716981132076,b_only,breathed
ssh,0.7877094972067039,shared,planted
ssh,1.0,a_only,buffalo
ssh,0.5238095238095238,shared,absolute
ssh,1.0,a_only,pagan
ssh,0.13074204946996468,b_only,shed
ssh,1.0,a_only,ministry
ssh,0.5841584158415841,shared,prize
ssh,0.19850187265917604,b_only,gabelle
ssh,1.0,a_only,alain
ssh,0.7679558011049724,shared,tenth
ssh,0.7679558011049724,shared,churches
ssh,0.6326530612244898,shared,displayed
ssh,0.1347517730496454,b_only,pavement
ssh,0.350210970464135,shared,treated
ssh,0.3333333333333333,shared,remembered
ssh,0.1347517730496454,b_only,rested
ssh,0.6666666666666666,shared,inch
ssh,1.0,a_only,journalist
ssh,1.0,a_only,structures
ssh,1.0,a_only,extends
ssh,0.11888111888111888,b_only,softened
ssh,1.0,a_only,allegiance
ssh,1.0,a_only,aardvark
ssh,1.0,a_only,organisations
ssh,0.19402985074626866,b_only,philips
ssh,1.0,a_only,byron
ssh,0.7391304347826086,shared,ridge
ssh,0.47465437788018433,shared,thinks
ssh,0.20754716981132076,b_only,apiece
ssh,1.0,a_only,kg
ssh,0.285140562248996,shared,stone
ssh,0.7297297297297297,shared,rejected
ssh,0.46788990825688076,shared,k
ssh,0.14285714285714285,b_only,louder
ssh,0.6580310880829016,shared,breadth
ssh,0.1895910780669145,b_only,raging
ssh,0.8390804597701149,shared,enraged
ssh,0.28,shared,those
ssh,0.7877094972067039,shared,ex
ssh,0.4479638009049774,shared,delicacy
ssh,0.5763546798029556,shared,truck
ssh,1.0,a_only,cession
ssh,0.2648221343873518,shared,called
ssh,0.30612244897959184,shared,breast
ssh,0.6,shared,handle
ssh,0.18518518518518517,b_only,sleeves
ssh,1.0,a_only,circa
ssh,0.7486338797814208,shared,transferred
ssh,1.0,a_only,schedule
ssh,0.7679558011049724,shared,appreciate
ssh,0.5920398009950248,shared,string
ssh,0.7204301075268817,shared,bricks
ssh,0.6161616161616161,shared,crazy
ssh,1.0,a_only,opposing
ssh,0.18081180811808117,b_only,elbows
ssh,1.0,a_only,authorized
ssh,0.6243654822335025,shared,income
ssh,1.0,a_only,cl
ssh,0.45454545454545453,shared,upset
ssh,1.0,a_only,nicholas
ssh,1.0,a_only,cluster
ssh,0.6161616161616161,shared,solitude
ssh,0.19402985074626866,b_only,drifting
ssh,0.2260536398467433,b_only,streak
ssh,0.2698412698412698,shared,ill
ssh,1.0,a_only,cited
ssh,0.8181818181818182,shared,culture
ssh,0.39737991266375544,shared,food
ssh,1.0,a_only,protein
ssh,1.0,a_only,systems
ssh,1.0,a_only,constitutional
ssh,0.10726643598615918,b_only,canvas
ssh,0.5686274509803921,shared,strained
ssh,0.20754716981132076,b_only,carfax
ssh,0.797752808988764,shared,j
ssh,1.0,a_only,parks
ssh,1.0,a_only,ames
ssh,0.3114754098360656,shared,question
ssh,1.0,a_only,arabs
ssh,1.0,a_only,leadership
ssh,0.5920398009950248,shared,element
ssh,0.5686274509803921,shared,tower
ssh,1.0,a_only,complications
ssh,0.5311004784688995,shared,reflection
ssh,1.0,a_only,civilian
ssh,0.3333333333333333,shared,bound
ssh,1.0,a_only,enigma
ssh,1.0,a_only,visigoths
ssh,1.0,a_only,genetic
ssh,0.7204301075268817,shared,readiness
ssh,0.4611872146118721,shared,smart
ssh,1.0,a_only,symmetric
ssh,0.3114754098360656,shared,brother
ssh,0.28,shared,mighty
ssh,0.39737991266375544,shared,branches
ssh,0.5311004784688995,shared,swallowed
ssh,1.0,a_only,speculation
ssh,1.0,a_only,exists
ssh,1.0,a_only,billy
ssh,1.0,a_only,reportedly
ssh,0.21673003802281368,b_only,fo
ssh,0.2260536398467433,b_only,heah
ssh,1.0,a_only,latitude
ssh,1.0,a_only,taxation
ssh,0.675392670157068,shared,fraud
ssh,0.25984251968503935,shared,better
ssh,0.3114754098360656,shared,happen
ssh,0.245136186770428,shared,children
ssh,1.0,a_only,cern
ssh,0.3168724279835391,shared,much
ssh,0.37339055793991416,shared,english
ssh,1.0,a_only,cartridge
ssh,0.17647058823529413,b_only,weighed
ssh,0.6161616161616161,shared,link
ssh,1.0,a_only,argues
ssh,0.7021276595744681,shared,arch
ssh,0.5458937198067633,shared,theories
ssh,0.6580310880829016,shared,alfred
ssh,0.5094339622641509,shared,observing
ssh,1.0,a_only,numbered
ssh,1.0,a_only,equilibrium
ssh,0.7391304347826086,shared,constructed
ssh,1.0,a_only,wisconsin
ssh,0.18518518518518517,shared,so
ssh,1.0,a_only,aachen
ssh,1.0,a_only,convert
ssh,1.0,a_only,contract
ssh,0.7486338797814208,shared,file
ssh,0.4953271028037383,shared,recognised
ssh,0.6494845360824743,shared,proceedings
ssh,0.285140562248996,shared,stay
ssh,0.36752136752136755,shared,considered
ssh,1.0,a_only,cultures
ssh,0.6931216931216931,shared,pious
ssh,0.7297297297297297,shared,gaining
ssh,1.0,a_only,cyprus
ssh,0.285140562248996,shared,subject
ssh,0.40350877192982454,shared,favour
ssh,0.7391304347826086,shared,depression
ssh,0.391304347826087,shared,takes
ssh,1.0,a_only,telecommunications
ssh,0.4222222222222222,shared,finding
ssh,1.0,a_only,socialist
ssh,1.0,a_only,anime
ssh,1.0,a_only,crossroads
ssh,0.7582417582417582,shared,choosing
ssh,1.0,a_only,electrons
ssh,0.4611872146118721,shared,wolf
ssh,1.0,a_only,algebra
ssh,0.5686274509803921,shared,customers
ssh,0.6494845360824743,shared,attractions
ssh,1.0,a_only,ussr
ssh,0.30612244897959184,shared,mad
ssh,1.0,a_only,preventing
ssh,0.3559322033898305,shared,present
ssh,1.0,a_only,convicted
ssh,1.0,a_only,alloys
ssh,1.0,a_only,downtown
ssh,0.6243654822335025,shared,exhausted
ssh,0.5384615384615384,shared,venture
ssh,0.5311004784688995,shared,sorts
ssh,1.0,a_only,karabakh
ssh,1.0,a_only,arguably
ssh,0.19850187265917604,b_only,lonesome
ssh,0.6161616161616161,shared,edges
ssh,0.7391304347826086,shared,apt
ssh,0.5686274509803921,shared,rare
ssh,0.7582417582417582,shared,beam
ssh,0.20300751879699247,b_only,thoughtful
ssh,1.0,a_only,variants
ssh,1.0,a_only,flights
ssh,1.0,a_only,nato
ssh,1.0,a_only,commitment
ssh,1.0,a_only,vulnerable
ssh,0.11498257839721254,b_only,bite
ssh,0.28,shared,jim
ssh,1.0,a_only,anaximander
ssh,0.1552346570397112,shared,out
ssh,0.7391304347826086,shared,random
ssh,0.7297297297297297,shared,coal
ssh,0.7391304347826086,shared,spending
ssh,1.0,a_only,archaea
ssh,1.0,a_only,khan
ssh,0.6243654822335025,shared,defence
ssh,1.0,a_only,canterbury
ssh,0.415929203539823,shared,dance
ssh,1.0,a_only,elections
ssh,0.5384615384615384,shared,meanwhile
ssh,1.0,a_only,represents
ssh,0.20300751879699247,b_only,abhorrence
ssh,1.0,a_only,astronomer
ssh,1.0,a_only,mi
ssh,1.0,a_only,assigned
ssh,0.7112299465240641,shared,provision
ssh,0.19850187265917604,b_only,maids
ssh,0.7679558011049724,shared,insult
ssh,1.0,a_only,virtual
ssh,0.7486338797814208,shared,simplicity
ssh,1.0,a_only,provisional
ssh,0.28,shared,anything
ssh,0.5533980582524272,shared,actual
ssh,0.28,shared,its
ssh,0.40969162995594716,shared,peculiar
ssh,1.0,a_only,abbreviations
ssh,0.21673003802281368,b_only,narborough
ssh,1.0,a_only,vs
ssh,1.0,a_only,newton
ssh,1.0,a_only,ginsberg
ssh,0.5533980582524272,shared,ride
ssh,0.5311004784688995,shared,holder
ssh,0.6931216931216931,shared,temporary
ssh,0.6410256410256411,shared,encouraging
ssh,0.6161616161616161,shared,restore
ssh,1.0,a_only,grammar
ssh,0.2903225806451613,shared,others
ssh,1.0,a_only,autobiography
ssh,1.0,a_only,loyalists
ssh,1.0,a_only,continuum
ssh,1.0,a_only,statesman
ssh,0.5533980582524272,shared,burden
ssh,0.6326530612244898,shared,backed
ssh,1.0,a_only,sqrt
ssh,1.0,a_only,chloroplasts
ssh,1.0,a_only,marsh
ssh,1.0,a_only,developmental
ssh,1.0,a_only,workers
ssh,0.7297297297297297,shared,firing
ssh,1.0,a_only,aix
ssh,0.30612244897959184,shared,visit
ssh,0.22137404580152673,b_only,ticking
ssh,0.5384615384615384,shared,female
ssh,1.0,a_only,manufacturer
ssh,1.0,a_only,aramaic
ssh,1.0,a_only,credited
ssh,0.6931216931216931,shared,smooth
ssh,1.0,a_only,utopian
ssh,0.5841584158415841,shared,printed
ssh,1.0,a_only,organ
ssh,0.13074204946996468,b_only,lodgings
ssh,1.0,a_only,instituted
ssh,0.44144144144144143,shared,leading
ssh,0.46788990825688076,shared,pair
ssh,0.30612244897959184,shared,putting
ssh,0.4222222222222222,shared,states
ssh,0.5094339622641509,shared,visible
ssh,0.32231404958677684,shared,itself
ssh,0.6410256410256411,shared,richard
ssh,0.6842105263157895,shared,petersburg
ssh,0.23552123552123552,b_only,pencil
ssh,0.8181818181818182,shared,lieutenant
ssh,1.0,a_only,alkyl
ssh,0.22137404580152673,b_only,busily
ssh,0.5094339622641509,shared,cost
ssh,1.0,a_only,nonetheless
ssh,1.0,a_only,ali
ssh,1.0,a_only,hip
ssh,1.0,a_only,opus
ssh,1.0,a_only,yeast
ssh,0.8181818181818182,shared,comparing
ssh,1.0,a_only,geologist
ssh,0.40969162995594716,shared,formed
ssh,0.47465437788018433,shared,risk
ssh,0.21212121212121213,b_only,doubtful
ssh,1.0,a_only,fundamental
ssh,1.0,a_only,alcohol
ssh,0.5609756097560976,shared,flesh
ssh,0.29554655870445345,shared,beginning
ssh,0.5238095238095238,shared,goods
ssh,0.14285714285714285,b_only,chill
ssh,0.25984251968503935,shared,carried
ssh,0.09215017064846416,b_only,reminded
ssh,0.48148148148148145,shared,admitted
ssh,1.0,a_only,computers
ssh,0.13074204946996468,b_only,sufferings
ssh,0.3008130081300813,shared,feelings
ssh,1.0,a_only,socially
ssh,1.0,a_only,anthony
ssh,0.391304347826087,shared,castle
ssh,0.19850187265917604,b_only,malice
ssh,1.0,a_only,goddesses
ssh,1.0,a_only,wyatt
ssh,0.6161616161616161,shared,ma
ssh,1.0,a_only,pago
ssh,0.19402985074626866,b_only,nervously
ssh,0.3333333333333333,shared,among
ssh,0.46788990825688076,shared,closely
ssh,0.7486338797814208,shared,accidental
ssh,0.6,shared,limit
ssh,0.3114754098360656,shared,low
ssh,1.0,a_only,funds
ssh,0.5094339622641509,shared,hell
ssh,0.7679558011049724,shared,foreigners
ssh,0.0847457627118644,b_only,awful
ssh,0.7112299465240641,shared,pit
ssh,0.5841584158415841,shared,considerably
ssh,1.0,a_only,kasparov
ssh,1.0,a_only,romanian
ssh,1.0,a_only,sparta
ssh,0.3617021276595745,shared,reading
ssh,1.0,a_only,pennsylvania
ssh,0.46788990825688076,shared,infinite
ssh,0.5458937198067633,shared,demanded
ssh,0.5311004784688995,shared,thee
ssh,1.0,a_only,automated
ssh,0.8181818181818182,shared,compact
ssh,0.807909604519774,shared,affinity
ssh,0.391304347826087,shared,funeral
ssh,0.4883720930232558,shared,evident
ssh,0.7021276595744681,shared,enthusiastic
ssh,1.0,a_only,scripts
ssh,0.21212121212121213,b_only,entreaties
ssh,0.350210970464135,shared,river
ssh,0.47465437788018433,shared,awkward
ssh,0.6931216931216931,shared,johnny
ssh,1.0,a_only,cities
ssh,0.6494845360824743,shared,remarkably
ssh,0.7204301075268817,shared,friday
ssh,0.3114754098360656,shared,peace
ssh,1.0,a_only,establishing
ssh,0.6410256410256411,shared,relative
ssh,0.5238095238095238,shared,honey
ssh,0.415929203539823,shared,dying
ssh,1.0,a_only,derleth
ssh,0.39737991266375544,shared,birds
ssh,1.0,a_only,empirical
ssh,1.0,a_only,hong
ssh,0.2648221343873518,shared,course
ssh,0.20754716981132076,b_only,pictured
ssh,0.2260536398467433,b_only,devotion
ssh,1.0,a_only,calvinism
ssh,0.5238095238095238,shared,inspired
ssh,0.3114754098360656,shared,knowing
ssh,0.19850187265917604,b_only,jis
ssh,0.0958904109589041,b_only,bosom
ssh,0.21212121212121213,shared,took
ssh,1.0,a_only,emigrated
ssh,0.7582417582417582,shared,asserted
ssh,0.3389121338912134,shared,hoped
ssh,0.20300751879699247,b_only,thursday
ssh,0.1267605633802817,b_only,hearted
ssh,0.18518518518518517,b_only,cane
ssh,0.6243654822335025,shared,mask
ssh,0.6161616161616161,shared,objected
ssh,1.0,a_only,finite
ssh,0.37339055793991416,shared,green
ssh,0.46788990825688076,shared,catching
ssh,1.0,a_only,geometry
ssh,0.6080402010050251,shared,miller
ssh,1.0,a_only,vogt
ssh,1.0,a_only,advances
ssh,0.42857142857142855,shared,band
ssh,0.5458937198067633,shared,traces
ssh,0.10344827586206896,b_only,aloud
ssh,0.09965635738831616,b_only,damp
ssh,0.3008130081300813,shared,possible
ssh,0.5609756097560976,shared,romantic
ssh,0.5920398009950248,shared,beasts
ssh,0.6243654822335025,shared,fearing
ssh,1.0,a_only,definitions
ssh,0.21212121212121213,b_only,szgany
ssh,1.0,a_only,ammonium
ssh,1.0,a_only,radar
ssh,0.32231404958677684,shared,name
ssh,0.2260536398467433,b_only,hasten
ssh,1.0,a_only,heir
ssh,0.44144144144144143,shared,angel
ssh,0.24031007751937986,shared,walk
ssh,0.6666666666666666,shared,soldier
ssh,1.0,a_only,ethics
ssh,1.0,a_only,kingdoms
ssh,0.29554655870445345,shared,remarked
ssh,0.4953271028037383,shared,acted
ssh,1.0,a_only,asteroid
ssh,0.285140562248996,shared,considerable
ssh,0.21673003802281368,b_only,contemplated
ssh,1.0,a_only,russia
ssh,0.7877094972067039,shared,elevation
ssh,1.0,a_only,doctrine
ssh,1.0,a_only,israeli
ssh,0.21212121212121213,b_only,sawed
ssh,0.4953271028037383,shared,belong
ssh,0.285140562248996,shared,whole
ssh,0.7679558011049724,shared,blinded
ssh,0.5763546798029556,shared,sand
ssh,0.5238095238095238,shared,equally
ssh,1.0,a_only,baltic
ssh,0.20754716981132076,b_only,clad
ssh,0.48148148148148145,shared,flies
ssh,0.29554655870445345,shared,walking
ssh,0.6326530612244898,shared,reserve
ssh,0.675392670157068,shared,purely
ssh,0.7877094972067039,shared,execute
ssh,1.0,a_only,renaissance
ssh,0.285140562248996,shared,water
ssh,0.5023474178403756,shared,wholly
ssh,0.285140562248996,shared,these
ssh,1.0,a_only,el
ssh,0.2903225806451613,shared,expected
ssh,0.28,shared,experience
ssh,0.5841584158415841,shared,anchor
ssh,1.0,a_only,jimmy
ssh,0.2903225806451613,shared,discovered
ssh,0.3333333333333333,shared,red
ssh,0.5686274509803921,shared,eating
ssh,0.5920398009950248,shared,banker
ssh,1.0,a_only,tony
ssh,1.0,a_only,armor
ssh,1.0,a_only,agriculture
ssh,0.8497109826589595,shared,accumulated
ssh,1.0,a_only,substantial
ssh,0.6494845360824743,shared,gardens
ssh,0.45454545454545453,shared,antoine
ssh,0.19850187265917604,b_only,nails
ssh,0.3333333333333333,shared,loud
ssh,0.5311004784688995,shared,remaining
ssh,0.21212121212121213,b_only,bushes
ssh,1.0,a_only,census
ssh,0.5384615384615384,shared,republic
ssh,0.5533980582524272,shared,wishing
ssh,0.0958904109589041,b_only,faint
ssh,0.797752808988764,shared,penetrate
ssh,0.7777777777777778,shared,superiority
ssh,0.32231404958677684,shared,determined
ssh,1.0,a_only,reich
ssh,0.11498257839721254,b_only,thirst
ssh,0.1678832116788321,b_only,moran
ssh,1.0,a_only,persecution
ssh,0.1387900355871886,b_only,handkerchief
ssh,0.48148148148148145,shared,friendly
ssh,1.0,a_only,iraqi
ssh,1.0,a_only,kabul
ssh,0.29554655870445345,shared,silence
ssh,1.0,a_only,hardware
ssh,0.6666666666666666,shared,lofty
ssh,0.7112299465240641,shared,purchased
ssh,0.7486338797814208,shared,overlooked
ssh,0.245136186770428,shared,evening
ssh,1.0,a_only,muhammad
ssh,1.0,a_only,penguin
ssh,0.40969162995594716,shared,belief
ssh,0.2698412698412698,shared,trying
ssh,0.7679558011049724,shared,garments
ssh,0.675392670157068,shared,episode
ssh,0.42857142857142855,shared,trial
ssh,0.4349775784753363,shared,pan
ssh,0.6931216931216931,shared,wisdom
ssh,1.0,a_only,exclusion
ssh,0.3559322033898305,shared,expressed
ssh,0.7391304347826086,shared,admission
ssh,1.0,a_only,americana
ssh,1.0,a_only,google
ssh,1.0,a_only,distribution
ssh,0.5458937198067633,shared,recognized
ssh,0.0847457627118644,b_only,shut
ssh,0.13074204946996468,b_only,pie
ssh,1.0,a_only,physicists
ssh,0.4883720930232558,shared,branch
ssh,0.5384615384615384,shared,essential
ssh,1.0,a_only,rc
ssh,0.48148148148148145,shared,spared
ssh,0.23552123552123552,shared,by
ssh,0.19402985074626866,b_only,happier
ssh,0.5686274509803921,shared,spanish
ssh,1.0,a_only,mac
ssh,0.08843537414965986,b_only,whitby
ssh,0.45454545454545453,shared,pirate
ssh,0.6410256410256411,shared,advantages
ssh,0.797752808988764,shared,plea
ssh,0.3168724279835391,shared,mentioned
ssh,0.6,shared,bachelor
ssh,0.675392670157068,shared,corps
ssh,1.0,a_only,algiers
ssh,1.0,a_only,ford
ssh,0.4953271028037383,shared,beating
ssh,1.0,a_only,buenos
ssh,1.0,a_only,crucial
ssh,0.40350877192982454,shared,letting
ssh,1.0,a_only,jr
ssh,1.0,a_only,overview
ssh,0.29554655870445345,shared,slept
ssh,0.5458937198067633,shared,platform
ssh,0.7297297297297297,shared,sticks
ssh,1.0,a_only,aga
ssh,0.3008130081300813,shared,strong
ssh,1.0,a_only,ipod
ssh,0.7582417582417582,shared,troops
ssh,0.19850187265917604,b_only,sleeve
ssh,1.0,a_only,dictator
ssh,0.7112299465240641,shared,influences
ssh,0.6494845360824743,shared,consequently
ssh,0.6080402010050251,shared,activity
ssh,0.5023474178403756,shared,modern
ssh,0.3168724279835391,shared,manner
ssh,1.0,a_only,practiced
ssh,1.0,a_only,critique
ssh,0.10726643598615918,b_only,cheerful
ssh,1.0,a_only,analog
ssh,1.0,a_only,implied
ssh,1.0,a_only,portrayed
ssh,0.5920398009950248,shared,roll
ssh,0.2749003984063745,shared,ready
ssh,0.5094339622641509,shared,plans
ssh,0.6494845360824743,shared,honor
ssh,0.40969162995594716,shared,suffered
ssh,0.7297297297297297,shared,dominated
ssh,1.0,a_only,coined
ssh,0.7582417582417582,shared,mission
ssh,0.46788990825688076,shared,judgment
ssh,0.42857142857142855,shared,hanging
ssh,0.7486338797814208,shared,countess
ssh,1.0,a_only,observances
ssh,1.0,a_only,joan
ssh,1.0,a_only,virginia
ssh,0.2698412698412698,shared,tears
ssh,0.5458937198067633,shared,national
ssh,1.0,a_only,defines
ssh,1.0,a_only,themes
ssh,1.0,a_only,constellations
ssh,0.6494845360824743,shared,umbrella
ssh,0.40969162995594716,shared,spent
ssh,1.0,a_only,factions
ssh,1.0,a_only,rulers
ssh,0.21673003802281368,b_only,boscombe
ssh,1.0,a_only,napoleon
ssh,0.5763546798029556,shared,chiefly
ssh,1.0,a_only,acta
ssh,0.5165876777251185,shared,principal
ssh,1.0,a_only,requirements
ssh,0.5920398009950248,shared,concluded
ssh,0.4349775784753363,shared,daughters
ssh,0.11888111888111888,b_only,cries
ssh,0.797752808988764,shared,cliffs
ssh,0.5686274509803921,shared,directions
ssh,0.3114754098360656,shared,slow
ssh,0.39737991266375544,shared,summer
ssh,1.0,a_only,ownership
ssh,0.30612244897959184,shared,ears
ssh,1.0,a_only,hippolytus
ssh,0.807909604519774,shared,lizard
ssh,0.7021276595744681,shared,equality
ssh,0.6161616161616161,shared,deeds
ssh,1.0,a_only,mining
ssh,0.7021276595744681,shared,tough
ssh,1.0,a_only,vowel
ssh,0.3793103448275862,shared,guard
ssh,0.37339055793991416,shared,edge
ssh,1.0,a_only,indicating
ssh,1.0,a_only,attitudes
ssh,0.6,shared,badly
ssh,1.0,a_only,ranges
ssh,0.6842105263157895,shared,hitting
ssh,0.5763546798029556,shared,accomplished
ssh,0.12280701754385964,b_only,pirates
ssh,0.09215017064846416,b_only,melancholy
ssh,0.245136186770428,shared,added
ssh,0.7112299465240641,shared,total
ssh,0.797752808988764,shared,exceeded
ssh,1.0,a_only,heights
ssh,0.1111111111111111,b_only,hungry
ssh,1.0,a_only,architectural
ssh,1.0,a_only,turks
ssh,0.20300751879699247,b_only,gazette
ssh,0.40969162995594716,shared,pose
ssh,0.5094339622641509,shared,efforts
ssh,0.36752136752136755,shared,wide
ssh,1.0,a_only,brandenburg
ssh,1.0,a_only,industries
ssh,0.4883720930232558,shared,separate
ssh,0.4479638009049774,shared,lip
ssh,1.0,a_only,aarhus
ssh,1.0,a_only,heinrich
ssh,0.5094339622641509,shared,frequent
ssh,1.0,a_only,symbols
ssh,1.0,a_only,statistical
ssh,0.45454545454545453,shared,loving
ssh,0.2903225806451613,shared,met
ssh,0.08843537414965986,b_only,stryver
ssh,0.07744107744107744,b_only,aunt
ssh,1.0,a_only,endangered
ssh,0.6580310880829016,shared,owned
ssh,1.0,a_only,continents
ssh,0.3445378151260504,shared,five
ssh,0.09965635738831616,b_only,earnestly
ssh,0.40969162995594716,shared,wise
ssh,0.5458937198067633,shared,narrative
ssh,0.2698412698412698,shared,matter
ssh,1.0,a_only,increases
ssh,0.2749003984063745,shared,account
ssh,1.0,a_only,legendary
ssh,0.14695340501792115,b_only,sore
ssh,1.0,a_only,cleveland
ssh,0.19850187265917604,b_only,somewheres
ssh,0.5920398009950248,shared,tend
ssh,1.0,a_only,maryland
ssh,0.29554655870445345,shared,knew
ssh,1.0,a_only,inverse
ssh,0.6326530612244898,shared,determination
ssh,0.797752808988764,shared,relates
ssh,0.2549019607843137,shared,try
ssh,1.0,a_only,linguistics
ssh,1.0,a_only,legend
ssh,0.6080402010050251,shared,rent
ssh,0.5094339622641509,shared,informed
ssh,0.4953271028037383,shared,flying
ssh,1.0,a_only,kurtz
ssh,0.6931216931216931,shared,flag
ssh,0.6080402010050251,shared,criminal
ssh,1.0,a_only,referenced
ssh,0.8390804597701149,shared,creek
ssh,0.1387900355871886,shared,it
ssh,1.0,a_only,mathbb
ssh,0.6666666666666666,shared,tales
ssh,1.0,a_only,lf
ssh,0.09965635738831616,b_only,fence
ssh,0.7297297297297297,shared,denounced
ssh,0.5311004784688995,shared,certainty
ssh,0.3793103448275862,shared,explain
ssh,0.19850187265917604,b_only,ventilator
ssh,0.7391304347826086,shared,contrasted
ssh,1.0,a_only,leo
ssh,1.0,a_only,comments
ssh,1.0,a_only,valence
ssh,0.7582417582417582,shared,curved
ssh,0.7297297297297297,shared,explicit
ssh,1.0,a_only,arable
ssh,1.0,a_only,vocal
ssh,1.0,a_only,na
ssh,0.7021276595744681,shared,mummy
ssh,0.45454545454545453,shared,straw
ssh,0.7582417582417582,shared,th
ssh,1.0,a_only,eurovision
ssh,0.6326530612244898,shared,coast
ssh,0.44144144144144143,shared,distant
ssh,0.7679558011049724,shared,perished
ssh,1.0,a_only,monarchy
ssh,1.0,a_only,infrastructure
ssh,1.0,a_only,drivers
ssh,1.0,a_only,published
ssh,0.4222222222222222,shared,stuff
ssh,1.0,a_only,admits
ssh,0.1347517730496454,b_only,creeping
ssh,0.7391304347826086,shared,patent
ssh,1.0,a_only,sahara
ssh,0.5609756097560976,shared,subtle
ssh,0.6161616161616161,shared,per
ssh,1.0,a_only,arminianism
ssh,0.675392670157068,shared,encourage
ssh,1.0,a_only,patrol
ssh,1.0,a_only,referendum
ssh,0.7877094972067039,shared,emphatic
ssh,0.3333333333333333,shared,caught
ssh,0.19850187265917604,b_only,frauds
ssh,0.09215017064846416,b_only,sleepy
ssh,0.32231404958677684,shared,tom
ssh,1.0,a_only,km
ssh,0.6580310880829016,shared,nations
ssh,0.6931216931216931,shared,masters
ssh,1.0,a_only,png
ssh,1.0,a_only,agents
ssh,0.6842105263157895,shared,reform
ssh,1.0,a_only,ideals
ssh,1.0,a_only,favorite
ssh,0.5023474178403756,shared,exercise
ssh,0.7582417582417582,shared,courts
ssh,0.19402985074626866,b_only,hansom
ssh,0.3008130081300813,shared,study
ssh,0.1895910780669145,b_only,violently
ssh,1.0,a_only,physics
ssh,0.6666666666666666,shared,refusing
ssh,1.0,a_only,kim
ssh,1.0,a_only,warrior
ssh,0.3114754098360656,shared,wind
ssh,1.0,a_only,nicene
ssh,0.7391304347826086,shared,permit
ssh,0.5841584158415841,shared,invention
ssh,0.7582417582417582,shared,glacier
ssh,1.0,a_only,hastings
ssh,0.5165876777251185,shared,palace
ssh,0.2648221343873518,shared,appearance
ssh,0.285140562248996,shared,rather
ssh,1.0,a_only,component
ssh,0.09965635738831616,shared,the
ssh,1.0,a_only,bangladesh
ssh,1.0,a_only,christopher
ssh,1.0,a_only,speculated
ssh,0.7297297297297297,shared,congregation
ssh,1.0,a_only,domini
ssh,1.0,a_only,cd
ssh,0.21212121212121213,b_only,sah
ssh,0.09965635738831616,b_only,dracula
ssh,0.3852813852813853,shared,soft
ssh,1.0,a_only,bibliography
ssh,0.08843537414965986,b_only,horribly
ssh,0.2260536398467433,b_only,hovel
ssh,0.6842105263157895,shared,williams
ssh,0.20754716981132076,b_only,complain
ssh,1.0,a_only,speculative
ssh,0.3852813852813853,shared,boat
ssh,0.6326530612244898,shared,cracking
ssh,1.0,a_only,architect
ssh,1.0,a_only,nixon
ssh,0.3559322033898305,shared,broken
ssh,1.0,a_only,rand
ssh,0.5094339622641509,shared,aware
ssh,1.0,a_only,integration
ssh,1.0,a_only,unnamed
ssh,1.0,a_only,dose
ssh,0.29554655870445345,shared,home
ssh,1.0,a_only,spencer
ssh,0.5094339622641509,shared,subjects
ssh,0.4349775784753363,shared,useful
ssh,0.1678832116788321,shared,me
ssh,0.2749003984063745,shared,woman
ssh,0.44144144144144143,shared,mate
ssh,0.5384615384615384,shared,stable
ssh,0.20754716981132076,b_only,hullo
ssh,0.7777777777777778,shared,accuracy
ssh,1.0,a_only,specialized
ssh,1.0,a_only,meanings
ssh,0.10344827586206896,b_only,plenty
ssh,1.0,a_only,relaxation
ssh,1.0,a_only,troy
ssh,0.19850187265917604,b_only,suits
ssh,0.11888111888111888,b_only,likes
ssh,0.797752808988764,shared,partners
ssh,0.807909604519774,shared,equipped
ssh,0.5311004784688995,shared,christian
ssh,1.0,a_only,choices
ssh,1.0,a_only,kilgore
ssh,0.3793103448275862,shared,existence
ssh,1.0,a_only,charges
ssh,1.0,a_only,azerbaijan
ssh,0.6243654822335025,shared,climb
ssh,0.1895910780669145,b_only,remembering
ssh,0.5763546798029556,shared,memories
ssh,0.5311004784688995,shared,massive
ssh,0.2648221343873518,shared,understand
ssh,0.6243654822335025,shared,borrowed
ssh,0.1347517730496454,b_only,guessed
ssh,1.0,a_only,testing
ssh,1.0,a_only,define
ssh,0.5238095238095238,shared,mainly
ssh,0.5458937198067633,shared,bare
ssh,0.8497109826589595,shared,sphere
ssh,0.10344827586206896,b_only,assured
ssh,0.6494845360824743,shared,capacity
ssh,1.0,a_only,economist
ssh,1.0,a_only,atlantic
ssh,0.5384615384615384,shared,surrounded
ssh,0.7297297297297297,shared,spotted
ssh,0.18081180811808117,b_only,yourselves
ssh,0.21673003802281368,b_only,forbid
ssh,0.6494845360824743,shared,bolt
ssh,0.6326530612244898,shared,differently
ssh,1.0,a_only,bhfiann
ssh,0.14285714285714285,b_only,nicely
ssh,0.3852813852813853,shared,servant
ssh,0.23552123552123552,b_only,toller
ssh,1.0,a_only,surviving
ssh,0.8390804597701149,shared,oppose
ssh,0.059602649006622516,b_only,frightened
ssh,0.285140562248996,shared,great
ssh,1.0,a_only,heritage
ssh,0.6494845360824743,shared,flown
ssh,0.0847457627118644,b_only,distressed
ssh,0.7204301075268817,shared,recovering
ssh,1.0,a_only,finnish
ssh,0.18518518518518517,b_only,xvii
ssh,0.5238095238095238,shared,blamed
ssh,0.6666666666666666,shared,captivity
ssh,0.1895910780669145,b_only,conjectured
ssh,0.5920398009950248,shared,novel
ssh,0.1347517730496454,b_only,mournful
ssh,0.4611872146118721,shared,concerned
ssh,1.0,a_only,korzybski
ssh,0.7021276595744681,shared,velvet
ssh,0.5023474178403756,shared,clay
ssh,1.0,a_only,starred
ssh,1.0,a_only,intel
ssh,0.4479638009049774,shared,remarkable
ssh,1.0,a_only,audiogalaxy
ssh,1.0,a_only,enlarged
ssh,0.32231404958677684,shared,mouth
ssh,1.0,a_only,microscopic
ssh,0.2749003984063745,shared,scene
ssh,0.0847457627118644,b_only,delight
ssh,0.24031007751937986,b_only,hypnotic
ssh,0.1267605633802817,b_only,hertfordshire
ssh,1.0,a_only,als
ssh,0.6931216931216931,shared,encounter
ssh,1.0,a_only,corresponding
ssh,0.1267605633802817,b_only,awfully
ssh,0.391304347826087,shared,disposition
ssh,0.6666666666666666,shared,customary
ssh,1.0,a_only,providing
ssh,1.0,a_only,http
ssh,0.5094339622641509,shared,romance
ssh,0.22137404580152673,b_only,12
ssh,0.24031007751937986,shared,turned
ssh,0.07744107744107744,shared,my
ssh,0.2260536398467433,b_only,curly
ssh,0.6494845360824743,shared,retreat
ssh,0.3008130081300813,shared,once
ssh,0.6931216931216931,shared,harder
ssh,1.0,a_only,probe
ssh,0.3852813852813853,shared,nearer
ssh,0.46788990825688076,shared,brighton
ssh,0.6243654822335025,shared,data
ssh,0.5533980582524272,shared,beds
ssh,0.4349775784753363,shared,mostly
ssh,0.11498257839721254,b_only,fantastic
ssh,1.0,a_only,terminated
ssh,0.7582417582417582,shared,bullets
ssh,0.5023474178403756,shared,seldom
ssh,0.7877094972067039,shared,cabinet
ssh,1.0,a_only,treatments
ssh,0.7777777777777778,shared,abrupt
ssh,0.40350877192982454,shared,moving
ssh,0.09965635738831616,b_only,upstairs
ssh,1.0,a_only,reduction
ssh,1.0,a_only,astronomical
ssh,0.48148148148148145,shared,voyage
ssh,0.7777777777777778,shared,speculate
ssh,1.0,a_only,transport
ssh,0.2749003984063745,shared,walked
ssh,0.37339055793991416,shared,nephew
ssh,1.0,a_only,incorrect
ssh,0.3793103448275862,shared,murder
ssh,0.6080402010050251,shared,region
ssh,1.0,a_only,coral
ssh,0.20754716981132076,b_only,tavern
ssh,0.22137404580152673,b_only,paw
ssh,1.0,a_only,asperger
ssh,1.0,a_only,isaac
ssh,0.0847457627118644,b_only,darling
ssh,1.0,a_only,austin
ssh,1.0,a_only,styles
ssh,0.7582417582417582,shared,lasting
ssh,0.3114754098360656,shared,afterwards
ssh,0.6410256410256411,shared,intercourse
ssh,1.0,a_only,iupac
ssh,0.44144144144144143,shared,bought
ssh,1.0,a_only,proposition
ssh,0.1895910780669145,b_only,serene
ssh,0.2903225806451613,shared,tree
ssh,0.5165876777251185,shared,sung
ssh,0.39737991266375544,shared,stirring
ssh,0.7391304347826086,shared,wrath
ssh,0.28,shared,sign
ssh,0.5841584158415841,shared,elaborate
ssh,1.0,a_only,kilometers
ssh,1.0,a_only,canada
ssh,0.12280701754385964,b_only,faculties
ssh,0.21212121212121213,b_only,gigantic
ssh,0.4479638009049774,shared,sides
ssh,0.19850187265917604,b_only,amy
ssh,0.5841584158415841,shared,failure
ssh,0.7297297297297297,shared,ordering
ssh,1.0,a_only,johann
ssh,0.36752136752136755,shared,nose
ssh,1.0,a_only,benjamin
ssh,0.30612244897959184,shared,hung
ssh,1.0,a_only,manufacturing
ssh,1.0,a_only,cologne
ssh,0.21212121212121213,b_only,swelled
ssh,1.0,a_only,bj
ssh,0.3445378151260504,shared,sherlock
ssh,0.7112299465240641,shared,preference
ssh,0.6494845360824743,shared,pot
ssh,0.3389121338912134,shared,settled
ssh,1.0,a_only,margin
ssh,0.11498257839721254,b_only,yer
ssh,0.6931216931216931,shared,deemed
ssh,0.2698412698412698,shared,n
ssh,0.4953271028037383,shared,addition
ssh,1.0,a_only,nh
ssh,0.675392670157068,shared,abbey
ssh,1.0,a_only,specified
ssh,0.1111111111111111,b_only,anxiously
ssh,1.0,a_only,info
ssh,0.7112299465240641,shared,artists
ssh,0.6161616161616161,shared,geoffrey
ssh,0.18081180811808117,b_only,mustn
ssh,1.0,a_only,nagorno
ssh,0.3793103448275862,shared,wore
ssh,1.0,a_only,afc
ssh,1.0,a_only,es
ssh,1.0,a_only,unity
ssh,1.0,a_only,telescopes
ssh,0.11498257839721254,b_only,attendant
ssh,1.0,a_only,explosion
ssh,0.19402985074626866,b_only,shuddering
ssh,0.09965635738831616,b_only,staircase
ssh,0.08843537414965986,b_only,honoured
ssh,0.6243654822335025,shared,political
ssh,1.0,a_only,applications
ssh,1.0,a_only,furthermore
ssh,1.0,a_only,ethane
ssh,1.0,a_only,eukaryotes
ssh,1.0,a_only,solubility
ssh,0.3559322033898305,shared,angry
ssh,1.0,a_only,offshore
ssh,0.5920398009950248,shared,struggling
ssh,1.0,a_only,prohibited
ssh,0.391304347826087,shared,city
ssh,0.807909604519774,shared,butler
ssh,1.0,a_only,formally
ssh,1.0,a_only,equivalent
ssh,0.37339055793991416,shared,seized
ssh,0.44144144144144143,shared,senses
ssh,1.0,a_only,evolutionary
ssh,1.0,a_only,ahmad
ssh,1.0,a_only,cnt
ssh,1.0,a_only,agesilaus
ssh,0.675392670157068,shared,horizon
ssh,0.12280701754385964,b_only,apology
ssh,1.0,a_only,immigration
ssh,0.675392670157068,shared,beard
ssh,1.0,a_only,aviation
ssh,0.5238095238095238,shared,cats
ssh,0.5686274509803921,shared,bonnet
ssh,1.0,a_only,adolf
ssh,1.0,a_only,com
ssh,1.0,a_only,prolific
ssh,0.19850187265917604,b_only,yelling
ssh,1.0,a_only,strictly
ssh,1.0,a_only,forts
ssh,1.0,a_only,achievement
ssh,0.30612244897959184,shared,showed
ssh,0.1895910780669145,b_only,tops
ssh,0.5165876777251185,shared,motive
ssh,0.5238095238095238,shared,midst
ssh,0.40969162995594716,shared,terms
ssh,0.5763546798029556,shared,declined
ssh,1.0,a_only,genetics
ssh,0.19850187265917604,b_only,englishman
ssh,0.675392670157068,shared,pork
ssh,0.6080402010050251,shared,blowing
ssh,0.7777777777777778,shared,nt
ssh,0.7112299465240641,shared,widely
ssh,1.0,a_only,warhol
ssh,0.21673003802281368,b_only,borrow
ssh,0.4349775784753363,shared,boxes
ssh,0.6326530612244898,shared,whereas
ssh,0.37339055793991416,shared,dreams
ssh,0.20300751879699247,b_only,pleasantly
ssh,1.0,a_only,utc
ssh,1.0,a_only,annales
ssh,1.0,a_only,ka
ssh,0.23076923076923078,b_only,afeard
ssh,0.6666666666666666,shared,preferred
ssh,1.0,a_only,competing
ssh,0.44144144144144143,shared,tells
ssh,0.19402985074626866,b_only,mingled
ssh,0.3168724279835391,shared,believed
ssh,1.0,a_only,classic
ssh,0.30612244897959184,shared,sent
ssh,1.0,a_only,temples
ssh,0.5686274509803921,shared,estate
ssh,0.1267605633802817,b_only,terribly
ssh,1.0,a_only,anagrams
ssh,0.7204301075268817,shared,guards
ssh,0.23076923076923078,b_only,kite
ssh,0.7582417582417582,shared,fame
ssh,1.0,a_only,epithet
ssh,0.5023474178403756,shared,period
ssh,0.25,shared,carriage
ssh,0.5841584158415841,shared,conference
ssh,0.7486338797814208,shared,label
ssh,1.0,a_only,conceptual
ssh,0.21673003802281368,b_only,lodging
ssh,0.7777777777777778,shared,writers
ssh,0.8181818181818182,shared,hostile
ssh,0.7021276595744681,shared,breeding
ssh,0.675392670157068,shared,nobility
ssh,0.17647058823529413,b_only,circus
ssh,0.6494845360824743,shared,laden
ssh,0.675392670157068,shared,grant
ssh,1.0,a_only,physicist
ssh,1.0,a_only,standards
ssh,1.0,a_only,candidate
ssh,1.0,a_only,chiefs
ssh,0.2903225806451613,shared,came
ssh,1.0,a_only,leaders
ssh,0.285140562248996,shared,did
ssh,1.0,a_only,matrix
ssh,0.21673003802281368,b_only,gentleness
ssh,0.7297297297297297,shared,militia
ssh,0.36752136752136755,shared,nine
ssh,0.42857142857142855,shared,cases
ssh,0.1895910780669145,b_only,drifted
ssh,1.0,a_only,vilayet
ssh,0.21673003802281368,b_only,caroline
ssh,1.0,a_only,developing
ssh,0.5920398009950248,shared,market
ssh,1.0,a_only,committee
ssh,0.6326530612244898,shared,patriot
ssh,0.4479638009049774,shared,size
ssh,1.0,a_only,autonomous
ssh,1.0,a_only,regime
ssh,0.2903225806451613,shared,head
ssh,0.47465437788018433,shared,justice
ssh,1.0,a_only,resin
ssh,0.6494845360824743,shared,permitted
ssh,0.6243654822335025,shared,joining
ssh,0.08108108108108109,b_only,lock
ssh,0.3852813852813853,shared,property
ssh,1.0,a_only,identification
ssh,0.2648221343873518,shared,than
ssh,0.7582417582417582,shared,amazing
ssh,1.0,a_only,effective
ssh,0.47465437788018433,shared,solomon
ssh,0.6243654822335025,shared,animation
ssh,1.0,a_only,belgian
ssh,1.0,a_only,boyle
ssh,0.4883720930232558,shared,amusement
ssh,1.0,a_only,philosophies
ssh,0.5023474178403756,shared,chose
ssh,0.09965635738831616,b_only,charming
ssh,0.797752808988764,shared,threats
ssh,0.0738255033557047,b_only,nigger
ssh,0.5023474178403756,shared,disease
ssh,0.46788990825688076,shared,settle
ssh,1.0,a_only,albrecht
ssh,1.0,a_only,asphalt
ssh,0.8181818181818182,shared,consequent
ssh,0.47465437788018433,shared,carrying
ssh,1.0,a_only,dynamic
ssh,1.0,a_only,covenant
ssh,0.3333333333333333,shared,bright
ssh,0.6161616161616161,shared,bang
ssh,1.0,a_only,allah
ssh,1.0,a_only,goths
ssh,1.0,a_only,prussian
ssh,0.6666666666666666,shared,engaging
ssh,0.415929203539823,shared,breaking
ssh,0.7391304347826086,shared,et
ssh,0.4953271028037383,shared,grasp
ssh,1.0,a_only,defeated
ssh,0.22137404580152673,b_only,wink
ssh,0.807909604519774,shared,rendering
ssh,0.6243654822335025,shared,limited
ssh,0.13074204946996468,b_only,knocked
ssh,0.5165876777251185,shared,sh
ssh,0.7486338797814208,shared,shift
ssh,1.0,a_only,generalized
ssh,0.4349775784753363,shared,suggested
ssh,0.4953271028037383,shared,obvious
ssh,0.675392670157068,shared,vision
ssh,0.4479638009049774,shared,finish
ssh,0.5094339622641509,shared,likewise
ssh,0.1267605633802817,b_only,downstairs
ssh,0.391304347826087,shared,habit
ssh,0.6666666666666666,shared,operate
ssh,0.4611872146118721,shared,extent
ssh,0.19850187265917604,b_only,protectors
ssh,1.0,a_only,survival
ssh,0.285140562248996,shared,used
ssh,0.11498257839721254,b_only,raft
ssh,0.7297297297297297,shared,beer
ssh,0.5311004784688995,shared,license
ssh,0.5841584158415841,shared,tones
ssh,0.2903225806451613,shared,back
ssh,1.0,a_only,surplus
ssh,1.0,a_only,illegitimate
ssh,0.6080402010050251,shared,debts
ssh,1.0,a_only,online
ssh,0.6243654822335025,shared,scarlet
ssh,0.39737991266375544,shared,excited
ssh,0.6243654822335025,shared,release
ssh,0.7486338797814208,shared,linked
ssh,0.23076923076923078,b_only,claws
ssh,0.3793103448275862,shared,clever
ssh,0.5763546798029556,shared,genius
ssh,1.0,a_only,armenian
ssh,0.4349775784753363,shared,higher
ssh,0.6243654822335025,shared,collection
ssh,1.0,a_only,environments
ssh,0.3559322033898305,shared,influence
ssh,1.0,a_only,isotope
ssh,1.0,a_only,monastic
ssh,1.0,a_only,cipher
ssh,0.6080402010050251,shared,walks
ssh,0.25984251968503935,shared,about
ssh,0.7204301075268817,shared,version
ssh,0.45454545454545453,shared,lively
ssh,0.5686274509803921,shared,establishment
ssh,1.0,a_only,veterans
ssh,0.7021276595744681,shared,voluntarily
ssh,1.0,a_only,albanian
ssh,0.32231404958677684,shared,giving
ssh,0.20754716981132076,b_only,chaw
ssh,1.0,a_only,vietnam
ssh,0.6666666666666666,shared,cathedral
ssh,1.0,a_only,puerto
ssh,0.5238095238095238,shared,stretch
ssh,1.0,a_only,clement
ssh,0.6931216931216931,shared,paul
ssh,0.8181818181818182,shared,gulf
ssh,1.0,a_only,anna
ssh,1.0,a_only,interpret
ssh,0.22137404580152673,b_only,sherburn
ssh,0.6161616161616161,shared,intervals
ssh,0.4611872146118721,shared,naturally
ssh,0.4953271028037383,shared,lane
ssh,0.25984251968503935,shared,raised
ssh,1.0,a_only,planets
ssh,0.675392670157068,shared,justified
ssh,0.5094339622641509,shared,waters
ssh,0.5609756097560976,shared,twin
ssh,0.5311004784688995,shared,y
ssh,0.20754716981132076,b_only,drawer
ssh,0.3114754098360656,shared,four
ssh,0.6410256410256411,shared,waist
ssh,0.22137404580152673,shared,give
ssh,1.0,a_only,successors
ssh,0.21673003802281368,b_only,cooked
ssh,1.0,a_only,phrases
ssh,0.7391304347826086,shared,adopt
ssh,0.807909604519774,shared,lectures
ssh,0.7204301075268817,shared,eternity
ssh,1.0,a_only,poll
ssh,0.5763546798029556,shared,founded
ssh,1.0,a_only,adonis
ssh,0.5609756097560976,shared,eggs
ssh,0.6326530612244898,shared,ruined
ssh,1.0,a_only,solo
ssh,1.0,a_only,discontinued
ssh,0.4883720930232558,shared,meal
ssh,0.6326530612244898,shared,tire
ssh,0.44144144144144143,shared,grounds
ssh,0.4611872146118721,shared,orders
ssh,0.6243654822335025,shared,packed
ssh,0.2260536398467433,b_only,abreast
ssh,1.0,a_only,pogroms
ssh,1.0,a_only,identifies
ssh,0.0958904109589041,b_only,silently
ssh,0.2260536398467433,shared,room
ssh,0.15942028985507245,b_only,turtle
ssh,0.797752808988764,shared,healing
ssh,1.0,a_only,qur
ssh,0.5533980582524272,shared,louis
ssh,1.0,a_only,alchemical
ssh,0.7679558011049724,shared,cotton
ssh,0.7486338797814208,shared,joseph
ssh,0.797752808988764,shared,ranks
ssh,0.6580310880829016,shared,hydraulic
ssh,0.7112299465240641,shared,jeff
ssh,1.0,a_only,anconia
ssh,0.5533980582524272,shared,ferry
ssh,0.6580310880829016,shared,suitable
ssh,0.5094339622641509,shared,becomes
ssh,0.5311004784688995,shared,demand
ssh,0.3559322033898305,shared,anyway
ssh,0.7021276595744681,shared,tendency
ssh,0.6666666666666666,shared,confessed
ssh,0.6666666666666666,shared,accurate
ssh,0.5609756097560976,shared,execution
ssh,0.3559322033898305,shared,houses
ssh,0.3852813852813853,shared,worn
ssh,1.0,a_only,fans
ssh,1.0,a_only,interpretation
ssh,0.5533980582524272,shared,easier
ssh,0.11888111888111888,b_only,lawn
ssh,1.0,a_only,demands
ssh,1.0,a_only,julia
ssh,0.7391304347826086,shared,coincidence
ssh,1.0,a_only,stages
ssh,0.30612244897959184,shared,daughter
ssh,0.20300751879699247,b_only,georgiana
ssh,0.0958904109589041,b_only,cottage
ssh,1.0,a_only,defensive
ssh,0.6931216931216931,shared,disliked
ssh,0.29554655870445345,shared,lost
ssh,0.2698412698412698,shared,please
ssh,1.0,a_only,noun
ssh,0.7582417582417582,shared,knot
ssh,0.6080402010050251,shared,descent
ssh,0.7204301075268817,shared,approval
ssh,0.5841584158415841,shared,heavier
ssh,0.4349775784753363,shared,painful
ssh,1.0,a_only,li
ssh,0.21673003802281368,b_only,ef
ssh,0.25,shared,found
ssh,0.5094339622641509,shared,theatre
ssh,0.6666666666666666,shared,safely
ssh,0.6494845360824743,shared,announce
ssh,0.8285714285714286,shared,concentration
ssh,0.6243654822335025,shared,citizens
ssh,0.6931216931216931,shared,describing
ssh,0.7021276595744681,shared,alternative
ssh,0.7112299465240641,shared,adjoining
ssh,0.7582417582417582,shared,contact
ssh,1.0,a_only,staff
ssh,1.0,a_only,privy
ssh,1.0,a_only,novelist
ssh,0.29554655870445345,shared,only
ssh,0.5023474178403756,shared,prayer
ssh,1.0,a_only,mp
ssh,0.17647058823529413,b_only,stump
ssh,0.2903225806451613,shared,slowly
ssh,1.0,a_only,genus
ssh,0.7297297297297297,shared,terrace
ssh,0.10726643598615918,shared,in
ssh,0.5165876777251185,shared,twilight
ssh,0.6243654822335025,shared,career
ssh,0.5165876777251185,shared,alike
ssh,1.0,a_only,rating
ssh,1.0,a_only,photo
ssh,1.0,a_only,richmond
ssh,0.32231404958677684,shared,passed
ssh,0.7391304347826086,shared,uniform
ssh,0.2698412698412698,shared,nothing
ssh,0.5609756097560976,shared,duties
ssh,0.7877094972067039,shared,eagle
ssh,0.675392670157068,shared,successfully
ssh,0.4349775784753363,shared,ha
ssh,0.7777777777777778,shared,serves
ssh,0.7679558011049724,shared,overwhelming
ssh,0.5763546798029556,shared,thy
ssh,0.5311004784688995,shared,cell
ssh,0.6494845360824743,shared,attributed
ssh,0.5920398009950248,shared,deepest
ssh,0.25,b_only,loathing
ssh,0.5094339622641509,shared,respects
ssh,0.5609756097560976,shared,imagined
ssh,0.5686274509803921,shared,arts
ssh,0.5609756097560976,shared,compared
ssh,1.0,a_only,domination
ssh,1.0,a_only,utility
ssh,1.0,a_only,based
ssh,0.3114754098360656,shared,impossible
ssh,1.0,a_only,islam
ssh,0.17216117216117216,b_only,stool
ssh,0.44144144144144143,shared,record
ssh,0.5238095238095238,shared,fully
ssh,0.20754716981132076,b_only,doom
ssh,0.36752136752136755,shared,special
ssh,0.3617021276595745,shared,blue
ssh,1.0,a_only,annual
ssh,0.47465437788018433,shared,ended
ssh,0.5686274509803921,shared,nurse
ssh,0.6580310880829016,shared,merit
ssh,0.6161616161616161,shared,handful
ssh,1.0,a_only,database
ssh,0.6326530612244898,shared,bonds
ssh,0.47465437788018433,shared,wicked
ssh,0.29554655870445345,shared,wants
ssh,0.6,shared,volume
ssh,0.675392670157068,shared,commanded
ssh,1.0,a_only,export
ssh,0.2903225806451613,shared,heaven
ssh,0.37339055793991416,shared,isn
ssh,0.285140562248996,shared,spoken
ssh,1.0,a_only,preliminary
ssh,0.5920398009950248,shared,measures
ssh,0.350210970464135,shared,finally
ssh,1.0,a_only,transformation
ssh,0.4479638009049774,shared,hunter
ssh,0.7297297297297297,shared,observations
ssh,0.23076923076923078,b_only,shovel
ssh,1.0,a_only,eusebius
ssh,1.0,a_only,houston
ssh,0.22137404580152673,shared,eyes
ssh,1.0,a_only,ansi
ssh,0.2903225806451613,shared,thoughts
ssh,0.8390804597701149,shared,weigh
ssh,1.0,a_only,abscess
ssh,1.0,a_only,fischer
ssh,1.0,a_only,goal
ssh,0.2260536398467433,b_only,piccadilly
ssh,1.0,a_only,telephone
ssh,1.0,a_only,representatives
ssh,0.1895910780669145,b_only,kneeling
ssh,0.7679558011049724,shared,defect
ssh,0.42857142857142855,shared,rope
ssh,1.0,a_only,federation
ssh,0.8285714285714286,shared,invested
ssh,0.350210970464135,shared,begin
ssh,1.0,a_only,potassium
ssh,1.0,a_only,tucker
ssh,0.5686274509803921,shared,conditions
ssh,1.0,a_only,neil
ssh,1.0,a_only,balloons
ssh,0.6326530612244898,shared,steadily
ssh,0.21212121212121213,b_only,evr
ssh,1.0,a_only,nitrogen
ssh,1.0,a_only,oracle
ssh,1.0,a_only,consonant
ssh,1.0,a_only,hydroxide
ssh,0.6494845360824743,shared,speaks
ssh,1.0,a_only,creed
ssh,0.15942028985507245,b_only,tails
ssh,1.0,a_only,calculating
ssh,1.0,a_only,fluke
ssh,1.0,a_only,airline
ssh,0.7486338797814208,shared,contracted
ssh,1.0,a_only,cox
ssh,0.6580310880829016,shared,moses
ssh,0.19402985074626866,b_only,waiter
ssh,1.0,a_only,prophet
ssh,0.5311004784688995,shared,system
ssh,1.0,a_only,programmers
ssh,1.0,a_only,alexis
ssh,1.0,a_only,photographs
ssh,0.36752136752136755,shared,meeting
ssh,1.0,a_only,singles
ssh,1.0,a_only,eichmann
ssh,0.5533980582524272,shared,regiment
ssh,0.6080402010050251,shared,individual
ssh,0.245136186770428,shared,spirits
ssh,0.5841584158415841,shared,savage
ssh,1.0,a_only,ratified
ssh,0.09965635738831616,b_only,dining
ssh,0.5609756097560976,shared,dug
ssh,0.7486338797814208,shared,devices
ssh,0.7021276595744681,shared,submitted
ssh,1.0,a_only,antiparticles
ssh,1.0,a_only,bishop
ssh,0.2903225806451613,shared,most
ssh,1.0,a_only,reprinted
ssh,0.0847457627118644,b_only,knees
ssh,0.18518518518518517,b_only,brushed
ssh,0.2749003984063745,shared,hold
ssh,0.675392670157068,shared,traditions
ssh,1.0,a_only,independently
ssh,1.0,a_only,reign
ssh,1.0,a_only,districts
ssh,0.7777777777777778,shared,obviously
ssh,0.6080402010050251,shared,couch
ssh,1.0,a_only,target
ssh,1.0,a_only,negligible
ssh,0.5094339622641509,shared,today
ssh,1.0,a_only,namibia
ssh,0.3278008298755187,shared,tired
ssh,1.0,a_only,arcade
ssh,1.0,a_only,cia
ssh,1.0,a_only,projects
ssh,1.0,a_only,parsons
ssh,1.0,a_only,luther
ssh,1.0,a_only,otto
ssh,1.0,a_only,associates
ssh,1.0,a_only,helicopters
ssh,0.3278008298755187,shared,arrived
ssh,0.6161616161616161,shared,boats
ssh,1.0,a_only,supplies
ssh,1.0,a_only,costs
ssh,0.1347517730496454,b_only,knocking
ssh,0.10726643598615918,b_only,yourself
ssh,0.5094339622641509,shared,studio
ssh,0.39737991266375544,shared,arrival
ssh,1.0,a_only,broadcast
ssh,0.6161616161616161,shared,sex
ssh,1.0,a_only,cooling
ssh,0.3445378151260504,shared,floor
ssh,0.7486338797814208,shared,britain
ssh,1.0,a_only,continental
ssh,0.20300751879699247,b_only,juliet
ssh,1.0,a_only,hemisphere
ssh,0.5384615384615384,shared,agree
ssh,0.8181818181818182,shared,consuming
ssh,1.0,a_only,indigenous
ssh,0.11888111888111888,b_only,lydia
ssh,1.0,a_only,officially
ssh,1.0,a_only,lebanon
ssh,1.0,a_only,corinth
ssh,1.0,a_only,option
ssh,1.0,a_only,infections
ssh,1.0,a_only,algol
ssh,0.3445378151260504,shared,necessary
ssh,0.5311004784688995,shared,foundation
ssh,0.19850187265917604,b_only,hammer
ssh,1.0,a_only,periodic
ssh,1.0,a_only,arnold
ssh,1.0,a_only,magazines
ssh,0.1510791366906475,b_only,steamboat
ssh,1.0,a_only,warriors
ssh,1.0,a_only,schopenhauer
ssh,0.7582417582417582,shared,criminals
ssh,0.6494845360824743,shared,answers
ssh,0.807909604519774,shared,vincent
ssh,0.6080402010050251,shared,dwelling
ssh,0.7112299465240641,shared,exalted
ssh,1.0,a_only,coupled
ssh,0.6494845360824743,shared,mob
ssh,0.16363636363636364,b_only,swore
ssh,1.0,a_only,epitome
ssh,1.0,a_only,album
ssh,1.0,a_only,theorem
ssh,0.21673003802281368,b_only,crooked
ssh,1.0,a_only,volcanoes
ssh,0.8285714285714286,shared,diseases
ssh,1.0,a_only,shells
ssh,0.5920398009950248,shared,satisfactory
ssh,0.29554655870445345,shared,sir
ssh,0.245136186770428,shared,one
ssh,0.4611872146118721,shared,portrait
ssh,0.4611872146118721,shared,gay
ssh,0.30612244897959184,shared,getting
ssh,0.7582417582417582,shared,christ
ssh,0.5023474178403756,shared,severe
ssh,0.19402985074626866,b_only,fancies
ssh,0.6,shared,possess
ssh,1.0,a_only,consonants
ssh,1.0,a_only,nobel
ssh,0.3445378151260504,shared,somewhat
ssh,1.0,a_only,abjad
ssh,0.5920398009950248,shared,chicken
ssh,0.2648221343873518,shared,makes
ssh,0.6931216931216931,shared,levi
ssh,0.5384615384615384,shared,wanting
ssh,1.0,a_only,animistic
ssh,0.6161616161616161,shared,preceding
ssh,1.0,a_only,denmark
ssh,0.7112299465240641,shared,violin
ssh,0.7877094972067039,shared,meetings
ssh,0.39737991266375544,shared,song
ssh,0.10726643598615918,b_only,shone
ssh,0.4479638009049774,shared,client
ssh,0.5686274509803921,shared,seemingly
ssh,1.0,a_only,argentina
ssh,1.0,a_only,philadelphia
ssh,0.13074204946996468,b_only,mouths
ssh,1.0,a_only,compound
ssh,1.0,a_only,module
ssh,0.1387900355871886,b_only,amazement
ssh,0.7582417582417582,shared,modest
ssh,1.0,a_only,processes
ssh,0.391304347826087,shared,kiss
ssh,0.6161616161616161,shared,dollar
ssh,0.39737991266375544,shared,powerful
ssh,0.0847457627118644,b_only,stared
ssh,0.30612244897959184,shared,show
ssh,1.0,a_only,performing
ssh,0.7486338797814208,shared,seed
ssh,1.0,a_only,bomb
ssh,1.0,a_only,diplomatic
ssh,1.0,a_only,finals
ssh,1.0,a_only,austria
ssh,0.797752808988764,shared,dependent
ssh,1.0,a_only,emancipation
ssh,0.4349775784753363,shared,dust
ssh,1.0,a_only,carlos
ssh,0.5686274509803921,shared,howl
ssh,0.25,shared,poor
ssh,0.21212121212121213,b_only,console
ssh,1.0,a_only,francisco
ssh,0.5165876777251185,shared,jacket
ssh,0.285140562248996,shared,wouldn
ssh,1.0,a_only,digits
ssh,1.0,a_only,vietnamese
ssh,1.0,a_only,taggart
ssh,0.7679558011049724,shared,perseverance
ssh,0.3793103448275862,shared,crowd
ssh,0.09965635738831616,b_only,hurry
ssh,0.797752808988764,shared,governed
ssh,0.5533980582524272,shared,entire
ssh,0.7021276595744681,shared,covering
ssh,1.0,a_only,lutheran
ssh,1.0,a_only,aliens
ssh,0.5311004784688995,shared,education
ssh,0.5165876777251185,shared,reflect
ssh,0.5841584158415841,shared,sixteen
ssh,0.5238095238095238,shared,unusual
ssh,1.0,a_only,keyboards
ssh,1.0,a_only,magnetic
ssh,0.6,shared,allowing
ssh,0.3389121338912134,shared,woods
ssh,0.7486338797814208,shared,killing
ssh,0.12280701754385964,b_only,rattle
ssh,1.0,a_only,christianity
ssh,0.30612244897959184,shared,ago
ssh,0.44144144144144143,shared,language
ssh,0.19402985074626866,b_only,darkened
ssh,1.0,a_only,milne
ssh,0.5686274509803921,shared,popular
ssh,0.5165876777251185,shared,attempted
ssh,0.11888111888111888,b_only,commence
ssh,0.7777777777777778,shared,trail
ssh,0.40350877192982454,shared,dawn
ssh,0.7112299465240641,shared,eloquence
ssh,1.0,a_only,debate
ssh,0.11498257839721254,b_only,secrecy
ssh,0.6494845360824743,shared,buttons
ssh,0.5238095238095238,shared,feather
ssh,1.0,a_only,linguistic
ssh,0.807909604519774,shared,treason
ssh,1.0,a_only,denies
ssh,0.20300751879699247,b_only,18
ssh,0.6410256410256411,shared,access
ssh,0.08843537414965986,b_only,delighted
ssh,1.0,a_only,anarcho
ssh,0.5686274509803921,shared,instruments
ssh,1.0,a_only,altruists
ssh,1.0,a_only,ambrose
ssh,0.3793103448275862,shared,forth
ssh,0.8390804597701149,shared,raw
ssh,1.0,a_only,controversial
ssh,1.0,a_only,agnetha
ssh,1.0,a_only,adams
ssh,0.6931216931216931,shared,provisions
ssh,0.7021276595744681,shared,vehicle
ssh,1.0,a_only,pr
ssh,0.7297297297297297,shared,emergency
ssh,1.0,a_only,crater
ssh,0.7679558011049724,shared,liberal
ssh,0.7021276595744681,shared,threatened
ssh,0.3389121338912134,shared,address
ssh,1.0,a_only,roman
ssh,0.5686274509803921,shared,ribbon
ssh,1.0,a_only,environmental
ssh,0.45454545454545453,shared,james
ssh,0.7112299465240641,shared,stress
ssh,1.0,a_only,negation
ssh,0.3008130081300813,shared,filled
ssh,0.5094339622641509,shared,injured
ssh,0.2648221343873518,shared,men
ssh,1.0,a_only,termed
ssh,0.6931216931216931,shared,foe
ssh,1.0,a_only,imagery
ssh,0.40350877192982454,shared,lately
ssh,0.8497109826589595,shared,chronicle
ssh,0.5384615384615384,shared,succeed
ssh,0.7777777777777778,shared,investigations
ssh,0.0847457627118644,b_only,moonlight
ssh,1.0,a_only,adds
ssh,0.30612244897959184,shared,trust
ssh,0.6931216931216931,shared,riddle
ssh,0.7486338797814208,shared,accuse
ssh,1.0,a_only,depending
ssh,0.675392670157068,shared,prevail
ssh,0.5384615384615384,shared,detail
ssh,0.17216117216117216,shared,mr
ssh,0.6326530612244898,shared,everyone
ssh,1.0,a_only,zealand
ssh,0.3559322033898305,shared,kill
ssh,0.5458937198067633,shared,million
ssh,0.5458937198067633,shared,dragged
ssh,1.0,a_only,declares
ssh,1.0,a_only,capitalists
ssh,0.20754716981132076,b_only,inconvenience
ssh,0.5763546798029556,shared,spreading
ssh,1.0,a_only,surveys
ssh,0.4611872146118721,shared,grass
ssh,1.0,a_only,negotiations
ssh,0.5920398009950248,shared,control
ssh,0.09965635738831616,b_only,nigh
ssh,0.3559322033898305,shared,couple
ssh,0.6410256410256411,shared,oxford
ssh,0.3008130081300813,shared,questions
ssh,1.0,a_only,apatosaurus
ssh,1.0,a_only,colonies
ssh,0.3852813852813853,shared,gently
ssh,0.3617021276595745,shared,interrupted
ssh,0.28,shared,henry
ssh,1.0,a_only,monks
ssh,0.3168724279835391,shared,distance
ssh,1.0,a_only,integer
ssh,0.25984251968503935,shared,think
ssh,0.6243654822335025,shared,commission
ssh,0.19850187265917604,b_only,dagger
ssh,1.0,a_only,premier
ssh,1.0,a_only,physiology
ssh,0.5609756097560976,shared,reynolds
ssh,0.5238095238095238,shared,uncertain
ssh,0.6,shared,strangers
ssh,1.0,a_only,arians
ssh,1.0,a_only,polish
ssh,0.22137404580152673,b_only,curls
ssh,1.0,a_only,ethnic
ssh,0.7777777777777778,shared,inherited
ssh,0.7112299465240641,shared,lee
ssh,1.0,a_only,pp
ssh,1.0,a_only,trojan
ssh,0.415929203539823,shared,recalled
ssh,0.4883720930232558,shared,companions
ssh,1.0,a_only,abacus
ssh,1.0,a_only,confederate
ssh,1.0,a_only,administrator
ssh,0.3617021276595745,shared,plain
ssh,0.7877094972067039,shared,wars
ssh,1.0,a_only,toxic
ssh,1.0,a_only,traditional
ssh,0.25,shared,like
ssh,0.5238095238095238,shared,reflections
ssh,0.28,shared,around
ssh,1.0,a_only,assumption
ssh,0.24031007751937986,b_only,faintly
ssh,1.0,a_only,fide
ssh,0.6410256410256411,shared,images
ssh,1.0,a_only,revolt
ssh,0.2698412698412698,shared,whether
ssh,0.47465437788018433,shared,introduced
ssh,1.0,a_only,role
ssh,1.0,a_only,dutch
ssh,1.0,a_only,colonial
ssh,1.0,a_only,debated
ssh,0.32231404958677684,shared,books
ssh,1.0,a_only,molecule
ssh,1.0,a_only,variations
ssh,0.5238095238095238,shared,animals
ssh,0.1347517730496454,b_only,darcy
ssh,0.675392670157068,shared,services
ssh,0.20300751879699247,b_only,ebook
ssh,1.0,a_only,reflects
ssh,0.23552123552123552,shared,en
ssh,1.0,a_only,fleece
ssh,0.21673003802281368,b_only,citizeness
ssh,0.7297297297297297,shared,push
ssh,1.0,a_only,applies
ssh,0.28,shared,other
ssh,0.24031007751937986,b_only,watchman
ssh,0.45454545454545453,shared,persons
ssh,0.350210970464135,shared,feared
ssh,0.7297297297297297,shared,disturbing
ssh,1.0,a_only,tribes
ssh,1.0,a_only,center
ssh,0.7486338797814208,shared,guitar
ssh,1.0,a_only,definition
ssh,0.7679558011049724,shared,herbs
ssh,0.7021276595744681,shared,encountered
ssh,0.3559322033898305,shared,colonel
ssh,0.7679558011049724,shared,arisen
ssh,0.5023474178403756,shared,list
ssh,0.29554655870445345,shared,wild
ssh,0.6,shared,gathering
ssh,1.0,a_only,server
ssh,0.5841584158415841,shared,exhibit
ssh,0.47465437788018433,shared,suffering
ssh,0.1111111111111111,b_only,rusty
ssh,1.0,a_only,hydrochloric
ssh,1.0,a_only,restrictions
ssh,0.6931216931216931,shared,illustrations
ssh,0.5763546798029556,shared,complexion
ssh,1.0,a_only,calculus
ssh,1.0,a_only,disputes
ssh,0.12280701754385964,b_only,circumstance
ssh,1.0,a_only,franklin
ssh,0.7021276595744681,shared,infant
ssh,0.17647058823529413,b_only,spoon
ssh,1.0,a_only,amide
ssh,1.0,a_only,ethical
ssh,0.6494845360824743,shared,punished
ssh,0.2648221343873518,shared,hard
ssh,0.6842105263157895,shared,repeatedly
ssh,0.12280701754385964,b_only,jumping
ssh,1.0,a_only,restricted
ssh,0.21673003802281368,b_only,watchful
ssh,0.12280701754385964,b_only,ashamed
ssh,1.0,a_only,abjads
ssh,0.3617021276595745,shared,front
ssh,0.19402985074626866,b_only,intimacy
ssh,0.6080402010050251,shared,embraced
ssh,0.40969162995594716,shared,fail
ssh,0.6243654822335025,shared,furnished
ssh,1.0,a_only,atheistic
ssh,0.06666666666666667,b_only,uneasy
ssh,0.7582417582417582,shared,impressive
ssh,1.0,a_only,theological
ssh,0.7021276595744681,shared,readers
ssh,1.0,a_only,sultan
ssh,1.0,a_only,armstrong
ssh,0.46788990825688076,shared,thick
ssh,0.48148148148148145,shared,ghost
ssh,0.5841584158415841,shared,meat
ssh,1.0,a_only,nominated
ssh,0.7877094972067039,shared,analysis
ssh,1.0,a_only,acupuncture
ssh,0.7021276595744681,shared,producing
ssh,0.6842105263157895,shared,robert
ssh,1.0,a_only,solving
ssh,0.22137404580152673,b_only,fashionable
ssh,1.0,a_only,ac
ssh,0.7679558011049724,shared,grandson
ssh,0.20754716981132076,b_only,tumbling
ssh,0.10344827586206896,b_only,forehead
ssh,0.19402985074626866,b_only,openshaw
ssh,0.7204301075268817,shared,discharge
ssh,1.0,a_only,lovelace
ssh,1.0,a_only,coverage
ssh,0.3333333333333333,shared,crime
ssh,1.0,a_only,fluid
ssh,0.16363636363636364,shared,he
ssh,0.6410256410256411,shared,assembly
ssh,0.6494845360824743,shared,vital
ssh,0.20300751879699247,b_only,afforded
ssh,0.17647058823529413,b_only,pap
ssh,1.0,a_only,angeles
ssh,1.0,a_only,genesis
ssh,0.19402985074626866,b_only,cousins
ssh,0.5458937198067633,shared,agent
ssh,0.5384615384615384,shared,throwing
ssh,1.0,a_only,alexander
ssh,0.285140562248996,shared,except
ssh,0.5458937198067633,shared,gas
ssh,1.0,a_only,crystalline
ssh,1.0,a_only,profile
ssh,0.21673003802281368,b_only,spaniard
ssh,0.245136186770428,shared,full
ssh,1.0,a_only,locations
ssh,0.3114754098360656,shared,best
ssh,0.675392670157068,shared,area
ssh,1.0,a_only,behavior
ssh,1.0,a_only,cambrian
ssh,1.0,a_only,marcus
ssh,0.3114754098360656,shared,ever
ssh,1.0,a_only,correction
ssh,0.6580310880829016,shared,identify
ssh,0.6080402010050251,shared,attempts
ssh,0.6161616161616161,shared,probability
ssh,0.3793103448275862,shared,un
ssh,0.5609756097560976,shared,vanity
ssh,0.3278008298755187,shared,eye
ssh,0.7297297297297297,shared,sighted
ssh,1.0,a_only,activities
ssh,1.0,a_only,revolutionary
ssh,1.0,a_only,compete
ssh,0.7391304347826086,shared,lasts
ssh,0.2260536398467433,shared,are
ssh,0.5763546798029556,shared,rapid
ssh,1.0,a_only,reconstruction
ssh,1.0,a_only,beta
ssh,1.0,a_only,paintings
ssh,0.7486338797814208,shared,refined
ssh,1.0,a_only,athabasca
ssh,0.4953271028037383,shared,ordinary
ssh,1.0,a_only,temperatures
ssh,1.0,a_only,reaches
ssh,1.0,a_only,tours
ssh,0.6326530612244898,shared,convenient
ssh,0.2648221343873518,shared,if
ssh,0.8181818181818182,shared,destitute
ssh,1.0,a_only,omega
ssh,0.6410256410256411,shared,drift
ssh,1.0,a_only,orwell
ssh,0.18518518518518517,b_only,thoughtfully
ssh,0.285140562248996,shared,means
ssh,1.0,a_only,op
ssh,1.0,a_only,authoritarian
ssh,0.0958904109589041,b_only,snatched
ssh,0.32231404958677684,shared,die
ssh,0.19402985074626866,b_only,innocence
ssh,1.0,a_only,lacking
ssh,1.0,a_only,camus
ssh,0.7679558011049724,shared,obscurity
ssh,0.6666666666666666,shared,extracts
ssh,1.0,a_only,santa
ssh,0.5920398009950248,shared,objections
ssh,0.29554655870445345,shared,sight
ssh,1.0,a_only,affecting
ssh,0.14695340501792115,b_only,disposed
ssh,0.7679558011049724,shared,diamond
ssh,1.0,a_only,administration
ssh,0.3559322033898305,shared,john
ssh,1.0,a_only,eu
ssh,0.5094339622641509,shared,selfish
ssh,1.0,a_only,albedo
ssh,0.5609756097560976,shared,passionate
ssh,1.0,a_only,camera
ssh,0.797752808988764,shared,chemist
ssh,0.7486338797814208,shared,ceremonies
ssh,0.4611872146118721,shared,reasonable
ssh,0.2749003984063745,shared,making
ssh,1.0,a_only,alp
ssh,0.7679558011049724,shared,guided
ssh,1.0,a_only,dynasties
ssh,0.20754716981132076,b_only,hasn
ssh,1.0,a_only,asia
ssh,0.11498257839721254,b_only,glancing
ssh,0.415929203539823,shared,thunder
ssh,0.11888111888111888,b_only,envelope
ssh,0.3852813852813853,shared,adventure
ssh,0.4349775784753363,shared,tall
ssh,0.675392670157068,shared,turkey
ssh,1.0,a_only,touring
ssh,0.6080402010050251,shared,parish
ssh,1.0,a_only,cuisine
ssh,0.285140562248996,shared,living
ssh,0.1347517730496454,b_only,crawled
ssh,1.0,a_only,martin
ssh,0.10726643598615918,b_only,sunset
ssh,1.0,a_only,prussia
ssh,0.20300751879699247,b_only,plunged
ssh,0.3793103448275862,shared,single
ssh,0.4611872146118721,shared,equal
ssh,0.5238095238095238,shared,tiger
ssh,1.0,a_only,contributions
ssh,1.0,a_only,commercial
ssh,0.6410256410256411,shared,existed
ssh,1.0,a_only,minerals
ssh,1.0,a_only,users
ssh,0.3114754098360656,shared,order
ssh,0.2260536398467433,b_only,dipped
ssh,0.09215017064846416,b_only,yours
ssh,0.6666666666666666,shared,overwhelmed
ssh,0.08843537414965986,b_only,forgive
ssh,1.0,a_only,unification
ssh,0.2749003984063745,shared,begun
ssh,0.25,shared,shadow
ssh,0.4479638009049774,shared,mountain
ssh,0.4953271028037383,shared,chamber
ssh,0.23552123552123552,b_only,deduce
ssh,1.0,a_only,defenders
ssh,0.2549019607843137,shared,turn
ssh,0.4349775784753363,shared,nonsense
ssh,0.2698412698412698,shared,times
ssh,0.3793103448275862,shared,creatures
ssh,0.6,shared,communicate
ssh,1.0,a_only,equipment
ssh,1.0,a_only,nero
ssh,1.0,a_only,hitler
ssh,0.6,shared,interests
ssh,1.0,a_only,mesopotamia
ssh,1.0,a_only,ceres
ssh,0.7486338797814208,shared,akin
ssh,1.0,a_only,diagram
ssh,1.0,a_only,conspiracy
ssh,1.0,a_only,factor
ssh,1.0,a_only,hymns
ssh,1.0,a_only,bbc
ssh,1.0,a_only,borman
ssh,1.0,a_only,mil
ssh,1.0,a_only,extinct
ssh,1.0,a_only,sites
ssh,0.6580310880829016,shared,behold
ssh,1.0,a_only,albania
ssh,0.6410256410256411,shared,saving
ssh,0.15942028985507245,b_only,carpet
ssh,1.0,a_only,welsh
ssh,0.4479638009049774,shared,abandoned
ssh,1.0,a_only,skylab
ssh,0.19850187265917604,b_only,policeman
ssh,0.5609756097560976,shared,quantity
ssh,1.0,a_only,medal
ssh,0.20754716981132076,b_only,phonograph
ssh,0.4883720930232558,shared,attached
ssh,1.0,a_only,sporting
ssh,0.20300751879699247,b_only,presume
ssh,0.29554655870445345,shared,struck
ssh,0.4953271028037383,shared,october
ssh,0.4222222222222222,shared,alan
ssh,1.0,a_only,recordings
ssh,1.0,a_only,jazz
ssh,0.5023474178403756,shared,tossed
ssh,0.46788990825688076,shared,accompanied
ssh,0.675392670157068,shared,newspapers
ssh,0.21212121212121213,b_only,memorandum
ssh,1.0,a_only,initially
ssh,1.0,a_only,machinery
ssh,0.7391304347826086,shared,limits
ssh,1.0,a_only,chinese
ssh,0.893491124260355,shared,forests
ssh,0.6842105263157895,shared,classes
ssh,1.0,a_only,currently
ssh,0.5238095238095238,shared,elsewhere
ssh,1.0,a_only,commissioned
ssh,0.7297297297297297,shared,intentions
ssh,0.3168724279835391,shared,sister
ssh,1.0,a_only,impact
ssh,1.0,a_only,oxide
ssh,0.3168724279835391,shared,general
ssh,1.0,a_only,mineral
ssh,0.7391304347826086,shared,restoring
ssh,0.5920398009950248,shared,ideal
ssh,1.0,a_only,arabic
ssh,0.6161616161616161,shared,desires
ssh,0.7877094972067039,shared,memorable
ssh,0.08843537414965986,b_only,funny
ssh,0.28,shared,mind
ssh,0.4479638009049774,shared,receive
ssh,1.0,a_only,african
ssh,0.2698412698412698,shared,seems
ssh,0.19850187265917604,b_only,paddle
ssh,0.19850187265917604,b_only,pepper
ssh,0.7486338797814208,shared,gestures
ssh,0.3617021276595745,shared,generally
ssh,0.5238095238095238,shared,holes
ssh,0.5763546798029556,shared,invented
ssh,0.6,shared,smaller
ssh,1.0,a_only,contains
ssh,0.2749003984063745,shared,half
ssh,0.10726643598615918,b_only,stupid
ssh,0.4883720930232558,shared,hotel
ssh,1.0,a_only,macedon
ssh,0.19402985074626866,b_only,reck
ssh,0.5841584158415841,shared,secured
ssh,0.10344827586206896,b_only,comprehend
ssh,1.0,a_only,dsm
ssh,0.6410256410256411,shared,italian
ssh,0.1895910780669145,b_only,dern
ssh,0.6410256410256411,shared,coins
ssh,1.0,a_only,density
ssh,1.0,a_only,portions
ssh,0.40969162995594716,shared,affair
ssh,0.4349775784753363,shared,coloured
ssh,1.0,a_only,orient
ssh,0.5920398009950248,shared,iv
ssh,0.0958904109589041,b_only,keeper
ssh,0.19402985074626866,b_only,doomed
ssh,1.0,a_only,characterized
ssh,1.0,a_only,develop
ssh,0.2749003984063745,shared,act
ssh,0.45454545454545453,shared,behaviour
ssh,1.0,a_only,amendment
ssh,1.0,a_only,gases
ssh,0.245136186770428,shared,be
ssh,0.5094339622641509,shared,war
ssh,0.675392670157068,shared,discoveries
ssh,0.675392670157068,shared,complied
ssh,0.415929203539823,shared,cabin
ssh,0.6326530612244898,shared,lifting
ssh,1.0,a_only,identical
ssh,0.4883720930232558,shared,grey
ssh,0.5311004784688995,shared,lake
ssh,0.21673003802281368,b_only,unlocked
ssh,0.350210970464135,shared,cat
ssh,1.0,a_only,reactions
ssh,0.3389121338912134,shared,garden
ssh,0.1552346570397112,b_only,shudder
ssh,1.0,a_only,commercially
ssh,0.7112299465240641,shared,largely
ssh,0.5533980582524272,shared,victor
ssh,1.0,a_only,ammunition
ssh,0.7204301075268817,shared,uses
ssh,0.14695340501792115,b_only,shoved
ssh,0.3114754098360656,shared,basil
ssh,0.39737991266375544,shared,impression
ssh,0.6842105263157895,shared,grab
ssh,0.6842105263157895,shared,fortress
ssh,0.5311004784688995,shared,h
ssh,0.6410256410256411,shared,eligible
ssh,0.6580310880829016,shared,emphasis
ssh,1.0,a_only,atheism
ssh,0.19850187265917604,b_only,trance
ssh,1.0,a_only,gabon
ssh,1.0,a_only,presidents
ssh,1.0,a_only,apostolic
ssh,0.5920398009950248,shared,argue
ssh,1.0,a_only,fisheries
ssh,0.3333333333333333,shared,year
ssh,1.0,a_only,bus
ssh,0.7582417582417582,shared,boundary
ssh,0.5238095238095238,shared,guilty
ssh,0.7297297297297297,shared,twentieth
ssh,0.5094339622641509,shared,decidedly
ssh,1.0,a_only,surfaces
ssh,1.0,a_only,jungle
ssh,1.0,a_only,defenses
ssh,0.7112299465240641,shared,maker
ssh,0.5686274509803921,shared,unfortunately
ssh,0.6666666666666666,shared,included
ssh,0.7021276595744681,shared,praised
ssh,0.4611872146118721,shared,faced
ssh,0.3793103448275862,shared,office
ssh,0.5609756097560976,shared,glorious
ssh,1.0,a_only,relevant
ssh,1.0,a_only,qutb
ssh,0.7204301075268817,shared,circles
ssh,0.5841584158415841,shared,keen
ssh,1.0,a_only,scheduled
ssh,0.45454545454545453,shared,served
ssh,0.40969162995594716,shared,clearly
ssh,0.285140562248996,shared,empty
ssh,1.0,a_only,zionism
ssh,0.2549019607843137,shared,need
ssh,0.5384615384615384,shared,v
ssh,0.6842105263157895,shared,entertainment
ssh,0.3114754098360656,shared,shaking
ssh,1.0,a_only,defendant
ssh,1.0,a_only,roles
ssh,0.24031007751937986,shared,pleasure
ssh,0.3008130081300813,shared,some
ssh,0.5841584158415841,shared,sail
ssh,0.5165876777251185,shared,german
ssh,0.285140562248996,shared,perhaps
ssh,0.2698412698412698,shared,business
ssh,0.2698412698412698,shared,jane
ssh,0.7204301075268817,shared,manifested
ssh,0.3852813852813853,shared,diary
ssh,0.4222222222222222,shared,presented
ssh,0.7582417582417582,shared,caves
ssh,1.0,a_only,associative
ssh,0.3278008298755187,shared,failed
ssh,1.0,a_only,synthesis
ssh,0.0738255033557047,b_only,sibyl
ssh,0.807909604519774,shared,handwriting
ssh,1.0,a_only,plural
ssh,0.3445378151260504,shared,speech
ssh,0.7877094972067039,shared,requiring
ssh,0.4611872146118721,shared,wear
ssh,0.675392670157068,shared,xii
ssh,0.7112299465240641,shared,calf
ssh,1.0,a_only,abraxas
ssh,0.7679558011049724,shared,proportions
ssh,1.0,a_only,amine
ssh,0.21673003802281368,b_only,wid
ssh,0.5311004784688995,shared,ignorance
ssh,1.0,a_only,tourists
ssh,1.0,a_only,subordinate
ssh,0.7582417582417582,shared,acceptance
ssh,1.0,a_only,versa
ssh,0.3114754098360656,shared,hid
ssh,0.5458937198067633,shared,accepted
ssh,0.4222222222222222,shared,lantern
ssh,0.5533980582524272,shared,elderly
ssh,0.415929203539823,shared,previous
ssh,0.5238095238095238,shared,nearest
ssh,0.5311004784688995,shared,examination
ssh,0.7297297297297297,shared,cease
ssh,0.19402985074626866,b_only,forgetting
ssh,0.25,shared,them
ssh,1.0,a_only,lunar
ssh,1.0,a_only,pamphlet
ssh,1.0,a_only,artifacts
ssh,1.0,a_only,swedish
ssh,1.0,a_only,chicago
ssh,1.0,a_only,displays
ssh,1.0,a_only,designer
ssh,1.0,a_only,charts
ssh,0.6,shared,leather
ssh,0.3278008298755187,shared,sick
ssh,1.0,a_only,halley
ssh,0.1510791366906475,b_only,roses
ssh,0.40350877192982454,shared,seek
ssh,1.0,a_only,files
ssh,0.40350877192982454,shared,removed
ssh,0.1510791366906475,shared,s
ssh,0.7582417582417582,shared,attractive
ssh,1.0,a_only,victorian
ssh,0.3278008298755187,shared,meaning
ssh,0.8181818181818182,shared,grows
ssh,1.0,a_only,imported
ssh,1.0,a_only,elliott
ssh,1.0,a_only,fails
ssh,1.0,a_only,fertilizer
ssh,0.2260536398467433,b_only,kirwin
ssh,0.2749003984063745,shared,soon
ssh,0.7391304347826086,shared,trading
ssh,0.6410256410256411,shared,milk
ssh,0.5920398009950248,shared,enabled
ssh,0.6410256410256411,shared,supplied
ssh,0.4349775784753363,shared,progress
ssh,1.0,a_only,animalia
ssh,1.0,a_only,economists
ssh,1.0,a_only,analytical
ssh,1.0,a_only,disciplines
ssh,1.0,a_only,obsolete
ssh,1.0,a_only,caribbean
ssh,1.0,a_only,asl
ssh,0.7877094972067039,shared,covers
ssh,1.0,a_only,complexity
ssh,0.0958904109589041,b_only,gentlemen
ssh,1.0,a_only,bayer
ssh,1.0,a_only,liver
ssh,0.5841584158415841,shared,orleans
ssh,0.8181818181818182,shared,ensure
ssh,1.0,a_only,alkane
ssh,0.7582417582417582,shared,psychological
ssh,1.0,a_only,nationalism
ssh,0.21212121212121213,b_only,intolerable
ssh,0.7204301075268817,shared,italy
ssh,0.1387900355871886,b_only,gazed
ssh,0.5763546798029556,shared,foul
ssh,0.40969162995594716,shared,niggers
ssh,0.12280701754385964,b_only,torture
ssh,1.0,a_only,critics
ssh,1.0,a_only,illegal
ssh,1.0,a_only,albatrosses
ssh,1.0,a_only,momentum
ssh,0.7391304347826086,shared,roger
ssh,0.5841584158415841,shared,cigarette
ssh,0.2698412698412698,shared,side
ssh,0.7582417582417582,shared,expensive
ssh,0.14285714285714285,b_only,impatience
ssh,1.0,a_only,reef
ssh,1.0,a_only,aalborg
ssh,1.0,a_only,producer
ssh,1.0,a_only,org
ssh,0.7679558011049724,shared,hebrew
ssh,1.0,a_only,feminist
ssh,0.7486338797814208,shared,load
ssh,1.0,a_only,nuclear
ssh,0.7391304347826086,shared,professions
ssh,0.3278008298755187,shared,places
ssh,0.4479638009049774,shared,intended
ssh,0.19850187265917604,b_only,scent
ssh,0.4883720930232558,shared,taught
ssh,0.22137404580152673,b_only,wilks
ssh,1.0,a_only,graphical
ssh,0.2903225806451613,shared,ask
ssh,0.7486338797814208,shared,debt
ssh,0.21212121212121213,b_only,frowned
ssh,0.6410256410256411,shared,testament
ssh,1.0,a_only,hans
ssh,0.6,shared,bloom
ssh,0.13074204946996468,b_only,pains
ssh,1.0,a_only,carroll
ssh,1.0,a_only,rebellion
ssh,0.5165876777251185,shared,questioning
ssh,0.7486338797814208,shared,confirmation
ssh,0.6243654822335025,shared,sufficiently
ssh,0.23552123552123552,shared,miss
ssh,1.0,a_only,agni
ssh,0.6243654822335025,shared,survive
ssh,1.0,a_only,capita
ssh,0.18518518518518517,b_only,tidings
ssh,1.0,a_only,teams
ssh,0.1111111111111111,b_only,jury
ssh,1.0,a_only,comics
ssh,0.7297297297297297,shared,dangers
ssh,0.7021276595744681,shared,owners
ssh,0.2260536398467433,b_only,relapse
ssh,0.3617021276595745,shared,understood
ssh,0.32231404958677684,shared,move
ssh,1.0,a_only,grants
ssh,0.5311004784688995,shared,sailor
ssh,0.17216117216117216,b_only,agin
ssh,0.3114754098360656,shared,ah
ssh,0.2903225806451613,shared,expression
ssh,1.0,a_only,types
ssh,0.6,shared,republican
ssh,0.29554655870445345,shared,didn
ssh,0.21673003802281368,shared,face
ssh,0.6410256410256411,shared,accent
ssh,0.40969162995594716,shared,supposed
ssh,1.0,a_only,ukrainian
ssh,0.7777777777777778,shared,reject
ssh,0.5023474178403756,shared,delivered
ssh,0.5763546798029556,shared,whales
ssh,0.7486338797814208,shared,employ
ssh,0.391304347826087,shared,lifted
ssh,0.6842105263157895,shared,solely
ssh,1.0,a_only,procedures
ssh,1.0,a_only,minnesota
ssh,0.7391304347826086,shared,invariably
ssh,0.7391304347826086,shared,district
ssh,0.5311004784688995,shared,admired
ssh,0.0738255033557047,b_only,folks
ssh,0.1895910780669145,b_only,shove
ssh,0.1510791366906475,b_only,motioned
ssh,0.4953271028037383,shared,concealed
ssh,0.3793103448275862,shared,asking
ssh,0.2648221343873518,shared,laugh
ssh,0.7679558011049724,shared,heated
ssh,0.6666666666666666,shared,structure
ssh,1.0,a_only,tournament
ssh,1.0,a_only,variant
ssh,1.0,a_only,licensing
ssh,0.4883720930232558,shared,original
ssh,0.350210970464135,shared,death
ssh,0.19402985074626866,b_only,shucks
ssh,0.285140562248996,shared,since
ssh,0.47465437788018433,shared,armed
ssh,0.6580310880829016,shared,allusion
ssh,1.0,a_only,comet
ssh,0.3008130081300813,shared,character
ssh,1.0,a_only,decreased
ssh,0.19402985074626866,b_only,superintendent
ssh,0.6666666666666666,shared,foundations
ssh,1.0,a_only,dubbed
ssh,0.09215017064846416,b_only,frightful
ssh,0.40969162995594716,shared,toward
ssh,0.415929203539823,shared,dim
ssh,0.09215017064846416,b_only,sid
ssh,0.46788990825688076,shared,revealed
ssh,0.7777777777777778,shared,wilderness
ssh,0.5841584158415841,shared,combined
ssh,0.5920398009950248,shared,distinguished
ssh,0.6931216931216931,shared,protest
ssh,0.415929203539823,shared,obliged
ssh,0.14285714285714285,b_only,fortunately
ssh,0.16363636363636364,b_only,bestow
ssh,1.0,a_only,willard
ssh,1.0,a_only,patterns
ssh,0.7297297297297297,shared,depressed
ssh,0.6931216931216931,shared,bottles
ssh,0.4479638009049774,shared,favourite
ssh,0.3793103448275862,shared,degree
ssh,0.415929203539823,shared,french
ssh,1.0,a_only,cult
ssh,0.40350877192982454,shared,bag
ssh,0.12280701754385964,shared,him
ssh,0.6161616161616161,shared,solved
ssh,0.3168724279835391,shared,lord
ssh,1.0,a_only,statues
ssh,1.0,a_only,includes
ssh,1.0,a_only,adobe
ssh,1.0,a_only,processor
ssh,1.0,a_only,exports
ssh,0.5686274509803921,shared,interfere
ssh,0.09965635738831616,b_only,instinct
ssh,0.7297297297297297,shared,chemistry
ssh,0.6080402010050251,shared,mothers
ssh,0.5458937198067633,shared,flight
ssh,1.0,a_only,caiman
ssh,0.6666666666666666,shared,rivers
ssh,0.5686274509803921,shared,arrangement
ssh,0.4953271028037383,shared,treat
ssh,0.5458937198067633,shared,fourth
ssh,0.5763546798029556,shared,passes
ssh,0.6410256410256411,shared,drums
ssh,0.2698412698412698,shared,follow
ssh,0.09965635738831616,b_only,distress
ssh,1.0,a_only,arid
ssh,0.7877094972067039,shared,extending
ssh,0.7391304347826086,shared,planning
ssh,1.0,a_only,cars
ssh,0.8181818181818182,shared,miraculous
ssh,1.0,a_only,genera
ssh,0.18518518518518517,b_only,conceive
ssh,1.0,a_only,cushitic
ssh,0.6842105263157895,shared,diaries
ssh,0.5686274509803921,shared,hut
ssh,0.4479638009049774,shared,mysterious
ssh,0.7112299465240641,shared,sacrificed
ssh,0.4883720930232558,shared,south
ssh,1.0,a_only,television
ssh,0.245136186770428,shared,go
ssh,0.6410256410256411,shared,discussed
ssh,1.0,a_only,autism
ssh,0.4222222222222222,shared,names
ssh,1.0,a_only,agencies
ssh,0.3559322033898305,shared,below
ssh,0.19850187265917604,b_only,whaling
ssh,1.0,a_only,max
ssh,0.10726643598615918,b_only,blessing
ssh,0.18081180811808117,b_only,frost
ssh,1.0,a_only,lanka
ssh,0.7486338797814208,shared,dies
ssh,1.0,a_only,ibrahim
ssh,1.0,a_only,bilingual
ssh,1.0,a_only,phenomena
ssh,0.8285714285714286,shared,occurrence
ssh,0.8713450292397661,shared,conductor
ssh,0.1347517730496454,b_only,willingly
ssh,0.8285714285714286,shared,conducting
ssh,1.0,a_only,quote
ssh,1.0,a_only,animism
ssh,0.4222222222222222,shared,aid
ssh,0.285140562248996,shared,heart
ssh,1.0,a_only,predynastic
ssh,0.7777777777777778,shared,agrippa
ssh,1.0,a_only,semitic
ssh,0.7391304347826086,shared,construction
ssh,0.807909604519774,shared,withdraw
ssh,0.48148148148148145,shared,arranged
ssh,0.5311004784688995,shared,mass
ssh,0.6580310880829016,shared,reader
ssh,1.0,a_only,australian
ssh,1.0,a_only,anthropology
ssh,1.0,a_only,fernando
ssh,0.6666666666666666,shared,talents
ssh,0.5023474178403756,shared,reputation
ssh,0.5311004784688995,shared,dignity
ssh,0.7297297297297297,shared,wool
ssh,1.0,a_only,car
ssh,0.16363636363636364,b_only,communicated
ssh,1.0,a_only,rugby
ssh,1.0,a_only,propaganda
ssh,1.0,a_only,training
ssh,1.0,a_only,diameter
ssh,1.0,a_only,skilled
ssh,0.5841584158415841,shared,eaten
ssh,0.7777777777777778,shared,bone
ssh,1.0,a_only,ruling
ssh,0.4479638009049774,shared,mistaken
ssh,0.5384615384615384,shared,cap
ssh,1.0,a_only,outcome
ssh,0.46788990825688076,shared,humour
ssh,1.0,a_only,establishes
ssh,0.7391304347826086,shared,insect
ssh,1.0,a_only,andrew
ssh,0.8285714285714286,shared,shipping
ssh,0.6842105263157895,shared,opportunities
ssh,1.0,a_only,worldwide
ssh,0.7582417582417582,shared,judges
ssh,0.4953271028037383,shared,worthy
ssh,0.7582417582417582,shared,chord
ssh,1.0,a_only,geometric
ssh,1.0,a_only,chess
ssh,0.2549019607843137,shared,story
ssh,1.0,a_only,retaining
ssh,0.5920398009950248,shared,fat
ssh,0.797752808988764,shared,visions
ssh,1.0,a_only,attested
ssh,0.39737991266375544,shared,due
ssh,0.5023474178403756,shared,valley
ssh,1.0,a_only,playwright
ssh,0.350210970464135,shared,expect
ssh,0.19850187265917604,b_only,orgies
ssh,1.0,a_only,restaurant
ssh,0.30612244897959184,shared,hours
ssh,0.7679558011049724,shared,rounds
ssh,0.0847457627118644,b_only,hastily
ssh,0.10726643598615918,b_only,smile
ssh,0.6580310880829016,shared,stark
ssh,0.40350877192982454,shared,points
ssh,0.48148148148148145,shared,readily
ssh,0.7391304347826086,shared,emerge
ssh,0.245136186770428,shared,chance
ssh,0.21673003802281368,b_only,intending
ssh,0.15942028985507245,b_only,dined
ssh,1.0,a_only,nebraska
ssh,1.0,a_only,transportation
ssh,1.0,a_only,ally
ssh,1.0,a_only,helicopter
ssh,0.5763546798029556,shared,aged
ssh,0.23076923076923078,shared,make
ssh,0.5763546798029556,shared,centuries
ssh,1.0,a_only,archive
ssh,0.16363636363636364,b_only,swiftly
ssh,0.6842105263157895,shared,stretching
ssh,0.37339055793991416,shared,deeply
ssh,1.0,a_only,fetus
ssh,0.5609756097560976,shared,pillow
ssh,0.3389121338912134,shared,coming
ssh,0.7486338797814208,shared,flowing
ssh,0.7297297297297297,shared,degradation
ssh,1.0,a_only,epiphanius
ssh,1.0,a_only,surgery
ssh,0.415929203539823,shared,setting
ssh,0.6580310880829016,shared,boom
ssh,1.0,a_only,computing
ssh,0.5763546798029556,shared,applied
ssh,0.5920398009950248,shared,interview
ssh,0.2903225806451613,shared,after
ssh,0.3445378151260504,shared,third
ssh,0.7204301075268817,shared,airs
ssh,0.6080402010050251,shared,labours
ssh,0.6580310880829016,shared,speaker
ssh,0.5384615384615384,shared,false
ssh,0.3445378151260504,shared,mile
ssh,1.0,a_only,fuel
ssh,1.0,a_only,valentinian
ssh,0.40350877192982454,shared,adventures
ssh,0.36752136752136755,shared,coach
ssh,0.7297297297297297,shared,tar
ssh,1.0,a_only,colleges
ssh,1.0,a_only,elite
ssh,0.0958904109589041,b_only,endeavoured
ssh,0.6666666666666666,shared,associate
ssh,0.5686274509803921,shared,bend
ssh,0.45454545454545453,shared,cleared
ssh,0.797752808988764,shared,commit
ssh,0.6931216931216931,shared,salt
ssh,1.0,a_only,anglican
ssh,0.18518518518518517,b_only,coachman
ssh,0.5841584158415841,shared,victory
ssh,1.0,a_only,criticised
ssh,1.0,a_only,isomers
ssh,0.09965635738831616,b_only,nodded
ssh,0.6410256410256411,shared,remainder
ssh,0.37339055793991416,shared,thirty
ssh,1.0,a_only,sovereignty
ssh,0.7021276595744681,shared,inferior
ssh,1.0,a_only,anatolia
ssh,1.0,a_only,homepage
ssh,1.0,a_only,item
ssh,0.5841584158415841,shared,perceive
ssh,0.10344827586206896,b_only,wandered
ssh,0.8390804597701149,shared,sal
ssh,1.0,a_only,railroad
ssh,0.2698412698412698,b_only,garret
ssh,0.7582417582417582,shared,intelligible
ssh,1.0,a_only,genocide
ssh,0.7021276595744681,shared,gladly
ssh,0.6243654822335025,shared,contain
ssh,1.0,a_only,challenger
ssh,1.0,a_only,astronomy
ssh,0.285140562248996,shared,sense
ssh,0.22137404580152673,b_only,twas
ssh,0.6243654822335025,shared,posted
ssh,1.0,a_only,colorado
ssh,1.0,a_only,tissues
ssh,0.3333333333333333,shared,known
ssh,1.0,a_only,agamemnon
ssh,0.7777777777777778,shared,opens
ssh,0.40969162995594716,shared,stayed
ssh,0.29554655870445345,shared,thought
ssh,0.7679558011049724,shared,deliberate
ssh,1.0,a_only,plato
ssh,1.0,a_only,abolished
ssh,0.6842105263157895,shared,periods
ssh,0.2698412698412698,shared,promise
ssh,0.6326530612244898,shared,clergyman
ssh,1.0,a_only,conventional
ssh,1.0,a_only,benefits
ssh,0.675392670157068,shared,cutting
ssh,1.0,a_only,aligned
ssh,0.47465437788018433,shared,apple
ssh,0.8390804597701149,shared,samuel
ssh,0.13074204946996468,b_only,wreck
ssh,0.6580310880829016,shared,upward
ssh,0.19850187265917604,b_only,cavern
ssh,0.797752808988764,shared,clothing
ssh,1.0,a_only,denoted
ssh,0.3168724279835391,shared,set
ssh,0.5763546798029556,shared,rod
ssh,0.675392670157068,shared,resolve
ssh,0.807909604519774,shared,hints
ssh,0.8497109826589595,shared,vegetable
ssh,0.7021276595744681,shared,deceased
ssh,0.4349775784753363,shared,march
ssh,1.0,a_only,lincoln
ssh,0.09965635738831616,shared,her
ssh,0.3389121338912134,shared,arms
ssh,0.5311004784688995,shared,privilege
ssh,0.4222222222222222,shared,join
ssh,0.21673003802281368,b_only,emigrant
ssh,0.20754716981132076,b_only,nuther
ssh,0.45454545454545453,shared,deed
ssh,0.3617021276595745,shared,played
ssh,1.0,a_only,www
ssh,0.7877094972067039,shared,endurance
ssh,0.4479638009049774,shared,larger
ssh,1.0,a_only,circular
ssh,0.7582417582417582,shared,causing
ssh,0.7204301075268817,shared,educated
ssh,1.0,a_only,turkic
ssh,1.0,a_only,fm
ssh,1.0,a_only,babylon
ssh,0.675392670157068,shared,offices
ssh,0.2260536398467433,b_only,finer
ssh,1.0,a_only,unita
ssh,1.0,a_only,czech
ssh,1.0,a_only,jesuit
ssh,0.3852813852813853,shared,lies
ssh,1.0,a_only,structured
ssh,0.14695340501792115,shared,you
ssh,0.44144144144144143,shared,kinds
ssh,1.0,a_only,organised
ssh,1.0,a_only,branched
ssh,0.25984251968503935,shared,tried
ssh,1.0,a_only,interactions
ssh,1.0,a_only,tokyo
ssh,0.6410256410256411,shared,boards
ssh,0.7112299465240641,shared,plague
ssh,0.5609756097560976,shared,enormous
ssh,0.4222222222222222,shared,described
ssh,0.2260536398467433,b_only,confide
ssh,0.3278008298755187,shared,gray
ssh,0.19402985074626866,b_only,bully
ssh,1.0,a_only,affiliated
ssh,0.7486338797814208,shared,flood
ssh,0.3278008298755187,shared,because
ssh,1.0,a_only,seabed
ssh,0.1510791366906475,b_only,suspect
ssh,0.32231404958677684,shared,made
ssh,0.7877094972067039,shared,abandon
ssh,0.2749003984063745,shared,for
ssh,0.797752808988764,shared,retirement
ssh,0.5094339622641509,shared,pushed
ssh,1.0,a_only,randall
ssh,0.5311004784688995,shared,missing
ssh,0.3617021276595745,shared,rate
ssh,1.0,a_only,automorphisms
ssh,1.0,a_only,hollywood
ssh,0.3617021276595745,shared,drunk
ssh,0.5609756097560976,shared,landed
ssh,0.6326530612244898,shared,complex
ssh,0.5165876777251185,shared,personality
ssh,0.7877094972067039,shared,weakened
ssh,1.0,a_only,brian
ssh,1.0,a_only,evolved
ssh,1.0,a_only,additionally
ssh,0.7204301075268817,shared,toes
ssh,0.44144144144144143,shared,turns
ssh,0.3168724279835391,shared,this
ssh,0.24031007751937986,b_only,firmness
ssh,0.7204301075268817,shared,cord
ssh,1.0,a_only,crowley
ssh,1.0,a_only,invade
ssh,0.0958904109589041,b_only,cruncher
ssh,0.0958904109589041,b_only,bennet
ssh,1.0,a_only,contemporary
ssh,1.0,a_only,focus
ssh,0.5311004784688995,shared,prayers
ssh,0.25984251968503935,shared,us
ssh,0.807909604519774,shared,stripped
ssh,0.6410256410256411,shared,collect
ssh,0.4349775784753363,shared,kin
ssh,0.5533980582524272,shared,egg
ssh,0.0847457627118644,b_only,quitted
ssh,0.42857142857142855,shared,bringing
ssh,0.10726643598615918,b_only,warmth
ssh,1.0,a_only,sa
ssh,0.18081180811808117,b_only,eyelids
ssh,0.6931216931216931,shared,talent
ssh,0.6080402010050251,shared,unnatural
ssh,0.7486338797814208,shared,associations
ssh,0.10726643598615918,b_only,danced
ssh,1.0,a_only,remedies
ssh,0.7021276595744681,shared,pine
ssh,1.0,a_only,disc
ssh,1.0,a_only,fermented
ssh,1.0,a_only,accession
ssh,0.5686274509803921,shared,model
ssh,0.5311004784688995,shared,chest
ssh,0.19402985074626866,b_only,beautifully
ssh,0.1895910780669145,b_only,tut
ssh,1.0,a_only,awk
ssh,0.21212121212121213,shared,sure
ssh,1.0,a_only,funded
ssh,0.5841584158415841,shared,learning
ssh,0.20300751879699247,b_only,tongues
ssh,1.0,a_only,nearby
ssh,0.1347517730496454,b_only,rubbing
ssh,1.0,a_only,publishers
ssh,0.5533980582524272,shared,actions
ssh,0.7021276595744681,shared,manager
ssh,0.48148148148148145,shared,shallow
ssh,0.4349775784753363,shared,editions
ssh,1.0,a_only,monthly
ssh,0.2260536398467433,b_only,clearing
ssh,0.18518518518518517,b_only,grindstone
ssh,0.2698412698412698,shared,dead
ssh,0.25984251968503935,shared,leave
ssh,0.22137404580152673,shared,easy
ssh,0.08843537414965986,b_only,tear
ssh,1.0,a_only,replacement
ssh,0.2749003984063745,shared,ground
ssh,1.0,a_only,galt
ssh,1.0,a_only,radicals
ssh,1.0,a_only,atheists
ssh,1.0,a_only,volcanic
ssh,0.5686274509803921,shared,exposed
ssh,1.0,a_only,universally
ssh,0.7877094972067039,shared,sketch
ssh,1.0,a_only,exceptions
ssh,0.5841584158415841,shared,sink
ssh,1.0,a_only,michigan
ssh,0.29554655870445345,shared,doubt
ssh,0.4222222222222222,shared,grief
ssh,0.46788990825688076,shared,ordered
ssh,0.4611872146118721,shared,ideas
ssh,0.5311004784688995,shared,sugar
ssh,0.6580310880829016,shared,hail
ssh,1.0,a_only,controlled
ssh,1.0,a_only,outline
ssh,0.6243654822335025,shared,needles
ssh,0.18518518518518517,b_only,sticking
ssh,0.3559322033898305,shared,vain
ssh,0.5609756097560976,shared,occasional
ssh,0.5533980582524272,shared,mankind
ssh,1.0,a_only,melting
ssh,0.6,shared,succession
ssh,0.3114754098360656,shared,spirit
ssh,0.3114754098360656,shared,charge
ssh,1.0,a_only,ashmore
ssh,0.1111111111111111,b_only,slip
ssh,0.6326530612244898,shared,delayed
ssh,0.3278008298755187,shared,cause
ssh,1.0,a_only,finance
ssh,1.0,a_only,tv
ssh,1.0,a_only,organizations
ssh,0.46788990825688076,shared,precisely
ssh,0.29554655870445345,shared,madame
ssh,0.20754716981132076,b_only,cursed
ssh,1.0,a_only,nevada
ssh,0.7204301075268817,shared,aperture
ssh,0.3793103448275862,shared,luck
ssh,0.19850187265917604,b_only,27
ssh,1.0,a_only,summary
ssh,1.0,a_only,ruins
ssh,0.6080402010050251,shared,withdrew
ssh,1.0,a_only,primary
ssh,1.0,a_only,correctly
ssh,1.0,a_only,symbolism
ssh,0.7391304347826086,shared,dishes
ssh,1.0,a_only,octavian
ssh,0.29554655870445345,shared,young
ssh,0.4883720930232558,shared,immediate
ssh,0.4222222222222222,shared,weather
ssh,0.5238095238095238,shared,faster
ssh,0.5384615384615384,shared,studies
ssh,0.2549019607843137,shared,bring
ssh,0.3278008298755187,shared,soul
ssh,0.21212121212121213,b_only,escort
ssh,0.7391304347826086,shared,revival
ssh,0.5165876777251185,shared,upper
ssh,0.5165876777251185,shared,forever
ssh,1.0,a_only,improving
ssh,1.0,a_only,exhibits
ssh,1.0,a_only,surgical
ssh,0.3389121338912134,shared,surely
ssh,1.0,a_only,chairman
ssh,0.4883720930232558,shared,wet
ssh,0.19850187265917604,b_only,rags
ssh,0.7297297297297297,shared,transparent
ssh,0.7204301075268817,shared,respected
ssh,0.2648221343873518,shared,lady
ssh,1.0,a_only,irregular
ssh,0.8181818181818182,shared,supernatural
ssh,1.0,a_only,layer
ssh,0.5094339622641509,shared,valuable
ssh,1.0,a_only,advocates
ssh,1.0,a_only,biblical
ssh,0.32231404958677684,shared,worked
ssh,0.09965635738831616,b_only,cheek
ssh,0.2903225806451613,shared,take
ssh,0.5533980582524272,shared,cannon
ssh,0.4222222222222222,shared,stretched
ssh,1.0,a_only,trinity
ssh,0.7297297297297297,shared,slaughter
ssh,0.5458937198067633,shared,sheets
ssh,0.5238095238095238,shared,farther
ssh,0.29554655870445345,shared,opened
ssh,0.32231404958677684,shared,simple
ssh,1.0,a_only,hockey
ssh,0.7582417582417582,shared,perfection
ssh,0.7391304347826086,shared,carter
ssh,1.0,a_only,ski
ssh,0.3008130081300813,shared,watched
ssh,1.0,a_only,biography
ssh,1.0,a_only,permanently
ssh,0.5609756097560976,shared,request
ssh,1.0,a_only,odyssey
ssh,0.7112299465240641,shared,cottages
ssh,0.4222222222222222,shared,disappeared
ssh,0.4611872146118721,shared,centre
ssh,0.6410256410256411,shared,decline
ssh,0.7777777777777778,shared,intelligent
ssh,0.45454545454545453,shared,brandy
ssh,0.5458937198067633,shared,planned
ssh,1.0,a_only,classification
ssh,0.48148148148148145,shared,vanished
ssh,0.2749003984063745,shared,friend
ssh,1.0,a_only,presidential
ssh,1.0,a_only,diocese
ssh,0.25984251968503935,shared,followed
ssh,0.20300751879699247,b_only,tooth
ssh,0.807909604519774,shared,void
ssh,0.3008130081300813,shared,holmes
ssh,0.10344827586206896,b_only,impatient
ssh,0.5094339622641509,shared,mercy
ssh,0.5763546798029556,shared,jack
ssh,0.6931216931216931,shared,recovery
ssh,0.09965635738831616,b_only,trembling
ssh,0.15942028985507245,shared,she
ssh,0.7391304347826086,shared,edition
ssh,0.7297297297297297,shared,anglo
ssh,0.391304347826087,shared,offered
ssh,1.0,a_only,generals
ssh,0.6931216931216931,shared,throne
ssh,0.1895910780669145,b_only,pleaded
ssh,0.5686274509803921,shared,lift
ssh,0.5165876777251185,shared,dish
ssh,0.14695340501792115,b_only,lodge
ssh,1.0,a_only,annexed
ssh,1.0,a_only,boas
ssh,0.19402985074626866,b_only,abhorred
ssh,0.7777777777777778,shared,slope
ssh,0.47465437788018433,shared,committed
ssh,1.0,a_only,geology
ssh,0.46788990825688076,shared,spend
ssh,0.5686274509803921,shared,intellectual
ssh,1.0,a_only,agouti
ssh,0.11888111888111888,b_only,puzzled
ssh,0.5094339622641509,shared,apparent
ssh,0.2648221343873518,shared,thank
ssh,0.45454545454545453,shared,advance
ssh,0.5165876777251185,shared,native
ssh,1.0,a_only,cooperation
ssh,0.675392670157068,shared,merchant
ssh,0.1111111111111111,b_only,hawkins
ssh,1.0,a_only,admiral
ssh,0.5686274509803921,shared,corridor
ssh,0.44144144144144143,shared,approach
ssh,1.0,a_only,township
ssh,0.3008130081300813,shared,somebody
ssh,1.0,a_only,herbert
ssh,1.0,a_only,alpacas
ssh,1.0,a_only,essentially
ssh,0.2260536398467433,b_only,blankets
ssh,1.0,a_only,transition
ssh,1.0,a_only,jerusalem
ssh,0.5165876777251185,shared,content
ssh,0.6243654822335025,shared,willow
ssh,0.3793103448275862,shared,importance
ssh,0.6243654822335025,shared,superstition
ssh,0.5920398009950248,shared,owed
ssh,1.0,a_only,transmission
ssh,0.2648221343873518,shared,fine
ssh,0.3008130081300813,shared,conversation
ssh,0.21212121212121213,b_only,sincere
ssh,0.4953271028037383,shared,scotland
ssh,1.0,a_only,jacob
ssh,0.3793103448275862,shared,fifteen
ssh,0.20300751879699247,b_only,murmur
ssh,1.0,a_only,ahenobarbus
ssh,0.2903225806451613,shared,appeared
ssh,0.6842105263157895,shared,commands
ssh,1.0,a_only,louise
ssh,0.5238095238095238,shared,cards
ssh,0.5165876777251185,shared,enjoyed
ssh,0.17216117216117216,b_only,forster
ssh,1.0,a_only,nietzsche
ssh,1.0,a_only,featured
ssh,0.6931216931216931,shared,situated
ssh,1.0,a_only,proudhon
ssh,1.0,a_only,tiberius
ssh,1.0,a_only,climate
ssh,1.0,a_only,polynomial
ssh,0.6494845360824743,shared,voyages
ssh,0.245136186770428,shared,little
ssh,0.5165876777251185,shared,virtue
ssh,0.6243654822335025,shared,affect
ssh,0.1267605633802817,b_only,howling
ssh,1.0,a_only,ellis
ssh,1.0,a_only,coastline
ssh,0.675392670157068,shared,youthful
ssh,0.4222222222222222,shared,bill
ssh,1.0,a_only,pc
ssh,0.7679558011049724,shared,mice
ssh,0.6931216931216931,shared,fourteenth
ssh,0.47465437788018433,shared,required
ssh,0.5533980582524272,shared,neighbours
ssh,0.5458937198067633,shared,eyed
ssh,0.19402985074626866,b_only,unicorn
ssh,1.0,a_only,publisher
ssh,1.0,a_only,histories
ssh,0.19850187265917604,b_only,grip
ssh,0.5533980582524272,shared,acknowledged
ssh,0.6931216931216931,shared,minor
ssh,0.1111111111111111,b_only,pretending
ssh,1.0,a_only,anniversary
ssh,1.0,a_only,phoenician
ssh,0.5763546798029556,shared,crossing
ssh,1.0,a_only,items
ssh,1.0,a_only,aaron
ssh,1.0,a_only,franks
ssh,1.0,a_only,arc
ssh,1.0,a_only,botanical
ssh,0.4883720930232558,shared,created
ssh,1.0,a_only,membership
ssh,0.5763546798029556,shared,medical
ssh,0.7112299465240641,shared,governor
ssh,0.11498257839721254,b_only,lunch
ssh,1.0,a_only,manual
ssh,1.0,a_only,monuments
ssh,0.18081180811808117,b_only,frankenstein
ssh,1.0,a_only,amino
ssh,0.6,shared,responsible
ssh,0.11498257839721254,b_only,hideous
ssh,0.6580310880829016,shared,bath
ssh,1.0,a_only,ritual
ssh,1.0,a_only,amaranthus
ssh,1.0,a_only,melody
ssh,1.0,a_only,tommy
ssh,0.5763546798029556,shared,bob
ssh,0.4349775784753363,shared,leg
ssh,0.5686274509803921,shared,fled
ssh,1.0,a_only,uprising
ssh,1.0,a_only,plateau
ssh,0.1267605633802817,b_only,hiding
ssh,1.0,a_only,expansion
ssh,0.285140562248996,shared,town
ssh,0.5763546798029556,shared,resumed
ssh,0.7297297297297297,shared,vary
ssh,0.18081180811808117,b_only,frankly
ssh,1.0,a_only,sebastian
ssh,0.47465437788018433,shared,tools
ssh,1.0,a_only,guy
ssh,0.5165876777251185,shared,profession
ssh,0.6410256410256411,shared,threatening
ssh,1.0,a_only,goddess
ssh,1.0,a_only,forums
ssh,0.7582417582417582,shared,pursuits
ssh,0.7204301075268817,shared,filed
ssh,0.5920398009950248,shared,assurance
ssh,0.4883720930232558,shared,reflected
ssh,0.4883720930232558,shared,clue
ssh,0.675392670157068,shared,score
ssh,0.675392670157068,shared,acknowledge
ssh,1.0,a_only,cambodia
ssh,1.0,a_only,stuart
ssh,1.0,a_only,consensus
ssh,1.0,a_only,assassination
ssh,0.3168724279835391,shared,trees
ssh,1.0,a_only,appellate
ssh,1.0,a_only,cinema
ssh,1.0,a_only,venice
ssh,0.7391304347826086,shared,discouraged
ssh,1.0,a_only,beatles
ssh,0.30612244897959184,shared,circumstances
ssh,0.3852813852813853,shared,sisters
ssh,1.0,a_only,implementations
ssh,0.10344827586206896,b_only,kindness
ssh,1.0,a_only,voted
ssh,0.40969162995594716,shared,dollars
ssh,1.0,a_only,crusade
ssh,1.0,a_only,drama
ssh,0.36752136752136755,shared,beside
ssh,1.0,a_only,gr
ssh,0.3617021276595745,shared,convinced
ssh,0.28,shared,real
ssh,1.0,a_only,cambridge
ssh,1.0,a_only,samoa
ssh,1.0,a_only,product
ssh,0.7777777777777778,shared,genuine
ssh,0.09215017064846416,b_only,fetched
ssh,0.6580310880829016,shared,dialogue
ssh,0.44144144144144143,shared,amount
ssh,0.40350877192982454,shared,attempt
ssh,0.6931216931216931,shared,deserts
ssh,0.3389121338912134,shared,appear
ssh,1.0,a_only,fossils
ssh,1.0,a_only,derive
ssh,1.0,a_only,metropolitan
ssh,0.5165876777251185,shared,screen
ssh,1.0,a_only,singer
ssh,0.6931216931216931,shared,imposed
ssh,0.18518518518518517,b_only,peasant
ssh,0.5311004784688995,shared,remove
ssh,0.3114754098360656,shared,women
ssh,0.20300751879699247,b_only,brows
ssh,0.11888111888111888,b_only,gown
ssh,1.0,a_only,industrial
ssh,0.3278008298755187,shared,rich
ssh,0.7582417582417582,shared,fruit
ssh,0.2903225806451613,shared,still
ssh,0.20754716981132076,shared,which
ssh,0.6842105263157895,shared,globe
ssh,1.0,a_only,fascism
ssh,0.21673003802281368,b_only,loathsome
ssh,1.0,a_only,compilation
ssh,1.0,a_only,voting
ssh,0.36752136752136755,shared,weak
ssh,0.5763546798029556,shared,denied
ssh,0.5165876777251185,shared,crash
ssh,0.6666666666666666,shared,significant
ssh,0.19402985074626866,b_only,brook
ssh,0.6410256410256411,shared,sets
ssh,1.0,a_only,expeditions
ssh,1.0,a_only,favor
ssh,0.6580310880829016,shared,partially
ssh,1.0,a_only,ale
ssh,1.0,a_only,koestler
ssh,0.0958904109589041,b_only,wondering
ssh,1.0,a_only,areas
ssh,0.7486338797814208,shared,dealt
ssh,0.5763546798029556,shared,shaped
ssh,0.2903225806451613,shared,curious
ssh,0.46788990825688076,shared,quarrel
ssh,1.0,a_only,audi
ssh,1.0,a_only,doctrines
ssh,0.6842105263157895,shared,sized
ssh,0.5094339622641509,shared,laws
ssh,0.3008130081300813,shared,under
ssh,0.797752808988764,shared,declaration
ssh,0.797752808988764,shared,relied
ssh,0.20300751879699247,b_only,attentively
ssh,0.7486338797814208,shared,venetian
ssh,0.7486338797814208,shared,transactions
ssh,1.0,a_only,highlands
ssh,0.5023474178403756,shared,wedding
ssh,0.7679558011049724,shared,diamonds
ssh,0.11888111888111888,b_only,habits
ssh,1.0,a_only,lacked
ssh,0.1678832116788321,b_only,dumpty
ssh,1.0,a_only,verbal
ssh,0.6666666666666666,shared,vent
ssh,0.29554655870445345,shared,dr
ssh,0.2549019607843137,shared,short
ssh,0.25984251968503935,shared,grew
ssh,0.6243654822335025,shared,schemes
ssh,0.6,shared,render
ssh,1.0,a_only,clark
ssh,0.18081180811808117,b_only,mo
ssh,0.2549019607843137,shared,seem
ssh,0.3617021276595745,shared,news
ssh,1.0,a_only,aberdeen
ssh,0.3278008298755187,shared,note
ssh,0.3168724279835391,shared,running
ssh,1.0,a_only,ragnar
ssh,0.6580310880829016,shared,southern
ssh,0.6931216931216931,shared,defined
ssh,1.0,a_only,mythology
ssh,0.39737991266375544,shared,first
ssh,1.0,a_only,scotia
ssh,0.47465437788018433,shared,fill
ssh,1.0,a_only,collective
ssh,0.6494845360824743,shared,button
ssh,1.0,a_only,births
ssh,0.3617021276595745,shared,fifty
ssh,0.39737991266375544,shared,group
ssh,1.0,a_only,alabaster
ssh,0.47465437788018433,shared,keeps
ssh,1.0,a_only,output
ssh,0.0847457627118644,b_only,bedroom
ssh,0.14695340501792115,b_only,recollection
ssh,1.0,a_only,diesel
ssh,0.18081180811808117,b_only,entreated
ssh,0.11888111888111888,b_only,advise
ssh,0.12280701754385964,b_only,inquired
ssh,0.350210970464135,shared,shoulder
ssh,0.7679558011049724,shared,instances
ssh,0.5311004784688995,shared,descended
ssh,0.5920398009950248,shared,electronic
ssh,0.6931216931216931,shared,expedition
ssh,0.7679558011049724,shared,marvel
ssh,1.0,a_only,grains
ssh,0.07744107744107744,b_only,murmured
ssh,1.0,a_only,clinton
ssh,0.21212121212121213,b_only,regretted
ssh,0.5458937198067633,shared,declare
ssh,1.0,a_only,mexican
ssh,0.5533980582524272,shared,wire
ssh,0.675392670157068,shared,sprung
ssh,0.6410256410256411,shared,shelter
ssh,1.0,a_only,doyle
ssh,0.391304347826087,shared,anxiety
ssh,0.391304347826087,shared,nursery
ssh,0.5841584158415841,shared,divided
ssh,1.0,a_only,systematically
ssh,0.3114754098360656,shared,place
ssh,0.285140562248996,shared,drew
ssh,0.36752136752136755,shared,enemy
ssh,1.0,a_only,nuclei
ssh,0.09215017064846416,b_only,wondered
ssh,1.0,a_only,plus
ssh,0.6161616161616161,shared,resist
ssh,1.0,a_only,technically
ssh,1.0,a_only,coercion
ssh,1.0,a_only,danish
ssh,1.0,a_only,subset
ssh,0.7391304347826086,shared,abner
ssh,0.17216117216117216,b_only,reproach
ssh,0.5384615384615384,shared,silk
ssh,0.6842105263157895,shared,electric
ssh,1.0,a_only,surprisingly
ssh,1.0,a_only,cable
ssh,0.4479638009049774,shared,bailey
ssh,0.6842105263157895,shared,nowhere
ssh,0.45454545454545453,shared,affairs
ssh,0.6080402010050251,shared,tremendous
ssh,0.20300751879699247,b_only,moods
ssh,0.21673003802281368,b_only,dah
ssh,1.0,a_only,program
ssh,1.0,a_only,exclave
ssh,0.5609756097560976,shared,foreign
ssh,1.0,a_only,zinc
ssh,0.7391304347826086,shared,pump
ssh,0.7679558011049724,shared,surroundings
ssh,0.8604651162790697,shared,sands
ssh,0.18081180811808117,b_only,rejoice
ssh,0.5609756097560976,shared,bury
ssh,0.0958904109589041,b_only,shouted
ssh,1.0,a_only,cycle
ssh,0.20754716981132076,b_only,flapping
ssh,1.0,a_only,assignment
ssh,0.3559322033898305,shared,mystery
ssh,1.0,a_only,invasion
ssh,0.2549019607843137,shared,trouble
ssh,1.0,a_only,signing
ssh,1.0,a_only,believers
ssh,0.3793103448275862,shared,matters
ssh,1.0,a_only,warfare
ssh,1.0,a_only,demonstrated
ssh,0.6666666666666666,shared,puts
ssh,1.0,a_only,rebuilding
ssh,0.6666666666666666,shared,claims
ssh,0.1387900355871886,b_only,composure
ssh,0.6580310880829016,shared,musical
ssh,0.7021276595744681,shared,involving
ssh,1.0,a_only,mythological
ssh,1.0,a_only,centered
ssh,0.5238095238095238,shared,examine
ssh,0.7297297297297297,shared,rival
ssh,0.11498257839721254,b_only,agony
ssh,1.0,a_only,hudson
ssh,1.0,a_only,historically
ssh,1.0,a_only,andy
ssh,1.0,a_only,carl
ssh,1.0,a_only,selling
ssh,0.3168724279835391,shared,state
ssh,0.5311004784688995,shared,application
ssh,0.21673003802281368,b_only,transylvania
ssh,1.0,a_only,revision
ssh,0.7391304347826086,shared,estates
ssh,0.7204301075268817,shared,nobles
ssh,0.6410256410256411,shared,maria
ssh,0.415929203539823,shared,anywhere
ssh,0.20754716981132076,b_only,grieved
ssh,1.0,a_only,stanford
ssh,0.7777777777777778,shared,vicinity
ssh,0.5023474178403756,shared,store
ssh,0.09965635738831616,b_only,brains
ssh,1.0,a_only,loyalty
ssh,0.5165876777251185,shared,final
ssh,1.0,a_only,kurt
ssh,1.0,a_only,tai
ssh,0.44144144144144143,shared,weight
ssh,1.0,a_only,embedded
ssh,1.0,a_only,institutions
ssh,0.7679558011049724,shared,gift
ssh,0.46788990825688076,shared,buy
ssh,1.0,a_only,trilogy
ssh,1.0,a_only,hosted
ssh,0.7486338797814208,shared,beach
ssh,0.5609756097560976,shared,occupations
ssh,0.7391304347826086,shared,affirmative
ssh,1.0,a_only,awarded
ssh,0.4883720930232558,shared,park
ssh,0.5023474178403756,shared,century
ssh,0.1678832116788321,b_only,kitten
ssh,0.6494845360824743,shared,briefly
ssh,0.3008130081300813,shared,alive
ssh,1.0,a_only,municipalities
ssh,1.0,a_only,overall
ssh,1.0,a_only,strategic
ssh,0.3278008298755187,shared,evil
ssh,0.46788990825688076,shared,gradually
ssh,0.5311004784688995,shared,apparently
ssh,0.28,shared,clothes
ssh,1.0,a_only,aphex
ssh,1.0,a_only,depravity
ssh,1.0,a_only,tool
ssh,0.22137404580152673,b_only,chaise
ssh,0.245136186770428,shared,should
ssh,1.0,a_only,presumably
ssh,0.23076923076923078,b_only,faults
ssh,0.3617021276595745,shared,agreed
ssh,0.7486338797814208,shared,aimed
ssh,1.0,a_only,regulations
ssh,1.0,a_only,howard
ssh,1.0,a_only,controlling
ssh,0.7021276595744681,shared,prizes
ssh,0.285140562248996,shared,they
ssh,0.29554655870445345,shared,eight
ssh,0.4953271028037383,shared,possessed
ssh,0.797752808988764,shared,tips
ssh,0.14695340501792115,b_only,sobs
ssh,0.29554655870445345,shared,able
ssh,0.28,shared,whom
ssh,0.39737991266375544,shared,double
ssh,0.48148148148148145,shared,notes
ssh,0.07744107744107744,b_only,fancy
ssh,0.5311004784688995,shared,represented
ssh,0.7582417582417582,shared,fidelity
ssh,1.0,a_only,monarchs
ssh,1.0,a_only,sampras
ssh,0.7679558011049724,shared,villa
ssh,0.7582417582417582,shared,ascent
ssh,1.0,a_only,constitution
ssh,0.6931216931216931,shared,sights
ssh,0.30612244897959184,shared,answered
ssh,0.7777777777777778,shared,adjacent
ssh,0.4349775784753363,shared,drinking
ssh,0.20754716981132076,b_only,fitzwilliam
ssh,0.7391304347826086,shared,york
ssh,0.21212121212121213,b_only,retorted
ssh,1.0,a_only,resident
ssh,1.0,a_only,internet
ssh,0.6666666666666666,shared,mild
ssh,1.0,a_only,distributed
ssh,1.0,a_only,antihydrogen
ssh,0.22137404580152673,shared,rest
ssh,0.3114754098360656,shared,easily
ssh,0.3793103448275862,shared,fault
ssh,1.0,a_only,dirac
ssh,0.7112299465240641,shared,capture
ssh,1.0,a_only,saharan
ssh,0.6931216931216931,shared,paradise
ssh,0.5609756097560976,shared,source
ssh,0.7582417582417582,shared,reverse
ssh,0.19850187265917604,b_only,graceful
ssh,0.3389121338912134,shared,steps
ssh,1.0,a_only,frankish
ssh,0.415929203539823,shared,value
ssh,1.0,a_only,opponents
ssh,0.18518518518518517,b_only,fatigue
ssh,0.21212121212121213,b_only,hunsford
ssh,1.0,a_only,swinburne
ssh,0.45454545454545453,shared,bottle
ssh,1.0,a_only,discipline
ssh,1.0,a_only,portugal
ssh,0.3617021276595745,shared,service
ssh,1.0,a_only,irrational
ssh,1.0,a_only,antimony
ssh,1.0,a_only,acropolis
ssh,0.5094339622641509,shared,crowded
ssh,1.0,a_only,adriatic
ssh,0.1267605633802817,b_only,lingering
ssh,1.0,a_only,html
ssh,0.807909604519774,shared,balanced
ssh,1.0,a_only,cavity
ssh,0.19850187265917604,b_only,linen
ssh,0.6410256410256411,shared,behave
ssh,0.2749003984063745,shared,looks
ssh,0.6842105263157895,shared,earthquake
ssh,1.0,a_only,portable
ssh,1.0,a_only,practitioners
ssh,0.20754716981132076,b_only,sullen
ssh,0.4222222222222222,shared,disturbed
ssh,1.0,a_only,rural
ssh,1.0,a_only,concerto
ssh,0.285140562248996,shared,earth
ssh,0.40350877192982454,shared,saint
ssh,0.21673003802281368,b_only,ole
ssh,1.0,a_only,abc
ssh,0.7021276595744681,shared,junior
ssh,0.6080402010050251,shared,bees
ssh,0.7297297297297297,shared,rarely
ssh,0.11888111888111888,b_only,stir
ssh,0.2648221343873518,shared,either
ssh,1.0,a_only,diet
ssh,1.0,a_only,comedian
ssh,0.0958904109589041,b_only,sensations
ssh,0.350210970464135,shared,marquis
ssh,0.44144144144144143,shared,cast
ssh,1.0,a_only,iranian
ssh,1.0,a_only,shortest
ssh,1.0,a_only,aesthetic
ssh,1.0,a_only,actors
ssh,0.7112299465240641,shared,spider
ssh,0.1267605633802817,b_only,approaching
ssh,0.7297297297297297,shared,achieved
ssh,0.5311004784688995,shared,intense
ssh,0.1678832116788321,b_only,skiff
ssh,0.45454545454545453,shared,sentence
ssh,0.5384615384615384,shared,league
ssh,0.29554655870445345,shared,stopped
ssh,0.6326530612244898,shared,attorney
ssh,1.0,a_only,council
ssh,0.5311004784688995,shared,relieved
ssh,0.6243654822335025,shared,echo
ssh,0.28,shared,passion
ssh,0.40969162995594716,shared,loss
ssh,0.24031007751937986,shared,looking
ssh,0.6161616161616161,shared,addressing
ssh,0.3278008298755187,shared,lives
ssh,1.0,a_only,scriptures
ssh,1.0,a_only,gettysburg
ssh,0.5686274509803921,shared,properly
ssh,0.4953271028037383,shared,emotion
ssh,0.7112299465240641,shared,powder
ssh,0.6580310880829016,shared,feast
ssh,0.14285714285714285,b_only,basket
ssh,0.08843537414965986,b_only,entreat
ssh,0.46788990825688076,shared,retired
ssh,0.21673003802281368,b_only,blast
ssh,0.11498257839721254,b_only,compliment
ssh,0.20754716981132076,b_only,17
ssh,0.7391304347826086,shared,border
ssh,1.0,a_only,politician
ssh,1.0,a_only,soviets
ssh,1.0,a_only,famously
ssh,0.6494845360824743,shared,explore
ssh,1.0,a_only,municipality
ssh,1.0,a_only,alabama
ssh,1.0,a_only,meighen
ssh,0.3559322033898305,shared,whenever
ssh,0.7297297297297297,shared,neutral
ssh,0.1895910780669145,b_only,monde
ssh,0.20754716981132076,b_only,hesitation
ssh,0.7297297297297297,shared,imperial
ssh,0.20754716981132076,b_only,politely
ssh,1.0,a_only,indicator
ssh,0.5686274509803921,shared,ho
ssh,0.23076923076923078,b_only,cracked
ssh,0.350210970464135,shared,marked
ssh,0.3168724279835391,shared,air
ssh,0.09965635738831616,b_only,bending
ssh,0.6326530612244898,shared,member
ssh,0.5384615384615384,shared,holds
ssh,0.44144144144144143,shared,pressed
ssh,0.4953271028037383,shared,parents
ssh,1.0,a_only,demanding
ssh,1.0,a_only,literacy
ssh,0.5384615384615384,shared,torn
ssh,1.0,a_only,editor
ssh,0.7582417582417582,shared,vigorous
ssh,1.0,a_only,magazine
ssh,0.47465437788018433,shared,vast
ssh,0.3333333333333333,shared,holding
ssh,1.0,a_only,haliotis
ssh,0.16363636363636364,b_only,limbs
ssh,0.797752808988764,shared,mounted
ssh,1.0,a_only,arianism
ssh,1.0,a_only,environment
ssh,1.0,a_only,hermes
ssh,0.6326530612244898,shared,utterly
ssh,0.20754716981132076,b_only,recollected
ssh,0.25,shared,illustration
ssh,1.0,a_only,hydroxyl
ssh,0.1678832116788321,b_only,felicity
ssh,0.5165876777251185,shared,forest
ssh,0.6080402010050251,shared,requires
ssh,0.4611872146118721,shared,spiders
ssh,0.1387900355871886,b_only,weep
ssh,1.0,a_only,princes
ssh,0.3008130081300813,shared,fear
ssh,1.0,a_only,reigning
ssh,1.0,a_only,soviet
ssh,0.5841584158415841,shared,reception
ssh,1.0,a_only,andorra
ssh,0.21673003802281368,b_only,gaoler
ssh,0.5686274509803921,shared,parties
ssh,1.0,a_only,alberta
ssh,0.4883720930232558,shared,um
ssh,0.30612244897959184,shared,judge
ssh,1.0,a_only,damaged
ssh,1.0,a_only,sector
ssh,1.0,a_only,bands
ssh,0.7777777777777778,shared,omitted
ssh,0.7021276595744681,shared,stomach
ssh,0.893491124260355,shared,rubber
ssh,1.0,a_only,estimates
ssh,1.0,a_only,chronology
ssh,0.2648221343873518,shared,no
ssh,1.0,a_only,disambiguation
ssh,1.0,a_only,assuming
ssh,0.7297297297297297,shared,varieties
ssh,0.4883720930232558,shared,huge
ssh,0.7679558011049724,shared,weaken
ssh,1.0,a_only,marine
ssh,0.3008130081300813,shared,might
ssh,0.30612244897959184,shared,dress
ssh,0.3793103448275862,shared,directly
ssh,0.0958904109589041,b_only,meryton
ssh,1.0,a_only,asteraceae
ssh,0.6666666666666666,shared,economy
ssh,1.0,a_only,tourism
ssh,1.0,a_only,array
ssh,0.19850187265917604,b_only,disgust
ssh,1.0,a_only,theodosius
ssh,0.3008130081300813,shared,money
ssh,0.4222222222222222,shared,choose
ssh,0.19850187265917604,b_only,miseries
ssh,0.25984251968503935,shared,re
ssh,1.0,a_only,web
ssh,0.2903225806451613,shared,between
ssh,0.18518518518518517,b_only,kennel
ssh,0.6580310880829016,shared,villain
ssh,0.5384615384615384,shared,plate
ssh,0.7391304347826086,shared,pledged
ssh,1.0,a_only,dorothy
ssh,0.2260536398467433,shared,gentleman
ssh,1.0,a_only,ultimate
ssh,0.6666666666666666,shared,lakes
ssh,0.675392670157068,shared,blanc
ssh,1.0,a_only,malaysia
ssh,0.5763546798029556,shared,slavery
ssh,1.0,a_only,engineers
ssh,1.0,a_only,barbara
ssh,0.10344827586206896,b_only,rosings
ssh,1.0,a_only,muslim
ssh,1.0,a_only,requirement
ssh,0.19850187265917604,b_only,curled
ssh,1.0,a_only,somalia
ssh,0.1895910780669145,b_only,commonplace
ssh,0.5384615384615384,shared,professional
ssh,0.7777777777777778,shared,emotional
ssh,0.7112299465240641,shared,feminine
ssh,1.0,a_only,lovecraft
ssh,1.0,a_only,hamilton
ssh,1.0,a_only,protocol
ssh,0.7021276595744681,shared,integrity
ssh,0.3617021276595745,shared,lonely
ssh,1.0,a_only,zone
ssh,0.47465437788018433,shared,built
ssh,1.0,a_only,museums
ssh,0.1267605633802817,b_only,calmly
ssh,0.5920398009950248,shared,renewed
ssh,0.6161616161616161,shared,changing
ssh,1.0,a_only,levels
ssh,0.3168724279835391,shared,extraordinary
ssh,1.0,a_only,angolan
ssh,1.0,a_only,mexico
ssh,0.4883720930232558,shared,preacher
ssh,0.20754716981132076,b_only,wot
ssh,0.3008130081300813,shared,light
ssh,0.21212121212121213,b_only,screaming
ssh,0.7021276595744681,shared,weird
ssh,1.0,a_only,swiss
ssh,0.6243654822335025,shared,sunlight
ssh,0.5533980582524272,shared,sentiments
ssh,0.5023474178403756,shared,generous
ssh,1.0,a_only,supporter
ssh,0.4479638009049774,shared,circle
ssh,0.7877094972067039,shared,strive
ssh,0.7297297297297297,shared,los
ssh,1.0,a_only,attributes
ssh,0.2749003984063745,shared,heard
ssh,0.20754716981132076,b_only,comin
ssh,0.4611872146118721,shared,hunt
ssh,0.4222222222222222,shared,breathing
ssh,0.6580310880829016,shared,soil
ssh,1.0,a_only,col
ssh,0.20754716981132076,b_only,grandeur
ssh,0.0958904109589041,b_only,woke
ssh,1.0,a_only,neurons
ssh,0.6161616161616161,shared,updated
ssh,0.7391304347826086,shared,unlikely
ssh,0.2749003984063745,shared,has
ssh,0.7204301075268817,shared,enable
ssh,1.0,a_only,blocking
ssh,0.2749003984063745,shared,bent
ssh,0.4349775784753363,shared,thanks
ssh,1.0,a_only,ornamental
ssh,0.23076923076923078,b_only,wrinkled
ssh,1.0,a_only,juan
ssh,0.6326530612244898,shared,blade
ssh,0.15942028985507245,b_only,contented
ssh,1.0,a_only,der
ssh,1.0,a_only,translations
ssh,1.0,a_only,distinctive
ssh,0.32231404958677684,shared,blood
ssh,0.39737991266375544,shared,heavily
ssh,1.0,a_only,dagny
ssh,0.3617021276595745,shared,wall
ssh,0.4883720930232558,shared,finn
ssh,1.0,a_only,catholics
ssh,1.0,a_only,historian
ssh,0.0958904109589041,b_only,mina
ssh,0.3168724279835391,shared,direction
ssh,1.0,a_only,explored
ssh,1.0,a_only,quantities
ssh,0.6243654822335025,shared,universal
ssh,0.5384615384615384,shared,reduced
ssh,0.20300751879699247,b_only,fascinated
ssh,1.0,a_only,texts
ssh,1.0,a_only,ki
ssh,1.0,a_only,transform
ssh,0.4953271028037383,shared,concern
ssh,0.5023474178403756,shared,passages
ssh,0.6161616161616161,shared,launch
ssh,0.7679558011049724,shared,imperfect
ssh,0.3168724279835391,shared,least
ssh,0.13074204946996468,b_only,nerves
ssh,1.0,a_only,limestone
ssh,0.5238095238095238,shared,borne
ssh,0.5238095238095238,shared,separated
ssh,0.7391304347826086,shared,obligation
ssh,1.0,a_only,mountainous
ssh,0.32231404958677684,shared,unhappy
ssh,0.28,shared,being
ssh,0.6,shared,losing
ssh,1.0,a_only,snowball
ssh,0.6,shared,oil
ssh,0.6931216931216931,shared,rational
ssh,0.5920398009950248,shared,matches
ssh,0.20754716981132076,b_only,tow
ssh,0.08108108108108109,b_only,sit
ssh,0.3333333333333333,shared,across
ssh,1.0,a_only,harvard
ssh,0.1111111111111111,b_only,dozen
ssh,0.3445378151260504,shared,patient
ssh,1.0,a_only,pod
ssh,1.0,a_only,contributing
ssh,0.40969162995594716,shared,bar
ssh,0.7391304347826086,shared,xx
ssh,0.285140562248996,shared,opinion
ssh,1.0,a_only,mystical
ssh,0.7877094972067039,shared,daniel
ssh,0.4953271028037383,shared,hundreds
ssh,0.48148148148148145,shared,photograph
ssh,0.3389121338912134,shared,law
ssh,0.22137404580152673,b_only,logs
ssh,0.7204301075268817,shared,undertake
ssh,0.20754716981132076,b_only,slid
ssh,0.14695340501792115,b_only,stake
ssh,1.0,a_only,lm
ssh,0.8181818181818182,shared,horns
ssh,0.25984251968503935,shared,saw
ssh,0.7582417582417582,shared,xvi
ssh,1.0,a_only,interface
ssh,0.46788990825688076,shared,mode
ssh,1.0,a_only,innovation
ssh,0.285140562248996,shared,whilst
ssh,1.0,a_only,listing
ssh,0.7679558011049724,shared,diminished
ssh,0.5238095238095238,shared,formerly
ssh,0.21673003802281368,b_only,kinder
ssh,1.0,a_only,saul
ssh,0.5533980582524272,shared,wheels
ssh,0.5023474178403756,shared,saturday
ssh,0.7112299465240641,shared,correspondent
ssh,1.0,a_only,engineering
ssh,1.0,a_only,respond
ssh,0.3333333333333333,shared,queen
ssh,1.0,a_only,morgan
ssh,0.30612244897959184,shared,michael
ssh,1.0,a_only,profitable
ssh,0.46788990825688076,shared,welcome
ssh,1.0,a_only,guitarist
ssh,0.7486338797814208,shared,fishermen
ssh,0.4611872146118721,shared,project
ssh,0.4883720930232558,shared,snake
ssh,1.0,a_only,harris
ssh,0.7021276595744681,shared,disorder
ssh,0.7204301075268817,shared,copies
ssh,0.6161616161616161,shared,obscure
ssh,0.5238095238095238,shared,formal
ssh,1.0,a_only,aquarii
ssh,0.2749003984063745,shared,bear
ssh,1.0,a_only,criticized
ssh,1.0,a_only,palestine
ssh,0.6080402010050251,shared,curse
ssh,0.6080402010050251,shared,im
ssh,1.0,a_only,include
ssh,1.0,a_only,alternatives
ssh,0.20300751879699247,b_only,jolly
ssh,1.0,a_only,jules
ssh,0.391304347826087,shared,seat
ssh,1.0,a_only,wesley
ssh,1.0,a_only,dhabi
ssh,0.7679558011049724,shared,preceded
ssh,1.0,a_only,limiting
ssh,0.5238095238095238,shared,teach
ssh,0.5763546798029556,shared,depends
ssh,0.6243654822335025,shared,gallery
ssh,1.0,a_only,publication
ssh,0.20300751879699247,b_only,wagon
ssh,0.29554655870445345,shared,ladies
ssh,1.0,a_only,settlers
ssh,0.18518518518518517,b_only,polished
ssh,1.0,a_only,agricultural
ssh,0.7112299465240641,shared,motives
ssh,0.7877094972067039,shared,reverence
ssh,0.28,shared,moment
ssh,0.1895910780669145,b_only,formidable
ssh,0.2698412698412698,shared,stand
ssh,0.4883720930232558,shared,trademark
ssh,1.0,a_only,libertarianism
ssh,1.0,a_only,dean
ssh,0.2749003984063745,shared,fire
ssh,1.0,a_only,minimum
ssh,0.6666666666666666,shared,wearing
ssh,1.0,a_only,null
ssh,1.0,a_only,provinces
ssh,0.6931216931216931,shared,crescent
ssh,0.1347517730496454,b_only,lestrade
ssh,1.0,a_only,russians
ssh,0.5165876777251185,shared,star
ssh,0.5920398009950248,shared,digging
ssh,0.47465437788018433,shared,united
ssh,1.0,a_only,atari
ssh,0.5165876777251185,shared,humble
ssh,0.3333333333333333,shared,strength
ssh,1.0,a_only,zf
ssh,1.0,a_only,innovative
ssh,0.29554655870445345,shared,doing
ssh,1.0,a_only,northwestern
ssh,1.0,a_only,exclusive
ssh,0.8390804597701149,shared,surrey
ssh,0.21212121212121213,b_only,turk
ssh,1.0,a_only,submarine
ssh,1.0,a_only,incorporated
ssh,0.7582417582417582,shared,beads
ssh,0.11498257839721254,b_only,staring
ssh,1.0,a_only,cosmic
ssh,0.5609756097560976,shared,comparison
ssh,0.797752808988764,shared,greatness
ssh,0.5841584158415841,shared,security
ssh,0.7486338797814208,shared,deposited
ssh,0.6080402010050251,shared,vanish
ssh,0.391304347826087,shared,effort
ssh,0.5920398009950248,shared,completed
ssh,0.42857142857142855,shared,raising
ssh,1.0,a_only,products
ssh,0.4479638009049774,shared,hit
ssh,0.6,shared,bestowed
ssh,0.5686274509803921,shared,pig
ssh,0.6326530612244898,shared,trip
ssh,1.0,a_only,egypt
ssh,1.0,a_only,nitric
ssh,0.6494845360824743,shared,submit
ssh,1.0,a_only,electronics
ssh,0.39737991266375544,shared,painted
ssh,0.07744107744107744,shared,his
ssh,1.0,a_only,adaptation
ssh,0.19850187265917604,b_only,wisht
ssh,1.0,a_only,amateurs
ssh,0.7297297297297297,shared,abundant
ssh,0.17216117216117216,shared,your
ssh,1.0,a_only,describes
ssh,0.6666666666666666,shared,summit
ssh,1.0,a_only,monasteries
ssh,0.40969162995594716,shared,pieces
ssh,0.42857142857142855,shared,including
ssh,1.0,a_only,ainu
ssh,0.3333333333333333,shared,chair
ssh,0.5238095238095238,shared,card
ssh,0.1510791366906475,b_only,drowned
ssh,0.13074204946996468,b_only,wonders
ssh,1.0,a_only,algebraically
ssh,1.0,a_only,detailed
ssh,0.0958904109589041,b_only,excuse
ssh,1.0,a_only,manned
ssh,0.1510791366906475,b_only,hurrying
ssh,1.0,a_only,department
ssh,0.7582417582417582,shared,bristol
ssh,1.0,a_only,gnostic
ssh,0.30612244897959184,shared,following
ssh,0.245136186770428,shared,world
ssh,0.3559322033898305,shared,acquaintance
ssh,0.2549019607843137,shared,always
ssh,0.6931216931216931,shared,messages
ssh,1.0,a_only,buddhist
ssh,1.0,a_only,powered
ssh,1.0,a_only,provincial
ssh,0.7112299465240641,shared,discourse
ssh,0.28,shared,telling
ssh,0.3445378151260504,shared,cross
ssh,0.5311004784688995,shared,proposed
ssh,1.0,a_only,era
ssh,1.0,a_only,constitute
ssh,0.807909604519774,shared,confusing
ssh,1.0,a_only,pakistan
ssh,0.20754716981132076,b_only,theirs
ssh,0.6326530612244898,shared,sliding
ssh,0.10726643598615918,b_only,wonderfully
ssh,0.3389121338912134,shared,plan
ssh,0.21212121212121213,b_only,hellish
ssh,0.14285714285714285,b_only,brush
ssh,1.0,a_only,ampere
ssh,1.0,a_only,archaeology
ssh,0.46788990825688076,shared,ahead
ssh,0.1678832116788321,b_only,shout
ssh,1.0,a_only,vector
ssh,0.5023474178403756,shared,snakes
ssh,0.6410256410256411,shared,lend
ssh,1.0,a_only,astrology
ssh,1.0,a_only,presidency
ssh,0.19402985074626866,b_only,typewriter
ssh,0.09965635738831616,b_only,lovely
ssh,1.0,a_only,georgia
ssh,0.5094339622641509,shared,declared
ssh,0.7391304347826086,shared,defend
ssh,1.0,a_only,bertrand
ssh,1.0,a_only,beaches
ssh,0.675392670157068,shared,explaining
ssh,1.0,a_only,phil
ssh,1.0,a_only,pyramid
ssh,0.7391304347826086,shared,pacific
ssh,1.0,a_only,pervasive
ssh,1.0,a_only,airport
ssh,1.0,a_only,chromatic
ssh,0.6842105263157895,shared,viewed
ssh,1.0,a_only,serial
ssh,0.6326530612244898,shared,fitted
ssh,1.0,a_only,archipelago
ssh,0.797752808988764,shared,abuse
ssh,0.18518518518518517,b_only,tweedledee
ssh,0.7777777777777778,shared,dialect
ssh,0.4883720930232558,shared,farm
ssh,0.11888111888111888,b_only,cruelty
ssh,0.21673003802281368,b_only,brow
ssh,0.37339055793991416,shared,dangerous
ssh,1.0,a_only,bolivia
ssh,0.5094339622641509,shared,official
ssh,0.7297297297297297,shared,persian
ssh,0.6,shared,trusted
ssh,0.285140562248996,shared,part
ssh,0.6931216931216931,shared,decision
ssh,0.1111111111111111,b_only,beheld
ssh,1.0,a_only,innovations
ssh,0.36752136752136755,shared,especially
ssh,0.20754716981132076,shared,as
ssh,0.18081180811808117,b_only,ticket
ssh,1.0,a_only,archbishop
ssh,0.13074204946996468,b_only,temptation
ssh,1.0,a_only,dakota
ssh,0.350210970464135,shared,pursued
ssh,1.0,a_only,afghanistan
ssh,1.0,a_only,arbitrary
ssh,0.415929203539823,shared,proved
ssh,0.5384615384615384,shared,jealous
ssh,0.7021276595744681,shared,pressure
ssh,0.47465437788018433,shared,problem
ssh,1.0,a_only,variation
ssh,0.350210970464135,shared,growing
ssh,0.5165876777251185,shared,frame
ssh,0.10344827586206896,b_only,dismal
ssh,1.0,a_only,portals
ssh,1.0,a_only,bronze
ssh,0.5920398009950248,shared,rotten
ssh,0.4611872146118721,shared,accustomed
ssh,0.3559322033898305,shared,coat
ssh,0.28,shared,pain
ssh,1.0,a_only,societies
ssh,0.21212121212121213,b_only,25
ssh,0.8604651162790697,shared,frozen
ssh,1.0,a_only,seals
ssh,0.3114754098360656,shared,probably
ssh,1.0,a_only,thailand
ssh,0.7297297297297297,shared,shell
ssh,1.0,a_only,arsenic
ssh,0.5165876777251185,shared,friendship
ssh,0.45454545454545453,shared,sheep
ssh,0.6842105263157895,shared,induced
ssh,0.7877094972067039,shared,erected
ssh,0.391304347826087,shared,ye
ssh,1.0,a_only,alhazred
ssh,0.1347517730496454,b_only,rid
ssh,1.0,a_only,bantu
ssh,1.0,a_only,ken
ssh,0.1895910780669145,b_only,jug
ssh,1.0,a_only,agnostic
ssh,0.22137404580152673,shared,ought
ssh,0.2648221343873518,shared,quickly
ssh,0.11888111888111888,b_only,shook
ssh,0.29554655870445345,shared,repeated
ssh,0.5920398009950248,shared,loaded
ssh,0.7204301075268817,shared,energetic
ssh,0.5686274509803921,shared,pipes
ssh,1.0,a_only,predecessors
ssh,0.2648221343873518,shared,learn
ssh,0.39737991266375544,shared,position
ssh,1.0,a_only,organization
ssh,0.21212121212121213,b_only,tucked
ssh,0.07744107744107744,b_only,somehow
ssh,0.21212121212121213,b_only,sledge
ssh,1.0,a_only,ptolemy
ssh,0.30612244897959184,shared,seward
ssh,1.0,a_only,indirect
ssh,1.0,a_only,enhanced
ssh,0.15942028985507245,b_only,shouting
ssh,1.0,a_only,designated
ssh,0.13074204946996468,b_only,sweat
ssh,1.0,a_only,seq
ssh,0.4222222222222222,shared,soldiers
ssh,0.6494845360824743,shared,ivory
ssh,1.0,a_only,generic
ssh,0.04918032786885246,neither,<unk>
ssh,1.0,a_only,alphabets
ssh,1.0,a_only,looters
ssh,0.5165876777251185,shared,pressing
ssh,0.2749003984063745,shared,alice
ssh,0.7582417582417582,shared,tomorrow
ssh,0.5311004784688995,shared,guns
ssh,0.48148148148148145,shared,cairo
ssh,0.391304347826087,shared,fight
ssh,1.0,a_only,geological
ssh,1.0,a_only,shifted
ssh,0.6580310880829016,shared,logical
ssh,0.12280701754385964,b_only,timidly
ssh,0.807909604519774,shared,peacefully
ssh,1.0,a_only,attila
ssh,0.7777777777777778,shared,surprising
ssh,0.28,shared,silent
ssh,0.3008130081300813,shared,believe
ssh,0.40350877192982454,shared,various
ssh,0.5686274509803921,shared,remarks
ssh,0.6666666666666666,shared,spun
ssh,1.0,a_only,bishops
ssh,1.0,a_only,cellular
ssh,0.2698412698412698,shared,call
ssh,0.5686274509803921,shared,iii
ssh,0.391304347826087,shared,conscious
ssh,1.0,a_only,europeans
ssh,0.25984251968503935,shared,thinking
ssh,0.1111111111111111,b_only,procession
ssh,0.5238095238095238,shared,x
ssh,1.0,a_only,initial
ssh,0.24031007751937986,shared,wish
ssh,1.0,a_only,egyptians
ssh,0.6,shared,needle
ssh,0.2648221343873518,shared,use
ssh,0.6580310880829016,shared,suggestion
ssh,1.0,a_only,stanley
ssh,1.0,a_only,friars
ssh,1.0,a_only,athenians
ssh,0.17216117216117216,b_only,partiality
ssh,1.0,a_only,angles
ssh,0.5920398009950248,shared,relate
ssh,0.39737991266375544,shared,warm
ssh,0.32231404958677684,shared,change
ssh,0.2698412698412698,shared,threw
ssh,1.0,a_only,maximum
ssh,1.0,a_only,agnostics
ssh,0.7391304347826086,shared,turkish
ssh,1.0,a_only,yale
ssh,1.0,a_only,extension
ssh,0.5165876777251185,shared,exact
ssh,1.0,a_only,anno
ssh,0.7391304347826086,shared,premature
ssh,0.37339055793991416,shared,facts
ssh,0.18081180811808117,b_only,moaned
ssh,0.32231404958677684,shared,immediately
ssh,0.3168724279835391,shared,piece
ssh,0.21673003802281368,b_only,ringing
ssh,0.0847457627118644,b_only,uttered
ssh,0.6494845360824743,shared,americans
ssh,0.1267605633802817,b_only,soothing
ssh,1.0,a_only,deity
ssh,0.4883720930232558,shared,sinking
ssh,0.6326530612244898,shared,bones
ssh,0.5841584158415841,shared,alter
ssh,1.0,a_only,britannica
ssh,0.5165876777251185,shared,authority
ssh,0.4611872146118721,shared,bacon
ssh,1.0,a_only,hypothesis
ssh,1.0,a_only,outbreak
ssh,0.5609756097560976,shared,build
ssh,1.0,a_only,hungary
ssh,1.0,a_only,racing
ssh,1.0,a_only,arian
ssh,0.40350877192982454,shared,decided
ssh,1.0,a_only,interviews
ssh,0.42857142857142855,shared,events
ssh,1.0,a_only,abatement
ssh,1.0,a_only,nd
ssh,0.391304347826087,shared,grown
ssh,1.0,a_only,japan
ssh,1.0,a_only,yearly
ssh,0.2648221343873518,shared,letter
ssh,1.0,a_only,rivals
ssh,0.11498257839721254,b_only,lighted
ssh,0.7679558011049724,shared,withdrawn
ssh,0.2903225806451613,shared,round
ssh,0.5686274509803921,shared,novelty
ssh,0.4222222222222222,shared,connected
ssh,0.7297297297297297,shared,casual
ssh,0.4953271028037383,shared,assumed
ssh,0.09965635738831616,b_only,dreadfully
ssh,0.6931216931216931,shared,characteristics
ssh,0.807909604519774,shared,crushing
ssh,1.0,a_only,accordion
ssh,1.0,a_only,northwest
ssh,1.0,a_only,wittgenstein
ssh,0.6326530612244898,shared,courtesy
ssh,0.25,shared,come
ssh,1.0,a_only,ada
ssh,1.0,a_only,anglicanism
ssh,0.19402985074626866,b_only,drooping
ssh,1.0,a_only,configuration
ssh,0.4883720930232558,shared,quality
ssh,1.0,a_only,performances
ssh,0.3445378151260504,shared,explained
ssh,1.0,a_only,marshall
ssh,0.1111111111111111,b_only,talked
ssh,0.25,shared,find
ssh,1.0,a_only,ignored
ssh,1.0,a_only,canadian
ssh,1.0,a_only,altaic
ssh,0.5384615384615384,shared,propose
ssh,1.0,a_only,components
ssh,1.0,a_only,orbital
ssh,1.0,a_only,tombs
ssh,0.6080402010050251,shared,childhood
ssh,1.0,a_only,timeline
ssh,0.08843537414965986,b_only,leaned
ssh,0.08108108108108109,b_only,lad
ssh,0.17216117216117216,b_only,fro
ssh,1.0,a_only,optimal
ssh,1.0,a_only,bonding
ssh,0.45454545454545453,shared,weapon
ssh,1.0,a_only,stevens
ssh,0.4953271028037383,shared,fishing
ssh,0.21212121212121213,b_only,wretchedness
ssh,0.3278008298755187,shared,duke
ssh,1.0,a_only,diacritic
ssh,0.415929203539823,shared,chain
ssh,0.5238095238095238,shared,pew
ssh,0.3168724279835391,shared,married
ssh,0.5686274509803921,shared,patients
ssh,0.23552123552123552,b_only,ragged
ssh,0.2749003984063745,shared,asked
ssh,0.5384615384615384,shared,qualities
ssh,0.8181818181818182,shared,perception
ssh,0.1387900355871886,b_only,remorse
ssh,1.0,a_only,discussing
ssh,0.285140562248996,shared,hour
ssh,1.0,a_only,functioning
ssh,0.8604651162790697,shared,reasonably
ssh,0.7679558011049724,shared,spots
ssh,0.2260536398467433,b_only,pudding
ssh,0.5841584158415841,shared,peril
ssh,0.11498257839721254,b_only,pardon
ssh,1.0,a_only,norte
ssh,0.7391304347826086,shared,rejection
ssh,1.0,a_only,newer
ssh,0.11498257839721254,b_only,wept
ssh,0.6243654822335025,shared,plum
ssh,0.6931216931216931,shared,depths
ssh,0.0958904109589041,b_only,endured
ssh,0.5763546798029556,shared,infamous
ssh,0.4953271028037383,shared,eleven
ssh,0.09965635738831616,b_only,anguish
ssh,0.22137404580152673,b_only,warmed
ssh,1.0,a_only,andre
ssh,1.0,a_only,community
ssh,0.11888111888111888,b_only,disgrace
ssh,0.6080402010050251,shared,dropping
ssh,0.6,shared,performed
ssh,0.20754716981132076,b_only,redskins
ssh,0.7679558011049724,shared,westward
ssh,0.18518518518518517,b_only,sally
ssh,0.19850187265917604,b_only,witches
ssh,0.5311004784688995,shared,ancient
ssh,0.5311004784688995,shared,sword
ssh,0.4883720930232558,shared,misfortune
ssh,0.0958904109589041,b_only,attentions
ssh,1.0,a_only,revenue
ssh,0.5384615384615384,shared,happens
ssh,0.2549019607843137,shared,attention
ssh,0.6931216931216931,shared,growth
ssh,0.23552123552123552,shared,why
ssh,0.10726643598615918,b_only,pleased
ssh,0.5094339622641509,shared,nevertheless
ssh,0.40350877192982454,shared,bench
ssh,0.5686274509803921,shared,apprehension
ssh,1.0,a_only,musician
ssh,0.5311004784688995,shared,topic
ssh,1.0,a_only,bond
ssh,1.0,a_only,olympic
ssh,1.0,a_only,spartan
ssh,0.7021276595744681,shared,aim
ssh,0.5094339622641509,shared,produce
ssh,1.0,a_only,persia
ssh,0.3278008298755187,shared,evidence
ssh,1.0,a_only,geographic
ssh,0.6931216931216931,shared,exposure
ssh,0.5238095238095238,shared,forces
ssh,0.29554655870445345,shared,joy
ssh,0.7297297297297297,shared,costume
ssh,0.47465437788018433,shared,stock
ssh,1.0,a_only,premiers
ssh,0.5609756097560976,shared,fan
ssh,0.3559322033898305,shared,exclaimed
ssh,0.6,shared,domestic
ssh,0.2903225806451613,shared,above
ssh,0.6410256410256411,shared,colours
ssh,1.0,a_only,operator
ssh,0.6666666666666666,shared,hound
ssh,0.5165876777251185,shared,punishment
ssh,1.0,a_only,median
ssh,1.0,a_only,siberia
ssh,0.40969162995594716,shared,altogether
ssh,1.0,a_only,computation
ssh,1.0,a_only,abram
ssh,0.47465437788018433,shared,contents
ssh,0.245136186770428,b_only,carelessly
ssh,1.0,a_only,burns
ssh,0.5458937198067633,shared,brings
ssh,0.4479638009049774,shared,summoned
ssh,1.0,a_only,hosts
ssh,0.48148148148148145,shared,stronger
ssh,0.7877094972067039,shared,testimony
ssh,0.2260536398467433,b_only,nieces
ssh,1.0,a_only,organs
ssh,0.807909604519774,shared,mistakes
ssh,0.5920398009950248,shared,idle
ssh,0.7112299465240641,shared,imprisoned
ssh,1.0,a_only,participated
ssh,0.22137404580152673,b_only,endeavours
ssh,1.0,a_only,economic
ssh,1.0,a_only,gand
ssh,0.0847457627118644,b_only,sawyer
ssh,0.11498257839721254,b_only,cared
ssh,0.3445378151260504,shared,greater
ssh,0.7204301075268817,shared,treasures
ssh,0.22137404580152673,b_only,choked
ssh,0.6666666666666666,shared,mentioning
ssh,0.2648221343873518,shared,till
ssh,1.0,a_only,federer
ssh,0.5311004784688995,shared,gnat
ssh,1.0,a_only,sculpture
ssh,1.0,a_only,isbn
ssh,1.0,a_only,abalone
ssh,0.5023474178403756,shared,considering
ssh,1.0,a_only,hun
ssh,0.4883720930232558,shared,noon
ssh,1.0,a_only,pioneer
ssh,1.0,a_only,inland
ssh,0.12280701754385964,b_only,annoyed
ssh,0.20754716981132076,b_only,gladness
ssh,0.6931216931216931,shared,desirable
ssh,0.7297297297297297,shared,background
ssh,1.0,a_only,legends
ssh,1.0,a_only,diacritics
ssh,1.0,a_only,particles
ssh,1.0,a_only,molecules
ssh,0.6410256410256411,shared,esteemed
ssh,0.12280701754385964,b_only,cunning
ssh,0.6580310880829016,shared,worshipped
ssh,1.0,a_only,gdp
ssh,0.285140562248996,shared,king
ssh,0.7112299465240641,shared,panic
ssh,1.0,a_only,steve
ssh,0.5920398009950248,shared,inform
ssh,0.11498257839721254,b_only,whispered
ssh,0.1347517730496454,b_only,heartily
ssh,1.0,a_only,crystals
ssh,0.3278008298755187,shared,twice
ssh,1.0,a_only,circuits
ssh,1.0,a_only,stan
ssh,0.10726643598615918,b_only,hint
ssh,0.6,shared,development
ssh,1.0,a_only,gabriel
ssh,0.6931216931216931,shared,basin
ssh,0.39737991266375544,shared,voices
ssh,0.07023411371237458,b_only,beg
ssh,0.7297297297297297,shared,longest
ssh,0.28,shared,placed
ssh,0.21673003802281368,b_only,curtains
ssh,1.0,a_only,mobile
ssh,0.6326530612244898,shared,independence
ssh,1.0,a_only,comprehensive
ssh,0.6580310880829016,shared,lined
ssh,0.21212121212121213,shared,tell
ssh,0.45454545454545453,shared,conscience
ssh,1.0,a_only,franz
ssh,0.4953271028037383,shared,confused
ssh,1.0,a_only,nationalist
ssh,0.19402985074626866,b_only,cly
ssh,0.1895910780669145,b_only,glare
ssh,0.4349775784753363,shared,history
ssh,0.6161616161616161,shared,stroke
ssh,1.0,a_only,aquarius
ssh,0.5841584158415841,shared,reaching
ssh,1.0,a_only,conservation
ssh,0.21212121212121213,b_only,foulon
ssh,0.3559322033898305,shared,six
ssh,0.1678832116788321,b_only,stare
ssh,0.10726643598615918,b_only,bingley
ssh,0.6,shared,consulting
ssh,0.32231404958677684,shared,imagine
ssh,0.10344827586206896,b_only,exquisite
ssh,0.14695340501792115,b_only,coldly
ssh,1.0,a_only,carolina
ssh,0.09215017064846416,b_only,fearful
ssh,0.5094339622641509,shared,american
ssh,0.350210970464135,shared,music
ssh,0.3114754098360656,shared,harry
ssh,0.5023474178403756,shared,protect
ssh,0.06666666666666667,b_only,poured
ssh,0.3445378151260504,shared,presence
ssh,1.0,a_only,currency
ssh,0.19850187265917604,b_only,trusting
ssh,0.19850187265917604,b_only,lagoon
ssh,0.21212121212121213,b_only,alteration
ssh,0.22137404580152673,b_only,blanket
ssh,0.6326530612244898,shared,purple
ssh,1.0,a_only,amoeba
ssh,0.675392670157068,shared,external
ssh,0.3168724279835391,shared,weeks
ssh,0.4883720930232558,shared,wrapped
ssh,1.0,a_only,ambiguous
ssh,0.5763546798029556,shared,roots
ssh,1.0,a_only,macintosh
ssh,0.7777777777777778,shared,rooted
ssh,1.0,a_only,receivers
ssh,0.7112299465240641,shared,ties
ssh,0.7021276595744681,shared,avoided
ssh,0.17216117216117216,b_only,merry
ssh,1.0,a_only,sidney
ssh,0.3168724279835391,shared,absolutely
ssh,1.0,a_only,rijndael
ssh,1.0,a_only,alchemist
ssh,0.5023474178403756,shared,decide
ssh,1.0,a_only,candidates
ssh,1.0,a_only,anaconda
ssh,0.5384615384615384,shared,wasted
ssh,0.5763546798029556,shared,discuss
ssh,0.07023411371237458,b_only,dreaming
ssh,0.2903225806451613,shared,bad
ssh,0.39737991266375544,shared,moon
ssh,0.7204301075268817,shared,limitations
ssh,0.4611872146118721,shared,type
ssh,1.0,a_only,algorithms
ssh,0.6666666666666666,shared,concentrated
ssh,1.0,a_only,theism
ssh,0.10344827586206896,b_only,suspicions
ssh,1.0,a_only,sodium
ssh,0.16363636363636364,b_only,safie
ssh,0.6842105263157895,shared,maiden
ssh,0.3114754098360656,shared,straight
ssh,0.3389121338912134,shared,scarcely
ssh,0.45454545454545453,shared,majesty
ssh,1.0,a_only,conquer
ssh,0.08843537414965986,b_only,fiend
ssh,0.6931216931216931,shared,bee
ssh,1.0,a_only,democratic
ssh,1.0,a_only,andrei
ssh,1.0,a_only,votes
ssh,0.675392670157068,shared,selfishness
ssh,0.3114754098360656,shared,wake
ssh,1.0,a_only,reflecting
ssh,1.0,a_only,stewart
ssh,0.3793103448275862,shared,bird
ssh,1.0,a_only,methyl
ssh,1.0,a_only,les
ssh,0.24031007751937986,shared,surprised
ssh,1.0,a_only,ernst
ssh,1.0,a_only,fundamentally
ssh,0.797752808988764,shared,corrupt
ssh,0.4222222222222222,shared,hearts
ssh,1.0,a_only,residents
ssh,1.0,a_only,individuals
ssh,1.0,a_only,predominantly
ssh,0.21673003802281368,b_only,toil
ssh,0.6666666666666666,shared,intellect
ssh,0.21673003802281368,b_only,jewel
ssh,0.40969162995594716,shared,joined
ssh,0.46788990825688076,shared,harper
ssh,1.0,a_only,anti
ssh,1.0,a_only,venus
ssh,1.0,a_only,subsequent
ssh,0.7297297297297297,shared,shakespeare
ssh,1.0,a_only,subcontinent
ssh,0.2698412698412698,shared,talk
ssh,0.08843537414965986,b_only,miserable
ssh,1.0,a_only,applet
ssh,0.23076923076923078,b_only,hey
ssh,1.0,a_only,derek
ssh,0.22137404580152673,shared,life
ssh,0.8285714285714286,shared,knights
ssh,0.5609756097560976,shared,phrase
ssh,1.0,a_only,paperback
ssh,0.6243654822335025,shared,principle
ssh,1.0,a_only,premise
ssh,1.0,a_only,electrical
ssh,1.0,a_only,reliable
ssh,0.3333333333333333,shared,wrote
ssh,0.7021276595744681,shared,acceptable
ssh,0.24031007751937986,shared,again
ssh,0.5841584158415841,shared,hired
ssh,1.0,a_only,extend
ssh,0.1347517730496454,b_only,consult
ssh,0.5094339622641509,shared,trade
ssh,0.45454545454545453,shared,affected
ssh,0.5238095238095238,shared,completely
ssh,0.12280701754385964,b_only,cheeks
ssh,1.0,a_only,instrumental
ssh,0.24031007751937986,shared,fellow
ssh,0.3793103448275862,shared,dressing
ssh,0.7486338797814208,shared,engineer
ssh,0.7679558011049724,shared,rhine
ssh,1.0,a_only,reducing
ssh,0.7297297297297297,shared,stamp
ssh,0.8497109826589595,shared,struggles
ssh,0.5533980582524272,shared,overcome
ssh,1.0,a_only,categories
ssh,0.675392670157068,shared,japanese
ssh,1.0,a_only,located
ssh,0.1510791366906475,b_only,resolute
ssh,1.0,a_only,operating
ssh,0.6243654822335025,shared,tribe
ssh,0.3278008298755187,shared,ten
ssh,1.0,a_only,excluded
ssh,1.0,a_only,aardvarks
ssh,0.7679558011049724,shared,virgin
ssh,1.0,a_only,punk
ssh,1.0,a_only,numerical
ssh,1.0,a_only,surveillance
ssh,0.6842105263157895,shared,retain
ssh,0.7679558011049724,shared,paragraph
ssh,1.0,a_only,ph
ssh,0.2903225806451613,shared,outside
ssh,0.25984251968503935,shared,remember
ssh,0.0958904109589041,b_only,glanced
ssh,0.5841584158415841,shared,prepare
ssh,1.0,a_only,intervention
ssh,0.3852813852813853,shared,important
ssh,0.6410256410256411,shared,deaf
ssh,1.0,a_only,phenomenon
ssh,1.0,a_only,format
ssh,1.0,a_only,matthew
ssh,0.3617021276595745,shared,force
ssh,1.0,a_only,imports
ssh,0.32231404958677684,shared,listen
ssh,0.5384615384615384,shared,prefer
ssh,0.28,shared,standing
ssh,1.0,a_only,carbon
ssh,0.18081180811808117,b_only,ornery
ssh,0.7486338797814208,shared,dependence
ssh,0.6842105263157895,shared,railway
ssh,0.797752808988764,shared,perpendicular
ssh,1.0,a_only,consist
ssh,1.0,a_only,austrians
ssh,0.6080402010050251,shared,chains
ssh,0.19850187265917604,b_only,stile
ssh,0.5023474178403756,shared,proceed
ssh,1.0,a_only,persians
ssh,0.7391304347826086,shared,depth
ssh,1.0,a_only,gnosticism
ssh,1.0,a_only,biology
ssh,0.21673003802281368,shared,does
ssh,0.25984251968503935,shared,their
ssh,1.0,a_only,axioms
ssh,0.5686274509803921,shared,residence
ssh,1.0,a_only,combat
ssh,0.6080402010050251,shared,eternal
ssh,1.0,a_only,nazi
ssh,0.285140562248996,shared,speaking
ssh,0.7877094972067039,shared,accurately
ssh,0.7391304347826086,shared,accidentally
ssh,0.19850187265917604,b_only,wigwam
ssh,0.350210970464135,shared,touched
ssh,0.20754716981132076,b_only,stoner
ssh,1.0,a_only,functionality
ssh,1.0,a_only,colony
ssh,0.19850187265917604,b_only,illustrious
ssh,1.0,a_only,rejects
ssh,0.5920398009950248,shared,drops
ssh,1.0,a_only,debates
ssh,1.0,a_only,confederation
ssh,1.0,a_only,ontario
ssh,0.7679558011049724,shared,appealed
ssh,0.45454545454545453,shared,odd
ssh,0.4953271028037383,shared,capable
ssh,1.0,a_only,integers
ssh,0.1267605633802817,b_only,shan
ssh,0.5763546798029556,shared,leagues
ssh,1.0,a_only,fictional
ssh,1.0,a_only,interior
ssh,0.11498257839721254,b_only,netherfield
ssh,0.6410256410256411,shared,celebrated
ssh,1.0,a_only,cornwallis
ssh,1.0,a_only,extract
ssh,1.0,a_only,enabling
ssh,0.13074204946996468,b_only,candles
ssh,0.2549019607843137,shared,jonathan
ssh,0.5533980582524272,shared,mourning
ssh,0.25984251968503935,shared,duty
ssh,1.0,a_only,badge
ssh,1.0,a_only,victorious
ssh,0.5841584158415841,shared,burned
ssh,0.46788990825688076,shared,sprang
ssh,0.5458937198067633,shared,divine
ssh,0.4953271028037383,shared,occupation
ssh,0.1895910780669145,b_only,appetite
ssh,0.6326530612244898,shared,ultimately
ssh,0.25,shared,together
ssh,0.3168724279835391,shared,white
ssh,1.0,a_only,kilometres
ssh,0.3114754098360656,shared,entirely
ssh,0.7679558011049724,shared,traffic
ssh,1.0,a_only,lisa
ssh,0.3617021276595745,shared,london
ssh,0.2549019607843137,shared,clear
ssh,0.6080402010050251,shared,fuller
ssh,0.6842105263157895,shared,welcomed
ssh,0.415929203539823,shared,tea
ssh,0.5686274509803921,shared,ceremony
ssh,0.5238095238095238,shared,rob
ssh,0.6666666666666666,shared,secondly
ssh,0.6080402010050251,shared,term
ssh,0.2260536398467433,b_only,congratulations
ssh,0.5763546798029556,shared,f
ssh,1.0,a_only,allosaurus
ssh,0.19850187265917604,b_only,sweetly
ssh,0.7777777777777778,shared,acid
ssh,0.4479638009049774,shared,doubtless
ssh,1.0,a_only,compiled
ssh,0.5238095238095238,shared,g
ssh,0.46788990825688076,shared,suit
ssh,0.8181818181818182,shared,simpler
ssh,0.6410256410256411,shared,exploring
ssh,0.44144144144144143,shared,design
ssh,0.08843537414965986,b_only,charlotte
ssh,1.0,a_only,ss
ssh,1.0,a_only,astronauts
ssh,1.0,a_only,rom
ssh,1.0,a_only,males
ssh,0.19850187265917604,b_only,vivid
ssh,0.415929203539823,shared,stepped
ssh,1.0,a_only,relativity
ssh,1.0,a_only,directors
ssh,0.5023474178403756,shared,response
ssh,0.4479638009049774,shared,steady
ssh,0.6080402010050251,shared,washed
ssh,1.0,a_only,respiratory
ssh,0.6842105263157895,shared,containing
ssh,1.0,a_only,review
ssh,1.0,a_only,suffix
ssh,1.0,a_only,converted
ssh,1.0,a_only,formulated
ssh,0.20754716981132076,b_only,aloft
ssh,0.0958904109589041,b_only,manette
ssh,0.6410256410256411,shared,origin
ssh,0.3445378151260504,shared,george
ssh,1.0,a_only,romans
ssh,0.7204301075268817,shared,dictionary
ssh,0.5533980582524272,shared,dislike
ssh,1.0,a_only,recording
ssh,1.0,a_only,kickoff
ssh,1.0,a_only,paradox
ssh,0.7679558011049724,shared,conquered
ssh,0.5094339622641509,shared,august
ssh,1.0,a_only,indiana
ssh,0.23076923076923078,b_only,budge
ssh,1.0,a_only,psyche
ssh,0.32231404958677684,shared,killed
ssh,1.0,a_only,conformation
ssh,0.21212121212121213,b_only,clumb
ssh,1.0,a_only,unemployment
ssh,1.0,a_only,graham
ssh,0.5023474178403756,shared,treatment
ssh,0.3389121338912134,shared,elizabeth
ssh,0.6494845360824743,shared,neat
ssh,0.18081180811808117,b_only,starkey
ssh,1.0,a_only,hereditary
ssh,1.0,a_only,nicolas
ssh,0.5920398009950248,shared,angels
ssh,0.5609756097560976,shared,hailed
ssh,0.11888111888111888,b_only,gratitude
ssh,0.40350877192982454,shared,ben
ssh,1.0,a_only,airplane
ssh,0.807909604519774,shared,cooking
ssh,0.2903225806451613,shared,broke
ssh,0.45454545454545453,shared,nervous
ssh,0.23076923076923078,shared,want
ssh,0.3445378151260504,shared,jerry
ssh,0.8285714285714286,shared,grove
ssh,0.5533980582524272,shared,urged
ssh,0.40969162995594716,shared,keeping
ssh,1.0,a_only,ataxia
ssh,0.245136186770428,shared,say
ssh,0.6080402010050251,shared,argued
ssh,1.0,a_only,warner
ssh,0.25,shared,watch
ssh,0.7877094972067039,shared,precautions
ssh,1.0,a_only,antiparticle
ssh,1.0,a_only,coppola
ssh,1.0,a_only,altruistic
ssh,1.0,a_only,crashes
ssh,0.40969162995594716,shared,sank
ssh,0.6410256410256411,shared,rises
ssh,0.47465437788018433,shared,sin
ssh,0.5763546798029556,shared,shelf
ssh,0.7679558011049724,shared,ward
ssh,0.6410256410256411,shared,fragment
ssh,1.0,a_only,aruba
ssh,0.5458937198067633,shared,dodo
ssh,0.0958904109589041,b_only,vane
ssh,1.0,a_only,perspective
ssh,0.5094339622641509,shared,courtyard
ssh,1.0,a_only,continues
ssh,0.7204301075268817,shared,exile
ssh,1.0,a_only,tertiary
ssh,0.3617021276595745,shared,spot
ssh,1.0,a_only,larry
ssh,0.5533980582524272,shared,deny
ssh,0.5311004784688995,shared,examining
ssh,1.0,a_only,artefacts
ssh,1.0,a_only,varies
ssh,0.4953271028037383,shared,axe
ssh,0.7297297297297297,shared,astounding
ssh,0.797752808988764,shared,upright
ssh,1.0,a_only,recounts
ssh,0.47465437788018433,shared,devoted
ssh,0.18518518518518517,b_only,indebted
ssh,0.7486338797814208,shared,competition
ssh,1.0,a_only,cube
ssh,1.0,a_only,coastal
ssh,0.09965635738831616,b_only,uneasiness
ssh,0.11888111888111888,b_only,knives
ssh,0.7486338797814208,shared,virtuous
ssh,0.19402985074626866,b_only,hum
ssh,1.0,a_only,communism
ssh,1.0,a_only,apostles
ssh,1.0,a_only,proclamation
ssh,0.7021276595744681,shared,concerns
ssh,0.5311004784688995,shared,bitterly
ssh,0.3008130081300813,shared,form
ssh,1.0,a_only,nathaniel
ssh,0.285140562248996,shared,often
ssh,0.6842105263157895,shared,teacher
ssh,0.39737991266375544,shared,strike
ssh,0.3389121338912134,shared,sea
ssh,1.0,a_only,thinkers
ssh,0.5920398009950248,shared,runs
ssh,1.0,a_only,beliefs
ssh,1.0,a_only,produces
ssh,0.7297297297297297,shared,harvest
ssh,0.44144144144144143,shared,er
ssh,1.0,a_only,hercule
ssh,0.08843537414965986,b_only,guess
ssh,0.8181818181818182,shared,mayor
ssh,0.6243654822335025,shared,range
ssh,0.40969162995594716,shared,fit
ssh,0.7582417582417582,shared,ministers
ssh,0.6666666666666666,shared,guilt
ssh,0.36752136752136755,shared,lights
ssh,0.7679558011049724,shared,wills
ssh,0.7297297297297297,shared,tradition
ssh,1.0,a_only,acclaimed
ssh,1.0,a_only,abba
ssh,1.0,a_only,inventor
ssh,1.0,a_only,pallas
ssh,0.2648221343873518,shared,lot
ssh,1.0,a_only,scholar
ssh,0.09215017064846416,b_only,horrid
ssh,1.0,a_only,songwriter
ssh,0.5609756097560976,shared,eldest
ssh,0.3333333333333333,shared,fallen
ssh,0.20754716981132076,b_only,stepfather
ssh,0.5458937198067633,shared,local
ssh,0.6494845360824743,shared,obtain
ssh,0.6580310880829016,shared,responsibility
ssh,0.20754716981132076,b_only,groaned
ssh,0.4349775784753363,shared,inquiry
ssh,1.0,a_only,seceded
ssh,0.47465437788018433,shared,e
ssh,1.0,a_only,abstract
ssh,0.7391304347826086,shared,lining
ssh,0.45454545454545453,shared,p
ssh,0.391304347826087,shared,describe
ssh,0.3168724279835391,shared,watching
ssh,0.6931216931216931,shared,thirteen
ssh,1.0,a_only,merged
ssh,0.0738255033557047,b_only,injun
ssh,0.4883720930232558,shared,trace
ssh,0.25,shared,well
ssh,1.0,a_only,siege
ssh,1.0,a_only,apollo
ssh,0.3278008298755187,shared,day
ssh,0.40969162995594716,shared,france
ssh,0.5686274509803921,shared,concerning
ssh,0.675392670157068,shared,inspiration
ssh,1.0,a_only,queensland
ssh,1.0,a_only,canons
ssh,1.0,a_only,radiation
ssh,1.0,a_only,losses
ssh,1.0,a_only,utah
ssh,1.0,a_only,creates
ssh,0.6666666666666666,shared,newspaper
ssh,0.40350877192982454,shared,sharp
ssh,0.7391304347826086,shared,decoration
ssh,0.6931216931216931,shared,members
ssh,0.5165876777251185,shared,sons
ssh,0.6,shared,viii
ssh,0.3445378151260504,shared,several
ssh,0.19402985074626866,b_only,clutched
ssh,0.47465437788018433,shared,agatha
ssh,0.20300751879699247,b_only,tolerably
ssh,0.1895910780669145,b_only,runaway
ssh,0.20754716981132076,b_only,beetle
ssh,1.0,a_only,cf
ssh,0.4222222222222222,shared,gold
ssh,0.3617021276595745,shared,health
ssh,1.0,a_only,fascist
ssh,1.0,a_only,abortion
ssh,1.0,a_only,terminal
ssh,1.0,a_only,measurements
ssh,0.1111111111111111,b_only,flung
ssh,0.6243654822335025,shared,brief
ssh,1.0,a_only,sections
ssh,1.0,a_only,calvinist
ssh,0.21212121212121213,b_only,chained
ssh,0.39737991266375544,shared,locked
ssh,0.6494845360824743,shared,guinea
ssh,0.7582417582417582,shared,loses
ssh,1.0,a_only,glenn
ssh,0.22137404580152673,b_only,lazy
ssh,0.20754716981132076,b_only,remind
ssh,0.5311004784688995,shared,east
ssh,0.7297297297297297,shared,practise
ssh,1.0,a_only,tolerance
ssh,1.0,a_only,comprise
ssh,0.46788990825688076,shared,powers
ssh,0.14285714285714285,b_only,handy
ssh,0.797752808988764,shared,flint
ssh,0.4953271028037383,shared,continue
ssh,1.0,a_only,thebes
ssh,0.6,shared,ambition
ssh,0.807909604519774,shared,statue
ssh,0.19402985074626866,b_only,audible
ssh,0.4479638009049774,shared,closing
ssh,1.0,a_only,algebras
ssh,1.0,a_only,parthenon
ssh,0.5094339622641509,shared,feeble
ssh,0.2549019607843137,shared,else
ssh,0.2549019607843137,shared,laid
ssh,0.4349775784753363,shared,crown
ssh,0.0847457627118644,b_only,laughing
ssh,0.3389121338912134,shared,wasn
ssh,1.0,a_only,titled
ssh,0.5686274509803921,shared,feature
ssh,0.20300751879699247,b_only,cottagers
ssh,0.4953271028037383,shared,hence
ssh,1.0,a_only,senators
ssh,0.45454545454545453,shared,press
ssh,0.7777777777777778,shared,germany
ssh,0.0847457627118644,b_only,breakfast
ssh,0.11888111888111888,b_only,neglected
ssh,0.6580310880829016,shared,enthusiasm
ssh,0.7297297297297297,shared,homage
ssh,0.7777777777777778,shared,chaos
ssh,1.0,a_only,motivation
ssh,0.0847457627118644,b_only,consolation
ssh,0.44144144144144143,shared,building
ssh,0.5533980582524272,shared,entry
ssh,0.44144144144144143,shared,monster
ssh,1.0,a_only,mike
ssh,0.5384615384615384,shared,encouraged
ssh,0.8285714285714286,shared,cultivation
ssh,0.675392670157068,shared,severely
ssh,1.0,a_only,versus
ssh,0.5920398009950248,shared,sport
ssh,1.0,a_only,divisions
ssh,0.675392670157068,shared,decay
ssh,0.7021276595744681,shared,sharing
ssh,0.3559322033898305,shared,noise
ssh,0.25984251968503935,shared,waited
ssh,1.0,a_only,prior
ssh,0.7679558011049724,shared,compare
ssh,0.6243654822335025,shared,healthy
ssh,0.6410256410256411,shared,onto
ssh,0.22137404580152673,b_only,imprudence
ssh,1.0,a_only,translation
ssh,1.0,a_only,wimbledon
ssh,1.0,a_only,zambia
ssh,1.0,a_only,crystal
ssh,0.1267605633802817,b_only,waistcoat
ssh,1.0,a_only,linemen
ssh,0.4222222222222222,shared,reach
ssh,0.7486338797814208,shared,incomplete
ssh,0.7204301075268817,shared,fires
ssh,1.0,a_only,harald
ssh,1.0,a_only,amaranth
ssh,0.11888111888111888,b_only,chimney
ssh,1.0,a_only,kevin
ssh,0.7679558011049724,shared,pooh
ssh,1.0,a_only,ankh
ssh,0.3168724279835391,shared,feeling
ssh,0.797752808988764,shared,coin
ssh,1.0,a_only,urban
ssh,0.5841584158415841,shared,sharply
ssh,1.0,a_only,rifles
ssh,0.45454545454545453,shared,fellows
ssh,0.08843537414965986,b_only,forgot
ssh,0.3852813852813853,shared,miles
ssh,0.3559322033898305,shared,afternoon
ssh,0.21673003802281368,b_only,twins
ssh,1.0,a_only,network
ssh,0.5094339622641509,shared,weakness
ssh,1.0,a_only,urn
ssh,0.42857142857142855,shared,resolved
ssh,1.0,a_only,marking
ssh,0.5023474178403756,shared,regarded
ssh,0.6580310880829016,shared,reasoning
ssh,0.6842105263157895,shared,accord
ssh,1.0,a_only,launches
ssh,1.0,a_only,thompson
ssh,0.6326530612244898,shared,routine
ssh,1.0,a_only,achilles
ssh,0.391304347826087,shared,pulled
ssh,0.8181818181818182,shared,comparative
ssh,0.7204301075268817,shared,hubbard
ssh,1.0,a_only,protests
ssh,0.7391304347826086,shared,aiming
ssh,0.7679558011049724,shared,bits
ssh,1.0,a_only,einstein
ssh,0.6410256410256411,shared,india
ssh,0.28,shared,maybe
ssh,0.6161616161616161,shared,obtained
ssh,0.1678832116788321,b_only,tenderness
ssh,0.48148148148148145,shared,fatal
ssh,0.08108108108108109,b_only,whisper
ssh,1.0,a_only,harold
ssh,0.6580310880829016,shared,vii
ssh,0.4349775784753363,shared,b
ssh,0.6666666666666666,shared,arrest
ssh,1.0,a_only,rotation
ssh,0.3168724279835391,shared,proud
ssh,0.1347517730496454,b_only,breathe
ssh,0.42857142857142855,shared,calling
ssh,0.20300751879699247,b_only,ardent
ssh,1.0,a_only,aristotelian
ssh,0.09215017064846416,b_only,knitting
ssh,0.7877094972067039,shared,january
ssh,0.21673003802281368,b_only,grabbed
ssh,0.5311004784688995,shared,cook
ssh,0.07744107744107744,b_only,hers
ssh,0.39737991266375544,shared,lightning
ssh,0.5920398009950248,shared,characters
ssh,0.6842105263157895,shared,profit
ssh,0.47465437788018433,shared,dancing
ssh,1.0,a_only,aircraft
ssh,0.5920398009950248,shared,unexpected
ssh,0.2648221343873518,shared,loved
ssh,0.6931216931216931,shared,display
ssh,1.0,a_only,auteur
ssh,0.350210970464135,shared,changed
ssh,0.2903225806451613,shared,perfectly
ssh,0.7204301075268817,shared,advised
ssh,0.7112299465240641,shared,brick
ssh,1.0,a_only,sheikh
ssh,1.0,a_only,sheen
ssh,0.5841584158415841,shared,process
ssh,0.6326530612244898,shared,rays
ssh,0.4611872146118721,shared,crossed
ssh,1.0,a_only,aleutian
ssh,0.1895910780669145,b_only,recollect
ssh,0.5165876777251185,shared,swimming
ssh,0.2549019607843137,shared,done
ssh,1.0,a_only,lyrics
ssh,1.0,a_only,missile
ssh,0.09215017064846416,b_only,lizzy
ssh,0.12280701754385964,b_only,bourgh
ssh,0.6161616161616161,shared,constantly
ssh,1.0,a_only,shah
ssh,0.6931216931216931,shared,detective
ssh,0.4953271028037383,shared,opium
ssh,0.46788990825688076,shared,signal
ssh,0.4883720930232558,shared,gutenberg
ssh,0.09215017064846416,b_only,monstrous
ssh,1.0,a_only,parliamentary
ssh,0.0847457627118644,b_only,smiled
ssh,0.48148148148148145,shared,creation
ssh,1.0,a_only,sri
ssh,0.21673003802281368,b_only,gallantry
ssh,0.6580310880829016,shared,congress
ssh,1.0,a_only,addiction
ssh,0.40350877192982454,shared,job
ssh,1.0,a_only,eugenics
ssh,1.0,a_only,agate
ssh,0.4611872146118721,shared,greatly
ssh,0.7204301075268817,shared,headache
ssh,0.47465437788018433,shared,protected
ssh,0.10344827586206896,b_only,chin
ssh,0.40350877192982454,shared,clean
ssh,0.6161616161616161,shared,chalk
ssh,0.6161616161616161,shared,inches
ssh,1.0,a_only,augusta
ssh,1.0,a_only,allied
ssh,0.675392670157068,shared,relieve
ssh,1.0,a_only,victories
ssh,0.5165876777251185,shared,flash
ssh,0.6243654822335025,shared,adjusted
ssh,0.7486338797814208,shared,merits
ssh,0.45454545454545453,shared,pile
ssh,0.6326530612244898,shared,witnessed
ssh,0.5165876777251185,shared,flame
ssh,1.0,a_only,epic
ssh,0.24031007751937986,shared,shall
ssh,0.7204301075268817,shared,detected
ssh,0.5763546798029556,shared,appearing
ssh,0.42857142857142855,shared,log
ssh,0.5458937198067633,shared,minister
ssh,0.4611872146118721,shared,minds
ssh,0.21673003802281368,shared,thing
ssh,1.0,a_only,millennium
ssh,0.18518518518518517,b_only,whip
ssh,0.6080402010050251,shared,inner
ssh,0.5311004784688995,shared,smoking
ssh,0.6580310880829016,shared,standard
ssh,1.0,a_only,tasks
ssh,0.08108108108108109,b_only,nana
ssh,0.6580310880829016,shared,experiences
ssh,0.09965635738831616,b_only,morrow
ssh,0.6326530612244898,shared,fought
ssh,0.2749003984063745,shared,where
ssh,0.7582417582417582,shared,exerted
ssh,1.0,a_only,jan
ssh,0.2903225806451613,shared,simply
ssh,1.0,a_only,multiple
ssh,0.1387900355871886,b_only,curiously
ssh,1.0,a_only,extensively
ssh,0.8181818181818182,shared,colleague
ssh,0.19850187265917604,b_only,stead
ssh,1.0,a_only,colonists
ssh,1.0,a_only,commander
ssh,0.1552346570397112,b_only,seeming
ssh,0.5094339622641509,shared,soup
ssh,0.19850187265917604,b_only,speck
ssh,1.0,a_only,fresnel
ssh,0.5609756097560976,shared,solution
ssh,1.0,a_only,aided
ssh,0.7112299465240641,shared,conqueror
ssh,1.0,a_only,horizontal
ssh,1.0,a_only,corinthians
ssh,1.0,a_only,ambients
ssh,0.5311004784688995,shared,reference
ssh,1.0,a_only,conventions
ssh,0.7112299465240641,shared,famine
ssh,1.0,a_only,taylor
ssh,0.6243654822335025,shared,consulted
ssh,0.3559322033898305,shared,curiosity
ssh,0.5841584158415841,shared,falls
ssh,0.24031007751937986,shared,master
ssh,0.7297297297297297,shared,rugged
ssh,0.5311004784688995,shared,ocean
ssh,0.08108108108108109,b_only,bowed
ssh,0.23552123552123552,shared,free
ssh,1.0,a_only,prefix
ssh,0.42857142857142855,shared,imagination
ssh,0.8823529411764706,shared,webster
ssh,1.0,a_only,agrippina
ssh,0.675392670157068,shared,verdict
ssh,0.6243654822335025,shared,lysander
ssh,0.42857142857142855,shared,worst
ssh,0.23076923076923078,b_only,pallor
ssh,0.10344827586206896,b_only,amused
ssh,0.7679558011049724,shared,inheritance
ssh,1.0,a_only,amhr
ssh,1.0,a_only,pro
ssh,0.8497109826589595,shared,wheeler
ssh,1.0,a_only,implicit
ssh,0.7582417582417582,shared,december
ssh,0.5533980582524272,shared,contrast
ssh,0.6410256410256411,shared,mutual
ssh,1.0,a_only,ff
ssh,0.18518518518518517,b_only,leviathan
ssh,0.3559322033898305,shared,pointed
ssh,1.0,a_only,dict
ssh,0.4883720930232558,shared,ugly
ssh,1.0,a_only,manchester
ssh,1.0,a_only,neutrons
ssh,1.0,a_only,retains
ssh,1.0,a_only,bacteria
ssh,0.1895910780669145,b_only,boyhood
ssh,0.20300751879699247,b_only,deserved
ssh,0.5533980582524272,shared,douglas
ssh,0.6,shared,christmas
ssh,0.6,shared,pace
ssh,0.5686274509803921,shared,scandal
ssh,0.5238095238095238,shared,entrance
ssh,0.8285714285714286,shared,pupil
ssh,0.7679558011049724,shared,tip
ssh,0.17216117216117216,shared,is
ssh,1.0,a_only,site
ssh,0.7486338797814208,shared,disaster
ssh,0.09215017064846416,b_only,hang
ssh,0.6080402010050251,shared,bull
ssh,1.0,a_only,photos
ssh,1.0,a_only,julius
ssh,0.6243654822335025,shared,patriots
ssh,0.19402985074626866,b_only,repetition
ssh,0.5165876777251185,shared,distinguish
ssh,1.0,a_only,automobiles
ssh,1.0,a_only,booth
ssh,0.21212121212121213,b_only,sober
ssh,1.0,a_only,david
ssh,1.0,a_only,appropriate
ssh,0.7679558011049724,shared,improve
ssh,1.0,a_only,julian
ssh,0.2749003984063745,shared,satisfied
ssh,0.23552123552123552,b_only,longing
ssh,0.3168724279835391,shared,marriage
ssh,0.36752136752136755,shared,interested
ssh,0.7486338797814208,shared,involve
ssh,0.7486338797814208,shared,sequence
ssh,1.0,a_only,donate
ssh,0.7391304347826086,shared,novels
ssh,0.5609756097560976,shared,checked
ssh,1.0,a_only,epirus
ssh,0.24031007751937986,shared,myself
ssh,0.7777777777777778,shared,sympathetic
ssh,0.6931216931216931,shared,literature
ssh,0.19402985074626866,b_only,glow
ssh,1.0,a_only,kong
ssh,0.797752808988764,shared,strip
ssh,1.0,a_only,kenya
ssh,1.0,a_only,numbering
ssh,0.0847457627118644,b_only,startled
ssh,0.3114754098360656,shared,gentle
ssh,0.7486338797814208,shared,abruptly
ssh,1.0,a_only,americas
ssh,1.0,a_only,jerome
ssh,1.0,a_only,implemented
ssh,0.5763546798029556,shared,greek
ssh,0.7486338797814208,shared,locks
ssh,0.1347517730496454,b_only,inquire
ssh,0.5920398009950248,shared,executed
ssh,0.6580310880829016,shared,exhibited
ssh,0.7112299465240641,shared,personally
ssh,1.0,a_only,companies
ssh,0.40969162995594716,shared,dig
ssh,0.5763546798029556,shared,attending
ssh,1.0,a_only,judicial
ssh,1.0,a_only,liberalism
ssh,0.797752808988764,shared,hampshire
ssh,0.7877094972067039,shared,surveying
ssh,0.5238095238095238,shared,west
ssh,1.0,a_only,universe
ssh,0.3617021276595745,shared,slightly
ssh,1.0,a_only,entropy
ssh,1.0,a_only,potential
ssh,0.3333333333333333,shared,pocket
ssh,0.4953271028037383,shared,silver
ssh,1.0,a_only,formula
ssh,0.29554655870445345,shared,true
ssh,0.6842105263157895,shared,issued
ssh,1.0,a_only,gulch
ssh,0.285140562248996,shared,harm
ssh,0.29554655870445345,shared,more
ssh,0.7112299465240641,shared,sandy
ssh,0.18518518518518517,b_only,huckleberry
ssh,1.0,a_only,multi
ssh,0.4883720930232558,shared,hated
ssh,0.40969162995594716,shared,usually
ssh,0.48148148148148145,shared,creating
ssh,1.0,a_only,fort
ssh,1.0,a_only,measurement
ssh,1.0,a_only,superficial
ssh,0.20754716981132076,b_only,exeter
ssh,0.3617021276595745,shared,whale
ssh,0.6161616161616161,shared,tis
ssh,0.391304347826087,shared,works
ssh,0.42857142857142855,shared,citizen
ssh,1.0,a_only,discrimination
ssh,0.7204301075268817,shared,blunt
ssh,1.0,a_only,widespread
ssh,0.350210970464135,shared,brain
ssh,1.0,a_only,refers
ssh,1.0,a_only,counties
ssh,0.42857142857142855,shared,faith
ssh,1.0,a_only,abbeys
ssh,1.0,a_only,bernard
ssh,1.0,a_only,shuttle
ssh,1.0,a_only,christie
ssh,0.12280701754385964,b_only,rubbed
ssh,1.0,a_only,communists
ssh,0.4611872146118721,shared,william
ssh,1.0,a_only,organized
ssh,1.0,a_only,albertus
ssh,0.20754716981132076,b_only,queens
ssh,0.44144144144144143,shared,fierce
ssh,0.3333333333333333,shared,carefully
ssh,0.09965635738831616,b_only,yonder
ssh,0.7204301075268817,shared,nowadays
ssh,1.0,a_only,sexually
ssh,1.0,a_only,factbook
ssh,0.6410256410256411,shared,plantation
ssh,1.0,a_only,differential
ssh,0.6931216931216931,shared,unseen
ssh,1.0,a_only,receives
ssh,1.0,a_only,alloy
ssh,0.6326530612244898,shared,sources
ssh,1.0,a_only,hera
ssh,0.24031007751937986,b_only,stepping
ssh,1.0,a_only,ep
ssh,1.0,a_only,asa
ssh,1.0,a_only,claudius
ssh,0.3445378151260504,shared,despair
ssh,1.0,a_only,churchill
ssh,0.13074204946996468,b_only,gloomy
ssh,0.5384615384615384,shared,bodies
ssh,0.6931216931216931,shared,nineteenth
ssh,1.0,a_only,remnants
ssh,1.0,a_only,albert
ssh,0.5841584158415841,shared,spiritual
ssh,0.7112299465240641,shared,mix
ssh,0.350210970464135,shared,carry
ssh,1.0,a_only,z
ssh,0.22137404580152673,b_only,tuck
ssh,1.0,a_only,indicate
ssh,1.0,a_only,isotopes
ssh,0.7582417582417582,shared,skeleton
ssh,1.0,a_only,huns
ssh,0.7777777777777778,shared,paths
ssh,1.0,a_only,spectrum
ssh,0.36752136752136755,shared,path
ssh,1.0,a_only,miami
ssh,0.7112299465240641,shared,industry
ssh,1.0,a_only,properties
ssh,0.7877094972067039,shared,qualified
ssh,1.0,a_only,decade
ssh,0.6494845360824743,shared,mount
ssh,1.0,a_only,ambient
ssh,0.7297297297297297,shared,missouri
ssh,0.8285714285714286,shared,homes
ssh,0.6,shared,confined
ssh,0.7877094972067039,shared,sixth
ssh,0.29554655870445345,shared,start
ssh,1.0,a_only,abbot
ssh,0.48148148148148145,shared,felix
ssh,0.6842105263157895,shared,generosity
ssh,1.0,a_only,respectively
ssh,1.0,a_only,assassinated
ssh,1.0,a_only,typically
ssh,0.7021276595744681,shared,aristocracy
ssh,1.0,a_only,alaska
ssh,0.6580310880829016,shared,spectators
ssh,0.5165876777251185,shared,image
ssh,0.4883720930232558,shared,travel
ssh,1.0,a_only,capturing
ssh,1.0,a_only,chronic
ssh,0.4953271028037383,shared,extended
ssh,0.5686274509803921,shared,passions
ssh,1.0,a_only,focused
ssh,0.7204301075268817,shared,sends
ssh,0.20300751879699247,b_only,tempted
ssh,1.0,a_only,monopoly
ssh,0.1552346570397112,b_only,stealing
ssh,0.6842105263157895,shared,reliance
ssh,0.46788990825688076,shared,season
ssh,0.48148148148148145,shared,apply
ssh,0.7204301075268817,shared,courses
ssh,0.5841584158415841,shared,measure
ssh,0.21212121212121213,shared,going
ssh,0.21212121212121213,b_only,hosmer
ssh,0.5094339622641509,shared,metal
ssh,0.44144144144144143,shared,counsel
ssh,0.8390804597701149,shared,seeds
ssh,0.2260536398467433,b_only,dripping
ssh,1.0,a_only,awareness
ssh,0.47465437788018433,shared,increased
ssh,0.11498257839721254,b_only,yesterday
ssh,1.0,a_only,brand
ssh,0.21673003802281368,b_only,swallow
ssh,1.0,a_only,abu
ssh,1.0,a_only,storage
ssh,0.5609756097560976,shared,harbour
ssh,1.0,a_only,diagnosed
ssh,0.3389121338912134,shared,himself
ssh,0.20300751879699247,b_only,insist
ssh,0.7582417582417582,shared,courier
ssh,0.7204301075268817,shared,alpha
ssh,1.0,a_only,thereof
ssh,0.11498257839721254,b_only,cab
ssh,0.5841584158415841,shared,whispers
ssh,1.0,a_only,bulk
ssh,0.3445378151260504,shared,thin
ssh,0.22137404580152673,b_only,dusty
ssh,1.0,a_only,charter
ssh,0.22137404580152673,b_only,erskine
ssh,0.285140562248996,shared,idea
ssh,0.2749003984063745,shared,danger
ssh,0.20754716981132076,b_only,triumphantly
ssh,1.0,a_only,approaches
ssh,0.23552123552123552,b_only,rattled
ssh,0.5384615384615384,shared,chase
ssh,0.675392670157068,shared,non
ssh,0.7582417582417582,shared,fitting
ssh,0.25,shared,went
ssh,0.20754716981132076,b_only,instinctively
ssh,1.0,a_only,constantine
ssh,0.3008130081300813,shared,wood
ssh,0.3617021276595745,shared,sought
ssh,1.0,a_only,oliver
ssh,1.0,a_only,mol
ssh,1.0,a_only,conferences
ssh,1.0,a_only,vedic
ssh,0.40969162995594716,shared,express
ssh,0.5165876777251185,shared,pounds
ssh,1.0,a_only,brotherhood
ssh,1.0,a_only,agnosticism
ssh,0.0958904109589041,b_only,charm
ssh,0.1895910780669145,b_only,wickedness
ssh,0.48148148148148145,shared,winding
ssh,1.0,a_only,employees
ssh,0.7877094972067039,shared,convince
ssh,1.0,a_only,hindu
ssh,0.6326530612244898,shared,appointed
ssh,0.1895910780669145,b_only,canoe
ssh,0.5023474178403756,shared,butter
ssh,0.391304347826087,shared,potter
ssh,1.0,a_only,representation
ssh,0.6243654822335025,shared,win
ssh,1.0,a_only,resembles
ssh,1.0,a_only,oklahoma
ssh,0.45454545454545453,shared,command
ssh,1.0,a_only,semitism
ssh,0.5311004784688995,shared,waves
ssh,0.7391304347826086,shared,column
ssh,1.0,a_only,casa
ssh,1.0,a_only,embassy
ssh,0.2260536398467433,shared,seeing
ssh,0.6243654822335025,shared,owl
ssh,0.08843537414965986,b_only,tick
ssh,0.5686274509803921,shared,sailing
ssh,0.1347517730496454,b_only,blazing
ssh,1.0,a_only,astronomers
ssh,1.0,a_only,maintaining
ssh,1.0,a_only,wallace
ssh,1.0,a_only,discworld
ssh,0.5763546798029556,shared,represent
ssh,0.415929203539823,shared,triumph
ssh,1.0,a_only,sp
ssh,1.0,a_only,vocals
ssh,0.46788990825688076,shared,shortly
ssh,0.6494845360824743,shared,craft
ssh,0.5609756097560976,shared,sacrifice
ssh,1.0,a_only,primitive
ssh,1.0,a_only,wilhelm
ssh,1.0,a_only,archives
ssh,0.13074204946996468,b_only,lorry
ssh,0.5609756097560976,shared,resting
ssh,1.0,a_only,alleged
ssh,1.0,a_only,stance
ssh,0.2549019607843137,shared,way
ssh,0.17647058823529413,b_only,couldn
ssh,0.32231404958677684,shared,occasion
ssh,0.2903225806451613,shared,evidently
ssh,0.5841584158415841,shared,throughout
ssh,0.6842105263157895,shared,compose
ssh,0.4479638009049774,shared,constant
ssh,1.0,a_only,loyal
ssh,1.0,a_only,aldrin
ssh,1.0,a_only,technique
ssh,1.0,a_only,selective
ssh,0.6,shared,records
ssh,1.0,a_only,tropical
ssh,0.36752136752136755,shared,fingers
ssh,0.5023474178403756,shared,permission
ssh,1.0,a_only,carrier
ssh,1.0,a_only,sexual
ssh,0.7777777777777778,shared,errors
ssh,0.6326530612244898,shared,mysteries
ssh,1.0,a_only,potentially
ssh,1.0,a_only,warren
ssh,0.5533980582524272,shared,mill
ssh,0.415929203539823,shared,shock
ssh,1.0,a_only,atoms
ssh,0.5763546798029556,shared,solitary
ssh,0.5533980582524272,shared,accordingly
ssh,0.7297297297297297,shared,alliance
ssh,1.0,a_only,international
ssh,0.2749003984063745,shared,closed
ssh,0.6080402010050251,shared,trap
ssh,1.0,a_only,chart
ssh,0.14695340501792115,b_only,awakened
ssh,0.4479638009049774,shared,dirty
ssh,0.7112299465240641,shared,significance
ssh,0.08843537414965986,b_only,compassion
ssh,1.0,a_only,notably
ssh,0.14285714285714285,b_only,intently
ssh,0.14285714285714285,b_only,civility
ssh,0.5686274509803921,shared,shooting
ssh,0.1895910780669145,b_only,parsonage
ssh,0.19850187265917604,b_only,tempest
ssh,1.0,a_only,ferdinand
ssh,0.7021276595744681,shared,assert
ssh,0.5238095238095238,shared,firm
ssh,1.0,a_only,diversity
ssh,1.0,a_only,clockwork
ssh,0.797752808988764,shared,prejudices
ssh,0.5311004784688995,shared,elder
ssh,0.7877094972067039,shared,accordance
ssh,0.8604651162790697,shared,substitute
ssh,0.21673003802281368,b_only,claw
ssh,0.5311004784688995,shared,purchase
ssh,0.21673003802281368,shared,mine
ssh,0.3114754098360656,shared,through
ssh,0.21212121212121213,b_only,cough
ssh,0.6,shared,outer
ssh,0.1678832116788321,b_only,clung
ssh,0.5920398009950248,shared,obey
ssh,0.20300751879699247,b_only,uz
ssh,1.0,a_only,abugida
ssh,0.8285714285714286,shared,greenland
ssh,0.20300751879699247,b_only,sealed
ssh,0.32231404958677684,shared,excellent
ssh,0.30612244897959184,shared,body
ssh,0.285140562248996,shared,large
ssh,0.675392670157068,shared,stephen
ssh,1.0,a_only,ayn
ssh,0.4611872146118721,shared,rough
ssh,1.0,a_only,nave
ssh,0.20300751879699247,b_only,ther
ssh,0.23552123552123552,b_only,slim
ssh,0.14695340501792115,b_only,attentive
ssh,0.5023474178403756,shared,ages
ssh,0.2698412698412698,shared,though
ssh,0.7297297297297297,shared,patriotic
ssh,0.6161616161616161,shared,talks
ssh,1.0,a_only,decimal
ssh,1.0,a_only,suggests
ssh,0.4479638009049774,shared,share
ssh,0.28,shared,widow
ssh,0.48148148148148145,shared,practical
ssh,0.6580310880829016,shared,whitney
ssh,0.675392670157068,shared,ability
ssh,1.0,a_only,destructive
ssh,0.7391304347826086,shared,hooker
ssh,0.4349775784753363,shared,proceeded
ssh,0.48148148148148145,shared,ladder
ssh,0.7204301075268817,shared,totally
ssh,0.6931216931216931,shared,rows
ssh,0.4953271028037383,shared,ghosts
ssh,0.42857142857142855,shared,gained
ssh,0.675392670157068,shared,marble
ssh,1.0,a_only,iceland
ssh,0.7112299465240641,shared,relaxed
ssh,0.6243654822335025,shared,absorbed
ssh,0.3333333333333333,shared,hopes
ssh,1.0,a_only,brazilian
ssh,0.5763546798029556,shared,undoubtedly
ssh,0.3114754098360656,shared,effect
ssh,1.0,a_only,lesser
ssh,1.0,a_only,rearden
ssh,0.20300751879699247,b_only,praying
ssh,0.6494845360824743,shared,strait
ssh,0.1510791366906475,b_only,woe
ssh,0.6080402010050251,shared,established
ssh,1.0,a_only,athens
ssh,0.6,shared,mood
ssh,0.48148148148148145,shared,becoming
ssh,0.4953271028037383,shared,science
ssh,0.42857142857142855,shared,troubles
ssh,0.8181818181818182,shared,heroic
ssh,0.7391304347826086,shared,cradle
ssh,1.0,a_only,blocks
ssh,1.0,a_only,korea
ssh,0.11888111888111888,b_only,marrying
ssh,1.0,a_only,anagram
ssh,0.1347517730496454,b_only,telegram
ssh,1.0,a_only,mosque
ssh,1.0,a_only,burgoyne
ssh,0.6931216931216931,shared,stuffed
ssh,1.0,a_only,documentary
ssh,0.7391304347826086,shared,conversations
ssh,1.0,a_only,celebration
ssh,1.0,a_only,domain
ssh,0.29554655870445345,shared,who
ssh,0.4883720930232558,shared,explanation
ssh,0.7391304347826086,shared,inspire
ssh,0.7679558011049724,shared,upwards
ssh,0.3114754098360656,shared,remain
ssh,1.0,a_only,philip
ssh,0.3114754098360656,shared,dropped
ssh,0.5920398009950248,shared,suited
ssh,0.10726643598615918,b_only,lest
ssh,0.6931216931216931,shared,wider
ssh,0.5458937198067633,shared,departure
ssh,0.17647058823529413,b_only,hearty
ssh,0.7112299465240641,shared,underground
ssh,0.19850187265917604,shared,run
ssh,0.2749003984063745,shared,began
ssh,0.797752808988764,shared,beneficial
ssh,1.0,a_only,philippines
ssh,0.21212121212121213,b_only,forefinger
ssh,1.0,a_only,clubs
ssh,1.0,a_only,physically
ssh,1.0,a_only,oral
ssh,1.0,a_only,originating
ssh,0.5023474178403756,shared,desk
ssh,1.0,a_only,patroclus
ssh,0.8285714285714286,shared,traded
ssh,0.46788990825688076,shared,ruin
ssh,0.44144144144144143,shared,careful
ssh,1.0,a_only,canaris
ssh,0.20300751879699247,shared,there
ssh,0.17216117216117216,b_only,keenly
ssh,0.7112299465240641,shared,engines
ssh,1.0,a_only,adiabatic
ssh,0.39737991266375544,shared,unfortunate
ssh,1.0,a_only,handling
ssh,0.391304347826087,shared,dogs
ssh,1.0,a_only,santos
ssh,1.0,a_only,audio
ssh,0.5458937198067633,shared,thoroughly
ssh,1.0,a_only,mt
ssh,1.0,a_only,iraq
ssh,1.0,a_only,pregnant
ssh,0.6580310880829016,shared,leads
ssh,0.6580310880829016,shared,hazard
ssh,1.0,a_only,addictive
ssh,1.0,a_only,sumter
ssh,0.11498257839721254,b_only,tremble
ssh,0.18081180811808117,b_only,fountain
ssh,0.4349775784753363,shared,warning
ssh,0.6080402010050251,shared,elegant
ssh,0.21212121212121213,b_only,auntie
ssh,1.0,a_only,africa
ssh,0.4479638009049774,shared,scenes
ssh,0.20300751879699247,shared,could
ssh,0.4479638009049774,shared,liberty
ssh,0.3114754098360656,shared,collins
ssh,0.44144144144144143,shared,tomb
ssh,0.14285714285714285,b_only,prayed
ssh,0.5763546798029556,shared,wrought
ssh,0.24031007751937986,shared,save
ssh,0.19402985074626866,b_only,7
ssh,0.36752136752136755,shared,finger
ssh,0.5311004784688995,shared,prospect
ssh,0.3389121338912134,shared,child
ssh,0.7391304347826086,shared,infancy
ssh,0.1895910780669145,b_only,alarming
ssh,0.1267605633802817,b_only,ventured
ssh,0.6243654822335025,shared,positive
ssh,0.5920398009950248,shared,conducted
ssh,1.0,a_only,nucleus
ssh,0.7021276595744681,shared,farmers
ssh,1.0,a_only,strikers
ssh,0.15942028985507245,shared,down
ssh,0.5384615384615384,shared,suspected
ssh,0.5458937198067633,shared,hitherto
ssh,1.0,a_only,sherman
ssh,0.7297297297297297,shared,complained
ssh,1.0,a_only,monitor
ssh,0.7204301075268817,shared,bureau
ssh,0.5763546798029556,shared,aboard
ssh,0.46788990825688076,shared,dumb
ssh,1.0,a_only,naval
ssh,1.0,a_only,singapore
ssh,1.0,a_only,particle
ssh,0.20300751879699247,b_only,squeeze
ssh,1.0,a_only,equation
ssh,1.0,a_only,claude
ssh,1.0,a_only,doubles
ssh,0.5686274509803921,shared,crimes
ssh,1.0,a_only,jewish
ssh,0.6666666666666666,shared,prime
ssh,0.675392670157068,shared,rogers
ssh,1.0,a_only,adult
ssh,1.0,a_only,neolithic
ssh,1.0,a_only,currents
ssh,0.2903225806451613,shared,far
ssh,0.18518518518518517,b_only,rejoined
ssh,1.0,a_only,theoretical
ssh,1.0,a_only,columbia
ssh,1.0,a_only,emigration
ssh,1.0,a_only,vacuum
ssh,0.20754716981132076,b_only,sickly
ssh,1.0,a_only,separately
ssh,0.28,shared,mrs
ssh,1.0,a_only,terra
ssh,1.0,a_only,concrete
ssh,0.3389121338912134,shared,possibly
ssh,0.4953271028037383,shared,admit
ssh,1.0,a_only,category
ssh,0.5458937198067633,shared,preparation
ssh,0.28,shared,deal
ssh,1.0,a_only,regional
ssh,1.0,a_only,nickname
ssh,0.15942028985507245,b_only,traveller
ssh,0.2749003984063745,shared,surprise
ssh,0.391304347826087,shared,gives
ssh,1.0,a_only,elect
ssh,1.0,a_only,aires
ssh,0.5458937198067633,shared,authorities
ssh,0.1678832116788321,b_only,whistle
ssh,1.0,a_only,helps
ssh,1.0,a_only,lfheim
ssh,0.7679558011049724,shared,applying
ssh,1.0,a_only,mhz
ssh,0.7297297297297297,shared,completion
ssh,0.8390804597701149,shared,alps
ssh,1.0,a_only,norway
ssh,0.0738255033557047,b_only,smoke
ssh,1.0,a_only,atlas
ssh,1.0,a_only,dick
ssh,0.4883720930232558,shared,painter
ssh,0.3852813852813853,shared,camp
ssh,0.37339055793991416,shared,noble
ssh,0.5094339622641509,shared,secure
ssh,1.0,a_only,convention
ssh,1.0,a_only,compromise
ssh,0.6842105263157895,shared,proportion
ssh,1.0,a_only,headquarters
ssh,0.5686274509803921,shared,brute
ssh,0.10726643598615918,shared,of
ssh,1.0,a_only,da
ssh,0.5094339622641509,shared,referred
ssh,0.3333333333333333,shared,street
ssh,0.7486338797814208,shared,conception
ssh,1.0,a_only,mercury
ssh,1.0,a_only,conrad
ssh,0.7021276595744681,shared,medicines
ssh,0.7204301075268817,shared,waterloo
ssh,0.3168724279835391,shared,sweet
ssh,1.0,a_only,paratime
ssh,0.6666666666666666,shared,guests
ssh,1.0,a_only,norm
ssh,1.0,a_only,metaphysics
ssh,0.20300751879699247,b_only,invite
ssh,1.0,a_only,almond
ssh,0.3008130081300813,shared,country
ssh,1.0,a_only,genres
ssh,0.6842105263157895,shared,suppressed
ssh,1.0,a_only,jupiter
ssh,1.0,a_only,saxony
ssh,0.6842105263157895,shared,crowds
ssh,0.19402985074626866,b_only,hurst
ssh,1.0,a_only,centers
ssh,0.7391304347826086,shared,robe
ssh,1.0,a_only,boston
ssh,1.0,a_only,aluminium
ssh,0.7021276595744681,shared,secretly
ssh,0.285140562248996,shared,something
ssh,0.6580310880829016,shared,crab
ssh,0.5841584158415841,shared,orange
ssh,0.4611872146118721,shared,la
ssh,0.10344827586206896,b_only,manage
ssh,0.5609756097560976,shared,stolen
ssh,0.5238095238095238,shared,pet
ssh,0.5384615384615384,shared,messenger
ssh,0.20754716981132076,b_only,peculiarly
ssh,0.44144144144144143,shared,ease
ssh,1.0,a_only,velocity
ssh,0.7112299465240641,shared,dried
ssh,0.3852813852813853,shared,working
ssh,0.6931216931216931,shared,persisted
ssh,1.0,a_only,underlying
ssh,0.5023474178403756,shared,campbell
ssh,0.46788990825688076,shared,accident
ssh,1.0,a_only,quoted
ssh,1.0,a_only,wayne
ssh,0.4953271028037383,shared,extreme
ssh,0.5763546798029556,shared,belongs
ssh,0.797752808988764,shared,perpetual
ssh,1.0,a_only,units
ssh,1.0,a_only,burgess
ssh,0.47465437788018433,shared,intelligence
ssh,0.6931216931216931,shared,millions
ssh,1.0,a_only,trivia
ssh,1.0,a_only,explorer
ssh,0.350210970464135,shared,lucas
ssh,1.0,a_only,campaigns
ssh,0.2260536398467433,b_only,mermaids
ssh,0.5458937198067633,shared,burn
ssh,1.0,a_only,phi
ssh,0.6,shared,worried
ssh,0.6,shared,fourteen
ssh,0.4883720930232558,shared,variety
ssh,0.285140562248996,shared,comes
ssh,0.21212121212121213,b_only,widder
ssh,0.3389121338912134,shared,prevent
ssh,0.46788990825688076,shared,supported
ssh,1.0,a_only,abbreviated
ssh,1.0,a_only,astronaut
ssh,1.0,a_only,ankara
ssh,1.0,a_only,allies
ssh,0.30612244897959184,shared,high
ssh,0.23552123552123552,shared,really
ssh,0.7297297297297297,shared,luxury
ssh,1.0,a_only,funding
ssh,0.0847457627118644,b_only,astonished
ssh,1.0,a_only,logo
ssh,0.18081180811808117,b_only,crush
ssh,0.11888111888111888,b_only,cheerfulness
ssh,0.5165876777251185,shared,necessity
ssh,0.5165876777251185,shared,attracted
ssh,0.28,shared,or
ssh,1.0,a_only,sch
ssh,1.0,a_only,revised
ssh,1.0,a_only,criticism
ssh,0.18081180811808117,b_only,consented
ssh,0.285140562248996,shared,hair
ssh,0.6842105263157895,shared,sunny
ssh,0.36752136752136755,shared,quarter
ssh,0.7391304347826086,shared,shepherd
ssh,1.0,a_only,ottoman
ssh,0.19850187265917604,b_only,timid
ssh,0.3168724279835391,shared,past
ssh,1.0,a_only,programming
ssh,0.19402985074626866,b_only,tranquil
ssh,0.6842105263157895,shared,agency
ssh,0.7582417582417582,shared,simultaneously
ssh,1.0,a_only,contemporaries
ssh,1.0,a_only,tasmania
ssh,0.7297297297297297,shared,respecting
ssh,0.5311004784688995,shared,distinction
ssh,1.0,a_only,abydos
ssh,0.5165876777251185,shared,yard
ssh,0.1387900355871886,b_only,rude
ssh,0.40969162995594716,shared,brave
ssh,0.8181818181818182,shared,retreated
ssh,0.40350877192982454,shared,otherwise
ssh,0.5458937198067633,shared,scattered
ssh,1.0,a_only,prairie
ssh,0.19402985074626866,b_only,whither
ssh,0.5094339622641509,shared,landing
ssh,0.13074204946996468,b_only,disagreeable
ssh,0.6326530612244898,shared,pearls
ssh,1.0,a_only,routes
ssh,0.2260536398467433,b_only,distributing
ssh,1.0,a_only,arminians
ssh,1.0,a_only,archaeological
ssh,1.0,a_only,inability
ssh,0.3114754098360656,shared,lead
ssh,0.5763546798029556,shared,fashioned
ssh,0.6666666666666666,shared,adopted
ssh,0.2749003984063745,shared,presently
ssh,0.45454545454545453,shared,approached
ssh,0.23076923076923078,b_only,governess
ssh,1.0,a_only,prototype
ssh,0.2549019607843137,shared,will
ssh,0.19850187265917604,b_only,mender
ssh,0.4883720930232558,shared,nation
ssh,1.0,a_only,sq
ssh,1.0,a_only,norman
ssh,0.46788990825688076,shared,someone
ssh,0.30612244897959184,shared,youth
ssh,0.3114754098360656,shared,crying
ssh,0.807909604519774,shared,bind
ssh,1.0,a_only,homer
ssh,1.0,a_only,johannes
ssh,1.0,a_only,demographics
ssh,0.7777777777777778,shared,von
ssh,0.4479638009049774,shared,connection
ssh,0.8285714285714286,shared,reveals
ssh,0.5533980582524272,shared,slave
ssh,0.6410256410256411,shared,deprived
ssh,1.0,a_only,hybrid
ssh,0.7679558011049724,shared,poem
ssh,0.7021276595744681,shared,divide
ssh,0.3278008298755187,shared,goes
ssh,1.0,a_only,symbolic
ssh,0.21212121212121213,b_only,vile
ssh,0.10726643598615918,b_only,sofa
ssh,1.0,a_only,decisive
ssh,0.7297297297297297,shared,root
ssh,1.0,a_only,coordination
ssh,0.10344827586206896,b_only,madness
ssh,0.7777777777777778,shared,imposing
ssh,0.3793103448275862,shared,innocent
ssh,0.39737991266375544,shared,ring
ssh,0.4953271028037383,shared,cloud
ssh,0.7021276595744681,shared,ad
ssh,0.6580310880829016,shared,conspicuous
ssh,1.0,a_only,helen
ssh,0.7391304347826086,shared,internal
ssh,0.22137404580152673,b_only,squeezed
ssh,0.675392670157068,shared,recover
ssh,1.0,a_only,dialects
ssh,0.5609756097560976,shared,feels
ssh,0.14285714285714285,b_only,procured
ssh,0.4349775784753363,shared,admiration
ssh,0.15942028985507245,b_only,dormouse
ssh,1.0,a_only,settlements
ssh,0.1111111111111111,b_only,dull
ssh,0.5841584158415841,shared,chorus
ssh,1.0,a_only,frames
ssh,0.1510791366906475,b_only,wednesday
ssh,1.0,a_only,dynasty
ssh,1.0,a_only,conservative
ssh,0.6326530612244898,shared,existing
ssh,0.3168724279835391,shared,duchess
ssh,1.0,a_only,abolition
ssh,0.6494845360824743,shared,graves
ssh,0.2648221343873518,shared,besides
ssh,1.0,a_only,branden
ssh,0.7204301075268817,shared,aroused
ssh,0.7391304347826086,shared,attempting
ssh,1.0,a_only,calendar
ssh,1.0,a_only,ecclesiastical
ssh,0.7582417582417582,shared,imply
ssh,1.0,a_only,hu
ssh,0.5094339622641509,shared,level
ssh,1.0,a_only,fusion
ssh,1.0,a_only,protons
ssh,1.0,a_only,funk
ssh,1.0,a_only,flowering
ssh,1.0,a_only,angola
ssh,0.1267605633802817,b_only,alarmed
ssh,1.0,a_only,br
ssh,0.19402985074626866,b_only,lily
ssh,0.6842105263157895,shared,safer
ssh,1.0,a_only,civilizations
ssh,0.4349775784753363,shared,main
ssh,0.3333333333333333,shared,dog
ssh,0.5165876777251185,shared,hopeless
ssh,1.0,a_only,satellite
ssh,0.807909604519774,shared,compositions
ssh,0.4222222222222222,shared,gate
ssh,0.6243654822335025,shared,ships
ssh,0.5311004784688995,shared,abroad
ssh,1.0,a_only,bases
ssh,0.7582417582417582,shared,precision
ssh,1.0,a_only,norwegian
ssh,1.0,a_only,budget
ssh,1.0,a_only,advancement
ssh,0.6080402010050251,shared,hears
ssh,0.7391304347826086,shared,resource
ssh,1.0,a_only,occult
ssh,0.20754716981132076,b_only,betray
ssh,0.7486338797814208,shared,sam
ssh,1.0,a_only,comprising
ssh,1.0,a_only,robots
ssh,1.0,a_only,calgary
ssh,1.0,a_only,athlete
ssh,0.5238095238095238,shared,passenger
ssh,0.3278008298755187,shared,worth
ssh,1.0,a_only,buddhism
ssh,1.0,a_only,fantasy
ssh,0.7777777777777778,shared,denying
ssh,0.47465437788018433,shared,truly
ssh,0.3445378151260504,shared,memory
ssh,0.6326530612244898,shared,prey
ssh,1.0,a_only,overlap
ssh,0.2648221343873518,shared,stranger
ssh,0.2260536398467433,shared,here
ssh,0.21673003802281368,b_only,quivered
ssh,0.7777777777777778,shared,cylinder
ssh,0.6080402010050251,shared,previously
ssh,0.4479638009049774,shared,stones
ssh,0.5165876777251185,shared,minded
ssh,0.4883720930232558,shared,philosophy
ssh,0.5238095238095238,shared,rules
ssh,1.0,a_only,au
ssh,1.0,a_only,benz
ssh,0.2698412698412698,shared,professor
ssh,0.12280701754385964,b_only,fainted
ssh,1.0,a_only,androids
ssh,0.7204301075268817,shared,thence
ssh,0.3389121338912134,shared,reply
ssh,1.0,a_only,altruism
ssh,0.19850187265917604,b_only,searched
ssh,0.46788990825688076,shared,acting
ssh,0.5841584158415841,shared,northern
ssh,0.4883720930232558,shared,ends
ssh,0.4953271028037383,shared,jump
ssh,1.0,a_only,mathematical
ssh,1.0,a_only,develops
ssh,1.0,a_only,diagnostic
ssh,0.675392670157068,shared,resigned
ssh,0.20300751879699247,b_only,perplexity
ssh,0.46788990825688076,shared,haven
ssh,0.2260536398467433,b_only,gilt
ssh,1.0,a_only,fleming
ssh,0.36752136752136755,shared,task
ssh,1.0,a_only,vocabulary
ssh,1.0,a_only,conditional
ssh,1.0,a_only,translated
ssh,0.48148148148148145,shared,u
ssh,1.0,a_only,judah
ssh,0.285140562248996,shared,husband
ssh,0.4883720930232558,shared,suggest
ssh,0.3168724279835391,shared,time
ssh,1.0,a_only,subfamily
ssh,0.7391304347826086,shared,tastes
ssh,0.6326530612244898,shared,investigation
ssh,0.5841584158415841,shared,copper
ssh,0.5686274509803921,shared,seeking
ssh,1.0,a_only,thermal
ssh,0.20300751879699247,b_only,sunrise
ssh,1.0,a_only,bavarian
ssh,1.0,a_only,resign
ssh,0.7582417582417582,shared,strikes
ssh,0.6326530612244898,shared,islands
ssh,0.7297297297297297,shared,xiv
ssh,0.7112299465240641,shared,sickness
ssh,1.0,a_only,vatican
ssh,0.5384615384615384,shared,blank
ssh,0.7486338797814208,shared,marched
ssh,1.0,a_only,withdrawal
ssh,0.797752808988764,shared,spin
ssh,1.0,a_only,descriptions
ssh,0.7112299465240641,shared,seizing
ssh,0.1111111111111111,b_only,impatiently
ssh,1.0,a_only,municipal
ssh,1.0,a_only,liberals
ssh,1.0,a_only,combustion
ssh,0.21212121212121213,b_only,verses
ssh,0.1895910780669145,b_only,peeped
ssh,0.6243654822335025,shared,pursuing
ssh,1.0,a_only,jean
ssh,1.0,a_only,tends
ssh,0.7486338797814208,shared,atonement
ssh,0.14695340501792115,b_only,wildly
ssh,0.39737991266375544,shared,walls
ssh,0.40969162995594716,shared,difficult
ssh,0.7112299465240641,shared,tries
ssh,1.0,a_only,combinations
ssh,0.391304347826087,shared,movement
ssh,1.0,a_only,corporation
ssh,1.0,a_only,amateur
ssh,0.29554655870445345,shared,herself
ssh,0.6,shared,parent
ssh,0.2648221343873518,shared,let
ssh,0.5238095238095238,shared,statement
ssh,0.6080402010050251,shared,ray
ssh,0.5023474178403756,shared,intimate
ssh,1.0,a_only,user
ssh,0.807909604519774,shared,prophetic
ssh,0.6080402010050251,shared,balance
ssh,0.7391304347826086,shared,borders
ssh,1.0,a_only,replacing
ssh,0.45454545454545453,shared,invitation
ssh,0.2549019607843137,shared,replied
ssh,1.0,a_only,princeton
ssh,0.7582417582417582,shared,considerations
ssh,1.0,a_only,economically
ssh,1.0,a_only,increasingly
ssh,0.4349775784753363,shared,hunger
ssh,0.6494845360824743,shared,sworn
ssh,0.11498257839721254,b_only,indignation
ssh,0.6410256410256411,shared,seize
ssh,0.39737991266375544,shared,witness
ssh,0.6243654822335025,shared,physician
ssh,1.0,a_only,automobile
ssh,0.7297297297297297,shared,medium
ssh,0.1111111111111111,b_only,compliments
ssh,0.5094339622641509,shared,scheme
ssh,1.0,a_only,prevention
ssh,0.21673003802281368,b_only,10
ssh,0.47465437788018433,shared,hate
ssh,1.0,a_only,director
ssh,0.6,shared,arrangements
ssh,0.7486338797814208,shared,slaves
ssh,0.7204301075268817,shared,eighth
ssh,0.3008130081300813,shared,sun
ssh,1.0,a_only,sensory
ssh,0.6842105263157895,shared,army
ssh,0.22137404580152673,b_only,grasped
ssh,0.5094339622641509,shared,ii
ssh,0.7204301075268817,shared,arising
ssh,0.2648221343873518,shared,word
ssh,1.0,a_only,argon
ssh,0.3333333333333333,shared,sad
ssh,1.0,a_only,digital
ssh,0.5311004784688995,shared,keys
ssh,0.3793103448275862,shared,interesting
ssh,0.5609756097560976,shared,yielded
ssh,0.0847457627118644,b_only,quincey
ssh,0.1347517730496454,b_only,unpleasant
ssh,0.18081180811808117,b_only,gloves
ssh,1.0,a_only,stations
ssh,0.6080402010050251,shared,bug
ssh,1.0,a_only,appoint
ssh,1.0,a_only,excluding
ssh,0.7297297297297297,shared,approved
ssh,0.6580310880829016,shared,retained
ssh,1.0,a_only,saudi
ssh,1.0,a_only,pdf
ssh,0.3278008298755187,shared,court
ssh,1.0,a_only,earthquakes
ssh,0.797752808988764,shared,lions
ssh,0.5458937198067633,shared,sensation
ssh,1.0,a_only,scientist
ssh,0.4883720930232558,shared,crocodile
ssh,0.675392670157068,shared,shin
ssh,0.5841584158415841,shared,signed
ssh,1.0,a_only,rfc
ssh,1.0,a_only,statute
ssh,0.6666666666666666,shared,sole
ssh,1.0,a_only,realm
ssh,1.0,a_only,forum
ssh,0.6326530612244898,shared,guidance
ssh,0.2260536398467433,b_only,thrill
ssh,0.3333333333333333,shared,ear
ssh,1.0,a_only,sophisticated
ssh,0.46788990825688076,shared,meantime
ssh,0.5841584158415841,shared,physical
ssh,0.2648221343873518,shared,t
ssh,0.18081180811808117,b_only,shutting
ssh,0.32231404958677684,shared,died
ssh,0.2698412698412698,shared,two
ssh,0.44144144144144143,shared,struggle
ssh,0.3793103448275862,shared,avoid
ssh,0.5763546798029556,shared,crew
ssh,0.2749003984063745,shared,noticed
ssh,0.5384615384615384,shared,numerous
ssh,0.7391304347826086,shared,slam
ssh,1.0,a_only,ba
ssh,0.5023474178403756,shared,method
ssh,0.47465437788018433,shared,cool
ssh,0.6580310880829016,shared,ninety
ssh,0.5458937198067633,shared,waved
ssh,0.5763546798029556,shared,trick
ssh,0.797752808988764,shared,rocket
ssh,0.7112299465240641,shared,stating
ssh,0.21673003802281368,b_only,welshman
ssh,1.0,a_only,alaric
ssh,0.5686274509803921,shared,seconds
ssh,0.20300751879699247,shared,but
ssh,0.6161616161616161,shared,conceal
ssh,0.6080402010050251,shared,social
ssh,0.5238095238095238,shared,increase
ssh,1.0,a_only,document
ssh,0.6580310880829016,shared,crisis
ssh,0.6326530612244898,shared,arguments
