method,phase_similarity,tag,word
ssh,0.6580310880829016,shared,invisible
ssh,1.0,a_only,remedies
ssh,0.7391304347826086,shared,conclude
ssh,0.1111111111111111,b_only,erskine
ssh,1.0,a_only,dominions
ssh,1.0,a_only,capita
ssh,1.0,a_only,bronze
ssh,0.8181818181818182,shared,sympathetic
ssh,0.4953271028037383,shared,whoever
ssh,1.0,a_only,tim
ssh,0.5384615384615384,shared,determine
ssh,0.7582417582417582,shared,bullets
ssh,0.29554655870445345,shared,quite
ssh,0.7777777777777778,shared,ex
ssh,1.0,a_only,contract
ssh,0.5094339622641509,shared,urged
ssh,1.0,a_only,algiers
ssh,1.0,a_only,nfl
ssh,0.7486338797814208,shared,architecture
ssh,1.0,a_only,additionally
ssh,0.3559322033898305,shared,double
ssh,0.5023474178403756,shared,poetry
ssh,1.0,a_only,structures
ssh,0.48148148148148145,shared,american
ssh,0.4349775784753363,shared,fairly
ssh,0.7297297297297297,shared,observations
ssh,1.0,a_only,oklahoma
ssh,0.09965635738831616,b_only,inquiries
ssh,0.4479638009049774,shared,journal
ssh,0.4611872146118721,shared,wore
ssh,0.6326530612244898,shared,tax
ssh,0.7777777777777778,shared,shepherd
ssh,0.797752808988764,shared,transactions
ssh,0.3168724279835391,shared,business
ssh,1.0,a_only,amber
ssh,0.29554655870445345,shared,than
ssh,1.0,a_only,astronauts
ssh,0.5094339622641509,shared,response
ssh,0.5384615384615384,shared,northern
ssh,0.415929203539823,shared,boxes
ssh,0.46788990825688076,shared,vampire
ssh,0.3445378151260504,shared,horror
ssh,1.0,a_only,academic
ssh,0.7486338797814208,shared,handwriting
ssh,1.0,a_only,measurement
ssh,1.0,a_only,codes
ssh,0.0847457627118644,b_only,haired
ssh,0.5686274509803921,shared,discussion
ssh,0.2903225806451613,shared,home
ssh,1.0,a_only,colored
ssh,1.0,a_only,republicans
ssh,0.09215017064846416,b_only,10
ssh,1.0,a_only,confederate
ssh,0.10344827586206896,b_only,dripping
ssh,0.6494845360824743,shared,numbers
ssh,0.2698412698412698,shared,wrong
ssh,1.0,a_only,fischer
ssh,0.8285714285714286,shared,perception
ssh,1.0,a_only,shah
ssh,0.32231404958677684,shared,written
ssh,1.0,a_only,width
ssh,1.0,a_only,artemis
ssh,1.0,a_only,atheistic
ssh,1.0,a_only,mol
ssh,1.0,a_only,geologist
ssh,1.0,a_only,economists
ssh,1.0,a_only,communism
ssh,0.10726643598615918,b_only,favourable
ssh,0.7582417582417582,shared,tip
ssh,0.08108108108108109,b_only,inquest
ssh,0.2549019607843137,shared,come
ssh,1.0,a_only,genetic
ssh,0.5458937198067633,shared,shaped
ssh,0.2749003984063745,shared,new
ssh,0.7204301075268817,shared,district
ssh,1.0,a_only,seeks
ssh,1.0,a_only,parliament
ssh,0.5311004784688995,shared,pure
ssh,1.0,a_only,henri
ssh,1.0,a_only,cia
ssh,1.0,a_only,bierce
ssh,0.7777777777777778,shared,superiority
ssh,0.7679558011049724,shared,acquire
ssh,0.7486338797814208,shared,th
ssh,0.7486338797814208,shared,massacre
ssh,0.4479638009049774,shared,nonsense
ssh,0.7777777777777778,shared,farms
ssh,1.0,a_only,prevention
ssh,0.7582417582417582,shared,bristol
ssh,0.391304347826087,shared,rate
ssh,0.6161616161616161,shared,combined
ssh,0.5609756097560976,shared,disappearance
ssh,1.0,a_only,variation
ssh,1.0,a_only,networks
ssh,1.0,a_only,greene
ssh,0.2903225806451613,shared,him
ssh,0.32231404958677684,shared,inside
ssh,1.0,a_only,tribute
ssh,0.3114754098360656,shared,honour
ssh,0.32231404958677684,shared,looks
ssh,0.5533980582524272,shared,properly
ssh,1.0,a_only,yankee
ssh,1.0,a_only,pilots
ssh,0.7021276595744681,shared,explicit
ssh,1.0,a_only,cars
ssh,0.2698412698412698,shared,thoughts
ssh,0.3114754098360656,shared,has
ssh,0.7877094972067039,shared,limitations
ssh,0.7112299465240641,shared,compose
ssh,1.0,a_only,somalia
ssh,0.2903225806451613,shared,going
ssh,1.0,a_only,terry
ssh,0.350210970464135,shared,draw
ssh,0.6161616161616161,shared,amsterdam
ssh,1.0,a_only,org
ssh,1.0,a_only,herbal
ssh,1.0,a_only,ajax
ssh,1.0,a_only,pagan
ssh,1.0,a_only,championship
ssh,1.0,a_only,restaurant
ssh,0.5238095238095238,shared,cliff
ssh,0.5165876777251185,shared,thomas
ssh,0.0738255033557047,b_only,tweedledee
ssh,0.059602649006622516,b_only,dormouse
ssh,1.0,a_only,corinth
ssh,0.7486338797814208,shared,tightly
ssh,1.0,a_only,amounts
ssh,0.5384615384615384,shared,separated
ssh,0.415929203539823,shared,receive
ssh,0.0958904109589041,b_only,wonderful
ssh,0.7486338797814208,shared,freed
ssh,0.797752808988764,shared,creek
ssh,1.0,a_only,minnesota
ssh,1.0,a_only,pc
ssh,0.7679558011049724,shared,stationed
ssh,0.08108108108108109,b_only,madman
ssh,0.7204301075268817,shared,defects
ssh,0.6842105263157895,shared,usage
ssh,1.0,a_only,karpov
ssh,1.0,a_only,ancestral
ssh,1.0,a_only,hamilton
ssh,0.6080402010050251,shared,passes
ssh,0.7582417582417582,shared,susan
ssh,0.6494845360824743,shared,medical
ssh,1.0,a_only,ecology
ssh,0.3168724279835391,shared,while
ssh,0.6,shared,secured
ssh,0.6080402010050251,shared,celebrated
ssh,0.3008130081300813,shared,figure
ssh,1.0,a_only,poems
ssh,0.7297297297297297,shared,fragments
ssh,1.0,a_only,sahara
ssh,1.0,a_only,organisms
ssh,0.7112299465240641,shared,fuller
ssh,0.29554655870445345,shared,words
ssh,0.48148148148148145,shared,eleven
ssh,1.0,a_only,ber
ssh,1.0,a_only,realm
ssh,1.0,a_only,cooling
ssh,0.8285714285714286,shared,chemist
ssh,0.3793103448275862,shared,mystery
ssh,0.32231404958677684,shared,angry
ssh,0.0847457627118644,b_only,beautifully
ssh,1.0,a_only,pratchett
ssh,1.0,a_only,virus
ssh,0.7777777777777778,shared,indians
ssh,0.4953271028037383,shared,subjects
ssh,1.0,a_only,kasparov
ssh,1.0,a_only,coordination
ssh,0.5311004784688995,shared,hotel
ssh,0.09215017064846416,b_only,curtain
ssh,1.0,a_only,complexity
ssh,1.0,a_only,austin
ssh,1.0,a_only,judaism
ssh,1.0,a_only,stance
ssh,0.2903225806451613,shared,young
ssh,1.0,a_only,resembles
ssh,1.0,a_only,cartier
ssh,0.07744107744107744,b_only,knowed
ssh,0.08108108108108109,b_only,expecting
ssh,0.3852813852813853,shared,signs
ssh,0.5165876777251185,shared,branch
ssh,0.39737991266375544,shared,search
ssh,1.0,a_only,georgia
ssh,0.39737991266375544,shared,peculiar
ssh,0.7877094972067039,shared,requiring
ssh,0.36752136752136755,shared,creatures
ssh,1.0,a_only,wisconsin
ssh,1.0,a_only,morpork
ssh,1.0,a_only,omega
ssh,0.675392670157068,shared,tour
ssh,0.6243654822335025,shared,differently
ssh,0.7486338797814208,shared,authoritative
ssh,0.7204301075268817,shared,masses
ssh,0.10726643598615918,b_only,trod
ssh,0.3278008298755187,shared,start
ssh,0.2749003984063745,shared,tried
ssh,0.7297297297297297,shared,stephen
ssh,0.6410256410256411,shared,nowhere
ssh,1.0,a_only,kenya
ssh,0.7486338797814208,shared,rejected
ssh,1.0,a_only,aliens
ssh,1.0,a_only,scriptures
ssh,0.4349775784753363,shared,stones
ssh,1.0,a_only,fort
ssh,0.7391304347826086,shared,addison
ssh,0.0847457627118644,b_only,lick
ssh,0.3389121338912134,shared,drunk
ssh,0.4479638009049774,shared,connection
ssh,0.4953271028037383,shared,concealed
ssh,0.08843537414965986,b_only,hullo
ssh,1.0,a_only,germans
ssh,0.5094339622641509,shared,swift
ssh,0.25984251968503935,shared,boy
ssh,1.0,a_only,styles
ssh,1.0,a_only,babbage
ssh,0.10726643598615918,b_only,cares
ssh,0.25984251968503935,shared,trouble
ssh,0.7582417582417582,shared,approval
ssh,0.6161616161616161,shared,interests
ssh,0.5609756097560976,shared,purchase
ssh,0.5686274509803921,shared,continually
ssh,0.675392670157068,shared,schemes
ssh,1.0,a_only,planet
ssh,0.7297297297297297,shared,resistance
ssh,0.5533980582524272,shared,everywhere
ssh,0.5311004784688995,shared,sh
ssh,0.6666666666666666,shared,relative
ssh,1.0,a_only,photos
ssh,1.0,a_only,studios
ssh,1.0,a_only,operatorname
ssh,1.0,a_only,unmanned
ssh,0.797752808988764,shared,comparing
ssh,0.42857142857142855,shared,admiration
ssh,0.415929203539823,shared,heavens
ssh,1.0,a_only,commonwealth
ssh,1.0,a_only,antiprotons
ssh,0.5763546798029556,shared,wire
ssh,0.6931216931216931,shared,management
ssh,0.09965635738831616,b_only,gloomy
ssh,0.2749003984063745,shared,need
ssh,1.0,a_only,scheduled
ssh,0.07023411371237458,b_only,hearted
ssh,0.08843537414965986,b_only,hey
ssh,1.0,a_only,unnamed
ssh,1.0,a_only,physicists
ssh,1.0,a_only,luke
ssh,0.7679558011049724,shared,writers
ssh,1.0,a_only,modulation
ssh,1.0,a_only,accession
ssh,0.07023411371237458,b_only,heaps
ssh,1.0,a_only,recurring
ssh,0.5311004784688995,shared,wilson
ssh,1.0,a_only,treaty
ssh,0.45454545454545453,shared,brothers
ssh,1.0,a_only,caucasus
ssh,0.7777777777777778,shared,lloyd
ssh,1.0,a_only,representative
ssh,1.0,a_only,formation
ssh,1.0,a_only,qutb
ssh,1.0,a_only,visual
ssh,0.7582417582417582,shared,flint
ssh,0.4222222222222222,shared,ignorant
ssh,1.0,a_only,das
ssh,0.2648221343873518,shared,oh
ssh,1.0,a_only,ne
ssh,0.4953271028037383,shared,fever
ssh,0.2903225806451613,shared,outside
ssh,0.2903225806451613,shared,nice
ssh,0.08843537414965986,b_only,exquisite
ssh,1.0,a_only,proudhon
ssh,0.3852813852813853,shared,food
ssh,1.0,a_only,hydroxide
ssh,0.5609756097560976,shared,hopping
ssh,0.6842105263157895,shared,tune
ssh,0.42857142857142855,shared,disposition
ssh,0.5384615384615384,shared,reflection
ssh,1.0,a_only,zones
ssh,1.0,a_only,norm
ssh,0.4953271028037383,shared,suspense
ssh,0.09965635738831616,b_only,worm
ssh,0.09965635738831616,b_only,cellar
ssh,0.5609756097560976,shared,minister
ssh,0.09965635738831616,b_only,hallward
ssh,1.0,a_only,sulfur
ssh,1.0,a_only,operating
ssh,0.3008130081300813,shared,continued
ssh,0.5311004784688995,shared,tis
ssh,1.0,a_only,clubs
ssh,0.37339055793991416,shared,near
ssh,0.29554655870445345,shared,am
ssh,1.0,a_only,kong
ssh,0.09965635738831616,b_only,brook
ssh,0.7021276595744681,shared,merits
ssh,0.6243654822335025,shared,spinning
ssh,1.0,a_only,award
ssh,1.0,a_only,graphical
ssh,0.5238095238095238,shared,selfish
ssh,0.3445378151260504,shared,second
ssh,0.6410256410256411,shared,records
ssh,0.11888111888111888,b_only,thoughtfully
ssh,0.47465437788018433,shared,september
ssh,0.0958904109589041,b_only,confide
ssh,0.8181818181818182,shared,strive
ssh,1.0,a_only,crucial
ssh,0.4349775784753363,shared,instrument
ssh,1.0,a_only,dose
ssh,0.40969162995594716,shared,spare
ssh,1.0,a_only,areas
ssh,1.0,a_only,officially
ssh,0.6494845360824743,shared,announce
ssh,0.7679558011049724,shared,withdraw
ssh,0.09215017064846416,b_only,lemme
ssh,0.32231404958677684,shared,book
ssh,0.3389121338912134,shared,opened
ssh,0.42857142857142855,shared,fight
ssh,0.5023474178403756,shared,collected
ssh,1.0,a_only,criteria
ssh,1.0,a_only,benny
ssh,0.06666666666666667,b_only,presume
ssh,0.5686274509803921,shared,issue
ssh,1.0,a_only,membership
ssh,0.10726643598615918,b_only,cheerfulness
ssh,1.0,a_only,versus
ssh,0.8390804597701149,shared,perpendicular
ssh,1.0,a_only,inventor
ssh,0.7391304347826086,shared,surgeon
ssh,0.3168724279835391,shared,those
ssh,0.2648221343873518,shared,passion
ssh,1.0,a_only,joan
ssh,0.2749003984063745,shared,laugh
ssh,1.0,a_only,translations
ssh,1.0,a_only,scholarship
ssh,1.0,a_only,underwent
ssh,1.0,a_only,christians
ssh,0.0457516339869281,b_only,sounded
ssh,0.2260536398467433,shared,talking
ssh,0.6666666666666666,shared,acquired
ssh,1.0,a_only,sizes
ssh,0.3793103448275862,shared,evidence
ssh,0.6326530612244898,shared,packed
ssh,0.3559322033898305,shared,rich
ssh,0.30612244897959184,shared,go
ssh,0.6161616161616161,shared,crop
ssh,0.10726643598615918,b_only,streak
ssh,1.0,a_only,culminated
ssh,0.6580310880829016,shared,purple
ssh,0.5238095238095238,shared,propose
ssh,0.7297297297297297,shared,morality
ssh,0.2749003984063745,shared,every
ssh,0.3445378151260504,shared,ourselves
ssh,0.5609756097560976,shared,sword
ssh,0.6580310880829016,shared,sole
ssh,0.06666666666666667,b_only,tolerable
ssh,0.415929203539823,shared,coat
ssh,1.0,a_only,sartre
ssh,0.13074204946996468,b_only,embarrassment
ssh,1.0,a_only,humorous
ssh,0.4349775784753363,shared,points
ssh,0.4479638009049774,shared,toward
ssh,1.0,a_only,broader
ssh,0.056105610561056105,b_only,hadn
ssh,1.0,a_only,altruism
ssh,1.0,a_only,february
ssh,1.0,a_only,offense
ssh,1.0,a_only,abjads
ssh,0.5609756097560976,shared,execution
ssh,0.40350877192982454,shared,difficulty
ssh,1.0,a_only,exclusively
ssh,0.11498257839721254,b_only,charming
ssh,1.0,a_only,transmitted
ssh,0.0958904109589041,b_only,graceful
ssh,1.0,a_only,parthenon
ssh,0.5384615384615384,shared,crow
ssh,0.08108108108108109,b_only,canvas
ssh,1.0,a_only,nationalist
ssh,0.48148148148148145,shared,creation
ssh,0.7391304347826086,shared,vessels
ssh,0.6161616161616161,shared,blown
ssh,1.0,a_only,veterans
ssh,1.0,a_only,approaches
ssh,0.4349775784753363,shared,equal
ssh,0.5533980582524272,shared,cook
ssh,0.3114754098360656,shared,curiosity
ssh,1.0,a_only,reduction
ssh,1.0,a_only,belgian
ssh,1.0,a_only,poland
ssh,1.0,a_only,formula
ssh,0.6842105263157895,shared,millions
ssh,1.0,a_only,occult
ssh,0.7486338797814208,shared,owners
ssh,1.0,a_only,schuschnigg
ssh,0.07744107744107744,b_only,touching
ssh,1.0,a_only,flights
ssh,1.0,a_only,deals
ssh,0.675392670157068,shared,opposed
ssh,0.1111111111111111,b_only,starkey
ssh,0.3793103448275862,shared,monster
ssh,0.08108108108108109,b_only,helpless
ssh,1.0,a_only,adiabatic
ssh,0.0958904109589041,b_only,avail
ssh,1.0,a_only,numerical
ssh,0.6580310880829016,shared,victims
ssh,0.4479638009049774,shared,required
ssh,0.0958904109589041,b_only,perish
ssh,0.0847457627118644,b_only,leaned
ssh,0.0958904109589041,b_only,toller
ssh,0.40969162995594716,shared,stretched
ssh,0.09215017064846416,b_only,grabbed
ssh,1.0,a_only,popularity
ssh,0.7877094972067039,shared,wealthy
ssh,0.6494845360824743,shared,boot
ssh,0.5384615384615384,shared,cost
ssh,1.0,a_only,journalist
ssh,1.0,a_only,appropriate
ssh,1.0,a_only,als
ssh,1.0,a_only,disciplines
ssh,0.5841584158415841,shared,bowl
ssh,1.0,a_only,branched
ssh,0.7679558011049724,shared,patron
ssh,1.0,a_only,transportation
ssh,0.07744107744107744,b_only,30
ssh,0.415929203539823,shared,copyright
ssh,0.5841584158415841,shared,throughout
ssh,1.0,a_only,eros
ssh,1.0,a_only,referendum
ssh,0.6494845360824743,shared,refuge
ssh,1.0,a_only,railroad
ssh,0.08843537414965986,b_only,forgive
ssh,1.0,a_only,decisions
ssh,1.0,a_only,computing
ssh,0.7297297297297297,shared,costume
ssh,1.0,a_only,inverse
ssh,1.0,a_only,distributed
ssh,0.7679558011049724,shared,dealt
ssh,0.6666666666666666,shared,advancing
ssh,0.5533980582524272,shared,harvey
ssh,0.7582417582417582,shared,questioned
ssh,1.0,a_only,objectivist
ssh,1.0,a_only,cnt
ssh,0.09215017064846416,b_only,dreary
ssh,1.0,a_only,rom
ssh,0.7679558011049724,shared,possessing
ssh,0.797752808988764,shared,shipping
ssh,0.5384615384615384,shared,firmly
ssh,1.0,a_only,maritime
ssh,0.32231404958677684,shared,struck
ssh,0.7021276595744681,shared,neighbors
ssh,0.09215017064846416,b_only,nay
ssh,0.6410256410256411,shared,calculated
ssh,0.45454545454545453,shared,mostly
ssh,1.0,a_only,hephaestus
ssh,0.30612244897959184,shared,queen
ssh,0.09215017064846416,b_only,hain
ssh,1.0,a_only,portal
ssh,1.0,a_only,premier
ssh,0.7391304347826086,shared,integrity
ssh,0.10344827586206896,b_only,squeezed
ssh,1.0,a_only,engineers
ssh,1.0,a_only,corresponding
ssh,1.0,a_only,ren
ssh,1.0,a_only,comprehensive
ssh,1.0,a_only,epithet
ssh,1.0,a_only,gene
ssh,0.09215017064846416,b_only,leviathan
ssh,0.7391304347826086,shared,muscles
ssh,1.0,a_only,levant
ssh,0.5609756097560976,shared,distinguished
ssh,0.5238095238095238,shared,war
ssh,0.2749003984063745,shared,ill
ssh,0.09965635738831616,b_only,roused
ssh,0.7391304347826086,shared,surrounding
ssh,1.0,a_only,user
ssh,0.5023474178403756,shared,hunger
ssh,1.0,a_only,franklin
ssh,1.0,a_only,chronicles
ssh,0.48148148148148145,shared,echoes
ssh,1.0,a_only,gear
ssh,0.0847457627118644,b_only,cruelty
ssh,1.0,a_only,cooperation
ssh,1.0,a_only,administration
ssh,0.7204301075268817,shared,welcomed
ssh,0.3559322033898305,shared,single
ssh,0.0847457627118644,b_only,nerves
ssh,0.09215017064846416,b_only,handy
ssh,1.0,a_only,arkansas
ssh,1.0,a_only,web
ssh,1.0,a_only,contest
ssh,1.0,a_only,autobiography
ssh,0.36752136752136755,shared,marked
ssh,0.6326530612244898,shared,stroke
ssh,0.5023474178403756,shared,suggest
ssh,0.30612244897959184,shared,move
ssh,0.07744107744107744,b_only,frightened
ssh,1.0,a_only,helicopters
ssh,1.0,a_only,pad
ssh,1.0,a_only,angles
ssh,0.5920398009950248,shared,swallowed
ssh,0.4953271028037383,shared,bailey
ssh,0.7021276595744681,shared,hitting
ssh,0.059602649006622516,b_only,drawers
ssh,1.0,a_only,methyl
ssh,0.5238095238095238,shared,creator
ssh,0.2903225806451613,shared,seen
ssh,1.0,a_only,publicity
ssh,1.0,a_only,rv
ssh,1.0,a_only,global
ssh,0.0847457627118644,b_only,reck
ssh,0.4222222222222222,shared,buried
ssh,0.6580310880829016,shared,approved
ssh,1.0,a_only,statistics
ssh,0.09215017064846416,b_only,flushed
ssh,0.6580310880829016,shared,expressing
ssh,0.4349775784753363,shared,according
ssh,1.0,a_only,clockwork
ssh,1.0,a_only,inventors
ssh,0.4953271028037383,shared,weapons
ssh,1.0,a_only,franks
ssh,0.25984251968503935,shared,never
ssh,0.6161616161616161,shared,southern
ssh,1.0,a_only,estimated
ssh,0.6842105263157895,shared,friday
ssh,0.6666666666666666,shared,claims
ssh,1.0,a_only,sporting
ssh,0.6842105263157895,shared,correspondence
ssh,0.7297297297297297,shared,bee
ssh,1.0,a_only,calcium
ssh,1.0,a_only,jay
ssh,0.7391304347826086,shared,insect
ssh,0.5238095238095238,shared,asylum
ssh,0.08843537414965986,b_only,chairs
ssh,0.48148148148148145,shared,driver
ssh,0.37339055793991416,shared,bank
ssh,1.0,a_only,atoms
ssh,0.0958904109589041,b_only,agreeable
ssh,0.3333333333333333,shared,beauty
ssh,0.7582417582417582,shared,provision
ssh,0.0958904109589041,b_only,consented
ssh,0.0958904109589041,b_only,cottage
ssh,0.0738255033557047,b_only,coldly
ssh,1.0,a_only,illegitimate
ssh,0.7204301075268817,shared,purely
ssh,0.07744107744107744,b_only,carriages
ssh,0.4222222222222222,shared,grand
ssh,1.0,a_only,ritual
ssh,0.5533980582524272,shared,secrets
ssh,0.09215017064846416,b_only,settling
ssh,1.0,a_only,tasmania
ssh,1.0,a_only,pro
ssh,0.2648221343873518,shared,know
ssh,0.3389121338912134,shared,night
ssh,0.7391304347826086,shared,justify
ssh,1.0,a_only,soccer
ssh,1.0,a_only,tennis
ssh,0.4953271028037383,shared,absolute
ssh,0.350210970464135,shared,hall
ssh,1.0,a_only,revolutionary
ssh,0.3008130081300813,shared,got
ssh,1.0,a_only,ornamental
ssh,1.0,a_only,transform
ssh,0.4611872146118721,shared,rode
ssh,1.0,a_only,peru
ssh,0.07023411371237458,b_only,shout
ssh,0.3445378151260504,shared,knew
ssh,0.6580310880829016,shared,conflict
ssh,0.5920398009950248,shared,protested
ssh,0.37339055793991416,shared,sympathy
ssh,1.0,a_only,philip
ssh,0.10344827586206896,b_only,tidings
ssh,1.0,a_only,constantinople
ssh,0.6666666666666666,shared,revolution
ssh,0.4953271028037383,shared,pleasing
ssh,0.29554655870445345,shared,been
ssh,1.0,a_only,sanskrit
ssh,0.7297297297297297,shared,psychological
ssh,1.0,a_only,empirical
ssh,0.10726643598615918,b_only,envelope
ssh,1.0,a_only,sample
ssh,0.40969162995594716,shared,lantern
ssh,0.3333333333333333,shared,public
ssh,1.0,a_only,alternate
ssh,0.6326530612244898,shared,syllable
ssh,0.3278008298755187,shared,these
ssh,0.5533980582524272,shared,residence
ssh,0.350210970464135,shared,confess
ssh,0.2749003984063745,shared,nothing
ssh,1.0,a_only,compete
ssh,0.2698412698412698,shared,noticed
ssh,1.0,a_only,respectively
ssh,0.7112299465240641,shared,column
ssh,1.0,a_only,victories
ssh,1.0,a_only,stevens
ssh,0.350210970464135,shared,listen
ssh,0.09965635738831616,b_only,cared
ssh,1.0,a_only,wartime
ssh,0.6326530612244898,shared,designed
ssh,0.47465437788018433,shared,joke
ssh,0.0958904109589041,b_only,inquiring
ssh,1.0,a_only,sedgwick
ssh,0.09965635738831616,b_only,exclamation
ssh,0.6410256410256411,shared,monsters
ssh,0.5238095238095238,shared,rare
ssh,0.0847457627118644,b_only,7
ssh,0.7021276595744681,shared,lofty
ssh,0.09215017064846416,b_only,stile
ssh,1.0,a_only,pdf
ssh,0.285140562248996,shared,therefore
ssh,1.0,a_only,suggests
ssh,0.10344827586206896,b_only,happiest
ssh,0.6410256410256411,shared,breeding
ssh,0.08108108108108109,b_only,tuck
ssh,0.07023411371237458,b_only,sorrowful
ssh,0.5841584158415841,shared,newly
ssh,1.0,a_only,based
ssh,0.25984251968503935,shared,old
ssh,0.5609756097560976,shared,fled
ssh,1.0,a_only,component
ssh,0.2749003984063745,shared,children
ssh,0.37339055793991416,shared,aside
ssh,0.3278008298755187,shared,visit
ssh,0.6,shared,incidents
ssh,0.6161616161616161,shared,enthusiasm
ssh,1.0,a_only,albatrosses
ssh,0.8285714285714286,shared,colleague
ssh,0.08843537414965986,b_only,betray
ssh,0.6410256410256411,shared,pupils
ssh,1.0,a_only,tennessee
ssh,0.42857142857142855,shared,gathered
ssh,0.44144144144144143,shared,amount
ssh,1.0,a_only,goddess
ssh,1.0,a_only,mexican
ssh,0.3168724279835391,shared,cut
ssh,0.09215017064846416,b_only,laughter
ssh,0.3008130081300813,shared,stone
ssh,0.5841584158415841,shared,responsible
ssh,1.0,a_only,harold
ssh,0.4611872146118721,shared,steady
ssh,0.6161616161616161,shared,obey
ssh,1.0,a_only,biblical
ssh,1.0,a_only,constantine
ssh,1.0,a_only,interpretation
ssh,0.7021276595744681,shared,lighter
ssh,0.08108108108108109,b_only,dances
ssh,0.7204301075268817,shared,adding
ssh,1.0,a_only,arsenic
ssh,1.0,a_only,ahenobarbus
ssh,1.0,a_only,enters
ssh,0.7112299465240641,shared,secretly
ssh,0.6580310880829016,shared,sending
ssh,0.28,shared,duke
ssh,0.7777777777777778,shared,erected
ssh,1.0,a_only,international
ssh,1.0,a_only,catholics
ssh,0.0958904109589041,b_only,doorway
ssh,1.0,a_only,cosmology
ssh,1.0,a_only,geographical
ssh,0.40350877192982454,shared,den
ssh,0.08108108108108109,b_only,catched
ssh,0.5165876777251185,shared,contained
ssh,0.4349775784753363,shared,maid
ssh,1.0,a_only,asia
ssh,0.1111111111111111,b_only,11
ssh,0.5686274509803921,shared,prayers
ssh,1.0,a_only,afc
ssh,1.0,a_only,jewish
ssh,0.5094339622641509,shared,excitement
ssh,0.5094339622641509,shared,leading
ssh,1.0,a_only,relativity
ssh,0.10726643598615918,b_only,charmed
ssh,1.0,a_only,argentina
ssh,0.5238095238095238,shared,demanded
ssh,0.5384615384615384,shared,sixty
ssh,1.0,a_only,hymns
ssh,0.0958904109589041,b_only,crucifix
ssh,1.0,a_only,antoninus
ssh,0.3168724279835391,shared,can
ssh,1.0,a_only,surgical
ssh,1.0,a_only,institutions
ssh,0.350210970464135,shared,mentioned
ssh,0.059602649006622516,b_only,guillotine
ssh,0.09215017064846416,b_only,intend
ssh,0.6666666666666666,shared,adjusted
ssh,1.0,a_only,dhabi
ssh,1.0,a_only,script
ssh,0.09215017064846416,b_only,brush
ssh,1.0,a_only,newer
ssh,0.6931216931216931,shared,gap
ssh,0.675392670157068,shared,notwithstanding
ssh,0.6161616161616161,shared,root
ssh,0.245136186770428,shared,nobody
ssh,0.5238095238095238,shared,cover
ssh,0.3278008298755187,shared,dog
ssh,1.0,a_only,scott
ssh,0.3852813852813853,shared,roads
ssh,1.0,a_only,hercule
ssh,0.6666666666666666,shared,uses
ssh,0.3389121338912134,shared,top
ssh,0.5458937198067633,shared,degrees
ssh,0.415929203539823,shared,cases
ssh,0.807909604519774,shared,warmer
ssh,0.25984251968503935,shared,nearly
ssh,1.0,a_only,criticised
ssh,1.0,a_only,oracle
ssh,0.5686274509803921,shared,inspired
ssh,0.08843537414965986,b_only,warmly
ssh,1.0,a_only,saturn
ssh,0.6080402010050251,shared,average
ssh,1.0,a_only,ultimate
ssh,0.08108108108108109,b_only,stealing
ssh,0.0958904109589041,b_only,tavern
ssh,0.8497109826589595,shared,qualified
ssh,0.5311004784688995,shared,coffee
ssh,0.08108108108108109,b_only,charlotte
ssh,0.3333333333333333,shared,past
ssh,0.7486338797814208,shared,overthrown
ssh,1.0,a_only,telephone
ssh,0.3114754098360656,shared,begin
ssh,0.6326530612244898,shared,experiment
ssh,0.30612244897959184,shared,filled
ssh,0.5920398009950248,shared,member
ssh,0.3168724279835391,shared,full
ssh,1.0,a_only,football
ssh,1.0,a_only,explicitly
ssh,0.6410256410256411,shared,mysteries
ssh,1.0,a_only,vector
ssh,1.0,a_only,installed
ssh,1.0,a_only,newton
ssh,1.0,a_only,diplomatic
ssh,1.0,a_only,interpreted
ssh,0.6243654822335025,shared,lysander
ssh,0.08108108108108109,b_only,ascended
ssh,0.7204301075268817,shared,diamond
ssh,1.0,a_only,biography
ssh,0.08108108108108109,b_only,mo
ssh,0.5609756097560976,shared,failure
ssh,0.40969162995594716,shared,lights
ssh,1.0,a_only,vulnerable
ssh,0.46788990825688076,shared,gay
ssh,0.5165876777251185,shared,vice
ssh,1.0,a_only,astronomer
ssh,1.0,a_only,stability
ssh,0.675392670157068,shared,recognize
ssh,0.5094339622641509,shared,royal
ssh,0.07023411371237458,b_only,admirable
ssh,0.08108108108108109,b_only,lucy
ssh,1.0,a_only,jerome
ssh,1.0,a_only,roosevelt
ssh,0.09215017064846416,b_only,tiptoe
ssh,0.6243654822335025,shared,release
ssh,1.0,a_only,judah
ssh,0.7204301075268817,shared,net
ssh,0.5609756097560976,shared,alongside
ssh,0.5609756097560976,shared,claimed
ssh,0.391304347826087,shared,innocent
ssh,0.29554655870445345,shared,wood
ssh,0.2903225806451613,shared,given
ssh,0.37339055793991416,shared,stirring
ssh,1.0,a_only,tarkovsky
ssh,1.0,a_only,warriors
ssh,1.0,a_only,awareness
ssh,1.0,a_only,isotopes
ssh,0.5023474178403756,shared,palace
ssh,0.6080402010050251,shared,astonishing
ssh,0.39737991266375544,shared,cousin
ssh,0.6161616161616161,shared,per
ssh,0.30612244897959184,shared,drew
ssh,0.5763546798029556,shared,encouragement
ssh,0.07023411371237458,b_only,clouded
ssh,0.797752808988764,shared,ministers
ssh,0.46788990825688076,shared,modern
ssh,0.5311004784688995,shared,concerning
ssh,0.4953271028037383,shared,objects
ssh,0.4953271028037383,shared,fishing
ssh,0.6931216931216931,shared,crowned
ssh,0.3008130081300813,shared,started
ssh,0.07023411371237458,b_only,merry
ssh,1.0,a_only,capitalist
ssh,1.0,a_only,rulers
ssh,1.0,a_only,variance
ssh,0.5920398009950248,shared,proposal
ssh,0.5311004784688995,shared,price
ssh,1.0,a_only,http
ssh,0.6494845360824743,shared,standard
ssh,0.25,shared,happy
ssh,1.0,a_only,amhr
ssh,1.0,a_only,producers
ssh,1.0,a_only,reactions
ssh,1.0,a_only,heir
ssh,0.391304347826087,shared,excited
ssh,0.7486338797814208,shared,lectures
ssh,0.6243654822335025,shared,borrowed
ssh,0.5311004784688995,shared,lists
ssh,0.29554655870445345,shared,comes
ssh,1.0,a_only,probe
ssh,0.30612244897959184,shared,often
ssh,0.1111111111111111,b_only,gazed
ssh,0.7486338797814208,shared,stripped
ssh,1.0,a_only,thailand
ssh,0.3333333333333333,shared,drive
ssh,0.07744107744107744,b_only,unlocked
ssh,0.5458937198067633,shared,stories
ssh,1.0,a_only,allosaurus
ssh,1.0,a_only,dating
ssh,0.7679558011049724,shared,abner
ssh,0.0958904109589041,b_only,suspicions
ssh,0.3008130081300813,shared,quick
ssh,0.45454545454545453,shared,trademark
ssh,0.48148148148148145,shared,spiders
ssh,0.7777777777777778,shared,requested
ssh,1.0,a_only,congressional
ssh,0.29554655870445345,shared,room
ssh,1.0,a_only,egoism
ssh,1.0,a_only,myths
ssh,0.6080402010050251,shared,succession
ssh,0.6842105263157895,shared,songs
ssh,0.5533980582524272,shared,jacket
ssh,0.28,shared,length
ssh,0.3389121338912134,shared,day
ssh,0.7486338797814208,shared,infant
ssh,0.3793103448275862,shared,setting
ssh,1.0,a_only,del
ssh,1.0,a_only,ansi
ssh,1.0,a_only,covenant
ssh,0.5458937198067633,shared,named
ssh,0.07744107744107744,b_only,desolate
ssh,1.0,a_only,erosion
ssh,0.3114754098360656,shared,same
ssh,0.3617021276595745,shared,explained
ssh,0.3114754098360656,shared,earth
ssh,0.7297297297297297,shared,traffic
ssh,1.0,a_only,keyboard
ssh,1.0,a_only,germanic
ssh,0.391304347826087,shared,slow
ssh,0.07023411371237458,b_only,juliet
ssh,1.0,a_only,controversial
ssh,0.6,shared,cage
ssh,0.2903225806451613,shared,help
ssh,0.0738255033557047,b_only,wigwam
ssh,1.0,a_only,competitive
ssh,0.3333333333333333,shared,hearing
ssh,0.7021276595744681,shared,sour
ssh,1.0,a_only,bytes
ssh,0.1111111111111111,b_only,hertfordshire
ssh,0.6410256410256411,shared,bones
ssh,0.6842105263157895,shared,sickness
ssh,0.08108108108108109,b_only,longed
ssh,0.7204301075268817,shared,accidents
ssh,0.5686274509803921,shared,scientific
ssh,0.7204301075268817,shared,thorough
ssh,0.06666666666666667,b_only,tow
ssh,1.0,a_only,defeats
ssh,1.0,a_only,philosophies
ssh,0.5686274509803921,shared,minded
ssh,0.6666666666666666,shared,ivory
ssh,1.0,a_only,lands
ssh,0.09965635738831616,b_only,lingering
ssh,1.0,a_only,booth
ssh,1.0,a_only,imports
ssh,0.797752808988764,shared,detect
ssh,1.0,a_only,emphasize
ssh,1.0,a_only,median
ssh,0.07744107744107744,b_only,shutters
ssh,1.0,a_only,offshore
ssh,0.3278008298755187,shared,necessary
ssh,0.42857142857142855,shared,stayed
ssh,1.0,a_only,mainstream
ssh,0.391304347826087,shared,village
ssh,0.25984251968503935,shared,spoke
ssh,1.0,a_only,tissues
ssh,0.3168724279835391,shared,waited
ssh,0.30612244897959184,shared,speak
ssh,0.3445378151260504,shared,lived
ssh,0.6666666666666666,shared,complied
ssh,0.5841584158415841,shared,mirror
ssh,0.6161616161616161,shared,acts
ssh,0.13074204946996468,b_only,carelessly
ssh,0.45454545454545453,shared,armed
ssh,1.0,a_only,homo
ssh,0.6931216931216931,shared,january
ssh,0.6931216931216931,shared,dukes
ssh,1.0,a_only,angst
ssh,0.6842105263157895,shared,arising
ssh,0.5238095238095238,shared,wolf
ssh,0.4479638009049774,shared,dim
ssh,0.5763546798029556,shared,punch
ssh,0.09215017064846416,b_only,tenderness
ssh,0.0958904109589041,b_only,smee
ssh,0.42857142857142855,shared,recalled
ssh,0.3278008298755187,shared,having
ssh,0.797752808988764,shared,edmund
ssh,1.0,a_only,marketing
ssh,1.0,a_only,bishop
ssh,1.0,a_only,apache
ssh,0.0738255033557047,b_only,innocence
ssh,0.7391304347826086,shared,composition
ssh,0.2549019607843137,shared,ve
ssh,0.6931216931216931,shared,completion
ssh,0.6080402010050251,shared,materials
ssh,1.0,a_only,gide
ssh,0.3168724279835391,shared,pride
ssh,0.10726643598615918,b_only,rushed
ssh,1.0,a_only,afterlife
ssh,1.0,a_only,uke
ssh,1.0,a_only,afl
ssh,0.07744107744107744,b_only,dern
ssh,0.06666666666666667,b_only,stump
ssh,1.0,a_only,reflecting
ssh,0.09965635738831616,b_only,whooping
ssh,1.0,a_only,mcclellan
ssh,0.0847457627118644,b_only,knock
ssh,0.8285714285714286,shared,tenth
ssh,0.6,shared,hospital
ssh,1.0,a_only,agesilaus
ssh,0.10344827586206896,b_only,hurrying
ssh,0.7297297297297297,shared,avoided
ssh,1.0,a_only,kim
ssh,0.40350877192982454,shared,especially
ssh,0.6931216931216931,shared,stating
ssh,1.0,a_only,parsons
ssh,0.6326530612244898,shared,bold
ssh,0.0738255033557047,b_only,fond
ssh,0.44144144144144143,shared,accounts
ssh,0.6326530612244898,shared,virtues
ssh,0.24031007751937986,shared,stop
ssh,0.2749003984063745,shared,clear
ssh,0.07744107744107744,b_only,eliza
ssh,0.6161616161616161,shared,bean
ssh,0.5165876777251185,shared,meanwhile
ssh,0.7297297297297297,shared,bricks
ssh,1.0,a_only,featured
ssh,0.07023411371237458,b_only,waked
ssh,0.7679558011049724,shared,upright
ssh,0.0847457627118644,b_only,caution
ssh,0.4953271028037383,shared,thee
ssh,0.6842105263157895,shared,non
ssh,0.7777777777777778,shared,alps
ssh,0.7204301075268817,shared,akin
ssh,0.4222222222222222,shared,hanging
ssh,0.4349775784753363,shared,returning
ssh,1.0,a_only,implied
ssh,1.0,a_only,mathematical
ssh,1.0,a_only,plasma
ssh,1.0,a_only,greeks
ssh,1.0,a_only,andrew
ssh,1.0,a_only,cult
ssh,0.07744107744107744,b_only,walrus
ssh,1.0,a_only,operator
ssh,0.3114754098360656,shared,power
ssh,1.0,a_only,derivative
ssh,0.30612244897959184,shared,minute
ssh,0.06666666666666667,b_only,instinct
ssh,1.0,a_only,defines
ssh,0.7486338797814208,shared,premature
ssh,0.32231404958677684,shared,somebody
ssh,1.0,a_only,role
ssh,1.0,a_only,molecular
ssh,0.36752136752136755,shared,strike
ssh,0.09965635738831616,b_only,circumstance
ssh,1.0,a_only,practiced
ssh,1.0,a_only,fisheries
ssh,0.5311004784688995,shared,bob
ssh,0.4953271028037383,shared,corn
ssh,0.6243654822335025,shared,exist
ssh,0.7021276595744681,shared,assert
ssh,1.0,a_only,experimental
ssh,0.7021276595744681,shared,engage
ssh,0.5238095238095238,shared,entrance
ssh,1.0,a_only,unstable
ssh,0.09215017064846416,b_only,dared
ssh,1.0,a_only,anglicanism
ssh,0.5609756097560976,shared,theories
ssh,0.07744107744107744,b_only,clumb
ssh,1.0,a_only,compromise
ssh,0.10344827586206896,b_only,implored
ssh,1.0,a_only,davis
ssh,1.0,a_only,manufacturer
ssh,1.0,a_only,louise
ssh,0.3333333333333333,shared,their
ssh,1.0,a_only,butane
ssh,0.5165876777251185,shared,animal
ssh,0.40969162995594716,shared,value
ssh,1.0,a_only,procedure
ssh,0.7777777777777778,shared,penetrate
ssh,0.1111111111111111,b_only,vacant
ssh,0.0847457627118644,b_only,howling
ssh,0.3114754098360656,shared,present
ssh,0.4349775784753363,shared,visible
ssh,0.10344827586206896,b_only,conceive
ssh,0.3008130081300813,shared,judge
ssh,0.32231404958677684,shared,chair
ssh,0.285140562248996,shared,wished
ssh,0.5384615384615384,shared,follows
ssh,0.4611872146118721,shared,extended
ssh,1.0,a_only,animism
ssh,1.0,a_only,migration
ssh,0.6580310880829016,shared,chorus
ssh,0.6,shared,corruption
ssh,0.42857142857142855,shared,pair
ssh,0.48148148148148145,shared,willing
ssh,0.10344827586206896,b_only,regret
ssh,0.6494845360824743,shared,missouri
ssh,1.0,a_only,kurtz
ssh,0.3389121338912134,shared,sad
ssh,0.5384615384615384,shared,departure
ssh,0.10344827586206896,b_only,ticking
ssh,1.0,a_only,gen
ssh,0.7391304347826086,shared,churches
ssh,0.7297297297297297,shared,caves
ssh,0.7679558011049724,shared,hungarian
ssh,1.0,a_only,legendary
ssh,0.3168724279835391,shared,blood
ssh,0.6243654822335025,shared,associated
ssh,1.0,a_only,nd
ssh,1.0,a_only,abraxas
ssh,0.415929203539823,shared,neck
ssh,0.4883720930232558,shared,encouraged
ssh,1.0,a_only,bacteria
ssh,0.7582417582417582,shared,contact
ssh,0.24031007751937986,shared,open
ssh,0.245136186770428,shared,land
ssh,0.4222222222222222,shared,higher
ssh,0.0847457627118644,b_only,boyhood
ssh,1.0,a_only,identical
ssh,0.6326530612244898,shared,players
ssh,0.0738255033557047,b_only,consult
ssh,0.8604651162790697,shared,mayor
ssh,0.5609756097560976,shared,starved
ssh,1.0,a_only,singer
ssh,0.07744107744107744,b_only,beheld
ssh,0.7486338797814208,shared,random
ssh,0.08108108108108109,b_only,reproach
ssh,0.39737991266375544,shared,terms
ssh,1.0,a_only,factions
ssh,0.47465437788018433,shared,restored
ssh,0.797752808988764,shared,voluntary
ssh,0.5763546798029556,shared,passionate
ssh,0.4953271028037383,shared,dish
ssh,0.5458937198067633,shared,occasions
ssh,0.6410256410256411,shared,fired
ssh,0.6666666666666666,shared,social
ssh,1.0,a_only,steve
ssh,1.0,a_only,lesser
ssh,0.5165876777251185,shared,guns
ssh,0.6,shared,orleans
ssh,0.7391304347826086,shared,stretching
ssh,0.4883720930232558,shared,committed
ssh,1.0,a_only,beliefs
ssh,0.45454545454545453,shared,features
ssh,0.7486338797814208,shared,butler
ssh,0.6243654822335025,shared,bills
ssh,0.8604651162790697,shared,sands
ssh,0.08843537414965986,b_only,climbed
ssh,1.0,a_only,qur
ssh,0.7486338797814208,shared,thirteen
ssh,0.5458937198067633,shared,assistance
ssh,1.0,a_only,dagny
ssh,1.0,a_only,johnston
ssh,0.5841584158415841,shared,islands
ssh,1.0,a_only,reportedly
ssh,1.0,a_only,measurements
ssh,0.3445378151260504,shared,wrote
ssh,0.08843537414965986,b_only,nted
ssh,1.0,a_only,margin
ssh,0.4953271028037383,shared,necessity
ssh,0.3008130081300813,shared,stood
ssh,0.415929203539823,shared,missed
ssh,0.6161616161616161,shared,excess
ssh,0.10344827586206896,b_only,sobs
ssh,0.6494845360824743,shared,ultimately
ssh,0.08843537414965986,b_only,vane
ssh,0.6494845360824743,shared,structure
ssh,1.0,a_only,processing
ssh,1.0,a_only,valence
ssh,0.0847457627118644,b_only,rip
ssh,0.45454545454545453,shared,ladder
ssh,1.0,a_only,iran
ssh,1.0,a_only,cox
ssh,1.0,a_only,emma
ssh,1.0,a_only,lovecraft
ssh,1.0,a_only,resulting
ssh,1.0,a_only,gospels
ssh,0.6410256410256411,shared,available
ssh,1.0,a_only,involvement
ssh,1.0,a_only,proclaimed
ssh,1.0,a_only,clement
ssh,0.5533980582524272,shared,seeking
ssh,0.42857142857142855,shared,snap
ssh,1.0,a_only,sects
ssh,0.08843537414965986,b_only,fo
ssh,0.8181818181818182,shared,mistakes
ssh,0.29554655870445345,shared,did
ssh,0.47465437788018433,shared,sorrow
ssh,0.6410256410256411,shared,fearing
ssh,0.7679558011049724,shared,illusion
ssh,1.0,a_only,berlin
ssh,0.09965635738831616,b_only,flapping
ssh,0.7877094972067039,shared,reveals
ssh,0.807909604519774,shared,garment
ssh,0.7297297297297297,shared,leap
ssh,1.0,a_only,urn
ssh,0.7021276595744681,shared,recovery
ssh,0.3793103448275862,shared,wicked
ssh,0.08843537414965986,b_only,gladness
ssh,0.08843537414965986,b_only,shovel
ssh,0.5094339622641509,shared,injured
ssh,1.0,a_only,octavian
ssh,1.0,a_only,recounts
ssh,0.0958904109589041,b_only,comin
ssh,0.5920398009950248,shared,orange
ssh,0.11888111888111888,b_only,keenly
ssh,0.5533980582524272,shared,tend
ssh,0.4953271028037383,shared,officers
ssh,0.6243654822335025,shared,runs
ssh,0.7112299465240641,shared,exceptional
ssh,0.39737991266375544,shared,mistake
ssh,0.6080402010050251,shared,traced
ssh,0.3333333333333333,shared,kindly
ssh,1.0,a_only,tv
ssh,0.6243654822335025,shared,pearls
ssh,0.09215017064846416,b_only,soundly
ssh,0.30612244897959184,shared,sea
ssh,1.0,a_only,java
ssh,1.0,a_only,gand
ssh,1.0,a_only,opus
ssh,1.0,a_only,nathaniel
ssh,0.08843537414965986,b_only,plenty
ssh,0.797752808988764,shared,balanced
ssh,0.07023411371237458,b_only,muttered
ssh,0.6161616161616161,shared,bull
ssh,0.5165876777251185,shared,departed
ssh,1.0,a_only,lf
ssh,1.0,a_only,anarcho
ssh,1.0,a_only,motivation
ssh,0.6666666666666666,shared,shops
ssh,1.0,a_only,ratio
ssh,1.0,a_only,promoting
ssh,0.08843537414965986,b_only,trembling
ssh,0.6,shared,preserved
ssh,0.4883720930232558,shared,thrust
ssh,0.7021276595744681,shared,arrives
ssh,0.5920398009950248,shared,matches
ssh,0.5458937198067633,shared,prefer
ssh,0.5023474178403756,shared,union
ssh,1.0,a_only,heritage
ssh,1.0,a_only,lillian
ssh,1.0,a_only,antarctica
ssh,0.5920398009950248,shared,neighbours
ssh,0.0958904109589041,b_only,whispered
ssh,0.2749003984063745,shared,might
ssh,0.10726643598615918,b_only,undertaker
ssh,1.0,a_only,tactic
ssh,0.3278008298755187,shared,pain
ssh,1.0,a_only,afghanistan
ssh,0.2903225806451613,shared,better
ssh,0.5023474178403756,shared,nervous
ssh,1.0,a_only,physiology
ssh,0.6842105263157895,shared,worshipped
ssh,1.0,a_only,indicating
ssh,0.8181818181818182,shared,grain
ssh,0.3168724279835391,shared,illustration
ssh,0.7486338797814208,shared,aim
ssh,0.3278008298755187,shared,sitting
ssh,0.6326530612244898,shared,officer
ssh,0.5165876777251185,shared,dignity
ssh,0.7486338797814208,shared,decoration
ssh,0.797752808988764,shared,eagle
ssh,1.0,a_only,adaptation
ssh,1.0,a_only,participate
ssh,0.4479638009049774,shared,probable
ssh,1.0,a_only,staff
ssh,1.0,a_only,hybrid
ssh,0.0457516339869281,b_only,swiftly
ssh,0.6494845360824743,shared,tire
ssh,1.0,a_only,anna
ssh,1.0,a_only,kilometres
ssh,0.4883720930232558,shared,ruin
ssh,0.3008130081300813,shared,threw
ssh,0.45454545454545453,shared,described
ssh,1.0,a_only,les
ssh,0.6580310880829016,shared,dialogue
ssh,0.5311004784688995,shared,dusk
ssh,0.7777777777777778,shared,invested
ssh,0.797752808988764,shared,struggles
ssh,0.10726643598615918,b_only,sly
ssh,0.2749003984063745,shared,house
ssh,1.0,a_only,warrior
ssh,1.0,a_only,formulas
ssh,1.0,a_only,eurovision
ssh,1.0,a_only,berber
ssh,1.0,a_only,aikido
ssh,1.0,a_only,magnetic
ssh,0.06312292358803986,b_only,sinister
ssh,1.0,a_only,ussr
ssh,0.7486338797814208,shared,pope
ssh,0.5609756097560976,shared,disease
ssh,0.30612244897959184,shared,ten
ssh,0.6161616161616161,shared,magic
ssh,0.7877094972067039,shared,bounds
ssh,0.7021276595744681,shared,xi
ssh,0.08108108108108109,b_only,utmost
ssh,0.6326530612244898,shared,lightly
ssh,0.5841584158415841,shared,preparation
ssh,0.5763546798029556,shared,eighteen
ssh,1.0,a_only,saharan
ssh,0.3445378151260504,shared,knowing
ssh,0.09215017064846416,b_only,plainly
ssh,0.7297297297297297,shared,excessive
ssh,0.5094339622641509,shared,becomes
ssh,1.0,a_only,grouped
ssh,0.7112299465240641,shared,christ
ssh,1.0,a_only,derives
ssh,0.350210970464135,shared,sisters
ssh,1.0,a_only,geology
ssh,0.09215017064846416,b_only,shade
ssh,1.0,a_only,au
ssh,0.08843537414965986,b_only,tumbling
ssh,0.797752808988764,shared,crude
ssh,0.5609756097560976,shared,security
ssh,0.0958904109589041,b_only,terrified
ssh,0.6410256410256411,shared,everyone
ssh,0.4953271028037383,shared,glory
ssh,0.7486338797814208,shared,invariably
ssh,1.0,a_only,namibia
ssh,0.09965635738831616,b_only,devotion
ssh,0.675392670157068,shared,tables
ssh,0.06312292358803986,b_only,stricken
ssh,0.4479638009049774,shared,struggled
ssh,0.5763546798029556,shared,entire
ssh,0.42857142857142855,shared,sides
ssh,0.5841584158415841,shared,tower
ssh,1.0,a_only,grants
ssh,0.2698412698412698,shared,world
ssh,0.2903225806451613,shared,half
ssh,0.08843537414965986,b_only,uttered
ssh,0.11888111888111888,b_only,afeard
ssh,1.0,a_only,canadian
ssh,0.47465437788018433,shared,states
ssh,1.0,a_only,americana
ssh,1.0,a_only,negation
ssh,0.5238095238095238,shared,explanation
ssh,0.09965635738831616,b_only,clerval
ssh,1.0,a_only,altruists
ssh,0.07023411371237458,b_only,oars
ssh,1.0,a_only,continuum
ssh,1.0,a_only,clark
ssh,0.3114754098360656,shared,watch
ssh,1.0,a_only,ford
ssh,0.285140562248996,shared,make
ssh,0.10726643598615918,b_only,mermaids
ssh,1.0,a_only,harvard
ssh,1.0,a_only,fund
ssh,0.29554655870445345,shared,whether
ssh,1.0,a_only,cm
ssh,1.0,a_only,representation
ssh,0.6842105263157895,shared,manifest
ssh,0.5609756097560976,shared,lack
ssh,0.350210970464135,shared,nearer
ssh,0.5686274509803921,shared,belonged
ssh,1.0,a_only,acoustics
ssh,1.0,a_only,combat
ssh,1.0,a_only,altitude
ssh,1.0,a_only,expeditions
ssh,0.3278008298755187,shared,known
ssh,0.4611872146118721,shared,add
ssh,1.0,a_only,theaters
ssh,0.7582417582417582,shared,customer
ssh,0.7679558011049724,shared,trail
ssh,0.5458937198067633,shared,iv
ssh,1.0,a_only,anatolia
ssh,0.5533980582524272,shared,chest
ssh,0.46788990825688076,shared,majesty
ssh,0.5384615384615384,shared,wave
ssh,1.0,a_only,nagorno
ssh,0.3114754098360656,shared,michael
ssh,0.675392670157068,shared,concord
ssh,1.0,a_only,welsh
ssh,0.42857142857142855,shared,vast
ssh,0.39737991266375544,shared,sheep
ssh,1.0,a_only,ashoka
ssh,1.0,a_only,ammunition
ssh,1.0,a_only,christie
ssh,1.0,a_only,taliban
ssh,0.2698412698412698,shared,most
ssh,1.0,a_only,southwest
ssh,1.0,a_only,troy
ssh,1.0,a_only,embedded
ssh,0.0738255033557047,b_only,compliments
ssh,1.0,a_only,russell
ssh,0.7679558011049724,shared,mall
ssh,1.0,a_only,ka
ssh,0.807909604519774,shared,pearl
ssh,0.5533980582524272,shared,scandal
ssh,1.0,a_only,hebrews
ssh,0.07744107744107744,b_only,knitting
ssh,0.675392670157068,shared,logic
ssh,0.07744107744107744,b_only,curled
ssh,0.8604651162790697,shared,anatomy
ssh,0.5458937198067633,shared,dug
ssh,1.0,a_only,dimensions
ssh,1.0,a_only,vladimir
ssh,0.46788990825688076,shared,tight
ssh,0.09215017064846416,b_only,fairies
ssh,0.7112299465240641,shared,hound
ssh,0.4611872146118721,shared,gang
ssh,0.13074204946996468,b_only,hideous
ssh,0.675392670157068,shared,negro
ssh,0.7112299465240641,shared,prizes
ssh,1.0,a_only,apostolic
ssh,0.3008130081300813,shared,his
ssh,0.7297297297297297,shared,association
ssh,0.25984251968503935,shared,dark
ssh,1.0,a_only,excluding
ssh,1.0,a_only,designers
ssh,1.0,a_only,jefferson
ssh,0.7877094972067039,shared,poets
ssh,0.7297297297297297,shared,curved
ssh,0.36752136752136755,shared,serious
ssh,0.39737991266375544,shared,prove
ssh,0.2903225806451613,shared,appearance
ssh,0.5094339622641509,shared,seemingly
ssh,1.0,a_only,attributes
ssh,1.0,a_only,eddie
ssh,0.30612244897959184,shared,consider
ssh,1.0,a_only,anchors
ssh,0.45454545454545453,shared,cast
ssh,0.5023474178403756,shared,vessel
ssh,1.0,a_only,doyle
ssh,0.6326530612244898,shared,accomplished
ssh,1.0,a_only,phi
ssh,0.40969162995594716,shared,arrival
ssh,1.0,a_only,commitment
ssh,0.5311004784688995,shared,measure
ssh,0.07744107744107744,b_only,mumps
ssh,0.07023411371237458,b_only,lucie
ssh,1.0,a_only,summary
ssh,0.3389121338912134,shared,imagine
ssh,1.0,a_only,destructive
ssh,0.28,shared,to
ssh,1.0,a_only,audio
ssh,1.0,a_only,satellite
ssh,1.0,a_only,novelist
ssh,0.6931216931216931,shared,diaries
ssh,0.285140562248996,shared,walking
ssh,0.4222222222222222,shared,tore
ssh,1.0,a_only,substantial
ssh,0.10344827586206896,b_only,frightfully
ssh,0.2549019607843137,shared,right
ssh,1.0,a_only,lunar
ssh,0.2903225806451613,shared,crying
ssh,0.5533980582524272,shared,monday
ssh,0.0958904109589041,b_only,swelled
ssh,1.0,a_only,dominican
ssh,0.3389121338912134,shared,extraordinary
ssh,0.32231404958677684,shared,en
ssh,1.0,a_only,terrain
ssh,0.3389121338912134,shared,shoulder
ssh,0.391304347826087,shared,brain
ssh,0.5165876777251185,shared,reflections
ssh,1.0,a_only,export
ssh,0.5686274509803921,shared,echo
ssh,0.09965635738831616,b_only,gentlemen
ssh,0.7486338797814208,shared,spending
ssh,1.0,a_only,respiratory
ssh,1.0,a_only,seljuk
ssh,1.0,a_only,crowley
ssh,1.0,a_only,claiming
ssh,1.0,a_only,factor
ssh,1.0,a_only,computers
ssh,0.5384615384615384,shared,passengers
ssh,0.28,shared,ran
ssh,0.09215017064846416,b_only,netherfield
ssh,0.3793103448275862,shared,noise
ssh,0.0738255033557047,b_only,kneeling
ssh,1.0,a_only,cuisine
ssh,1.0,a_only,releases
ssh,1.0,a_only,combinations
ssh,0.3114754098360656,shared,difference
ssh,1.0,a_only,antimony
ssh,1.0,a_only,volunteers
ssh,0.29554655870445345,shared,kind
ssh,0.8823529411764706,shared,binding
ssh,0.4883720930232558,shared,gas
ssh,0.4953271028037383,shared,suspicious
ssh,0.07023411371237458,b_only,ashore
ssh,0.4479638009049774,shared,straw
ssh,1.0,a_only,seventh
ssh,0.47465437788018433,shared,match
ssh,1.0,a_only,voted
ssh,0.3333333333333333,shared,dressed
ssh,0.7877094972067039,shared,shield
ssh,0.29554655870445345,shared,mighty
ssh,0.0847457627118644,b_only,astonishment
ssh,0.675392670157068,shared,designs
ssh,0.7297297297297297,shared,conversations
ssh,0.3333333333333333,shared,week
ssh,1.0,a_only,finance
ssh,1.0,a_only,thebes
ssh,0.06666666666666667,b_only,ardently
ssh,1.0,a_only,quantum
ssh,0.0958904109589041,b_only,invite
ssh,1.0,a_only,splitting
ssh,1.0,a_only,scoring
ssh,0.46788990825688076,shared,ahead
ssh,1.0,a_only,circuit
ssh,0.5165876777251185,shared,emotion
ssh,0.6842105263157895,shared,inhabited
ssh,0.40350877192982454,shared,suffered
ssh,0.11498257839721254,b_only,assure
ssh,1.0,a_only,todd
ssh,0.415929203539823,shared,proved
ssh,0.6580310880829016,shared,recover
ssh,0.45454545454545453,shared,affairs
ssh,1.0,a_only,alamanni
ssh,0.32231404958677684,shared,once
ssh,1.0,a_only,consistently
ssh,0.2749003984063745,shared,time
ssh,0.6494845360824743,shared,fox
ssh,0.44144144144144143,shared,bottom
ssh,0.45454545454545453,shared,sufficient
ssh,1.0,a_only,starts
ssh,1.0,a_only,cluny
ssh,1.0,a_only,mac
ssh,1.0,a_only,ragnar
ssh,0.6410256410256411,shared,services
ssh,0.5238095238095238,shared,pushed
ssh,1.0,a_only,fide
ssh,1.0,a_only,unsafe
ssh,0.3559322033898305,shared,expression
ssh,0.059602649006622516,b_only,amiable
ssh,1.0,a_only,eclipsed
ssh,0.48148148148148145,shared,attempted
ssh,1.0,a_only,winners
ssh,0.4222222222222222,shared,seat
ssh,0.23552123552123552,shared,presently
ssh,1.0,a_only,stamps
ssh,0.5458937198067633,shared,suited
ssh,0.28,shared,thank
ssh,0.7204301075268817,shared,discretion
ssh,0.797752808988764,shared,wills
ssh,0.6243654822335025,shared,commission
ssh,0.6326530612244898,shared,induce
ssh,0.5165876777251185,shared,frank
ssh,1.0,a_only,blocking
ssh,0.7582417582417582,shared,population
ssh,1.0,a_only,cambridge
ssh,1.0,a_only,translates
ssh,0.6243654822335025,shared,responsibility
ssh,1.0,a_only,puerto
ssh,0.4883720930232558,shared,secure
ssh,0.47465437788018433,shared,press
ssh,0.42857142857142855,shared,stuck
ssh,0.5763546798029556,shared,embraced
ssh,1.0,a_only,authorized
ssh,1.0,a_only,greece
ssh,0.5686274509803921,shared,invited
ssh,1.0,a_only,kubrick
ssh,1.0,a_only,jpg
ssh,1.0,a_only,michigan
ssh,0.37339055793991416,shared,gold
ssh,0.5609756097560976,shared,image
ssh,1.0,a_only,stadium
ssh,0.4611872146118721,shared,attend
ssh,0.5763546798029556,shared,region
ssh,0.5841584158415841,shared,viii
ssh,0.6326530612244898,shared,cutting
ssh,0.42857142857142855,shared,clever
ssh,0.7486338797814208,shared,buildings
ssh,1.0,a_only,alien
ssh,0.09215017064846416,b_only,trifle
ssh,0.42857142857142855,shared,anxiety
ssh,1.0,a_only,taylor
ssh,1.0,a_only,populated
ssh,0.5841584158415841,shared,bridge
ssh,1.0,a_only,stilicho
ssh,1.0,a_only,robot
ssh,0.5094339622641509,shared,series
ssh,0.4883720930232558,shared,parents
ssh,1.0,a_only,regional
ssh,0.12280701754385964,b_only,limbs
ssh,1.0,a_only,predicted
ssh,1.0,a_only,discography
ssh,1.0,a_only,almonds
ssh,1.0,a_only,badge
ssh,1.0,a_only,imported
ssh,0.2749003984063745,shared,sleep
ssh,0.6410256410256411,shared,captivity
ssh,0.30612244897959184,shared,fell
ssh,0.0738255033557047,b_only,flung
ssh,0.44144144144144143,shared,built
ssh,0.09215017064846416,b_only,dreadful
ssh,0.6243654822335025,shared,proceedings
ssh,1.0,a_only,capturing
ssh,1.0,a_only,quantitative
ssh,0.08108108108108109,b_only,frightful
ssh,0.285140562248996,shared,company
ssh,0.3445378151260504,shared,appear
ssh,0.08108108108108109,b_only,hoarse
ssh,0.2903225806451613,shared,followed
ssh,0.5238095238095238,shared,page
ssh,0.6080402010050251,shared,unwilling
ssh,1.0,a_only,arguing
ssh,0.7391304347826086,shared,hardy
ssh,0.5920398009950248,shared,rings
ssh,1.0,a_only,ibid
ssh,0.07744107744107744,b_only,darted
ssh,0.3114754098360656,shared,around
ssh,0.0847457627118644,b_only,groaned
ssh,0.5533980582524272,shared,douglas
ssh,1.0,a_only,coined
ssh,1.0,a_only,ancestry
ssh,1.0,a_only,disability
ssh,0.7486338797814208,shared,vigorous
ssh,0.5686274509803921,shared,displayed
ssh,0.6666666666666666,shared,answers
ssh,1.0,a_only,cited
ssh,0.0958904109589041,b_only,entreated
ssh,0.3793103448275862,shared,memory
ssh,1.0,a_only,texts
ssh,1.0,a_only,traditional
ssh,0.4883720930232558,shared,leaning
ssh,0.7679558011049724,shared,deceased
ssh,0.47465437788018433,shared,hence
ssh,1.0,a_only,medieval
ssh,1.0,a_only,wayne
ssh,0.6243654822335025,shared,identified
ssh,1.0,a_only,spacecraft
ssh,0.10344827586206896,b_only,narborough
ssh,1.0,a_only,beginnings
ssh,0.47465437788018433,shared,entering
ssh,1.0,a_only,tony
ssh,1.0,a_only,focuses
ssh,1.0,a_only,algebraic
ssh,0.5311004784688995,shared,pressing
ssh,0.5841584158415841,shared,plane
ssh,1.0,a_only,rn
ssh,1.0,a_only,egypt
ssh,1.0,a_only,spain
ssh,0.6161616161616161,shared,resentment
ssh,0.3389121338912134,shared,places
ssh,1.0,a_only,consumer
ssh,0.6410256410256411,shared,alley
ssh,0.42857142857142855,shared,rise
ssh,0.2549019607843137,shared,turn
ssh,0.07744107744107744,b_only,communicated
ssh,0.350210970464135,shared,nose
ssh,0.37339055793991416,shared,office
ssh,0.797752808988764,shared,eve
ssh,0.6494845360824743,shared,whereas
ssh,0.4479638009049774,shared,sing
ssh,0.6326530612244898,shared,horizon
ssh,0.32231404958677684,shared,london
ssh,1.0,a_only,factbook
ssh,0.6666666666666666,shared,collecting
ssh,0.6243654822335025,shared,angels
ssh,0.7297297297297297,shared,descendants
ssh,0.10726643598615918,b_only,unlucky
ssh,0.3389121338912134,shared,fingers
ssh,1.0,a_only,metres
ssh,1.0,a_only,alumni
ssh,1.0,a_only,neighboring
ssh,0.7877094972067039,shared,marvel
ssh,1.0,a_only,caligula
ssh,0.6080402010050251,shared,appointment
ssh,0.7486338797814208,shared,trading
ssh,0.08108108108108109,b_only,creeping
ssh,0.5841584158415841,shared,conducted
ssh,0.675392670157068,shared,contributed
ssh,0.07023411371237458,b_only,illustrious
ssh,0.09965635738831616,b_only,boots
ssh,1.0,a_only,nebraska
ssh,1.0,a_only,calvinist
ssh,0.28,shared,run
ssh,0.42857142857142855,shared,drinking
ssh,0.6080402010050251,shared,balance
ssh,1.0,a_only,abugida
ssh,0.7204301075268817,shared,defined
ssh,1.0,a_only,monopoly
ssh,0.44144144144144143,shared,ice
ssh,1.0,a_only,graphics
ssh,0.7204301075268817,shared,poem
ssh,1.0,a_only,colony
ssh,1.0,a_only,denote
ssh,1.0,a_only,activist
ssh,1.0,a_only,philippines
ssh,1.0,a_only,particle
ssh,0.5238095238095238,shared,fully
ssh,0.8181818181818182,shared,shift
ssh,1.0,a_only,mining
ssh,1.0,a_only,aquarius
ssh,1.0,a_only,rd
ssh,0.5841584158415841,shared,instructions
ssh,1.0,a_only,universities
ssh,0.09215017064846416,b_only,pains
ssh,1.0,a_only,selective
ssh,0.6580310880829016,shared,summit
ssh,0.5458937198067633,shared,burn
ssh,0.08843537414965986,b_only,rattled
ssh,0.3389121338912134,shared,pocket
ssh,0.08843537414965986,b_only,clapped
ssh,0.5920398009950248,shared,mothers
ssh,1.0,a_only,positron
ssh,1.0,a_only,monuments
ssh,0.28,shared,leave
ssh,0.6243654822335025,shared,heavier
ssh,1.0,a_only,diacritic
ssh,1.0,a_only,hellenic
ssh,1.0,a_only,zeus
ssh,0.7777777777777778,shared,professors
ssh,0.5165876777251185,shared,consent
ssh,0.7391304347826086,shared,equipped
ssh,0.6931216931216931,shared,lee
ssh,0.7297297297297297,shared,spotted
ssh,0.10344827586206896,b_only,drawer
ssh,0.5533980582524272,shared,holes
ssh,1.0,a_only,feminist
ssh,0.08843537414965986,b_only,pardon
ssh,0.5763546798029556,shared,section
ssh,0.09965635738831616,b_only,heap
ssh,0.391304347826087,shared,obvious
ssh,0.08843537414965986,b_only,dat
ssh,0.6161616161616161,shared,nerve
ssh,0.0958904109589041,b_only,needn
ssh,1.0,a_only,census
ssh,1.0,a_only,aurelius
ssh,1.0,a_only,rebellion
ssh,0.059602649006622516,b_only,dreaded
ssh,0.08843537414965986,b_only,hawkins
ssh,0.5920398009950248,shared,bid
ssh,0.8497109826589595,shared,cultivation
ssh,0.28,shared,each
ssh,0.2749003984063745,shared,just
ssh,0.7112299465240641,shared,consists
ssh,1.0,a_only,traditionally
ssh,0.4953271028037383,shared,recall
ssh,1.0,a_only,decade
ssh,0.09965635738831616,b_only,whip
ssh,0.7486338797814208,shared,obligations
ssh,0.8604651162790697,shared,enraged
ssh,0.7391304347826086,shared,rewarded
ssh,0.2749003984063745,shared,even
ssh,0.4479638009049774,shared,editions
ssh,0.285140562248996,shared,walk
ssh,0.5920398009950248,shared,burial
ssh,1.0,a_only,biology
ssh,1.0,a_only,arguably
ssh,0.8181818181818182,shared,omitted
ssh,0.6842105263157895,shared,elevated
ssh,1.0,a_only,chairman
ssh,0.6410256410256411,shared,weeds
ssh,0.07023411371237458,b_only,snoring
ssh,1.0,a_only,africans
ssh,0.08108108108108109,b_only,seeming
ssh,0.3168724279835391,shared,considerable
ssh,1.0,a_only,reflects
ssh,0.391304347826087,shared,breathing
ssh,0.5311004784688995,shared,pronounced
ssh,0.10726643598615918,b_only,dashed
ssh,0.7486338797814208,shared,diamonds
ssh,0.7391304347826086,shared,male
ssh,0.5841584158415841,shared,religion
ssh,0.5094339622641509,shared,partner
ssh,0.3389121338912134,shared,vain
ssh,0.6326530612244898,shared,interference
ssh,0.3793103448275862,shared,confidence
ssh,0.2903225806451613,shared,notice
ssh,0.6410256410256411,shared,serpent
ssh,0.5686274509803921,shared,crossing
ssh,1.0,a_only,detailed
ssh,0.36752136752136755,shared,stirred
ssh,1.0,a_only,neoclassical
ssh,1.0,a_only,siberia
ssh,0.7391304347826086,shared,xiv
ssh,1.0,a_only,comparable
ssh,1.0,a_only,billion
ssh,1.0,a_only,brian
ssh,0.7021276595744681,shared,cease
ssh,0.6,shared,disdain
ssh,0.7297297297297297,shared,necessarily
ssh,1.0,a_only,conversion
ssh,0.5238095238095238,shared,holder
ssh,0.675392670157068,shared,grows
ssh,0.3793103448275862,shared,fashion
ssh,0.2903225806451613,shared,place
ssh,0.3333333333333333,shared,matters
ssh,1.0,a_only,varies
ssh,0.5458937198067633,shared,solid
ssh,1.0,a_only,churchill
ssh,0.0738255033557047,b_only,gazette
ssh,0.5384615384615384,shared,essential
ssh,0.3114754098360656,shared,faces
ssh,1.0,a_only,tends
ssh,0.10344827586206896,b_only,awe
ssh,0.6326530612244898,shared,upward
ssh,0.4883720930232558,shared,desert
ssh,0.675392670157068,shared,favoured
ssh,1.0,a_only,danish
ssh,1.0,a_only,asphalt
ssh,0.10344827586206896,b_only,moods
ssh,0.5763546798029556,shared,handful
ssh,1.0,a_only,opponent
ssh,0.6243654822335025,shared,conceal
ssh,0.0847457627118644,b_only,dreadfully
ssh,1.0,a_only,tat
ssh,1.0,a_only,algol
ssh,1.0,a_only,indicate
ssh,1.0,a_only,overdose
ssh,1.0,a_only,forts
ssh,1.0,a_only,gnosticism
ssh,0.5238095238095238,shared,audience
ssh,1.0,a_only,novelists
ssh,1.0,a_only,reign
ssh,1.0,a_only,editing
ssh,0.5023474178403756,shared,minds
ssh,0.2903225806451613,shared,three
ssh,1.0,a_only,alphabet
ssh,0.797752808988764,shared,declaration
ssh,0.797752808988764,shared,pursuits
ssh,1.0,a_only,polar
ssh,1.0,a_only,divergence
ssh,1.0,a_only,arians
ssh,0.10344827586206896,b_only,waving
ssh,1.0,a_only,statistical
ssh,0.5094339622641509,shared,admit
ssh,1.0,a_only,director
ssh,0.5458937198067633,shared,pouring
ssh,0.0958904109589041,b_only,sunset
ssh,0.3114754098360656,shared,quiet
ssh,0.0847457627118644,b_only,quivered
ssh,0.5841584158415841,shared,patriots
ssh,0.350210970464135,shared,blame
ssh,0.5920398009950248,shared,behold
ssh,1.0,a_only,ontario
ssh,0.7204301075268817,shared,advised
ssh,1.0,a_only,provincial
ssh,1.0,a_only,vocal
ssh,0.6580310880829016,shared,pot
ssh,0.7777777777777778,shared,dot
ssh,0.32231404958677684,shared,case
ssh,1.0,a_only,architects
ssh,0.3389121338912134,shared,like
ssh,1.0,a_only,geological
ssh,0.7877094972067039,shared,rooted
ssh,1.0,a_only,districts
ssh,1.0,a_only,liberals
ssh,1.0,a_only,immigrants
ssh,0.5023474178403756,shared,north
ssh,0.5686274509803921,shared,government
ssh,0.4349775784753363,shared,bill
ssh,0.391304347826087,shared,agreed
ssh,0.5458937198067633,shared,process
ssh,0.6326530612244898,shared,article
ssh,0.4222222222222222,shared,persons
ssh,0.245136186770428,shared,carriage
ssh,0.3168724279835391,shared,occurred
ssh,0.10344827586206896,b_only,console
ssh,0.6494845360824743,shared,gardens
ssh,0.10344827586206896,b_only,ringing
ssh,0.7679558011049724,shared,acute
ssh,0.5238095238095238,shared,bare
ssh,1.0,a_only,domain
ssh,1.0,a_only,comet
ssh,1.0,a_only,agamemnon
ssh,1.0,a_only,generic
ssh,0.1111111111111111,b_only,angrily
ssh,1.0,a_only,individualists
ssh,0.5311004784688995,shared,accepted
ssh,1.0,a_only,chloride
ssh,0.7679558011049724,shared,endurance
ssh,1.0,a_only,dynasties
ssh,0.08843537414965986,b_only,distress
ssh,0.2903225806451613,shared,sign
ssh,0.0958904109589041,b_only,faded
ssh,0.5458937198067633,shared,ride
ssh,0.5533980582524272,shared,victory
ssh,1.0,a_only,massachusetts
ssh,1.0,a_only,melody
ssh,1.0,a_only,auteur
ssh,1.0,a_only,contributing
ssh,0.2749003984063745,shared,off
ssh,1.0,a_only,genre
ssh,0.08843537414965986,b_only,indifferent
ssh,0.5238095238095238,shared,extreme
ssh,0.7204301075268817,shared,civilization
ssh,1.0,a_only,aries
ssh,0.6410256410256411,shared,launch
ssh,0.5686274509803921,shared,bug
ssh,0.7112299465240641,shared,spider
ssh,0.5384615384615384,shared,plate
ssh,0.28,shared,her
ssh,1.0,a_only,evolved
ssh,1.0,a_only,semitic
ssh,1.0,a_only,saga
ssh,1.0,a_only,termed
ssh,0.07744107744107744,b_only,fantastic
ssh,0.7204301075268817,shared,discharge
ssh,0.25984251968503935,shared,yet
ssh,0.2698412698412698,shared,repeated
ssh,0.1111111111111111,b_only,yelling
ssh,1.0,a_only,kickoff
ssh,1.0,a_only,jimmy
ssh,1.0,a_only,stuart
ssh,0.08108108108108109,b_only,nodded
ssh,0.10726643598615918,b_only,meryton
ssh,0.0847457627118644,b_only,tempest
ssh,0.45454545454545453,shared,counsel
ssh,0.0958904109589041,b_only,hypnotic
ssh,0.5686274509803921,shared,elaborate
ssh,0.06312292358803986,b_only,thanked
ssh,0.4479638009049774,shared,vanished
ssh,1.0,a_only,illustrated
ssh,1.0,a_only,geometric
ssh,0.5533980582524272,shared,directions
ssh,1.0,a_only,refectory
ssh,0.7391304347826086,shared,dominated
ssh,1.0,a_only,korea
ssh,1.0,a_only,irrigation
ssh,0.5841584158415841,shared,ages
ssh,0.3445378151260504,shared,such
ssh,0.07744107744107744,b_only,murmured
ssh,0.0958904109589041,b_only,jumping
ssh,0.5238095238095238,shared,conviction
ssh,1.0,a_only,axioms
ssh,0.675392670157068,shared,achieve
ssh,0.6410256410256411,shared,courtesy
ssh,0.6842105263157895,shared,prime
ssh,1.0,a_only,coastline
ssh,1.0,a_only,variables
ssh,0.675392670157068,shared,injury
ssh,1.0,a_only,suggesting
ssh,0.30612244897959184,shared,shaking
ssh,0.48148148148148145,shared,star
ssh,1.0,a_only,explored
ssh,0.7582417582417582,shared,ceremonies
ssh,1.0,a_only,nih
ssh,0.0958904109589041,b_only,wolves
ssh,0.6161616161616161,shared,searching
ssh,0.5384615384615384,shared,preacher
ssh,0.1111111111111111,b_only,distributing
ssh,0.6243654822335025,shared,peasants
ssh,0.3852813852813853,shared,drink
ssh,0.350210970464135,shared,broad
ssh,1.0,a_only,trend
ssh,1.0,a_only,vs
ssh,0.10344827586206896,b_only,cab
ssh,0.7112299465240641,shared,plague
ssh,0.06312292358803986,b_only,nervously
ssh,0.2903225806451613,shared,conversation
ssh,0.5384615384615384,shared,rod
ssh,1.0,a_only,tribes
ssh,1.0,a_only,aga
ssh,1.0,a_only,crops
ssh,1.0,a_only,einstein
ssh,0.7112299465240641,shared,educated
ssh,0.36752136752136755,shared,personal
ssh,1.0,a_only,designation
ssh,1.0,a_only,norman
ssh,1.0,a_only,ai
ssh,0.08843537414965986,b_only,foulon
ssh,0.2648221343873518,shared,others
ssh,0.6410256410256411,shared,trip
ssh,0.5094339622641509,shared,species
ssh,1.0,a_only,profile
ssh,1.0,a_only,austria
ssh,0.7679558011049724,shared,choosing
ssh,1.0,a_only,colonists
ssh,1.0,a_only,emancipation
ssh,1.0,a_only,animalia
ssh,1.0,a_only,quad
ssh,1.0,a_only,training
ssh,0.3168724279835391,shared,death
ssh,1.0,a_only,factory
ssh,0.3445378151260504,shared,light
ssh,1.0,a_only,abbeys
ssh,0.37339055793991416,shared,keeping
ssh,0.09215017064846416,b_only,breeze
ssh,0.7679558011049724,shared,paths
ssh,0.08843537414965986,b_only,seated
ssh,0.7021276595744681,shared,sums
ssh,0.7391304347826086,shared,games
ssh,1.0,a_only,communion
ssh,0.3445378151260504,shared,directly
ssh,0.0738255033557047,b_only,boggs
ssh,0.6410256410256411,shared,bachelor
ssh,0.10344827586206896,b_only,glancing
ssh,1.0,a_only,consist
ssh,0.30612244897959184,shared,taking
ssh,1.0,a_only,aeneas
ssh,0.6931216931216931,shared,danube
ssh,1.0,a_only,nasa
ssh,0.25984251968503935,shared,keep
ssh,0.08108108108108109,b_only,neverland
ssh,0.3852813852813853,shared,conduct
ssh,1.0,a_only,quebec
ssh,0.5763546798029556,shared,smaller
ssh,0.5609756097560976,shared,west
ssh,1.0,a_only,annual
ssh,0.6494845360824743,shared,sharing
ssh,1.0,a_only,promoted
ssh,1.0,a_only,radioactive
ssh,0.5841584158415841,shared,certainty
ssh,0.4222222222222222,shared,class
ssh,0.5384615384615384,shared,fan
ssh,0.28,shared,ready
ssh,0.6666666666666666,shared,recently
ssh,1.0,a_only,cultures
ssh,1.0,a_only,speakers
ssh,0.5763546798029556,shared,vi
ssh,0.30612244897959184,shared,listened
ssh,1.0,a_only,vilayet
ssh,1.0,a_only,organized
ssh,0.6842105263157895,shared,ix
ssh,0.09965635738831616,b_only,eagerness
ssh,0.5458937198067633,shared,observing
ssh,0.415929203539823,shared,flowers
ssh,1.0,a_only,cellular
ssh,0.5384615384615384,shared,waste
ssh,0.08108108108108109,b_only,sighed
ssh,0.7112299465240641,shared,ordering
ssh,0.12280701754385964,b_only,theirs
ssh,0.4953271028037383,shared,wise
ssh,0.5238095238095238,shared,machine
ssh,0.5165876777251185,shared,metal
ssh,0.0958904109589041,b_only,waking
ssh,0.6666666666666666,shared,talents
ssh,1.0,a_only,carl
ssh,0.48148148148148145,shared,crash
ssh,0.32231404958677684,shared,break
ssh,0.06312292358803986,b_only,glanced
ssh,1.0,a_only,abalone
ssh,0.29554655870445345,shared,money
ssh,0.3445378151260504,shared,colour
ssh,1.0,a_only,widespread
ssh,1.0,a_only,debated
ssh,1.0,a_only,privileges
ssh,0.06666666666666667,b_only,envy
ssh,0.0847457627118644,b_only,tops
ssh,0.6410256410256411,shared,owned
ssh,1.0,a_only,super
ssh,1.0,a_only,differences
ssh,1.0,a_only,starring
ssh,1.0,a_only,luther
ssh,1.0,a_only,libertarianism
ssh,0.4953271028037383,shared,prospect
ssh,1.0,a_only,community
ssh,0.12280701754385964,b_only,irene
ssh,1.0,a_only,efficiency
ssh,0.350210970464135,shared,youth
ssh,0.11498257839721254,b_only,tooth
ssh,0.4883720930232558,shared,haven
ssh,0.6243654822335025,shared,chances
ssh,0.7297297297297297,shared,cord
ssh,0.5165876777251185,shared,rob
ssh,0.32231404958677684,shared,sharp
ssh,0.5609756097560976,shared,arrangements
ssh,0.0738255033557047,b_only,excuse
ssh,1.0,a_only,theism
ssh,1.0,a_only,canterbury
ssh,1.0,a_only,dramatically
ssh,1.0,a_only,diverse
ssh,0.5609756097560976,shared,q
ssh,0.7112299465240641,shared,dense
ssh,0.44144144144144143,shared,riding
ssh,0.6666666666666666,shared,luxury
ssh,0.5841584158415841,shared,model
ssh,0.059602649006622516,b_only,confession
ssh,1.0,a_only,eric
ssh,0.28,shared,exactly
ssh,1.0,a_only,capitalists
ssh,0.5920398009950248,shared,clergyman
ssh,1.0,a_only,inability
ssh,0.6494845360824743,shared,classes
ssh,0.4349775784753363,shared,morris
ssh,0.47465437788018433,shared,type
ssh,1.0,a_only,meighen
ssh,0.3559322033898305,shared,solemn
ssh,0.0958904109589041,b_only,fortunately
ssh,1.0,a_only,antimatter
ssh,0.5094339622641509,shared,customers
ssh,1.0,a_only,vowel
ssh,0.7679558011049724,shared,essence
ssh,1.0,a_only,speer
ssh,0.6931216931216931,shared,banished
ssh,0.6580310880829016,shared,replaced
ssh,0.10726643598615918,b_only,dipped
ssh,1.0,a_only,themes
ssh,0.09215017064846416,b_only,unpleasant
ssh,1.0,a_only,exploration
ssh,0.07744107744107744,b_only,dumpty
ssh,0.09965635738831616,b_only,wilks
ssh,0.09215017064846416,b_only,shrill
ssh,1.0,a_only,luanda
ssh,0.285140562248996,shared,though
ssh,0.7112299465240641,shared,respected
ssh,0.29554655870445345,shared,see
ssh,1.0,a_only,infected
ssh,0.6931216931216931,shared,resigned
ssh,0.3278008298755187,shared,against
ssh,0.07744107744107744,b_only,neighbour
ssh,1.0,a_only,chemicals
ssh,1.0,a_only,enlarged
ssh,0.6161616161616161,shared,earliest
ssh,0.7112299465240641,shared,majority
ssh,0.7204301075268817,shared,producing
ssh,0.45454545454545453,shared,k
ssh,0.06312292358803986,b_only,smiles
ssh,0.29554655870445345,shared,a
ssh,0.5023474178403756,shared,grey
ssh,0.7021276595744681,shared,successfully
ssh,0.3278008298755187,shared,makes
ssh,1.0,a_only,definition
ssh,0.6243654822335025,shared,lakes
ssh,0.07744107744107744,b_only,rushes
ssh,0.0847457627118644,b_only,desperate
ssh,1.0,a_only,establishing
ssh,0.4222222222222222,shared,picked
ssh,0.5311004784688995,shared,distinction
ssh,1.0,a_only,critics
ssh,1.0,a_only,rifles
ssh,0.07744107744107744,b_only,whisky
ssh,0.7112299465240641,shared,specially
ssh,0.5686274509803921,shared,stamped
ssh,0.7582417582417582,shared,impressive
ssh,1.0,a_only,coppola
ssh,1.0,a_only,tubes
ssh,0.6,shared,wax
ssh,1.0,a_only,crystal
ssh,0.10344827586206896,b_only,queens
ssh,0.07744107744107744,b_only,orgies
ssh,0.4883720930232558,shared,addition
ssh,0.5763546798029556,shared,obtained
ssh,0.09215017064846416,b_only,jest
ssh,0.6580310880829016,shared,suppressed
ssh,0.5458937198067633,shared,applied
ssh,0.07744107744107744,b_only,dismal
ssh,0.7297297297297297,shared,believing
ssh,0.5841584158415841,shared,disguise
ssh,0.0738255033557047,b_only,renfield
ssh,1.0,a_only,milan
ssh,1.0,a_only,electronics
ssh,1.0,a_only,lyon
ssh,0.7204301075268817,shared,eighty
ssh,0.29554655870445345,shared,different
ssh,1.0,a_only,video
ssh,0.36752136752136755,shared,throw
ssh,0.4479638009049774,shared,pursued
ssh,0.5609756097560976,shared,scheme
ssh,1.0,a_only,carlos
ssh,0.25,shared,do
ssh,0.6666666666666666,shared,telegraph
ssh,1.0,a_only,researchers
ssh,1.0,a_only,photographer
ssh,0.10344827586206896,b_only,worry
ssh,0.5094339622641509,shared,pulling
ssh,0.10344827586206896,b_only,dinah
ssh,0.5311004784688995,shared,louis
ssh,1.0,a_only,proclamation
ssh,0.3445378151260504,shared,worth
ssh,1.0,a_only,aarhus
ssh,1.0,a_only,milne
ssh,1.0,a_only,clinton
ssh,0.7021276595744681,shared,chat
ssh,0.6494845360824743,shared,insects
ssh,1.0,a_only,sites
ssh,0.3852813852813853,shared,usually
ssh,0.5384615384615384,shared,hell
ssh,1.0,a_only,calculus
ssh,0.3168724279835391,shared,further
ssh,0.350210970464135,shared,piece
ssh,0.07744107744107744,b_only,twisted
ssh,0.10344827586206896,b_only,earnest
ssh,0.7679558011049724,shared,luxurious
ssh,1.0,a_only,audiogalaxy
ssh,0.4349775784753363,shared,rolled
ssh,0.3559322033898305,shared,trust
ssh,1.0,a_only,convent
ssh,0.6243654822335025,shared,existed
ssh,1.0,a_only,franz
ssh,1.0,a_only,occupies
ssh,0.350210970464135,shared,watson
ssh,1.0,a_only,gaul
ssh,0.4349775784753363,shared,belief
ssh,1.0,a_only,mini
ssh,0.3333333333333333,shared,expected
ssh,0.4953271028037383,shared,faith
ssh,1.0,a_only,positions
ssh,0.8285714285714286,shared,affinity
ssh,0.5920398009950248,shared,apartment
ssh,0.6080402010050251,shared,worried
ssh,0.11498257839721254,b_only,sherburn
ssh,0.2698412698412698,shared,wonder
ssh,0.48148148148148145,shared,lane
ssh,0.7204301075268817,shared,mounted
ssh,0.32231404958677684,shared,fire
ssh,1.0,a_only,manned
ssh,0.09215017064846416,b_only,widder
ssh,0.46788990825688076,shared,hidden
ssh,1.0,a_only,controlling
ssh,0.675392670157068,shared,lovers
ssh,1.0,a_only,boas
ssh,1.0,a_only,routes
ssh,0.7204301075268817,shared,teachers
ssh,1.0,a_only,emigrated
ssh,0.47465437788018433,shared,visited
ssh,1.0,a_only,runner
ssh,0.6326530612244898,shared,founded
ssh,1.0,a_only,monk
ssh,0.10344827586206896,b_only,silently
ssh,1.0,a_only,organs
ssh,0.6,shared,battle
ssh,0.0847457627118644,b_only,comprehend
ssh,0.7777777777777778,shared,res
ssh,0.39737991266375544,shared,station
ssh,0.5609756097560976,shared,signed
ssh,1.0,a_only,aviation
ssh,0.7297297297297297,shared,riddle
ssh,1.0,a_only,assigned
ssh,1.0,a_only,exiled
ssh,0.059602649006622516,b_only,grip
ssh,0.7391304347826086,shared,failing
ssh,0.675392670157068,shared,bureau
ssh,1.0,a_only,monetary
ssh,0.44144144144144143,shared,chain
ssh,1.0,a_only,collaboration
ssh,1.0,a_only,aftermath
ssh,0.4883720930232558,shared,century
ssh,1.0,a_only,hockey
ssh,1.0,a_only,finite
ssh,0.3168724279835391,shared,before
ssh,0.3389121338912134,shared,killed
ssh,0.3114754098360656,shared,me
ssh,0.7021276595744681,shared,exalted
ssh,1.0,a_only,bishops
ssh,0.5384615384615384,shared,deadly
ssh,1.0,a_only,ra
ssh,0.7204301075268817,shared,crescent
ssh,1.0,a_only,unified
ssh,0.5609756097560976,shared,seas
ssh,1.0,a_only,discontinued
ssh,0.5458937198067633,shared,theatre
ssh,1.0,a_only,everyday
ssh,0.3793103448275862,shared,address
ssh,0.2698412698412698,shared,sure
ssh,0.7021276595744681,shared,lined
ssh,0.5458937198067633,shared,succeed
ssh,0.4953271028037383,shared,liberty
ssh,0.42857142857142855,shared,record
ssh,0.6494845360824743,shared,spark
ssh,1.0,a_only,randall
ssh,1.0,a_only,aristotle
ssh,0.29554655870445345,shared,the
ssh,0.3617021276595745,shared,writing
ssh,1.0,a_only,actors
ssh,1.0,a_only,allan
ssh,1.0,a_only,focused
ssh,0.5533980582524272,shared,stopping
ssh,0.7021276595744681,shared,shell
ssh,1.0,a_only,chromatic
ssh,0.44144144144144143,shared,fog
ssh,0.5841584158415841,shared,pack
ssh,0.6080402010050251,shared,recommend
ssh,0.30612244897959184,shared,lying
ssh,1.0,a_only,listed
ssh,0.5533980582524272,shared,causes
ssh,1.0,a_only,petroleum
ssh,1.0,a_only,historians
ssh,0.36752136752136755,shared,future
ssh,1.0,a_only,currents
ssh,1.0,a_only,chancellor
ssh,1.0,a_only,armstrong
ssh,1.0,a_only,leon
ssh,0.7582417582417582,shared,dialect
ssh,1.0,a_only,reconstruction
ssh,1.0,a_only,huns
ssh,0.7112299465240641,shared,sticks
ssh,0.6243654822335025,shared,pushing
ssh,0.11888111888111888,b_only,beetle
ssh,0.797752808988764,shared,slope
ssh,0.0738255033557047,b_only,inquire
ssh,0.7112299465240641,shared,judges
ssh,0.5609756097560976,shared,duties
ssh,0.0958904109589041,b_only,reckon
ssh,0.5238095238095238,shared,flat
ssh,0.7297297297297297,shared,university
ssh,0.29554655870445345,shared,alone
ssh,1.0,a_only,organic
ssh,1.0,a_only,conservative
ssh,0.0958904109589041,b_only,frock
ssh,0.1347517730496454,b_only,swallow
ssh,0.45454545454545453,shared,grace
ssh,1.0,a_only,israel
ssh,0.5841584158415841,shared,speedily
ssh,0.6666666666666666,shared,superstition
ssh,1.0,a_only,vivaldi
ssh,1.0,a_only,wittgenstein
ssh,1.0,a_only,diversity
ssh,0.7391304347826086,shared,herbs
ssh,0.3445378151260504,shared,shot
ssh,1.0,a_only,fictional
ssh,0.7582417582417582,shared,xvi
ssh,1.0,a_only,magnus
ssh,0.675392670157068,shared,retained
ssh,1.0,a_only,systematically
ssh,0.5841584158415841,shared,allowing
ssh,0.4883720930232558,shared,overcome
ssh,0.4479638009049774,shared,veins
ssh,1.0,a_only,generated
ssh,0.7486338797814208,shared,patriotic
ssh,0.0738255033557047,b_only,fix
ssh,1.0,a_only,shopping
ssh,0.7877094972067039,shared,professed
ssh,0.5686274509803921,shared,leader
ssh,0.7486338797814208,shared,instances
ssh,0.7391304347826086,shared,sketch
ssh,0.2903225806451613,shared,count
ssh,0.7679558011049724,shared,meetings
ssh,0.5311004784688995,shared,parties
ssh,0.44144144144144143,shared,familiar
ssh,0.6243654822335025,shared,attract
ssh,0.350210970464135,shared,teeth
ssh,1.0,a_only,conventional
ssh,0.5609756097560976,shared,spanish
ssh,1.0,a_only,phenomena
ssh,1.0,a_only,anarchism
ssh,0.6666666666666666,shared,secondly
ssh,0.675392670157068,shared,whitney
ssh,1.0,a_only,evolutionary
ssh,0.08108108108108109,b_only,nieces
ssh,0.2749003984063745,shared,rose
ssh,0.08108108108108109,b_only,blinds
ssh,1.0,a_only,goths
ssh,0.09215017064846416,b_only,talked
ssh,0.2698412698412698,shared,view
ssh,0.48148148148148145,shared,breaking
ssh,1.0,a_only,strategy
ssh,0.5533980582524272,shared,barrier
ssh,0.7391304347826086,shared,imposing
ssh,1.0,a_only,definitive
ssh,0.0847457627118644,b_only,lap
ssh,1.0,a_only,rand
ssh,0.12280701754385964,b_only,hoarsely
ssh,0.5165876777251185,shared,jealous
ssh,1.0,a_only,automatic
ssh,0.30612244897959184,shared,an
ssh,0.36752136752136755,shared,feet
ssh,0.5533980582524272,shared,copper
ssh,0.7877094972067039,shared,cotton
ssh,0.7112299465240641,shared,skull
ssh,0.7486338797814208,shared,tomorrow
ssh,0.47465437788018433,shared,rushing
ssh,0.10726643598615918,b_only,lunch
ssh,0.36752136752136755,shared,health
ssh,0.08843537414965986,b_only,smiled
ssh,1.0,a_only,hermann
ssh,0.5458937198067633,shared,folded
ssh,1.0,a_only,pollution
ssh,0.45454545454545453,shared,mars
ssh,0.6,shared,balls
ssh,0.7486338797814208,shared,agrippa
ssh,1.0,a_only,sheen
ssh,0.42857142857142855,shared,captain
ssh,0.09215017064846416,b_only,sufferings
ssh,0.6842105263157895,shared,largest
ssh,1.0,a_only,thermal
ssh,0.285140562248996,shared,ain
ssh,1.0,a_only,develops
ssh,0.08843537414965986,b_only,towel
ssh,0.5686274509803921,shared,guest
ssh,0.7582417582417582,shared,constructed
ssh,1.0,a_only,branden
ssh,1.0,a_only,premise
ssh,0.48148148148148145,shared,rapidly
ssh,0.09965635738831616,b_only,becky
ssh,0.39737991266375544,shared,iron
ssh,0.10726643598615918,b_only,swinging
ssh,0.0847457627118644,b_only,gravely
ssh,1.0,a_only,hitler
ssh,0.08108108108108109,b_only,compassion
ssh,1.0,a_only,bavarian
ssh,1.0,a_only,ipod
ssh,1.0,a_only,arabs
ssh,0.08108108108108109,b_only,screamed
ssh,0.7486338797814208,shared,joseph
ssh,0.285140562248996,shared,play
ssh,1.0,a_only,claudius
ssh,1.0,a_only,roland
ssh,0.7582417582417582,shared,reluctant
ssh,0.5920398009950248,shared,quest
ssh,1.0,a_only,distinctive
ssh,0.7391304347826086,shared,surveying
ssh,0.36752136752136755,shared,hide
ssh,0.09965635738831616,b_only,lodge
ssh,1.0,a_only,unita
ssh,1.0,a_only,friedman
ssh,0.6842105263157895,shared,italy
ssh,0.36752136752136755,shared,saved
ssh,0.5458937198067633,shared,distinguish
ssh,1.0,a_only,gains
ssh,1.0,a_only,recordings
ssh,0.5920398009950248,shared,steadily
ssh,1.0,a_only,techniques
ssh,0.7204301075268817,shared,roger
ssh,0.5841584158415841,shared,wrought
ssh,0.6410256410256411,shared,reveal
ssh,0.5920398009950248,shared,satisfactory
ssh,1.0,a_only,candidate
ssh,1.0,a_only,incorrect
ssh,1.0,a_only,arc
ssh,0.12280701754385964,b_only,hats
ssh,1.0,a_only,documented
ssh,0.6161616161616161,shared,capacity
ssh,0.5458937198067633,shared,demand
ssh,0.2903225806451613,shared,taken
ssh,0.3168724279835391,shared,through
ssh,1.0,a_only,nazi
ssh,0.8181818181818182,shared,gulf
ssh,1.0,a_only,multiplication
ssh,1.0,a_only,ads
ssh,0.6,shared,abode
ssh,0.6931216931216931,shared,ahab
ssh,0.3114754098360656,shared,terror
ssh,1.0,a_only,defenders
ssh,0.7582417582417582,shared,convenience
ssh,0.6326530612244898,shared,justified
ssh,0.6666666666666666,shared,lungs
ssh,0.07744107744107744,b_only,solicitor
ssh,1.0,a_only,kennedy
ssh,1.0,a_only,dirac
ssh,0.7391304347826086,shared,disaster
ssh,0.6243654822335025,shared,elements
ssh,1.0,a_only,extraction
ssh,0.5023474178403756,shared,chased
ssh,1.0,a_only,americium
ssh,1.0,a_only,saints
ssh,0.5023474178403756,shared,wedding
ssh,0.6080402010050251,shared,appearing
ssh,0.6931216931216931,shared,dominant
ssh,0.4349775784753363,shared,distant
ssh,1.0,a_only,amendment
ssh,0.07744107744107744,b_only,rejoiced
ssh,0.07023411371237458,b_only,bending
ssh,0.5165876777251185,shared,delivered
ssh,0.39737991266375544,shared,joined
ssh,0.6494845360824743,shared,laboratory
ssh,1.0,a_only,synod
ssh,0.059602649006622516,b_only,horribly
ssh,0.7112299465240641,shared,bleeding
ssh,0.32231404958677684,shared,way
ssh,0.7204301075268817,shared,profit
ssh,0.06312292358803986,b_only,devils
ssh,0.5458937198067633,shared,respects
ssh,1.0,a_only,kingdoms
ssh,1.0,a_only,nickname
ssh,0.6580310880829016,shared,russian
ssh,0.5023474178403756,shared,afford
ssh,1.0,a_only,altaic
ssh,0.797752808988764,shared,debt
ssh,0.1111111111111111,b_only,climbing
ssh,1.0,a_only,headquarters
ssh,1.0,a_only,enabling
ssh,0.09965635738831616,b_only,henceforth
ssh,0.5384615384615384,shared,authority
ssh,0.45454545454545453,shared,views
ssh,0.3559322033898305,shared,powerful
ssh,1.0,a_only,morocco
ssh,1.0,a_only,agnetha
ssh,1.0,a_only,alternatives
ssh,0.09965635738831616,b_only,jis
ssh,0.285140562248996,shared,gone
ssh,0.7021276595744681,shared,criminals
ssh,0.7204301075268817,shared,defect
ssh,1.0,a_only,macedonian
ssh,0.5238095238095238,shared,lake
ssh,1.0,a_only,dictator
ssh,0.5311004784688995,shared,twilight
ssh,0.46788990825688076,shared,visitor
ssh,0.7021276595744681,shared,division
ssh,0.7679558011049724,shared,panel
ssh,0.2903225806451613,shared,likely
ssh,1.0,a_only,persians
ssh,0.5384615384615384,shared,profound
ssh,0.7486338797814208,shared,lawrence
ssh,0.07023411371237458,b_only,lid
ssh,0.8390804597701149,shared,grove
ssh,0.25984251968503935,shared,friends
ssh,0.5311004784688995,shared,iii
ssh,0.5384615384615384,shared,scream
ssh,0.5763546798029556,shared,strangers
ssh,0.5165876777251185,shared,increase
ssh,0.07744107744107744,b_only,brooding
ssh,1.0,a_only,bbc
ssh,1.0,a_only,voters
ssh,1.0,a_only,topics
ssh,0.4349775784753363,shared,clouds
ssh,0.32231404958677684,shared,first
ssh,0.5384615384615384,shared,y
ssh,0.6931216931216931,shared,gods
ssh,0.4953271028037383,shared,dig
ssh,1.0,a_only,hydrocarbons
ssh,1.0,a_only,edited
ssh,1.0,a_only,alda
ssh,1.0,a_only,innovation
ssh,1.0,a_only,affiliated
ssh,0.6842105263157895,shared,bat
ssh,0.7391304347826086,shared,odds
ssh,0.807909604519774,shared,seeds
ssh,1.0,a_only,li
ssh,0.6243654822335025,shared,wider
ssh,0.09215017064846416,b_only,goin
ssh,1.0,a_only,lfheim
ssh,1.0,a_only,complicated
ssh,1.0,a_only,noun
ssh,0.7204301075268817,shared,chalk
ssh,0.37339055793991416,shared,beat
ssh,0.0847457627118644,b_only,extinguished
ssh,1.0,a_only,plants
ssh,0.4883720930232558,shared,campbell
ssh,0.3333333333333333,shared,finally
ssh,0.5165876777251185,shared,blamed
ssh,0.39737991266375544,shared,imagination
ssh,1.0,a_only,abortion
ssh,0.09965635738831616,b_only,muff
ssh,0.5094339622641509,shared,travel
ssh,0.7297297297297297,shared,spun
ssh,1.0,a_only,worker
ssh,0.4953271028037383,shared,persuaded
ssh,0.7582417582417582,shared,divide
ssh,0.6410256410256411,shared,india
ssh,1.0,a_only,martial
ssh,1.0,a_only,quote
ssh,1.0,a_only,conceptions
ssh,0.6410256410256411,shared,partial
ssh,1.0,a_only,cleveland
ssh,0.3114754098360656,shared,wants
ssh,1.0,a_only,ports
ssh,1.0,a_only,boris
ssh,1.0,a_only,algebraically
ssh,0.28,shared,dare
ssh,0.07744107744107744,b_only,hatter
ssh,1.0,a_only,snowball
ssh,0.6,shared,greek
ssh,1.0,a_only,institute
ssh,0.7112299465240641,shared,merchant
ssh,1.0,a_only,innovations
ssh,1.0,a_only,vegetation
ssh,0.09215017064846416,b_only,caroline
ssh,0.08108108108108109,b_only,breathless
ssh,0.09965635738831616,b_only,thankful
ssh,0.6494845360824743,shared,announced
ssh,1.0,a_only,penalty
ssh,1.0,a_only,legislative
ssh,0.4479638009049774,shared,winding
ssh,1.0,a_only,google
ssh,0.6931216931216931,shared,slain
ssh,0.6161616161616161,shared,resurrection
ssh,0.7391304347826086,shared,foundations
ssh,1.0,a_only,vacuum
ssh,1.0,a_only,admiral
ssh,0.08843537414965986,b_only,welshman
ssh,0.08843537414965986,b_only,busted
ssh,1.0,a_only,canaris
ssh,0.6931216931216931,shared,reform
ssh,0.5165876777251185,shared,proceed
ssh,0.5458937198067633,shared,wings
ssh,0.48148148148148145,shared,immense
ssh,0.6494845360824743,shared,drum
ssh,0.29554655870445345,shared,doubt
ssh,1.0,a_only,website
ssh,0.46788990825688076,shared,assumed
ssh,1.0,a_only,dubbed
ssh,1.0,a_only,intervention
ssh,1.0,a_only,justin
ssh,0.807909604519774,shared,weakened
ssh,1.0,a_only,proven
ssh,1.0,a_only,rothbard
ssh,0.5238095238095238,shared,sorts
ssh,0.08843537414965986,b_only,logs
ssh,0.08843537414965986,b_only,pross
ssh,1.0,a_only,willard
ssh,1.0,a_only,organization
ssh,1.0,a_only,designer
ssh,0.7204301075268817,shared,slang
ssh,0.5686274509803921,shared,washed
ssh,0.8285714285714286,shared,accusation
ssh,0.08108108108108109,b_only,weep
ssh,0.5763546798029556,shared,registered
ssh,1.0,a_only,critic
ssh,0.5165876777251185,shared,examine
ssh,0.5238095238095238,shared,proof
ssh,1.0,a_only,engineering
ssh,0.6,shared,stature
ssh,0.5458937198067633,shared,completed
ssh,0.6580310880829016,shared,customary
ssh,0.3114754098360656,shared,found
ssh,0.4953271028037383,shared,geneva
ssh,0.6494845360824743,shared,conclusions
ssh,0.675392670157068,shared,miller
ssh,0.06666666666666667,b_only,lucky
ssh,0.3793103448275862,shared,struggle
ssh,0.4611872146118721,shared,legs
ssh,1.0,a_only,predecessors
ssh,0.4953271028037383,shared,arose
ssh,0.6243654822335025,shared,kent
ssh,0.3445378151260504,shared,man
ssh,1.0,a_only,depicted
ssh,0.45454545454545453,shared,generous
ssh,1.0,a_only,telecommunications
ssh,0.6842105263157895,shared,pole
ssh,1.0,a_only,rally
ssh,0.0958904109589041,b_only,startled
ssh,0.07744107744107744,b_only,fancy
ssh,0.5920398009950248,shared,mankind
ssh,0.3114754098360656,shared,again
ssh,1.0,a_only,disputes
ssh,1.0,a_only,hong
ssh,0.5094339622641509,shared,regiment
ssh,0.7204301075268817,shared,border
ssh,0.6842105263157895,shared,armour
ssh,0.07023411371237458,b_only,typewriter
ssh,0.4953271028037383,shared,mud
ssh,1.0,a_only,mechanism
ssh,0.10726643598615918,b_only,haggard
ssh,1.0,a_only,polish
ssh,1.0,a_only,produces
ssh,1.0,a_only,economic
ssh,0.5533980582524272,shared,ferry
ssh,0.09215017064846416,b_only,contempt
ssh,1.0,a_only,motivated
ssh,0.0958904109589041,b_only,hasten
ssh,1.0,a_only,federal
ssh,1.0,a_only,atheist
ssh,0.09215017064846416,b_only,lodgings
ssh,0.6494845360824743,shared,enthusiastic
ssh,0.08843537414965986,b_only,gardiner
ssh,0.2903225806451613,shared,catherine
ssh,0.5165876777251185,shared,flame
ssh,1.0,a_only,interact
ssh,0.7391304347826086,shared,opens
ssh,1.0,a_only,unclear
ssh,1.0,a_only,conferences
ssh,1.0,a_only,processes
ssh,1.0,a_only,squid
ssh,0.0738255033557047,b_only,delightful
ssh,0.7391304347826086,shared,tough
ssh,0.42857142857142855,shared,dreams
ssh,0.10344827586206896,b_only,insensible
ssh,0.3008130081300813,shared,any
ssh,0.10344827586206896,b_only,insist
ssh,1.0,a_only,esoteric
ssh,0.5384615384615384,shared,bend
ssh,0.06666666666666667,b_only,annoyed
ssh,0.7486338797814208,shared,sandy
ssh,0.4883720930232558,shared,fatal
ssh,0.37339055793991416,shared,third
ssh,0.32231404958677684,shared,road
ssh,0.28,shared,much
ssh,0.6666666666666666,shared,sex
ssh,0.08108108108108109,b_only,basket
ssh,0.3793103448275862,shared,fool
ssh,0.42857142857142855,shared,castle
ssh,1.0,a_only,protestants
ssh,0.6080402010050251,shared,assist
ssh,0.30612244897959184,shared,spirits
ssh,0.350210970464135,shared,our
ssh,0.7777777777777778,shared,preservation
ssh,0.10726643598615918,b_only,ardent
ssh,1.0,a_only,cern
ssh,0.30612244897959184,shared,high
ssh,0.32231404958677684,shared,dress
ssh,0.6161616161616161,shared,acknowledge
ssh,0.0958904109589041,b_only,groan
ssh,0.0958904109589041,b_only,soothed
ssh,0.39737991266375544,shared,moving
ssh,1.0,a_only,comic
ssh,0.06666666666666667,b_only,precaution
ssh,1.0,a_only,millennium
ssh,0.3008130081300813,shared,until
ssh,0.30612244897959184,shared,perhaps
ssh,1.0,a_only,behaviors
ssh,0.6494845360824743,shared,intellect
ssh,0.2903225806451613,shared,curious
ssh,1.0,a_only,funk
ssh,0.391304347826087,shared,blue
ssh,0.2903225806451613,shared,saying
ssh,0.08108108108108109,b_only,tearing
ssh,0.7021276595744681,shared,chambers
ssh,0.4479638009049774,shared,hunting
ssh,0.807909604519774,shared,pupil
ssh,1.0,a_only,suburb
ssh,1.0,a_only,armies
ssh,0.6494845360824743,shared,joining
ssh,0.06312292358803986,b_only,fetched
ssh,0.5165876777251185,shared,strain
ssh,0.2698412698412698,shared,turned
ssh,0.32231404958677684,shared,beginning
ssh,0.0958904109589041,b_only,stead
ssh,1.0,a_only,sa
ssh,1.0,a_only,regulated
ssh,1.0,a_only,swedish
ssh,1.0,a_only,fails
ssh,0.7112299465240641,shared,unfinished
ssh,1.0,a_only,abscess
ssh,1.0,a_only,afghans
ssh,0.5609756097560976,shared,motive
ssh,0.6161616161616161,shared,career
ssh,1.0,a_only,mathbb
ssh,0.7021276595744681,shared,schools
ssh,1.0,a_only,genetics
ssh,0.675392670157068,shared,immensely
ssh,0.3445378151260504,shared,locked
ssh,0.6243654822335025,shared,development
ssh,0.7679558011049724,shared,bodily
ssh,1.0,a_only,altruistic
ssh,0.7391304347826086,shared,pledged
ssh,0.3793103448275862,shared,facts
ssh,1.0,a_only,eliminate
ssh,1.0,a_only,alpacas
ssh,1.0,a_only,achievement
ssh,1.0,a_only,pogroms
ssh,0.32231404958677684,shared,bit
ssh,0.6,shared,fascination
ssh,0.7021276595744681,shared,bounded
ssh,1.0,a_only,ken
ssh,0.5841584158415841,shared,loaded
ssh,0.675392670157068,shared,offering
ssh,0.08843537414965986,b_only,yourselves
ssh,0.7112299465240641,shared,restoring
ssh,1.0,a_only,ali
ssh,0.5458937198067633,shared,rules
ssh,0.09965635738831616,b_only,stare
ssh,0.04918032786885246,b_only,maids
ssh,0.6080402010050251,shared,emotions
ssh,1.0,a_only,baltic
ssh,0.7391304347826086,shared,liberal
ssh,1.0,a_only,lisa
ssh,0.5841584158415841,shared,famous
ssh,0.6580310880829016,shared,leads
ssh,0.09215017064846416,b_only,knives
ssh,0.7877094972067039,shared,cynical
ssh,1.0,a_only,clinical
ssh,0.797752808988764,shared,commons
ssh,0.5686274509803921,shared,honor
ssh,0.7679558011049724,shared,principally
ssh,0.350210970464135,shared,himself
ssh,0.6494845360824743,shared,chicken
ssh,1.0,a_only,projects
ssh,1.0,a_only,est
ssh,1.0,a_only,transmission
ssh,0.7112299465240641,shared,recognition
ssh,1.0,a_only,interface
ssh,0.5094339622641509,shared,leg
ssh,0.5165876777251185,shared,narrative
ssh,0.3559322033898305,shared,party
ssh,0.36752136752136755,shared,harm
ssh,1.0,a_only,succeeds
ssh,0.09965635738831616,b_only,nicely
ssh,0.6080402010050251,shared,ernest
ssh,1.0,a_only,turkic
ssh,0.5609756097560976,shared,cannon
ssh,0.08108108108108109,b_only,guess
ssh,0.08108108108108109,b_only,likes
ssh,1.0,a_only,bus
ssh,0.056105610561056105,b_only,fancied
ssh,0.6080402010050251,shared,toe
ssh,0.5094339622641509,shared,intelligence
ssh,1.0,a_only,alexander
ssh,0.4222222222222222,shared,connected
ssh,0.13074204946996468,b_only,stooped
ssh,0.2698412698412698,shared,life
ssh,0.5238095238095238,shared,geoffrey
ssh,0.32231404958677684,shared,thousand
ssh,1.0,a_only,dual
ssh,0.6243654822335025,shared,consulting
ssh,0.5023474178403756,shared,strongly
ssh,1.0,a_only,anderson
ssh,0.48148148148148145,shared,nevertheless
ssh,0.3389121338912134,shared,touched
ssh,0.7021276595744681,shared,bears
ssh,1.0,a_only,orwell
ssh,0.5609756097560976,shared,wives
ssh,1.0,a_only,environmental
ssh,0.3617021276595745,shared,guard
ssh,0.3333333333333333,shared,name
ssh,1.0,a_only,wilhelm
ssh,0.30612244897959184,shared,ears
ssh,1.0,a_only,technique
ssh,1.0,a_only,broadcast
ssh,0.5311004784688995,shared,r
ssh,0.7204301075268817,shared,accordance
ssh,1.0,a_only,magazines
ssh,0.44144144144144143,shared,lower
ssh,0.30612244897959184,shared,exclaimed
ssh,1.0,a_only,onset
ssh,0.6080402010050251,shared,steel
ssh,0.0847457627118644,b_only,trance
ssh,0.6243654822335025,shared,link
ssh,0.415929203539823,shared,proud
ssh,0.3114754098360656,shared,secret
ssh,0.5841584158415841,shared,win
ssh,0.10344827586206896,b_only,polly
ssh,0.4953271028037383,shared,faster
ssh,1.0,a_only,marple
ssh,1.0,a_only,tool
ssh,1.0,a_only,ambiguous
ssh,1.0,a_only,senators
ssh,1.0,a_only,calculating
ssh,0.7021276595744681,shared,nobles
ssh,0.0738255033557047,b_only,fountain
ssh,1.0,a_only,abdominal
ssh,1.0,a_only,receives
ssh,1.0,a_only,anaconda
ssh,0.6666666666666666,shared,naked
ssh,0.09215017064846416,b_only,imprudence
ssh,0.6666666666666666,shared,alfred
ssh,0.6666666666666666,shared,comedy
ssh,0.6,shared,birthday
ssh,0.08108108108108109,b_only,slovaks
ssh,0.6161616161616161,shared,attorney
ssh,1.0,a_only,solar
ssh,0.47465437788018433,shared,aware
ssh,0.5763546798029556,shared,needs
ssh,0.5841584158415841,shared,additional
ssh,0.4883720930232558,shared,robbers
ssh,0.4953271028037383,shared,behaviour
ssh,1.0,a_only,astronomy
ssh,0.3114754098360656,shared,simply
ssh,1.0,a_only,universe
ssh,1.0,a_only,aruba
ssh,0.6080402010050251,shared,spectators
ssh,0.3445378151260504,shared,sky
ssh,1.0,a_only,appoint
ssh,1.0,a_only,civilian
ssh,0.37339055793991416,shared,prepared
ssh,0.7777777777777778,shared,priest
ssh,0.7486338797814208,shared,warnings
ssh,1.0,a_only,alcuin
ssh,1.0,a_only,constitute
ssh,1.0,a_only,darwin
ssh,1.0,a_only,communities
ssh,0.7112299465240641,shared,helmet
ssh,0.6494845360824743,shared,providence
ssh,1.0,a_only,convention
ssh,1.0,a_only,sp
ssh,1.0,a_only,accordion
ssh,0.6080402010050251,shared,chile
ssh,0.6326530612244898,shared,cigarette
ssh,1.0,a_only,es
ssh,0.1111111111111111,b_only,fortnight
ssh,0.7021276595744681,shared,mild
ssh,1.0,a_only,federation
ssh,0.08108108108108109,b_only,phelps
ssh,1.0,a_only,provisional
ssh,0.5609756097560976,shared,pew
ssh,0.285140562248996,shared,stay
ssh,1.0,a_only,paratime
ssh,0.07744107744107744,b_only,clutched
ssh,0.09215017064846416,b_only,whither
ssh,1.0,a_only,administrative
ssh,1.0,a_only,sumter
ssh,0.285140562248996,shared,but
ssh,1.0,a_only,personnel
ssh,0.5763546798029556,shared,animation
ssh,0.8390804597701149,shared,bah
ssh,0.6842105263157895,shared,readers
ssh,0.6666666666666666,shared,encounter
ssh,1.0,a_only,notation
ssh,1.0,a_only,colleges
ssh,0.6410256410256411,shared,threatened
ssh,0.24031007751937986,shared,getting
ssh,1.0,a_only,ignored
ssh,0.10344827586206896,b_only,dainty
ssh,0.32231404958677684,shared,hours
ssh,1.0,a_only,empire
ssh,0.5609756097560976,shared,characters
ssh,1.0,a_only,functional
ssh,0.6161616161616161,shared,lighting
ssh,0.797752808988764,shared,duck
ssh,0.7297297297297297,shared,hooker
ssh,0.4953271028037383,shared,snake
ssh,1.0,a_only,ion
ssh,0.5841584158415841,shared,invented
ssh,0.7486338797814208,shared,confronted
ssh,0.5384615384615384,shared,harsh
ssh,0.0958904109589041,b_only,knees
ssh,0.09965635738831616,b_only,blast
ssh,0.2903225806451613,shared,shall
ssh,0.32231404958677684,shared,question
ssh,1.0,a_only,timeline
ssh,0.350210970464135,shared,society
ssh,0.5533980582524272,shared,indifference
ssh,1.0,a_only,arcade
ssh,0.07744107744107744,b_only,looky
ssh,0.3168724279835391,shared,out
ssh,1.0,a_only,ivan
ssh,1.0,a_only,substantially
ssh,1.0,a_only,sebastian
ssh,1.0,a_only,armenia
ssh,0.10344827586206896,b_only,trifling
ssh,1.0,a_only,ted
ssh,1.0,a_only,decimal
ssh,1.0,a_only,hudson
ssh,1.0,a_only,mysticism
ssh,0.5609756097560976,shared,contain
ssh,0.6580310880829016,shared,deprived
ssh,0.10344827586206896,b_only,overboard
ssh,0.09215017064846416,b_only,housekeeper
ssh,1.0,a_only,oxygen
ssh,0.5609756097560976,shared,establishment
ssh,0.7021276595744681,shared,safer
ssh,1.0,a_only,albanian
ssh,0.3114754098360656,shared,hand
ssh,1.0,a_only,otto
ssh,0.6666666666666666,shared,decay
ssh,1.0,a_only,alberta
ssh,0.5384615384615384,shared,fighting
ssh,0.245136186770428,shared,afraid
ssh,1.0,a_only,findings
ssh,0.0847457627118644,b_only,sweat
ssh,1.0,a_only,define
ssh,0.40969162995594716,shared,rain
ssh,1.0,a_only,wheat
ssh,1.0,a_only,fundamental
ssh,0.6666666666666666,shared,measured
ssh,1.0,a_only,protective
ssh,0.0847457627118644,b_only,27
ssh,1.0,a_only,mans
ssh,0.4883720930232558,shared,mysterious
ssh,0.6161616161616161,shared,pigs
ssh,0.3114754098360656,shared,duty
ssh,1.0,a_only,swiss
ssh,0.4883720930232558,shared,weapon
ssh,0.7021276595744681,shared,ash
ssh,0.3333333333333333,shared,made
ssh,1.0,a_only,monument
ssh,0.1111111111111111,b_only,daring
ssh,0.0958904109589041,b_only,vulgar
ssh,0.32231404958677684,shared,manner
ssh,0.06666666666666667,b_only,sweetness
ssh,1.0,a_only,champion
ssh,0.7582417582417582,shared,killer
ssh,1.0,a_only,atari
ssh,1.0,a_only,adolf
ssh,1.0,a_only,aix
ssh,0.3389121338912134,shared,whom
ssh,1.0,a_only,factors
ssh,0.07023411371237458,b_only,chin
ssh,0.797752808988764,shared,ward
ssh,0.08108108108108109,b_only,vines
ssh,0.3445378151260504,shared,arrived
ssh,1.0,a_only,hector
ssh,1.0,a_only,alcohol
ssh,1.0,a_only,divisions
ssh,0.0958904109589041,b_only,underneath
ssh,0.44144144144144143,shared,wherever
ssh,1.0,a_only,films
ssh,0.6326530612244898,shared,discovering
ssh,1.0,a_only,rebuilding
ssh,0.3114754098360656,shared,change
ssh,1.0,a_only,females
ssh,0.7679558011049724,shared,destitute
ssh,1.0,a_only,sales
ssh,1.0,a_only,solutions
ssh,1.0,a_only,aes
ssh,1.0,a_only,directory
ssh,0.6243654822335025,shared,ma
ssh,0.09215017064846416,b_only,sadly
ssh,1.0,a_only,literally
ssh,1.0,a_only,providing
ssh,0.6666666666666666,shared,chapel
ssh,0.44144144144144143,shared,pose
ssh,1.0,a_only,matrix
ssh,1.0,a_only,maguey
ssh,1.0,a_only,musician
ssh,0.5920398009950248,shared,chase
ssh,0.7679558011049724,shared,homage
ssh,0.08108108108108109,b_only,uncomfortable
ssh,1.0,a_only,secondary
ssh,0.6161616161616161,shared,investigation
ssh,0.5533980582524272,shared,wealth
ssh,1.0,a_only,ralph
ssh,0.7777777777777778,shared,improvements
ssh,0.5920398009950248,shared,aged
ssh,0.675392670157068,shared,arisen
ssh,0.6494845360824743,shared,jam
ssh,1.0,a_only,marine
ssh,0.5094339622641509,shared,actual
ssh,0.1111111111111111,b_only,longing
ssh,0.08108108108108109,b_only,bewildered
ssh,0.37339055793991416,shared,fit
ssh,0.7297297297297297,shared,load
ssh,0.0847457627118644,b_only,shuddering
ssh,0.7204301075268817,shared,notable
ssh,0.5238095238095238,shared,elbow
ssh,0.5686274509803921,shared,sailor
ssh,0.0738255033557047,b_only,apology
ssh,0.3008130081300813,shared,meet
ssh,0.7297297297297297,shared,di
ssh,0.25984251968503935,neither,<unk>
ssh,0.2648221343873518,shared,indeed
ssh,0.675392670157068,shared,buzz
ssh,0.6,shared,constantly
ssh,0.6,shared,rays
ssh,1.0,a_only,automated
ssh,1.0,a_only,subcontinent
ssh,0.6580310880829016,shared,grant
ssh,0.6666666666666666,shared,collect
ssh,0.29554655870445345,shared,henry
ssh,0.3278008298755187,shared,knowledge
ssh,1.0,a_only,programming
ssh,0.7297297297297297,shared,weaker
ssh,1.0,a_only,brotherhood
ssh,1.0,a_only,center
ssh,1.0,a_only,russians
ssh,1.0,a_only,cl
ssh,0.4883720930232558,shared,apart
ssh,0.48148148148148145,shared,emerged
ssh,0.7777777777777778,shared,adapted
ssh,0.5533980582524272,shared,corners
ssh,0.5094339622641509,shared,season
ssh,0.2698412698412698,shared,ever
ssh,1.0,a_only,christopher
ssh,0.5763546798029556,shared,remarks
ssh,1.0,a_only,thesis
ssh,0.7582417582417582,shared,northward
ssh,1.0,a_only,prominently
ssh,1.0,a_only,challenger
ssh,1.0,a_only,abc
ssh,1.0,a_only,merged
ssh,1.0,a_only,conspiracy
ssh,0.45454545454545453,shared,closer
ssh,0.391304347826087,shared,events
ssh,1.0,a_only,undergo
ssh,1.0,a_only,senate
ssh,0.2648221343873518,shared,alice
ssh,1.0,a_only,depicts
ssh,0.09215017064846416,b_only,prayed
ssh,0.7297297297297297,shared,dwelt
ssh,0.46788990825688076,shared,reputation
ssh,0.07744107744107744,b_only,thimble
ssh,0.7582417582417582,shared,prosecution
ssh,0.5384615384615384,shared,sell
ssh,0.4883720930232558,shared,prevented
ssh,1.0,a_only,dissociation
ssh,0.0847457627118644,b_only,motionless
ssh,0.47465437788018433,shared,violence
ssh,0.08108108108108109,b_only,shire
ssh,0.7112299465240641,shared,arrows
ssh,1.0,a_only,moscow
ssh,0.7297297297297297,shared,barrel
ssh,1.0,a_only,ld
ssh,1.0,a_only,sqrt
ssh,1.0,a_only,sports
ssh,0.0958904109589041,b_only,remorse
ssh,0.5238095238095238,shared,fur
ssh,1.0,a_only,hellenistic
ssh,0.7297297297297297,shared,emphatic
ssh,1.0,a_only,demonstrated
ssh,1.0,a_only,processor
ssh,0.7297297297297297,shared,fruit
ssh,0.807909604519774,shared,draws
ssh,0.7582417582417582,shared,arriving
ssh,0.3445378151260504,shared,lines
ssh,0.5841584158415841,shared,numerous
ssh,1.0,a_only,expert
ssh,0.7486338797814208,shared,everlasting
ssh,0.5763546798029556,shared,beings
ssh,1.0,a_only,activities
ssh,0.391304347826087,shared,knight
ssh,0.6580310880829016,shared,drift
ssh,1.0,a_only,pr
ssh,0.08843537414965986,b_only,sublime
ssh,0.0847457627118644,b_only,gallantry
ssh,1.0,a_only,dedicated
ssh,0.3008130081300813,shared,above
ssh,0.07744107744107744,b_only,bout
ssh,0.47465437788018433,shared,heading
ssh,0.08843537414965986,b_only,indignation
ssh,0.07744107744107744,b_only,carpenter
ssh,0.8181818181818182,shared,owes
ssh,0.391304347826087,shared,gives
ssh,1.0,a_only,deposits
ssh,0.797752808988764,shared,vegetables
ssh,0.6161616161616161,shared,remarkably
ssh,0.5165876777251185,shared,romance
ssh,0.3559322033898305,shared,expect
ssh,1.0,a_only,scottish
ssh,0.4611872146118721,shared,pressed
ssh,0.5311004784688995,shared,medicine
ssh,0.32231404958677684,shared,own
ssh,0.09215017064846416,b_only,gabelle
ssh,0.10344827586206896,b_only,agony
ssh,0.7486338797814208,shared,pat
ssh,0.6666666666666666,shared,autumn
ssh,0.7679558011049724,shared,latest
ssh,1.0,a_only,implemented
ssh,0.5763546798029556,shared,drops
ssh,0.7582417582417582,shared,ascent
ssh,1.0,a_only,muslims
ssh,1.0,a_only,significantly
ssh,0.675392670157068,shared,hello
ssh,1.0,a_only,mackenzie
ssh,0.7777777777777778,shared,regards
ssh,0.7204301075268817,shared,exposure
ssh,1.0,a_only,volumes
ssh,1.0,a_only,arminius
ssh,0.8390804597701149,shared,supernatural
ssh,0.45454545454545453,shared,aspect
ssh,0.415929203539823,shared,headed
ssh,0.5023474178403756,shared,bottle
ssh,0.32231404958677684,shared,loud
ssh,0.10344827586206896,b_only,doubts
ssh,0.0847457627118644,b_only,draught
ssh,1.0,a_only,presidential
ssh,0.10344827586206896,b_only,tinker
ssh,0.40350877192982454,shared,portrait
ssh,0.7679558011049724,shared,alexandre
ssh,1.0,a_only,exclusive
ssh,0.29554655870445345,shared,close
ssh,0.5920398009950248,shared,representing
ssh,1.0,a_only,radians
ssh,0.5609756097560976,shared,nurse
ssh,0.675392670157068,shared,pressure
ssh,1.0,a_only,algebra
ssh,0.6,shared,trunk
ssh,1.0,a_only,replacing
ssh,0.6842105263157895,shared,ad
ssh,1.0,a_only,arminian
ssh,0.7679558011049724,shared,shores
ssh,0.1111111111111111,b_only,yourself
ssh,1.0,a_only,psyche
ssh,1.0,a_only,unix
ssh,0.6931216931216931,shared,energetic
ssh,1.0,a_only,suburbs
ssh,1.0,a_only,nicene
ssh,1.0,a_only,babylonian
ssh,0.6931216931216931,shared,exciting
ssh,1.0,a_only,ataxia
ssh,0.807909604519774,shared,germany
ssh,0.06312292358803986,b_only,scar
ssh,0.6410256410256411,shared,sources
ssh,0.40969162995594716,shared,falling
ssh,0.4953271028037383,shared,noon
ssh,0.32231404958677684,shared,days
ssh,0.6410256410256411,shared,premises
ssh,1.0,a_only,bruce
ssh,0.6842105263157895,shared,defeat
ssh,1.0,a_only,extension
ssh,0.0958904109589041,b_only,gwyne
ssh,0.44144144144144143,shared,becoming
ssh,0.0738255033557047,b_only,cruncher
ssh,1.0,a_only,creed
ssh,0.08843537414965986,b_only,dusty
ssh,1.0,a_only,shortest
ssh,0.08843537414965986,b_only,cries
ssh,0.09215017064846416,b_only,twas
ssh,0.6666666666666666,shared,joint
ssh,0.5311004784688995,shared,solution
ssh,0.6161616161616161,shared,holds
ssh,0.29554655870445345,shared,lucas
ssh,1.0,a_only,ethical
ssh,0.10344827586206896,b_only,warmth
ssh,1.0,a_only,implementing
ssh,0.4349775784753363,shared,pile
ssh,1.0,a_only,enlightenment
ssh,0.32231404958677684,shared,shadow
ssh,0.44144144144144143,shared,soft
ssh,0.675392670157068,shared,resource
ssh,1.0,a_only,screenplay
ssh,0.2903225806451613,shared,lives
ssh,0.3333333333333333,shared,coffin
ssh,0.30612244897959184,shared,sat
ssh,0.29554655870445345,shared,ah
ssh,0.5841584158415841,shared,consisted
ssh,1.0,a_only,islamic
ssh,0.5920398009950248,shared,dollar
ssh,0.08843537414965986,b_only,wink
ssh,0.5165876777251185,shared,variety
ssh,0.3852813852813853,shared,obliged
ssh,0.0958904109589041,b_only,tender
ssh,0.7391304347826086,shared,denying
ssh,0.5458937198067633,shared,beaten
ssh,0.07744107744107744,b_only,armchair
ssh,1.0,a_only,edmonton
ssh,0.5384615384615384,shared,bodies
ssh,0.5311004784688995,shared,cap
ssh,0.3852813852813853,shared,seized
ssh,0.07744107744107744,b_only,daylight
ssh,0.09965635738831616,b_only,boast
ssh,1.0,a_only,ludwig
ssh,1.0,a_only,fleece
ssh,0.3793103448275862,shared,grief
ssh,1.0,a_only,dharma
ssh,1.0,a_only,abbot
ssh,1.0,a_only,spectacular
ssh,1.0,a_only,agricultural
ssh,1.0,a_only,anagrams
ssh,0.40350877192982454,shared,remark
ssh,1.0,a_only,aboriginal
ssh,1.0,a_only,websites
ssh,0.06666666666666667,b_only,attendants
ssh,1.0,a_only,cemetery
ssh,0.07744107744107744,b_only,fatigue
ssh,0.46788990825688076,shared,scotland
ssh,0.47465437788018433,shared,suffering
ssh,0.7582417582417582,shared,presentation
ssh,1.0,a_only,horizontal
ssh,0.4479638009049774,shared,remains
ssh,1.0,a_only,explosive
ssh,0.5763546798029556,shared,eggs
ssh,1.0,a_only,implies
ssh,1.0,a_only,ecclesiastical
ssh,0.6580310880829016,shared,peoples
ssh,0.08843537414965986,b_only,woke
ssh,0.47465437788018433,shared,ii
ssh,1.0,a_only,risks
ssh,1.0,a_only,albums
ssh,0.40350877192982454,shared,unknown
ssh,0.350210970464135,shared,pointed
ssh,0.415929203539823,shared,interrupted
ssh,1.0,a_only,revised
ssh,1.0,a_only,ois
ssh,0.36752136752136755,shared,explain
ssh,1.0,a_only,prominent
ssh,0.36752136752136755,shared,calm
ssh,0.6842105263157895,shared,robe
ssh,1.0,a_only,derive
ssh,0.5533980582524272,shared,calls
ssh,0.0847457627118644,b_only,fitzwilliam
ssh,0.6243654822335025,shared,scale
ssh,0.40969162995594716,shared,opening
ssh,0.7021276595744681,shared,captured
ssh,0.06666666666666667,b_only,suits
ssh,0.6326530612244898,shared,rent
ssh,1.0,a_only,buddhism
ssh,1.0,a_only,uprising
ssh,0.07744107744107744,b_only,stupid
ssh,1.0,a_only,discrimination
ssh,0.07744107744107744,b_only,jug
ssh,0.5686274509803921,shared,ate
ssh,0.7679558011049724,shared,neutral
ssh,0.5165876777251185,shared,club
ssh,0.07023411371237458,b_only,winchester
ssh,1.0,a_only,architectural
ssh,0.3389121338912134,shared,surely
ssh,0.7877094972067039,shared,diminished
ssh,1.0,a_only,definitions
ssh,1.0,a_only,electromagnetic
ssh,1.0,a_only,bhfiann
ssh,1.0,a_only,democratic
ssh,0.30612244897959184,shared,head
ssh,0.09965635738831616,b_only,romeo
ssh,0.12280701754385964,b_only,gilt
ssh,0.0847457627118644,b_only,witch
ssh,0.807909604519774,shared,tunnel
ssh,0.2749003984063745,shared,fine
ssh,0.675392670157068,shared,derived
ssh,0.0738255033557047,b_only,darkened
ssh,1.0,a_only,molecule
ssh,0.6326530612244898,shared,arrest
ssh,0.3168724279835391,shared,face
ssh,0.5841584158415841,shared,guidance
ssh,0.3008130081300813,shared,true
ssh,0.7486338797814208,shared,internal
ssh,1.0,a_only,calvinism
ssh,1.0,a_only,suez
ssh,0.6494845360824743,shared,briefly
ssh,0.4883720930232558,shared,sum
ssh,1.0,a_only,hypothesis
ssh,0.0738255033557047,b_only,furious
ssh,1.0,a_only,radiation
ssh,0.0847457627118644,b_only,natured
ssh,0.3793103448275862,shared,lightning
ssh,0.11888111888111888,b_only,hansom
ssh,0.3793103448275862,shared,drop
ssh,0.5533980582524272,shared,portion
ssh,0.4953271028037383,shared,hate
ssh,0.7777777777777778,shared,jet
ssh,0.5165876777251185,shared,taste
ssh,0.350210970464135,shared,scarcely
ssh,1.0,a_only,ruling
ssh,1.0,a_only,relatively
ssh,0.7391304347826086,shared,complained
ssh,0.45454545454545453,shared,nephew
ssh,0.09215017064846416,b_only,geese
ssh,0.04234527687296417,b_only,beauties
ssh,1.0,a_only,screenwriter
ssh,0.2549019607843137,shared,early
ssh,0.42857142857142855,shared,paid
ssh,0.0457516339869281,b_only,sally
ssh,0.07744107744107744,b_only,parting
ssh,1.0,a_only,fernando
ssh,0.6,shared,retire
ssh,0.5920398009950248,shared,clerk
ssh,0.6161616161616161,shared,vote
ssh,0.12280701754385964,b_only,deduce
ssh,0.46788990825688076,shared,south
ssh,0.7391304347826086,shared,rail
ssh,1.0,a_only,polynomial
ssh,0.807909604519774,shared,literary
ssh,0.3389121338912134,shared,game
ssh,0.0738255033557047,b_only,nostrils
ssh,1.0,a_only,ares
ssh,1.0,a_only,administrator
ssh,1.0,a_only,serbia
ssh,0.1111111111111111,b_only,hasn
ssh,0.06312292358803986,b_only,speck
ssh,0.7297297297297297,shared,ridges
ssh,0.30612244897959184,shared,saw
ssh,1.0,a_only,album
ssh,1.0,a_only,celebration
ssh,0.5238095238095238,shared,president
ssh,1.0,a_only,abatement
ssh,0.7679558011049724,shared,intensity
ssh,1.0,a_only,fans
ssh,0.7297297297297297,shared,flocked
ssh,0.6842105263157895,shared,proportion
ssh,0.09215017064846416,b_only,forgot
ssh,0.08843537414965986,b_only,lunatic
ssh,0.09965635738831616,b_only,awake
ssh,0.4611872146118721,shared,continue
ssh,0.11888111888111888,b_only,loathsome
ssh,0.40969162995594716,shared,ordered
ssh,1.0,a_only,cartoon
ssh,0.6243654822335025,shared,wounds
ssh,0.6243654822335025,shared,w
ssh,1.0,a_only,pervasive
ssh,0.6580310880829016,shared,persisted
ssh,0.08843537414965986,b_only,quincey
ssh,0.3114754098360656,shared,ways
ssh,1.0,a_only,subsequently
ssh,0.6243654822335025,shared,conspicuous
ssh,0.29554655870445345,shared,opportunity
ssh,1.0,a_only,organisations
ssh,0.42857142857142855,shared,grounds
ssh,0.23552123552123552,shared,too
ssh,1.0,a_only,associative
ssh,0.3278008298755187,shared,papers
ssh,1.0,a_only,minority
ssh,1.0,a_only,implement
ssh,1.0,a_only,aa
ssh,0.3278008298755187,shared,wide
ssh,0.6243654822335025,shared,pursuing
ssh,0.7204301075268817,shared,breaks
ssh,1.0,a_only,indo
ssh,0.8497109826589595,shared,frozen
ssh,0.46788990825688076,shared,someone
ssh,0.3852813852813853,shared,shown
ssh,0.7021276595744681,shared,route
ssh,0.6080402010050251,shared,offensive
ssh,0.4222222222222222,shared,whale
ssh,1.0,a_only,episcopal
ssh,0.47465437788018433,shared,managed
ssh,0.07023411371237458,b_only,forster
ssh,0.7777777777777778,shared,accuse
ssh,0.4222222222222222,shared,nursery
ssh,1.0,a_only,formations
ssh,0.5094339622641509,shared,education
ssh,0.04234527687296417,b_only,mournful
ssh,0.3445378151260504,shared,wife
ssh,0.5384615384615384,shared,missing
ssh,0.5458937198067633,shared,trap
ssh,1.0,a_only,kournikova
ssh,0.6842105263157895,shared,jews
ssh,1.0,a_only,romans
ssh,0.3114754098360656,shared,king
ssh,0.0847457627118644,b_only,endeavouring
ssh,1.0,a_only,anconia
ssh,0.6161616161616161,shared,owing
ssh,0.3114754098360656,shared,account
ssh,0.7021276595744681,shared,disorder
ssh,1.0,a_only,airline
ssh,0.6243654822335025,shared,tortured
ssh,0.6243654822335025,shared,christmas
ssh,0.5311004784688995,shared,communication
ssh,0.7777777777777778,shared,rainbow
ssh,0.37339055793991416,shared,finding
ssh,0.5238095238095238,shared,successful
ssh,0.6,shared,atmosphere
ssh,0.807909604519774,shared,compositions
ssh,0.45454545454545453,shared,ocean
ssh,1.0,a_only,anthropological
ssh,1.0,a_only,du
ssh,0.6494845360824743,shared,equality
ssh,0.797752808988764,shared,reverse
ssh,0.7021276595744681,shared,brutal
ssh,1.0,a_only,theologian
ssh,0.08108108108108109,b_only,hurriedly
ssh,0.4883720930232558,shared,ideas
ssh,0.10726643598615918,b_only,lily
ssh,0.6326530612244898,shared,vanish
ssh,1.0,a_only,genera
ssh,1.0,a_only,legitimate
ssh,1.0,a_only,rio
ssh,0.29554655870445345,shared,self
ssh,0.7582417582417582,shared,aimed
ssh,0.3389121338912134,shared,particular
ssh,0.7391304347826086,shared,unlikely
ssh,1.0,a_only,hollywood
ssh,0.350210970464135,shared,despair
ssh,0.2698412698412698,shared,hardly
ssh,1.0,a_only,economist
ssh,1.0,a_only,san
ssh,0.11888111888111888,b_only,procured
ssh,1.0,a_only,fresnel
ssh,1.0,a_only,dreyfus
ssh,1.0,a_only,entities
ssh,0.3389121338912134,shared,possibly
ssh,0.4953271028037383,shared,pull
ssh,0.07744107744107744,b_only,ventured
ssh,0.3793103448275862,shared,spent
ssh,0.45454545454545453,shared,hollow
ssh,1.0,a_only,florida
ssh,0.7582417582417582,shared,flowing
ssh,0.7877094972067039,shared,serves
ssh,0.3008130081300813,shared,knows
ssh,0.08108108108108109,b_only,cavern
ssh,0.25,shared,well
ssh,0.09215017064846416,b_only,conjectured
ssh,0.3008130081300813,shared,want
ssh,0.6580310880829016,shared,voyages
ssh,0.6161616161616161,shared,oldest
ssh,0.7112299465240641,shared,assent
ssh,1.0,a_only,atanasoff
ssh,1.0,a_only,assault
ssh,1.0,a_only,melting
ssh,0.6161616161616161,shared,assembled
ssh,1.0,a_only,natives
ssh,1.0,a_only,revision
ssh,0.4479638009049774,shared,actress
ssh,1.0,a_only,cluster
ssh,0.6931216931216931,shared,lowest
ssh,0.12280701754385964,b_only,strolled
ssh,0.5763546798029556,shared,roll
ssh,1.0,a_only,restaurants
ssh,1.0,a_only,looters
ssh,1.0,a_only,endangered
ssh,0.1111111111111111,b_only,dull
ssh,1.0,a_only,denies
ssh,1.0,a_only,damaged
ssh,1.0,a_only,louisiana
ssh,0.7204301075268817,shared,sixth
ssh,1.0,a_only,ed
ssh,1.0,a_only,structured
ssh,1.0,a_only,retrieved
ssh,0.3333333333333333,shared,chapter
ssh,0.5841584158415841,shared,topic
ssh,0.07023411371237458,b_only,dozen
ssh,1.0,a_only,dynamic
ssh,1.0,a_only,database
ssh,0.4953271028037383,shared,reported
ssh,0.1111111111111111,b_only,chimney
ssh,0.37339055793991416,shared,m
ssh,0.2749003984063745,shared,character
ssh,1.0,a_only,superficial
ssh,0.08843537414965986,b_only,lydia
ssh,1.0,a_only,molecules
ssh,0.30612244897959184,shared,try
ssh,0.4222222222222222,shared,raising
ssh,0.3559322033898305,shared,effort
ssh,0.7679558011049724,shared,conquered
ssh,0.06666666666666667,b_only,watchful
ssh,0.10726643598615918,b_only,swords
ssh,0.5458937198067633,shared,engagements
ssh,1.0,a_only,monasteries
ssh,0.3559322033898305,shared,spring
ssh,0.09965635738831616,b_only,recollected
ssh,1.0,a_only,cd
ssh,1.0,a_only,diagnosed
ssh,0.7391304347826086,shared,foreigners
ssh,1.0,a_only,airports
ssh,0.12280701754385964,b_only,spaniard
ssh,0.37339055793991416,shared,corner
ssh,1.0,a_only,drawings
ssh,0.7486338797814208,shared,applying
ssh,0.4479638009049774,shared,companions
ssh,0.3793103448275862,shared,hopes
ssh,0.7877094972067039,shared,abandon
ssh,1.0,a_only,votes
ssh,1.0,a_only,announces
ssh,1.0,a_only,nucleus
ssh,1.0,a_only,launched
ssh,0.8181818181818182,shared,earned
ssh,0.4222222222222222,shared,advanced
ssh,0.47465437788018433,shared,born
ssh,0.3114754098360656,shared,who
ssh,0.07744107744107744,b_only,unicorn
ssh,0.0738255033557047,b_only,tremble
ssh,1.0,a_only,iceland
ssh,0.06666666666666667,b_only,contemplated
ssh,0.7486338797814208,shared,sequence
ssh,0.6580310880829016,shared,introducing
ssh,0.0738255033557047,b_only,beg
ssh,1.0,a_only,alexandria
ssh,0.7777777777777778,shared,visions
ssh,0.3389121338912134,shared,fortune
ssh,0.5763546798029556,shared,fleet
ssh,0.7391304347826086,shared,research
ssh,0.350210970464135,shared,couple
ssh,1.0,a_only,spear
ssh,1.0,a_only,contemporaries
ssh,0.32231404958677684,shared,forget
ssh,0.0738255033557047,b_only,pretending
ssh,0.6494845360824743,shared,obedience
ssh,1.0,a_only,reviewed
ssh,0.39737991266375544,shared,rats
ssh,1.0,a_only,temperatures
ssh,0.5686274509803921,shared,objection
ssh,0.3617021276595745,shared,worse
ssh,1.0,a_only,null
ssh,0.3114754098360656,shared,leaving
ssh,0.7877094972067039,shared,exceeded
ssh,0.3389121338912134,shared,myself
ssh,1.0,a_only,eusebius
ssh,1.0,a_only,johannes
ssh,0.36752136752136755,shared,gray
ssh,0.09215017064846416,b_only,harker
ssh,0.3333333333333333,shared,far
ssh,0.07744107744107744,b_only,endeavoured
ssh,0.4349775784753363,shared,dirty
ssh,1.0,a_only,arianism
ssh,0.5094339622641509,shared,saturday
ssh,0.30612244897959184,shared,stopped
ssh,0.5165876777251185,shared,arrangement
ssh,0.08843537414965986,b_only,tradesman
ssh,0.08843537414965986,b_only,bells
ssh,0.675392670157068,shared,basis
ssh,0.0457516339869281,b_only,odour
ssh,0.4349775784753363,shared,playing
ssh,1.0,a_only,sudan
ssh,0.6931216931216931,shared,specimen
ssh,0.09965635738831616,b_only,doubtful
ssh,1.0,a_only,karl
ssh,1.0,a_only,employees
ssh,0.48148148148148145,shared,baby
ssh,0.5165876777251185,shared,freedom
ssh,1.0,a_only,theistic
ssh,1.0,a_only,agate
ssh,0.11498257839721254,b_only,prisons
ssh,0.5686274509803921,shared,collection
ssh,0.5920398009950248,shared,crack
ssh,0.07744107744107744,b_only,hint
ssh,0.8181818181818182,shared,directing
ssh,0.3445378151260504,shared,letters
ssh,1.0,a_only,png
ssh,0.06666666666666667,b_only,happily
ssh,1.0,a_only,currently
ssh,0.2698412698412698,shared,cried
ssh,0.08108108108108109,b_only,manette
ssh,0.47465437788018433,shared,humble
ssh,1.0,a_only,bantu
ssh,0.7021276595744681,shared,exhibited
ssh,1.0,a_only,northwest
ssh,1.0,a_only,aggression
ssh,0.06666666666666667,b_only,galatz
ssh,1.0,a_only,minerals
ssh,0.07023411371237458,b_only,ere
ssh,0.3114754098360656,shared,brought
ssh,0.09215017064846416,b_only,congratulate
ssh,0.5094339622641509,shared,keeps
ssh,1.0,a_only,audiences
ssh,1.0,a_only,microsoft
ssh,0.4349775784753363,shared,treasure
ssh,0.0738255033557047,b_only,amidst
ssh,1.0,a_only,plateau
ssh,0.6080402010050251,shared,exposed
ssh,1.0,a_only,acapulco
ssh,0.6161616161616161,shared,require
ssh,1.0,a_only,tourists
ssh,0.3278008298755187,shared,perfect
ssh,1.0,a_only,thinkers
ssh,0.1267605633802817,b_only,shrieked
ssh,0.5094339622641509,shared,wounded
ssh,0.09215017064846416,b_only,chateau
ssh,0.08843537414965986,b_only,madness
ssh,0.5686274509803921,shared,floating
ssh,0.6931216931216931,shared,literature
ssh,0.0847457627118644,b_only,politeness
ssh,0.07744107744107744,b_only,lorry
ssh,0.6410256410256411,shared,xv
ssh,0.4883720930232558,shared,owns
ssh,0.6931216931216931,shared,obtain
ssh,0.48148148148148145,shared,science
ssh,0.5763546798029556,shared,restore
ssh,0.10344827586206896,b_only,slid
ssh,0.2903225806451613,shared,cold
ssh,0.11498257839721254,b_only,awakened
ssh,0.0738255033557047,b_only,whoop
ssh,0.3168724279835391,shared,told
ssh,0.4611872146118721,shared,hunt
ssh,0.09965635738831616,b_only,shed
ssh,0.350210970464135,shared,mother
ssh,0.06312292358803986,b_only,somewheres
ssh,0.7297297297297297,shared,privately
ssh,0.3793103448275862,shared,train
ssh,0.47465437788018433,shared,created
ssh,0.39737991266375544,shared,proceeded
ssh,1.0,a_only,entity
ssh,1.0,a_only,dc
ssh,0.6494845360824743,shared,sailors
ssh,0.3445378151260504,shared,success
ssh,0.1111111111111111,b_only,chop
ssh,0.3559322033898305,shared,ear
ssh,0.5686274509803921,shared,keys
ssh,0.6666666666666666,shared,foe
ssh,0.36752136752136755,shared,family
ssh,1.0,a_only,alpine
ssh,1.0,a_only,russia
ssh,0.07744107744107744,b_only,crept
ssh,0.48148148148148145,shared,intent
ssh,1.0,a_only,swinburne
ssh,1.0,a_only,colonies
ssh,0.07744107744107744,b_only,hang
ssh,0.2749003984063745,shared,called
ssh,0.7582417582417582,shared,plant
ssh,0.6410256410256411,shared,prolonged
ssh,1.0,a_only,instituted
ssh,1.0,a_only,ruler
ssh,0.0738255033557047,b_only,impatient
ssh,1.0,a_only,despite
ssh,0.7679558011049724,shared,villages
ssh,1.0,a_only,arminians
ssh,0.10344827586206896,b_only,spies
ssh,0.29554655870445345,shared,empty
ssh,0.08843537414965986,b_only,impatience
ssh,0.7297297297297297,shared,intelligible
ssh,0.3008130081300813,shared,person
ssh,0.3793103448275862,shared,gate
ssh,0.4883720930232558,shared,contrary
ssh,0.32231404958677684,shared,mary
ssh,0.3008130081300813,shared,garden
ssh,1.0,a_only,pronunciation
ssh,0.7679558011049724,shared,drives
ssh,0.415929203539823,shared,working
ssh,0.7582417582417582,shared,muscle
ssh,1.0,a_only,organised
ssh,0.7112299465240641,shared,expectations
ssh,0.36752136752136755,shared,history
ssh,1.0,a_only,amaranth
ssh,0.5533980582524272,shared,travelled
ssh,0.6,shared,helping
ssh,0.7486338797814208,shared,carries
ssh,0.5311004784688995,shared,rush
ssh,1.0,a_only,locally
ssh,0.3389121338912134,shared,seemed
ssh,0.7777777777777778,shared,respecting
ssh,0.5311004784688995,shared,bacon
ssh,1.0,a_only,sooty
ssh,1.0,a_only,acta
ssh,0.797752808988764,shared,confusing
ssh,0.7582417582417582,shared,unusually
ssh,0.4883720930232558,shared,pictures
ssh,0.6666666666666666,shared,talent
ssh,0.3278008298755187,shared,forth
ssh,1.0,a_only,etymology
ssh,0.08108108108108109,b_only,solicitude
ssh,0.5763546798029556,shared,argue
ssh,0.5763546798029556,shared,stern
ssh,0.7582417582417582,shared,dishes
ssh,1.0,a_only,aircraft
ssh,0.5165876777251185,shared,feed
ssh,1.0,a_only,economics
ssh,0.6580310880829016,shared,writer
ssh,1.0,a_only,taggart
ssh,1.0,a_only,indiana
ssh,0.0457516339869281,b_only,injun
ssh,0.45454545454545453,shared,sacred
ssh,1.0,a_only,aberdeen
ssh,0.6842105263157895,shared,european
ssh,0.08843537414965986,b_only,hearth
ssh,0.5458937198067633,shared,consequently
ssh,0.09215017064846416,b_only,rat
ssh,0.06666666666666667,b_only,learnt
ssh,0.5609756097560976,shared,sailing
ssh,0.5609756097560976,shared,delayed
ssh,0.6842105263157895,shared,xii
ssh,0.32231404958677684,shared,will
ssh,0.6,shared,separation
ssh,0.5311004784688995,shared,engagement
ssh,0.30612244897959184,shared,hid
ssh,0.797752808988764,shared,mystic
ssh,0.29554655870445345,shared,certain
ssh,0.3852813852813853,shared,nights
ssh,0.797752808988764,shared,cape
ssh,1.0,a_only,missionary
ssh,1.0,a_only,extract
ssh,0.6243654822335025,shared,sufficiently
ssh,1.0,a_only,damage
ssh,0.350210970464135,shared,interesting
ssh,0.5533980582524272,shared,mass
ssh,1.0,a_only,homosexuality
ssh,0.29554655870445345,shared,cannot
ssh,0.7391304347826086,shared,threats
ssh,1.0,a_only,overall
ssh,0.06312292358803986,b_only,tick
ssh,0.6161616161616161,shared,stray
ssh,0.0958904109589041,b_only,marvellous
ssh,1.0,a_only,funded
ssh,1.0,a_only,choices
ssh,0.7021276595744681,shared,revived
ssh,0.807909604519774,shared,porter
ssh,1.0,a_only,subordinate
ssh,1.0,a_only,doubleday
ssh,1.0,a_only,assignment
ssh,0.6161616161616161,shared,illness
ssh,1.0,a_only,imperium
ssh,0.45454545454545453,shared,concept
ssh,1.0,a_only,wins
ssh,0.7486338797814208,shared,poisoning
ssh,1.0,a_only,diagnostic
ssh,0.6580310880829016,shared,smith
ssh,1.0,a_only,explorer
ssh,1.0,a_only,predynastic
ssh,0.6666666666666666,shared,bolt
ssh,1.0,a_only,workers
ssh,0.07023411371237458,b_only,timidly
ssh,1.0,a_only,taoism
ssh,0.3008130081300813,shared,for
ssh,0.08843537414965986,b_only,shiver
ssh,1.0,a_only,shifted
ssh,0.09965635738831616,b_only,perplexity
ssh,1.0,a_only,affecting
ssh,1.0,a_only,constitution
ssh,0.6161616161616161,shared,salt
ssh,1.0,a_only,photographs
ssh,1.0,a_only,environments
ssh,0.5023474178403756,shared,inclination
ssh,1.0,a_only,ally
ssh,0.6931216931216931,shared,sighted
ssh,0.807909604519774,shared,dragon
ssh,1.0,a_only,roy
ssh,0.6842105263157895,shared,placing
ssh,0.0958904109589041,b_only,leisure
ssh,0.6080402010050251,shared,needles
ssh,1.0,a_only,ascii
ssh,0.5763546798029556,shared,profession
ssh,0.08108108108108109,b_only,waistcoat
ssh,1.0,a_only,disabilities
ssh,0.42857142857142855,shared,violent
ssh,0.7297297297297297,shared,depths
ssh,0.2549019607843137,shared,lady
ssh,0.6842105263157895,shared,western
ssh,1.0,a_only,generals
ssh,0.7021276595744681,shared,tastes
ssh,0.6580310880829016,shared,l
ssh,0.40969162995594716,shared,caused
ssh,1.0,a_only,uk
ssh,0.47465437788018433,shared,stream
ssh,0.5458937198067633,shared,incident
ssh,1.0,a_only,locations
ssh,0.40350877192982454,shared,march
ssh,1.0,a_only,supposedly
ssh,0.4349775784753363,shared,humour
ssh,1.0,a_only,theodosius
ssh,0.0847457627118644,b_only,wretch
ssh,1.0,a_only,noteworthy
ssh,1.0,a_only,avicenna
ssh,1.0,a_only,racing
ssh,1.0,a_only,diesel
ssh,0.3114754098360656,shared,began
ssh,0.6326530612244898,shared,reaction
ssh,1.0,a_only,structural
ssh,1.0,a_only,ferdinand
ssh,0.09965635738831616,b_only,marrying
ssh,0.5920398009950248,shared,plum
ssh,1.0,a_only,combustion
ssh,0.5311004784688995,shared,alike
ssh,0.7021276595744681,shared,suggestion
ssh,1.0,a_only,telescopes
ssh,0.08843537414965986,b_only,eyelids
ssh,0.3008130081300813,shared,beyond
ssh,0.40969162995594716,shared,movement
ssh,0.07744107744107744,b_only,murmur
ssh,1.0,a_only,athabasca
ssh,0.47465437788018433,shared,false
ssh,0.09215017064846416,b_only,stair
ssh,0.4953271028037383,shared,crowded
ssh,0.6080402010050251,shared,established
ssh,0.0738255033557047,b_only,delight
ssh,1.0,a_only,derivation
ssh,0.8181818181818182,shared,healing
ssh,0.6080402010050251,shared,prevailed
ssh,0.0847457627118644,b_only,telegram
ssh,1.0,a_only,licensed
ssh,1.0,a_only,absalom
ssh,1.0,a_only,maryland
ssh,0.7486338797814208,shared,marched
ssh,1.0,a_only,collectively
ssh,1.0,a_only,graduate
ssh,0.46788990825688076,shared,b
ssh,0.3333333333333333,shared,basil
ssh,1.0,a_only,aardvarks
ssh,0.3559322033898305,shared,believe
ssh,1.0,a_only,composer
ssh,1.0,a_only,scientists
ssh,0.3445378151260504,shared,played
ssh,0.10344827586206896,b_only,cracked
ssh,0.7204301075268817,shared,violet
ssh,1.0,a_only,jordan
ssh,1.0,a_only,fuels
ssh,1.0,a_only,antiparticle
ssh,1.0,a_only,exclave
ssh,0.807909604519774,shared,samuel
ssh,0.5311004784688995,shared,hated
ssh,0.6161616161616161,shared,eternal
ssh,1.0,a_only,developments
ssh,0.3793103448275862,shared,river
ssh,0.5686274509803921,shared,patients
ssh,1.0,a_only,mikhail
ssh,1.0,a_only,cession
ssh,0.09215017064846416,b_only,countenance
ssh,1.0,a_only,profitable
ssh,0.7112299465240641,shared,actor
ssh,0.4883720930232558,shared,summoned
ssh,0.7582417582417582,shared,grandfather
ssh,0.0958904109589041,b_only,reminded
ssh,1.0,a_only,council
ssh,1.0,a_only,liquid
ssh,0.675392670157068,shared,surveyed
ssh,0.6326530612244898,shared,boom
ssh,0.42857142857142855,shared,satisfaction
ssh,1.0,a_only,administered
ssh,0.6326530612244898,shared,bars
ssh,1.0,a_only,hydrogen
ssh,1.0,a_only,strikers
ssh,1.0,a_only,viewpoint
ssh,0.5609756097560976,shared,accompany
ssh,0.5533980582524272,shared,satisfy
ssh,0.24031007751937986,shared,send
ssh,1.0,a_only,participation
ssh,0.3333333333333333,shared,call
ssh,1.0,a_only,politician
ssh,0.32231404958677684,shared,learned
ssh,0.7582417582417582,shared,addresses
ssh,0.3008130081300813,shared,putting
ssh,0.11888111888111888,b_only,tramp
ssh,1.0,a_only,communicating
ssh,0.0847457627118644,b_only,copying
ssh,1.0,a_only,georg
ssh,0.3278008298755187,shared,whole
ssh,1.0,a_only,firearms
ssh,0.6080402010050251,shared,howl
ssh,0.3278008298755187,shared,please
ssh,1.0,a_only,marx
ssh,1.0,a_only,op
ssh,0.4883720930232558,shared,taught
ssh,0.6326530612244898,shared,newspapers
ssh,0.5165876777251185,shared,platform
ssh,0.285140562248996,shared,instant
ssh,0.7877094972067039,shared,continuing
ssh,0.09215017064846416,b_only,habits
ssh,0.06666666666666667,b_only,snatched
ssh,1.0,a_only,vesta
ssh,0.5686274509803921,shared,renamed
ssh,0.5458937198067633,shared,frenchman
ssh,0.4953271028037383,shared,license
ssh,1.0,a_only,wright
ssh,0.09215017064846416,b_only,brow
ssh,0.5920398009950248,shared,mamma
ssh,0.09215017064846416,b_only,smoke
ssh,0.7877094972067039,shared,estimate
ssh,0.6580310880829016,shared,agreement
ssh,0.09965635738831616,b_only,breakfast
ssh,1.0,a_only,specimens
ssh,0.5094339622641509,shared,overhead
ssh,0.5533980582524272,shared,visits
ssh,0.5609756097560976,shared,create
ssh,0.0738255033557047,b_only,escort
ssh,0.0958904109589041,b_only,miseries
ssh,0.08843537414965986,b_only,shame
ssh,0.5920398009950248,shared,ignorance
ssh,1.0,a_only,champions
ssh,0.5094339622641509,shared,control
ssh,0.5458937198067633,shared,sin
ssh,0.6931216931216931,shared,objected
ssh,0.08108108108108109,b_only,sill
ssh,0.7777777777777778,shared,holland
ssh,1.0,a_only,evangelical
ssh,0.11498257839721254,b_only,risen
ssh,1.0,a_only,addictive
ssh,0.06666666666666667,b_only,roylott
ssh,0.40969162995594716,shared,spread
ssh,0.6161616161616161,shared,spelling
ssh,1.0,a_only,solving
ssh,0.44144144144144143,shared,driven
ssh,0.285140562248996,shared,short
ssh,0.2648221343873518,shared,sweet
ssh,0.37339055793991416,shared,shop
ssh,1.0,a_only,ideals
ssh,1.0,a_only,apostles
ssh,0.350210970464135,shared,weeks
ssh,1.0,a_only,thereof
ssh,1.0,a_only,teams
ssh,1.0,a_only,pierre
ssh,1.0,a_only,basketball
ssh,1.0,a_only,unification
ssh,0.6931216931216931,shared,railway
ssh,0.5311004784688995,shared,reflect
ssh,0.10726643598615918,b_only,softened
ssh,1.0,a_only,versa
ssh,0.48148148148148145,shared,support
ssh,0.6931216931216931,shared,airs
ssh,1.0,a_only,howard
ssh,0.6161616161616161,shared,mushroom
ssh,0.0958904109589041,b_only,polite
ssh,1.0,a_only,convert
ssh,1.0,a_only,coup
ssh,0.675392670157068,shared,military
ssh,1.0,a_only,bibliography
ssh,1.0,a_only,team
ssh,1.0,a_only,developing
ssh,1.0,a_only,defendant
ssh,1.0,a_only,houston
ssh,0.09215017064846416,b_only,shut
ssh,0.5311004784688995,shared,older
ssh,0.675392670157068,shared,jeff
ssh,1.0,a_only,automobile
ssh,0.7679558011049724,shared,retirement
ssh,1.0,a_only,pre
ssh,0.6410256410256411,shared,plot
ssh,0.6666666666666666,shared,suicide
ssh,0.07744107744107744,b_only,sweetly
ssh,1.0,a_only,achilles
ssh,0.6842105263157895,shared,fed
ssh,1.0,a_only,humanitarian
ssh,1.0,a_only,package
ssh,1.0,a_only,magazine
ssh,0.2698412698412698,shared,kept
ssh,1.0,a_only,subset
ssh,1.0,a_only,generalized
ssh,0.0847457627118644,b_only,smoked
ssh,1.0,a_only,historical
ssh,0.415929203539823,shared,sleeping
ssh,1.0,a_only,nazis
ssh,1.0,a_only,crusade
ssh,0.3008130081300813,shared,coming
ssh,0.40350877192982454,shared,impression
ssh,0.46788990825688076,shared,fellows
ssh,0.6842105263157895,shared,flag
ssh,0.5841584158415841,shared,solved
ssh,1.0,a_only,stan
ssh,0.08843537414965986,b_only,parsonage
ssh,1.0,a_only,multiple
ssh,0.7204301075268817,shared,deemed
ssh,0.7297297297297297,shared,appearances
ssh,0.11498257839721254,b_only,sawed
ssh,0.07023411371237458,b_only,heels
ssh,1.0,a_only,poirot
ssh,0.44144144144144143,shared,chosen
ssh,1.0,a_only,ales
ssh,0.3617021276595745,shared,actually
ssh,0.2698412698412698,shared,loved
ssh,0.6080402010050251,shared,protection
ssh,0.6,shared,blank
ssh,0.6666666666666666,shared,backwards
ssh,1.0,a_only,friars
ssh,0.8181818181818182,shared,greatness
ssh,0.415929203539823,shared,tie
ssh,0.2648221343873518,shared,your
ssh,0.8181818181818182,shared,gateway
ssh,1.0,a_only,cinema
ssh,1.0,a_only,meteorites
ssh,0.6080402010050251,shared,exhausted
ssh,1.0,a_only,ankh
ssh,0.5238095238095238,shared,bearing
ssh,0.7204301075268817,shared,terrace
ssh,1.0,a_only,iverson
ssh,1.0,a_only,synthetic
ssh,0.7391304347826086,shared,strongest
ssh,1.0,a_only,easter
ssh,1.0,a_only,discworld
ssh,0.08108108108108109,b_only,pie
ssh,1.0,a_only,developmental
ssh,0.7486338797814208,shared,tradition
ssh,0.30612244897959184,shared,ask
ssh,0.6326530612244898,shared,regularly
ssh,1.0,a_only,explosion
ssh,0.7777777777777778,shared,seasons
ssh,1.0,a_only,ranging
ssh,1.0,a_only,rijndael
ssh,1.0,a_only,sq
ssh,0.7021276595744681,shared,poet
ssh,0.7021276595744681,shared,thence
ssh,0.7021276595744681,shared,discouraged
ssh,1.0,a_only,algebras
ssh,1.0,a_only,lm
ssh,0.29554655870445345,shared,forward
ssh,0.5094339622641509,shared,europe
ssh,0.48148148148148145,shared,discovery
ssh,1.0,a_only,al
ssh,1.0,a_only,underlying
ssh,0.8390804597701149,shared,fried
ssh,0.0738255033557047,b_only,exultation
ssh,0.415929203539823,shared,covered
ssh,0.4611872146118721,shared,powers
ssh,1.0,a_only,opposing
ssh,0.7877094972067039,shared,courts
ssh,0.7391304347826086,shared,referring
ssh,1.0,a_only,radio
ssh,0.6080402010050251,shared,sink
ssh,0.7679558011049724,shared,copied
ssh,0.6494845360824743,shared,bonds
ssh,0.24031007751937986,shared,dream
ssh,0.6931216931216931,shared,logical
ssh,1.0,a_only,extend
ssh,0.7391304347826086,shared,obligation
ssh,0.07744107744107744,b_only,fireplace
ssh,0.09965635738831616,b_only,curls
ssh,0.7112299465240641,shared,conception
ssh,0.7486338797814208,shared,praised
ssh,0.3278008298755187,shared,free
ssh,1.0,a_only,binary
ssh,0.7777777777777778,shared,breach
ssh,0.5609756097560976,shared,checked
ssh,1.0,a_only,mosque
ssh,0.08843537414965986,b_only,mast
ssh,1.0,a_only,agnostic
ssh,0.08108108108108109,b_only,collar
ssh,0.3168724279835391,shared,many
ssh,0.0958904109589041,b_only,spectacle
ssh,1.0,a_only,zambia
ssh,0.5023474178403756,shared,hundreds
ssh,0.3617021276595745,shared,anyway
ssh,1.0,a_only,da
ssh,0.6161616161616161,shared,feast
ssh,0.7297297297297297,shared,tonight
ssh,1.0,a_only,circa
ssh,1.0,a_only,unicode
ssh,0.5841584158415841,shared,opposition
ssh,1.0,a_only,identification
ssh,0.45454545454545453,shared,list
ssh,1.0,a_only,byzantine
ssh,0.30612244897959184,shared,learn
ssh,0.46788990825688076,shared,distinct
ssh,1.0,a_only,broadly
ssh,1.0,a_only,status
ssh,0.6,shared,electronic
ssh,0.7204301075268817,shared,discourse
ssh,0.3278008298755187,shared,steps
ssh,1.0,a_only,aids
ssh,0.7486338797814208,shared,disturbing
ssh,0.7777777777777778,shared,satan
ssh,0.6494845360824743,shared,fiction
ssh,1.0,a_only,dominance
ssh,0.5165876777251185,shared,wasted
ssh,0.6080402010050251,shared,esteemed
ssh,1.0,a_only,code
ssh,1.0,a_only,napoleon
ssh,0.10726643598615918,b_only,fishes
ssh,0.0738255033557047,b_only,feverish
ssh,0.350210970464135,shared,news
ssh,1.0,a_only,chinese
ssh,0.6580310880829016,shared,fought
ssh,1.0,a_only,david
ssh,0.5920398009950248,shared,range
ssh,1.0,a_only,abu
ssh,0.4222222222222222,shared,month
ssh,0.6580310880829016,shared,deference
ssh,0.391304347826087,shared,dangerous
ssh,0.5458937198067633,shared,wishing
ssh,0.4349775784753363,shared,naturally
ssh,1.0,a_only,haliotis
ssh,0.5686274509803921,shared,relate
ssh,1.0,a_only,pamphlet
ssh,0.5165876777251185,shared,furniture
ssh,1.0,a_only,sqq
ssh,0.3008130081300813,shared,sun
ssh,0.3559322033898305,shared,least
ssh,0.2749003984063745,shared,my
ssh,1.0,a_only,variations
ssh,1.0,a_only,aaron
ssh,1.0,a_only,princes
ssh,0.4883720930232558,shared,tossed
ssh,0.285140562248996,shared,done
ssh,0.46788990825688076,shared,brandy
ssh,1.0,a_only,halogens
ssh,0.0958904109589041,b_only,whack
ssh,0.3852813852813853,shared,spite
ssh,0.08108108108108109,b_only,earnestly
ssh,1.0,a_only,chiefs
ssh,0.25984251968503935,shared,everybody
ssh,0.6326530612244898,shared,defence
ssh,0.09215017064846416,b_only,kitty
ssh,1.0,a_only,nationalism
ssh,0.4883720930232558,shared,refuse
ssh,0.7777777777777778,shared,unite
ssh,0.415929203539823,shared,project
ssh,0.3389121338912134,shared,heaven
ssh,0.4953271028037383,shared,prince
ssh,1.0,a_only,councils
ssh,1.0,a_only,norte
ssh,1.0,a_only,publishing
ssh,0.6666666666666666,shared,owed
ssh,0.40350877192982454,shared,niggers
ssh,0.5920398009950248,shared,student
ssh,0.09215017064846416,b_only,shoemaker
ssh,1.0,a_only,technological
ssh,0.0847457627118644,b_only,curly
ssh,1.0,a_only,hera
ssh,0.2549019607843137,shared,hold
ssh,1.0,a_only,quotes
ssh,0.807909604519774,shared,fathers
ssh,0.07744107744107744,b_only,gaze
ssh,0.5609756097560976,shared,inhabitants
ssh,1.0,a_only,salts
ssh,0.285140562248996,shared,satisfied
ssh,0.0958904109589041,b_only,tranquil
ssh,0.7679558011049724,shared,corrupt
ssh,1.0,a_only,intermediate
ssh,0.5609756097560976,shared,supply
ssh,1.0,a_only,torsion
ssh,0.6080402010050251,shared,deliberately
ssh,0.7112299465240641,shared,confident
ssh,0.7204301075268817,shared,moves
ssh,1.0,a_only,assuming
ssh,0.10344827586206896,b_only,ours
ssh,0.40350877192982454,shared,blind
ssh,0.059602649006622516,b_only,sledge
ssh,0.7777777777777778,shared,treason
ssh,0.48148148148148145,shared,harper
ssh,0.3389121338912134,shared,affection
ssh,0.6410256410256411,shared,economy
ssh,0.3617021276595745,shared,mile
ssh,0.7112299465240641,shared,washington
ssh,0.45454545454545453,shared,delicacy
ssh,0.46788990825688076,shared,blessed
ssh,1.0,a_only,proteins
ssh,0.675392670157068,shared,fortunes
ssh,0.1111111111111111,b_only,budge
ssh,0.2549019607843137,shared,later
ssh,0.47465437788018433,shared,escaped
ssh,0.48148148148148145,shared,butter
ssh,1.0,a_only,documents
ssh,0.45454545454545453,shared,fields
ssh,0.06312292358803986,b_only,turtle
ssh,0.6494845360824743,shared,deserts
ssh,1.0,a_only,manhattan
ssh,0.09965635738831616,b_only,doom
ssh,0.06312292358803986,b_only,repose
ssh,0.6580310880829016,shared,heel
ssh,0.47465437788018433,shared,u
ssh,0.07023411371237458,b_only,sigh
ssh,0.2903225806451613,shared,are
ssh,1.0,a_only,z
ssh,0.11498257839721254,b_only,curtains
ssh,0.09215017064846416,b_only,huckleberry
ssh,0.42857142857142855,shared,angel
ssh,1.0,a_only,nominated
ssh,1.0,a_only,herbert
ssh,0.5458937198067633,shared,tickets
ssh,1.0,a_only,carroll
ssh,0.5920398009950248,shared,noted
ssh,0.7112299465240641,shared,totally
ssh,1.0,a_only,ankara
ssh,0.5841584158415841,shared,positively
ssh,0.4953271028037383,shared,meantime
ssh,0.5841584158415841,shared,allusion
ssh,0.7112299465240641,shared,heated
ssh,0.3168724279835391,shared,think
ssh,1.0,a_only,antisemitism
ssh,0.3278008298755187,shared,means
ssh,0.350210970464135,shared,luck
ssh,0.10726643598615918,b_only,5
ssh,0.7679558011049724,shared,abruptly
ssh,0.5686274509803921,shared,eastern
ssh,1.0,a_only,integral
ssh,0.391304347826087,shared,lifted
ssh,0.0958904109589041,b_only,transylvania
ssh,1.0,a_only,vogt
ssh,0.6666666666666666,shared,messages
ssh,0.5686274509803921,shared,reaching
ssh,1.0,a_only,galt
ssh,0.1111111111111111,b_only,unjust
ssh,0.6410256410256411,shared,nail
ssh,0.797752808988764,shared,lizard
ssh,0.4349775784753363,shared,greatly
ssh,0.36752136752136755,shared,stepped
ssh,1.0,a_only,tropical
ssh,0.5094339622641509,shared,gesture
ssh,0.5686274509803921,shared,fitted
ssh,0.7112299465240641,shared,verse
ssh,0.7486338797814208,shared,genuine
ssh,1.0,a_only,enigma
ssh,0.10726643598615918,b_only,memorandum
ssh,0.3168724279835391,shared,broken
ssh,0.285140562248996,shared,telling
ssh,0.4883720930232558,shared,supported
ssh,0.415929203539823,shared,dressing
ssh,0.3278008298755187,shared,opinion
ssh,1.0,a_only,interaction
ssh,0.797752808988764,shared,concentration
ssh,0.09965635738831616,b_only,disturb
ssh,0.807909604519774,shared,pilot
ssh,1.0,a_only,signing
ssh,0.675392670157068,shared,waist
ssh,0.6161616161616161,shared,generosity
ssh,0.7679558011049724,shared,varied
ssh,0.5609756097560976,shared,shy
ssh,1.0,a_only,ransom
ssh,1.0,a_only,kenneth
ssh,0.6080402010050251,shared,render
ssh,1.0,a_only,rainfall
ssh,0.40350877192982454,shared,express
ssh,1.0,a_only,amateurs
ssh,0.06666666666666667,b_only,wot
ssh,0.4222222222222222,shared,silver
ssh,0.5841584158415841,shared,v
ssh,0.6580310880829016,shared,county
ssh,0.7486338797814208,shared,apt
ssh,0.6161616161616161,shared,mont
ssh,1.0,a_only,ak
ssh,0.5763546798029556,shared,data
ssh,0.797752808988764,shared,westward
ssh,1.0,a_only,zionism
ssh,0.3389121338912134,shared,arms
ssh,1.0,a_only,compounds
ssh,0.415929203539823,shared,chief
ssh,0.7112299465240641,shared,dramatic
ssh,0.5023474178403756,shared,severe
ssh,1.0,a_only,samoa
ssh,0.40350877192982454,shared,troubles
ssh,0.11888111888111888,b_only,shouting
ssh,0.3008130081300813,shared,should
ssh,1.0,a_only,substances
ssh,1.0,a_only,comprise
ssh,1.0,a_only,belgium
ssh,0.2698412698412698,shared,miss
ssh,1.0,a_only,agrippina
ssh,1.0,a_only,dakota
ssh,1.0,a_only,television
ssh,0.7297297297297297,shared,isolated
ssh,0.0847457627118644,b_only,amused
ssh,0.6580310880829016,shared,discuss
ssh,1.0,a_only,pianist
ssh,1.0,a_only,decreased
ssh,0.7486338797814208,shared,amazing
ssh,0.6326530612244898,shared,mental
ssh,0.11498257839721254,b_only,afforded
ssh,0.350210970464135,shared,alas
ssh,0.0847457627118644,b_only,paw
ssh,0.3114754098360656,shared,during
ssh,0.08843537414965986,b_only,vile
ssh,0.8181818181818182,shared,vincent
ssh,0.2648221343873518,shared,pleasure
ssh,1.0,a_only,politicians
ssh,0.7297297297297297,shared,york
ssh,0.0847457627118644,b_only,cheerful
ssh,0.4953271028037383,shared,slide
ssh,0.6580310880829016,shared,experiences
ssh,1.0,a_only,disastrous
ssh,0.675392670157068,shared,text
ssh,0.3278008298755187,shared,wasn
ssh,0.5094339622641509,shared,seldom
ssh,0.0958904109589041,b_only,affections
ssh,1.0,a_only,linebacker
ssh,0.5384615384615384,shared,hoping
ssh,0.675392670157068,shared,robert
ssh,0.8390804597701149,shared,loop
ssh,1.0,a_only,phrases
ssh,0.6410256410256411,shared,rational
ssh,1.0,a_only,aq
ssh,1.0,a_only,dinosaur
ssh,0.5023474178403756,shared,china
ssh,1.0,a_only,hydrochloric
ssh,1.0,a_only,odysseus
ssh,1.0,a_only,renowned
ssh,1.0,a_only,rivals
ssh,0.30612244897959184,shared,form
ssh,0.7391304347826086,shared,rocky
ssh,0.7877094972067039,shared,preface
ssh,1.0,a_only,performing
ssh,0.08108108108108109,b_only,keeper
ssh,1.0,a_only,defining
ssh,0.7486338797814208,shared,worlds
ssh,1.0,a_only,inter
ssh,0.6080402010050251,shared,positive
ssh,1.0,a_only,abortions
ssh,0.07023411371237458,b_only,ardour
ssh,1.0,a_only,operated
ssh,0.30612244897959184,shared,mind
ssh,0.5165876777251185,shared,apple
ssh,0.0738255033557047,b_only,sunk
ssh,0.32231404958677684,shared,nature
ssh,0.1111111111111111,b_only,saddle
ssh,1.0,a_only,founder
ssh,1.0,a_only,denoted
ssh,0.4479638009049774,shared,example
ssh,1.0,a_only,scripts
ssh,1.0,a_only,jan
ssh,0.45454545454545453,shared,statement
ssh,0.7112299465240641,shared,cows
ssh,0.28,shared,next
ssh,0.40969162995594716,shared,size
ssh,1.0,a_only,astrological
ssh,1.0,a_only,correctly
ssh,1.0,a_only,turks
ssh,1.0,a_only,benedict
ssh,0.11498257839721254,b_only,intolerable
ssh,0.36752136752136755,shared,shadows
ssh,1.0,a_only,palmer
ssh,1.0,a_only,defenses
ssh,0.5238095238095238,shared,praise
ssh,1.0,a_only,nicholas
ssh,1.0,a_only,alligator
ssh,1.0,a_only,transformations
ssh,0.4953271028037383,shared,nation
ssh,1.0,a_only,carbon
ssh,0.245136186770428,shared,is
ssh,1.0,a_only,riots
ssh,0.06666666666666667,b_only,surmise
ssh,1.0,a_only,andy
ssh,0.5841584158415841,shared,definite
ssh,0.3278008298755187,shared,entered
ssh,0.09215017064846416,b_only,charm
ssh,1.0,a_only,terminated
ssh,0.46788990825688076,shared,fun
ssh,0.05263157894736842,b_only,peering
ssh,0.7021276595744681,shared,depth
ssh,1.0,a_only,ampere
ssh,0.675392670157068,shared,partially
ssh,0.7679558011049724,shared,preaching
ssh,1.0,a_only,carthage
ssh,1.0,a_only,vocals
ssh,1.0,a_only,denotes
ssh,0.3333333333333333,shared,anything
ssh,0.415929203539823,shared,helped
ssh,0.7679558011049724,shared,imprisoned
ssh,0.3168724279835391,shared,hope
ssh,0.44144144144144143,shared,baker
ssh,0.4611872146118721,shared,inquiry
ssh,1.0,a_only,frac
ssh,1.0,a_only,namely
ssh,0.06666666666666667,b_only,whispering
ssh,0.23552123552123552,shared,fair
ssh,1.0,a_only,analog
ssh,0.6326530612244898,shared,bloody
ssh,0.4479638009049774,shared,shoes
ssh,1.0,a_only,construct
ssh,0.2749003984063745,shared,boys
ssh,0.3445378151260504,shared,whenever
ssh,0.7021276595744681,shared,los
ssh,1.0,a_only,neutrons
ssh,0.08108108108108109,b_only,plank
ssh,0.4479638009049774,shared,dawn
ssh,0.5384615384615384,shared,distinctly
ssh,1.0,a_only,apatosaurus
ssh,1.0,a_only,residents
ssh,1.0,a_only,francisco
ssh,0.8390804597701149,shared,exercised
ssh,0.08843537414965986,b_only,humpty
ssh,0.285140562248996,shared,really
ssh,0.7486338797814208,shared,anne
ssh,1.0,a_only,facility
ssh,0.391304347826087,shared,shake
ssh,0.46788990825688076,shared,shows
ssh,0.4222222222222222,shared,gets
ssh,1.0,a_only,leo
ssh,1.0,a_only,aqueous
ssh,1.0,a_only,ban
ssh,1.0,a_only,denmark
ssh,1.0,a_only,proton
ssh,1.0,a_only,converted
ssh,1.0,a_only,societies
ssh,0.6494845360824743,shared,grab
ssh,0.0958904109589041,b_only,crimson
ssh,1.0,a_only,separately
ssh,1.0,a_only,coverage
ssh,1.0,a_only,edwin
ssh,0.797752808988764,shared,horns
ssh,0.5165876777251185,shared,lots
ssh,0.0847457627118644,b_only,paused
ssh,1.0,a_only,production
ssh,1.0,a_only,bands
ssh,0.32231404958677684,shared,mean
ssh,1.0,a_only,lipsius
ssh,1.0,a_only,shots
ssh,0.797752808988764,shared,inherited
ssh,0.6842105263157895,shared,finest
ssh,0.2749003984063745,shared,wanted
ssh,0.7112299465240641,shared,observer
ssh,0.0738255033557047,b_only,begged
ssh,0.4953271028037383,shared,apparently
ssh,0.3333333333333333,shared,had
ssh,1.0,a_only,deity
ssh,0.6842105263157895,shared,improvement
ssh,0.2648221343873518,shared,surprised
ssh,0.6931216931216931,shared,betrayed
ssh,1.0,a_only,amateur
ssh,1.0,a_only,pago
ssh,0.3389121338912134,shared,unhappy
ssh,0.39737991266375544,shared,suffer
ssh,0.37339055793991416,shared,reading
ssh,0.1111111111111111,b_only,faculties
ssh,0.11498257839721254,b_only,washing
ssh,1.0,a_only,judicial
ssh,1.0,a_only,trapped
ssh,0.7391304347826086,shared,fidelity
ssh,0.25,shared,i
ssh,1.0,a_only,albatross
ssh,0.3114754098360656,shared,excellent
ssh,1.0,a_only,electricity
ssh,1.0,a_only,santos
ssh,1.0,a_only,cabinda
ssh,0.2903225806451613,shared,voice
ssh,0.7297297297297297,shared,strikes
ssh,1.0,a_only,keyboards
ssh,1.0,a_only,revolutionaries
ssh,0.7582417582417582,shared,tips
ssh,0.29554655870445345,shared,companion
ssh,0.2903225806451613,shared,moment
ssh,0.3168724279835391,shared,course
ssh,1.0,a_only,progression
ssh,0.0958904109589041,b_only,18
ssh,0.4953271028037383,shared,remaining
ssh,0.08843537414965986,b_only,deceive
ssh,0.5763546798029556,shared,margaret
ssh,0.08843537414965986,b_only,remind
ssh,1.0,a_only,refugees
ssh,1.0,a_only,ski
ssh,0.3389121338912134,shared,reached
ssh,1.0,a_only,weekly
ssh,1.0,a_only,capability
ssh,0.07023411371237458,b_only,raging
ssh,0.3445378151260504,shared,somewhere
ssh,1.0,a_only,princess
ssh,1.0,a_only,establishes
ssh,0.28,shared,joy
ssh,1.0,a_only,via
ssh,0.3559322033898305,shared,interested
ssh,0.6243654822335025,shared,shorthand
ssh,0.5686274509803921,shared,nest
ssh,0.5384615384615384,shared,composed
ssh,1.0,a_only,poll
ssh,1.0,a_only,ch
ssh,1.0,a_only,brazilian
ssh,0.0958904109589041,b_only,alteration
ssh,0.5609756097560976,shared,independent
ssh,1.0,a_only,educational
ssh,1.0,a_only,graham
ssh,0.09215017064846416,b_only,loveliness
ssh,1.0,a_only,helen
ssh,0.6494845360824743,shared,confessed
ssh,0.056105610561056105,b_only,brighter
ssh,0.06666666666666667,b_only,poured
ssh,0.7777777777777778,shared,consequent
ssh,0.7391304347826086,shared,manifested
ssh,1.0,a_only,armenian
ssh,0.6326530612244898,shared,lasted
ssh,1.0,a_only,electrons
ssh,1.0,a_only,lawsuit
ssh,0.5686274509803921,shared,entry
ssh,1.0,a_only,hip
ssh,0.0738255033557047,b_only,doomed
ssh,0.3389121338912134,shared,living
ssh,1.0,a_only,propagation
ssh,0.6161616161616161,shared,charged
ssh,1.0,a_only,influential
ssh,0.5920398009950248,shared,hank
ssh,1.0,a_only,harris
ssh,0.3389121338912134,shared,promise
ssh,1.0,a_only,adoption
ssh,0.4479638009049774,shared,retired
ssh,0.6580310880829016,shared,crab
ssh,0.25,shared,little
ssh,1.0,a_only,corresponds
ssh,0.05263157894736842,b_only,hers
ssh,0.42857142857142855,shared,forty
ssh,1.0,a_only,starred
ssh,1.0,a_only,israeli
ssh,0.07744107744107744,b_only,blessing
ssh,0.6931216931216931,shared,adrian
ssh,1.0,a_only,nuclear
ssh,0.28,shared,ought
ssh,0.3852813852813853,shared,occupied
ssh,0.42857142857142855,shared,shore
ssh,0.44144144144144143,shared,conclusion
ssh,1.0,a_only,advocates
ssh,1.0,a_only,zealand
ssh,1.0,a_only,specialized
ssh,0.09965635738831616,b_only,relapse
ssh,1.0,a_only,allah
ssh,0.40969162995594716,shared,pirate
ssh,0.10344827586206896,b_only,glare
ssh,1.0,a_only,peninsula
ssh,0.5458937198067633,shared,yield
ssh,0.3559322033898305,shared,charge
ssh,0.5023474178403756,shared,absurd
ssh,0.3278008298755187,shared,tired
ssh,1.0,a_only,montana
ssh,1.0,a_only,businessman
ssh,0.09215017064846416,b_only,sealed
ssh,0.6931216931216931,shared,widely
ssh,0.391304347826087,shared,france
ssh,1.0,a_only,liver
ssh,0.45454545454545453,shared,gutenberg
ssh,0.40350877192982454,shared,forgotten
ssh,1.0,a_only,output
ssh,1.0,a_only,traveled
ssh,0.5384615384615384,shared,subtle
ssh,0.08843537414965986,b_only,panting
ssh,0.10344827586206896,b_only,cottagers
ssh,1.0,a_only,paintings
ssh,0.6580310880829016,shared,alliance
ssh,0.7204301075268817,shared,junior
ssh,1.0,a_only,libel
ssh,1.0,a_only,omotic
ssh,0.6243654822335025,shared,shared
ssh,0.07744107744107744,b_only,ornery
ssh,0.0958904109589041,b_only,17
ssh,1.0,a_only,amplitude
ssh,0.28,shared,broke
ssh,0.4883720930232558,shared,crocodile
ssh,0.44144144144144143,shared,finn
ssh,1.0,a_only,arnold
ssh,0.06666666666666667,b_only,madam
ssh,1.0,a_only,rejects
ssh,0.675392670157068,shared,behave
ssh,0.44144144144144143,shared,building
ssh,1.0,a_only,presumably
ssh,0.3114754098360656,shared,across
ssh,1.0,a_only,myth
ssh,1.0,a_only,surrendered
ssh,0.5686274509803921,shared,attending
ssh,0.5841584158415841,shared,stated
ssh,1.0,a_only,benjamin
ssh,1.0,a_only,evaluation
ssh,1.0,a_only,odyssey
ssh,0.5165876777251185,shared,row
ssh,0.5311004784688995,shared,sinking
ssh,0.5384615384615384,shared,ugly
ssh,0.3389121338912134,shared,houses
ssh,1.0,a_only,ft
ssh,1.0,a_only,presidency
ssh,0.6580310880829016,shared,push
ssh,1.0,a_only,col
ssh,0.3168724279835391,shared,rather
ssh,1.0,a_only,losses
ssh,1.0,a_only,province
ssh,0.10344827586206896,b_only,wondered
ssh,1.0,a_only,eukaryotes
ssh,0.4349775784753363,shared,chose
ssh,0.5920398009950248,shared,egg
ssh,1.0,a_only,increases
ssh,0.5238095238095238,shared,attracted
ssh,0.6161616161616161,shared,unexpected
ssh,0.6161616161616161,shared,meets
ssh,0.3278008298755187,shared,begun
ssh,0.6326530612244898,shared,probability
ssh,1.0,a_only,genesis
ssh,0.7679558011049724,shared,perished
ssh,0.415929203539823,shared,voices
ssh,0.06312292358803986,b_only,bennet
ssh,0.5609756097560976,shared,thoroughly
ssh,1.0,a_only,charts
ssh,0.2749003984063745,shared,fellow
ssh,1.0,a_only,speculative
ssh,1.0,a_only,cambrian
ssh,0.06312292358803986,b_only,staircase
ssh,1.0,a_only,democracy
ssh,1.0,a_only,caesar
ssh,1.0,a_only,guy
ssh,0.7582417582417582,shared,congregation
ssh,0.7021276595744681,shared,periods
ssh,0.2903225806451613,shared,away
ssh,1.0,a_only,industrial
ssh,0.11498257839721254,b_only,abreast
ssh,0.7112299465240641,shared,maker
ssh,0.48148148148148145,shared,observation
ssh,0.10344827586206896,b_only,thoughtful
ssh,1.0,a_only,correction
ssh,1.0,a_only,gothic
ssh,0.2698412698412698,shared,everything
ssh,0.350210970464135,shared,into
ssh,1.0,a_only,abacus
ssh,0.6080402010050251,shared,oath
ssh,0.1387900355871886,b_only,pausing
ssh,0.5238095238095238,shared,landed
ssh,0.7112299465240641,shared,adam
ssh,0.7204301075268817,shared,wrath
ssh,1.0,a_only,gender
ssh,1.0,a_only,procedures
ssh,0.09215017064846416,b_only,endeavours
ssh,1.0,a_only,ernst
ssh,0.5841584158415841,shared,comrade
ssh,1.0,a_only,casualties
ssh,1.0,a_only,lincoln
ssh,0.7777777777777778,shared,encyclop
ssh,1.0,a_only,mosaic
ssh,0.7486338797814208,shared,nt
ssh,0.797752808988764,shared,precise
ssh,0.6080402010050251,shared,blowing
ssh,0.5458937198067633,shared,impressed
ssh,1.0,a_only,plastic
ssh,0.07744107744107744,b_only,wickham
ssh,1.0,a_only,nelson
ssh,0.7021276595744681,shared,resolve
ssh,0.2749003984063745,shared,only
ssh,1.0,a_only,oxidation
ssh,0.3389121338912134,shared,bell
ssh,0.42857142857142855,shared,affair
ssh,0.3168724279835391,shared,discovered
ssh,0.3008130081300813,shared,took
ssh,1.0,a_only,mountainous
ssh,0.0738255033557047,b_only,quitted
ssh,0.797752808988764,shared,gradual
ssh,1.0,a_only,autism
ssh,0.7204301075268817,shared,obviously
ssh,0.056105610561056105,b_only,lawn
ssh,0.47465437788018433,shared,july
ssh,1.0,a_only,expelled
ssh,1.0,a_only,regulations
ssh,0.3852813852813853,shared,song
ssh,1.0,a_only,vowels
ssh,1.0,a_only,domitius
ssh,0.40969162995594716,shared,judgment
ssh,0.05263157894736842,b_only,honoured
ssh,1.0,a_only,assassination
ssh,0.11498257839721254,b_only,paddled
ssh,1.0,a_only,executive
ssh,0.11888111888111888,b_only,frost
ssh,0.5311004784688995,shared,local
ssh,0.2749003984063745,shared,says
ssh,1.0,a_only,rice
ssh,0.5094339622641509,shared,hopeless
ssh,1.0,a_only,catalan
ssh,0.5023474178403756,shared,nearest
ssh,1.0,a_only,lebanon
ssh,0.5920398009950248,shared,combination
ssh,0.3114754098360656,shared,act
ssh,0.7391304347826086,shared,eighteenth
ssh,0.2749003984063745,shared,tears
ssh,0.40350877192982454,shared,cleared
ssh,0.1111111111111111,b_only,grandeur
ssh,0.08843537414965986,b_only,shove
ssh,1.0,a_only,nevada
ssh,1.0,a_only,municipality
ssh,0.6326530612244898,shared,smallest
ssh,0.7582417582417582,shared,imperfect
ssh,0.07744107744107744,b_only,fetch
ssh,0.4349775784753363,shared,relief
ssh,1.0,a_only,flowering
ssh,0.37339055793991416,shared,enemy
ssh,1.0,a_only,korzybski
ssh,0.5238095238095238,shared,impulse
ssh,0.3333333333333333,shared,changed
ssh,0.3114754098360656,shared,absolutely
ssh,0.5920398009950248,shared,crew
ssh,0.675392670157068,shared,auction
ssh,1.0,a_only,acupuncture
ssh,0.08108108108108109,b_only,anyhow
ssh,1.0,a_only,predominantly
ssh,0.5609756097560976,shared,learning
ssh,0.7679558011049724,shared,fold
ssh,0.6580310880829016,shared,sprung
ssh,0.7112299465240641,shared,images
ssh,0.7777777777777778,shared,partners
ssh,1.0,a_only,akkad
ssh,0.40969162995594716,shared,removed
ssh,0.06666666666666667,b_only,englishman
ssh,0.5384615384615384,shared,amusement
ssh,0.1111111111111111,b_only,cautiously
ssh,0.5686274509803921,shared,tremendous
ssh,1.0,a_only,neolithic
ssh,1.0,a_only,verb
ssh,0.08843537414965986,b_only,smile
ssh,1.0,a_only,apollo
ssh,0.09965635738831616,b_only,flattered
ssh,1.0,a_only,confederation
ssh,0.5023474178403756,shared,serve
ssh,0.3333333333333333,shared,no
ssh,1.0,a_only,paperback
ssh,0.4349775784753363,shared,exceedingly
ssh,0.32231404958677684,shared,sent
ssh,0.3559322033898305,shared,giving
ssh,0.391304347826087,shared,rough
ssh,0.07744107744107744,b_only,sombre
ssh,1.0,a_only,conflicts
ssh,0.5023474178403756,shared,grass
ssh,0.4349775784753363,shared,pretend
ssh,0.0847457627118644,b_only,daresay
ssh,1.0,a_only,monarchy
ssh,1.0,a_only,iowa
ssh,1.0,a_only,abbreviation
ssh,1.0,a_only,delaware
ssh,0.5023474178403756,shared,treat
ssh,1.0,a_only,broadcasting
ssh,0.7391304347826086,shared,block
ssh,1.0,a_only,sexual
ssh,0.6842105263157895,shared,carved
ssh,1.0,a_only,amines
ssh,0.09215017064846416,b_only,upstairs
ssh,1.0,a_only,restrictions
ssh,0.5763546798029556,shared,consequences
ssh,1.0,a_only,competing
ssh,0.48148148148148145,shared,declared
ssh,0.3278008298755187,shared,tea
ssh,1.0,a_only,hydroxyl
ssh,1.0,a_only,premiers
ssh,0.7877094972067039,shared,expensive
ssh,0.7391304347826086,shared,grandson
ssh,1.0,a_only,strategic
ssh,0.5920398009950248,shared,enabled
ssh,0.7877094972067039,shared,boundary
ssh,1.0,a_only,govern
ssh,1.0,a_only,holocaust
ssh,0.07744107744107744,b_only,swore
ssh,0.1111111111111111,b_only,wonders
ssh,0.37339055793991416,shared,gently
ssh,0.45454545454545453,shared,vague
ssh,1.0,a_only,models
ssh,0.7582417582417582,shared,edward
ssh,0.3445378151260504,shared,sick
ssh,0.4349775784753363,shared,wound
ssh,0.30612244897959184,shared,under
ssh,0.391304347826087,shared,forms
ssh,0.44144144144144143,shared,winter
ssh,0.09215017064846416,b_only,rejoined
ssh,0.8285714285714286,shared,alert
ssh,1.0,a_only,origins
ssh,0.36752136752136755,shared,slightly
ssh,0.6,shared,pattern
ssh,0.7297297297297297,shared,version
ssh,0.30612244897959184,shared,caught
ssh,0.6161616161616161,shared,anchor
ssh,0.0958904109589041,b_only,inquired
ssh,1.0,a_only,audi
ssh,1.0,a_only,plato
ssh,1.0,a_only,intel
ssh,0.6931216931216931,shared,rogers
ssh,0.40350877192982454,shared,stuff
ssh,0.10344827586206896,b_only,drowned
ssh,0.7486338797814208,shared,prospects
ssh,1.0,a_only,sch
ssh,0.5311004784688995,shared,regarding
ssh,1.0,a_only,collective
ssh,0.42857142857142855,shared,design
ssh,1.0,a_only,organism
ssh,1.0,a_only,bangladesh
ssh,0.45454545454545453,shared,field
ssh,1.0,a_only,homepage
ssh,0.0738255033557047,b_only,dine
ssh,0.45454545454545453,shared,larger
ssh,1.0,a_only,supplies
ssh,0.5533980582524272,shared,sensation
ssh,0.6842105263157895,shared,protest
ssh,0.45454545454545453,shared,intention
ssh,0.8181818181818182,shared,accumulated
ssh,0.7297297297297297,shared,varying
ssh,0.8285714285714286,shared,knights
ssh,0.675392670157068,shared,mainland
ssh,1.0,a_only,behavioral
ssh,1.0,a_only,carboxylic
ssh,1.0,a_only,afro
ssh,0.7297297297297297,shared,cylinder
ssh,0.5458937198067633,shared,studied
ssh,0.7204301075268817,shared,uncertainty
ssh,1.0,a_only,animistic
ssh,1.0,a_only,cities
ssh,1.0,a_only,byron
ssh,0.5094339622641509,shared,native
ssh,1.0,a_only,malaysia
ssh,0.6161616161616161,shared,limited
ssh,0.3793103448275862,shared,between
ssh,0.3389121338912134,shared,lord
ssh,0.46788990825688076,shared,report
ssh,0.3114754098360656,shared,occasion
ssh,1.0,a_only,entropy
ssh,0.3559322033898305,shared,die
ssh,1.0,a_only,australians
ssh,0.4883720930232558,shared,custom
ssh,0.09965635738831616,b_only,calmly
ssh,0.0958904109589041,b_only,congratulations
ssh,0.3168724279835391,shared,remembered
ssh,1.0,a_only,economies
ssh,0.8181818181818182,shared,rendering
ssh,0.3617021276595745,shared,barred
ssh,0.285140562248996,shared,minutes
ssh,0.6243654822335025,shared,spiritual
ssh,0.5686274509803921,shared,youngest
ssh,1.0,a_only,asl
ssh,0.7112299465240641,shared,limits
ssh,1.0,a_only,egyptian
ssh,1.0,a_only,prototype
ssh,0.6580310880829016,shared,unchanged
ssh,0.07744107744107744,b_only,bowed
ssh,0.285140562248996,shared,fact
ssh,1.0,a_only,neil
ssh,0.6161616161616161,shared,preferred
ssh,1.0,a_only,geometry
ssh,0.28,shared,won
ssh,0.09965635738831616,b_only,gratitude
ssh,1.0,a_only,carrel
ssh,0.7112299465240641,shared,dangers
ssh,0.29554655870445345,shared,part
ssh,0.3008130081300813,shared,up
ssh,0.5609756097560976,shared,altered
ssh,0.6,shared,interfere
ssh,0.6580310880829016,shared,jew
ssh,0.08108108108108109,b_only,couldn
ssh,0.4611872146118721,shared,honey
ssh,0.0738255033557047,b_only,dah
ssh,0.6494845360824743,shared,reasoning
ssh,1.0,a_only,transcontinental
ssh,1.0,a_only,thelema
ssh,0.5094339622641509,shared,shallow
ssh,1.0,a_only,demands
ssh,0.6580310880829016,shared,included
ssh,1.0,a_only,adherents
ssh,0.11498257839721254,b_only,chained
ssh,0.391304347826087,shared,describe
ssh,0.6410256410256411,shared,robin
ssh,0.07023411371237458,b_only,bushes
ssh,0.0847457627118644,b_only,heartily
ssh,0.5094339622641509,shared,farm
ssh,0.7021276595744681,shared,fulfilled
ssh,1.0,a_only,symbolism
ssh,1.0,a_only,laureate
ssh,0.0738255033557047,b_only,ticket
ssh,1.0,a_only,nave
ssh,1.0,a_only,alhazred
ssh,0.40350877192982454,shared,sprang
ssh,0.10344827586206896,b_only,thrill
ssh,0.29554655870445345,shared,jim
ssh,0.7297297297297297,shared,atonement
ssh,0.0847457627118644,b_only,miserable
ssh,1.0,a_only,fuel
ssh,0.3008130081300813,shared,use
ssh,0.3114754098360656,shared,feeling
ssh,0.11888111888111888,b_only,ceiling
ssh,0.5094339622641509,shared,recent
ssh,1.0,a_only,volcanic
ssh,0.0958904109589041,b_only,cigar
ssh,0.42857142857142855,shared,mistaken
ssh,0.4349775784753363,shared,sentence
ssh,0.6931216931216931,shared,selfishness
ssh,0.7679558011049724,shared,acceptance
ssh,1.0,a_only,jacob
ssh,0.45454545454545453,shared,valley
ssh,0.675392670157068,shared,persian
ssh,1.0,a_only,babylon
ssh,1.0,a_only,relationships
ssh,0.5023474178403756,shared,receiving
ssh,1.0,a_only,eichmann
ssh,1.0,a_only,department
ssh,1.0,a_only,negligible
ssh,0.7021276595744681,shared,elephant
ssh,0.09215017064846416,b_only,noticing
ssh,0.5458937198067633,shared,turner
ssh,0.5311004784688995,shared,belong
ssh,0.7204301075268817,shared,capture
ssh,1.0,a_only,criticism
ssh,0.415929203539823,shared,ben
ssh,0.11888111888111888,b_only,fluttered
ssh,0.39737991266375544,shared,dust
ssh,1.0,a_only,argon
ssh,0.6410256410256411,shared,convenient
ssh,0.09965635738831616,b_only,loudly
ssh,1.0,a_only,isbn
ssh,0.40350877192982454,shared,hare
ssh,1.0,a_only,privy
ssh,0.3333333333333333,shared,was
ssh,0.3008130081300813,shared,determined
ssh,0.5311004784688995,shared,prayer
ssh,0.7297297297297297,shared,inspire
ssh,0.675392670157068,shared,decision
ssh,0.8181818181818182,shared,ohio
ssh,0.3852813852813853,shared,pulled
ssh,1.0,a_only,lovelace
ssh,0.09965635738831616,b_only,lighted
ssh,1.0,a_only,prussian
ssh,0.2549019607843137,shared,and
ssh,0.2903225806451613,shared,key
ssh,1.0,a_only,howe
ssh,0.6326530612244898,shared,co
ssh,1.0,a_only,continues
ssh,0.2549019607843137,shared,held
ssh,0.6243654822335025,shared,situated
ssh,0.7297297297297297,shared,warming
ssh,1.0,a_only,alp
ssh,1.0,a_only,immigration
ssh,0.40969162995594716,shared,conscious
ssh,0.07744107744107744,b_only,nuther
ssh,0.807909604519774,shared,index
ssh,0.09215017064846416,b_only,pepper
ssh,0.48148148148148145,shared,e
ssh,1.0,a_only,grains
ssh,0.8181818181818182,shared,acid
ssh,0.09965635738831616,b_only,stir
ssh,0.059602649006622516,b_only,crawled
ssh,0.07744107744107744,b_only,slightest
ssh,1.0,a_only,nile
ssh,0.7582417582417582,shared,bordered
ssh,0.09215017064846416,b_only,witches
ssh,0.6161616161616161,shared,attacked
ssh,1.0,a_only,unofficial
ssh,0.3114754098360656,shared,fall
ssh,0.7391304347826086,shared,depression
ssh,0.5609756097560976,shared,interview
ssh,0.2903225806451613,shared,hour
ssh,0.7112299465240641,shared,strings
ssh,0.09965635738831616,b_only,ling
ssh,0.2749003984063745,shared,all
ssh,0.3852813852813853,shared,worn
ssh,1.0,a_only,nuremberg
ssh,0.40969162995594716,shared,cave
ssh,0.5165876777251185,shared,criminal
ssh,0.2903225806451613,shared,as
ssh,0.807909604519774,shared,hostile
ssh,0.7297297297297297,shared,opportunities
ssh,1.0,a_only,chloroplasts
ssh,1.0,a_only,tourist
ssh,0.2648221343873518,shared,heart
ssh,1.0,a_only,augustine
ssh,0.0847457627118644,b_only,assured
ssh,1.0,a_only,astronaut
ssh,0.40350877192982454,shared,kiss
ssh,0.5311004784688995,shared,assisted
ssh,0.5311004784688995,shared,gimme
ssh,1.0,a_only,connecticut
ssh,0.5311004784688995,shared,ambition
ssh,0.2698412698412698,shared,longer
ssh,0.5686274509803921,shared,admitted
ssh,0.5458937198067633,shared,jack
ssh,0.5311004784688995,shared,contrast
ssh,1.0,a_only,digestive
ssh,1.0,a_only,thompson
ssh,1.0,a_only,tissue
ssh,0.8285714285714286,shared,reject
ssh,0.350210970464135,shared,golden
ssh,0.350210970464135,shared,street
ssh,1.0,a_only,rebuilt
ssh,0.4611872146118721,shared,burning
ssh,1.0,a_only,ratified
ssh,1.0,a_only,ruins
ssh,1.0,a_only,decrease
ssh,0.3793103448275862,shared,devil
ssh,1.0,a_only,celtic
ssh,0.797752808988764,shared,bone
ssh,1.0,a_only,hans
ssh,0.09965635738831616,b_only,tedious
ssh,1.0,a_only,optimal
ssh,0.5023474178403756,shared,tragedy
ssh,0.3852813852813853,shared,weak
ssh,0.7582417582417582,shared,skeleton
ssh,0.2749003984063745,shared,ground
ssh,0.6161616161616161,shared,kingdom
ssh,0.11888111888111888,b_only,jury
ssh,0.6080402010050251,shared,mood
ssh,0.7391304347826086,shared,involving
ssh,0.5763546798029556,shared,seconds
ssh,0.5841584158415841,shared,bestowed
ssh,0.4479638009049774,shared,driving
ssh,0.46788990825688076,shared,occur
ssh,1.0,a_only,reserves
ssh,1.0,a_only,launches
ssh,0.32231404958677684,shared,morning
ssh,0.675392670157068,shared,symptoms
ssh,0.30612244897959184,shared,pass
ssh,1.0,a_only,essays
ssh,0.5686274509803921,shared,christian
ssh,0.3852813852813853,shared,funeral
ssh,0.45454545454545453,shared,temple
ssh,0.5165876777251185,shared,allen
ssh,1.0,a_only,finnish
ssh,1.0,a_only,abydos
ssh,0.0847457627118644,b_only,cane
ssh,0.350210970464135,shared,unless
ssh,0.10726643598615918,b_only,danced
ssh,0.42857142857142855,shared,kin
ssh,0.11498257839721254,b_only,czarina
ssh,0.5841584158415841,shared,articles
ssh,1.0,a_only,reduce
ssh,0.8497109826589595,shared,consuming
ssh,0.3168724279835391,shared,perfectly
ssh,1.0,a_only,resident
ssh,0.08843537414965986,b_only,wisht
ssh,0.6494845360824743,shared,trivial
ssh,1.0,a_only,formulated
ssh,0.7582417582417582,shared,severity
ssh,1.0,a_only,delegates
ssh,0.3333333333333333,shared,nine
ssh,0.6080402010050251,shared,ruined
ssh,0.2749003984063745,shared,meant
ssh,0.7204301075268817,shared,destination
ssh,1.0,a_only,continental
ssh,0.5533980582524272,shared,labour
ssh,1.0,a_only,consonants
ssh,0.0958904109589041,b_only,pirates
ssh,1.0,a_only,infrastructure
ssh,0.415929203539823,shared,thunder
ssh,1.0,a_only,aspirin
ssh,0.06666666666666667,b_only,hosmer
ssh,1.0,a_only,claude
ssh,0.0958904109589041,b_only,dirt
ssh,0.3389121338912134,shared,became
ssh,0.6666666666666666,shared,farmers
ssh,0.7297297297297297,shared,explains
ssh,0.6494845360824743,shared,film
ssh,1.0,a_only,multi
ssh,1.0,a_only,pyramid
ssh,0.5165876777251185,shared,republic
ssh,0.5384615384615384,shared,bonnet
ssh,0.42857142857142855,shared,style
ssh,0.8497109826589595,shared,wheeler
ssh,0.5533980582524272,shared,lawyer
ssh,0.40350877192982454,shared,worst
ssh,1.0,a_only,modified
ssh,0.3559322033898305,shared,growing
ssh,1.0,a_only,renaissance
ssh,0.7582417582417582,shared,converse
ssh,0.5686274509803921,shared,effects
ssh,0.3278008298755187,shared,floor
ssh,1.0,a_only,epidemic
ssh,0.6410256410256411,shared,f
ssh,0.3114754098360656,shared,big
ssh,0.6161616161616161,shared,preserve
ssh,1.0,a_only,frederick
ssh,0.5384615384615384,shared,mainly
ssh,1.0,a_only,arctic
ssh,0.415929203539823,shared,ceased
ssh,0.5238095238095238,shared,illinois
ssh,0.7777777777777778,shared,sam
ssh,0.40350877192982454,shared,sunday
ssh,0.08843537414965986,b_only,rid
ssh,0.10726643598615918,b_only,kinder
ssh,0.675392670157068,shared,seizing
ssh,0.350210970464135,shared,ship
ssh,0.5609756097560976,shared,keen
ssh,0.6080402010050251,shared,heroes
ssh,0.4953271028037383,shared,concluded
ssh,0.08108108108108109,b_only,defarge
ssh,1.0,a_only,abolition
ssh,1.0,a_only,oscar
ssh,1.0,a_only,depending
ssh,0.6494845360824743,shared,cathedral
ssh,0.2903225806451613,shared,believed
ssh,0.7297297297297297,shared,existing
ssh,1.0,a_only,movies
ssh,0.09965635738831616,b_only,chap
ssh,1.0,a_only,socialism
ssh,1.0,a_only,methane
ssh,0.6494845360824743,shared,lone
ssh,0.5458937198067633,shared,accused
ssh,1.0,a_only,netherlands
ssh,0.2749003984063745,shared,jonathan
ssh,0.6666666666666666,shared,affect
ssh,0.4349775784753363,shared,material
ssh,0.3793103448275862,shared,heads
ssh,0.675392670157068,shared,moses
ssh,1.0,a_only,california
ssh,0.07023411371237458,b_only,tellson
ssh,0.6,shared,presents
ssh,0.1267605633802817,b_only,12
ssh,1.0,a_only,apocrypha
ssh,0.5311004784688995,shared,reference
ssh,1.0,a_only,minimum
ssh,0.42857142857142855,shared,tomb
ssh,0.25984251968503935,shared,if
ssh,0.1267605633802817,b_only,ragged
ssh,0.7877094972067039,shared,inheritance
ssh,0.4222222222222222,shared,cabin
ssh,1.0,a_only,benz
ssh,1.0,a_only,sensei
ssh,1.0,a_only,balloons
ssh,0.7877094972067039,shared,frogs
ssh,0.6,shared,mask
ssh,1.0,a_only,usa
ssh,1.0,a_only,develop
ssh,0.5384615384615384,shared,studying
ssh,0.10344827586206896,b_only,pigeon
ssh,1.0,a_only,files
ssh,0.06312292358803986,b_only,arrange
ssh,0.6666666666666666,shared,honourable
ssh,0.3445378151260504,shared,blow
ssh,0.6580310880829016,shared,routine
ssh,1.0,a_only,metro
ssh,1.0,a_only,norwegian
ssh,0.7391304347826086,shared,inspiration
ssh,1.0,a_only,ambrose
ssh,0.10344827586206896,b_only,thither
ssh,1.0,a_only,illegal
ssh,0.056105610561056105,b_only,bully
ssh,0.4479638009049774,shared,reward
ssh,0.7391304347826086,shared,edition
ssh,1.0,a_only,impact
ssh,0.30612244897959184,shared,spoken
ssh,1.0,a_only,publication
ssh,0.07744107744107744,b_only,knitted
ssh,0.0958904109589041,b_only,ingolstadt
ssh,0.47465437788018433,shared,st
ssh,1.0,a_only,charlie
ssh,0.5841584158415841,shared,chocolate
ssh,0.6842105263157895,shared,morals
ssh,1.0,a_only,catholic
ssh,0.7777777777777778,shared,cargo
ssh,0.3793103448275862,shared,running
ssh,0.3114754098360656,shared,streets
ssh,1.0,a_only,issues
ssh,1.0,a_only,ethiopic
ssh,0.5841584158415841,shared,fascinating
ssh,0.7679558011049724,shared,feminine
ssh,1.0,a_only,anchoring
ssh,0.6666666666666666,shared,backs
ssh,0.6410256410256411,shared,drug
ssh,0.4611872146118721,shared,mate
ssh,0.4953271028037383,shared,bark
ssh,0.7391304347826086,shared,beer
ssh,0.07023411371237458,b_only,snowy
ssh,0.6410256410256411,shared,entertainment
ssh,0.2903225806451613,shared,dr
ssh,1.0,a_only,potential
ssh,0.09215017064846416,b_only,szgany
ssh,0.1111111111111111,b_only,thirst
ssh,1.0,a_only,darius
ssh,1.0,a_only,ayn
ssh,1.0,a_only,producer
ssh,0.5165876777251185,shared,fourth
ssh,1.0,a_only,prophet
ssh,0.7391304347826086,shared,flood
ssh,0.5686274509803921,shared,performed
ssh,0.06312292358803986,b_only,cly
ssh,1.0,a_only,vienna
ssh,0.4479638009049774,shared,language
ssh,0.675392670157068,shared,identity
ssh,1.0,a_only,autistics
ssh,1.0,a_only,candidates
ssh,0.5238095238095238,shared,forces
ssh,1.0,a_only,protein
ssh,0.8604651162790697,shared,conducting
ssh,0.7391304347826086,shared,incomplete
ssh,0.08843537414965986,b_only,screaming
ssh,0.4222222222222222,shared,marks
ssh,0.6931216931216931,shared,towers
ssh,1.0,a_only,manual
ssh,0.3168724279835391,shared,several
ssh,0.3168724279835391,shared,cause
ssh,0.5686274509803921,shared,falls
ssh,0.3278008298755187,shared,seems
ssh,1.0,a_only,nitrogen
ssh,0.6326530612244898,shared,flow
ssh,0.2698412698412698,shared,that
ssh,0.6931216931216931,shared,cope
ssh,0.0958904109589041,b_only,civility
ssh,1.0,a_only,aided
ssh,0.350210970464135,shared,mark
ssh,0.7391304347826086,shared,horsemen
ssh,0.4883720930232558,shared,infinite
ssh,1.0,a_only,liberalism
ssh,1.0,a_only,anaximander
ssh,0.3333333333333333,shared,end
ssh,1.0,a_only,ceres
ssh,1.0,a_only,funding
ssh,1.0,a_only,manufacturers
ssh,0.3445378151260504,shared,air
ssh,0.0847457627118644,b_only,rude
ssh,0.391304347826087,shared,tied
ssh,0.8390804597701149,shared,lieutenant
ssh,1.0,a_only,allegedly
ssh,0.4479638009049774,shared,thousands
ssh,1.0,a_only,venice
ssh,1.0,a_only,trojan
ssh,0.4611872146118721,shared,senses
ssh,1.0,a_only,ambrosia
ssh,0.47465437788018433,shared,settle
ssh,1.0,a_only,aquarii
ssh,0.5311004784688995,shared,store
ssh,0.5165876777251185,shared,paint
ssh,0.08108108108108109,b_only,bourgh
ssh,0.4222222222222222,shared,relations
ssh,1.0,a_only,publishers
ssh,0.415929203539823,shared,complete
ssh,0.6842105263157895,shared,territory
ssh,1.0,a_only,internet
ssh,0.675392670157068,shared,stark
ssh,0.40350877192982454,shared,suit
ssh,0.0847457627118644,b_only,wuz
ssh,0.48148148148148145,shared,mercy
ssh,1.0,a_only,progressive
ssh,0.08843537414965986,b_only,happier
ssh,0.36752136752136755,shared,doctor
ssh,0.09215017064846416,b_only,git
ssh,0.40350877192982454,shared,safety
ssh,1.0,a_only,ibm
ssh,0.5238095238095238,shared,consciousness
ssh,0.6666666666666666,shared,members
ssh,0.07744107744107744,b_only,wid
ssh,0.7486338797814208,shared,holt
ssh,0.675392670157068,shared,fewer
ssh,0.285140562248996,shared,there
ssh,0.5533980582524272,shared,winds
ssh,0.8181818181818182,shared,cultivated
ssh,1.0,a_only,strategies
ssh,0.39737991266375544,shared,reach
ssh,0.5686274509803921,shared,trick
ssh,0.797752808988764,shared,modest
ssh,0.7777777777777778,shared,pious
ssh,1.0,a_only,mercury
ssh,0.46788990825688076,shared,felix
ssh,0.08843537414965986,b_only,lookout
ssh,0.8181818181818182,shared,statue
ssh,0.5384615384615384,shared,reasonable
ssh,0.40969162995594716,shared,law
ssh,0.6842105263157895,shared,inch
ssh,0.7391304347826086,shared,cheap
ssh,1.0,a_only,interactions
ssh,0.3333333333333333,shared,thin
ssh,1.0,a_only,mathematician
ssh,1.0,a_only,stalin
ssh,0.10344827586206896,b_only,advise
ssh,0.09965635738831616,b_only,ef
ssh,1.0,a_only,awk
ssh,1.0,a_only,alex
ssh,1.0,a_only,socrates
ssh,0.6666666666666666,shared,coast
ssh,0.2549019607843137,shared,strange
ssh,0.47465437788018433,shared,tongue
ssh,0.25984251968503935,shared,bring
ssh,0.4883720930232558,shared,employed
ssh,1.0,a_only,commentary
ssh,0.5311004784688995,shared,occupation
ssh,1.0,a_only,portions
ssh,0.4349775784753363,shared,stars
ssh,0.3852813852813853,shared,convinced
ssh,1.0,a_only,mhz
ssh,0.6080402010050251,shared,guilt
ssh,0.39737991266375544,shared,precious
ssh,0.09965635738831616,b_only,scent
ssh,0.09965635738831616,b_only,pavement
ssh,0.5533980582524272,shared,rights
ssh,0.7486338797814208,shared,transparent
ssh,0.6931216931216931,shared,cracking
ssh,0.7204301075268817,shared,seats
ssh,1.0,a_only,html
ssh,1.0,a_only,congo
ssh,1.0,a_only,ram
ssh,0.6410256410256411,shared,limit
ssh,0.44144144144144143,shared,lover
ssh,1.0,a_only,communist
ssh,1.0,a_only,variant
ssh,1.0,a_only,reed
ssh,0.6842105263157895,shared,horn
ssh,0.5165876777251185,shared,punishment
ssh,1.0,a_only,antiproton
ssh,0.06312292358803986,b_only,gryphon
ssh,0.10344827586206896,b_only,cigars
ssh,0.0958904109589041,b_only,contented
ssh,0.3852813852813853,shared,disappeared
ssh,0.6161616161616161,shared,frog
ssh,0.28,shared,met
ssh,1.0,a_only,iranian
ssh,1.0,a_only,contains
ssh,0.42857142857142855,shared,swept
ssh,1.0,a_only,miami
ssh,1.0,a_only,cavity
ssh,0.5763546798029556,shared,author
ssh,1.0,a_only,budget
ssh,0.0958904109589041,b_only,citizeness
ssh,0.6326530612244898,shared,rome
ssh,1.0,a_only,songwriter
ssh,0.6326530612244898,shared,folly
ssh,0.30612244897959184,shared,kill
ssh,0.0847457627118644,b_only,hearty
ssh,1.0,a_only,lutheran
ssh,0.4953271028037383,shared,imagined
ssh,1.0,a_only,reversed
ssh,1.0,a_only,parks
ssh,1.0,a_only,hennecke
ssh,1.0,a_only,nobel
ssh,0.6,shared,volume
ssh,1.0,a_only,jerusalem
ssh,0.807909604519774,shared,entries
ssh,0.4883720930232558,shared,victim
ssh,0.42857142857142855,shared,arranged
ssh,1.0,a_only,algeria
ssh,1.0,a_only,mises
ssh,0.6080402010050251,shared,destiny
ssh,0.415929203539823,shared,dying
ssh,1.0,a_only,fiber
ssh,0.3008130081300813,shared,black
ssh,1.0,a_only,circuits
ssh,0.675392670157068,shared,interval
ssh,0.7297297297297297,shared,mice
ssh,0.08843537414965986,b_only,plunged
ssh,0.10344827586206896,b_only,buck
ssh,0.6161616161616161,shared,furnished
ssh,0.0847457627118644,b_only,wonderfully
ssh,0.08108108108108109,b_only,lamps
ssh,0.7391304347826086,shared,survey
ssh,0.10726643598615918,b_only,blows
ssh,0.5238095238095238,shared,valuable
ssh,0.5841584158415841,shared,suspected
ssh,0.7112299465240641,shared,masters
ssh,1.0,a_only,tourism
ssh,0.09215017064846416,b_only,misery
ssh,0.4349775784753363,shared,crossed
ssh,0.6326530612244898,shared,warned
ssh,0.8390804597701149,shared,diseases
ssh,1.0,a_only,rearden
ssh,0.40969162995594716,shared,works
ssh,0.3008130081300813,shared,daughter
ssh,1.0,a_only,alchemists
ssh,1.0,a_only,reformation
ssh,0.39737991266375544,shared,edge
ssh,0.2698412698412698,shared,great
ssh,0.40969162995594716,shared,sought
ssh,0.6931216931216931,shared,barely
ssh,1.0,a_only,advancement
ssh,0.7297297297297297,shared,xxvi
ssh,1.0,a_only,shells
ssh,1.0,a_only,ahmed
ssh,0.6161616161616161,shared,ninety
ssh,0.30612244897959184,shared,strong
ssh,0.3333333333333333,shared,answer
ssh,0.06666666666666667,b_only,insolent
ssh,1.0,a_only,squealer
ssh,1.0,a_only,commissioned
ssh,0.807909604519774,shared,additions
ssh,1.0,a_only,alloy
ssh,0.32231404958677684,shared,courage
ssh,0.7112299465240641,shared,linked
ssh,0.5094339622641509,shared,accordingly
ssh,0.5841584158415841,shared,denial
ssh,0.07744107744107744,b_only,folks
ssh,0.3114754098360656,shared,cross
ssh,1.0,a_only,mike
ssh,0.0847457627118644,b_only,malice
ssh,1.0,a_only,links
ssh,0.44144144144144143,shared,p
ssh,1.0,a_only,archaeology
ssh,1.0,a_only,monastic
ssh,0.6080402010050251,shared,error
ssh,0.4349775784753363,shared,dance
ssh,0.2648221343873518,shared,anxious
ssh,0.7021276595744681,shared,puts
ssh,0.09215017064846416,b_only,entreat
ssh,0.5609756097560976,shared,ancient
ssh,1.0,a_only,armenians
ssh,0.10726643598615918,b_only,ebook
ssh,1.0,a_only,essentially
ssh,0.675392670157068,shared,expanded
ssh,0.7877094972067039,shared,glacier
ssh,1.0,a_only,baldwin
ssh,0.40350877192982454,shared,unable
ssh,0.6494845360824743,shared,palm
ssh,0.07023411371237458,b_only,turk
ssh,0.39737991266375544,shared,recovered
ssh,1.0,a_only,bombing
ssh,0.797752808988764,shared,webster
ssh,1.0,a_only,located
ssh,0.6842105263157895,shared,map
ssh,0.6161616161616161,shared,resist
ssh,1.0,a_only,hrer
ssh,0.3278008298755187,shared,rock
ssh,0.37339055793991416,shared,deeply
ssh,0.7297297297297297,shared,bigger
ssh,0.6326530612244898,shared,oxford
ssh,0.08108108108108109,b_only,sorrows
ssh,1.0,a_only,ambient
ssh,0.6410256410256411,shared,horseback
ssh,0.415929203539823,shared,chamber
ssh,1.0,a_only,levels
ssh,0.5094339622641509,shared,repeat
ssh,1.0,a_only,pregnancy
ssh,0.7877094972067039,shared,strip
ssh,0.5311004784688995,shared,forest
ssh,1.0,a_only,wiki
ssh,0.6,shared,ribbon
ssh,1.0,a_only,translated
ssh,1.0,a_only,bass
ssh,0.2648221343873518,shared,wouldn
ssh,1.0,a_only,rivalry
ssh,0.7391304347826086,shared,accepting
ssh,0.0958904109589041,b_only,breathed
ssh,1.0,a_only,primarily
ssh,0.0738255033557047,b_only,pity
ssh,0.6666666666666666,shared,publicly
ssh,0.5609756097560976,shared,shooting
ssh,1.0,a_only,adobe
ssh,0.09215017064846416,b_only,moonlight
ssh,0.29554655870445345,shared,then
ssh,1.0,a_only,agni
ssh,0.5384615384615384,shared,dislike
ssh,0.5841584158415841,shared,rapid
ssh,0.5841584158415841,shared,renewed
ssh,0.29554655870445345,shared,t
ssh,0.3008130081300813,shared,elizabeth
ssh,1.0,a_only,outline
ssh,0.30612244897959184,shared,sometimes
ssh,0.350210970464135,shared,colonel
ssh,0.5609756097560976,shared,changing
ssh,0.5165876777251185,shared,feather
ssh,0.7877094972067039,shared,resources
ssh,1.0,a_only,aleister
ssh,1.0,a_only,nomination
ssh,0.807909604519774,shared,collapse
ssh,1.0,a_only,nero
ssh,1.0,a_only,distances
ssh,0.7204301075268817,shared,cattle
ssh,0.4883720930232558,shared,wheel
ssh,0.10726643598615918,b_only,whitby
ssh,0.5533980582524272,shared,poverty
ssh,0.6161616161616161,shared,hood
ssh,0.48148148148148145,shared,guide
ssh,1.0,a_only,mechanics
ssh,1.0,a_only,ore
ssh,1.0,a_only,suppression
ssh,1.0,a_only,conventions
ssh,1.0,a_only,dorothy
ssh,0.5384615384615384,shared,arrested
ssh,1.0,a_only,atomic
ssh,1.0,a_only,annexed
ssh,0.5023474178403756,shared,refused
ssh,0.09215017064846416,b_only,anxiously
ssh,0.47465437788018433,shared,united
ssh,0.6326530612244898,shared,countries
ssh,1.0,a_only,atlas
ssh,1.0,a_only,aol
ssh,0.6080402010050251,shared,whispers
ssh,0.1111111111111111,b_only,patience
ssh,0.6326530612244898,shared,medicines
ssh,0.5165876777251185,shared,solomon
ssh,0.3617021276595745,shared,trees
ssh,0.6326530612244898,shared,willow
ssh,1.0,a_only,martin
ssh,0.7777777777777778,shared,void
ssh,0.5763546798029556,shared,sport
ssh,0.6931216931216931,shared,unique
ssh,0.2749003984063745,shared,journey
ssh,0.6,shared,attachment
ssh,1.0,a_only,hardcover
ssh,0.30612244897959184,shared,lose
ssh,1.0,a_only,liberation
ssh,0.7582417582417582,shared,seed
ssh,0.5763546798029556,shared,burden
ssh,1.0,a_only,springfield
ssh,0.4479638009049774,shared,useful
ssh,0.44144144144144143,shared,paying
ssh,1.0,a_only,obtaining
ssh,0.5763546798029556,shared,relation
ssh,1.0,a_only,anchorage
ssh,0.5686274509803921,shared,executed
ssh,0.4222222222222222,shared,ha
ssh,1.0,a_only,commercial
ssh,0.07023411371237458,b_only,traps
ssh,1.0,a_only,creative
ssh,0.48148148148148145,shared,tide
ssh,0.09215017064846416,b_only,glance
ssh,1.0,a_only,regardless
ssh,0.3793103448275862,shared,spot
ssh,1.0,a_only,coasts
ssh,1.0,a_only,meters
ssh,0.675392670157068,shared,believes
ssh,0.797752808988764,shared,manuscript
ssh,1.0,a_only,era
ssh,0.3168724279835391,shared,window
ssh,1.0,a_only,epirus
ssh,0.13074204946996468,b_only,evils
ssh,1.0,a_only,finals
ssh,1.0,a_only,item
ssh,1.0,a_only,operational
ssh,0.2749003984063745,shared,must
ssh,1.0,a_only,florence
ssh,1.0,a_only,psychology
ssh,1.0,a_only,software
ssh,0.6666666666666666,shared,restoration
ssh,1.0,a_only,wimbledon
ssh,1.0,a_only,linebackers
ssh,0.7297297297297297,shared,consul
ssh,0.1267605633802817,b_only,likeness
ssh,0.6243654822335025,shared,requires
ssh,0.8285714285714286,shared,substitute
ssh,0.08108108108108109,b_only,gentleness
ssh,0.3008130081300813,shared,note
ssh,0.2648221343873518,shared,put
ssh,0.5533980582524272,shared,cents
ssh,0.30612244897959184,shared,except
ssh,1.0,a_only,icelandic
ssh,0.5384615384615384,shared,deserted
ssh,1.0,a_only,favored
ssh,0.09965635738831616,b_only,glasses
ssh,1.0,a_only,reducing
ssh,1.0,a_only,gettysburg
ssh,0.6243654822335025,shared,colours
ssh,1.0,a_only,acacia
ssh,1.0,a_only,jurisdictions
ssh,1.0,a_only,receiver
ssh,0.08843537414965986,b_only,stared
ssh,0.7679558011049724,shared,deduction
ssh,0.3559322033898305,shared,attempt
ssh,1.0,a_only,architect
ssh,1.0,a_only,nationality
ssh,1.0,a_only,functionality
ssh,0.6842105263157895,shared,rivers
ssh,1.0,a_only,episodes
ssh,0.45454545454545453,shared,suggested
ssh,0.4222222222222222,shared,lonely
ssh,0.0738255033557047,b_only,steal
ssh,1.0,a_only,farming
ssh,0.5165876777251185,shared,scattered
ssh,0.3278008298755187,shared,itself
ssh,0.7204301075268817,shared,closest
ssh,1.0,a_only,scholar
ssh,1.0,a_only,rhetoric
ssh,0.4222222222222222,shared,thinks
ssh,1.0,a_only,scholarly
ssh,0.5763546798029556,shared,hero
ssh,0.0847457627118644,b_only,hiding
ssh,0.7582417582417582,shared,yielding
ssh,1.0,a_only,meaningless
ssh,0.08108108108108109,b_only,frankly
ssh,0.0847457627118644,b_only,recollections
ssh,0.3445378151260504,shared,pale
ssh,0.3617021276595745,shared,carefully
ssh,0.5686274509803921,shared,novelty
ssh,0.0847457627118644,b_only,claw
ssh,0.06312292358803986,b_only,wig
ssh,0.09215017064846416,b_only,uz
ssh,0.4953271028037383,shared,advertisement
ssh,0.10726643598615918,b_only,invent
ssh,1.0,a_only,statues
ssh,0.5533980582524272,shared,invention
ssh,0.09215017064846416,b_only,tumbrils
ssh,0.7486338797814208,shared,bullet
ssh,0.4883720930232558,shared,yard
ssh,0.6931216931216931,shared,anglo
ssh,0.0847457627118644,b_only,crush
ssh,0.42857142857142855,shared,spy
ssh,0.5920398009950248,shared,climb
ssh,1.0,a_only,pennsylvania
ssh,0.30612244897959184,shared,carried
ssh,1.0,a_only,aramaic
ssh,0.2749003984063745,shared,suddenly
ssh,0.4953271028037383,shared,introduce
ssh,0.6243654822335025,shared,jackson
ssh,0.0847457627118644,b_only,silly
ssh,0.29554655870445345,shared,came
ssh,0.7297297297297297,shared,realize
ssh,0.4611872146118721,shared,mouse
ssh,0.47465437788018433,shared,passenger
ssh,0.5238095238095238,shared,confirmed
ssh,0.29554655870445345,shared,four
ssh,0.5238095238095238,shared,studio
ssh,0.7777777777777778,shared,withdrawn
ssh,0.0738255033557047,b_only,laughing
ssh,1.0,a_only,heights
ssh,0.5458937198067633,shared,sand
ssh,0.29554655870445345,shared,deep
ssh,0.7021276595744681,shared,stress
ssh,0.7204301075268817,shared,beard
ssh,0.7204301075268817,shared,dies
ssh,0.28,shared,side
ssh,1.0,a_only,format
ssh,0.36752136752136755,shared,pay
ssh,0.6243654822335025,shared,scholars
ssh,0.3445378151260504,shared,heavily
ssh,1.0,a_only,albrecht
ssh,0.4479638009049774,shared,practice
ssh,0.09215017064846416,b_only,uneasiness
ssh,1.0,a_only,compilation
ssh,0.2903225806451613,shared,herself
ssh,0.4222222222222222,shared,potter
ssh,0.48148148148148145,shared,league
ssh,1.0,a_only,var
ssh,1.0,a_only,awards
ssh,0.5384615384615384,shared,unfortunately
ssh,1.0,a_only,conditional
ssh,0.6080402010050251,shared,inner
ssh,0.09965635738831616,b_only,admire
ssh,1.0,a_only,compound
ssh,1.0,a_only,toxic
ssh,0.3617021276595745,shared,honest
ssh,1.0,a_only,primitive
ssh,0.25984251968503935,shared,read
ssh,0.6243654822335025,shared,addressing
ssh,0.6931216931216931,shared,device
ssh,0.6580310880829016,shared,suitable
ssh,1.0,a_only,zahn
ssh,0.7021276595744681,shared,governor
ssh,0.0958904109589041,b_only,temper
ssh,1.0,a_only,glenn
ssh,0.5763546798029556,shared,remote
ssh,1.0,a_only,tokyo
ssh,0.6842105263157895,shared,appealing
ssh,1.0,a_only,systems
ssh,0.7297297297297297,shared,instruction
ssh,1.0,a_only,displays
ssh,1.0,a_only,socially
ssh,0.10726643598615918,b_only,tread
ssh,0.0738255033557047,b_only,lock
ssh,0.4953271028037383,shared,flight
ssh,1.0,a_only,functioning
ssh,0.6161616161616161,shared,republican
ssh,0.3278008298755187,shared,object
ssh,0.6080402010050251,shared,infamous
ssh,0.06666666666666667,b_only,flashed
ssh,1.0,a_only,explorers
ssh,1.0,a_only,rates
ssh,1.0,a_only,abandonment
ssh,1.0,a_only,cit
ssh,0.7204301075268817,shared,influenced
ssh,0.45454545454545453,shared,increased
ssh,1.0,a_only,kurosawa
ssh,0.08108108108108109,b_only,yonder
ssh,0.47465437788018433,shared,disappointed
ssh,1.0,a_only,artifacts
ssh,1.0,a_only,furthermore
ssh,1.0,a_only,und
ssh,0.6326530612244898,shared,richard
ssh,1.0,a_only,convicted
ssh,0.3278008298755187,shared,happen
ssh,0.4349775784753363,shared,letting
ssh,1.0,a_only,climate
ssh,1.0,a_only,afi
ssh,0.7297297297297297,shared,ridge
ssh,0.6410256410256411,shared,promises
ssh,0.08843537414965986,b_only,rejoice
ssh,0.285140562248996,shared,glass
ssh,1.0,a_only,airplane
ssh,0.4349775784753363,shared,ashes
ssh,0.5841584158415841,shared,permitted
ssh,0.2903225806451613,shared,happiness
ssh,0.06312292358803986,b_only,stairs
ssh,0.6842105263157895,shared,extracts
ssh,0.10344827586206896,b_only,deserve
ssh,0.5311004784688995,shared,final
ssh,1.0,a_only,mythology
ssh,0.08108108108108109,b_only,sunrise
ssh,0.6410256410256411,shared,reader
ssh,1.0,a_only,aesthetic
ssh,1.0,a_only,facial
ssh,0.10344827586206896,b_only,helsing
ssh,1.0,a_only,annexation
ssh,1.0,a_only,theology
ssh,0.10344827586206896,b_only,shrink
ssh,0.39737991266375544,shared,decided
ssh,0.6666666666666666,shared,concentrated
ssh,0.350210970464135,shared,six
ssh,1.0,a_only,lacked
ssh,0.3617021276595745,shared,beside
ssh,0.7679558011049724,shared,rescue
ssh,1.0,a_only,creates
ssh,0.6666666666666666,shared,threat
ssh,0.3852813852813853,shared,pick
ssh,0.09215017064846416,b_only,pretended
ssh,1.0,a_only,herman
ssh,0.46788990825688076,shared,hunter
ssh,0.7204301075268817,shared,pump
ssh,0.7112299465240641,shared,describing
ssh,1.0,a_only,fetus
ssh,0.3168724279835391,shared,meaning
ssh,1.0,a_only,input
ssh,1.0,a_only,angeles
ssh,0.7582417582417582,shared,ranks
ssh,1.0,a_only,barcelona
ssh,0.08108108108108109,b_only,policeman
ssh,1.0,a_only,medal
ssh,1.0,a_only,proponents
ssh,1.0,a_only,fran
ssh,1.0,a_only,asperger
ssh,0.7391304347826086,shared,rugged
ssh,1.0,a_only,sanction
ssh,0.6326530612244898,shared,imaginary
ssh,1.0,a_only,eugenics
ssh,0.09965635738831616,b_only,pier
ssh,0.8181818181818182,shared,crushing
ssh,0.10726643598615918,b_only,peasant
ssh,0.6580310880829016,shared,solely
ssh,0.5023474178403756,shared,kinds
ssh,0.6410256410256411,shared,shorter
ssh,1.0,a_only,sri
ssh,0.08843537414965986,b_only,swell
ssh,0.8181818181818182,shared,remedy
ssh,1.0,a_only,mm
ssh,0.7486338797814208,shared,dependence
ssh,1.0,a_only,andrei
ssh,1.0,a_only,molinari
ssh,1.0,a_only,quattro
ssh,0.6,shared,foul
ssh,1.0,a_only,temperate
ssh,0.675392670157068,shared,insufficient
ssh,1.0,a_only,derleth
ssh,1.0,a_only,ministry
ssh,0.5238095238095238,shared,beloved
ssh,0.5458937198067633,shared,regarded
ssh,0.5763546798029556,shared,cure
ssh,0.3617021276595745,shared,former
ssh,0.45454545454545453,shared,level
ssh,1.0,a_only,magical
ssh,1.0,a_only,metaphysical
ssh,0.391304347826087,shared,position
ssh,0.7582417582417582,shared,chaos
ssh,0.245136186770428,shared,merely
ssh,0.6326530612244898,shared,bloom
ssh,0.6326530612244898,shared,hereafter
ssh,0.0738255033557047,b_only,ghostly
ssh,1.0,a_only,conquest
ssh,1.0,a_only,kurt
ssh,0.06666666666666667,b_only,tuesday
ssh,0.807909604519774,shared,plea
ssh,0.48148148148148145,shared,la
ssh,1.0,a_only,prices
ssh,0.07744107744107744,b_only,rubbed
ssh,1.0,a_only,legends
ssh,1.0,a_only,surplus
ssh,0.47465437788018433,shared,worthy
ssh,0.5023474178403756,shared,capable
ssh,1.0,a_only,arslan
ssh,0.6931216931216931,shared,harshly
ssh,0.7486338797814208,shared,te
ssh,0.7204301075268817,shared,significant
ssh,1.0,a_only,dutch
ssh,1.0,a_only,concepts
ssh,0.5238095238095238,shared,tackle
ssh,0.3278008298755187,shared,patient
ssh,0.6410256410256411,shared,wearing
ssh,1.0,a_only,axis
ssh,0.7486338797814208,shared,rests
ssh,1.0,a_only,supporters
ssh,0.0847457627118644,b_only,becuz
ssh,0.7877094972067039,shared,experiments
ssh,0.6494845360824743,shared,medium
ssh,0.6410256410256411,shared,artificial
ssh,0.0847457627118644,b_only,fooling
ssh,0.45454545454545453,shared,loving
ssh,0.6931216931216931,shared,accompanying
ssh,1.0,a_only,yields
ssh,0.5238095238095238,shared,revenge
ssh,0.30612244897959184,shared,twenty
ssh,1.0,a_only,orbit
ssh,1.0,a_only,shuttle
ssh,0.46788990825688076,shared,branches
ssh,0.5763546798029556,shared,elegant
ssh,1.0,a_only,anguilla
ssh,1.0,a_only,disc
ssh,0.2749003984063745,shared,why
ssh,0.6931216931216931,shared,gladly
ssh,0.8285714285714286,shared,spectral
ssh,1.0,a_only,portuguese
ssh,0.6410256410256411,shared,visiting
ssh,1.0,a_only,ironically
ssh,1.0,a_only,decreasing
ssh,0.5384615384615384,shared,remembrance
ssh,1.0,a_only,physics
ssh,1.0,a_only,elders
ssh,0.3114754098360656,shared,us
ssh,1.0,a_only,expansion
ssh,1.0,a_only,parity
ssh,0.5238095238095238,shared,goods
ssh,1.0,a_only,symmetric
ssh,0.3445378151260504,shared,english
ssh,0.2648221343873518,shared,o
ssh,0.5533980582524272,shared,connections
ssh,0.39737991266375544,shared,path
ssh,0.6243654822335025,shared,fiercely
ssh,0.30612244897959184,shared,van
ssh,0.7582417582417582,shared,policy
ssh,1.0,a_only,exists
ssh,0.7112299465240641,shared,pit
ssh,0.3168724279835391,shared,goes
ssh,0.40969162995594716,shared,join
ssh,0.5165876777251185,shared,bust
ssh,1.0,a_only,interior
ssh,0.5920398009950248,shared,communicate
ssh,0.47465437788018433,shared,lip
ssh,1.0,a_only,racism
ssh,0.3333333333333333,shared,settled
ssh,1.0,a_only,products
ssh,0.7297297297297297,shared,resignation
ssh,1.0,a_only,santa
ssh,0.3389121338912134,shared,small
ssh,1.0,a_only,mathbf
ssh,1.0,a_only,atheism
ssh,1.0,a_only,semitism
ssh,0.08108108108108109,b_only,formidable
ssh,1.0,a_only,automorphisms
ssh,1.0,a_only,bayer
ssh,1.0,a_only,decades
ssh,0.11888111888111888,b_only,carfax
ssh,1.0,a_only,antiparticles
ssh,0.6326530612244898,shared,deliver
ssh,1.0,a_only,comprises
ssh,1.0,a_only,jesuit
ssh,0.06312292358803986,b_only,attendant
ssh,0.7777777777777778,shared,emotional
ssh,1.0,a_only,matthew
ssh,0.3617021276595745,shared,jacques
ssh,0.7021276595744681,shared,attempting
ssh,1.0,a_only,columbia
ssh,1.0,a_only,organ
ssh,1.0,a_only,anthropology
ssh,0.07744107744107744,b_only,pleasures
ssh,0.3793103448275862,shared,notion
ssh,1.0,a_only,athlete
ssh,0.5763546798029556,shared,owe
ssh,1.0,a_only,conceptual
ssh,0.28,shared,joe
ssh,0.3793103448275862,shared,peter
ssh,1.0,a_only,writings
ssh,1.0,a_only,canada
ssh,1.0,a_only,abstract
ssh,1.0,a_only,nomenclature
ssh,1.0,a_only,jean
ssh,0.6931216931216931,shared,dictionary
ssh,1.0,a_only,matt
ssh,0.6326530612244898,shared,exchange
ssh,0.7204301075268817,shared,transferred
ssh,1.0,a_only,charges
ssh,0.08108108108108109,b_only,horner
ssh,1.0,a_only,agencies
ssh,0.6666666666666666,shared,bush
ssh,0.3389121338912134,shared,feared
ssh,0.7486338797814208,shared,attractive
ssh,0.7204301075268817,shared,employ
ssh,1.0,a_only,site
ssh,0.0738255033557047,b_only,pudding
ssh,0.5920398009950248,shared,british
ssh,0.0738255033557047,b_only,sternly
ssh,0.5841584158415841,shared,gates
ssh,0.5686274509803921,shared,leaf
ssh,1.0,a_only,commander
ssh,1.0,a_only,touchdown
ssh,0.47465437788018433,shared,travelling
ssh,1.0,a_only,buffalo
ssh,0.285140562248996,shared,quickly
ssh,1.0,a_only,alexis
ssh,0.0958904109589041,b_only,nodding
ssh,0.3389121338912134,shared,presence
ssh,0.10344827586206896,b_only,faintly
ssh,0.07023411371237458,b_only,agin
ssh,1.0,a_only,inc
ssh,0.5686274509803921,shared,chains
ssh,0.0847457627118644,b_only,interrupt
ssh,1.0,a_only,emperor
ssh,1.0,a_only,incorporated
ssh,0.3168724279835391,shared,instead
ssh,0.07744107744107744,b_only,fence
ssh,0.0847457627118644,b_only,knocked
ssh,1.0,a_only,core
ssh,1.0,a_only,worldwide
ssh,0.32231404958677684,shared,state
ssh,1.0,a_only,camps
ssh,0.07744107744107744,b_only,crooked
ssh,0.3008130081300813,shared,easily
ssh,1.0,a_only,naming
ssh,0.6080402010050251,shared,fraud
ssh,1.0,a_only,tombs
ssh,0.0847457627118644,b_only,pockets
ssh,1.0,a_only,pod
ssh,0.09965635738831616,b_only,sofa
ssh,0.675392670157068,shared,marble
ssh,0.0847457627118644,b_only,picking
ssh,0.7777777777777778,shared,mechanical
ssh,0.5763546798029556,shared,assistant
ssh,0.48148148148148145,shared,cards
ssh,0.6161616161616161,shared,earn
ssh,0.7204301075268817,shared,enterprise
ssh,0.0847457627118644,b_only,lodging
ssh,0.6161616161616161,shared,engine
ssh,0.5763546798029556,shared,cloth
ssh,0.46788990825688076,shared,pool
ssh,0.3278008298755187,shared,judged
ssh,0.5609756097560976,shared,ho
ssh,1.0,a_only,lacking
ssh,1.0,a_only,battles
ssh,0.7679558011049724,shared,practise
ssh,1.0,a_only,ell
ssh,1.0,a_only,pallas
ssh,1.0,a_only,neurological
ssh,0.45454545454545453,shared,favourite
ssh,0.5384615384615384,shared,smell
ssh,1.0,a_only,function
ssh,0.285140562248996,shared,bent
ssh,0.7021276595744681,shared,enable
ssh,1.0,a_only,mp
ssh,0.2903225806451613,shared,body
ssh,1.0,a_only,calgary
ssh,0.7486338797814208,shared,barrels
ssh,0.7112299465240641,shared,patent
ssh,1.0,a_only,initially
ssh,0.675392670157068,shared,owl
ssh,1.0,a_only,leonard
ssh,0.6243654822335025,shared,hydraulic
ssh,0.47465437788018433,shared,approached
ssh,0.09965635738831616,b_only,mustn
ssh,1.0,a_only,chicago
ssh,0.2648221343873518,shared,gentleman
ssh,1.0,a_only,academy
ssh,1.0,a_only,japan
ssh,1.0,a_only,sidney
ssh,0.10344827586206896,b_only,wander
ssh,0.3168724279835391,shared,widow
ssh,0.0958904109589041,b_only,recollection
ssh,0.46788990825688076,shared,description
ssh,0.7112299465240641,shared,panic
ssh,1.0,a_only,burns
ssh,0.6494845360824743,shared,independence
ssh,1.0,a_only,ellis
ssh,1.0,a_only,cornwallis
ssh,0.7297297297297297,shared,britain
ssh,0.0958904109589041,b_only,composure
ssh,0.1111111111111111,b_only,evr
ssh,0.40969162995594716,shared,affected
ssh,0.3114754098360656,shared,understand
ssh,0.7391304347826086,shared,realized
ssh,1.0,a_only,legislature
ssh,0.7582417582417582,shared,virtuous
ssh,1.0,a_only,fleming
ssh,0.40350877192982454,shared,sounds
ssh,0.675392670157068,shared,alternative
ssh,0.7777777777777778,shared,accurately
ssh,0.285140562248996,shared,yes
ssh,1.0,a_only,populations
ssh,0.0738255033557047,b_only,rusty
ssh,0.5533980582524272,shared,traces
ssh,0.7582417582417582,shared,accuracy
ssh,1.0,a_only,sampras
ssh,1.0,a_only,reactive
ssh,0.7297297297297297,shared,imply
ssh,1.0,a_only,player
ssh,0.797752808988764,shared,rhine
ssh,1.0,a_only,pop
ssh,0.6494845360824743,shared,destined
ssh,0.7582417582417582,shared,behalf
ssh,0.5841584158415841,shared,truck
ssh,1.0,a_only,athenians
ssh,0.5609756097560976,shared,plays
ssh,1.0,a_only,demanding
ssh,1.0,a_only,arizona
ssh,0.5238095238095238,shared,handle
ssh,0.7777777777777778,shared,courier
ssh,0.7021276595744681,shared,tales
ssh,1.0,a_only,calculations
ssh,1.0,a_only,priests
ssh,1.0,a_only,network
ssh,0.7877094972067039,shared,salvation
ssh,0.08108108108108109,b_only,fastened
ssh,1.0,a_only,agnosticism
ssh,1.0,a_only,demographics
ssh,1.0,a_only,magnitude
ssh,0.44144144144144143,shared,clean
ssh,0.350210970464135,shared,neighbourhood
ssh,0.3278008298755187,shared,sense
ssh,0.5609756097560976,shared,farmer
ssh,1.0,a_only,archive
ssh,0.0847457627118644,b_only,gigantic
ssh,1.0,a_only,kinetic
ssh,0.5841584158415841,shared,eaten
ssh,0.11498257839721254,b_only,hugged
ssh,0.42857142857142855,shared,approach
ssh,0.5609756097560976,shared,proposed
ssh,0.42857142857142855,shared,warm
ssh,1.0,a_only,messagepad
ssh,1.0,a_only,surprisingly
ssh,1.0,a_only,reviews
ssh,1.0,a_only,program
ssh,1.0,a_only,botanical
ssh,0.6842105263157895,shared,generation
ssh,1.0,a_only,playwright
ssh,0.10726643598615918,b_only,kissed
ssh,0.08843537414965986,b_only,hush
ssh,0.4953271028037383,shared,stable
ssh,1.0,a_only,chess
ssh,0.44144144144144143,shared,mixed
ssh,0.10344827586206896,b_only,soothing
ssh,0.6161616161616161,shared,crazy
ssh,0.797752808988764,shared,cooking
ssh,0.2749003984063745,shared,doing
ssh,0.4611872146118721,shared,roof
ssh,0.7297297297297297,shared,relaxed
ssh,0.3852813852813853,shared,quarter
ssh,1.0,a_only,accessed
ssh,1.0,a_only,sided
ssh,0.36752136752136755,shared,marquis
ssh,0.7679558011049724,shared,supreme
ssh,1.0,a_only,deities
ssh,0.5920398009950248,shared,ships
ssh,0.6494845360824743,shared,argued
ssh,1.0,a_only,alabama
ssh,0.7021276595744681,shared,punished
ssh,1.0,a_only,coptic
ssh,0.5763546798029556,shared,brute
ssh,1.0,a_only,machines
ssh,0.47465437788018433,shared,cool
ssh,1.0,a_only,utility
ssh,0.7391304347826086,shared,background
ssh,1.0,a_only,elections
ssh,1.0,a_only,marking
ssh,1.0,a_only,alpaca
ssh,0.0847457627118644,b_only,lonesome
ssh,1.0,a_only,friedrich
ssh,0.3445378151260504,shared,ll
ssh,0.10726643598615918,b_only,blazing
ssh,0.6243654822335025,shared,concerns
ssh,0.5763546798029556,shared,endure
ssh,1.0,a_only,southernmost
ssh,0.7391304347826086,shared,harvest
ssh,0.7112299465240641,shared,novels
ssh,0.09965635738831616,b_only,sich
ssh,1.0,a_only,settings
ssh,0.5165876777251185,shared,efforts
ssh,1.0,a_only,loosely
ssh,0.3445378151260504,shared,effect
ssh,1.0,a_only,students
ssh,1.0,a_only,egyptians
ssh,0.7021276595744681,shared,comparatively
ssh,0.5920398009950248,shared,operation
ssh,0.09215017064846416,b_only,temptation
ssh,0.0847457627118644,b_only,trembled
ssh,0.5023474178403756,shared,mountains
ssh,0.11888111888111888,b_only,shudder
ssh,1.0,a_only,designated
ssh,0.7679558011049724,shared,stamp
ssh,0.09215017064846416,b_only,staring
ssh,0.7391304347826086,shared,arches
ssh,1.0,a_only,objectivism
ssh,0.7777777777777778,shared,commands
ssh,1.0,a_only,cancelled
ssh,1.0,a_only,albert
ssh,0.5165876777251185,shared,possibility
ssh,0.5920398009950248,shared,savage
ssh,1.0,a_only,teachings
ssh,1.0,a_only,patrick
ssh,0.3168724279835391,shared,hear
ssh,1.0,a_only,printing
ssh,1.0,a_only,elect
ssh,1.0,a_only,arithmetic
ssh,0.415929203539823,shared,dry
ssh,0.6326530612244898,shared,hymn
ssh,0.391304347826087,shared,race
ssh,0.32231404958677684,shared,quietly
ssh,0.6842105263157895,shared,saving
ssh,0.2648221343873518,shared,tone
ssh,1.0,a_only,archives
ssh,0.3852813852813853,shared,mention
ssh,0.7204301075268817,shared,museum
ssh,1.0,a_only,confederacy
ssh,1.0,a_only,homer
ssh,0.7021276595744681,shared,intentions
ssh,1.0,a_only,product
ssh,1.0,a_only,pregnant
ssh,0.7391304347826086,shared,conqueror
ssh,0.44144144144144143,shared,existence
ssh,0.6161616161616161,shared,yielded
ssh,1.0,a_only,punk
ssh,1.0,a_only,tasks
ssh,1.0,a_only,prophets
ssh,0.6666666666666666,shared,exhibition
ssh,0.0847457627118644,b_only,hovel
ssh,0.46788990825688076,shared,remarkable
ssh,0.675392670157068,shared,characteristics
ssh,0.4479638009049774,shared,sooner
ssh,0.7021276595744681,shared,negative
ssh,1.0,a_only,car
ssh,0.7486338797814208,shared,varieties
ssh,0.6410256410256411,shared,vicious
ssh,0.6080402010050251,shared,arguments
ssh,1.0,a_only,frames
ssh,0.5609756097560976,shared,pet
ssh,1.0,a_only,barry
ssh,0.7486338797814208,shared,ensuing
ssh,0.2903225806451613,shared,lips
ssh,0.6494845360824743,shared,francis
ssh,1.0,a_only,senator
ssh,0.4349775784753363,shared,yellow
ssh,0.08108108108108109,b_only,canoe
ssh,0.0738255033557047,b_only,expectation
ssh,0.4883720930232558,shared,plans
ssh,0.7391304347826086,shared,anticipated
ssh,1.0,a_only,conservatives
ssh,0.8181818181818182,shared,upwards
ssh,1.0,a_only,supporting
ssh,0.08108108108108109,b_only,brass
ssh,1.0,a_only,columbus
ssh,0.3168724279835391,shared,liked
ssh,1.0,a_only,amides
ssh,0.2648221343873518,shared,pause
ssh,1.0,a_only,seabed
ssh,1.0,a_only,fluke
ssh,0.3008130081300813,shared,stand
ssh,1.0,a_only,unity
ssh,0.09965635738831616,b_only,godalming
ssh,0.08843537414965986,b_only,tweedledum
ssh,0.30612244897959184,shared,safe
ssh,0.7777777777777778,shared,manager
ssh,0.8285714285714286,shared,attribute
ssh,0.3852813852813853,shared,property
ssh,0.415929203539823,shared,square
ssh,1.0,a_only,syndrome
ssh,1.0,a_only,euclidean
ssh,1.0,a_only,civilizations
ssh,0.39737991266375544,shared,condition
ssh,0.45454545454545453,shared,possessed
ssh,0.6494845360824743,shared,sang
ssh,1.0,a_only,anglicans
ssh,1.0,a_only,arabic
ssh,1.0,a_only,gr
ssh,1.0,a_only,juan
ssh,1.0,a_only,warner
ssh,0.0847457627118644,b_only,intending
ssh,0.30612244897959184,shared,eat
ssh,0.37339055793991416,shared,considered
ssh,0.32231404958677684,shared,country
ssh,0.09965635738831616,b_only,wretched
ssh,0.30612244897959184,shared,other
ssh,0.4883720930232558,shared,victor
ssh,1.0,a_only,brands
ssh,0.3852813852813853,shared,direction
ssh,1.0,a_only,orthodox
ssh,0.4883720930232558,shared,forever
ssh,1.0,a_only,indonesia
ssh,0.5533980582524272,shared,kitchen
ssh,0.7391304347826086,shared,agency
ssh,1.0,a_only,antony
ssh,1.0,a_only,experts
ssh,1.0,a_only,classification
ssh,0.46788990825688076,shared,separate
ssh,1.0,a_only,ep
ssh,0.10726643598615918,b_only,dracula
ssh,1.0,a_only,surveys
ssh,0.7391304347826086,shared,largely
ssh,0.06312292358803986,b_only,repetition
ssh,0.797752808988764,shared,surroundings
ssh,0.675392670157068,shared,dated
ssh,0.4349775784753363,shared,faced
ssh,0.08108108108108109,b_only,audible
ssh,1.0,a_only,jazz
ssh,1.0,a_only,sayings
ssh,1.0,a_only,manufactured
ssh,0.2749003984063745,shared,times
ssh,0.09215017064846416,b_only,smiling
ssh,1.0,a_only,achill
ssh,0.48148148148148145,shared,attitude
ssh,0.675392670157068,shared,innumerable
ssh,0.6243654822335025,shared,updated
ssh,1.0,a_only,brand
ssh,0.09215017064846416,b_only,hurry
ssh,0.0847457627118644,b_only,dear
ssh,0.5311004784688995,shared,skill
ssh,0.3852813852813853,shared,offer
ssh,0.059602649006622516,b_only,huck
ssh,0.6161616161616161,shared,vital
ssh,0.4479638009049774,shared,moral
ssh,1.0,a_only,physicist
ssh,1.0,a_only,prohibited
ssh,0.09965635738831616,b_only,carpet
ssh,1.0,a_only,phylum
ssh,1.0,a_only,propaganda
ssh,1.0,a_only,macintosh
ssh,0.32231404958677684,shared,fly
ssh,0.0847457627118644,b_only,closet
ssh,0.4953271028037383,shared,active
ssh,1.0,a_only,scientist
ssh,1.0,a_only,origen
ssh,0.7391304347826086,shared,coal
ssh,0.10726643598615918,b_only,clad
ssh,0.09215017064846416,b_only,motioned
ssh,1.0,a_only,ba
ssh,0.6161616161616161,shared,po
ssh,0.6161616161616161,shared,alter
ssh,0.3852813852813853,shared,loss
ssh,0.7297297297297297,shared,earthly
ssh,1.0,a_only,achievements
ssh,1.0,a_only,economically
ssh,0.3333333333333333,shared,terrible
ssh,1.0,a_only,dependency
ssh,0.7112299465240641,shared,dismissed
ssh,1.0,a_only,anglican
ssh,1.0,a_only,olympic
ssh,0.6580310880829016,shared,paddington
ssh,0.06666666666666667,b_only,dreaming
ssh,0.6410256410256411,shared,encouraging
ssh,0.07023411371237458,b_only,sore
ssh,0.2648221343873518,shared,girls
ssh,0.09215017064846416,b_only,lad
ssh,1.0,a_only,alabaster
ssh,0.3333333333333333,shared,darkness
ssh,1.0,a_only,effectively
ssh,1.0,a_only,rural
ssh,0.7877094972067039,shared,lining
ssh,1.0,a_only,numbered
ssh,0.6494845360824743,shared,major
ssh,1.0,a_only,gabriel
ssh,1.0,a_only,aachen
ssh,1.0,a_only,jos
ssh,0.3114754098360656,shared,straight
ssh,0.1111111111111111,b_only,terribly
ssh,1.0,a_only,expand
ssh,0.10344827586206896,b_only,sufferer
ssh,0.09215017064846416,b_only,graveyard
ssh,0.6326530612244898,shared,eldest
ssh,1.0,a_only,habsburg
ssh,1.0,a_only,albedo
ssh,0.5686274509803921,shared,prepare
ssh,0.2749003984063745,shared,evidently
ssh,1.0,a_only,schedule
ssh,0.47465437788018433,shared,throwing
ssh,0.39737991266375544,shared,clearly
ssh,0.0738255033557047,b_only,goodness
ssh,0.46788990825688076,shared,intimate
ssh,0.8181818181818182,shared,hugh
ssh,1.0,a_only,environment
ssh,1.0,a_only,heating
ssh,0.6494845360824743,shared,esteem
ssh,0.11888111888111888,b_only,watchman
ssh,1.0,a_only,algorithm
ssh,0.25,shared,give
ssh,0.6326530612244898,shared,seventeen
ssh,0.3168724279835391,shared,uncle
ssh,0.3793103448275862,shared,murder
ssh,0.059602649006622516,b_only,repeating
ssh,1.0,a_only,negotiations
ssh,1.0,a_only,stages
ssh,0.09965635738831616,b_only,heartless
ssh,0.3333333333333333,shared,son
ssh,0.7777777777777778,shared,bind
ssh,0.5686274509803921,shared,badly
ssh,0.807909604519774,shared,questionable
ssh,0.09215017064846416,b_only,blankets
ssh,0.4479638009049774,shared,readily
ssh,1.0,a_only,nashville
ssh,1.0,a_only,fertile
ssh,0.5920398009950248,shared,comparison
ssh,0.6842105263157895,shared,traditions
ssh,1.0,a_only,thereafter
ssh,0.285140562248996,shared,he
ssh,0.4953271028037383,shared,trade
ssh,0.5165876777251185,shared,cloud
ssh,0.7297297297297297,shared,biggest
ssh,0.7679558011049724,shared,posts
ssh,1.0,a_only,helps
ssh,0.6410256410256411,shared,eligible
ssh,1.0,a_only,inclusion
ssh,1.0,a_only,sciences
ssh,1.0,a_only,seals
ssh,0.09965635738831616,b_only,sid
ssh,0.42857142857142855,shared,perceived
ssh,0.0847457627118644,b_only,alarming
ssh,1.0,a_only,yearly
ssh,1.0,a_only,beta
ssh,0.10726643598615918,b_only,grindstone
ssh,1.0,a_only,murders
ssh,0.25,shared,seem
ssh,1.0,a_only,cosmic
ssh,1.0,a_only,ranked
ssh,0.09215017064846416,b_only,softly
ssh,1.0,a_only,maintained
ssh,1.0,a_only,chlorine
ssh,0.6494845360824743,shared,steering
ssh,1.0,a_only,ff
ssh,0.5023474178403756,shared,results
ssh,0.7777777777777778,shared,geography
ssh,0.11888111888111888,b_only,depended
ssh,1.0,a_only,sometime
ssh,0.40969162995594716,shared,degree
ssh,0.7297297297297297,shared,inferior
ssh,1.0,a_only,skills
ssh,0.07023411371237458,b_only,trusting
ssh,1.0,a_only,spartan
ssh,0.5238095238095238,shared,represent
ssh,0.3445378151260504,shared,without
ssh,0.5533980582524272,shared,faithful
ssh,0.6931216931216931,shared,youthful
ssh,1.0,a_only,elliott
ssh,0.5533980582524272,shared,snapped
ssh,0.3389121338912134,shared,crowd
ssh,0.6842105263157895,shared,mix
ssh,0.415929203539823,shared,snow
ssh,0.5533980582524272,shared,horrors
ssh,1.0,a_only,alcott
ssh,0.350210970464135,shared,marriage
ssh,0.8390804597701149,shared,victoria
ssh,0.6326530612244898,shared,reception
ssh,0.10344827586206896,b_only,compliment
ssh,0.42857142857142855,shared,trial
ssh,0.5609756097560976,shared,angle
ssh,0.5023474178403756,shared,destroy
ssh,0.5841584158415841,shared,studies
ssh,0.6080402010050251,shared,asks
ssh,0.0958904109589041,b_only,damp
ssh,0.2648221343873518,shared,this
ssh,0.797752808988764,shared,irritated
ssh,1.0,a_only,drama
ssh,0.36752136752136755,shared,speech
ssh,0.5458937198067633,shared,clay
ssh,0.45454545454545453,shared,skin
ssh,0.0738255033557047,b_only,consolation
ssh,0.09215017064846416,b_only,cheek
ssh,0.6410256410256411,shared,shoot
ssh,0.11888111888111888,b_only,shutting
ssh,0.5238095238095238,shared,holy
ssh,0.675392670157068,shared,fourteenth
ssh,0.7391304347826086,shared,deposited
ssh,0.797752808988764,shared,associations
ssh,0.3559322033898305,shared,wall
ssh,0.5458937198067633,shared,poison
ssh,1.0,a_only,lithuania
ssh,0.5384615384615384,shared,incapable
ssh,1.0,a_only,secession
ssh,1.0,a_only,lucius
ssh,0.09965635738831616,b_only,fro
ssh,1.0,a_only,machinery
ssh,0.6931216931216931,shared,incredible
ssh,1.0,a_only,marshal
ssh,0.5609756097560976,shared,physical
ssh,1.0,a_only,haer
ssh,0.28,shared,both
ssh,0.3617021276595745,shared,bread
ssh,0.6161616161616161,shared,groups
ssh,1.0,a_only,resulted
ssh,0.6080402010050251,shared,shapes
ssh,1.0,a_only,oriental
ssh,0.07744107744107744,b_only,melancholy
ssh,1.0,a_only,mathematicians
ssh,0.07744107744107744,b_only,polished
ssh,0.4479638009049774,shared,attended
ssh,1.0,a_only,democrats
ssh,0.25,shared,deal
ssh,1.0,a_only,elite
ssh,0.06312292358803986,b_only,solemnity
ssh,0.28,shared,something
ssh,0.8604651162790697,shared,parker
ssh,0.08843537414965986,b_only,peeped
ssh,0.6666666666666666,shared,boarding
ssh,0.7204301075268817,shared,sends
ssh,0.2903225806451613,shared,paris
ssh,0.5609756097560976,shared,intellectual
ssh,1.0,a_only,maintains
ssh,0.7297297297297297,shared,copies
ssh,1.0,a_only,maximum
ssh,0.6410256410256411,shared,piano
ssh,1.0,a_only,founding
ssh,1.0,a_only,samples
ssh,1.0,a_only,cleopatra
ssh,1.0,a_only,bulk
ssh,1.0,a_only,astrology
ssh,1.0,a_only,visigoths
ssh,1.0,a_only,algorithms
ssh,0.37339055793991416,shared,catch
ssh,1.0,a_only,antonio
ssh,0.3168724279835391,shared,truth
ssh,0.44144144144144143,shared,main
ssh,0.09965635738831616,b_only,shone
ssh,0.0738255033557047,b_only,dinner
ssh,0.09965635738831616,b_only,abhorrence
ssh,0.2749003984063745,shared,you
ssh,1.0,a_only,plus
ssh,0.07023411371237458,b_only,dasn
ssh,1.0,a_only,bonding
ssh,0.2648221343873518,shared,drove
ssh,0.4349775784753363,shared,arrive
ssh,0.6580310880829016,shared,musical
ssh,0.350210970464135,shared,holding
ssh,1.0,a_only,km
ssh,0.5094339622641509,shared,murderer
ssh,0.7777777777777778,shared,ensure
ssh,1.0,a_only,resemble
ssh,1.0,a_only,blocks
ssh,1.0,a_only,abraham
ssh,0.47465437788018433,shared,justice
ssh,0.09965635738831616,b_only,abhorred
ssh,0.08843537414965986,b_only,hesitated
ssh,1.0,a_only,estimates
ssh,0.0738255033557047,b_only,queer
ssh,0.2903225806451613,shared,on
ssh,0.7112299465240641,shared,succeeding
ssh,0.5686274509803921,shared,dwelling
ssh,0.7204301075268817,shared,perseverance
ssh,1.0,a_only,nietzsche
ssh,0.6161616161616161,shared,milk
ssh,1.0,a_only,antarctic
ssh,0.6494845360824743,shared,crisis
ssh,1.0,a_only,macedon
ssh,0.5094339622641509,shared,farther
ssh,0.28,shared,jane
ssh,0.44144144144144143,shared,dollars
ssh,0.5533980582524272,shared,million
ssh,0.6494845360824743,shared,outward
ssh,0.5384615384615384,shared,swimming
ssh,1.0,a_only,monks
ssh,0.09965635738831616,b_only,sleeve
ssh,0.29554655870445345,shared,always
ssh,0.3114754098360656,shared,at
ssh,0.7877094972067039,shared,gifts
ssh,1.0,a_only,dos
ssh,0.5533980582524272,shared,conditions
ssh,1.0,a_only,passive
ssh,0.39737991266375544,shared,tom
ssh,0.5920398009950248,shared,shelf
ssh,1.0,a_only,hull
ssh,0.5841584158415841,shared,beasts
ssh,0.40350877192982454,shared,plan
ssh,0.7486338797814208,shared,statements
ssh,0.1111111111111111,b_only,bred
ssh,0.3278008298755187,shared,common
ssh,1.0,a_only,territories
ssh,1.0,a_only,types
ssh,0.8181818181818182,shared,miraculous
ssh,0.5094339622641509,shared,examining
ssh,0.5841584158415841,shared,slavery
ssh,1.0,a_only,goals
ssh,0.6580310880829016,shared,threatening
ssh,1.0,a_only,immortality
ssh,1.0,a_only,indirect
ssh,0.3008130081300813,shared,post
ssh,1.0,a_only,richardson
ssh,0.1111111111111111,b_only,governess
ssh,1.0,a_only,acclaimed
ssh,0.0847457627118644,b_only,expressive
ssh,0.8390804597701149,shared,cliffs
ssh,1.0,a_only,colonial
ssh,0.42857142857142855,shared,finish
ssh,1.0,a_only,linguistics
ssh,0.7297297297297297,shared,inevitable
ssh,1.0,a_only,industries
ssh,0.6326530612244898,shared,onto
ssh,0.6410256410256411,shared,behaved
ssh,0.08108108108108109,b_only,endured
ssh,1.0,a_only,mammals
ssh,0.5686274509803921,shared,eventually
ssh,1.0,a_only,valentinian
ssh,0.807909604519774,shared,hebrew
ssh,0.5384615384615384,shared,tribunal
ssh,1.0,a_only,diving
ssh,1.0,a_only,nuclei
ssh,1.0,a_only,abjad
ssh,0.4479638009049774,shared,antoine
ssh,0.7112299465240641,shared,file
ssh,1.0,a_only,rc
ssh,1.0,a_only,mnd
ssh,1.0,a_only,featuring
ssh,0.3168724279835391,shared,church
ssh,0.7582417582417582,shared,charity
ssh,1.0,a_only,terminal
ssh,0.4953271028037383,shared,cairo
ssh,0.6326530612244898,shared,complexion
ssh,0.3333333333333333,shared,manners
ssh,0.40969162995594716,shared,shortly
ssh,1.0,a_only,conquests
ssh,0.5165876777251185,shared,message
ssh,1.0,a_only,anders
ssh,0.3114754098360656,shared,picture
ssh,0.3793103448275862,shared,instance
ssh,0.47465437788018433,shared,relieved
ssh,1.0,a_only,basic
ssh,0.30612244897959184,shared,lay
ssh,0.6161616161616161,shared,assurance
ssh,0.3333333333333333,shared,private
ssh,0.7297297297297297,shared,correspondent
ssh,0.8390804597701149,shared,cabinet
ssh,1.0,a_only,ongoing
ssh,1.0,a_only,participated
ssh,0.4611872146118721,shared,possession
ssh,1.0,a_only,utopian
ssh,0.5763546798029556,shared,debts
ssh,0.5165876777251185,shared,released
ssh,0.07744107744107744,b_only,yer
ssh,0.47465437788018433,shared,ghosts
ssh,0.0738255033557047,b_only,rested
ssh,0.5384615384615384,shared,occasional
ssh,0.675392670157068,shared,sarah
ssh,0.6243654822335025,shared,fifth
ssh,1.0,a_only,jo
ssh,0.30612244897959184,shared,another
ssh,0.285140562248996,shared,show
ssh,0.0958904109589041,b_only,knee
ssh,1.0,a_only,numbering
ssh,0.5094339622641509,shared,sins
ssh,1.0,a_only,ethanol
ssh,1.0,a_only,auto
ssh,0.1111111111111111,b_only,sah
ssh,0.3278008298755187,shared,peace
ssh,1.0,a_only,julia
ssh,1.0,a_only,sheikh
ssh,1.0,a_only,regime
ssh,0.5384615384615384,shared,port
ssh,0.7877094972067039,shared,individually
ssh,0.0738255033557047,b_only,clair
ssh,0.0958904109589041,b_only,stiff
ssh,0.3278008298755187,shared,enter
ssh,0.2903225806451613,shared,together
ssh,1.0,a_only,anschluss
ssh,0.5609756097560976,shared,hears
ssh,0.7582417582417582,shared,tallest
ssh,0.48148148148148145,shared,america
ssh,0.3278008298755187,shared,soul
ssh,0.350210970464135,shared,handed
ssh,1.0,a_only,oval
ssh,0.5609756097560976,shared,declare
ssh,0.0847457627118644,b_only,waiter
ssh,0.5841584158415841,shared,animated
ssh,0.36752136752136755,shared,difficult
ssh,1.0,a_only,harald
ssh,0.6326530612244898,shared,hired
ssh,0.0958904109589041,b_only,derbyshire
ssh,0.08108108108108109,b_only,gloves
ssh,1.0,a_only,comments
ssh,1.0,a_only,asteroids
ssh,0.5841584158415841,shared,attempts
ssh,0.0847457627118644,b_only,shabby
ssh,1.0,a_only,autonomous
ssh,1.0,a_only,election
ssh,0.06666666666666667,b_only,delighted
ssh,1.0,a_only,northwestern
ssh,1.0,a_only,react
ssh,0.48148148148148145,shared,devoted
ssh,0.7582417582417582,shared,beneficial
ssh,1.0,a_only,joshua
ssh,1.0,a_only,choir
ssh,0.7297297297297297,shared,inscription
ssh,0.08843537414965986,b_only,mum
ssh,1.0,a_only,computer
ssh,0.7777777777777778,shared,stops
ssh,1.0,a_only,andes
ssh,1.0,a_only,canonical
ssh,0.08108108108108109,b_only,astonished
ssh,0.5609756097560976,shared,foreign
ssh,0.40350877192982454,shared,ay
ssh,0.5238095238095238,shared,ending
ssh,1.0,a_only,substitution
ssh,0.6161616161616161,shared,dropping
ssh,0.8285714285714286,shared,sal
ssh,1.0,a_only,jesus
ssh,0.7021276595744681,shared,fruits
ssh,1.0,a_only,involves
ssh,0.04918032786885246,b_only,partiality
ssh,0.4953271028037383,shared,formerly
ssh,0.10726643598615918,b_only,pall
ssh,0.3008130081300813,shared,be
ssh,0.46788990825688076,shared,ghost
ssh,0.6161616161616161,shared,refer
ssh,0.6161616161616161,shared,principle
ssh,1.0,a_only,coral
ssh,0.6,shared,citizens
ssh,1.0,a_only,cyprus
ssh,0.46788990825688076,shared,consideration
ssh,0.5920398009950248,shared,valued
ssh,0.7582417582417582,shared,swing
ssh,0.6,shared,embrace
ssh,0.5458937198067633,shared,waves
ssh,1.0,a_only,allies
ssh,0.44144144144144143,shared,crown
ssh,1.0,a_only,retaining
ssh,1.0,a_only,kansas
ssh,0.7112299465240641,shared,dealing
ssh,0.7112299465240641,shared,refined
ssh,0.45454545454545453,shared,counter
ssh,0.391304347826087,shared,particularly
ssh,0.48148148148148145,shared,painted
ssh,1.0,a_only,legislation
ssh,0.4349775784753363,shared,hearts
ssh,0.7204301075268817,shared,total
ssh,0.4953271028037383,shared,credit
ssh,0.6666666666666666,shared,adopted
ssh,1.0,a_only,abba
ssh,1.0,a_only,theorists
ssh,0.09215017064846416,b_only,bingley
ssh,1.0,a_only,server
ssh,1.0,a_only,missile
ssh,0.25984251968503935,shared,real
ssh,1.0,a_only,solo
ssh,0.3278008298755187,shared,eight
ssh,0.11498257839721254,b_only,aunt
ssh,1.0,a_only,schweitzer
ssh,0.6580310880829016,shared,covering
ssh,0.6326530612244898,shared,boards
ssh,1.0,a_only,soviets
ssh,1.0,a_only,ambients
ssh,0.675392670157068,shared,shelves
ssh,0.5165876777251185,shared,formal
ssh,0.5165876777251185,shared,attached
ssh,1.0,a_only,ki
ssh,0.4953271028037383,shared,stronger
ssh,0.6666666666666666,shared,recommended
ssh,0.5023474178403756,shared,tail
ssh,0.28,shared,set
ssh,1.0,a_only,dict
ssh,1.0,a_only,flourished
ssh,0.6,shared,mill
ssh,1.0,a_only,pioneer
ssh,0.350210970464135,shared,servant
ssh,0.4611872146118721,shared,consequence
ssh,1.0,a_only,invaded
ssh,1.0,a_only,includes
ssh,0.07023411371237458,b_only,recollect
ssh,1.0,a_only,microscopic
ssh,1.0,a_only,credited
ssh,1.0,a_only,airport
ssh,1.0,a_only,charlemagne
ssh,0.05263157894736842,b_only,valet
ssh,0.08108108108108109,b_only,chill
ssh,0.6494845360824743,shared,congress
ssh,0.4222222222222222,shared,prisoners
ssh,0.29554655870445345,shared,left
ssh,1.0,a_only,jules
ssh,0.0958904109589041,b_only,superintendent
ssh,1.0,a_only,nitric
ssh,1.0,a_only,northeast
ssh,1.0,a_only,karabakh
ssh,0.07744107744107744,b_only,oppressed
ssh,1.0,a_only,proto
ssh,1.0,a_only,johnson
ssh,0.2698412698412698,shared,led
ssh,1.0,a_only,conformation
ssh,1.0,a_only,programmers
ssh,0.08108108108108109,b_only,bitterness
ssh,0.3617021276595745,shared,bag
ssh,0.7297297297297297,shared,permanent
ssh,1.0,a_only,cloister
ssh,0.3008130081300813,shared,answered
ssh,1.0,a_only,imac
ssh,1.0,a_only,observances
ssh,0.3278008298755187,shared,wake
ssh,0.5384615384615384,shared,humanity
ssh,1.0,a_only,complications
ssh,1.0,a_only,protests
ssh,1.0,a_only,abbots
ssh,0.7297297297297297,shared,firing
ssh,1.0,a_only,asteraceae
ssh,0.5165876777251185,shared,popular
ssh,1.0,a_only,momentum
ssh,0.4349775784753363,shared,accustomed
ssh,1.0,a_only,revelation
ssh,1.0,a_only,protocol
ssh,0.08108108108108109,b_only,tranquillity
ssh,0.2698412698412698,shared,heard
ssh,0.285140562248996,shared,tell
ssh,1.0,a_only,azerbaijan
ssh,0.5238095238095238,shared,waters
ssh,0.6,shared,perceive
ssh,0.4953271028037383,shared,messenger
ssh,0.7112299465240641,shared,slam
ssh,0.8823529411764706,shared,forests
ssh,0.7877094972067039,shared,asserted
ssh,1.0,a_only,alternatively
ssh,0.5384615384615384,shared,persuade
ssh,0.7204301075268817,shared,robinson
ssh,1.0,a_only,controversy
ssh,0.7112299465240641,shared,earthquake
ssh,1.0,a_only,agave
ssh,1.0,a_only,genocide
ssh,0.6931216931216931,shared,dried
ssh,1.0,a_only,actinium
ssh,0.0738255033557047,b_only,puzzled
ssh,0.059602649006622516,b_only,distressed
ssh,0.7297297297297297,shared,adopt
ssh,0.5458937198067633,shared,heat
ssh,0.0847457627118644,b_only,loathing
ssh,0.3114754098360656,shared,comfort
ssh,0.4883720930232558,shared,space
ssh,0.5533980582524272,shared,pursue
ssh,0.08108108108108109,b_only,caterpillar
ssh,0.48148148148148145,shared,um
ssh,1.0,a_only,computation
ssh,0.5311004784688995,shared,rocks
ssh,0.5533980582524272,shared,prosperous
ssh,1.0,a_only,percent
ssh,1.0,a_only,apocryphal
ssh,0.0958904109589041,b_only,longbourn
ssh,1.0,a_only,unit
ssh,0.3617021276595745,shared,from
ssh,0.11888111888111888,b_only,roar
ssh,0.5094339622641509,shared,inn
ssh,0.6161616161616161,shared,approve
ssh,0.7112299465240641,shared,ass
ssh,1.0,a_only,prehistoric
ssh,0.09215017064846416,b_only,bundle
ssh,1.0,a_only,terminology
ssh,1.0,a_only,android
ssh,1.0,a_only,equivalent
ssh,0.6326530612244898,shared,mortal
ssh,1.0,a_only,extends
ssh,1.0,a_only,nicolas
ssh,1.0,a_only,treatise
ssh,1.0,a_only,trilogy
ssh,1.0,a_only,penalties
ssh,0.29554655870445345,shared,have
ssh,0.3389121338912134,shared,regard
ssh,0.350210970464135,shared,drawn
ssh,0.6842105263157895,shared,trained
ssh,0.6494845360824743,shared,fragment
ssh,1.0,a_only,admits
ssh,0.6580310880829016,shared,attributed
ssh,1.0,a_only,pi
ssh,0.39737991266375544,shared,grown
ssh,1.0,a_only,crossroads
ssh,0.7204301075268817,shared,confirmation
ssh,0.7582417582417582,shared,clothing
ssh,0.7679558011049724,shared,obscurity
ssh,1.0,a_only,palestine
ssh,0.5238095238095238,shared,unlike
ssh,0.5686274509803921,shared,lowered
ssh,0.5311004784688995,shared,bury
ssh,1.0,a_only,anti
ssh,0.3793103448275862,shared,lately
ssh,1.0,a_only,hart
ssh,1.0,a_only,logo
ssh,0.285140562248996,shared,whose
ssh,0.3333333333333333,shared,holmes
ssh,0.2749003984063745,shared,grew
ssh,0.7021276595744681,shared,construction
ssh,0.7021276595744681,shared,travellers
ssh,0.7877094972067039,shared,whatsoever
ssh,1.0,a_only,publisher
ssh,1.0,a_only,helicopter
ssh,0.5458937198067633,shared,rendered
ssh,1.0,a_only,governing
ssh,0.5763546798029556,shared,feels
ssh,1.0,a_only,identifies
ssh,0.09965635738831616,b_only,attentions
ssh,0.09965635738831616,b_only,agitated
ssh,1.0,a_only,der
ssh,0.6494845360824743,shared,accurate
ssh,0.5023474178403756,shared,referred
ssh,1.0,a_only,rating
ssh,1.0,a_only,outbreak
ssh,1.0,a_only,abbreviated
ssh,0.7297297297297297,shared,levi
ssh,1.0,a_only,manga
ssh,0.6410256410256411,shared,sub
ssh,1.0,a_only,protestant
ssh,1.0,a_only,module
ssh,1.0,a_only,meanings
ssh,1.0,a_only,marcus
ssh,0.28,shared,back
ssh,1.0,a_only,adult
ssh,1.0,a_only,billy
ssh,0.5920398009950248,shared,check
ssh,1.0,a_only,trivia
ssh,1.0,a_only,britannica
ssh,1.0,a_only,directors
ssh,1.0,a_only,hu
ssh,0.6161616161616161,shared,mob
ssh,0.46788990825688076,shared,choose
ssh,0.5094339622641509,shared,improved
ssh,0.7679558011049724,shared,dia
ssh,0.3333333333333333,shared,charles
ssh,0.47465437788018433,shared,fill
ssh,1.0,a_only,ideology
ssh,0.7679558011049724,shared,complaints
ssh,0.7112299465240641,shared,serving
ssh,1.0,a_only,interpret
ssh,0.6842105263157895,shared,aroused
ssh,0.7877094972067039,shared,lions
ssh,0.3333333333333333,shared,idea
ssh,0.5384615384615384,shared,venture
ssh,0.7582417582417582,shared,descending
ssh,0.6161616161616161,shared,americans
ssh,0.8390804597701149,shared,greenland
ssh,0.8285714285714286,shared,rubber
ssh,0.0738255033557047,b_only,fascinated
ssh,0.3389121338912134,shared,died
ssh,0.10344827586206896,b_only,darling
ssh,0.25984251968503935,shared,seeing
ssh,0.0847457627118644,b_only,dimly
ssh,0.11888111888111888,b_only,blanket
ssh,1.0,a_only,coupled
ssh,1.0,a_only,fred
ssh,1.0,a_only,valleys
ssh,1.0,a_only,bambaataa
ssh,0.06312292358803986,b_only,coronet
ssh,0.3008130081300813,shared,down
ssh,1.0,a_only,gesch
ssh,0.7021276595744681,shared,external
ssh,1.0,a_only,sparta
ssh,0.09965635738831616,b_only,interruption
ssh,0.48148148148148145,shared,flies
ssh,1.0,a_only,vatican
ssh,1.0,a_only,argentine
ssh,0.09215017064846416,b_only,busily
ssh,0.6580310880829016,shared,occupy
ssh,0.7297297297297297,shared,speaker
ssh,0.0958904109589041,b_only,pap
ssh,0.07744107744107744,b_only,nails
ssh,1.0,a_only,cricket
ssh,0.10344827586206896,b_only,curiously
ssh,0.6410256410256411,shared,petersburg
ssh,1.0,a_only,attitudes
ssh,1.0,a_only,amaranthus
ssh,1.0,a_only,mpla
ssh,0.5763546798029556,shared,ceremony
ssh,1.0,a_only,patented
ssh,1.0,a_only,incidence
ssh,1.0,a_only,jersey
ssh,1.0,a_only,ranges
ssh,0.5238095238095238,shared,pin
ssh,1.0,a_only,augustus
ssh,0.4953271028037383,shared,argument
ssh,0.08843537414965986,b_only,clearing
ssh,1.0,a_only,anarchist
ssh,0.0958904109589041,b_only,wildly
ssh,0.12280701754385964,b_only,hastened
ssh,0.09965635738831616,b_only,kindness
ssh,0.10726643598615918,b_only,disgrace
ssh,1.0,a_only,constellation
ssh,0.7112299465240641,shared,operations
ssh,1.0,a_only,independently
ssh,0.3389121338912134,shared,coach
ssh,0.4611872146118721,shared,permission
ssh,0.8390804597701149,shared,enduring
ssh,0.5920398009950248,shared,income
ssh,0.350210970464135,shared,wishes
ssh,0.807909604519774,shared,peak
ssh,0.285140562248996,shared,talk
ssh,1.0,a_only,inflation
ssh,0.285140562248996,shared,collins
ssh,0.5763546798029556,shared,whales
ssh,1.0,a_only,alkanes
ssh,0.2698412698412698,shared,re
ssh,0.4611872146118721,shared,starting
ssh,0.47465437788018433,shared,seriously
ssh,1.0,a_only,chronology
ssh,0.7112299465240641,shared,knot
ssh,0.5094339622641509,shared,staggered
ssh,0.0738255033557047,b_only,disappointment
ssh,0.5094339622641509,shared,guilty
ssh,0.30612244897959184,shared,years
ssh,1.0,a_only,com
ssh,0.07744107744107744,b_only,hum
ssh,0.4479638009049774,shared,disturbed
ssh,0.0738255033557047,b_only,lordship
ssh,0.675392670157068,shared,prosperity
ssh,0.25984251968503935,shared,mine
ssh,0.6243654822335025,shared,physician
ssh,0.6243654822335025,shared,mutual
ssh,1.0,a_only,radical
ssh,0.7204301075268817,shared,relating
ssh,1.0,a_only,undertaken
ssh,0.42857142857142855,shared,kings
ssh,0.5458937198067633,shared,deeper
ssh,0.5023474178403756,shared,sees
ssh,1.0,a_only,arid
ssh,0.11498257839721254,b_only,realise
ssh,0.6243654822335025,shared,blew
ssh,0.7391304347826086,shared,chemistry
ssh,0.6931216931216931,shared,decree
ssh,0.08108108108108109,b_only,neglect
ssh,0.6410256410256411,shared,emphasis
ssh,0.5686274509803921,shared,utterly
ssh,1.0,a_only,aardvark
ssh,0.7021276595744681,shared,xiii
ssh,0.7486338797814208,shared,normal
ssh,0.48148148148148145,shared,royalties
ssh,1.0,a_only,zero
ssh,1.0,a_only,presidents
ssh,1.0,a_only,alcohols
ssh,1.0,a_only,agouti
ssh,0.6842105263157895,shared,openly
ssh,0.7204301075268817,shared,promising
ssh,1.0,a_only,camera
ssh,0.23076923076923078,shared,so
ssh,0.5841584158415841,shared,crushed
ssh,1.0,a_only,electoral
ssh,0.7297297297297297,shared,december
ssh,0.08843537414965986,b_only,shirt
ssh,0.7204301075268817,shared,mar
ssh,1.0,a_only,africa
ssh,0.46788990825688076,shared,mountain
ssh,0.42857142857142855,shared,accept
ssh,1.0,a_only,gdp
ssh,1.0,a_only,township
ssh,0.10726643598615918,b_only,westenra
ssh,1.0,a_only,initial
ssh,1.0,a_only,scrimmage
ssh,1.0,a_only,baron
ssh,0.11498257839721254,b_only,pictured
ssh,0.3114754098360656,shared,bright
ssh,0.2549019607843137,shared,it
ssh,1.0,a_only,integers
ssh,0.7582417582417582,shared,chord
ssh,0.675392670157068,shared,illustrations
ssh,1.0,a_only,speculated
ssh,0.6931216931216931,shared,desirable
ssh,0.4349775784753363,shared,correct
ssh,0.42857142857142855,shared,storm
ssh,0.7877094972067039,shared,vegetable
ssh,1.0,a_only,sodium
ssh,1.0,a_only,tucker
ssh,0.40969162995594716,shared,favour
ssh,0.5841584158415841,shared,spreading
ssh,1.0,a_only,adds
ssh,1.0,a_only,exceptions
ssh,0.25984251968503935,shared,thing
ssh,0.2549019607843137,shared,questions
ssh,1.0,a_only,pete
ssh,1.0,a_only,requirement
ssh,1.0,a_only,atom
ssh,0.6580310880829016,shared,sized
ssh,0.09965635738831616,b_only,jewel
ssh,0.6080402010050251,shared,bang
ssh,0.06666666666666667,b_only,sleeps
ssh,0.5533980582524272,shared,perform
ssh,0.4349775784753363,shared,weight
ssh,1.0,a_only,archaeological
ssh,0.3008130081300813,shared,immediately
ssh,0.4611872146118721,shared,regular
ssh,0.30612244897959184,shared,possible
ssh,0.04918032786885246,b_only,bite
ssh,0.285140562248996,shared,laid
ssh,1.0,a_only,fluid
ssh,1.0,a_only,mil
ssh,0.23076923076923078,shared,evening
ssh,1.0,a_only,reports
ssh,0.09215017064846416,b_only,growled
ssh,0.2903225806451613,shared,months
ssh,0.08108108108108109,b_only,parted
ssh,0.5609756097560976,shared,quantity
ssh,1.0,a_only,applet
ssh,0.6161616161616161,shared,mistress
ssh,0.3168724279835391,shared,general
ssh,0.5094339622641509,shared,recognized
ssh,0.5458937198067633,shared,estate
ssh,0.5165876777251185,shared,beating
ssh,0.4883720930232558,shared,passions
ssh,1.0,a_only,portable
ssh,0.39737991266375544,shared,sydney
ssh,1.0,a_only,baseball
ssh,1.0,a_only,leadership
ssh,0.675392670157068,shared,expenses
ssh,1.0,a_only,classics
ssh,0.350210970464135,shared,task
ssh,0.7204301075268817,shared,theme
ssh,1.0,a_only,hierarchy
ssh,1.0,a_only,ethiopia
ssh,0.10726643598615918,b_only,dis
ssh,0.48148148148148145,shared,speed
ssh,0.7391304347826086,shared,transformed
ssh,1.0,a_only,implementation
ssh,0.8181818181818182,shared,ann
ssh,0.0847457627118644,b_only,pinch
ssh,0.30612244897959184,shared,hat
ssh,1.0,a_only,portugal
ssh,0.29554655870445345,shared,of
ssh,1.0,a_only,equipment
ssh,0.28,shared,clothes
ssh,1.0,a_only,utc
ssh,1.0,a_only,concertos
ssh,0.10726643598615918,b_only,stole
ssh,1.0,a_only,embassy
ssh,1.0,a_only,saudi
ssh,0.5686274509803921,shared,resemblance
ssh,0.10726643598615918,b_only,pleasantly
ssh,0.059602649006622516,b_only,spoon
ssh,0.5311004784688995,shared,card
ssh,1.0,a_only,algerian
ssh,1.0,a_only,bolivia
ssh,0.6326530612244898,shared,tobacco
ssh,1.0,a_only,archipelago
ssh,0.5920398009950248,shared,glorious
ssh,0.675392670157068,shared,inscriptions
ssh,0.3793103448275862,shared,advantage
ssh,0.3559322033898305,shared,music
ssh,0.8181818181818182,shared,removing
ssh,0.6842105263157895,shared,paradise
ssh,1.0,a_only,digits
ssh,0.5165876777251185,shared,gather
ssh,0.07744107744107744,b_only,mock
ssh,0.4349775784753363,shared,otherwise
ssh,0.6842105263157895,shared,benefit
ssh,0.5920398009950248,shared,disposal
ssh,0.6,shared,abbey
ssh,0.391304347826087,shared,resolved
ssh,0.350210970464135,shared,ye
ssh,0.6326530612244898,shared,movements
ssh,0.4611872146118721,shared,hit
ssh,0.7582417582417582,shared,coin
ssh,1.0,a_only,siege
ssh,0.4222222222222222,shared,job
ssh,0.5311004784688995,shared,grasp
ssh,1.0,a_only,municipalities
ssh,0.7582417582417582,shared,kicking
ssh,0.0847457627118644,b_only,downstairs
ssh,1.0,a_only,controversies
ssh,0.5458937198067633,shared,performance
ssh,0.08843537414965986,b_only,hurried
ssh,0.7297297297297297,shared,barren
ssh,1.0,a_only,sexually
ssh,0.42857142857142855,shared,tells
ssh,0.7582417582417582,shared,electric
ssh,0.4953271028037383,shared,apply
ssh,1.0,a_only,epiphanius
ssh,0.6326530612244898,shared,vision
ssh,0.07744107744107744,b_only,rubbing
ssh,1.0,a_only,sophisticated
ssh,0.3168724279835391,shared,human
ssh,0.5609756097560976,shared,decide
ssh,0.5165876777251185,shared,introduction
ssh,1.0,a_only,ueshiba
ssh,0.3114754098360656,shared,behind
ssh,0.5165876777251185,shared,enemies
ssh,1.0,a_only,wells
ssh,0.5609756097560976,shared,november
ssh,0.6842105263157895,shared,oak
ssh,0.5609756097560976,shared,eating
ssh,0.350210970464135,shared,horrible
ssh,0.391304347826087,shared,george
ssh,1.0,a_only,conservation
ssh,1.0,a_only,differs
ssh,0.7297297297297297,shared,insult
ssh,0.5094339622641509,shared,abandoned
ssh,0.06312292358803986,b_only,alarmed
ssh,1.0,a_only,naval
ssh,1.0,a_only,mythological
ssh,0.10726643598615918,b_only,squeeze
ssh,0.2749003984063745,shared,hard
ssh,0.7204301075268817,shared,turkish
ssh,0.5841584158415841,shared,apprehension
ssh,0.4953271028037383,shared,base
ssh,0.4953271028037383,shared,amid
ssh,1.0,a_only,parliamentary
ssh,0.7679558011049724,shared,immortal
ssh,0.7297297297297297,shared,filed
ssh,0.6494845360824743,shared,expedition
ssh,0.3852813852813853,shared,extremely
ssh,0.059602649006622516,b_only,gasped
ssh,1.0,a_only,combining
ssh,0.6580310880829016,shared,sheer
ssh,0.3333333333333333,shared,engaged
ssh,1.0,a_only,postal
ssh,0.5165876777251185,shared,inspector
ssh,1.0,a_only,gravitational
ssh,0.46788990825688076,shared,carrying
ssh,0.45454545454545453,shared,progress
ssh,1.0,a_only,venus
ssh,0.415929203539823,shared,examined
ssh,0.6580310880829016,shared,worldly
ssh,0.10344827586206896,b_only,mist
ssh,1.0,a_only,automobiles
ssh,0.11888111888111888,b_only,breathe
ssh,0.675392670157068,shared,identify
ssh,1.0,a_only,utah
ssh,1.0,a_only,androids
ssh,0.10344827586206896,b_only,shawl
ssh,1.0,a_only,adelaide
ssh,0.4953271028037383,shared,risk
ssh,1.0,a_only,irregular
ssh,0.5533980582524272,shared,wandering
ssh,1.0,a_only,ishmael
ssh,0.2698412698412698,shared,in
ssh,1.0,a_only,semantics
ssh,0.7112299465240641,shared,tragic
ssh,0.5920398009950248,shared,avenue
ssh,1.0,a_only,universally
ssh,0.807909604519774,shared,plains
ssh,0.285140562248996,shared,arthur
ssh,0.7112299465240641,shared,blunt
ssh,0.6666666666666666,shared,forbidden
ssh,0.08843537414965986,b_only,nigh
ssh,0.675392670157068,shared,hop
ssh,0.0847457627118644,b_only,lads
ssh,0.6080402010050251,shared,pages
ssh,0.45454545454545453,shared,truly
ssh,0.3617021276595745,shared,bird
ssh,0.2903225806451613,shared,scene
ssh,0.08108108108108109,b_only,faint
ssh,0.10344827586206896,b_only,ghastly
ssh,1.0,a_only,primary
ssh,1.0,a_only,transition
ssh,1.0,a_only,emperors
ssh,0.4349775784753363,shared,beneath
ssh,0.7777777777777778,shared,scarce
ssh,0.7486338797814208,shared,springs
ssh,1.0,a_only,quantities
ssh,0.5533980582524272,shared,posted
ssh,1.0,a_only,lindbergh
ssh,0.5533980582524272,shared,religious
ssh,1.0,a_only,phenomenon
ssh,0.5533980582524272,shared,cow
ssh,0.7297297297297297,shared,stores
ssh,0.5533980582524272,shared,confusion
ssh,1.0,a_only,mexico
ssh,1.0,a_only,drugs
ssh,1.0,a_only,famously
ssh,0.08843537414965986,b_only,sticking
ssh,0.0738255033557047,b_only,lazy
ssh,0.06666666666666667,b_only,solemnly
ssh,0.08843537414965986,b_only,8
ssh,0.2648221343873518,shared,suppose
ssh,0.797752808988764,shared,simplest
ssh,1.0,a_only,tsar
ssh,1.0,a_only,markets
ssh,0.10344827586206896,b_only,24
ssh,0.10344827586206896,b_only,inconvenience
ssh,0.30612244897959184,shared,along
ssh,0.391304347826087,shared,habit
ssh,1.0,a_only,specific
ssh,0.30612244897959184,shared,making
ssh,0.7679558011049724,shared,carter
ssh,0.0958904109589041,b_only,linen
ssh,1.0,a_only,andorra
ssh,0.37339055793991416,shared,letter
ssh,0.7204301075268817,shared,hi
ssh,0.28,shared,however
ssh,0.11498257839721254,b_only,affectionate
ssh,0.5686274509803921,shared,fright
ssh,0.3008130081300813,shared,wild
ssh,0.0738255033557047,b_only,runaway
ssh,1.0,a_only,licensing
ssh,0.6931216931216931,shared,sights
ssh,0.415929203539823,shared,shock
ssh,0.7679558011049724,shared,guided
ssh,0.44144144144144143,shared,completely
ssh,0.46788990825688076,shared,sheet
ssh,0.8390804597701149,shared,precision
ssh,0.4953271028037383,shared,useless
ssh,1.0,a_only,doubles
ssh,1.0,a_only,indicates
ssh,1.0,a_only,syria
ssh,0.5686274509803921,shared,dumb
ssh,0.0738255033557047,b_only,phonograph
ssh,0.1267605633802817,b_only,lestrade
ssh,0.2903225806451613,shared,moved
ssh,0.675392670157068,shared,unseen
ssh,0.6666666666666666,shared,attendance
ssh,0.6580310880829016,shared,inhabit
ssh,0.6580310880829016,shared,norton
ssh,0.09215017064846416,b_only,coroner
ssh,0.6080402010050251,shared,nobility
ssh,0.2698412698412698,shared,wish
ssh,1.0,a_only,plutarch
ssh,0.7204301075268817,shared,submitted
ssh,0.2903225806451613,shared,themselves
ssh,0.6666666666666666,shared,ray
ssh,1.0,a_only,representatives
ssh,0.44144144144144143,shared,pieces
ssh,0.4883720930232558,shared,immediate
ssh,1.0,a_only,patterns
ssh,0.6410256410256411,shared,shakespeare
ssh,0.09215017064846416,b_only,shoved
ssh,0.0847457627118644,b_only,shouldn
ssh,1.0,a_only,isotope
ssh,0.6243654822335025,shared,depart
ssh,1.0,a_only,americas
ssh,1.0,a_only,orchestra
ssh,0.6,shared,idle
ssh,0.675392670157068,shared,purchased
ssh,1.0,a_only,solubility
ssh,0.7486338797814208,shared,streams
ssh,0.5238095238095238,shared,lessons
ssh,0.6842105263157895,shared,consumed
ssh,1.0,a_only,epistles
ssh,0.2903225806451613,shared,prisoner
ssh,1.0,a_only,islam
ssh,0.07744107744107744,b_only,neglected
ssh,1.0,a_only,syriac
ssh,1.0,a_only,persecution
ssh,1.0,a_only,abram
ssh,0.08843537414965986,b_only,regretted
ssh,0.5384615384615384,shared,rotten
ssh,0.7582417582417582,shared,signals
ssh,0.4611872146118721,shared,younger
ssh,1.0,a_only,criticized
ssh,1.0,a_only,berry
ssh,1.0,a_only,biological
ssh,0.6326530612244898,shared,objections
ssh,1.0,a_only,gulch
ssh,1.0,a_only,alleged
ssh,1.0,a_only,prometheus
ssh,0.8390804597701149,shared,concert
ssh,0.7297297297297297,shared,aisles
ssh,1.0,a_only,ph
ssh,0.46788990825688076,shared,addressed
ssh,0.30612244897959184,shared,middle
ssh,0.2749003984063745,shared,bear
ssh,0.5094339622641509,shared,professional
ssh,0.285140562248996,shared,although
ssh,1.0,a_only,organizations
ssh,0.7582417582417582,shared,slaves
ssh,0.5094339622641509,shared,parts
ssh,0.45454545454545453,shared,information
ssh,0.5920398009950248,shared,preparing
ssh,0.6494845360824743,shared,regions
ssh,1.0,a_only,periodic
ssh,0.7877094972067039,shared,relates
ssh,0.5238095238095238,shared,surrounded
ssh,0.415929203539823,shared,birds
ssh,1.0,a_only,critique
ssh,1.0,a_only,virginia
ssh,0.09215017064846416,b_only,disposed
ssh,1.0,a_only,accusations
ssh,0.7021276595744681,shared,guards
ssh,1.0,a_only,neo
ssh,1.0,a_only,clarke
ssh,1.0,a_only,configuration
ssh,0.415929203539823,shared,resolution
ssh,0.285140562248996,shared,trying
ssh,0.45454545454545453,shared,coloured
ssh,0.1111111111111111,b_only,philips
ssh,1.0,a_only,diagnosis
ssh,0.6494845360824743,shared,gravel
ssh,1.0,a_only,enforced
ssh,0.08108108108108109,b_only,gleam
ssh,1.0,a_only,differential
ssh,0.46788990825688076,shared,questioning
ssh,1.0,a_only,committee
ssh,0.06666666666666667,b_only,fortunate
ssh,0.2903225806451613,shared,friend
ssh,0.3008130081300813,shared,woman
ssh,0.6243654822335025,shared,split
ssh,0.7112299465240641,shared,violin
ssh,0.7204301075268817,shared,tries
ssh,0.3168724279835391,shared,speaking
ssh,1.0,a_only,quoted
ssh,1.0,a_only,downtown
ssh,1.0,a_only,monarch
ssh,0.6494845360824743,shared,indicated
ssh,1.0,a_only,aires
ssh,0.7679558011049724,shared,uncovered
ssh,0.5609756097560976,shared,stretch
ssh,0.0958904109589041,b_only,awful
ssh,1.0,a_only,settlements
ssh,0.07023411371237458,b_only,stryver
ssh,0.7777777777777778,shared,halting
ssh,0.5609756097560976,shared,strained
ssh,0.2648221343873518,shared,walked
ssh,0.7297297297297297,shared,gift
ssh,0.09215017064846416,b_only,mischief
ssh,0.0847457627118644,b_only,frighten
ssh,0.10344827586206896,b_only,echoed
ssh,1.0,a_only,zinc
ssh,1.0,a_only,potentially
ssh,0.4611872146118721,shared,problem
ssh,0.0738255033557047,b_only,fashionable
ssh,0.5533980582524272,shared,magnificent
ssh,0.6931216931216931,shared,wars
ssh,0.7486338797814208,shared,sacrificed
ssh,1.0,a_only,cable
ssh,0.7021276595744681,shared,recovering
ssh,0.675392670157068,shared,submit
ssh,1.0,a_only,infantry
ssh,1.0,a_only,ptolemy
ssh,0.7777777777777778,shared,overshadowed
ssh,0.6494845360824743,shared,crowds
ssh,0.7391304347826086,shared,exile
ssh,1.0,a_only,ukrainian
ssh,0.3168724279835391,shared,table
ssh,0.4611872146118721,shared,meal
ssh,0.6326530612244898,shared,strait
ssh,0.807909604519774,shared,planted
ssh,1.0,a_only,priority
ssh,1.0,a_only,translation
ssh,1.0,a_only,listing
ssh,0.0847457627118644,b_only,shaken
ssh,0.7582417582417582,shared,commit
ssh,1.0,a_only,amide
ssh,1.0,a_only,navigation
ssh,1.0,a_only,persia
ssh,0.285140562248996,shared,take
ssh,0.0847457627118644,b_only,stooping
ssh,1.0,a_only,allows
ssh,0.6410256410256411,shared,fortress
ssh,1.0,a_only,earthquakes
ssh,0.6410256410256411,shared,populace
ssh,0.3559322033898305,shared,offered
ssh,0.7391304347826086,shared,maps
ssh,0.08108108108108109,b_only,drooping
ssh,1.0,a_only,jungle
ssh,0.2749003984063745,shared,allowed
ssh,1.0,a_only,ames
ssh,0.7391304347826086,shared,villa
ssh,0.4953271028037383,shared,theory
ssh,1.0,a_only,internationally
ssh,1.0,a_only,koestler
ssh,1.0,a_only,monitor
ssh,0.5384615384615384,shared,corpse
ssh,0.0847457627118644,b_only,anguish
ssh,0.6080402010050251,shared,sovereign
ssh,0.5763546798029556,shared,outer
ssh,0.4479638009049774,shared,anywhere
ssh,1.0,a_only,epitome
ssh,1.0,a_only,princeton
ssh,0.5920398009950248,shared,dwell
ssh,1.0,a_only,touring
ssh,0.3389121338912134,shared,brother
ssh,0.5686274509803921,shared,plates
ssh,1.0,a_only,provinces
ssh,0.8181818181818182,shared,conductor
ssh,1.0,a_only,interestingly
ssh,1.0,a_only,context
ssh,1.0,a_only,csm
ssh,0.3008130081300813,shared,added
ssh,0.6666666666666666,shared,witnessed
ssh,0.08843537414965986,b_only,conveyed
ssh,1.0,a_only,cavalry
ssh,0.7112299465240641,shared,sentiment
ssh,1.0,a_only,submarine
ssh,1.0,a_only,promote
ssh,0.30612244897959184,shared,round
ssh,0.5094339622641509,shared,abroad
ssh,1.0,a_only,highlands
ssh,0.3114754098360656,shared,front
ssh,0.5533980582524272,shared,roots
ssh,0.11498257839721254,b_only,pleaded
ssh,0.350210970464135,shared,distance
ssh,0.08108108108108109,b_only,footman
ssh,1.0,a_only,saul
ssh,0.7204301075268817,shared,dispute
ssh,0.7486338797814208,shared,severely
ssh,0.675392670157068,shared,explore
ssh,0.6326530612244898,shared,brings
ssh,0.6243654822335025,shared,murray
ssh,1.0,a_only,prior
ssh,1.0,a_only,challenge
ssh,0.2698412698412698,shared,word
ssh,0.4953271028037383,shared,mail
ssh,0.675392670157068,shared,blanc
ssh,1.0,a_only,addiction
ssh,1.0,a_only,mt
ssh,1.0,a_only,libertarian
ssh,0.7486338797814208,shared,dependent
ssh,0.46788990825688076,shared,thick
ssh,0.3008130081300813,shared,danger
ssh,1.0,a_only,aromatic
ssh,1.0,a_only,chris
ssh,0.3168724279835391,shared,asked
ssh,0.2549019607843137,shared,didn
ssh,0.6410256410256411,shared,gallery
ssh,0.11888111888111888,b_only,chaise
ssh,1.0,a_only,arab
ssh,0.0958904109589041,b_only,cheer
ssh,0.7486338797814208,shared,precautions
ssh,1.0,a_only,alain
ssh,1.0,a_only,forums
ssh,1.0,a_only,jr
ssh,0.0847457627118644,b_only,somehow
ssh,1.0,a_only,superorder
ssh,1.0,a_only,layout
ssh,0.5094339622641509,shared,method
ssh,0.32231404958677684,shared,late
ssh,0.5094339622641509,shared,june
ssh,0.5238095238095238,shared,unusual
ssh,0.07744107744107744,b_only,torture
ssh,0.5533980582524272,shared,burnt
ssh,0.6494845360824743,shared,writes
ssh,1.0,a_only,cipher
ssh,1.0,a_only,scotia
ssh,0.2648221343873518,shared,maybe
ssh,0.6080402010050251,shared,lift
ssh,0.7021276595744681,shared,removal
ssh,1.0,a_only,aldrin
ssh,0.39737991266375544,shared,police
ssh,0.11498257839721254,b_only,pallor
ssh,0.3168724279835391,shared,some
ssh,0.48148148148148145,shared,peril
ssh,1.0,a_only,formally
ssh,0.23552123552123552,shared,reason
ssh,0.05263157894736842,b_only,nigger
ssh,0.1111111111111111,b_only,rags
ssh,0.6494845360824743,shared,button
ssh,1.0,a_only,doctrines
ssh,1.0,a_only,exhibits
ssh,1.0,a_only,kevin
ssh,0.6410256410256411,shared,lend
ssh,0.6,shared,string
ssh,1.0,a_only,markov
ssh,1.0,a_only,facilities
ssh,1.0,a_only,align
ssh,0.059602649006622516,b_only,coachman
ssh,0.08108108108108109,b_only,resolute
ssh,0.3617021276595745,shared,john
ssh,1.0,a_only,hayek
ssh,1.0,a_only,artefacts
ssh,0.7112299465240641,shared,aiming
ssh,1.0,a_only,density
ssh,0.7112299465240641,shared,famine
ssh,0.5763546798029556,shared,splendid
ssh,1.0,a_only,tommy
ssh,1.0,a_only,crystalline
ssh,1.0,a_only,constellations
ssh,0.5533980582524272,shared,easier
ssh,0.6,shared,absorbed
ssh,0.350210970464135,shared,rising
ssh,0.6410256410256411,shared,forming
ssh,1.0,a_only,caribbean
ssh,1.0,a_only,equator
ssh,0.30612244897959184,shared,purpose
ssh,1.0,a_only,philosophical
ssh,0.5384615384615384,shared,x
ssh,0.3114754098360656,shared,how
ssh,0.30612244897959184,shared,waiting
ssh,0.12280701754385964,b_only,dorian
ssh,1.0,a_only,mentions
ssh,0.0847457627118644,b_only,1
ssh,0.08843537414965986,b_only,faults
ssh,0.6243654822335025,shared,neville
ssh,1.0,a_only,bc
ssh,0.5763546798029556,shared,uncertain
ssh,0.7112299465240641,shared,imperial
ssh,0.675392670157068,shared,motives
ssh,0.32231404958677684,shared,spirit
ssh,0.5458937198067633,shared,tiny
ssh,1.0,a_only,franco
ssh,0.36752136752136755,shared,greater
ssh,0.6666666666666666,shared,ability
ssh,0.4349775784753363,shared,invitation
ssh,1.0,a_only,vertical
ssh,0.285140562248996,shared,mad
ssh,0.6410256410256411,shared,losing
ssh,0.09965635738831616,b_only,bother
ssh,0.3333333333333333,shared,somewhat
ssh,1.0,a_only,hawaii
ssh,1.0,a_only,descriptions
ssh,0.6580310880829016,shared,harder
ssh,0.797752808988764,shared,skies
ssh,0.40969162995594716,shared,careful
ssh,0.6931216931216931,shared,artists
ssh,0.7679558011049724,shared,testimony
ssh,0.7391304347826086,shared,cleaned
ssh,1.0,a_only,ceo
ssh,0.06666666666666667,b_only,weighed
ssh,1.0,a_only,talmud
ssh,0.39737991266375544,shared,handsome
ssh,0.28,shared,over
ssh,1.0,a_only,jupiter
ssh,0.5384615384615384,shared,practical
ssh,1.0,a_only,arable
ssh,1.0,a_only,technology
ssh,0.10726643598615918,b_only,dey
ssh,0.0847457627118644,b_only,darnay
ssh,0.5458937198067633,shared,steam
ssh,0.5686274509803921,shared,purposes
ssh,0.5311004784688995,shared,likewise
ssh,0.2749003984063745,shared,either
ssh,0.7204301075268817,shared,permit
ssh,0.08843537414965986,b_only,laughed
ssh,0.5763546798029556,shared,silk
ssh,0.5533980582524272,shared,tracks
ssh,1.0,a_only,contribute
ssh,0.6931216931216931,shared,returns
ssh,1.0,a_only,norse
ssh,1.0,a_only,muhammad
ssh,0.675392670157068,shared,coins
ssh,0.5841584158415841,shared,brilliant
ssh,0.3008130081300813,shared,closed
ssh,0.2648221343873518,shared,still
ssh,0.7877094972067039,shared,covers
ssh,0.5023474178403756,shared,catching
ssh,0.5458937198067633,shared,inclined
ssh,0.3617021276595745,shared,number
ssh,0.5094339622641509,shared,families
ssh,0.46788990825688076,shared,brown
ssh,0.675392670157068,shared,turkey
ssh,0.09965635738831616,b_only,tempted
ssh,0.6580310880829016,shared,villain
ssh,0.39737991266375544,shared,doors
ssh,1.0,a_only,fertilizer
ssh,0.45454545454545453,shared,er
ssh,0.3114754098360656,shared,touch
ssh,1.0,a_only,temperature
ssh,0.32231404958677684,shared,fresh
ssh,1.0,a_only,bernard
ssh,0.2903225806451613,shared,remarked
ssh,1.0,a_only,replica
ssh,0.6161616161616161,shared,entail
ssh,1.0,a_only,withdrawal
ssh,0.675392670157068,shared,encountered
ssh,0.2698412698412698,shared,silence
ssh,0.11888111888111888,b_only,stoner
ssh,0.7777777777777778,shared,fitting
ssh,0.07744107744107744,b_only,fiend
ssh,1.0,a_only,comics
ssh,0.46788990825688076,shared,attack
ssh,0.7582417582417582,shared,rocket
ssh,0.7021276595744681,shared,episode
ssh,0.807909604519774,shared,welfare
ssh,1.0,a_only,fossil
ssh,0.39737991266375544,shared,william
ssh,0.7391304347826086,shared,achieved
ssh,1.0,a_only,disorders
ssh,0.6580310880829016,shared,detected
ssh,0.6580310880829016,shared,drag
ssh,0.4883720930232558,shared,east
ssh,0.5763546798029556,shared,crimes
ssh,0.3168724279835391,shared,moments
ssh,1.0,a_only,truffaut
ssh,0.5841584158415841,shared,undoubtedly
ssh,0.7021276595744681,shared,sheltered
ssh,1.0,a_only,albania
ssh,0.3559322033898305,shared,simple
ssh,0.4883720930232558,shared,acting
ssh,0.7777777777777778,shared,destroyer
ssh,0.10344827586206896,b_only,nana
ssh,0.0847457627118644,b_only,auntie
ssh,0.40969162995594716,shared,etc
ssh,0.2903225806451613,shared,box
ssh,0.05263157894736842,b_only,politely
ssh,0.3389121338912134,shared,boat
ssh,0.40969162995594716,shared,gained
ssh,0.3445378151260504,shared,asking
ssh,0.5686274509803921,shared,title
ssh,0.0847457627118644,b_only,tin
ssh,1.0,a_only,fascist
ssh,0.10726643598615918,b_only,searched
ssh,0.08843537414965986,b_only,attentively
ssh,1.0,a_only,pius
ssh,0.6494845360824743,shared,speaks
ssh,0.0847457627118644,b_only,carton
ssh,0.391304347826087,shared,situation
ssh,1.0,a_only,accessible
ssh,0.36752136752136755,shared,acquaintance
ssh,0.350210970464135,shared,diary
ssh,1.0,a_only,techno
ssh,0.2648221343873518,shared,finished
ssh,1.0,a_only,communists
ssh,0.6666666666666666,shared,similarly
ssh,0.3389121338912134,shared,importance
ssh,0.8390804597701149,shared,compact
ssh,0.7021276595744681,shared,prevail
ssh,0.36752136752136755,shared,city
ssh,1.0,a_only,goddesses
ssh,0.45454545454545453,shared,current
ssh,0.2698412698412698,shared,nor
ssh,0.3559322033898305,shared,following
ssh,0.39737991266375544,shared,advice
ssh,0.12280701754385964,b_only,soho
ssh,0.09965635738831616,b_only,kirwin
ssh,1.0,a_only,parallels
ssh,1.0,a_only,symmetry
ssh,0.7112299465240641,shared,accidental
ssh,1.0,a_only,concrete
ssh,0.5238095238095238,shared,endeavour
ssh,0.09965635738831616,b_only,varna
ssh,1.0,a_only,alchemist
ssh,1.0,a_only,feeding
ssh,0.3617021276595745,shared,discover
ssh,1.0,a_only,finalist
ssh,1.0,a_only,pueblo
ssh,1.0,a_only,ninth
ssh,1.0,a_only,professionals
ssh,1.0,a_only,lyrics
ssh,0.3168724279835391,shared,raised
ssh,0.350210970464135,shared,finger
ssh,1.0,a_only,anthony
ssh,1.0,a_only,continents
ssh,1.0,a_only,apocalypse
ssh,0.5165876777251185,shared,mode
ssh,0.3852813852813853,shared,foolish
ssh,0.6666666666666666,shared,reserve
ssh,1.0,a_only,stanley
ssh,1.0,a_only,perspective
ssh,1.0,a_only,warhol
ssh,0.5609756097560976,shared,quarrel
ssh,0.12280701754385964,b_only,rag
ssh,0.5384615384615384,shared,provided
ssh,1.0,a_only,elementary
ssh,1.0,a_only,winters
ssh,1.0,a_only,applications
ssh,1.0,a_only,abugidas
ssh,1.0,a_only,spontaneous
ssh,0.4953271028037383,shared,quit
ssh,0.0958904109589041,b_only,pencil
ssh,0.6666666666666666,shared,remainder
ssh,1.0,a_only,surgery
ssh,0.5311004784688995,shared,print
ssh,1.0,a_only,emirates
ssh,0.07744107744107744,b_only,25
ssh,0.5841584158415841,shared,yo
ssh,0.6931216931216931,shared,highway
ssh,1.0,a_only,include
ssh,1.0,a_only,uterus
ssh,0.3008130081300813,shared,greatest
ssh,0.8181818181818182,shared,impossibility
ssh,1.0,a_only,capabilities
ssh,0.6326530612244898,shared,globe
ssh,1.0,a_only,remnants
ssh,0.6931216931216931,shared,throws
ssh,1.0,a_only,philadelphia
ssh,0.285140562248996,shared,look
ssh,1.0,a_only,ancestor
ssh,1.0,a_only,gases
ssh,0.42857142857142855,shared,examination
ssh,0.7021276595744681,shared,lords
ssh,0.0738255033557047,b_only,emigrant
ssh,1.0,a_only,kay
ssh,0.7297297297297297,shared,purposely
ssh,1.0,a_only,bilingual
ssh,0.807909604519774,shared,communications
ssh,0.7679558011049724,shared,exerted
ssh,1.0,a_only,agriculture
ssh,0.40350877192982454,shared,produced
ssh,1.0,a_only,equilibrium
ssh,0.6080402010050251,shared,determination
ssh,1.0,a_only,retains
ssh,1.0,a_only,encyclopedia
ssh,0.675392670157068,shared,problems
ssh,1.0,a_only,capitalism
ssh,0.3852813852813853,shared,adventure
ssh,0.5533980582524272,shared,female
ssh,0.09965635738831616,b_only,morrow
ssh,0.0847457627118644,b_only,sawyer
ssh,0.11888111888111888,b_only,mender
ssh,0.4479638009049774,shared,frequently
ssh,1.0,a_only,sanjaks
ssh,1.0,a_only,initiated
ssh,0.30612244897959184,shared,else
ssh,1.0,a_only,zf
ssh,0.3168724279835391,shared,soon
ssh,0.3852813852813853,shared,weather
ssh,0.39737991266375544,shared,anyone
ssh,1.0,a_only,alchemy
ssh,0.07023411371237458,b_only,stillness
ssh,1.0,a_only,infection
ssh,0.5165876777251185,shared,frequent
ssh,0.4222222222222222,shared,formed
ssh,0.7391304347826086,shared,perfection
ssh,0.7582417582417582,shared,critical
ssh,1.0,a_only,gordon
ssh,1.0,a_only,amoeba
ssh,0.0738255033557047,b_only,subdued
ssh,0.39737991266375544,shared,band
ssh,0.0738255033557047,b_only,shattered
ssh,0.06312292358803986,b_only,lucases
ssh,0.09965635738831616,b_only,ther
ssh,1.0,a_only,loyal
ssh,1.0,a_only,br
ssh,0.0847457627118644,b_only,horrid
ssh,1.0,a_only,humans
ssh,1.0,a_only,tolerance
ssh,1.0,a_only,switch
ssh,1.0,a_only,subfamily
ssh,1.0,a_only,victorian
ssh,0.7777777777777778,shared,speeches
ssh,1.0,a_only,max
ssh,1.0,a_only,circular
ssh,0.29554655870445345,shared,them
ssh,0.45454545454545453,shared,sold
ssh,1.0,a_only,aegean
ssh,0.6580310880829016,shared,calf
ssh,1.0,a_only,oral
ssh,0.7679558011049724,shared,perpetual
ssh,0.6842105263157895,shared,harmony
ssh,0.6161616161616161,shared,preceding
ssh,1.0,a_only,stored
ssh,0.6494845360824743,shared,exception
ssh,0.3445378151260504,shared,among
ssh,1.0,a_only,fantasy
ssh,1.0,a_only,references
ssh,1.0,a_only,disagreement
ssh,0.7679558011049724,shared,gravity
ssh,0.6666666666666666,shared,holiday
ssh,0.6243654822335025,shared,extra
ssh,0.3445378151260504,shared,looked
ssh,0.09965635738831616,b_only,frankenstein
ssh,1.0,a_only,occurring
ssh,1.0,a_only,behavior
ssh,1.0,a_only,corporate
ssh,0.5533980582524272,shared,enormous
ssh,0.7021276595744681,shared,tricks
ssh,0.7204301075268817,shared,emerge
ssh,1.0,a_only,buenos
ssh,0.7777777777777778,shared,powder
ssh,1.0,a_only,tertiary
ssh,0.5238095238095238,shared,desk
ssh,1.0,a_only,concerto
ssh,0.7679558011049724,shared,beam
ssh,0.3617021276595745,shared,fixed
ssh,0.350210970464135,shared,noble
ssh,1.0,a_only,describes
ssh,1.0,a_only,defeated
ssh,1.0,a_only,annihilation
ssh,0.7021276595744681,shared,prevalent
ssh,1.0,a_only,hugo
ssh,0.5533980582524272,shared,beast
ssh,0.6,shared,maria
ssh,0.675392670157068,shared,preparations
ssh,0.5458937198067633,shared,phrase
ssh,1.0,a_only,followers
ssh,0.4883720930232558,shared,depend
ssh,0.44144144144144143,shared,bar
ssh,0.6410256410256411,shared,arrow
ssh,1.0,a_only,mystical
ssh,0.30612244897959184,shared,what
ssh,0.7297297297297297,shared,infancy
ssh,0.5533980582524272,shared,needle
ssh,1.0,a_only,preventing
ssh,0.08843537414965986,b_only,procession
ssh,1.0,a_only,theological
ssh,0.6243654822335025,shared,talks
ssh,0.807909604519774,shared,mixing
ssh,0.6161616161616161,shared,couch
ssh,1.0,a_only,heracles
ssh,0.4611872146118721,shared,orders
ssh,1.0,a_only,controls
ssh,0.37339055793991416,shared,saint
ssh,0.3445378151260504,shared,amongst
ssh,0.6494845360824743,shared,entitled
ssh,0.6931216931216931,shared,planning
ssh,0.07023411371237458,b_only,barsad
ssh,0.7877094972067039,shared,memorable
ssh,0.6410256410256411,shared,spots
ssh,1.0,a_only,agents
ssh,0.48148148148148145,shared,feeble
ssh,1.0,a_only,criticisms
ssh,1.0,a_only,preliminary
ssh,1.0,a_only,systematic
ssh,1.0,a_only,agnostics
ssh,0.7112299465240641,shared,area
ssh,1.0,a_only,radar
ssh,1.0,a_only,symbolic
ssh,1.0,a_only,diameter
ssh,0.4953271028037383,shared,yards
ssh,0.09215017064846416,b_only,commonplace
ssh,0.09965635738831616,b_only,cooked
ssh,1.0,a_only,governments
ssh,0.5763546798029556,shared,absent
ssh,1.0,a_only,atlantic
ssh,0.6161616161616161,shared,advantages
ssh,0.4611872146118721,shared,wet
ssh,0.6666666666666666,shared,principles
ssh,0.7021276595744681,shared,wool
ssh,0.09215017064846416,b_only,sit
ssh,1.0,a_only,temples
ssh,0.11498257839721254,b_only,claws
ssh,0.30612244897959184,shared,poor
ssh,1.0,a_only,bases
ssh,0.40350877192982454,shared,walls
ssh,0.6580310880829016,shared,political
ssh,0.3389121338912134,shared,passing
ssh,0.37339055793991416,shared,hole
ssh,0.6842105263157895,shared,pink
ssh,0.29554655870445345,shared,experience
ssh,0.09215017064846416,b_only,candle
ssh,0.09965635738831616,b_only,justine
ssh,0.7777777777777778,shared,survived
ssh,1.0,a_only,singles
ssh,0.675392670157068,shared,improbable
ssh,0.6080402010050251,shared,childhood
ssh,1.0,a_only,canal
ssh,0.7777777777777778,shared,ruled
ssh,1.0,a_only,ginsberg
ssh,0.05263157894736842,b_only,sobbing
ssh,1.0,a_only,trinity
ssh,0.7777777777777778,shared,curves
ssh,0.3333333333333333,shared,alive
ssh,0.12280701754385964,b_only,chaw
ssh,1.0,a_only,aligned
ssh,1.0,a_only,electron
ssh,0.3617021276595745,shared,its
ssh,0.7777777777777778,shared,chronicle
ssh,0.4953271028037383,shared,shape
ssh,0.7486338797814208,shared,denounced
ssh,1.0,a_only,gabon
ssh,1.0,a_only,goal
ssh,0.7486338797814208,shared,intelligent
ssh,0.3168724279835391,shared,able
ssh,1.0,a_only,governmental
ssh,1.0,a_only,ss
ssh,1.0,a_only,augusta
ssh,0.08108108108108109,b_only,sibyl
ssh,0.8713450292397661,shared,peacefully
ssh,1.0,a_only,roman
ssh,1.0,a_only,monastery
ssh,1.0,a_only,investment
ssh,0.6080402010050251,shared,desires
ssh,0.6580310880829016,shared,moderate
ssh,1.0,a_only,approximately
ssh,1.0,a_only,automorphism
ssh,0.4883720930232558,shared,energy
ssh,1.0,a_only,kentucky
ssh,0.10726643598615918,b_only,boscombe
ssh,1.0,a_only,ireland
ssh,0.5920398009950248,shared,pace
ssh,0.0958904109589041,b_only,frauds
ssh,1.0,a_only,costs
ssh,0.5763546798029556,shared,blade
ssh,0.44144144144144143,shared,odd
ssh,0.4611872146118721,shared,advance
ssh,0.3278008298755187,shared,impossible
ssh,0.5686274509803921,shared,fourteen
ssh,1.0,a_only,treatments
ssh,1.0,a_only,museums
ssh,0.0847457627118644,b_only,hateful
ssh,1.0,a_only,isomers
ssh,1.0,a_only,miscellaneous
ssh,0.08108108108108109,b_only,dreamed
ssh,1.0,a_only,layers
ssh,0.7582417582417582,shared,arch
ssh,0.5458937198067633,shared,answering
ssh,0.5384615384615384,shared,upper
ssh,0.3559322033898305,shared,carry
ssh,1.0,a_only,eden
ssh,0.5920398009950248,shared,endless
ssh,1.0,a_only,toll
ssh,1.0,a_only,requirements
ssh,0.797752808988764,shared,deaths
ssh,1.0,a_only,components
ssh,0.8285714285714286,shared,homes
ssh,1.0,a_only,eventual
ssh,0.10344827586206896,b_only,stepping
ssh,0.40350877192982454,shared,alan
ssh,0.46788990825688076,shared,considering
ssh,0.7391304347826086,shared,gestures
ssh,0.6326530612244898,shared,realised
ssh,0.6,shared,imprisonment
ssh,0.2903225806451613,shared,may
ssh,0.28,shared,easy
ssh,1.0,a_only,seasonal
ssh,1.0,a_only,contributions
ssh,0.0738255033557047,b_only,louder
ssh,0.2749003984063745,shared,towards
ssh,0.48148148148148145,shared,painful
ssh,0.10344827586206896,b_only,stepfather
ssh,0.2749003984063745,shared,because
ssh,0.7297297297297297,shared,engines
ssh,1.0,a_only,os
ssh,0.08108108108108109,b_only,vivid
ssh,0.5609756097560976,shared,leather
ssh,1.0,a_only,si
ssh,1.0,a_only,hippolytus
ssh,0.2749003984063745,shared,they
ssh,0.5763546798029556,shared,elderly
ssh,0.09215017064846416,b_only,1894
ssh,1.0,a_only,amethyst
ssh,0.5533980582524272,shared,recognised
ssh,0.7204301075268817,shared,picturesque
ssh,0.5920398009950248,shared,shine
ssh,1.0,a_only,melbourne
ssh,1.0,a_only,document
ssh,0.059602649006622516,b_only,moaned
ssh,0.5763546798029556,shared,twin
ssh,1.0,a_only,reaches
ssh,0.6080402010050251,shared,strict
ssh,0.4611872146118721,shared,welcome
ssh,0.06666666666666667,b_only,strangely
ssh,0.08843537414965986,b_only,hammer
ssh,0.7679558011049724,shared,scope
ssh,0.6161616161616161,shared,edges
ssh,1.0,a_only,romanian
ssh,1.0,a_only,cognitive
ssh,0.8497109826589595,shared,hampshire
ssh,1.0,a_only,croatian
ssh,1.0,a_only,peaks
ssh,0.7297297297297297,shared,corps
ssh,0.25984251968503935,shared,turning
ssh,1.0,a_only,recipient
ssh,0.0958904109589041,b_only,grasped
ssh,1.0,a_only,cycle
ssh,0.6243654822335025,shared,individual
ssh,1.0,a_only,aleutian
ssh,0.5609756097560976,shared,actions
ssh,0.7486338797814208,shared,frontier
ssh,0.3278008298755187,shared,child
ssh,0.6931216931216931,shared,ties
ssh,0.2698412698412698,shared,showed
ssh,0.47465437788018433,shared,frame
ssh,0.7112299465240641,shared,circles
ssh,1.0,a_only,alphabets
ssh,0.08108108108108109,b_only,vexed
ssh,1.0,a_only,anime
ssh,0.5094339622641509,shared,flesh
ssh,0.807909604519774,shared,tension
ssh,0.3333333333333333,shared,meeting
ssh,0.07744107744107744,b_only,frowned
ssh,0.0847457627118644,b_only,sleepy
ssh,0.5384615384615384,shared,stock
ssh,0.2903225806451613,shared,say
ssh,0.5920398009950248,shared,reynolds
ssh,0.5920398009950248,shared,confined
ssh,1.0,a_only,anniversary
ssh,0.059602649006622516,b_only,wrist
ssh,0.2749003984063745,shared,reckoned
ssh,0.5841584158415841,shared,prejudice
ssh,1.0,a_only,financial
ssh,1.0,a_only,traits
ssh,1.0,a_only,fascism
ssh,0.3852813852813853,shared,rage
ssh,0.1111111111111111,b_only,flatter
ssh,1.0,a_only,users
ssh,0.7021276595744681,shared,revival
ssh,1.0,a_only,agreements
ssh,0.4222222222222222,shared,succeeded
ssh,0.3793103448275862,shared,hoped
ssh,1.0,a_only,optical
ssh,0.2698412698412698,shared,looking
ssh,0.6494845360824743,shared,umbrella
ssh,1.0,a_only,scored
ssh,1.0,a_only,yeast
ssh,0.2698412698412698,shared,lost
ssh,0.4479638009049774,shared,pan
ssh,0.14285714285714285,b_only,gems
ssh,0.7679558011049724,shared,involve
ssh,0.47465437788018433,shared,precisely
ssh,0.5458937198067633,shared,possess
ssh,0.40350877192982454,shared,twelve
ssh,1.0,a_only,unions
ssh,1.0,a_only,discussing
ssh,0.3445378151260504,shared,dead
ssh,0.5023474178403756,shared,vanity
ssh,0.6842105263157895,shared,underground
ssh,1.0,a_only,credits
ssh,1.0,a_only,speculation
ssh,0.6326530612244898,shared,timber
ssh,0.6243654822335025,shared,breed
ssh,0.08108108108108109,b_only,tut
ssh,0.8181818181818182,shared,rival
ssh,0.7679558011049724,shared,errors
ssh,0.0958904109589041,b_only,secrecy
ssh,1.0,a_only,alder
ssh,1.0,a_only,bering
ssh,1.0,a_only,reprinted
ssh,0.6580310880829016,shared,rises
ssh,0.09215017064846416,b_only,attentive
ssh,0.08843537414965986,b_only,adler
ssh,0.7021276595744681,shared,vent
ssh,0.06312292358803986,b_only,weeping
ssh,0.675392670157068,shared,drums
ssh,0.45454545454545453,shared,including
ssh,0.08843537414965986,b_only,shuddered
ssh,0.5094339622641509,shared,banks
ssh,0.5841584158415841,shared,conference
ssh,0.47465437788018433,shared,counted
ssh,1.0,a_only,federer
ssh,0.3168724279835391,shared,slowly
ssh,1.0,a_only,channels
ssh,0.4479638009049774,shared,awoke
ssh,1.0,a_only,irrational
ssh,0.5458937198067633,shared,slave
ssh,0.7297297297297297,shared,travels
ssh,1.0,a_only,richmond
ssh,0.06312292358803986,b_only,wrung
ssh,1.0,a_only,editor
ssh,1.0,a_only,apl
ssh,1.0,a_only,linguistic
ssh,0.3168724279835391,shared,line
ssh,1.0,a_only,tube
ssh,0.28,shared,slept
ssh,1.0,a_only,papyrus
ssh,0.3333333333333333,shared,breast
ssh,0.5384615384615384,shared,bitterly
ssh,0.0738255033557047,b_only,unconsciously
ssh,0.6580310880829016,shared,cells
ssh,1.0,a_only,powered
ssh,0.0738255033557047,b_only,sensations
ssh,0.2749003984063745,shared,professor
ssh,1.0,a_only,abwehr
ssh,0.7204301075268817,shared,casual
ssh,0.4479638009049774,shared,lively
ssh,1.0,a_only,pioneered
ssh,1.0,a_only,gasoline
ssh,0.2549019607843137,shared,follow
ssh,0.1111111111111111,b_only,cart
ssh,1.0,a_only,settlers
ssh,0.7204301075268817,shared,selection
ssh,0.3008130081300813,shared,father
ssh,0.10726643598615918,b_only,hunted
ssh,1.0,a_only,armor
ssh,1.0,a_only,portals
ssh,1.0,a_only,alaska
ssh,0.23076923076923078,shared,remember
ssh,1.0,a_only,spencer
ssh,0.7679558011049724,shared,heroic
ssh,1.0,a_only,anthropologists
ssh,1.0,a_only,marie
ssh,0.09965635738831616,b_only,pathetic
ssh,1.0,a_only,eu
ssh,1.0,a_only,www
ssh,0.3168724279835391,shared,appeared
ssh,1.0,a_only,hungary
ssh,0.0847457627118644,b_only,sings
ssh,0.5841584158415841,shared,pa
ssh,0.2648221343873518,shared,hands
ssh,0.7204301075268817,shared,sustain
ssh,0.5841584158415841,shared,italian
ssh,0.4611872146118721,shared,creating
ssh,0.06666666666666667,b_only,monde
ssh,0.0847457627118644,b_only,drownded
ssh,1.0,a_only,mines
ssh,0.30612244897959184,shared,natural
ssh,0.08108108108108109,b_only,cheeks
ssh,0.44144144144144143,shared,friendship
ssh,0.45454545454545453,shared,narrow
ssh,0.5533980582524272,shared,exhibit
ssh,0.3008130081300813,shared,latter
ssh,1.0,a_only,ce
ssh,1.0,a_only,dementia
ssh,0.5023474178403756,shared,dates
ssh,0.7021276595744681,shared,basin
ssh,0.7204301075268817,shared,encourage
ssh,0.08108108108108109,b_only,amazement
ssh,1.0,a_only,males
ssh,1.0,a_only,facilitate
ssh,0.3168724279835391,shared,twice
ssh,0.797752808988764,shared,j
ssh,1.0,a_only,radicals
ssh,1.0,a_only,bertrand
ssh,1.0,a_only,integration
ssh,0.6080402010050251,shared,supplied
ssh,0.29554655870445345,shared,town
ssh,0.4611872146118721,shared,using
ssh,0.7204301075268817,shared,fibre
ssh,0.6580310880829016,shared,detective
ssh,1.0,a_only,calendar
ssh,1.0,a_only,limestone
ssh,1.0,a_only,favorite
ssh,0.7204301075268817,shared,mount
ssh,1.0,a_only,reef
ssh,0.5920398009950248,shared,texas
ssh,0.797752808988764,shared,officials
ssh,1.0,a_only,aalborg
ssh,0.7777777777777778,shared,confer
ssh,1.0,a_only,pseudo
ssh,1.0,a_only,mobile
ssh,1.0,a_only,metaphysics
ssh,1.0,a_only,ron
ssh,0.675392670157068,shared,backward
ssh,1.0,a_only,iupac
ssh,0.44144144144144143,shared,scenes
ssh,0.40969162995594716,shared,claim
ssh,0.0847457627118644,b_only,gracious
ssh,1.0,a_only,victorious
ssh,1.0,a_only,macedonia
ssh,1.0,a_only,akm
ssh,1.0,a_only,carolina
ssh,0.6931216931216931,shared,brick
ssh,0.5238095238095238,shared,virtue
ssh,0.39737991266375544,shared,bow
ssh,0.3008130081300813,shared,none
ssh,0.4479638009049774,shared,event
ssh,1.0,a_only,buddhist
ssh,0.5763546798029556,shared,scratch
ssh,0.7112299465240641,shared,irish
ssh,1.0,a_only,defense
ssh,0.1111111111111111,b_only,sickly
ssh,1.0,a_only,telescope
ssh,0.1267605633802817,b_only,sullen
ssh,0.350210970464135,shared,thirty
ssh,0.4479638009049774,shared,direct
ssh,0.6080402010050251,shared,selected
ssh,0.7582417582417582,shared,resided
ssh,0.8181818181818182,shared,abilities
ssh,0.6494845360824743,shared,sunny
ssh,1.0,a_only,hiv
ssh,1.0,a_only,continuous
ssh,1.0,a_only,fm
ssh,1.0,a_only,czech
ssh,0.7777777777777778,shared,rounds
ssh,0.7582417582417582,shared,explanations
ssh,0.6161616161616161,shared,sensitive
ssh,0.5533980582524272,shared,freely
ssh,0.08108108108108109,b_only,commence
ssh,0.30612244897959184,shared,surprise
ssh,0.32231404958677684,shared,allow
ssh,1.0,a_only,supporter
ssh,0.5023474178403756,shared,singing
ssh,1.0,a_only,reformed
ssh,0.245136186770428,shared,sudden
ssh,0.5384615384615384,shared,market
ssh,1.0,a_only,penguin
ssh,0.6161616161616161,shared,quarters
ssh,0.4479638009049774,shared,jumped
ssh,0.350210970464135,shared,various
ssh,0.7021276595744681,shared,antiquity
ssh,1.0,a_only,legend
ssh,0.6842105263157895,shared,wisdom
ssh,1.0,a_only,debut
ssh,0.47465437788018433,shared,copy
ssh,0.29554655870445345,shared,felt
ssh,0.285140562248996,shared,thought
ssh,0.10726643598615918,b_only,monsieur
ssh,1.0,a_only,categories
ssh,0.2648221343873518,shared,em
ssh,0.08108108108108109,b_only,bosom
ssh,1.0,a_only,fairbanks
ssh,0.0847457627118644,b_only,entreaties
ssh,0.7204301075268817,shared,mummy
ssh,0.5458937198067633,shared,whence
ssh,0.08843537414965986,b_only,shoe
ssh,0.08843537414965986,b_only,drifted
ssh,0.2648221343873518,shared,one
ssh,1.0,a_only,aphex
ssh,1.0,a_only,musicians
ssh,1.0,a_only,supports
ssh,0.6580310880829016,shared,kicked
ssh,0.6580310880829016,shared,army
ssh,0.3445378151260504,shared,de
ssh,0.7582417582417582,shared,weaken
ssh,0.6580310880829016,shared,retain
ssh,1.0,a_only,theater
ssh,1.0,a_only,experimented
ssh,0.09215017064846416,b_only,madly
ssh,0.056105610561056105,b_only,bedroom
ssh,0.45454545454545453,shared,daily
ssh,1.0,a_only,characterized
ssh,0.5686274509803921,shared,aboard
ssh,1.0,a_only,festivals
ssh,1.0,a_only,comprising
ssh,0.2698412698412698,shared,lot
ssh,1.0,a_only,surviving
ssh,0.2698412698412698,shared,besides
ssh,0.6580310880829016,shared,offence
ssh,0.285140562248996,shared,get
ssh,1.0,a_only,programs
ssh,0.3793103448275862,shared,expressed
ssh,0.42857142857142855,shared,unfortunate
ssh,1.0,a_only,tai
ssh,1.0,a_only,earl
ssh,1.0,a_only,hastings
ssh,1.0,a_only,believers
ssh,0.7679558011049724,shared,attain
ssh,0.6842105263157895,shared,accord
ssh,1.0,a_only,implicit
ssh,1.0,a_only,rendezvous
ssh,0.3389121338912134,shared,escape
ssh,0.07744107744107744,b_only,wept
ssh,0.7679558011049724,shared,prophetic
ssh,0.48148148148148145,shared,snakes
ssh,0.4479638009049774,shared,highest
ssh,0.0847457627118644,b_only,kitten
ssh,1.0,a_only,hindu
ssh,1.0,a_only,discipline
ssh,0.6931216931216931,shared,attacks
ssh,1.0,a_only,antigua
ssh,1.0,a_only,patrol
ssh,0.5841584158415841,shared,hail
ssh,1.0,a_only,latitude
ssh,0.5763546798029556,shared,burned
ssh,0.3852813852813853,shared,witness
ssh,0.3852813852813853,shared,grow
ssh,0.3793103448275862,shared,observe
ssh,0.4222222222222222,shared,french
ssh,0.6494845360824743,shared,healthy
ssh,0.7021276595744681,shared,bottles
ssh,0.6580310880829016,shared,shin
ssh,0.4883720930232558,shared,privilege
ssh,0.5311004784688995,shared,borne
ssh,0.5841584158415841,shared,petition
ssh,0.5023474178403756,shared,superior
ssh,0.5686274509803921,shared,test
ssh,0.6931216931216931,shared,eternity
ssh,1.0,a_only,target
ssh,1.0,a_only,increasingly
ssh,0.07744107744107744,b_only,twins
ssh,0.675392670157068,shared,buttons
ssh,0.47465437788018433,shared,deck
ssh,0.11498257839721254,b_only,forbid
ssh,0.09965635738831616,b_only,lovely
ssh,0.10344827586206896,b_only,mina
ssh,0.48148148148148145,shared,warning
ssh,0.5023474178403756,shared,accompanied
ssh,0.5533980582524272,shared,today
ssh,0.44144144144144143,shared,german
ssh,0.7112299465240641,shared,operate
ssh,0.1111111111111111,b_only,steamboat
ssh,0.42857142857142855,shared,alarm
ssh,0.7112299465240641,shared,tar
ssh,0.5609756097560976,shared,served
ssh,0.3617021276595745,shared,prevent
ssh,0.44144144144144143,shared,brave
ssh,0.5311004784688995,shared,qualities
ssh,1.0,a_only,ammonium
ssh,0.2903225806451613,shared,we
ssh,0.46788990825688076,shared,stands
ssh,0.5763546798029556,shared,agree
ssh,1.0,a_only,anarchy
ssh,0.6410256410256411,shared,discussed
ssh,1.0,a_only,titled
ssh,0.4883720930232558,shared,daughters
ssh,0.807909604519774,shared,comparative
ssh,1.0,a_only,opponents
ssh,0.3445378151260504,shared,large
ssh,1.0,a_only,diocese
ssh,1.0,a_only,doctrine
ssh,0.12280701754385964,b_only,aloft
ssh,0.6842105263157895,shared,williams
ssh,0.5458937198067633,shared,source
ssh,0.3333333333333333,shared,seven
ssh,0.44144144144144143,shared,soldiers
ssh,0.056105610561056105,b_only,distribute
ssh,0.10726643598615918,b_only,instinctively
ssh,0.5458937198067633,shared,increasing
ssh,1.0,a_only,awarded
ssh,1.0,a_only,doses
ssh,0.5458937198067633,shared,opera
ssh,0.6931216931216931,shared,nowadays
ssh,0.3168724279835391,shared,being
ssh,0.5841584158415841,shared,printed
ssh,0.245136186770428,shared,replied
ssh,0.5311004784688995,shared,sixteen
ssh,0.5533980582524272,shared,ideal
ssh,0.6410256410256411,shared,rolling
ssh,0.4883720930232558,shared,laws
ssh,1.0,a_only,scripture
ssh,0.11498257839721254,b_only,clerks
ssh,1.0,a_only,determining
ssh,0.059602649006622516,b_only,paddle
ssh,0.6931216931216931,shared,newspaper
ssh,0.3114754098360656,shared,grave
ssh,1.0,a_only,canons
ssh,1.0,a_only,yale
ssh,1.0,a_only,replacement
ssh,0.5458937198067633,shared,instruments
ssh,1.0,a_only,ibrahim
ssh,0.6161616161616161,shared,surface
ssh,1.0,a_only,clan
ssh,0.2903225806451613,shared,become
ssh,0.4611872146118721,shared,stage
ssh,0.7486338797814208,shared,pairs
ssh,0.6931216931216931,shared,accent
ssh,0.30612244897959184,shared,subject
ssh,0.3114754098360656,shared,instantly
ssh,1.0,a_only,contested
ssh,1.0,a_only,nova
ssh,0.5686274509803921,shared,hailed
ssh,0.6842105263157895,shared,roughly
ssh,1.0,a_only,enhanced
ssh,0.09215017064846416,b_only,weary
ssh,0.1111111111111111,b_only,roses
ssh,1.0,a_only,defended
ssh,0.5686274509803921,shared,struggling
ssh,0.40969162995594716,shared,reasons
ssh,1.0,a_only,bj
ssh,0.3852813852813853,shared,hook
ssh,1.0,a_only,vehicles
ssh,0.3559322033898305,shared,return
ssh,1.0,a_only,prussia
ssh,0.7679558011049724,shared,dock
ssh,0.7021276595744681,shared,commonly
ssh,0.7486338797814208,shared,westminster
ssh,1.0,a_only,testing
ssh,1.0,a_only,syntax
ssh,1.0,a_only,autistic
ssh,0.7204301075268817,shared,japanese
ssh,0.08108108108108109,b_only,churchyard
ssh,0.10726643598615918,b_only,gown
ssh,0.0847457627118644,b_only,spoiled
ssh,0.3008130081300813,shared,went
ssh,1.0,a_only,serial
ssh,0.7204301075268817,shared,advocate
ssh,0.25984251968503935,shared,feelings
ssh,0.6326530612244898,shared,exploring
ssh,1.0,a_only,semi
ssh,1.0,a_only,steven
ssh,0.807909604519774,shared,hints
ssh,0.3333333333333333,shared,gentle
ssh,1.0,a_only,geographic
ssh,0.5609756097560976,shared,daytime
ssh,1.0,a_only,alkane
ssh,0.6410256410256411,shared,refusal
ssh,0.08843537414965986,b_only,manage
ssh,0.25,shared,work
ssh,0.5238095238095238,shared,flash
ssh,0.7391304347826086,shared,confirm
ssh,0.6080402010050251,shared,labours
ssh,1.0,a_only,housing
ssh,0.29554655870445345,shared,happened
ssh,0.6080402010050251,shared,centuries
ssh,1.0,a_only,canon
ssh,1.0,a_only,default
ssh,0.5458937198067633,shared,painting
ssh,1.0,a_only,decisive
ssh,0.285140562248996,shared,within
ssh,0.7112299465240641,shared,commanded
ssh,0.8285714285714286,shared,consumption
ssh,1.0,a_only,layer
ssh,1.0,a_only,ethane
ssh,0.07023411371237458,b_only,firmness
ssh,1.0,a_only,tours
ssh,0.6326530612244898,shared,verdict
ssh,0.3559322033898305,shared,thrown
ssh,0.4883720930232558,shared,lion
ssh,0.7021276595744681,shared,symbol
ssh,0.5311004784688995,shared,spell
ssh,0.0958904109589041,b_only,slate
ssh,0.47465437788018433,shared,camp
ssh,0.6080402010050251,shared,meat
ssh,0.350210970464135,shared,not
ssh,0.09215017064846416,b_only,sleeves
ssh,0.4953271028037383,shared,soup
ssh,0.5920398009950248,shared,consulted
ssh,0.7297297297297297,shared,professions
ssh,0.3559322033898305,shared,generally
ssh,0.5609756097560976,shared,elsewhere
ssh,0.5165876777251185,shared,treatment
ssh,1.0,a_only,performances
ssh,0.807909604519774,shared,situations
ssh,1.0,a_only,literacy
ssh,0.2903225806451613,shared,madame
ssh,0.5458937198067633,shared,official
ssh,0.6410256410256411,shared,unnatural
ssh,1.0,a_only,variants
ssh,0.09965635738831616,b_only,warmed
ssh,0.7391304347826086,shared,garments
ssh,0.675392670157068,shared,adjoining
ssh,0.6326530612244898,shared,exchanged
ssh,0.5458937198067633,shared,compared
ssh,0.4479638009049774,shared,desired
ssh,1.0,a_only,ainu
ssh,1.0,a_only,arminianism
ssh,0.675392670157068,shared,soldier
ssh,0.5458937198067633,shared,steep
ssh,1.0,a_only,dividing
ssh,0.46788990825688076,shared,trace
ssh,0.6161616161616161,shared,parish
ssh,0.7112299465240641,shared,artistic
ssh,0.46788990825688076,shared,ended
ssh,0.5763546798029556,shared,involved
ssh,0.3445378151260504,shared,rabbit
ssh,1.0,a_only,campaigns
ssh,1.0,a_only,strictly
ssh,1.0,a_only,heinrich
ssh,0.0847457627118644,b_only,forefinger
ssh,0.07744107744107744,b_only,particulars
ssh,1.0,a_only,corporation
ssh,0.6080402010050251,shared,pipes
ssh,0.4953271028037383,shared,wheels
ssh,0.7679558011049724,shared,overwhelming
ssh,0.6410256410256411,shared,seize
ssh,0.06312292358803986,b_only,cunning
ssh,1.0,a_only,revenue
ssh,0.0958904109589041,b_only,wickedness
ssh,0.5023474178403756,shared,firm
ssh,0.7486338797814208,shared,waterloo
ssh,0.1111111111111111,b_only,6
ssh,0.47465437788018433,shared,occasionally
ssh,0.7679558011049724,shared,adjacent
ssh,0.11498257839721254,b_only,garret
ssh,0.6326530612244898,shared,engaging
ssh,0.2903225806451613,shared,fast
ssh,1.0,a_only,electrical
ssh,0.4883720930232558,shared,protect
ssh,1.0,a_only,aspects
ssh,1.0,a_only,blockade
ssh,0.4883720930232558,shared,screen
ssh,0.08843537414965986,b_only,fancies
ssh,1.0,a_only,brazil
ssh,0.7297297297297297,shared,label
ssh,0.7297297297297297,shared,associate
ssh,1.0,a_only,boyle
ssh,1.0,a_only,ranking
ssh,1.0,a_only,successor
ssh,0.3278008298755187,shared,cry
ssh,0.7112299465240641,shared,killing
ssh,0.10726643598615918,b_only,tongues
ssh,1.0,a_only,outcome
ssh,1.0,a_only,connecting
ssh,1.0,a_only,phil
ssh,0.30612244897959184,shared,desire
ssh,0.5384615384615384,shared,reduced
ssh,0.7112299465240641,shared,readiness
ssh,0.7486338797814208,shared,loses
ssh,0.7112299465240641,shared,miniature
ssh,1.0,a_only,indicator
ssh,1.0,a_only,robots
ssh,0.6931216931216931,shared,oppression
ssh,0.0847457627118644,b_only,comply
ssh,1.0,a_only,angola
ssh,1.0,a_only,jobs
ssh,1.0,a_only,borman
ssh,1.0,a_only,individualist
ssh,1.0,a_only,excavation
ssh,1.0,a_only,abbreviations
ssh,1.0,a_only,axiom
ssh,0.3008130081300813,shared,long
ssh,0.08843537414965986,b_only,brightly
ssh,0.07023411371237458,b_only,protectors
ssh,1.0,a_only,crater
ssh,0.09965635738831616,b_only,dearest
ssh,1.0,a_only,pelagianism
ssh,0.6161616161616161,shared,mentioning
ssh,0.6494845360824743,shared,im
ssh,0.415929203539823,shared,flying
ssh,1.0,a_only,colorado
ssh,0.42857142857142855,shared,share
ssh,0.3008130081300813,shared,lead
ssh,0.6494845360824743,shared,greedy
ssh,0.7297297297297297,shared,overlooked
ssh,0.5763546798029556,shared,finds
ssh,1.0,a_only,portrayal
ssh,0.8713450292397661,shared,deer
ssh,1.0,a_only,infections
ssh,0.5458937198067633,shared,closely
ssh,1.0,a_only,winner
ssh,0.7582417582417582,shared,lasts
ssh,1.0,a_only,standards
ssh,0.5094339622641509,shared,courtyard
ssh,0.1347517730496454,b_only,gaiety
ssh,0.7021276595744681,shared,admission
ssh,0.2648221343873518,shared,certainly
ssh,0.45454545454545453,shared,agitation
ssh,1.0,a_only,titles
ssh,0.7297297297297297,shared,se
ssh,0.4222222222222222,shared,bench
ssh,1.0,a_only,histories
ssh,1.0,a_only,info
ssh,1.0,a_only,variable
ssh,0.7391304347826086,shared,proceeding
ssh,0.6666666666666666,shared,tendency
ssh,0.4479638009049774,shared,wholly
ssh,0.5686274509803921,shared,moreover
ssh,1.0,a_only,kabul
ssh,0.30612244897959184,shared,heavy
ssh,0.7582417582417582,shared,uniform
ssh,1.0,a_only,unsuccessful
ssh,0.6842105263157895,shared,responded
ssh,1.0,a_only,annually
ssh,0.5533980582524272,shared,divided
ssh,0.4349775784753363,shared,showing
ssh,0.3389121338912134,shared,knife
ssh,1.0,a_only,invade
ssh,0.3008130081300813,shared,received
ssh,0.6842105263157895,shared,philosophers
ssh,0.07023411371237458,b_only,wretchedness
ssh,1.0,a_only,pakistan
ssh,0.11888111888111888,b_only,violently
ssh,0.47465437788018433,shared,concern
ssh,1.0,a_only,classified
ssh,0.08108108108108109,b_only,candles
ssh,0.6931216931216931,shared,scores
ssh,1.0,a_only,acids
ssh,0.675392670157068,shared,originated
ssh,1.0,a_only,implementations
ssh,0.391304347826087,shared,thanks
ssh,1.0,a_only,hereditary
ssh,1.0,a_only,vietnamese
ssh,0.4953271028037383,shared,cup
ssh,1.0,a_only,norway
ssh,1.0,a_only,aka
ssh,0.3278008298755187,shared,age
ssh,1.0,a_only,adams
ssh,0.07023411371237458,b_only,dad
ssh,0.350210970464135,shared,service
ssh,0.44144144144144143,shared,absence
ssh,0.4953271028037383,shared,friendly
ssh,1.0,a_only,thirds
ssh,0.3793103448275862,shared,bringing
ssh,0.5165876777251185,shared,spared
ssh,0.5238095238095238,shared,represented
ssh,1.0,a_only,des
ssh,0.7297297297297297,shared,culture
ssh,0.0847457627118644,b_only,deceived
ssh,1.0,a_only,bellows
ssh,1.0,a_only,taxonomy
ssh,1.0,a_only,sina
ssh,0.285140562248996,shared,which
ssh,0.6580310880829016,shared,depressed
ssh,1.0,a_only,bavaria
ssh,0.4953271028037383,shared,notes
ssh,0.6,shared,inches
ssh,0.5023474178403756,shared,torn
ssh,1.0,a_only,nh
ssh,0.07744107744107744,b_only,gratified
ssh,1.0,a_only,portrayed
ssh,1.0,a_only,nonetheless
ssh,0.5686274509803921,shared,harbour
ssh,0.37339055793991416,shared,un
ssh,0.08843537414965986,b_only,momentary
ssh,0.32231404958677684,shared,passed
ssh,0.48148148148148145,shared,deed
ssh,0.7297297297297297,shared,emergency
ssh,0.4611872146118721,shared,citizen
ssh,1.0,a_only,improving
ssh,1.0,a_only,dean
ssh,0.12280701754385964,b_only,stately
ssh,1.0,a_only,archaeologists
ssh,0.08108108108108109,b_only,hunsford
ssh,1.0,a_only,wyoming
ssh,1.0,a_only,excluded
ssh,0.30612244897959184,shared,step
ssh,1.0,a_only,monthly
ssh,1.0,a_only,larry
ssh,0.2549019607843137,shared,good
ssh,1.0,a_only,statesman
ssh,1.0,a_only,contexts
ssh,0.5094339622641509,shared,signal
ssh,1.0,a_only,epic
ssh,0.6410256410256411,shared,politics
ssh,0.7679558011049724,shared,venetian
ssh,0.04234527687296417,b_only,hastily
ssh,1.0,a_only,innovative
ssh,0.7297297297297297,shared,twentieth
ssh,0.3559322033898305,shared,seek
ssh,0.0738255033557047,b_only,retorted
ssh,0.6666666666666666,shared,minor
ssh,0.3168724279835391,shared,d
ssh,0.7297297297297297,shared,hubbard
ssh,1.0,a_only,neutrality
ssh,1.0,a_only,volcanoes
ssh,1.0,a_only,cologne
ssh,0.09215017064846416,b_only,misfortunes
ssh,1.0,a_only,mi
ssh,0.6666666666666666,shared,breadth
ssh,1.0,a_only,sweden
ssh,0.6931216931216931,shared,assume
ssh,0.807909604519774,shared,considerations
ssh,1.0,a_only,dan
ssh,1.0,a_only,morgan
ssh,0.5458937198067633,shared,witnesses
ssh,1.0,a_only,rugby
ssh,1.0,a_only,aphrodite
ssh,0.5609756097560976,shared,sunlight
ssh,0.40350877192982454,shared,rule
ssh,0.675392670157068,shared,beach
ssh,0.08843537414965986,b_only,vexation
ssh,0.47465437788018433,shared,evident
ssh,0.7021276595744681,shared,throne
ssh,0.29554655870445345,shared,said
ssh,1.0,a_only,parallel
ssh,1.0,a_only,tiberius
ssh,1.0,a_only,albertus
ssh,1.0,a_only,essay
ssh,0.10726643598615918,b_only,shook
ssh,0.5841584158415841,shared,digging
ssh,1.0,a_only,diet
ssh,1.0,a_only,historically
ssh,0.06666666666666667,b_only,intently
ssh,0.47465437788018433,shared,command
ssh,0.30612244897959184,shared,leaves
ssh,1.0,a_only,practitioners
ssh,1.0,a_only,births
ssh,0.5763546798029556,shared,tending
ssh,0.0738255033557047,b_only,safie
ssh,0.4611872146118721,shared,ink
ssh,0.3559322033898305,shared,bitter
ssh,1.0,a_only,equation
ssh,1.0,a_only,modification
ssh,0.5094339622641509,shared,rank
ssh,0.10344827586206896,b_only,amy
ssh,1.0,a_only,obsolete
ssh,0.0847457627118644,b_only,apiece
ssh,0.6494845360824743,shared,toes
ssh,0.11888111888111888,b_only,yesterday
ssh,0.675392670157068,shared,neighbouring
ssh,0.3333333333333333,shared,england
ssh,1.0,a_only,woolfson
ssh,0.5841584158415841,shared,deaf
ssh,0.6161616161616161,shared,benevolent
ssh,0.7021276595744681,shared,originally
ssh,0.48148148148148145,shared,quality
ssh,0.39737991266375544,shared,board
ssh,0.6080402010050251,shared,deepest
ssh,0.07023411371237458,b_only,fearful
ssh,1.0,a_only,circ
ssh,0.36752136752136755,shared,slight
ssh,0.36752136752136755,shared,lie
ssh,0.6080402010050251,shared,winning
ssh,0.3333333333333333,shared,hurt
ssh,0.4883720930232558,shared,date
ssh,1.0,a_only,transformation
ssh,0.7582417582417582,shared,coincidence
ssh,0.3168724279835391,shared,here
ssh,1.0,a_only,racial
ssh,1.0,a_only,anterior
ssh,0.5311004784688995,shared,denied
ssh,0.09965635738831616,b_only,bride
ssh,0.5023474178403756,shared,term
ssh,0.7021276595744681,shared,phase
ssh,0.5094339622641509,shared,h
ssh,1.0,a_only,digital
ssh,0.8181818181818182,shared,borders
ssh,1.0,a_only,gibson
ssh,1.0,a_only,uss
ssh,0.415929203539823,shared,directed
ssh,0.6842105263157895,shared,lecture
ssh,0.07023411371237458,b_only,sunshine
ssh,0.4883720930232558,shared,pounds
ssh,0.36752136752136755,shared,mouth
ssh,1.0,a_only,technical
ssh,0.5841584158415841,shared,depends
ssh,0.2903225806451613,shared,by
ssh,0.6494845360824743,shared,guests
ssh,1.0,a_only,genres
ssh,0.7391304347826086,shared,fame
ssh,0.6580310880829016,shared,preference
ssh,0.3793103448275862,shared,strength
ssh,0.6580310880829016,shared,element
ssh,0.5311004784688995,shared,thou
ssh,1.0,a_only,maintain
ssh,1.0,a_only,aluminum
ssh,1.0,a_only,arius
ssh,0.09965635738831616,b_only,kite
ssh,0.08108108108108109,b_only,drank
ssh,1.0,a_only,walter
ssh,0.1111111111111111,b_only,whistle
ssh,1.0,a_only,symbols
ssh,0.3168724279835391,shared,dogs
ssh,0.4611872146118721,shared,midst
ssh,1.0,a_only,kalashnikov
ssh,0.30612244897959184,shared,people
ssh,0.4953271028037383,shared,opium
ssh,1.0,a_only,paradox
ssh,1.0,a_only,dick
ssh,0.0847457627118644,b_only,glow
ssh,0.10344827586206896,b_only,mouths
ssh,0.29554655870445345,shared,about
ssh,0.7297297297297297,shared,cream
ssh,0.7486338797814208,shared,devices
ssh,1.0,a_only,efficient
ssh,0.7297297297297297,shared,generations
ssh,1.0,a_only,verbal
ssh,0.5094339622641509,shared,happens
ssh,0.30612244897959184,shared,horse
ssh,1.0,a_only,carrier
ssh,0.32231404958677684,shared,probably
ssh,0.08843537414965986,b_only,grin
ssh,1.0,a_only,advocated
ssh,1.0,a_only,fao
ssh,0.06666666666666667,b_only,supposing
ssh,1.0,a_only,published
ssh,0.6580310880829016,shared,belonging
ssh,0.7391304347826086,shared,militia
ssh,1.0,a_only,senior
ssh,1.0,a_only,pp
ssh,0.6580310880829016,shared,discoveries
ssh,0.6494845360824743,shared,proposals
ssh,1.0,a_only,benefits
ssh,0.6326530612244898,shared,universal
ssh,0.7391304347826086,shared,hospitality
ssh,0.675392670157068,shared,craft
ssh,1.0,a_only,hits
ssh,0.6410256410256411,shared,arise
ssh,0.7877094972067039,shared,traded
ssh,0.45454545454545453,shared,veil
ssh,0.5311004784688995,shared,cats
ssh,1.0,a_only,assistive
ssh,1.0,a_only,loyalists
ssh,0.32231404958677684,shared,marry
ssh,0.44144144144144143,shared,shoulders
ssh,0.7877094972067039,shared,weigh
ssh,1.0,a_only,sector
ssh,0.09215017064846416,b_only,ecstasy
ssh,1.0,a_only,diacritics
ssh,0.3114754098360656,shared,hundred
ssh,0.09215017064846416,b_only,skiff
ssh,1.0,a_only,khan
ssh,1.0,a_only,hemisphere
ssh,1.0,a_only,attila
ssh,0.6580310880829016,shared,foam
ssh,0.0738255033557047,b_only,jolly
ssh,0.5920398009950248,shared,le
ssh,0.3389121338912134,shared,hung
ssh,0.6080402010050251,shared,offices
ssh,1.0,a_only,boundaries
ssh,1.0,a_only,protons
ssh,0.7777777777777778,shared,spin
ssh,1.0,a_only,stations
ssh,0.7112299465240641,shared,paul
ssh,0.3389121338912134,shared,neither
ssh,1.0,a_only,advances
ssh,1.0,a_only,permanently
ssh,1.0,a_only,physicians
ssh,1.0,a_only,fermented
ssh,0.06312292358803986,b_only,amazed
ssh,0.7486338797814208,shared,amusing
ssh,0.09965635738831616,b_only,awfully
ssh,1.0,a_only,ada
ssh,0.3389121338912134,shared,standing
ssh,0.6080402010050251,shared,explaining
ssh,1.0,a_only,isaac
ssh,0.6842105263157895,shared,offers
ssh,0.3333333333333333,shared,force
ssh,1.0,a_only,hosted
ssh,1.0,a_only,beaches
ssh,1.0,a_only,invasion
ssh,1.0,a_only,coastal
ssh,1.0,a_only,stewart
ssh,0.09965635738831616,b_only,cousins
ssh,1.0,a_only,spaces
ssh,0.3559322033898305,shared,action
ssh,1.0,a_only,julian
ssh,0.4222222222222222,shared,turns
ssh,0.6410256410256411,shared,wherein
ssh,1.0,a_only,constitutes
ssh,1.0,a_only,oliver
ssh,0.7204301075268817,shared,troops
ssh,0.0847457627118644,b_only,hungry
ssh,1.0,a_only,referenced
ssh,1.0,a_only,orbital
ssh,0.08108108108108109,b_only,lizzy
ssh,0.7486338797814208,shared,estates
ssh,0.7204301075268817,shared,preceded
ssh,0.28,shared,live
ssh,0.5458937198067633,shared,relationship
ssh,1.0,a_only,journals
ssh,0.2903225806451613,shared,sake
ssh,0.350210970464135,shared,important
ssh,0.0958904109589041,b_only,thatcher
ssh,0.7021276595744681,shared,vehicle
ssh,0.6080402010050251,shared,origin
ssh,0.42857142857142855,shared,needed
ssh,1.0,a_only,tested
ssh,1.0,a_only,mead
ssh,1.0,a_only,zone
ssh,0.6494845360824743,shared,ca
ssh,1.0,a_only,depicting
ssh,1.0,a_only,marshall
ssh,1.0,a_only,theoretical
ssh,1.0,a_only,hardware
ssh,0.29554655870445345,shared,feel
ssh,0.7297297297297297,shared,paragraph
ssh,0.3008130081300813,shared,let
ssh,0.39737991266375544,shared,influence
ssh,0.08108108108108109,b_only,impatiently
ssh,1.0,a_only,christianity
ssh,1.0,a_only,caiman
ssh,0.7679558011049724,shared,vary
ssh,0.5384615384615384,shared,stained
ssh,0.3168724279835391,shared,does
ssh,0.6243654822335025,shared,condemned
ssh,0.3008130081300813,shared,sir
ssh,0.40350877192982454,shared,fifteen
ssh,0.6326530612244898,shared,stout
ssh,1.0,a_only,distribution
ssh,1.0,a_only,recognizes
ssh,0.3852813852813853,shared,crime
ssh,0.2749003984063745,shared,gave
ssh,1.0,a_only,municipal
ssh,0.807909604519774,shared,mirrors
ssh,0.08108108108108109,b_only,lagoon
ssh,1.0,a_only,casa
ssh,1.0,a_only,extensively
ssh,0.285140562248996,shared,silent
ssh,0.0958904109589041,b_only,cheerfully
ssh,0.3168724279835391,shared,mr
ssh,0.4222222222222222,shared,tall
ssh,0.6931216931216931,shared,courses
ssh,1.0,a_only,motor
ssh,0.3114754098360656,shared,god
ssh,0.4479638009049774,shared,respectable
ssh,0.6080402010050251,shared,memories
ssh,0.0847457627118644,b_only,haunted
ssh,0.44144144144144143,shared,concerned
ssh,1.0,a_only,revolt
ssh,0.2648221343873518,shared,till
ssh,0.6666666666666666,shared,giant
ssh,0.7877094972067039,shared,ancestors
ssh,0.2698412698412698,shared,school
ssh,0.6666666666666666,shared,maiden
ssh,0.6326530612244898,shared,expense
ssh,0.2698412698412698,shared,two
ssh,1.0,a_only,metals
ssh,0.6326530612244898,shared,happening
ssh,0.7297297297297297,shared,temporary
ssh,0.6842105263157895,shared,aristocracy
ssh,0.797752808988764,shared,abuse
ssh,0.09215017064846416,b_only,embroidered
ssh,0.32231404958677684,shared,remain
ssh,0.7679558011049724,shared,attraction
ssh,0.2749003984063745,shared,with
ssh,1.0,a_only,schopenhauer
ssh,0.5311004784688995,shared,thy
ssh,1.0,a_only,sultan
ssh,0.5238095238095238,shared,cake
ssh,0.7486338797814208,shared,exposing
ssh,0.5920398009950248,shared,worship
ssh,0.5094339622641509,shared,flower
ssh,0.08843537414965986,b_only,coarse
ssh,0.056105610561056105,b_only,monstrous
ssh,1.0,a_only,aidan
ssh,0.350210970464135,shared,wine
ssh,0.6410256410256411,shared,walton
ssh,0.5384615384615384,shared,cell
ssh,0.08843537414965986,b_only,aloud
ssh,0.5311004784688995,shared,doctors
ssh,0.3008130081300813,shared,five
ssh,1.0,a_only,values
ssh,1.0,a_only,attested
ssh,1.0,a_only,prairie
ssh,0.3333333333333333,shared,watched
ssh,0.5533980582524272,shared,provide
ssh,0.3278008298755187,shared,below
ssh,0.5920398009950248,shared,boats
ssh,0.3852813852813853,shared,fears
ssh,1.0,a_only,successors
ssh,0.6326530612244898,shared,laden
ssh,0.7204301075268817,shared,sailed
ssh,0.09965635738831616,b_only,bestow
ssh,0.8497109826589595,shared,wonderland
ssh,0.44144144144144143,shared,confused
ssh,0.5920398009950248,shared,rider
ssh,0.3445378151260504,shared,attention
ssh,1.0,a_only,cultural
ssh,1.0,a_only,inland
ssh,1.0,a_only,ethics
ssh,0.4611872146118721,shared,thumb
ssh,0.45454545454545453,shared,fish
ssh,0.6,shared,difficulties
ssh,0.47465437788018433,shared,exercise
ssh,0.08108108108108109,b_only,ole
ssh,0.32231404958677684,shared,point
ssh,0.40350877192982454,shared,hill
ssh,1.0,a_only,andr
ssh,0.5094339622641509,shared,detail
ssh,0.5841584158415841,shared,resumed
ssh,0.4953271028037383,shared,brighton
ssh,0.7777777777777778,shared,ranged
ssh,0.07744107744107744,b_only,blush
ssh,0.12280701754385964,b_only,shucks
ssh,1.0,a_only,anarchists
ssh,0.3333333333333333,shared,court
ssh,1.0,a_only,soviet
ssh,0.4479638009049774,shared,doubtless
ssh,0.08108108108108109,b_only,whiskers
ssh,0.30612244897959184,shared,after
ssh,0.07744107744107744,b_only,suspect
ssh,0.0847457627118644,b_only,utter
ssh,0.5920398009950248,shared,brief
ssh,0.4222222222222222,shared,altogether
ssh,0.3008130081300813,shared,husband
ssh,1.0,a_only,domini
ssh,0.7877094972067039,shared,tended
ssh,0.29554655870445345,shared,wait
ssh,0.2749003984063745,shared,would
ssh,1.0,a_only,camus
ssh,0.09215017064846416,b_only,knocking
ssh,0.6326530612244898,shared,substance
ssh,0.6931216931216931,shared,graves
ssh,0.0958904109589041,b_only,wondering
ssh,0.47465437788018433,shared,client
ssh,0.6931216931216931,shared,complaint
ssh,0.7204301075268817,shared,contracted
ssh,0.30612244897959184,shared,observed
ssh,1.0,a_only,vocabulary
ssh,0.0958904109589041,b_only,obeyed
ssh,1.0,a_only,physically
ssh,0.6580310880829016,shared,flown
ssh,0.8181818181818182,shared,unaware
ssh,1.0,a_only,reich
ssh,0.48148148148148145,shared,principal
ssh,0.7777777777777778,shared,seal
ssh,0.09215017064846416,b_only,perplexed
ssh,1.0,a_only,exaggerated
ssh,0.7297297297297297,shared,olive
ssh,0.12280701754385964,b_only,doubted
ssh,0.0738255033557047,b_only,ventilator
ssh,0.5094339622641509,shared,informed
ssh,0.07744107744107744,b_only,verses
ssh,0.4479638009049774,shared,group
ssh,0.29554655870445345,shared,bound
ssh,1.0,a_only,imagery
ssh,0.07744107744107744,b_only,pemberley
ssh,0.5686274509803921,shared,hills
ssh,0.5920398009950248,shared,gathering
ssh,1.0,a_only,alchemical
ssh,1.0,a_only,motto
ssh,0.48148148148148145,shared,reality
ssh,0.7204301075268817,shared,lewis
ssh,0.6161616161616161,shared,parent
ssh,0.7582417582417582,shared,rarely
ssh,1.0,a_only,comedian
ssh,0.39737991266375544,shared,treated
ssh,0.5384615384615384,shared,remove
ssh,1.0,a_only,chadic
ssh,0.6410256410256411,shared,undertaking
ssh,1.0,a_only,cambodia
ssh,0.675392670157068,shared,sustained
ssh,1.0,a_only,alkyl
ssh,0.2698412698412698,shared,matter
ssh,0.7297297297297297,shared,imposed
ssh,0.6161616161616161,shared,stolen
ssh,0.6666666666666666,shared,refusing
ssh,1.0,a_only,fauna
ssh,0.5094339622641509,shared,shocked
ssh,0.6243654822335025,shared,legal
ssh,0.391304347826087,shared,doesn
ssh,0.7021276595744681,shared,saxon
ssh,0.0958904109589041,b_only,dining
ssh,1.0,a_only,compiled
ssh,0.7391304347826086,shared,affirmative
ssh,0.3389121338912134,shared,sister
ssh,1.0,a_only,accepts
ssh,1.0,a_only,el
ssh,0.5533980582524272,shared,visitors
ssh,0.5920398009950248,shared,fashioned
ssh,1.0,a_only,mediterranean
ssh,0.39737991266375544,shared,supposed
ssh,1.0,a_only,crashes
ssh,1.0,a_only,dialects
ssh,0.5841584158415841,shared,agent
ssh,0.6931216931216931,shared,register
ssh,1.0,a_only,inorganic
ssh,0.285140562248996,shared,mrs
ssh,0.08108108108108109,b_only,openshaw
ssh,0.6931216931216931,shared,authors
ssh,0.42857142857142855,shared,buy
ssh,1.0,a_only,focus
ssh,0.3445378151260504,shared,less
ssh,1.0,a_only,manufacturing
ssh,0.3389121338912134,shared,few
ssh,1.0,a_only,operates
ssh,0.25,shared,usual
ssh,1.0,a_only,velocity
ssh,1.0,a_only,conquer
ssh,1.0,a_only,wildlife
ssh,0.7582417582417582,shared,surprising
ssh,1.0,a_only,orbitals
ssh,0.2749003984063745,shared,red
ssh,1.0,a_only,selling
ssh,0.06666666666666667,b_only,3
ssh,0.5023474178403756,shared,original
ssh,1.0,a_only,drivers
ssh,1.0,a_only,april
ssh,0.44144144144144143,shared,partly
ssh,0.6931216931216931,shared,teacher
ssh,0.09215017064846416,b_only,wandered
ssh,1.0,a_only,frankish
ssh,1.0,a_only,halley
ssh,1.0,a_only,metropolitan
ssh,1.0,a_only,rfc
ssh,1.0,a_only,applies
ssh,0.28,shared,sight
ssh,1.0,a_only,wallace
ssh,1.0,a_only,afghan
ssh,1.0,a_only,integer
ssh,0.0847457627118644,b_only,eager
ssh,0.7112299465240641,shared,pork
ssh,0.7679558011049724,shared,forcing
ssh,1.0,a_only,reliable
ssh,1.0,a_only,religions
ssh,0.42857142857142855,shared,closing
ssh,0.5094339622641509,shared,pillow
ssh,0.6326530612244898,shared,measures
ssh,0.6666666666666666,shared,dover
ssh,0.4479638009049774,shared,presented
ssh,0.4479638009049774,shared,centre
ssh,0.07744107744107744,b_only,complain
ssh,0.08108108108108109,b_only,traveller
ssh,0.056105610561056105,b_only,careless
ssh,0.3008130081300813,shared,pleasant
ssh,0.5533980582524272,shared,simon
ssh,0.5609756097560976,shared,teach
ssh,0.5023474178403756,shared,triumph
ssh,1.0,a_only,festival
ssh,0.3114754098360656,shared,beautiful
ssh,1.0,a_only,diagram
ssh,0.5609756097560976,shared,personality
ssh,0.8181818181818182,shared,acres
ssh,0.30612244897959184,shared,ones
ssh,0.28,shared,eyes
ssh,0.2749003984063745,shared,promised
ssh,0.3114754098360656,shared,fallen
ssh,0.08108108108108109,b_only,brushed
ssh,0.48148148148148145,shared,tiger
ssh,0.0958904109589041,b_only,trot
ssh,1.0,a_only,argues
ssh,1.0,a_only,associates
ssh,0.5311004784688995,shared,ease
ssh,0.3114754098360656,shared,white
ssh,0.5238095238095238,shared,pen
ssh,0.059602649006622516,b_only,eloquent
ssh,0.30612244897959184,shared,could
ssh,0.1111111111111111,b_only,persuasion
ssh,0.5686274509803921,shared,indian
ssh,0.25,shared,wendy
ssh,0.5686274509803921,shared,corridor
ssh,1.0,a_only,taxation
ssh,1.0,a_only,similarities
ssh,1.0,a_only,oceans
ssh,0.7021276595744681,shared,gaining
ssh,1.0,a_only,indigenous
ssh,1.0,a_only,gregorian
ssh,1.0,a_only,acropolis
ssh,1.0,a_only,nixon
ssh,0.797752808988764,shared,influences
ssh,0.07023411371237458,b_only,gloom
ssh,0.44144144144144143,shared,dancing
ssh,1.0,a_only,overlap
ssh,0.6580310880829016,shared,guinea
ssh,1.0,a_only,iso
ssh,1.0,a_only,lanka
ssh,0.09965635738831616,b_only,finer
ssh,1.0,a_only,counties
ssh,0.08843537414965986,b_only,ridiculous
ssh,1.0,a_only,skylab
ssh,1.0,a_only,declares
ssh,1.0,a_only,singapore
ssh,0.44144144144144143,shared,period
ssh,0.5238095238095238,shared,october
ssh,1.0,a_only,normally
ssh,0.6161616161616161,shared,scarlet
ssh,1.0,a_only,cf
ssh,1.0,a_only,expanding
ssh,1.0,a_only,sensory
ssh,1.0,a_only,hitchcock
ssh,1.0,a_only,finland
ssh,0.3278008298755187,shared,lamp
ssh,0.6580310880829016,shared,infinitely
ssh,0.10344827586206896,b_only,stool
ssh,0.06666666666666667,b_only,xvii
ssh,0.29554655870445345,shared,when
ssh,0.0738255033557047,b_only,gazing
ssh,1.0,a_only,recording
ssh,0.3114754098360656,shared,order
ssh,0.3114754098360656,shared,afternoon
ssh,1.0,a_only,julius
ssh,1.0,a_only,memorial
ssh,1.0,a_only,missions
ssh,1.0,a_only,loyalty
ssh,0.7679558011049724,shared,appealed
ssh,1.0,a_only,contemporary
ssh,0.4222222222222222,shared,proper
ssh,1.0,a_only,continent
ssh,0.7679558011049724,shared,guitar
ssh,0.7204301075268817,shared,teaching
ssh,0.6931216931216931,shared,accidentally
ssh,0.5238095238095238,shared,g
ssh,0.3114754098360656,shared,duchess
ssh,0.37339055793991416,shared,understood
ssh,0.5165876777251185,shared,photograph
ssh,0.0958904109589041,b_only,thursday
ssh,0.5841584158415841,shared,intense
ssh,0.5533980582524272,shared,enjoyed
ssh,0.45454545454545453,shared,sweep
ssh,0.08843537414965986,b_only,whaling
ssh,1.0,a_only,nominee
ssh,0.350210970464135,shared,raise
ssh,0.0958904109589041,b_only,glimpse
ssh,0.4222222222222222,shared,respect
ssh,1.0,a_only,spectrum
ssh,0.5311004784688995,shared,insisted
ssh,0.6580310880829016,shared,drunken
ssh,0.28,shared,dropped
ssh,1.0,a_only,fossils
ssh,0.6080402010050251,shared,assembly
ssh,0.7777777777777778,shared,ruby
ssh,0.7021276595744681,shared,industry
ssh,0.32231404958677684,shared,s
ssh,0.39737991266375544,shared,ball
ssh,0.29554655870445345,shared,where
ssh,1.0,a_only,fertility
ssh,0.40969162995594716,shared,summer
ssh,0.5609756097560976,shared,uncommon
ssh,0.5023474178403756,shared,wrapped
ssh,0.5023474178403756,shared,application
ssh,1.0,a_only,tract
ssh,0.4611872146118721,shared,painter
ssh,1.0,a_only,alkali
ssh,1.0,a_only,examples
ssh,0.5094339622641509,shared,reflected
ssh,1.0,a_only,option
ssh,0.0958904109589041,b_only,roared
ssh,0.7204301075268817,shared,college
ssh,1.0,a_only,interpretations
ssh,0.10344827586206896,b_only,grieved
ssh,1.0,a_only,funds
ssh,1.0,a_only,publications
ssh,1.0,a_only,transport
ssh,0.07744107744107744,b_only,pens
ssh,1.0,a_only,ac
ssh,1.0,a_only,lateral
ssh,0.6080402010050251,shared,access
ssh,0.7391304347826086,shared,growth
ssh,1.0,a_only,trophy
ssh,0.1111111111111111,b_only,wednesday
ssh,0.3793103448275862,shared,tale
ssh,0.5763546798029556,shared,solitude
ssh,0.7486338797814208,shared,treats
ssh,1.0,a_only,charter
ssh,0.5686274509803921,shared,prize
ssh,1.0,a_only,athena
ssh,0.30612244897959184,shared,since
ssh,0.5311004784688995,shared,voyage
ssh,0.5165876777251185,shared,kick
ssh,1.0,a_only,consensus
ssh,0.807909604519774,shared,reverence
ssh,0.0958904109589041,b_only,trousers
ssh,0.7391304347826086,shared,abrupt
ssh,1.0,a_only,amine
ssh,0.5384615384615384,shared,pursuit
ssh,0.0958904109589041,b_only,shouted
ssh,0.0958904109589041,b_only,glided
ssh,0.3445378151260504,shared,takes
ssh,1.0,a_only,emigration
ssh,0.5763546798029556,shared,national
ssh,0.415929203539823,shared,green
ssh,0.4953271028037383,shared,ordinary
ssh,1.0,a_only,technologies
ssh,1.0,a_only,seceded
ssh,0.45454545454545453,shared,details
ssh,1.0,a_only,justification
ssh,0.7486338797814208,shared,tent
ssh,1.0,a_only,ammonia
ssh,1.0,a_only,aluminium
ssh,1.0,a_only,array
ssh,0.8285714285714286,shared,deliberate
ssh,0.6,shared,prey
ssh,0.6410256410256411,shared,nineteenth
ssh,1.0,a_only,transfer
ssh,1.0,a_only,phoenix
ssh,0.3617021276595745,shared,miles
ssh,0.5458937198067633,shared,sermon
ssh,0.5841584158415841,shared,employment
ssh,0.3389121338912134,shared,passage
ssh,0.5686274509803921,shared,experienced
ssh,0.5384615384615384,shared,recorded
ssh,0.08843537414965986,b_only,windibank
ssh,0.5384615384615384,shared,deny
ssh,0.285140562248996,shared,write
ssh,1.0,a_only,sculpture
ssh,0.09215017064846416,b_only,grateful
ssh,1.0,a_only,donald
ssh,0.6410256410256411,shared,defend
ssh,0.07023411371237458,b_only,remembering
ssh,0.415929203539823,shared,special
ssh,0.3168724279835391,shared,whilst
ssh,1.0,a_only,burgess
ssh,1.0,a_only,compatible
ssh,0.29554655870445345,shared,entirely
ssh,0.6161616161616161,shared,fat
ssh,0.7297297297297297,shared,metallic
ssh,0.0847457627118644,b_only,georgiana
ssh,0.0958904109589041,b_only,lifeless
ssh,1.0,a_only,iraq
ssh,0.08108108108108109,b_only,silas
ssh,0.5094339622641509,shared,revealed
ssh,0.1267605633802817,b_only,jaws
ssh,1.0,a_only,inherent
ssh,1.0,a_only,extant
ssh,0.28,shared,eye
ssh,0.7679558011049724,shared,acceptable
ssh,0.10344827586206896,b_only,circus
ssh,1.0,a_only,plural
ssh,1.0,a_only,originating
ssh,1.0,a_only,subsequent
ssh,1.0,a_only,disambiguation
ssh,0.6161616161616161,shared,conceived
ssh,1.0,a_only,practices
ssh,0.5238095238095238,shared,changes
ssh,0.5841584158415841,shared,trusted
ssh,0.2549019607843137,shared,rest
ssh,0.37339055793991416,shared,avoid
ssh,0.3114754098360656,shared,mere
ssh,1.0,a_only,arbitrary
ssh,1.0,a_only,colspan
ssh,0.285140562248996,shared,circumstances
ssh,1.0,a_only,aggressive
ssh,0.5686274509803921,shared,staying
ssh,0.0847457627118644,b_only,shan
ssh,1.0,a_only,agassi
ssh,1.0,a_only,vietnam
ssh,0.08108108108108109,b_only,uneasy
ssh,0.5609756097560976,shared,pig
ssh,0.7582417582417582,shared,gross
ssh,0.08108108108108109,b_only,ladyship
ssh,0.5609756097560976,shared,sail
ssh,0.6580310880829016,shared,recognise
ssh,0.7391304347826086,shared,simultaneously
ssh,0.5920398009950248,shared,wing
ssh,0.7877094972067039,shared,governed
ssh,1.0,a_only,dynasty
ssh,1.0,a_only,potassium
ssh,0.07744107744107744,b_only,peeping
ssh,1.0,a_only,enacted
ssh,0.5609756097560976,shared,folk
ssh,0.5686274509803921,shared,divine
ssh,0.6580310880829016,shared,flora
ssh,0.09215017064846416,b_only,fainted
ssh,1.0,a_only,tournament
ssh,0.350210970464135,shared,ladies
ssh,0.5920398009950248,shared,arabian
ssh,0.3389121338912134,shared,books
ssh,0.3793103448275862,shared,isn
ssh,0.5686274509803921,shared,withdrew
ssh,0.6494845360824743,shared,stomach
ssh,0.5311004784688995,shared,restless
ssh,0.675392670157068,shared,towns
ssh,0.0738255033557047,b_only,tear
ssh,0.5023474178403756,shared,striking
ssh,0.6842105263157895,shared,survive
ssh,1.0,a_only,asian
ssh,0.09215017064846416,b_only,handkerchief
ssh,0.3114754098360656,shared,also
ssh,0.6580310880829016,shared,vii
ssh,1.0,a_only,huxley
ssh,0.36752136752136755,shared,low
ssh,0.7297297297297297,shared,blinded
ssh,0.3008130081300813,shared,master
ssh,0.09215017064846416,b_only,slip
ssh,1.0,a_only,suffix
ssh,0.6580310880829016,shared,reliance
ssh,1.0,a_only,cartridge
ssh,0.5458937198067633,shared,hitherto
ssh,0.415929203539823,shared,suspicion
ssh,0.3333333333333333,shared,married
ssh,0.5920398009950248,shared,motion
ssh,1.0,a_only,orbits
ssh,0.7021276595744681,shared,lifting
ssh,0.3389121338912134,shared,woods
ssh,1.0,a_only,forum
ssh,0.5094339622641509,shared,appears
ssh,1.0,a_only,evolution
ssh,0.7582417582417582,shared,longest
ssh,0.7297297297297297,shared,imitation
ssh,0.10344827586206896,b_only,tails
ssh,1.0,a_only,media
ssh,1.0,a_only,ar
ssh,0.0847457627118644,b_only,lest
ssh,0.40969162995594716,shared,laying
ssh,0.6326530612244898,shared,repeatedly
ssh,0.08108108108108109,b_only,ashamed
ssh,0.675392670157068,shared,xx
ssh,0.6931216931216931,shared,contemplation
ssh,0.350210970464135,shared,plain
ssh,0.7391304347826086,shared,mission
ssh,0.7777777777777778,shared,beads
ssh,0.5920398009950248,shared,tribe
ssh,0.07023411371237458,b_only,hatherley
ssh,1.0,a_only,spaceflight
ssh,0.3114754098360656,shared,don
ssh,1.0,a_only,benedictine
ssh,0.28,shared,upon
ssh,0.7877094972067039,shared,analysis
ssh,0.40350877192982454,shared,midnight
ssh,1.0,a_only,relevant
ssh,1.0,a_only,assassinated
ssh,1.0,a_only,appreciation
ssh,1.0,a_only,typically
ssh,0.415929203539823,shared,accident
ssh,1.0,a_only,warfare
ssh,0.5609756097560976,shared,counting
ssh,0.6326530612244898,shared,granted
ssh,0.8285714285714286,shared,thereby
ssh,1.0,a_only,constitutional
ssh,0.3278008298755187,shared,island
ssh,0.6326530612244898,shared,sets
ssh,1.0,a_only,kilometers
ssh,0.5311004784688995,shared,sugar
ssh,0.6161616161616161,shared,admired
ssh,0.4611872146118721,shared,content
ssh,1.0,a_only,reforms
ssh,0.3559322033898305,shared,ring
ssh,0.09215017064846416,b_only,comfortable
ssh,0.1111111111111111,b_only,throat
ssh,1.0,a_only,ottoman
ssh,1.0,a_only,particles
ssh,1.0,a_only,statute
ssh,1.0,a_only,atheists
ssh,1.0,a_only,occurs
ssh,1.0,a_only,technically
ssh,0.7021276595744681,shared,headache
ssh,0.6666666666666666,shared,cautious
ssh,0.47465437788018433,shared,wear
ssh,0.5094339622641509,shared,introduced
ssh,0.7679558011049724,shared,appreciate
ssh,0.675392670157068,shared,feathers
ssh,1.0,a_only,represents
ssh,0.3617021276595745,shared,reply
ssh,0.5165876777251185,shared,passages
ssh,0.3389121338912134,shared,hot
ssh,1.0,a_only,historic
ssh,0.5165876777251185,shared,authorities
ssh,0.25984251968503935,shared,interest
ssh,0.5094339622641509,shared,philosophy
ssh,0.3114754098360656,shared,paper
ssh,0.675392670157068,shared,induced
ssh,1.0,a_only,resort
ssh,1.0,a_only,guitarist
ssh,0.7021276595744681,shared,alpha
ssh,1.0,a_only,successive
ssh,0.6580310880829016,shared,hazard
ssh,0.06312292358803986,b_only,floated
ssh,1.0,a_only,sovereignty
ssh,1.0,a_only,kalinga
ssh,0.4953271028037383,shared,height
ssh,0.08843537414965986,b_only,dread
ssh,1.0,a_only,arian
ssh,0.6243654822335025,shared,extensive
ssh,0.7391304347826086,shared,solve
ssh,1.0,a_only,orient
ssh,0.0958904109589041,b_only,stake
ssh,1.0,a_only,valid
ssh,1.0,a_only,il
ssh,0.06312292358803986,b_only,serene
ssh,0.3852813852813853,shared,vengeance
ssh,0.4611872146118721,shared,anger
ssh,1.0,a_only,citizenship
ssh,1.0,a_only,functions
ssh,0.6842105263157895,shared,pooh
ssh,0.3852813852813853,shared,rooms
ssh,1.0,a_only,virtual
ssh,0.6410256410256411,shared,distrust
ssh,0.40969162995594716,shared,flew
ssh,0.47465437788018433,shared,shining
ssh,0.5533980582524272,shared,build
ssh,1.0,a_only,burgoyne
ssh,1.0,a_only,stanford
ssh,0.48148148148148145,shared,acted
ssh,0.6161616161616161,shared,hut
ssh,0.5533980582524272,shared,sons
ssh,0.3852813852813853,shared,moon
ssh,0.2648221343873518,shared,care
ssh,1.0,a_only,seq
ssh,0.7021276595744681,shared,soil
ssh,0.0847457627118644,b_only,rang
ssh,0.3168724279835391,shared,worked
ssh,1.0,a_only,civilians
ssh,0.7877094972067039,shared,berkeley
ssh,0.30612244897959184,shared,she
ssh,0.29554655870445345,shared,drawing
ssh,0.6243654822335025,shared,mixture
ssh,1.0,a_only,mineral
ssh,0.48148148148148145,shared,upset
ssh,1.0,a_only,synthesis
ssh,0.07023411371237458,b_only,asleep
ssh,0.7204301075268817,shared,lasting
ssh,0.7679558011049724,shared,prevailing
ssh,0.3559322033898305,shared,door
ssh,0.5165876777251185,shared,animals
ssh,0.36752136752136755,shared,names
ssh,1.0,a_only,exodus
ssh,0.7777777777777778,shared,retreated
ssh,1.0,a_only,african
ssh,0.3008130081300813,shared,horses
ssh,0.6243654822335025,shared,labor
ssh,0.7391304347826086,shared,facing
ssh,1.0,a_only,domination
ssh,1.0,a_only,policies
ssh,1.0,a_only,columns
ssh,1.0,a_only,coercion
ssh,1.0,a_only,practically
ssh,1.0,a_only,cushitic
ssh,0.5609756097560976,shared,wooden
ssh,1.0,a_only,shares
ssh,1.0,a_only,translate
ssh,0.39737991266375544,shared,footsteps
ssh,0.3852813852813853,shared,result
ssh,0.45454545454545453,shared,intended
ssh,0.6161616161616161,shared,suspended
ssh,1.0,a_only,vol
ssh,0.09215017064846416,b_only,jarvis
ssh,0.7777777777777778,shared,boiling
ssh,1.0,a_only,pacifist
ssh,1.0,a_only,discussions
ssh,0.36752136752136755,shared,windows
ssh,1.0,a_only,chronic
ssh,0.0958904109589041,b_only,bastille
ssh,0.6410256410256411,shared,testament
ssh,0.6494845360824743,shared,methods
ssh,0.4611872146118721,shared,dragged
ssh,1.0,a_only,warren
ssh,0.06312292358803986,b_only,forehead
ssh,0.09965635738831616,b_only,muffled
ssh,1.0,a_only,iraqi
ssh,1.0,a_only,annales
ssh,1.0,a_only,ownership
ssh,1.0,a_only,amphibians
ssh,1.0,a_only,abdomen
ssh,0.5238095238095238,shared,acknowledged
ssh,0.09965635738831616,b_only,jackal
ssh,1.0,a_only,documentary
ssh,1.0,a_only,barbuda
ssh,0.40350877192982454,shared,stick
ssh,1.0,a_only,alaric
ssh,0.0738255033557047,b_only,entreaty
ssh,0.6161616161616161,shared,retreat
ssh,0.5763546798029556,shared,descent
ssh,0.3333333333333333,shared,foot
ssh,0.6161616161616161,shared,convey
ssh,0.0847457627118644,b_only,frowning
ssh,1.0,a_only,donate
ssh,0.3445378151260504,shared,things
ssh,0.5533980582524272,shared,planned
ssh,1.0,a_only,kilgore
ssh,1.0,a_only,anthem
ssh,0.0847457627118644,b_only,fury
ssh,0.5458937198067633,shared,enjoy
ssh,1.0,a_only,equations
ssh,0.7021276595744681,shared,personally
ssh,0.4883720930232558,shared,bought
ssh,0.7021276595744681,shared,unnecessary
ssh,1.0,a_only,mesopotamia
ssh,1.0,a_only,exports
ssh,1.0,a_only,austrian
ssh,0.0958904109589041,b_only,exeter
ssh,0.6494845360824743,shared,multitude
ssh,0.40969162995594716,shared,clue
ssh,0.09215017064846416,b_only,lesson
ssh,0.7391304347826086,shared,syllables
ssh,0.0958904109589041,b_only,intimacy
ssh,0.6494845360824743,shared,central
ssh,1.0,a_only,encoding
ssh,1.0,a_only,provides
ssh,0.06666666666666667,b_only,whisper
ssh,1.0,a_only,saskatchewan
ssh,1.0,a_only,violation
ssh,1.0,a_only,location
ssh,0.3008130081300813,shared,warn
ssh,1.0,a_only,amino
ssh,0.6580310880829016,shared,plantation
ssh,0.7486338797814208,shared,proportions
ssh,0.3389121338912134,shared,creature
ssh,0.7486338797814208,shared,wilderness
ssh,0.40350877192982454,shared,understanding
ssh,0.8181818181818182,shared,rear
ssh,0.3008130081300813,shared,clock
ssh,0.6842105263157895,shared,pledge
ssh,0.7204301075268817,shared,von
ssh,0.5609756097560976,shared,considerably
ssh,1.0,a_only,turing
ssh,0.807909604519774,shared,philosopher
ssh,0.6326530612244898,shared,belt
ssh,0.6931216931216931,shared,aperture
ssh,0.3114754098360656,shared,seward
ssh,0.3445378151260504,shared,best
ssh,0.0847457627118644,b_only,sensible
ssh,0.7204301075268817,shared,speculate
ssh,1.0,a_only,bin
ssh,1.0,a_only,ian
ssh,1.0,a_only,ethnic
ssh,1.0,a_only,gypsum
ssh,0.6666666666666666,shared,injuries
ssh,1.0,a_only,almond
ssh,1.0,a_only,austro
ssh,1.0,a_only,review
ssh,0.7486338797814208,shared,consistent
ssh,0.40350877192982454,shared,arm
ssh,1.0,a_only,boston
ssh,1.0,a_only,edinburgh
ssh,0.6580310880829016,shared,wages
ssh,1.0,a_only,differ
ssh,1.0,a_only,derek
ssh,0.6410256410256411,shared,shelter
ssh,1.0,a_only,authoritarian
ssh,1.0,a_only,australian
ssh,0.2698412698412698,shared,women
ssh,0.5686274509803921,shared,chiefly
ssh,0.07744107744107744,b_only,tenderly
ssh,1.0,a_only,nato
ssh,1.0,a_only,ahmad
ssh,0.6931216931216931,shared,altar
ssh,0.08108108108108109,b_only,mos
ssh,0.5920398009950248,shared,deeds
ssh,0.7112299465240641,shared,johnny
ssh,0.0958904109589041,b_only,wrinkled
ssh,1.0,a_only,conrad
ssh,0.7391304347826086,shared,mathematics
ssh,0.32231404958677684,shared,evil
ssh,1.0,a_only,instrumental
ssh,0.7112299465240641,shared,relied
ssh,0.6580310880829016,shared,rely
ssh,0.6842105263157895,shared,soap
ssh,1.0,a_only,asteroid
ssh,0.2903225806451613,shared,watching
ssh,1.0,a_only,overview
ssh,1.0,a_only,catholicism
ssh,0.6666666666666666,shared,sale
ssh,0.4953271028037383,shared,protected
ssh,0.6161616161616161,shared,undertake
ssh,0.5458937198067633,shared,jones
ssh,0.4611872146118721,shared,opposite
ssh,0.8497109826589595,shared,simpler
ssh,0.5094339622641509,shared,descended
ssh,0.6580310880829016,shared,banking
ssh,1.0,a_only,tests
ssh,1.0,a_only,sherman
ssh,0.10344827586206896,b_only,tink
ssh,0.675392670157068,shared,score
ssh,0.48148148148148145,shared,tools
ssh,0.08843537414965986,b_only,doan
ssh,0.6580310880829016,shared,velvet
ssh,1.0,a_only,epistle
ssh,1.0,a_only,thetis
ssh,0.2648221343873518,shared,were
ssh,0.5384615384615384,shared,characteristic
ssh,0.3389121338912134,shared,study
ssh,1.0,a_only,operators
ssh,0.5841584158415841,shared,sentiments
ssh,0.6,shared,inform
ssh,1.0,a_only,quarterback
ssh,1.0,a_only,chi
ssh,0.6326530612244898,shared,fools
ssh,0.5533980582524272,shared,dodo
ssh,1.0,a_only,na
ssh,0.5094339622641509,shared,smart
ssh,1.0,a_only,commerce
ssh,1.0,a_only,surveillance
ssh,0.3008130081300813,shared,harry
ssh,1.0,a_only,olympics
ssh,0.6,shared,hay
ssh,0.0958904109589041,b_only,felicity
ssh,0.7777777777777778,shared,convince
ssh,0.28,shared,sound
ssh,0.7582417582417582,shared,elevation
ssh,1.0,a_only,virtually
ssh,0.5094339622641509,shared,earlier
ssh,1.0,a_only,vedic
ssh,0.08108108108108109,b_only,cough
ssh,0.7877094972067039,shared,rejection
ssh,0.5533980582524272,shared,domestic
ssh,0.675392670157068,shared,rows
ssh,0.09215017064846416,b_only,wreck
ssh,0.07023411371237458,b_only,yours
ssh,0.5458937198067633,shared,decidedly
ssh,0.0847457627118644,b_only,awhile
ssh,0.6842105263157895,shared,containing
ssh,1.0,a_only,surfaces
ssh,0.7877094972067039,shared,raw
ssh,1.0,a_only,oriented
ssh,1.0,a_only,wyatt
ssh,0.7486338797814208,shared,astounding
ssh,0.6,shared,activity
ssh,0.45454545454545453,shared,track
ssh,1.0,a_only,interviews
ssh,1.0,a_only,politically
ssh,1.0,a_only,astronomers
ssh,1.0,a_only,elected
ssh,1.0,a_only,proposition
ssh,0.8181818181818182,shared,establish
ssh,1.0,a_only,elector
ssh,0.10726643598615918,b_only,conjecture
ssh,1.0,a_only,allied
ssh,0.1111111111111111,b_only,pleased
ssh,1.0,a_only,combine
ssh,1.0,a_only,terra
ssh,0.6161616161616161,shared,occupations
ssh,0.4611872146118721,shared,burst
ssh,0.3852813852813853,shared,log
ssh,0.6161616161616161,shared,expressions
ssh,1.0,a_only,asiatic
ssh,0.07744107744107744,b_only,sincerely
ssh,1.0,a_only,adults
ssh,0.30612244897959184,shared,returned
ssh,1.0,a_only,adjective
ssh,0.2749003984063745,shared,almost
ssh,1.0,a_only,oxide
ssh,0.06312292358803986,b_only,kennel
ssh,0.0847457627118644,b_only,peculiarly
ssh,1.0,a_only,extinct
ssh,0.6931216931216931,shared,bay
ssh,0.7679558011049724,shared,appeals
ssh,1.0,a_only,urban
ssh,0.415929203539823,shared,james
ssh,0.5023474178403756,shared,axe
ssh,1.0,a_only,immune
ssh,1.0,a_only,bond
ssh,0.285140562248996,shared,more
ssh,0.07744107744107744,b_only,hurst
ssh,1.0,a_only,atlanta
ssh,1.0,a_only,inventions
ssh,1.0,a_only,beatles
ssh,0.2549019607843137,shared,bad
ssh,0.12280701754385964,b_only,traversed
ssh,1.0,a_only,hm
ssh,0.44144144144144143,shared,singular
ssh,0.4883720930232558,shared,pistol
ssh,1.0,a_only,online
ssh,1.0,a_only,hughes
ssh,0.45454545454545453,shared,park
ssh,0.09965635738831616,b_only,bye
ssh,0.8285714285714286,shared,reasonably
ssh,1.0,a_only,respond
ssh,0.47465437788018433,shared,souls
ssh,0.7112299465240641,shared,kills
ssh,0.0958904109589041,b_only,nibs
ssh,1.0,a_only,banned
ssh,0.40969162995594716,shared,lies
ssh,0.10726643598615918,b_only,grim
ssh,1.0,a_only,muslim
ssh,0.7297297297297297,shared,channel
ssh,0.5165876777251185,shared,niece
ssh,0.5311004784688995,shared,loves
ssh,0.09215017064846416,b_only,drifting
ssh,0.7112299465240641,shared,pacific
ssh,0.7112299465240641,shared,disliked
ssh,1.0,a_only,disputed
ssh,0.5458937198067633,shared,peaceful
ssh,1.0,a_only,appellate
ssh,0.11888111888111888,b_only,gaily
ssh,1.0,a_only,specifically
ssh,0.7877094972067039,shared,handing
ssh,1.0,a_only,algae
ssh,1.0,a_only,units
ssh,1.0,a_only,ale
ssh,0.7021276595744681,shared,landscape
ssh,1.0,a_only,computational
ssh,0.807909604519774,shared,oppose
ssh,0.5165876777251185,shared,guarded
ssh,0.3278008298755187,shared,wind
ssh,1.0,a_only,consisting
ssh,1.0,a_only,adonis
ssh,0.6494845360824743,shared,developed
ssh,0.08843537414965986,b_only,deserved
ssh,1.0,a_only,gregory
ssh,0.6842105263157895,shared,overwhelmed
ssh,0.08843537414965986,b_only,timid
ssh,0.7582417582417582,shared,celestial
ssh,0.0738255033557047,b_only,choked
ssh,1.0,a_only,surrender
ssh,0.7204301075268817,shared,destroying
ssh,1.0,a_only,survival
ssh,1.0,a_only,sections
ssh,0.06666666666666667,b_only,sorry
ssh,0.7679558011049724,shared,slaughter
ssh,1.0,a_only,airlines
ssh,0.45454545454545453,shared,circle
ssh,1.0,a_only,interactive
ssh,0.7486338797814208,shared,extending
ssh,0.7391304347826086,shared,improve
ssh,0.08843537414965986,b_only,clasped
ssh,0.5533980582524272,shared,sharply
ssh,1.0,a_only,defensive
ssh,1.0,a_only,depravity
ssh,1.0,a_only,priscus
ssh,0.7021276595744681,shared,checking
ssh,0.7204301075268817,shared,bohemia
ssh,1.0,a_only,hun
ssh,0.7112299465240641,shared,immoral
ssh,0.6494845360824743,shared,decline
ssh,1.0,a_only,cube
ssh,0.5686274509803921,shared,shrugged
ssh,1.0,a_only,anagram
ssh,0.5023474178403756,shared,ends
ssh,0.675392670157068,shared,pitch
ssh,0.5763546798029556,shared,seventy
ssh,0.056105610561056105,b_only,busy
ssh,0.6931216931216931,shared,voluntarily
ssh,0.09215017064846416,b_only,supper
ssh,0.7112299465240641,shared,jealousy
ssh,0.6842105263157895,shared,opinions
ssh,0.5763546798029556,shared,wit
ssh,0.5165876777251185,shared,birth
ssh,0.0958904109589041,b_only,sober
ssh,0.5763546798029556,shared,resting
ssh,1.0,a_only,corinthians
ssh,0.5763546798029556,shared,declined
ssh,0.7297297297297297,shared,duncan
ssh,0.7204301075268817,shared,reasoned
ssh,0.42857142857142855,shared,previous
ssh,1.0,a_only,gospel
ssh,0.7112299465240641,shared,viewed
ssh,1.0,a_only,controlled
ssh,0.5311004784688995,shared,tones
ssh,0.0958904109589041,b_only,redskins
ssh,0.6,shared,languages
ssh,1.0,a_only,archaea
ssh,0.46788990825688076,shared,rope
ssh,0.10726643598615918,b_only,toil
ssh,1.0,a_only,businesses
ssh,0.0958904109589041,b_only,praying
ssh,0.45454545454545453,shared,gradually
ssh,1.0,a_only,footballer
ssh,0.675392670157068,shared,switzerland
ssh,0.29554655870445345,shared,love
ssh,0.5238095238095238,shared,gain
ssh,1.0,a_only,taxes
ssh,0.08108108108108109,b_only,moran
ssh,0.6494845360824743,shared,intervals
ssh,0.6931216931216931,shared,merit
ssh,0.10726643598615918,b_only,piccadilly
ssh,0.7112299465240641,shared,exceeding
ssh,0.4611872146118721,shared,related
ssh,0.06312292358803986,b_only,triumphantly
ssh,1.0,a_only,abolished
ssh,0.2903225806451613,shared,or
ssh,0.6,shared,previously
ssh,0.09965635738831616,b_only,swung
ssh,1.0,a_only,fundamentally
ssh,0.09215017064846416,b_only,forgetting
ssh,0.29554655870445345,shared,afterwards
ssh,1.0,a_only,prolific
ssh,0.7777777777777778,shared,signature
ssh,0.0847457627118644,b_only,tremulous
ssh,1.0,a_only,resin
ssh,0.7112299465240641,shared,sliding
ssh,0.10726643598615918,b_only,slim
ssh,1.0,a_only,territorial
ssh,0.07023411371237458,b_only,bet
ssh,1.0,a_only,queensland
ssh,0.08108108108108109,b_only,brains
ssh,1.0,a_only,companies
ssh,1.0,a_only,items
ssh,0.3114754098360656,shared,water
ssh,0.0958904109589041,b_only,pierced
ssh,0.39737991266375544,shared,pointing
ssh,0.6666666666666666,shared,sworn
ssh,0.5609756097560976,shared,mourning
ssh,0.2549019607843137,shared,anybody
ssh,1.0,a_only,individuals
ssh,1.0,a_only,holidays
ssh,1.0,a_only,cancer
ssh,1.0,a_only,skilled
ssh,1.0,a_only,color
ssh,1.0,a_only,allegiance
ssh,1.0,a_only,inequality
ssh,1.0,a_only,soluble
ssh,1.0,a_only,rifle
ssh,0.059602649006622516,b_only,exertion
ssh,0.4222222222222222,shared,similar
ssh,0.7777777777777778,shared,prejudices
ssh,0.3333333333333333,shared,chance
ssh,0.10344827586206896,b_only,clung
ssh,0.6666666666666666,shared,hanged
ssh,0.6326530612244898,shared,provisions
ssh,0.5686274509803921,shared,reserved
ssh,0.7297297297297297,shared,lens
ssh,0.45454545454545453,shared,capital
ssh,0.7486338797814208,shared,guardian
ssh,0.5763546798029556,shared,neat
ssh,0.2749003984063745,shared,art
ssh,0.08843537414965986,b_only,heah
ssh,0.36752136752136755,shared,fault
ssh,0.6161616161616161,shared,backed
ssh,0.7112299465240641,shared,stuffed
ssh,1.0,a_only,therapy
ssh,0.4953271028037383,shared,mccarthy
ssh,1.0,a_only,bakunin
ssh,1.0,a_only,handling
ssh,0.7021276595744681,shared,compare
ssh,0.40350877192982454,shared,troubled
ssh,0.5686274509803921,shared,romantic
ssh,0.47465437788018433,shared,figures
ssh,0.285140562248996,shared,story
ssh,0.5686274509803921,shared,eyed
ssh,1.0,a_only,storage
ssh,1.0,a_only,commercially
ssh,1.0,a_only,generate
ssh,0.7391304347826086,shared,simplicity
ssh,0.5238095238095238,shared,owner
ssh,0.07744107744107744,b_only,4
ssh,0.7391304347826086,shared,nations
ssh,1.0,a_only,lovell
ssh,1.0,a_only,harbor
ssh,0.09215017064846416,b_only,cursed
ssh,0.08843537414965986,b_only,dined
ssh,0.06666666666666667,b_only,woe
ssh,0.32231404958677684,shared,pipe
ssh,0.5094339622641509,shared,constant
ssh,0.48148148148148145,shared,misfortune
ssh,0.2698412698412698,shared,pretty
ssh,0.10344827586206896,b_only,sails
ssh,0.5384615384615384,shared,feature
ssh,0.07744107744107744,b_only,cussing
ssh,0.3852813852813853,shared,calling
ssh,0.6580310880829016,shared,complex
ssh,0.09215017064846416,b_only,glad
ssh,1.0,a_only,overseas
ssh,0.6,shared,arts
ssh,0.675392670157068,shared,cradle
ssh,0.5165876777251185,shared,replace
ssh,0.6161616161616161,shared,obscure
ssh,0.7021276595744681,shared,ross
ssh,1.0,a_only,resign
ssh,0.2549019607843137,shared,now
ssh,0.675392670157068,shared,bees
ssh,1.0,a_only,refers
ssh,0.7391304347826086,shared,degradation
ssh,1.0,a_only,bce
ssh,0.3559322033898305,shared,forced
ssh,0.7204301075268817,shared,bits
ssh,1.0,a_only,brandenburg
ssh,0.08843537414965986,b_only,funny
ssh,0.6842105263157895,shared,pine
ssh,1.0,a_only,notably
ssh,0.08108108108108109,b_only,mingled
ssh,0.4953271028037383,shared,destruction
ssh,0.39737991266375544,shared,due
ssh,0.07744107744107744,b_only,hesitation
ssh,0.07744107744107744,b_only,guessed
ssh,1.0,a_only,connor
ssh,1.0,a_only,classic
ssh,0.5384615384615384,shared,fairy
ssh,1.0,a_only,monarchs
ssh,0.5920398009950248,shared,appointed
ssh,0.48148148148148145,shared,extent
ssh,1.0,a_only,socialist
ssh,0.08843537414965986,b_only,flames
ssh,0.30612244897959184,shared,prison
ssh,1.0,a_only,planets
ssh,1.0,a_only,validity
ssh,0.7021276595744681,shared,australia
ssh,0.07744107744107744,b_only,raft
ssh,1.0,a_only,collections
ssh,0.5384615384615384,shared,system
ssh,0.7391304347826086,shared,comment
ssh,0.3559322033898305,shared,fate
ssh,1.0,a_only,linemen
ssh,1.0,a_only,limiting
ssh,0.40969162995594716,shared,gun
ssh,1.0,a_only,facto
ssh,0.2648221343873518,shared,breath
ssh,0.09965635738831616,b_only,spectacles
ssh,0.7877094972067039,shared,execute
ssh,0.42857142857142855,shared,delay
ssh,0.5686274509803921,shared,purity
ssh,1.0,a_only,satirical
ssh,0.7877094972067039,shared,sphere
ssh,0.5384615384615384,shared,household
ssh,0.7297297297297297,shared,significance
ssh,1.0,a_only,advent
ssh,1.0,a_only,denominations
ssh,1.0,a_only,voting
ssh,0.3333333333333333,shared,whatever
ssh,0.7204301075268817,shared,cottages
ssh,0.6326530612244898,shared,curse
ssh,1.0,a_only,centers
ssh,1.0,a_only,graph
ssh,0.7297297297297297,shared,contrasted
ssh,0.3445378151260504,shared,fifty
ssh,0.08108108108108109,b_only,wagon
ssh,0.3114754098360656,shared,stranger
ssh,0.10344827586206896,b_only,rosings
ssh,0.5920398009950248,shared,mon
ssh,0.7582417582417582,shared,competition
ssh,1.0,a_only,contribution
ssh,1.0,a_only,asparagales
ssh,0.415929203539823,shared,acquainted
ssh,0.3389121338912134,shared,fear
ssh,1.0,a_only,glaciers
ssh,1.0,a_only,iliad
ssh,0.5311004784688995,shared,produce
ssh,1.0,a_only,leaders
ssh,0.4479638009049774,shared,adventures
ssh,0.7391304347826086,shared,engineer
ssh,0.0958904109589041,b_only,borrow
ssh,1.0,a_only,aristotelian
ssh,1.0,a_only,pottery
ssh,0.4953271028037383,shared,contents
ssh,0.5165876777251185,shared,elder
ssh,0.7204301075268817,shared,campaign
ssh,0.4479638009049774,shared,cruel
ssh,0.5023474178403756,shared,landing
ssh,0.6,shared,genius
ssh,0.29554655870445345,shared,sort
ssh,1.0,a_only,coalition
ssh,1.0,a_only,delta
ssh,1.0,a_only,races
ssh,0.6494845360824743,shared,bath
ssh,0.3617021276595745,shared,highly
ssh,1.0,a_only,johann
ssh,1.0,a_only,grammar
ssh,0.5609756097560976,shared,limb
ssh,0.7777777777777778,shared,fires
ssh,0.30612244897959184,shared,men
ssh,1.0,a_only,korean
ssh,1.0,a_only,favor
ssh,0.07744107744107744,b_only,thread
ssh,0.3617021276595745,shared,aid
ssh,1.0,a_only,category
ssh,0.6666666666666666,shared,compelled
ssh,0.08108108108108109,b_only,swear
ssh,1.0,a_only,typical
ssh,0.675392670157068,shared,eighth
ssh,1.0,a_only,legacy
ssh,0.6,shared,banker
ssh,1.0,a_only,percentage
ssh,0.44144144144144143,shared,weakness
ssh,0.7877094972067039,shared,trials
ssh,1.0,a_only,consonant
ssh,0.07023411371237458,b_only,stain
ssh,1.0,a_only,effective
ssh,1.0,a_only,nearby
ssh,1.0,a_only,actively
ssh,1.0,a_only,gamma
ssh,0.059602649006622516,b_only,eagerly
ssh,0.7112299465240641,shared,et
ssh,1.0,a_only,hosts
ssh,0.797752808988764,shared,virgin
ssh,0.7582417582417582,shared,daniel
ssh,1.0,a_only,alloys
ssh,0.3008130081300813,shared,lit
ssh,0.44144144144144143,shared,bore
ssh,1.0,a_only,organisation
ssh,1.0,a_only,archbishop
ssh,0.5384615384615384,shared,awkward
ssh,1.0,a_only,restricted
ssh,0.6161616161616161,shared,oil
ssh,0.7679558011049724,shared,halted
ssh,0.09215017064846416,b_only,scared
ssh,0.6161616161616161,shared,host
ssh,1.0,a_only,apostle
ssh,1.0,a_only,europeans
ssh,1.0,a_only,classical
ssh,1.0,a_only,kg
ssh,0.5023474178403756,shared,sacrifice
ssh,0.7679558011049724,shared,stem
ssh,0.5238095238095238,shared,delicate
ssh,0.0738255033557047,b_only,tolerably
ssh,0.0738255033557047,b_only,haste
ssh,1.0,a_only,rotation
ssh,0.0738255033557047,b_only,deepened
ssh,0.08108108108108109,b_only,monseigneur
ssh,0.675392670157068,shared,latin
ssh,0.5384615384615384,shared,elapsed
ssh,0.7777777777777778,shared,vicinity
ssh,1.0,a_only,overthrow
ssh,1.0,a_only,jurisdiction
ssh,1.0,a_only,relaxation
ssh,1.0,a_only,neurons
ssh,0.6494845360824743,shared,weird
ssh,0.675392670157068,shared,casting
ssh,0.25984251968503935,shared,find
ssh,0.6080402010050251,shared,belongs
ssh,0.3852813852813853,shared,destroyed
ssh,0.5094339622641509,shared,august
ssh,0.6580310880829016,shared,mid
ssh,0.6080402010050251,shared,chemical
ssh,0.0958904109589041,b_only,2
ssh,1.0,a_only,samoan
ssh,1.0,a_only,prefix
ssh,0.5686274509803921,shared,gnat
ssh,0.4883720930232558,shared,equally
ssh,0.5238095238095238,shared,request
ssh,0.6161616161616161,shared,novel
ssh,1.0,a_only,theorem
ssh,1.0,a_only,secular
ssh,1.0,a_only,ab
ssh,1.0,a_only,trans
ssh,1.0,a_only,specified
ssh,1.0,a_only,boxer
ssh,0.4349775784753363,shared,conscience
ssh,1.0,a_only,lifetime
ssh,0.7297297297297297,shared,hatred
ssh,0.7679558011049724,shared,assertion
ssh,0.0958904109589041,b_only,darcy
ssh,1.0,a_only,saxony
ssh,1.0,a_only,raymond
ssh,0.5763546798029556,shared,sheets
ssh,1.0,a_only,honorary
ssh,1.0,a_only,asa
ssh,1.0,a_only,assumption
ssh,0.11498257839721254,b_only,leaped
ssh,0.5165876777251185,shared,massive
ssh,0.6842105263157895,shared,attractions
ssh,1.0,a_only,gore
ssh,1.0,a_only,wales
ssh,0.7112299465240641,shared,relatives
ssh,1.0,a_only,reigning
ssh,1.0,a_only,gary
ssh,0.5094339622641509,shared,huge
ssh,0.08108108108108109,b_only,slipped
ssh,0.5094339622641509,shared,exact
ssh,1.0,a_only,governors
ssh,0.6580310880829016,shared,safely
ssh,0.4222222222222222,shared,library
ssh,0.08843537414965986,b_only,sincere
ssh,1.0,a_only,dsm
ssh,0.7486338797814208,shared,cash
ssh,1.0,a_only,treating
ssh,0.7582417582417582,shared,treasures
ssh,0.30612244897959184,shared,save
ssh,0.2903225806451613,shared,very
ssh,0.7021276595744681,shared,eloquence
ssh,1.0,a_only,bomb
ssh,0.08843537414965986,b_only,listening
ssh,0.0738255033557047,b_only,gaoler
ssh,1.0,a_only,clash
ssh,1.0,a_only,qquad
ssh,1.0,a_only,crystals
ssh,1.0,a_only,roles
ssh,0.6243654822335025,shared,customs
ssh,0.7877094972067039,shared,hurricane
ssh,1.0,a_only,currency
ssh,0.23552123552123552,shared,enough
ssh,0.11498257839721254,b_only,disagreeable
ssh,0.8390804597701149,shared,fee
ssh,0.40969162995594716,shared,bless
ssh,0.04918032786885246,b_only,disgust
ssh,1.0,a_only,fullback
ssh,0.6326530612244898,shared,patriot
ssh,1.0,a_only,manufacture
ssh,0.7679558011049724,shared,countess
ssh,0.6842105263157895,shared,magistrate
ssh,0.07023411371237458,b_only,dagger
ssh,1.0,a_only,institution
ssh,0.5238095238095238,shared,beds
ssh,0.3852813852813853,shared,failed
ssh,1.0,a_only,rebel
ssh,0.2903225806451613,shared,last
ssh,0.350210970464135,shared,placed
ssh,0.45454545454545453,shared,agatha
ssh,0.5311004784688995,shared,solitary
ssh,0.08843537414965986,b_only,austen
ssh,1.0,a_only,soroban
ssh,1.0,a_only,carnival
ssh,0.09965635738831616,b_only,wash
ssh,0.7582417582417582,shared,abundant
ssh,0.3114754098360656,shared,cat
ssh,0.7112299465240641,shared,smooth
ssh,1.0,a_only,maintaining
ssh,1.0,a_only,exclusion
ssh,1.0,a_only,adriatic
ssh,0.5686274509803921,shared,wanting
ssh,0.5384615384615384,shared,relieve
ssh,0.3114754098360656,shared,n
ssh,1.0,a_only,manchester
ssh,0.7391304347826086,shared,fishermen
ssh,0.09215017064846416,b_only,willingly
ssh,1.0,a_only,analytical
ssh,0.8285714285714286,shared,mississippi
ssh,1.0,a_only,framework
ssh,1.0,a_only,clergy
ssh,0.36752136752136755,shared,sherlock
ssh,0.2549019607843137,shared,ago
ssh,0.08843537414965986,b_only,knelt
ssh,0.0847457627118644,b_only,indebted
ssh,0.40350877192982454,shared,unconscious
ssh,0.5384615384615384,shared,apparent
ssh,1.0,a_only,arabia
ssh,1.0,a_only,fusion
ssh,1.0,a_only,tons
ssh,0.4883720930232558,shared,civil
ssh,1.0,a_only,legally
ssh,1.0,a_only,correspond
ssh,1.0,a_only,chart
ssh,0.5311004784688995,shared,bible
ssh,0.5094339622641509,shared,smoking
ssh,1.0,a_only,andre
ssh,0.0958904109589041,b_only,bunch
ssh,1.0,a_only,civic
ssh,0.4953271028037383,shared,swim
ssh,1.0,a_only,southeast
ssh,0.40969162995594716,shared,sank
ssh,0.5165876777251185,shared,waved
ssh,1.0,a_only,movie
ssh,0.5238095238095238,shared,foundation
ssh,0.07023411371237458,b_only,sane
ssh,1.0,a_only,historian
ssh,0.46788990825688076,shared,jump
ssh,0.46788990825688076,shared,begins
ssh,1.0,a_only,ambiguity
ssh,0.415929203539823,shared,loose
ssh,0.40969162995594716,shared,fail
ssh,0.5609756097560976,shared,enjoyment
ssh,1.0,a_only,debates
ssh,1.0,a_only,assumes
ssh,1.0,a_only,athens
ssh,0.6580310880829016,shared,issued
ssh,0.08843537414965986,b_only,anew
ssh,0.47465437788018433,shared,murdered
ssh,0.7582417582417582,shared,locks
ssh,0.4953271028037383,shared,spend
ssh,0.46788990825688076,shared,choice
ssh,1.0,a_only,versions
ssh,0.07744107744107744,b_only,bats
ssh,1.0,a_only,measuring
ssh,0.4883720930232558,shared,float
ssh,0.797752808988764,shared,surrey
ssh,0.08108108108108109,b_only,elbows
ssh,0.3008130081300813,shared,jerry
ssh,0.7486338797814208,shared,investigations
ssh,0.0847457627118644,b_only,goose
ssh,1.0,a_only,ashmore
ssh,1.0,a_only,properties
ssh,1.0,a_only,linear
ssh,1.0,a_only,frequency
ssh,0.5920398009950248,shared,beats
ssh,1.0,a_only,hermes
ssh,1.0,a_only,receivers
ssh,0.28,shared,bed
ssh,0.10726643598615918,b_only,approaching
ssh,0.6931216931216931,shared,intercourse
ssh,0.07023411371237458,b_only,eyebrows
ssh,0.6580310880829016,shared,tempered
ssh,0.11888111888111888,b_only,hellish
ssh,0.30612244897959184,shared,already
ssh,0.10344827586206896,b_only,tucked
ssh,0.807909604519774,shared,refrain
ssh,0.5609756097560976,shared,walks
ssh,0.7486338797814208,shared,occurrence
ssh,1.0,a_only,barbara
ssh,0.06666666666666667,b_only,brows
ssh,1.0,a_only,ibn
ssh,0.0958904109589041,b_only,appetite
ssh,0.3617021276595745,shared,remained
ssh,0.7777777777777778,shared,secretary
ssh,1.0,a_only,unemployment
ssh,0.5458937198067633,shared,leagues
ssh,0.48148148148148145,shared,fierce
ssh,0.3278008298755187,shared,thus
ssh,0.09215017064846416,b_only,lean
ssh,1.0,a_only,cardinal
ssh,0.10726643598615918,b_only,rattle
ssh,0.47465437788018433,shared,artist
ssh,0.37339055793991416,shared,servants
ssh,1.0,a_only,centered
ssh,1.0,a_only,navy
ssh,0.5023474178403756,shared,garlic
ssh,1.0,a_only,austrians
ssh,0.6666666666666666,shared,display
ssh,1.0,a_only,anno
ssh,1.0,a_only,patroclus
ssh,1.0,a_only,phoenician
ssh,0.0958904109589041,b_only,creep
ssh,1.0,a_only,encounters
ssh,1.0,a_only,angolan
ssh,0.2549019607843137,shared,thinking
ssh,1.0,a_only,photo
ssh,1.0,a_only,marsh
ssh,0.3114754098360656,shared,pray
ssh,1.0,a_only,respective
ssh,1.0,a_only,gnostic
ssh,0.08843537414965986,b_only,farewell
ssh,0.3278008298755187,shared,used
ssh,0.0738255033557047,b_only,rucastle
ssh,0.5686274509803921,shared,appeal
ssh,0.3445378151260504,shared,hair
ssh,0.09215017064846416,b_only,cloak
ssh,1.0,a_only,integrated
ssh,0.0847457627118644,b_only,tootles
ssh,0.08843537414965986,b_only,holmwood
ssh,1.0,a_only,settlement
ssh,0.32231404958677684,shared,girl
ssh,1.0,a_only,wesley
ssh,0.5841584158415841,shared,c
ssh,1.0,a_only,debate
ssh,1.0,a_only,astronomical
ssh,0.7877094972067039,shared,causing
ssh,0.350210970464135,shared,year
ssh,1.0,a_only,genus
ssh,1.0,a_only,antihydrogen
ssh,0.07744107744107744,b_only,offended
ssh,1.0,a_only,predominant
ssh,0.29554655870445345,shared,tree
ssh,0.5165876777251185,shared,sung
