method,phase_similarity,tag,word
ssh,1.0,a_only,macedonia
ssh,0.3389121338912134,shared,marriage
ssh,0.6326530612244898,shared,million
ssh,1.0,a_only,focused
ssh,0.6243654822335025,shared,continually
ssh,0.2648221343873518,shared,world
ssh,1.0,a_only,agricultural
ssh,1.0,a_only,revelation
ssh,0.5686274509803921,shared,opium
ssh,1.0,a_only,vietnamese
ssh,0.7297297297297297,shared,blunt
ssh,1.0,a_only,kilometers
ssh,0.37339055793991416,shared,occupied
ssh,0.5763546798029556,shared,spiritual
ssh,0.0958904109589041,b_only,entreaty
ssh,0.3333333333333333,shared,miles
ssh,0.36752136752136755,shared,occasionally
ssh,0.5533980582524272,shared,impressed
ssh,0.0738255033557047,b_only,distribute
ssh,1.0,a_only,reformation
ssh,0.6580310880829016,shared,meets
ssh,0.4479638009049774,shared,agatha
ssh,0.8285714285714286,shared,restoring
ssh,1.0,a_only,location
ssh,0.5763546798029556,shared,strict
ssh,0.3168724279835391,shared,into
ssh,0.40350877192982454,shared,swept
ssh,0.25984251968503935,shared,what
ssh,1.0,a_only,funded
ssh,0.6580310880829016,shared,comrade
ssh,0.09965635738831616,b_only,cart
ssh,0.5609756097560976,shared,lasted
ssh,0.7021276595744681,shared,accidentally
ssh,1.0,a_only,quebec
ssh,0.3852813852813853,shared,liberty
ssh,0.5311004784688995,shared,connections
ssh,1.0,a_only,magnitude
ssh,1.0,a_only,statesman
ssh,1.0,a_only,seabed
ssh,0.6161616161616161,shared,descent
ssh,0.391304347826087,shared,receive
ssh,0.40350877192982454,shared,advance
ssh,0.37339055793991416,shared,spare
ssh,0.6243654822335025,shared,gardens
ssh,1.0,a_only,reports
ssh,0.5609756097560976,shared,creating
ssh,0.08108108108108109,b_only,monseigneur
ssh,1.0,a_only,sedgwick
ssh,0.3278008298755187,shared,ll
ssh,0.3559322033898305,shared,calling
ssh,1.0,a_only,axiom
ssh,0.10726643598615918,b_only,sullen
ssh,0.5609756097560976,shared,starved
ssh,0.7297297297297297,shared,owners
ssh,0.3559322033898305,shared,tom
ssh,0.06666666666666667,b_only,cautiously
ssh,1.0,a_only,reversed
ssh,1.0,a_only,protestant
ssh,1.0,a_only,hebrews
ssh,1.0,a_only,babylon
ssh,0.7679558011049724,shared,slope
ssh,0.6080402010050251,shared,couch
ssh,0.4349775784753363,shared,suspected
ssh,0.6326530612244898,shared,guest
ssh,0.30612244897959184,shared,state
ssh,0.3168724279835391,shared,stone
ssh,1.0,a_only,significantly
ssh,0.6243654822335025,shared,tax
ssh,1.0,a_only,col
ssh,0.285140562248996,shared,cry
ssh,1.0,a_only,somalia
ssh,1.0,a_only,markov
ssh,0.6243654822335025,shared,lighter
ssh,1.0,a_only,phoenix
ssh,1.0,a_only,package
ssh,1.0,a_only,pyramid
ssh,0.5238095238095238,shared,simon
ssh,1.0,a_only,withdrawal
ssh,0.42857142857142855,shared,september
ssh,0.7777777777777778,shared,slaughter
ssh,1.0,a_only,bomb
ssh,1.0,a_only,alberta
ssh,0.11498257839721254,b_only,dreaded
ssh,0.675392670157068,shared,cage
ssh,1.0,a_only,equator
ssh,1.0,a_only,fuels
ssh,0.42857142857142855,shared,entering
ssh,0.0738255033557047,b_only,insensible
ssh,0.7777777777777778,shared,discouraged
ssh,1.0,a_only,capabilities
ssh,0.07023411371237458,b_only,hypnotic
ssh,0.7679558011049724,shared,hitting
ssh,0.08108108108108109,b_only,trod
ssh,0.23076923076923078,shared,walked
ssh,1.0,a_only,vector
ssh,1.0,a_only,identical
ssh,1.0,a_only,jr
ssh,0.3114754098360656,shared,stand
ssh,1.0,a_only,clan
ssh,0.6666666666666666,shared,shelter
ssh,0.6,shared,remarks
ssh,1.0,a_only,surplus
ssh,1.0,a_only,accepts
ssh,1.0,a_only,continental
ssh,0.29554655870445345,shared,pain
ssh,0.675392670157068,shared,customer
ssh,0.6580310880829016,shared,cautious
ssh,0.08843537414965986,b_only,rusty
ssh,0.3168724279835391,shared,generally
ssh,0.6842105263157895,shared,masses
ssh,0.2648221343873518,shared,thus
ssh,1.0,a_only,lm
ssh,1.0,a_only,margin
ssh,0.2749003984063745,shared,beauty
ssh,0.45454545454545453,shared,space
ssh,0.1510791366906475,b_only,gallantry
ssh,0.807909604519774,shared,corrupt
ssh,0.6494845360824743,shared,wing
ssh,1.0,a_only,subordinate
ssh,1.0,a_only,anschluss
ssh,1.0,a_only,signing
ssh,0.6842105263157895,shared,worshipped
ssh,0.7297297297297297,shared,filed
ssh,1.0,a_only,techno
ssh,0.0738255033557047,b_only,partiality
ssh,1.0,a_only,antarctic
ssh,0.6666666666666666,shared,acts
ssh,0.3793103448275862,shared,worn
ssh,1.0,a_only,mini
ssh,1.0,a_only,fleece
ssh,0.09215017064846416,b_only,25
ssh,1.0,a_only,focuses
ssh,1.0,a_only,separately
ssh,0.3445378151260504,shared,anyway
ssh,0.13074204946996468,b_only,likes
ssh,0.09965635738831616,b_only,paused
ssh,0.0738255033557047,b_only,whoop
ssh,1.0,a_only,generic
ssh,0.3333333333333333,shared,uncle
ssh,0.24031007751937986,shared,no
ssh,1.0,a_only,entity
ssh,1.0,a_only,monopoly
ssh,0.2903225806451613,shared,courage
ssh,0.10344827586206896,b_only,dreamed
ssh,0.3852813852813853,shared,nursery
ssh,0.7204301075268817,shared,teaching
ssh,0.48148148148148145,shared,recent
ssh,0.3278008298755187,shared,spot
ssh,0.5238095238095238,shared,enemies
ssh,0.6161616161616161,shared,sheets
ssh,0.29554655870445345,shared,ears
ssh,0.3445378151260504,shared,track
ssh,0.7777777777777778,shared,mount
ssh,0.6842105263157895,shared,umbrella
ssh,0.28,shared,actually
ssh,0.5094339622641509,shared,chose
ssh,0.08843537414965986,b_only,cries
ssh,1.0,a_only,tiberius
ssh,0.4222222222222222,shared,dig
ssh,0.7204301075268817,shared,talent
ssh,1.0,a_only,prototype
ssh,0.6161616161616161,shared,designed
ssh,0.36752136752136755,shared,remarkable
ssh,1.0,a_only,essentially
ssh,0.7679558011049724,shared,ex
ssh,0.5458937198067633,shared,maria
ssh,1.0,a_only,armenians
ssh,1.0,a_only,metaphysical
ssh,0.0847457627118644,b_only,cab
ssh,0.6,shared,existed
ssh,0.2260536398467433,shared,another
ssh,0.6666666666666666,shared,argued
ssh,0.6580310880829016,shared,sprung
ssh,0.5458937198067633,shared,eternal
ssh,1.0,a_only,sects
ssh,1.0,a_only,typically
ssh,0.6580310880829016,shared,gathering
ssh,0.5763546798029556,shared,northern
ssh,0.3389121338912134,shared,thrown
ssh,0.6580310880829016,shared,reform
ssh,0.3278008298755187,shared,whatever
ssh,0.09965635738831616,b_only,lighted
ssh,1.0,a_only,preliminary
ssh,0.7021276595744681,shared,songs
ssh,0.5920398009950248,shared,absorbed
ssh,0.5533980582524272,shared,arrested
ssh,0.7021276595744681,shared,warned
ssh,0.3114754098360656,shared,learn
ssh,0.7777777777777778,shared,varieties
ssh,0.2648221343873518,shared,says
ssh,0.3617021276595745,shared,ourselves
ssh,1.0,a_only,easter
ssh,0.2648221343873518,shared,we
ssh,0.5609756097560976,shared,belong
ssh,1.0,a_only,constitutes
ssh,1.0,a_only,voting
ssh,0.3389121338912134,shared,excited
ssh,1.0,a_only,expeditions
ssh,0.2749003984063745,shared,long
ssh,1.0,a_only,sciences
ssh,1.0,a_only,monk
ssh,0.4222222222222222,shared,banks
ssh,0.8181818181818182,shared,wealthy
ssh,1.0,a_only,variants
ssh,1.0,a_only,capturing
ssh,0.6326530612244898,shared,concerns
ssh,0.25,shared,our
ssh,0.3278008298755187,shared,youth
ssh,0.3333333333333333,shared,caught
ssh,1.0,a_only,ammonia
ssh,0.5686274509803921,shared,enjoyment
ssh,0.29554655870445345,shared,promise
ssh,0.29554655870445345,shared,trust
ssh,0.25984251968503935,shared,meet
ssh,0.6243654822335025,shared,planned
ssh,0.39737991266375544,shared,pick
ssh,1.0,a_only,buddhist
ssh,0.0847457627118644,b_only,beheld
ssh,1.0,a_only,communities
ssh,1.0,a_only,practices
ssh,1.0,a_only,strategy
ssh,0.6410256410256411,shared,solved
ssh,0.8390804597701149,shared,hampshire
ssh,0.0847457627118644,b_only,abhorrence
ssh,1.0,a_only,designated
ssh,0.6326530612244898,shared,remarkably
ssh,1.0,a_only,coral
ssh,1.0,a_only,northeast
ssh,0.6243654822335025,shared,trunk
ssh,1.0,a_only,conventions
ssh,0.23552123552123552,shared,thought
ssh,0.6842105263157895,shared,commanded
ssh,0.5841584158415841,shared,plays
ssh,0.6080402010050251,shared,brings
ssh,0.10726643598615918,b_only,hateful
ssh,0.47465437788018433,shared,separate
ssh,1.0,a_only,radiation
ssh,0.29554655870445345,shared,character
ssh,1.0,a_only,lanka
ssh,1.0,a_only,interactive
ssh,1.0,a_only,epistle
ssh,0.7297297297297297,shared,concord
ssh,1.0,a_only,referenced
ssh,1.0,a_only,web
ssh,1.0,a_only,broadly
ssh,0.08843537414965986,b_only,intend
ssh,1.0,a_only,connecting
ssh,0.285140562248996,shared,beautiful
ssh,1.0,a_only,op
ssh,1.0,a_only,settlement
ssh,1.0,a_only,evolved
ssh,1.0,a_only,anglicanism
ssh,0.30612244897959184,shared,room
ssh,1.0,a_only,pianist
ssh,0.6,shared,nest
ssh,0.28,shared,first
ssh,0.3793103448275862,shared,convinced
ssh,1.0,a_only,orbital
ssh,0.36752136752136755,shared,anxiety
ssh,0.7582417582417582,shared,describing
ssh,0.5841584158415841,shared,defence
ssh,0.5609756097560976,shared,remembrance
ssh,1.0,a_only,demonstrated
ssh,1.0,a_only,taylor
ssh,1.0,a_only,trophy
ssh,0.10726643598615918,b_only,whip
ssh,1.0,a_only,includes
ssh,0.8390804597701149,shared,affinity
ssh,1.0,a_only,calendar
ssh,1.0,a_only,alexis
ssh,0.6080402010050251,shared,film
ssh,1.0,a_only,kansas
ssh,1.0,a_only,chess
ssh,1.0,a_only,scholarship
ssh,0.6842105263157895,shared,whereas
ssh,0.6842105263157895,shared,buttons
ssh,1.0,a_only,contribution
ssh,0.6931216931216931,shared,laden
ssh,0.25,shared,there
ssh,0.7582417582417582,shared,hugh
ssh,0.0847457627118644,b_only,staring
ssh,1.0,a_only,alpine
ssh,0.5686274509803921,shared,mask
ssh,1.0,a_only,independently
ssh,0.5686274509803921,shared,host
ssh,0.10726643598615918,b_only,becuz
ssh,0.5311004784688995,shared,butter
ssh,0.7021276595744681,shared,globe
ssh,0.7297297297297297,shared,sized
ssh,0.42857142857142855,shared,lower
ssh,0.7486338797814208,shared,inhabit
ssh,0.2549019607843137,shared,re
ssh,0.6580310880829016,shared,needle
ssh,1.0,a_only,chiefs
ssh,1.0,a_only,sophisticated
ssh,0.10344827586206896,b_only,compassion
ssh,0.7877094972067039,shared,jet
ssh,1.0,a_only,hockey
ssh,0.08843537414965986,b_only,sherburn
ssh,1.0,a_only,bytes
ssh,1.0,a_only,specified
ssh,1.0,a_only,album
ssh,0.5920398009950248,shared,ceremony
ssh,0.6494845360824743,shared,reynolds
ssh,0.6243654822335025,shared,recently
ssh,0.5311004784688995,shared,nurse
ssh,0.09215017064846416,b_only,cousins
ssh,1.0,a_only,augustus
ssh,1.0,a_only,nationalism
ssh,0.3333333333333333,shared,sharp
ssh,0.5920398009950248,shared,blew
ssh,0.09965635738831616,b_only,tooth
ssh,1.0,a_only,semitism
ssh,1.0,a_only,shells
ssh,0.3389121338912134,shared,society
ssh,0.25,shared,evidently
ssh,0.7112299465240641,shared,threatening
ssh,0.6580310880829016,shared,francis
ssh,0.3333333333333333,shared,to
ssh,1.0,a_only,telecommunications
ssh,0.7486338797814208,shared,spending
ssh,1.0,a_only,inherent
ssh,1.0,a_only,reserves
ssh,1.0,a_only,surfaces
ssh,1.0,a_only,aristotle
ssh,1.0,a_only,legislature
ssh,0.7204301075268817,shared,ahab
ssh,1.0,a_only,clubs
ssh,0.6243654822335025,shared,provisions
ssh,1.0,a_only,ceo
ssh,0.6842105263157895,shared,piano
ssh,0.09965635738831616,b_only,moods
ssh,0.7204301075268817,shared,vary
ssh,0.40350877192982454,shared,movement
ssh,0.5384615384615384,shared,u
ssh,0.0738255033557047,b_only,complain
ssh,0.6243654822335025,shared,briefly
ssh,0.6243654822335025,shared,tempered
ssh,0.08108108108108109,b_only,instinct
ssh,0.08843537414965986,b_only,carpet
ssh,0.42857142857142855,shared,quarrel
ssh,0.4883720930232558,shared,counted
ssh,1.0,a_only,integration
ssh,0.5609756097560976,shared,spanish
ssh,0.32231404958677684,shared,pieces
ssh,1.0,a_only,chicago
ssh,0.09215017064846416,b_only,repose
ssh,1.0,a_only,multi
ssh,0.23076923076923078,shared,once
ssh,0.5841584158415841,shared,sentiments
ssh,1.0,a_only,randall
ssh,0.3168724279835391,shared,window
ssh,1.0,a_only,alloy
ssh,0.09215017064846416,b_only,sobs
ssh,0.10344827586206896,b_only,sincerely
ssh,0.7877094972067039,shared,qualified
ssh,0.08843537414965986,b_only,georgiana
ssh,1.0,a_only,rally
ssh,0.7679558011049724,shared,olive
ssh,1.0,a_only,debate
ssh,0.3852813852813853,shared,island
ssh,0.6931216931216931,shared,beard
ssh,0.6080402010050251,shared,rapid
ssh,1.0,a_only,adonis
ssh,0.07744107744107744,b_only,hurst
ssh,0.350210970464135,shared,chosen
ssh,0.25,shared,laid
ssh,0.5920398009950248,shared,pouring
ssh,0.3559322033898305,shared,hide
ssh,0.10344827586206896,b_only,shoemaker
ssh,0.056105610561056105,b_only,disturb
ssh,0.6243654822335025,shared,farmer
ssh,0.5920398009950248,shared,proposals
ssh,0.6326530612244898,shared,needles
ssh,0.09215017064846416,b_only,afeard
ssh,0.36752136752136755,shared,suspicion
ssh,1.0,a_only,jos
ssh,1.0,a_only,attila
ssh,0.08843537414965986,b_only,talked
ssh,1.0,a_only,defining
ssh,0.5311004784688995,shared,splendid
ssh,1.0,a_only,kentucky
ssh,1.0,a_only,denote
ssh,1.0,a_only,zahn
ssh,0.4611872146118721,shared,ghosts
ssh,1.0,a_only,tasks
ssh,1.0,a_only,barcelona
ssh,1.0,a_only,crater
ssh,1.0,a_only,variables
ssh,1.0,a_only,olympic
ssh,0.4479638009049774,shared,delivered
ssh,0.6666666666666666,shared,skeleton
ssh,0.6326530612244898,shared,disdain
ssh,0.07744107744107744,b_only,gaoler
ssh,0.2749003984063745,shared,sleep
ssh,0.30612244897959184,shared,line
ssh,1.0,a_only,unofficial
ssh,0.5458937198067633,shared,assumed
ssh,0.09965635738831616,b_only,clasped
ssh,1.0,a_only,asiatic
ssh,0.6931216931216931,shared,cathedral
ssh,0.8181818181818182,shared,depression
ssh,1.0,a_only,abram
ssh,1.0,a_only,requirement
ssh,0.6080402010050251,shared,deprived
ssh,1.0,a_only,diacritics
ssh,0.30612244897959184,shared,death
ssh,1.0,a_only,fernando
ssh,0.3852813852813853,shared,fail
ssh,0.0847457627118644,b_only,5
ssh,1.0,a_only,calgary
ssh,0.807909604519774,shared,courier
ssh,1.0,a_only,deity
ssh,0.285140562248996,shared,let
ssh,1.0,a_only,benedictine
ssh,0.7679558011049724,shared,safer
ssh,0.28,shared,heads
ssh,0.7486338797814208,shared,precision
ssh,0.3008130081300813,shared,turning
ssh,0.7297297297297297,shared,japanese
ssh,1.0,a_only,option
ssh,1.0,a_only,disabilities
ssh,0.08843537414965986,b_only,slid
ssh,1.0,a_only,earthquakes
ssh,1.0,a_only,jules
ssh,0.07023411371237458,b_only,polished
ssh,0.2260536398467433,shared,satisfied
ssh,0.2648221343873518,shared,wonder
ssh,1.0,a_only,mainstream
ssh,1.0,a_only,lovelace
ssh,1.0,a_only,varies
ssh,1.0,a_only,gospels
ssh,1.0,a_only,matthew
ssh,0.5458937198067633,shared,beast
ssh,0.25984251968503935,shared,indeed
ssh,0.5686274509803921,shared,resumed
ssh,0.4222222222222222,shared,knight
ssh,1.0,a_only,ian
ssh,1.0,a_only,epithet
ssh,1.0,a_only,goths
ssh,0.5763546798029556,shared,require
ssh,0.42857142857142855,shared,pictures
ssh,0.09215017064846416,b_only,varna
ssh,0.7582417582417582,shared,deaths
ssh,0.0847457627118644,b_only,policeman
ssh,0.0847457627118644,b_only,alteration
ssh,1.0,a_only,avicenna
ssh,1.0,a_only,prometheus
ssh,0.6,shared,ho
ssh,0.675392670157068,shared,verse
ssh,0.5920398009950248,shared,executed
ssh,1.0,a_only,bishop
ssh,0.7486338797814208,shared,converse
ssh,0.8181818181818182,shared,loop
ssh,0.3852813852813853,shared,midnight
ssh,1.0,a_only,ethiopic
ssh,1.0,a_only,contains
ssh,0.7112299465240641,shared,literature
ssh,0.08843537414965986,b_only,groaned
ssh,0.3445378151260504,shared,servants
ssh,1.0,a_only,cushitic
ssh,0.08108108108108109,b_only,poured
ssh,0.7112299465240641,shared,intelligent
ssh,0.40350877192982454,shared,younger
ssh,0.3168724279835391,shared,comfort
ssh,0.07744107744107744,b_only,grateful
ssh,1.0,a_only,venice
ssh,1.0,a_only,surgical
ssh,0.10344827586206896,b_only,expecting
ssh,1.0,a_only,nuclei
ssh,0.5023474178403756,shared,prince
ssh,0.32231404958677684,shared,broad
ssh,0.7021276595744681,shared,spark
ssh,0.7297297297297297,shared,los
ssh,0.6,shared,apartment
ssh,1.0,a_only,criteria
ssh,0.6161616161616161,shared,president
ssh,1.0,a_only,heritage
ssh,1.0,a_only,concerto
ssh,0.7204301075268817,shared,cabinet
ssh,1.0,a_only,scored
ssh,0.350210970464135,shared,sisters
ssh,0.06312292358803986,b_only,twisted
ssh,0.245136186770428,shared,four
ssh,0.22137404580152673,shared,cried
ssh,1.0,a_only,astrological
ssh,1.0,a_only,ranging
ssh,0.10726643598615918,b_only,eloquent
ssh,0.5238095238095238,shared,resting
ssh,0.7679558011049724,shared,engage
ssh,0.807909604519774,shared,reverse
ssh,1.0,a_only,explorers
ssh,0.7582417582417582,shared,hound
ssh,1.0,a_only,corinth
ssh,1.0,a_only,hydroxide
ssh,0.7204301075268817,shared,rely
ssh,0.37339055793991416,shared,houses
ssh,0.7112299465240641,shared,civilization
ssh,0.5165876777251185,shared,profession
ssh,0.7112299465240641,shared,boiling
ssh,0.3389121338912134,shared,en
ssh,0.4883720930232558,shared,lip
ssh,1.0,a_only,undergo
ssh,0.46788990825688076,shared,intent
ssh,0.42857142857142855,shared,class
ssh,0.08843537414965986,b_only,natured
ssh,0.5023474178403756,shared,crowded
ssh,0.6326530612244898,shared,india
ssh,1.0,a_only,additionally
ssh,0.09215017064846416,b_only,bennet
ssh,1.0,a_only,brandenburg
ssh,1.0,a_only,convent
ssh,1.0,a_only,accessible
ssh,1.0,a_only,denoted
ssh,0.5238095238095238,shared,guide
ssh,0.7777777777777778,shared,publicly
ssh,0.4883720930232558,shared,nephew
ssh,0.5238095238095238,shared,west
ssh,0.7112299465240641,shared,xvi
ssh,0.5311004784688995,shared,spared
ssh,1.0,a_only,overview
ssh,0.6666666666666666,shared,toes
ssh,0.7877094972067039,shared,farms
ssh,0.5920398009950248,shared,southern
ssh,0.09965635738831616,b_only,astonishment
ssh,0.675392670157068,shared,requires
ssh,0.10344827586206896,b_only,darcy
ssh,1.0,a_only,hermann
ssh,1.0,a_only,ambient
ssh,0.32231404958677684,shared,greater
ssh,1.0,a_only,holidays
ssh,0.07023411371237458,b_only,happily
ssh,0.6666666666666666,shared,joining
ssh,0.4611872146118721,shared,frequent
ssh,1.0,a_only,distinctive
ssh,0.675392670157068,shared,williams
ssh,0.6931216931216931,shared,consulted
ssh,1.0,a_only,pc
ssh,1.0,a_only,confederate
ssh,1.0,a_only,odyssey
ssh,1.0,a_only,acacia
ssh,1.0,a_only,britannica
ssh,0.7777777777777778,shared,victoria
ssh,1.0,a_only,benny
ssh,0.42857142857142855,shared,brown
ssh,0.5384615384615384,shared,female
ssh,0.0738255033557047,b_only,daresay
ssh,0.7582417582417582,shared,relating
ssh,0.5841584158415841,shared,offices
ssh,1.0,a_only,decisions
ssh,1.0,a_only,cologne
ssh,0.285140562248996,shared,understand
ssh,1.0,a_only,symmetry
ssh,0.36752136752136755,shared,lucas
ssh,1.0,a_only,denies
ssh,0.5384615384615384,shared,immediate
ssh,0.7486338797814208,shared,resignation
ssh,0.6666666666666666,shared,crab
ssh,1.0,a_only,compiled
ssh,0.07744107744107744,b_only,prisons
ssh,1.0,a_only,wesley
ssh,0.25,shared,mean
ssh,0.6161616161616161,shared,instructions
ssh,0.25,shared,hard
ssh,0.7112299465240641,shared,lowest
ssh,0.6161616161616161,shared,definite
ssh,1.0,a_only,renaissance
ssh,0.46788990825688076,shared,log
ssh,1.0,a_only,persians
ssh,0.7679558011049724,shared,sketch
ssh,0.5458937198067633,shared,attracted
ssh,1.0,a_only,planet
ssh,0.6080402010050251,shared,brilliant
ssh,0.12280701754385964,b_only,extinguished
ssh,0.0958904109589041,b_only,moonlight
ssh,0.6842105263157895,shared,staying
ssh,0.245136186770428,shared,broke
ssh,1.0,a_only,leonard
ssh,0.5609756097560976,shared,hollow
ssh,1.0,a_only,missions
ssh,0.25984251968503935,shared,find
ssh,0.6666666666666666,shared,preferred
ssh,0.4953271028037383,shared,cats
ssh,1.0,a_only,films
ssh,0.5165876777251185,shared,waters
ssh,0.07744107744107744,b_only,softened
ssh,0.06666666666666667,b_only,gabelle
ssh,0.6931216931216931,shared,weird
ssh,0.6580310880829016,shared,seizing
ssh,0.5686274509803921,shared,belonged
ssh,0.8181818181818182,shared,regards
ssh,0.3333333333333333,shared,faces
ssh,1.0,a_only,muslim
ssh,0.3559322033898305,shared,history
ssh,0.2903225806451613,shared,looks
ssh,0.2260536398467433,shared,sometimes
ssh,0.09215017064846416,b_only,rejoice
ssh,0.08843537414965986,b_only,dirt
ssh,0.4349775784753363,shared,conclusion
ssh,0.6494845360824743,shared,mirror
ssh,1.0,a_only,philosophical
ssh,1.0,a_only,metro
ssh,1.0,a_only,babbage
ssh,1.0,a_only,rfc
ssh,1.0,a_only,elected
ssh,1.0,a_only,abandonment
ssh,0.28,shared,eat
ssh,0.36752136752136755,shared,lines
ssh,1.0,a_only,alhazred
ssh,0.23076923076923078,shared,told
ssh,0.5384615384615384,shared,happens
ssh,1.0,a_only,norway
ssh,1.0,a_only,cancelled
ssh,0.5165876777251185,shared,term
ssh,0.08108108108108109,b_only,confide
ssh,1.0,a_only,railroad
ssh,0.5094339622641509,shared,american
ssh,0.7679558011049724,shared,tended
ssh,0.0958904109589041,b_only,frankenstein
ssh,1.0,a_only,fm
ssh,0.7021276595744681,shared,cope
ssh,0.5841584158415841,shared,ignorance
ssh,0.797752808988764,shared,resided
ssh,1.0,a_only,doses
ssh,1.0,a_only,priests
ssh,1.0,a_only,australians
ssh,0.6931216931216931,shared,bull
ssh,0.6580310880829016,shared,mortal
ssh,0.07744107744107744,b_only,budge
ssh,1.0,a_only,ac
ssh,0.0847457627118644,b_only,procession
ssh,0.07023411371237458,b_only,leaned
ssh,0.08843537414965986,b_only,needn
ssh,0.6080402010050251,shared,colours
ssh,0.11498257839721254,b_only,reminded
ssh,0.0847457627118644,b_only,suspect
ssh,0.6326530612244898,shared,obtain
ssh,0.6931216931216931,shared,cream
ssh,1.0,a_only,defenses
ssh,0.7582417582417582,shared,von
ssh,0.7777777777777778,shared,comment
ssh,1.0,a_only,colony
ssh,0.06312292358803986,b_only,consult
ssh,1.0,a_only,kurosawa
ssh,0.7486338797814208,shared,coins
ssh,1.0,a_only,alcohols
ssh,1.0,a_only,blocking
ssh,1.0,a_only,producer
ssh,0.0958904109589041,b_only,crimson
ssh,0.07744107744107744,b_only,cheerfulness
ssh,0.46788990825688076,shared,striking
ssh,0.7297297297297297,shared,xiii
ssh,0.7021276595744681,shared,tables
ssh,0.0738255033557047,b_only,awe
ssh,0.5094339622641509,shared,plate
ssh,0.0958904109589041,b_only,waistcoat
ssh,1.0,a_only,bolivia
ssh,0.10726643598615918,b_only,sickly
ssh,1.0,a_only,canterbury
ssh,1.0,a_only,founder
ssh,0.7582417582417582,shared,officials
ssh,0.7582417582417582,shared,guided
ssh,1.0,a_only,disciplines
ssh,0.7297297297297297,shared,specially
ssh,1.0,a_only,korea
ssh,1.0,a_only,limestone
ssh,0.07744107744107744,b_only,trousers
ssh,0.06312292358803986,b_only,shrieked
ssh,0.797752808988764,shared,greatness
ssh,1.0,a_only,wartime
ssh,1.0,a_only,denominations
ssh,0.6580310880829016,shared,stout
ssh,0.5609756097560976,shared,arrangement
ssh,1.0,a_only,anconia
ssh,0.0958904109589041,b_only,conjecture
ssh,0.08108108108108109,b_only,rosings
ssh,0.29554655870445345,shared,sitting
ssh,1.0,a_only,supporting
ssh,0.0958904109589041,b_only,coronet
ssh,0.7204301075268817,shared,beam
ssh,0.3793103448275862,shared,prisoners
ssh,1.0,a_only,quattro
ssh,0.3168724279835391,shared,names
ssh,1.0,a_only,senator
ssh,0.3389121338912134,shared,ceased
ssh,0.06312292358803986,b_only,fortnight
ssh,0.30612244897959184,shared,full
ssh,0.2749003984063745,shared,know
ssh,1.0,a_only,swiss
ssh,0.7297297297297297,shared,population
ssh,1.0,a_only,decimal
ssh,0.056105610561056105,b_only,horribly
ssh,0.7297297297297297,shared,perfection
ssh,0.6494845360824743,shared,allowing
ssh,1.0,a_only,penalty
ssh,0.6080402010050251,shared,fleet
ssh,0.7204301075268817,shared,significance
ssh,0.5458937198067633,shared,league
ssh,1.0,a_only,archbishop
ssh,1.0,a_only,percentage
ssh,0.08108108108108109,b_only,exclamation
ssh,0.28,shared,allowed
ssh,0.10344827586206896,b_only,glancing
ssh,0.6580310880829016,shared,badly
ssh,0.25984251968503935,shared,certainly
ssh,0.5458937198067633,shared,consisted
ssh,0.32231404958677684,shared,proved
ssh,0.3617021276595745,shared,opening
ssh,0.7679558011049724,shared,equality
ssh,0.8181818181818182,shared,stripped
ssh,0.3168724279835391,shared,presence
ssh,0.5609756097560976,shared,leaf
ssh,0.48148148148148145,shared,inquiry
ssh,1.0,a_only,finals
ssh,0.09965635738831616,b_only,transylvania
ssh,0.6410256410256411,shared,smaller
ssh,0.6080402010050251,shared,destiny
ssh,0.3617021276595745,shared,aside
ssh,0.245136186770428,shared,called
ssh,0.3168724279835391,shared,attempt
ssh,0.807909604519774,shared,gradual
ssh,0.09215017064846416,b_only,temptation
ssh,0.0738255033557047,b_only,cane
ssh,0.6931216931216931,shared,sticks
ssh,0.4222222222222222,shared,faced
ssh,1.0,a_only,amoeba
ssh,1.0,a_only,shortest
ssh,1.0,a_only,republicans
ssh,0.0738255033557047,b_only,watchman
ssh,1.0,a_only,prehistoric
ssh,1.0,a_only,maguey
ssh,0.30612244897959184,shared,force
ssh,0.7021276595744681,shared,refuge
ssh,0.6243654822335025,shared,reveal
ssh,0.797752808988764,shared,limitations
ssh,1.0,a_only,magnetic
ssh,1.0,a_only,bangladesh
ssh,0.3389121338912134,shared,luck
ssh,1.0,a_only,negligible
ssh,0.7204301075268817,shared,lecture
ssh,0.2903225806451613,shared,left
ssh,0.32231404958677684,shared,d
ssh,1.0,a_only,constitute
ssh,1.0,a_only,linguistic
ssh,0.8604651162790697,shared,refrain
ssh,1.0,a_only,camera
ssh,0.6243654822335025,shared,pipes
ssh,1.0,a_only,ministry
ssh,0.30612244897959184,shared,that
ssh,1.0,a_only,runner
ssh,0.3168724279835391,shared,trees
ssh,0.5384615384615384,shared,security
ssh,0.675392670157068,shared,complex
ssh,0.5609756097560976,shared,massive
ssh,0.30612244897959184,shared,every
ssh,0.40350877192982454,shared,monster
ssh,0.7112299465240641,shared,grandfather
ssh,0.285140562248996,shared,round
ssh,1.0,a_only,explorer
ssh,1.0,a_only,aires
ssh,0.08108108108108109,b_only,rubbing
ssh,0.3852813852813853,shared,practice
ssh,0.6666666666666666,shared,happening
ssh,0.6666666666666666,shared,kick
ssh,1.0,a_only,roles
ssh,1.0,a_only,assassinated
ssh,0.5686274509803921,shared,market
ssh,0.09215017064846416,b_only,hey
ssh,0.8285714285714286,shared,removing
ssh,0.3114754098360656,shared,saw
ssh,1.0,a_only,aidan
ssh,0.0738255033557047,b_only,wrinkled
ssh,1.0,a_only,abu
ssh,1.0,a_only,southwest
ssh,0.6494845360824743,shared,vanish
ssh,0.09965635738831616,b_only,lifeless
ssh,0.5458937198067633,shared,endure
ssh,0.2549019607843137,shared,stay
ssh,0.5686274509803921,shared,authorities
ssh,0.1111111111111111,b_only,utmost
ssh,1.0,a_only,maximum
ssh,0.07023411371237458,b_only,aloft
ssh,1.0,a_only,pollution
ssh,0.32231404958677684,shared,position
ssh,1.0,a_only,culminated
ssh,0.5458937198067633,shared,tones
ssh,1.0,a_only,guitarist
ssh,0.7877094972067039,shared,imprisoned
ssh,0.391304347826087,shared,discover
ssh,0.7021276595744681,shared,unfinished
ssh,0.48148148148148145,shared,la
ssh,0.7582417582417582,shared,hubbard
ssh,0.10726643598615918,b_only,fascinated
ssh,0.6161616161616161,shared,peasants
ssh,0.7877094972067039,shared,severity
ssh,0.7777777777777778,shared,meetings
ssh,0.285140562248996,shared,although
ssh,1.0,a_only,abstract
ssh,1.0,a_only,belgium
ssh,1.0,a_only,ranking
ssh,0.3389121338912134,shared,slept
ssh,0.5841584158415841,shared,species
ssh,0.285140562248996,shared,break
ssh,0.415929203539823,shared,events
ssh,1.0,a_only,ancestor
ssh,0.29554655870445345,shared,rest
ssh,0.5023474178403756,shared,agitation
ssh,0.4479638009049774,shared,cleared
ssh,1.0,a_only,frederick
ssh,1.0,a_only,forum
ssh,0.6,shared,keen
ssh,1.0,a_only,julian
ssh,1.0,a_only,conditional
ssh,0.6161616161616161,shared,shelf
ssh,0.6666666666666666,shared,dialogue
ssh,1.0,a_only,omotic
ssh,1.0,a_only,andrei
ssh,0.7679558011049724,shared,retreated
ssh,0.25984251968503935,shared,body
ssh,1.0,a_only,algiers
ssh,1.0,a_only,darwin
ssh,1.0,a_only,experts
ssh,1.0,a_only,ram
ssh,1.0,a_only,numbering
ssh,1.0,a_only,nato
ssh,0.6,shared,identified
ssh,0.5609756097560976,shared,exhausted
ssh,0.6842105263157895,shared,independence
ssh,0.7486338797814208,shared,instances
ssh,0.09965635738831616,b_only,goin
ssh,0.6842105263157895,shared,threat
ssh,1.0,a_only,glenn
ssh,0.3852813852813853,shared,understanding
ssh,0.25984251968503935,shared,side
ssh,0.7297297297297297,shared,coincidence
ssh,1.0,a_only,phrases
ssh,0.0847457627118644,b_only,cavern
ssh,0.6410256410256411,shared,rent
ssh,1.0,a_only,melting
ssh,1.0,a_only,operational
ssh,0.7877094972067039,shared,lawrence
ssh,0.5763546798029556,shared,considerably
ssh,1.0,a_only,magazines
ssh,0.11498257839721254,b_only,terrified
ssh,0.6580310880829016,shared,display
ssh,1.0,a_only,symbolism
ssh,0.7777777777777778,shared,diseases
ssh,0.3114754098360656,shared,office
ssh,1.0,a_only,presidency
ssh,0.7679558011049724,shared,tip
ssh,0.5686274509803921,shared,compared
ssh,0.6410256410256411,shared,avenue
ssh,0.44144144144144143,shared,sacred
ssh,0.7021276595744681,shared,wisdom
ssh,0.391304347826087,shared,stick
ssh,1.0,a_only,interactions
ssh,1.0,a_only,monastery
ssh,1.0,a_only,dos
ssh,0.08108108108108109,b_only,brains
ssh,0.7391304347826086,shared,germany
ssh,0.4222222222222222,shared,careful
ssh,1.0,a_only,apache
ssh,0.3445378151260504,shared,cousin
ssh,1.0,a_only,iupac
ssh,0.350210970464135,shared,despair
ssh,0.3445378151260504,shared,large
ssh,0.25984251968503935,shared,won
ssh,0.37339055793991416,shared,william
ssh,0.6326530612244898,shared,similarly
ssh,0.5763546798029556,shared,blank
ssh,0.06666666666666667,b_only,lid
ssh,1.0,a_only,investment
ssh,0.3168724279835391,shared,already
ssh,1.0,a_only,functioning
ssh,1.0,a_only,implementing
ssh,0.675392670157068,shared,masters
ssh,1.0,a_only,indicates
ssh,1.0,a_only,orient
ssh,0.32231404958677684,shared,almost
ssh,1.0,a_only,acta
ssh,0.29554655870445345,shared,water
ssh,1.0,a_only,nazi
ssh,0.4611872146118721,shared,perceived
ssh,1.0,a_only,successive
ssh,0.7112299465240641,shared,load
ssh,1.0,a_only,hector
ssh,0.2749003984063745,shared,gentleman
ssh,0.40969162995594716,shared,gate
ssh,0.08108108108108109,b_only,seated
ssh,1.0,a_only,venus
ssh,0.29554655870445345,shared,short
ssh,0.4222222222222222,shared,express
ssh,1.0,a_only,correspond
ssh,1.0,a_only,era
ssh,0.09965635738831616,b_only,18
ssh,0.6666666666666666,shared,sixteen
ssh,0.3278008298755187,shared,his
ssh,0.2903225806451613,shared,bed
ssh,0.6931216931216931,shared,nations
ssh,0.4222222222222222,shared,forty
ssh,1.0,a_only,theaters
ssh,0.5920398009950248,shared,oil
ssh,0.7582417582417582,shared,arisen
ssh,1.0,a_only,screenwriter
ssh,0.40350877192982454,shared,sufficient
ssh,0.3617021276595745,shared,conduct
ssh,0.4953271028037383,shared,operation
ssh,0.391304347826087,shared,affected
ssh,0.4953271028037383,shared,corridor
ssh,1.0,a_only,disagreement
ssh,1.0,a_only,harald
ssh,0.350210970464135,shared,throw
ssh,0.09215017064846416,b_only,sweetness
ssh,1.0,a_only,notation
ssh,0.7021276595744681,shared,dramatic
ssh,0.8181818181818182,shared,cooking
ssh,1.0,a_only,occult
ssh,0.6326530612244898,shared,succession
ssh,1.0,a_only,hans
ssh,1.0,a_only,site
ssh,0.391304347826087,shared,takes
ssh,0.8181818181818182,shared,satan
ssh,0.0958904109589041,b_only,whisky
ssh,0.5533980582524272,shared,rod
ssh,1.0,a_only,virtually
ssh,1.0,a_only,classical
ssh,0.3008130081300813,shared,little
ssh,0.6842105263157895,shared,spotted
ssh,1.0,a_only,angst
ssh,0.47465437788018433,shared,hit
ssh,1.0,a_only,transport
ssh,1.0,a_only,civic
ssh,0.0958904109589041,b_only,lawn
ssh,1.0,a_only,boas
ssh,0.07744107744107744,b_only,charlotte
ssh,1.0,a_only,chloride
ssh,0.7777777777777778,shared,collapse
ssh,0.5841584158415841,shared,witnesses
ssh,0.10344827586206896,b_only,nervously
ssh,1.0,a_only,taliban
ssh,1.0,a_only,nixon
ssh,0.36752136752136755,shared,instance
ssh,1.0,a_only,writings
ssh,1.0,a_only,northwestern
ssh,1.0,a_only,processing
ssh,0.0958904109589041,b_only,strangely
ssh,0.28,shared,wood
ssh,0.415929203539823,shared,laws
ssh,0.08108108108108109,b_only,ghastly
ssh,0.6494845360824743,shared,situated
ssh,1.0,a_only,secular
ssh,1.0,a_only,tourist
ssh,0.6243654822335025,shared,appointment
ssh,1.0,a_only,emancipation
ssh,1.0,a_only,bus
ssh,0.3114754098360656,shared,money
ssh,0.3389121338912134,shared,length
ssh,0.5686274509803921,shared,creation
ssh,0.3333333333333333,shared,bitter
ssh,1.0,a_only,wiki
ssh,0.3445378151260504,shared,single
ssh,0.7486338797814208,shared,lasts
ssh,1.0,a_only,enlarged
ssh,1.0,a_only,ornamental
ssh,0.3793103448275862,shared,creatures
ssh,1.0,a_only,pdf
ssh,1.0,a_only,exhibits
ssh,0.30612244897959184,shared,besides
ssh,1.0,a_only,denotes
ssh,0.285140562248996,shared,however
ssh,0.3168724279835391,shared,else
ssh,0.6,shared,apparent
ssh,0.40969162995594716,shared,trade
ssh,0.6931216931216931,shared,rejected
ssh,0.5763546798029556,shared,tis
ssh,0.08108108108108109,b_only,churchyard
ssh,0.7582417582417582,shared,comparative
ssh,0.7777777777777778,shared,emphatic
ssh,0.2903225806451613,shared,interest
ssh,1.0,a_only,tv
ssh,1.0,a_only,shah
ssh,1.0,a_only,astronaut
ssh,1.0,a_only,julia
ssh,0.7391304347826086,shared,minor
ssh,0.5609756097560976,shared,communicate
ssh,0.4479638009049774,shared,stern
ssh,0.285140562248996,shared,happiness
ssh,1.0,a_only,senate
ssh,1.0,a_only,keyboard
ssh,1.0,a_only,consisting
ssh,1.0,a_only,divisions
ssh,1.0,a_only,heating
ssh,0.3168724279835391,shared,knowledge
ssh,0.11498257839721254,b_only,climbed
ssh,1.0,a_only,ambients
ssh,0.350210970464135,shared,food
ssh,0.10344827586206896,b_only,dozen
ssh,0.29554655870445345,shared,s
ssh,0.7486338797814208,shared,plant
ssh,0.10344827586206896,b_only,dusty
ssh,1.0,a_only,cartier
ssh,0.3008130081300813,shared,whose
ssh,1.0,a_only,agrippina
ssh,0.30612244897959184,shared,mark
ssh,0.4953271028037383,shared,client
ssh,0.6410256410256411,shared,newspapers
ssh,1.0,a_only,anaconda
ssh,0.08843537414965986,b_only,starkey
ssh,1.0,a_only,calcium
ssh,0.3114754098360656,shared,asked
ssh,0.5763546798029556,shared,domestic
ssh,1.0,a_only,probe
ssh,0.28,shared,noticed
ssh,0.11498257839721254,b_only,pausing
ssh,1.0,a_only,gulch
ssh,0.10344827586206896,b_only,congratulations
ssh,1.0,a_only,autistic
ssh,0.36752136752136755,shared,board
ssh,0.807909604519774,shared,fried
ssh,1.0,a_only,airplane
ssh,1.0,a_only,addictive
ssh,1.0,a_only,ishmael
ssh,0.5238095238095238,shared,employment
ssh,1.0,a_only,kurt
ssh,1.0,a_only,damage
ssh,1.0,a_only,johnston
ssh,0.08843537414965986,b_only,hint
ssh,0.5609756097560976,shared,aged
ssh,0.6243654822335025,shared,beings
ssh,0.5763546798029556,shared,sunlight
ssh,0.4883720930232558,shared,recalled
ssh,1.0,a_only,arable
ssh,0.5094339622641509,shared,shining
ssh,0.0847457627118644,b_only,brightly
ssh,0.08108108108108109,b_only,ardent
ssh,1.0,a_only,messagepad
ssh,1.0,a_only,li
ssh,0.6666666666666666,shared,honourable
ssh,0.07023411371237458,b_only,dey
ssh,0.4349775784753363,shared,store
ssh,0.5094339622641509,shared,parts
ssh,0.32231404958677684,shared,night
ssh,0.09215017064846416,b_only,ceiling
ssh,0.0738255033557047,b_only,fix
ssh,1.0,a_only,transmitted
ssh,1.0,a_only,algorithms
ssh,0.6842105263157895,shared,congregation
ssh,1.0,a_only,appreciation
ssh,0.5920398009950248,shared,harvey
ssh,0.6666666666666666,shared,richard
ssh,0.5686274509803921,shared,audience
ssh,1.0,a_only,holocaust
ssh,0.5458937198067633,shared,cup
ssh,0.5458937198067633,shared,fat
ssh,0.6410256410256411,shared,retained
ssh,0.5763546798029556,shared,enjoyed
ssh,0.09215017064846416,b_only,howling
ssh,0.4883720930232558,shared,precisely
ssh,0.6580310880829016,shared,reasoning
ssh,0.7679558011049724,shared,fragment
ssh,1.0,a_only,amber
ssh,0.4479638009049774,shared,wedding
ssh,0.7486338797814208,shared,lungs
ssh,0.6931216931216931,shared,identify
ssh,0.2698412698412698,shared,want
ssh,1.0,a_only,jupiter
ssh,0.0958904109589041,b_only,delightful
ssh,0.3793103448275862,shared,advantage
ssh,1.0,a_only,northwest
ssh,1.0,a_only,afghan
ssh,0.797752808988764,shared,rhine
ssh,1.0,a_only,hemisphere
ssh,1.0,a_only,atlas
ssh,0.36752136752136755,shared,unfortunate
ssh,1.0,a_only,gear
ssh,0.36752136752136755,shared,edge
ssh,0.0738255033557047,b_only,attentions
ssh,0.4611872146118721,shared,follows
ssh,1.0,a_only,judicial
ssh,0.6931216931216931,shared,succeeding
ssh,0.5609756097560976,shared,decide
ssh,1.0,a_only,noun
ssh,0.6931216931216931,shared,jew
ssh,0.7204301075268817,shared,depressed
ssh,1.0,a_only,publication
ssh,0.6842105263157895,shared,addresses
ssh,1.0,a_only,emperors
ssh,0.7582417582417582,shared,rounds
ssh,1.0,a_only,hawaii
ssh,0.6666666666666666,shared,dropping
ssh,1.0,a_only,techniques
ssh,0.10726643598615918,b_only,betray
ssh,0.797752808988764,shared,invested
ssh,0.3617021276595745,shared,city
ssh,0.3389121338912134,shared,fool
ssh,0.07023411371237458,b_only,shoved
ssh,0.05263157894736842,b_only,perplexity
ssh,0.7679558011049724,shared,slaves
ssh,0.48148148148148145,shared,argument
ssh,0.4479638009049774,shared,narrow
ssh,0.30612244897959184,shared,them
ssh,1.0,a_only,tsar
ssh,0.5533980582524272,shared,bitterly
ssh,0.6161616161616161,shared,creator
ssh,0.0738255033557047,b_only,climbing
ssh,1.0,a_only,poland
ssh,1.0,a_only,feeding
ssh,1.0,a_only,reconstruction
ssh,0.09215017064846416,b_only,woe
ssh,0.3852813852813853,shared,france
ssh,1.0,a_only,abacus
ssh,0.6494845360824743,shared,tire
ssh,0.391304347826087,shared,shore
ssh,0.07744107744107744,b_only,rested
ssh,1.0,a_only,nobel
ssh,0.7777777777777778,shared,barren
ssh,0.3333333333333333,shared,action
ssh,0.08108108108108109,b_only,dumpty
ssh,1.0,a_only,louise
ssh,1.0,a_only,bilingual
ssh,0.6931216931216931,shared,believing
ssh,0.350210970464135,shared,chapter
ssh,1.0,a_only,museums
ssh,0.40969162995594716,shared,discovery
ssh,0.30612244897959184,shared,next
ssh,0.4349775784753363,shared,er
ssh,0.0958904109589041,b_only,solemnly
ssh,1.0,a_only,regional
ssh,1.0,a_only,conservatives
ssh,0.40969162995594716,shared,hate
ssh,1.0,a_only,settings
ssh,0.5311004784688995,shared,medical
ssh,1.0,a_only,geology
ssh,0.7297297297297297,shared,solve
ssh,1.0,a_only,mcclellan
ssh,0.7297297297297297,shared,influences
ssh,0.807909604519774,shared,mall
ssh,0.7021276595744681,shared,hymn
ssh,1.0,a_only,millennium
ssh,0.8390804597701149,shared,bah
ssh,1.0,a_only,google
ssh,0.7582417582417582,shared,declaration
ssh,0.5841584158415841,shared,belongs
ssh,1.0,a_only,resign
ssh,0.8285714285714286,shared,insult
ssh,1.0,a_only,casa
ssh,1.0,a_only,noteworthy
ssh,0.11888111888111888,b_only,pepper
ssh,0.415929203539823,shared,finn
ssh,0.6161616161616161,shared,politics
ssh,0.5165876777251185,shared,partner
ssh,0.3852813852813853,shared,voices
ssh,0.10344827586206896,b_only,grim
ssh,0.7297297297297297,shared,susan
ssh,0.2648221343873518,shared,book
ssh,0.5920398009950248,shared,manifest
ssh,0.6161616161616161,shared,eaten
ssh,1.0,a_only,asteroids
ssh,0.3852813852813853,shared,directed
ssh,0.5609756097560976,shared,acknowledged
ssh,0.09965635738831616,b_only,entreated
ssh,1.0,a_only,arbitrary
ssh,0.7297297297297297,shared,structure
ssh,0.7112299465240641,shared,sacrificed
ssh,1.0,a_only,cultural
ssh,0.10344827586206896,b_only,precaution
ssh,0.6080402010050251,shared,major
ssh,0.5094339622641509,shared,propose
ssh,1.0,a_only,cooling
ssh,0.08843537414965986,b_only,jolly
ssh,1.0,a_only,swinburne
ssh,1.0,a_only,aka
ssh,1.0,a_only,virtual
ssh,1.0,a_only,nucleus
ssh,0.5920398009950248,shared,thy
ssh,1.0,a_only,antisemitism
ssh,0.09215017064846416,b_only,gloves
ssh,1.0,a_only,congressional
ssh,1.0,a_only,carrier
ssh,1.0,a_only,manchester
ssh,1.0,a_only,esoteric
ssh,1.0,a_only,commitment
ssh,1.0,a_only,baron
ssh,0.0847457627118644,b_only,logs
ssh,0.7204301075268817,shared,disturbing
ssh,0.32231404958677684,shared,windows
ssh,1.0,a_only,asian
ssh,0.47465437788018433,shared,suffering
ssh,0.5238095238095238,shared,personality
ssh,1.0,a_only,election
ssh,0.4479638009049774,shared,bust
ssh,0.37339055793991416,shared,lightning
ssh,1.0,a_only,phi
ssh,0.11498257839721254,b_only,murmur
ssh,0.0847457627118644,b_only,cellar
ssh,0.20300751879699247,shared,pretty
ssh,0.08108108108108109,b_only,wid
ssh,1.0,a_only,mathematicians
ssh,0.07023411371237458,b_only,overboard
ssh,0.2903225806451613,shared,passed
ssh,0.7679558011049724,shared,stops
ssh,1.0,a_only,translation
ssh,0.40350877192982454,shared,gets
ssh,0.5533980582524272,shared,elaborate
ssh,1.0,a_only,anniversary
ssh,0.28,shared,really
ssh,1.0,a_only,depending
ssh,0.7582417582417582,shared,secretly
ssh,0.350210970464135,shared,sorrow
ssh,0.09215017064846416,b_only,rid
ssh,0.40969162995594716,shared,required
ssh,0.350210970464135,shared,rate
ssh,0.28,shared,pointed
ssh,0.6,shared,split
ssh,0.6243654822335025,shared,expectations
ssh,0.5458937198067633,shared,universal
ssh,0.5686274509803921,shared,yield
ssh,0.6243654822335025,shared,tortured
ssh,0.0958904109589041,b_only,inconvenience
ssh,0.44144144144144143,shared,bare
ssh,0.5533980582524272,shared,bonnet
ssh,1.0,a_only,proudhon
ssh,0.7112299465240641,shared,endurance
ssh,0.2903225806451613,shared,land
ssh,1.0,a_only,nd
ssh,0.30612244897959184,shared,experience
ssh,1.0,a_only,cambodia
ssh,1.0,a_only,optical
ssh,0.08108108108108109,b_only,swords
ssh,0.5311004784688995,shared,praise
ssh,0.285140562248996,shared,telling
ssh,0.5841584158415841,shared,satisfactory
ssh,0.0958904109589041,b_only,boots
ssh,0.23552123552123552,shared,able
ssh,1.0,a_only,saxony
ssh,0.07744107744107744,b_only,sly
ssh,1.0,a_only,mathbb
ssh,0.391304347826087,shared,exceedingly
ssh,0.245136186770428,shared,come
ssh,0.4349775784753363,shared,beloved
ssh,1.0,a_only,astronomical
ssh,0.30612244897959184,shared,believed
ssh,0.6080402010050251,shared,mothers
ssh,1.0,a_only,lands
ssh,0.2698412698412698,shared,answer
ssh,1.0,a_only,mathematical
ssh,0.11888111888111888,b_only,tumbling
ssh,0.4222222222222222,shared,boxes
ssh,0.5094339622641509,shared,civil
ssh,1.0,a_only,disputed
ssh,0.7877094972067039,shared,warmer
ssh,0.6161616161616161,shared,youngest
ssh,1.0,a_only,settlements
ssh,0.22137404580152673,shared,off
ssh,0.07744107744107744,b_only,dreadful
ssh,1.0,a_only,scottish
ssh,1.0,a_only,starring
ssh,0.415929203539823,shared,safety
ssh,0.6580310880829016,shared,tending
ssh,1.0,a_only,aga
ssh,1.0,a_only,iceland
ssh,0.5094339622641509,shared,endeavour
ssh,0.7391304347826086,shared,negro
ssh,1.0,a_only,lifetime
ssh,1.0,a_only,patented
ssh,0.0958904109589041,b_only,nerves
ssh,0.5609756097560976,shared,legal
ssh,1.0,a_only,linebackers
ssh,0.7112299465240641,shared,accidental
ssh,0.29554655870445345,shared,interesting
ssh,0.3389121338912134,shared,music
ssh,0.7112299465240641,shared,brick
ssh,0.6080402010050251,shared,daytime
ssh,0.8497109826589595,shared,accusation
ssh,0.39737991266375544,shared,neighbourhood
ssh,1.0,a_only,afterlife
ssh,0.7204301075268817,shared,purely
ssh,0.08108108108108109,b_only,finer
ssh,0.5311004784688995,shared,experienced
ssh,0.6410256410256411,shared,hills
ssh,1.0,a_only,wimbledon
ssh,1.0,a_only,reduction
ssh,0.4611872146118721,shared,dreams
ssh,1.0,a_only,marshall
ssh,1.0,a_only,definitions
ssh,0.6666666666666666,shared,shakespeare
ssh,0.797752808988764,shared,attraction
ssh,0.7679558011049724,shared,stuffed
ssh,0.415929203539823,shared,reward
ssh,0.7297297297297297,shared,fidelity
ssh,0.6326530612244898,shared,viii
ssh,1.0,a_only,proclaimed
ssh,0.4611872146118721,shared,regarded
ssh,0.46788990825688076,shared,taste
ssh,0.7112299465240641,shared,descendants
ssh,0.7777777777777778,shared,blinded
ssh,0.3333333333333333,shared,papers
ssh,0.7204301075268817,shared,explicit
ssh,0.7112299465240641,shared,medicines
ssh,0.7679558011049724,shared,unaware
ssh,0.8181818181818182,shared,surrey
ssh,1.0,a_only,online
ssh,1.0,a_only,wyoming
ssh,0.7021276595744681,shared,sources
ssh,0.8497109826589595,shared,abner
ssh,1.0,a_only,polish
ssh,0.3559322033898305,shared,existence
ssh,0.7391304347826086,shared,experiments
ssh,1.0,a_only,nero
ssh,1.0,a_only,indicate
ssh,1.0,a_only,molecular
ssh,0.5238095238095238,shared,ate
ssh,0.09215017064846416,b_only,knocked
ssh,0.4953271028037383,shared,fierce
ssh,0.10344827586206896,b_only,feverish
ssh,0.44144144144144143,shared,including
ssh,0.7021276595744681,shared,pupils
ssh,0.3617021276595745,shared,complete
ssh,0.28,shared,longer
ssh,1.0,a_only,playwright
ssh,0.7021276595744681,shared,travels
ssh,0.3559322033898305,shared,previous
ssh,0.6666666666666666,shared,commonly
ssh,1.0,a_only,decade
ssh,1.0,a_only,athens
ssh,1.0,a_only,absalom
ssh,1.0,a_only,hudson
ssh,1.0,a_only,doctrines
ssh,0.10726643598615918,b_only,sunrise
ssh,0.3389121338912134,shared,six
ssh,0.3445378151260504,shared,gentle
ssh,0.3559322033898305,shared,bringing
ssh,0.08108108108108109,b_only,carton
ssh,0.45454545454545453,shared,prayer
ssh,1.0,a_only,constellation
ssh,0.6243654822335025,shared,steadily
ssh,0.6666666666666666,shared,aroused
ssh,0.37339055793991416,shared,dry
ssh,0.7021276595744681,shared,bush
ssh,1.0,a_only,grammar
ssh,1.0,a_only,technique
ssh,1.0,a_only,portuguese
ssh,0.3278008298755187,shared,rising
ssh,1.0,a_only,manufacturers
ssh,0.3559322033898305,shared,chamber
ssh,0.7877094972067039,shared,enraged
ssh,0.40969162995594716,shared,vague
ssh,0.8285714285714286,shared,plains
ssh,0.6161616161616161,shared,complexion
ssh,0.797752808988764,shared,perished
ssh,0.7582417582417582,shared,poet
ssh,0.7297297297297297,shared,territory
ssh,1.0,a_only,federal
ssh,0.6494845360824743,shared,idle
ssh,0.6161616161616161,shared,traced
ssh,0.48148148148148145,shared,kings
ssh,0.5384615384615384,shared,prepare
ssh,0.285140562248996,shared,arms
ssh,1.0,a_only,industries
ssh,0.10344827586206896,b_only,kneeling
ssh,0.0738255033557047,b_only,lock
ssh,0.46788990825688076,shared,accustomed
ssh,1.0,a_only,auto
ssh,0.6,shared,render
ssh,0.6161616161616161,shared,seventy
ssh,1.0,a_only,ber
ssh,0.25984251968503935,shared,idea
ssh,1.0,a_only,referendum
ssh,0.25984251968503935,shared,getting
ssh,0.5384615384615384,shared,advertisement
ssh,0.10344827586206896,b_only,drifting
ssh,1.0,a_only,biological
ssh,0.7112299465240641,shared,successfully
ssh,0.7679558011049724,shared,occurrence
ssh,0.3389121338912134,shared,dim
ssh,1.0,a_only,controversial
ssh,0.0738255033557047,b_only,thatcher
ssh,1.0,a_only,mechanism
ssh,0.7777777777777778,shared,massacre
ssh,0.23552123552123552,shared,usual
ssh,0.6494845360824743,shared,depths
ssh,0.07744107744107744,b_only,dis
ssh,0.6666666666666666,shared,covering
ssh,1.0,a_only,documented
ssh,0.7777777777777778,shared,trading
ssh,0.10726643598615918,b_only,carpenter
ssh,0.7204301075268817,shared,scope
ssh,0.5609756097560976,shared,quest
ssh,1.0,a_only,machines
ssh,1.0,a_only,barbuda
ssh,0.5686274509803921,shared,le
ssh,1.0,a_only,fort
ssh,0.5609756097560976,shared,exhibit
ssh,0.675392670157068,shared,deeds
ssh,1.0,a_only,albums
ssh,0.245136186770428,shared,fire
ssh,1.0,a_only,adelaide
ssh,1.0,a_only,eusebius
ssh,0.08108108108108109,b_only,knelt
ssh,0.36752136752136755,shared,powerful
ssh,1.0,a_only,plastic
ssh,0.08108108108108109,b_only,pie
ssh,1.0,a_only,claiming
ssh,0.7112299465240641,shared,behave
ssh,0.7297297297297297,shared,encountered
ssh,0.1387900355871886,b_only,supposing
ssh,0.7112299465240641,shared,teacher
ssh,0.6494845360824743,shared,serpent
ssh,1.0,a_only,alabama
ssh,1.0,a_only,pratchett
ssh,0.8285714285714286,shared,possessing
ssh,1.0,a_only,premier
ssh,0.7486338797814208,shared,stationed
ssh,0.2698412698412698,shared,glass
ssh,0.3389121338912134,shared,rule
ssh,0.6931216931216931,shared,version
ssh,0.3617021276595745,shared,gives
ssh,0.6161616161616161,shared,counting
ssh,0.45454545454545453,shared,taught
ssh,0.2549019607843137,shared,new
ssh,1.0,a_only,values
ssh,0.3008130081300813,shared,their
ssh,0.391304347826087,shared,ahead
ssh,0.08108108108108109,b_only,humpty
ssh,1.0,a_only,vivaldi
ssh,1.0,a_only,gesch
ssh,0.36752136752136755,shared,hurt
ssh,1.0,a_only,enters
ssh,0.3445378151260504,shared,each
ssh,1.0,a_only,catholics
ssh,0.350210970464135,shared,brother
ssh,0.4349775784753363,shared,vanished
ssh,0.6931216931216931,shared,pine
ssh,0.7391304347826086,shared,scarce
ssh,0.3617021276595745,shared,failed
ssh,0.5686274509803921,shared,prize
ssh,0.4953271028037383,shared,mate
ssh,0.09215017064846416,b_only,remembering
ssh,0.5311004784688995,shared,america
ssh,0.2260536398467433,shared,true
ssh,0.7679558011049724,shared,notwithstanding
ssh,1.0,a_only,cricket
ssh,1.0,a_only,advocates
ssh,1.0,a_only,primitive
ssh,1.0,a_only,achievements
ssh,0.7777777777777778,shared,individually
ssh,1.0,a_only,roy
ssh,1.0,a_only,usa
ssh,1.0,a_only,mercury
ssh,0.5686274509803921,shared,waste
ssh,0.08108108108108109,b_only,vane
ssh,0.5311004784688995,shared,poison
ssh,0.5533980582524272,shared,century
ssh,0.0958904109589041,b_only,doomed
ssh,0.0847457627118644,b_only,loathing
ssh,0.6,shared,article
ssh,1.0,a_only,communicating
ssh,0.7877094972067039,shared,establish
ssh,0.7582417582417582,shared,commons
ssh,1.0,a_only,catalan
ssh,0.39737991266375544,shared,impression
ssh,1.0,a_only,arithmetic
ssh,0.3559322033898305,shared,third
ssh,0.08108108108108109,b_only,gladness
ssh,1.0,a_only,cabinda
ssh,0.07744107744107744,b_only,conveyed
ssh,0.807909604519774,shared,overshadowed
ssh,1.0,a_only,sports
ssh,1.0,a_only,circular
ssh,1.0,a_only,heinrich
ssh,1.0,a_only,contemporaries
ssh,1.0,a_only,charlie
ssh,1.0,a_only,resident
ssh,0.0847457627118644,b_only,toller
ssh,0.5841584158415841,shared,disguise
ssh,0.7021276595744681,shared,resolve
ssh,0.5533980582524272,shared,everyone
ssh,0.09215017064846416,b_only,holmwood
ssh,1.0,a_only,approximately
ssh,0.09965635738831616,b_only,puzzled
ssh,1.0,a_only,policies
ssh,1.0,a_only,outbreak
ssh,0.6243654822335025,shared,corners
ssh,0.7877094972067039,shared,reasonably
ssh,0.6243654822335025,shared,indicated
ssh,0.6326530612244898,shared,assist
ssh,0.5384615384615384,shared,stopping
ssh,1.0,a_only,electrical
ssh,0.6410256410256411,shared,reserve
ssh,0.09215017064846416,b_only,conceive
ssh,0.5533980582524272,shared,wounded
ssh,1.0,a_only,warner
ssh,0.08843537414965986,b_only,quitted
ssh,0.40350877192982454,shared,choose
ssh,0.5384615384615384,shared,pin
ssh,0.25984251968503935,shared,sign
ssh,1.0,a_only,croatian
ssh,0.3852813852813853,shared,hill
ssh,0.07744107744107744,b_only,bout
ssh,0.7777777777777778,shared,composition
ssh,0.44144144144144143,shared,confused
ssh,1.0,a_only,laureate
ssh,0.09965635738831616,b_only,trance
ssh,0.0738255033557047,b_only,fro
ssh,1.0,a_only,semitic
ssh,1.0,a_only,oriental
ssh,1.0,a_only,revolutionary
ssh,0.10726643598615918,b_only,devils
ssh,0.5384615384615384,shared,republic
ssh,0.675392670157068,shared,kicked
ssh,0.6666666666666666,shared,alliance
ssh,0.08108108108108109,b_only,raft
ssh,1.0,a_only,huns
ssh,0.2648221343873518,shared,he
ssh,1.0,a_only,pierre
ssh,0.10344827586206896,b_only,communicated
ssh,0.7297297297297297,shared,conversations
ssh,0.3114754098360656,shared,former
ssh,0.0847457627118644,b_only,intending
ssh,0.415929203539823,shared,rough
ssh,0.5238095238095238,shared,unusual
ssh,0.08108108108108109,b_only,ashore
ssh,1.0,a_only,reportedly
ssh,0.7204301075268817,shared,arrives
ssh,0.3617021276595745,shared,sing
ssh,1.0,a_only,modification
ssh,0.675392670157068,shared,astonishing
ssh,0.7486338797814208,shared,deliberate
ssh,0.7204301075268817,shared,stating
ssh,1.0,a_only,arianism
ssh,0.10344827586206896,b_only,yourself
ssh,1.0,a_only,manned
ssh,0.5165876777251185,shared,loaded
ssh,1.0,a_only,admiral
ssh,0.5533980582524272,shared,bark
ssh,1.0,a_only,derivation
ssh,1.0,a_only,pad
ssh,0.10344827586206896,b_only,imprudence
ssh,0.3278008298755187,shared,went
ssh,0.6842105263157895,shared,hazard
ssh,1.0,a_only,attitudes
ssh,0.0847457627118644,b_only,wondered
ssh,0.3278008298755187,shared,big
ssh,0.6,shared,folly
ssh,0.7777777777777778,shared,eloquence
ssh,0.5311004784688995,shared,jones
ssh,0.2698412698412698,shared,days
ssh,0.3852813852813853,shared,ruin
ssh,0.6494845360824743,shared,belonging
ssh,1.0,a_only,georg
ssh,0.45454545454545453,shared,rolled
ssh,1.0,a_only,ne
ssh,0.07744107744107744,b_only,shove
ssh,1.0,a_only,traditional
ssh,0.5841584158415841,shared,dwelling
ssh,0.46788990825688076,shared,mode
ssh,1.0,a_only,pregnant
ssh,0.7391304347826086,shared,jeff
ssh,0.09965635738831616,b_only,boggs
ssh,1.0,a_only,beaches
ssh,1.0,a_only,bantu
ssh,0.6243654822335025,shared,average
ssh,0.5533980582524272,shared,official
ssh,1.0,a_only,kilometres
ssh,0.6326530612244898,shared,moderate
ssh,0.6326530612244898,shared,secondly
ssh,1.0,a_only,montana
ssh,0.07023411371237458,b_only,sich
ssh,1.0,a_only,alchemical
ssh,0.47465437788018433,shared,meal
ssh,0.415929203539823,shared,steady
ssh,1.0,a_only,implicit
ssh,1.0,a_only,photo
ssh,0.4883720930232558,shared,descended
ssh,1.0,a_only,sri
ssh,1.0,a_only,km
ssh,0.3793103448275862,shared,connected
ssh,0.6931216931216931,shared,persisted
ssh,0.8604651162790697,shared,heroic
ssh,0.5763546798029556,shared,establishment
ssh,1.0,a_only,components
ssh,0.07023411371237458,b_only,rude
ssh,1.0,a_only,finalist
ssh,1.0,a_only,developments
ssh,0.6580310880829016,shared,bonds
ssh,0.6161616161616161,shared,tend
ssh,1.0,a_only,ivan
ssh,0.7021276595744681,shared,consul
ssh,1.0,a_only,disambiguation
ssh,0.2903225806451613,shared,shadow
ssh,1.0,a_only,theater
ssh,0.3389121338912134,shared,castle
ssh,1.0,a_only,badge
ssh,0.7582417582417582,shared,accepting
ssh,1.0,a_only,invasion
ssh,0.2698412698412698,shared,feeling
ssh,1.0,a_only,consistently
ssh,1.0,a_only,champions
ssh,0.3008130081300813,shared,gone
ssh,0.3278008298755187,shared,straight
ssh,0.46788990825688076,shared,drinking
ssh,0.2698412698412698,shared,added
ssh,0.0847457627118644,b_only,jumping
ssh,1.0,a_only,martial
ssh,0.5533980582524272,shared,fascinating
ssh,0.3333333333333333,shared,week
ssh,0.32231404958677684,shared,listen
ssh,0.07023411371237458,b_only,murmured
ssh,1.0,a_only,spectrum
ssh,0.36752136752136755,shared,match
ssh,1.0,a_only,allied
ssh,0.3114754098360656,shared,dr
ssh,1.0,a_only,restaurant
ssh,1.0,a_only,constantinople
ssh,0.6931216931216931,shared,preceded
ssh,0.5023474178403756,shared,travel
ssh,0.6243654822335025,shared,bars
ssh,1.0,a_only,jacob
ssh,0.5763546798029556,shared,apple
ssh,1.0,a_only,develop
ssh,0.6580310880829016,shared,rivers
ssh,0.06666666666666667,b_only,breathed
ssh,0.4953271028037383,shared,counter
ssh,0.059602649006622516,b_only,huckleberry
ssh,1.0,a_only,mediterranean
ssh,0.5384615384615384,shared,questioning
ssh,0.6842105263157895,shared,attempting
ssh,0.7297297297297297,shared,devices
ssh,0.4611872146118721,shared,clue
ssh,0.47465437788018433,shared,replace
ssh,0.7112299465240641,shared,revived
ssh,0.5920398009950248,shared,flesh
ssh,1.0,a_only,rejects
ssh,0.6243654822335025,shared,enthusiasm
ssh,0.7877094972067039,shared,junior
ssh,0.285140562248996,shared,be
ssh,1.0,a_only,sodium
ssh,0.245136186770428,shared,surprise
ssh,1.0,a_only,sovereignty
ssh,1.0,a_only,performances
ssh,1.0,a_only,controls
ssh,0.09965635738831616,b_only,tuesday
ssh,1.0,a_only,finance
ssh,1.0,a_only,discipline
ssh,0.39737991266375544,shared,vengeance
ssh,0.3389121338912134,shared,simple
ssh,0.6326530612244898,shared,convey
ssh,1.0,a_only,capitalists
ssh,0.6580310880829016,shared,embrace
ssh,0.5094339622641509,shared,soup
ssh,1.0,a_only,recipient
ssh,0.5384615384615384,shared,undoubtedly
ssh,0.0738255033557047,b_only,huck
ssh,0.7582417582417582,shared,shell
ssh,0.09965635738831616,b_only,dull
ssh,0.7877094972067039,shared,tips
ssh,0.4222222222222222,shared,details
ssh,0.6494845360824743,shared,printed
ssh,0.36752136752136755,shared,portrait
ssh,0.3008130081300813,shared,professor
ssh,0.42857142857142855,shared,seldom
ssh,0.7204301075268817,shared,decay
ssh,1.0,a_only,tool
ssh,1.0,a_only,frankish
ssh,0.7021276595744681,shared,highway
ssh,1.0,a_only,dubbed
ssh,0.45454545454545453,shared,gang
ssh,1.0,a_only,dividing
ssh,1.0,a_only,coup
ssh,1.0,a_only,deposits
ssh,0.5023474178403756,shared,folk
ssh,1.0,a_only,abbreviated
ssh,1.0,a_only,surprisingly
ssh,0.3617021276595745,shared,ear
ssh,0.7582417582417582,shared,unique
ssh,1.0,a_only,manufacturer
ssh,0.6243654822335025,shared,sailing
ssh,0.0738255033557047,b_only,sunshine
ssh,1.0,a_only,homer
ssh,1.0,a_only,ambiguity
ssh,1.0,a_only,toll
ssh,0.40969162995594716,shared,golden
ssh,0.08108108108108109,b_only,flattered
ssh,0.5311004784688995,shared,driving
ssh,0.44144144144144143,shared,returning
ssh,0.08843537414965986,b_only,cheeks
ssh,0.6666666666666666,shared,alongside
ssh,0.6842105263157895,shared,voyages
ssh,0.0738255033557047,b_only,earnest
ssh,0.08108108108108109,b_only,hatherley
ssh,1.0,a_only,specifically
ssh,1.0,a_only,chemicals
ssh,0.07744107744107744,b_only,lick
ssh,0.6666666666666666,shared,stray
ssh,1.0,a_only,favor
ssh,0.5458937198067633,shared,occupation
ssh,0.07023411371237458,b_only,irene
ssh,0.25984251968503935,shared,work
ssh,1.0,a_only,lateral
ssh,1.0,a_only,sp
ssh,1.0,a_only,imports
ssh,1.0,a_only,carboxylic
ssh,1.0,a_only,verbal
ssh,0.5763546798029556,shared,inclined
ssh,0.0738255033557047,b_only,countenance
ssh,0.7486338797814208,shared,thirteen
ssh,0.3278008298755187,shared,hall
ssh,0.6494845360824743,shared,conspicuous
ssh,0.5238095238095238,shared,spell
ssh,1.0,a_only,miami
ssh,0.7204301075268817,shared,moses
ssh,1.0,a_only,apocrypha
ssh,1.0,a_only,evaluation
ssh,1.0,a_only,byzantine
ssh,0.10726643598615918,b_only,saddle
ssh,1.0,a_only,samoan
ssh,0.3114754098360656,shared,fast
ssh,1.0,a_only,literally
ssh,0.797752808988764,shared,requested
ssh,0.2903225806451613,shared,judge
ssh,0.5841584158415841,shared,riding
ssh,0.3389121338912134,shared,regular
ssh,1.0,a_only,columbia
ssh,0.2549019607843137,shared,open
ssh,1.0,a_only,santos
ssh,0.6842105263157895,shared,realised
ssh,1.0,a_only,homosexuality
ssh,0.44144144144144143,shared,officers
ssh,1.0,a_only,momentum
ssh,0.4479638009049774,shared,observation
ssh,1.0,a_only,alp
ssh,0.7582417582417582,shared,wars
ssh,1.0,a_only,arians
ssh,0.5763546798029556,shared,introduction
ssh,1.0,a_only,cars
ssh,1.0,a_only,yankee
ssh,1.0,a_only,hu
ssh,0.4883720930232558,shared,amusement
ssh,1.0,a_only,ed
ssh,0.0958904109589041,b_only,evr
ssh,1.0,a_only,exists
ssh,0.3793103448275862,shared,iron
ssh,1.0,a_only,implementation
ssh,1.0,a_only,amounts
ssh,1.0,a_only,nazis
ssh,0.7204301075268817,shared,lords
ssh,0.32231404958677684,shared,catherine
ssh,1.0,a_only,clarke
ssh,0.46788990825688076,shared,description
ssh,1.0,a_only,episcopal
ssh,1.0,a_only,chancellor
ssh,1.0,a_only,uprising
ssh,0.6,shared,execution
ssh,0.7204301075268817,shared,fuller
ssh,0.5458937198067633,shared,centuries
ssh,0.5686274509803921,shared,harsh
ssh,0.0847457627118644,b_only,stoner
ssh,0.07023411371237458,b_only,ridiculous
ssh,1.0,a_only,otto
ssh,1.0,a_only,chadic
ssh,0.4349775784753363,shared,value
ssh,0.6580310880829016,shared,offering
ssh,1.0,a_only,timeline
ssh,0.3168724279835391,shared,angry
ssh,0.0738255033557047,b_only,sorrows
ssh,1.0,a_only,associative
ssh,0.5023474178403756,shared,sum
ssh,0.12280701754385964,b_only,tranquil
ssh,0.7204301075268817,shared,symptoms
ssh,1.0,a_only,johnson
ssh,0.09965635738831616,b_only,longing
ssh,0.44144144144144143,shared,card
ssh,0.3114754098360656,shared,possibly
ssh,1.0,a_only,musicians
ssh,0.40350877192982454,shared,kindly
ssh,1.0,a_only,ussr
ssh,0.7777777777777778,shared,superiority
ssh,0.5023474178403756,shared,warning
ssh,0.06666666666666667,b_only,ventured
ssh,1.0,a_only,cleveland
ssh,0.6494845360824743,shared,countries
ssh,0.3852813852813853,shared,modern
ssh,0.3008130081300813,shared,sister
ssh,0.807909604519774,shared,elevation
ssh,1.0,a_only,null
ssh,0.8181818181818182,shared,wonderland
ssh,0.08108108108108109,b_only,stillness
ssh,0.09965635738831616,b_only,smiles
ssh,0.2549019607843137,shared,eye
ssh,0.28,shared,too
ssh,0.0958904109589041,b_only,stead
ssh,0.3168724279835391,shared,mere
ssh,0.07023411371237458,b_only,cheerful
ssh,0.7486338797814208,shared,customary
ssh,1.0,a_only,debates
ssh,0.4611872146118721,shared,extreme
ssh,0.285140562248996,shared,holmes
ssh,1.0,a_only,tim
ssh,1.0,a_only,crashes
ssh,0.2698412698412698,shared,sent
ssh,0.2903225806451613,shared,whom
ssh,0.6326530612244898,shared,neat
ssh,0.0738255033557047,b_only,swear
ssh,0.29554655870445345,shared,if
ssh,0.46788990825688076,shared,whoever
ssh,0.6410256410256411,shared,bid
ssh,0.7112299465240641,shared,whitney
ssh,0.05263157894736842,b_only,2
ssh,1.0,a_only,parthenon
ssh,0.8285714285714286,shared,locks
ssh,0.8285714285714286,shared,ceremonies
ssh,1.0,a_only,stan
ssh,0.06666666666666667,b_only,grin
ssh,0.7486338797814208,shared,caves
ssh,0.3617021276595745,shared,saint
ssh,0.285140562248996,shared,tone
ssh,0.6,shared,incidents
ssh,0.6410256410256411,shared,bend
ssh,0.6243654822335025,shared,endless
ssh,0.06666666666666667,b_only,roar
ssh,1.0,a_only,jersey
ssh,0.37339055793991416,shared,flew
ssh,0.0847457627118644,b_only,lily
ssh,0.7021276595744681,shared,weaker
ssh,0.7297297297297297,shared,block
ssh,1.0,a_only,jesus
ssh,0.07744107744107744,b_only,dined
ssh,0.7679558011049724,shared,priest
ssh,0.797752808988764,shared,ministers
ssh,0.46788990825688076,shared,pronounced
ssh,1.0,a_only,clinton
ssh,1.0,a_only,abjads
ssh,0.4953271028037383,shared,delicate
ssh,1.0,a_only,jean
ssh,0.5920398009950248,shared,vi
ssh,0.32231404958677684,shared,effort
ssh,0.6326530612244898,shared,stamped
ssh,1.0,a_only,theism
ssh,0.350210970464135,shared,avoid
ssh,0.08108108108108109,b_only,goose
ssh,0.10344827586206896,b_only,cottagers
ssh,1.0,a_only,criticized
ssh,0.6931216931216931,shared,readiness
ssh,0.06666666666666667,b_only,handy
ssh,1.0,a_only,ottoman
ssh,1.0,a_only,oxygen
ssh,0.7486338797814208,shared,britain
ssh,0.25,shared,sense
ssh,1.0,a_only,addiction
ssh,0.5094339622641509,shared,seeking
ssh,0.4883720930232558,shared,triumph
ssh,0.5609756097560976,shared,improved
ssh,1.0,a_only,theological
ssh,1.0,a_only,gravitational
ssh,1.0,a_only,genera
ssh,0.4349775784753363,shared,sprang
ssh,0.5533980582524272,shared,admired
ssh,0.350210970464135,shared,struck
ssh,1.0,a_only,argues
ssh,0.5920398009950248,shared,reception
ssh,0.11888111888111888,b_only,flames
ssh,0.6326530612244898,shared,vital
ssh,0.7021276595744681,shared,bricks
ssh,0.08108108108108109,b_only,jewel
ssh,1.0,a_only,compromise
ssh,0.6161616161616161,shared,scandal
ssh,0.22137404580152673,shared,alone
ssh,0.2698412698412698,shared,two
ssh,1.0,a_only,coined
ssh,1.0,a_only,minority
ssh,0.7021276595744681,shared,management
ssh,0.5023474178403756,shared,cool
ssh,0.47465437788018433,shared,wandering
ssh,0.7679558011049724,shared,rejection
ssh,0.3445378151260504,shared,altogether
ssh,0.6410256410256411,shared,mistress
ssh,0.36752136752136755,shared,witness
ssh,1.0,a_only,organised
ssh,0.675392670157068,shared,tour
ssh,0.8181818181818182,shared,execute
ssh,0.7582417582417582,shared,atonement
ssh,0.46788990825688076,shared,accordingly
ssh,0.245136186770428,shared,led
ssh,0.07744107744107744,b_only,unjust
ssh,0.4611872146118721,shared,apart
ssh,1.0,a_only,khan
ssh,1.0,a_only,conventional
ssh,0.28,shared,the
ssh,0.6931216931216931,shared,sustained
ssh,0.09215017064846416,b_only,rejoined
ssh,1.0,a_only,hardcover
ssh,1.0,a_only,antimony
ssh,0.05263157894736842,b_only,whisper
ssh,0.0847457627118644,b_only,sleeves
ssh,0.3617021276595745,shared,difficult
ssh,0.29554655870445345,shared,manner
ssh,0.48148148148148145,shared,ashes
ssh,1.0,a_only,alkali
ssh,0.7582417582417582,shared,reverence
ssh,1.0,a_only,antiparticles
ssh,1.0,a_only,eclipsed
ssh,1.0,a_only,symbolic
ssh,1.0,a_only,inability
ssh,1.0,a_only,subsequently
ssh,1.0,a_only,nicene
ssh,1.0,a_only,robot
ssh,1.0,a_only,hosted
ssh,1.0,a_only,chromatic
ssh,0.6410256410256411,shared,angels
ssh,0.3168724279835391,shared,less
ssh,0.6080402010050251,shared,engaging
ssh,0.7582417582417582,shared,conqueror
ssh,0.6326530612244898,shared,testament
ssh,0.08843537414965986,b_only,flapping
ssh,1.0,a_only,electrons
ssh,0.3852813852813853,shared,jerry
ssh,1.0,a_only,identifies
ssh,0.3278008298755187,shared,secret
ssh,0.5841584158415841,shared,gas
ssh,0.7582417582417582,shared,carries
ssh,0.797752808988764,shared,conductor
ssh,0.5763546798029556,shared,eldest
ssh,0.3617021276595745,shared,calm
ssh,1.0,a_only,legendary
ssh,1.0,a_only,rugby
ssh,1.0,a_only,powered
ssh,1.0,a_only,elections
ssh,1.0,a_only,digestive
ssh,1.0,a_only,fresnel
ssh,0.47465437788018433,shared,dragged
ssh,1.0,a_only,natives
ssh,0.09965635738831616,b_only,likeness
ssh,0.3008130081300813,shared,brought
ssh,0.2549019607843137,shared,pray
ssh,1.0,a_only,chart
ssh,0.40350877192982454,shared,share
ssh,0.3008130081300813,shared,peace
ssh,1.0,a_only,aes
ssh,0.3168724279835391,shared,send
ssh,0.5023474178403756,shared,inclination
ssh,0.08843537414965986,b_only,stake
ssh,0.5238095238095238,shared,studied
ssh,0.0847457627118644,b_only,shan
ssh,1.0,a_only,behaviors
ssh,0.5920398009950248,shared,signal
ssh,0.0958904109589041,b_only,streak
ssh,1.0,a_only,helicopter
ssh,1.0,a_only,accusations
ssh,1.0,a_only,abalone
ssh,1.0,a_only,advent
ssh,0.0738255033557047,b_only,roses
ssh,1.0,a_only,parliamentary
ssh,0.40969162995594716,shared,thanks
ssh,0.7582417582417582,shared,halted
ssh,1.0,a_only,monarchy
ssh,1.0,a_only,vulnerable
ssh,0.7877094972067039,shared,chronicle
ssh,1.0,a_only,schuschnigg
ssh,0.4349775784753363,shared,parents
ssh,0.6410256410256411,shared,available
ssh,0.32231404958677684,shared,service
ssh,0.2749003984063745,shared,doctor
ssh,0.5763546798029556,shared,height
ssh,0.3617021276595745,shared,worst
ssh,0.6080402010050251,shared,fought
ssh,1.0,a_only,paratime
ssh,1.0,a_only,canons
ssh,0.0847457627118644,b_only,drank
ssh,0.2749003984063745,shared,considerable
ssh,0.5763546798029556,shared,system
ssh,0.7582417582417582,shared,route
ssh,0.4953271028037383,shared,conditions
ssh,1.0,a_only,surveillance
ssh,0.09215017064846416,b_only,softly
ssh,0.40350877192982454,shared,intended
ssh,0.3389121338912134,shared,tied
ssh,0.13074204946996468,b_only,hesitation
ssh,0.6080402010050251,shared,condemned
ssh,0.4953271028037383,shared,detail
ssh,0.25984251968503935,shared,and
ssh,0.6666666666666666,shared,compare
ssh,0.7112299465240641,shared,widely
ssh,1.0,a_only,os
ssh,1.0,a_only,armies
ssh,0.0847457627118644,b_only,tumbrils
ssh,0.6494845360824743,shared,critical
ssh,1.0,a_only,facility
ssh,0.7679558011049724,shared,realized
ssh,0.3278008298755187,shared,gently
ssh,1.0,a_only,tribute
ssh,0.7679558011049724,shared,dragon
ssh,0.7777777777777778,shared,imperfect
ssh,0.5841584158415841,shared,yo
ssh,1.0,a_only,egyptian
ssh,0.7486338797814208,shared,stress
ssh,0.5165876777251185,shared,tackle
ssh,0.5094339622641509,shared,bailey
ssh,0.5920398009950248,shared,invented
ssh,0.4953271028037383,shared,lane
ssh,0.3114754098360656,shared,lying
ssh,1.0,a_only,greece
ssh,0.675392670157068,shared,gallery
ssh,0.37339055793991416,shared,cases
ssh,0.6,shared,studio
ssh,1.0,a_only,businessman
ssh,0.0958904109589041,b_only,touching
ssh,0.40350877192982454,shared,field
ssh,0.6410256410256411,shared,obey
ssh,0.8713450292397661,shared,creek
ssh,1.0,a_only,benjamin
ssh,1.0,a_only,brazilian
ssh,0.37339055793991416,shared,perfect
ssh,1.0,a_only,ales
ssh,1.0,a_only,assumption
ssh,0.6842105263157895,shared,expenses
ssh,1.0,a_only,reactive
ssh,1.0,a_only,greene
ssh,1.0,a_only,users
ssh,0.2648221343873518,shared,ones
ssh,1.0,a_only,superficial
ssh,1.0,a_only,anime
ssh,1.0,a_only,conservation
ssh,1.0,a_only,combat
ssh,0.08108108108108109,b_only,thimble
ssh,0.6410256410256411,shared,consequences
ssh,1.0,a_only,fossil
ssh,0.391304347826087,shared,hearts
ssh,0.0847457627118644,b_only,violently
ssh,0.30612244897959184,shared,after
ssh,0.4883720930232558,shared,jump
ssh,1.0,a_only,circa
ssh,1.0,a_only,cosmic
ssh,1.0,a_only,anthropological
ssh,0.285140562248996,shared,maybe
ssh,0.7877094972067039,shared,preaching
ssh,0.09215017064846416,b_only,shudder
ssh,1.0,a_only,contract
ssh,0.5763546798029556,shared,entrance
ssh,0.07023411371237458,b_only,traveller
ssh,0.29554655870445345,shared,wait
ssh,0.29554655870445345,shared,had
ssh,0.0738255033557047,b_only,desolate
ssh,0.29554655870445345,shared,way
ssh,1.0,a_only,lutheran
ssh,0.7297297297297297,shared,venetian
ssh,0.4349775784753363,shared,notes
ssh,0.5458937198067633,shared,surface
ssh,0.09215017064846416,b_only,stepfather
ssh,0.7486338797814208,shared,bodily
ssh,0.6842105263157895,shared,division
ssh,1.0,a_only,herbert
ssh,1.0,a_only,antiproton
ssh,0.3793103448275862,shared,aid
ssh,0.675392670157068,shared,hail
ssh,0.8390804597701149,shared,confusing
ssh,0.40969162995594716,shared,quarter
ssh,1.0,a_only,organs
ssh,0.0738255033557047,b_only,glasses
ssh,0.6243654822335025,shared,wit
ssh,0.6080402010050251,shared,swallowed
ssh,0.3793103448275862,shared,race
ssh,1.0,a_only,underlying
ssh,0.3389121338912134,shared,majesty
ssh,1.0,a_only,audiences
ssh,1.0,a_only,anaximander
ssh,1.0,a_only,exiled
ssh,0.0738255033557047,b_only,amazed
ssh,0.8497109826589595,shared,struggles
ssh,1.0,a_only,marple
ssh,1.0,a_only,iverson
ssh,0.48148148148148145,shared,pile
ssh,0.675392670157068,shared,error
ssh,1.0,a_only,symmetric
ssh,1.0,a_only,cluster
ssh,1.0,a_only,pago
ssh,0.08843537414965986,b_only,peculiarly
ssh,0.2549019607843137,shared,business
ssh,1.0,a_only,pre
ssh,0.5311004784688995,shared,formerly
ssh,1.0,a_only,antony
ssh,0.6580310880829016,shared,chemical
ssh,0.7112299465240641,shared,corps
ssh,0.1267605633802817,b_only,jis
ssh,1.0,a_only,adobe
ssh,0.05263157894736842,b_only,solicitor
ssh,0.797752808988764,shared,ancestors
ssh,0.3445378151260504,shared,handsome
ssh,1.0,a_only,civilizations
ssh,1.0,a_only,comic
ssh,0.7582417582417582,shared,anticipated
ssh,1.0,a_only,indo
ssh,0.7021276595744681,shared,ross
ssh,1.0,a_only,conquer
ssh,0.0847457627118644,b_only,apiece
ssh,0.2648221343873518,shared,opportunity
ssh,0.6326530612244898,shared,entertainment
ssh,1.0,a_only,autism
ssh,0.4883720930232558,shared,accounts
ssh,0.7582417582417582,shared,accidents
ssh,0.30612244897959184,shared,strong
ssh,1.0,a_only,publications
ssh,1.0,a_only,aphex
ssh,1.0,a_only,applet
ssh,1.0,a_only,followers
ssh,0.25984251968503935,shared,harry
ssh,0.4222222222222222,shared,humour
ssh,0.6326530612244898,shared,beats
ssh,1.0,a_only,animistic
ssh,0.36752136752136755,shared,shoulder
ssh,0.7021276595744681,shared,wounds
ssh,0.6666666666666666,shared,stated
ssh,1.0,a_only,eurovision
ssh,0.4611872146118721,shared,communication
ssh,0.32231404958677684,shared,offer
ssh,0.6931216931216931,shared,partial
ssh,0.7877094972067039,shared,directing
ssh,1.0,a_only,pottery
ssh,0.7297297297297297,shared,causing
ssh,0.08843537414965986,b_only,heartily
ssh,0.08108108108108109,b_only,guillotine
ssh,0.5311004784688995,shared,alike
ssh,0.30612244897959184,shared,obliged
ssh,0.08843537414965986,b_only,henceforth
ssh,0.5458937198067633,shared,v
ssh,0.4479638009049774,shared,shoes
ssh,0.7877094972067039,shared,weakened
ssh,0.7486338797814208,shared,partners
ssh,0.2648221343873518,shared,leave
ssh,0.6080402010050251,shared,needs
ssh,0.5238095238095238,shared,remaining
ssh,0.10726643598615918,b_only,skiff
ssh,1.0,a_only,comprises
ssh,0.5533980582524272,shared,patients
ssh,1.0,a_only,dean
ssh,0.2749003984063745,shared,ladies
ssh,1.0,a_only,africa
ssh,0.29554655870445345,shared,dream
ssh,0.10726643598615918,b_only,recollections
ssh,1.0,a_only,creative
ssh,1.0,a_only,physicist
ssh,0.8285714285714286,shared,exile
ssh,0.7777777777777778,shared,balanced
ssh,0.44144144144144143,shared,accept
ssh,0.10344827586206896,b_only,pity
ssh,1.0,a_only,administrative
ssh,1.0,a_only,expert
ssh,0.7486338797814208,shared,generations
ssh,0.7777777777777778,shared,courts
ssh,1.0,a_only,sherman
ssh,0.7021276595744681,shared,packed
ssh,0.09215017064846416,b_only,27
ssh,1.0,a_only,circuit
ssh,1.0,a_only,establishing
ssh,1.0,a_only,portions
ssh,1.0,a_only,trapped
ssh,0.5311004784688995,shared,forever
ssh,0.797752808988764,shared,vegetable
ssh,0.5094339622641509,shared,occasions
ssh,0.0958904109589041,b_only,thrill
ssh,0.056105610561056105,b_only,sawyer
ssh,1.0,a_only,inter
ssh,0.36752136752136755,shared,sold
ssh,0.5609756097560976,shared,absent
ssh,0.285140562248996,shared,head
ssh,0.5763546798029556,shared,interests
ssh,0.0847457627118644,b_only,picking
ssh,0.6161616161616161,shared,accompany
ssh,0.350210970464135,shared,various
ssh,0.09215017064846416,b_only,dreary
ssh,1.0,a_only,mac
ssh,0.12280701754385964,b_only,24
ssh,0.7777777777777778,shared,transparent
ssh,1.0,a_only,currently
ssh,0.3389121338912134,shared,unhappy
ssh,0.45454545454545453,shared,informed
ssh,0.6842105263157895,shared,inferior
ssh,1.0,a_only,domini
ssh,1.0,a_only,anglicans
ssh,0.3114754098360656,shared,letter
ssh,0.6842105263157895,shared,cord
ssh,0.30612244897959184,shared,kill
ssh,1.0,a_only,tai
ssh,1.0,a_only,thirds
ssh,0.807909604519774,shared,seal
ssh,0.415929203539823,shared,branches
ssh,0.30612244897959184,shared,joy
ssh,0.0958904109589041,b_only,goodness
ssh,0.6580310880829016,shared,fiction
ssh,0.7679558011049724,shared,adrian
ssh,1.0,a_only,stevens
ssh,0.6080402010050251,shared,hut
ssh,0.7297297297297297,shared,railway
ssh,1.0,a_only,combining
ssh,0.25,shared,hear
ssh,0.7877094972067039,shared,exercised
ssh,0.10344827586206896,b_only,lucie
ssh,0.28,shared,talk
ssh,0.7112299465240641,shared,antiquity
ssh,1.0,a_only,adults
ssh,0.08108108108108109,b_only,peeped
ssh,0.42857142857142855,shared,headed
ssh,1.0,a_only,operates
ssh,0.30612244897959184,shared,places
ssh,1.0,a_only,nickname
ssh,0.8285714285714286,shared,colleague
ssh,0.6,shared,involved
ssh,0.6931216931216931,shared,sentiment
ssh,1.0,a_only,ce
ssh,0.28,shared,when
ssh,0.10726643598615918,b_only,gratitude
ssh,1.0,a_only,elector
ssh,0.6580310880829016,shared,repeatedly
ssh,0.807909604519774,shared,simplest
ssh,0.5165876777251185,shared,royalties
ssh,0.09215017064846416,b_only,horrid
ssh,0.0738255033557047,b_only,heah
ssh,0.5165876777251185,shared,c
ssh,1.0,a_only,historically
ssh,0.32231404958677684,shared,expect
ssh,0.07023411371237458,b_only,haggard
ssh,0.6580310880829016,shared,resist
ssh,0.06312292358803986,b_only,sails
ssh,1.0,a_only,inverse
ssh,0.11498257839721254,b_only,traps
ssh,1.0,a_only,multiple
ssh,0.797752808988764,shared,j
ssh,0.7777777777777778,shared,famine
ssh,0.6666666666666666,shared,inner
ssh,1.0,a_only,starred
ssh,1.0,a_only,neutrons
ssh,0.6161616161616161,shared,teach
ssh,1.0,a_only,proponents
ssh,1.0,a_only,economists
ssh,0.6243654822335025,shared,expedition
ssh,0.6842105263157895,shared,dukes
ssh,0.675392670157068,shared,extra
ssh,1.0,a_only,hereditary
ssh,1.0,a_only,interpreted
ssh,1.0,a_only,juan
ssh,1.0,a_only,video
ssh,0.7204301075268817,shared,garments
ssh,0.7204301075268817,shared,arising
ssh,0.7679558011049724,shared,rendering
ssh,0.3114754098360656,shared,following
ssh,0.25984251968503935,shared,questions
ssh,0.675392670157068,shared,courtesy
ssh,0.5384615384615384,shared,trick
ssh,0.6931216931216931,shared,exciting
ssh,0.44144144144144143,shared,willing
ssh,0.391304347826087,shared,finding
ssh,1.0,a_only,abolition
ssh,0.807909604519774,shared,cleaned
ssh,1.0,a_only,celtic
ssh,1.0,a_only,friars
ssh,0.7486338797814208,shared,levi
ssh,1.0,a_only,nave
ssh,0.45454545454545453,shared,fairly
ssh,1.0,a_only,systematic
ssh,0.6,shared,whispers
ssh,1.0,a_only,authoritarian
ssh,0.7777777777777778,shared,mistakes
ssh,0.0847457627118644,b_only,hiding
ssh,0.3617021276595745,shared,paid
ssh,1.0,a_only,oval
ssh,0.5609756097560976,shared,holes
ssh,0.5165876777251185,shared,depend
ssh,0.3389121338912134,shared,account
ssh,1.0,a_only,factors
ssh,1.0,a_only,astrology
ssh,0.5384615384615384,shared,battle
ssh,0.6494845360824743,shared,fifth
ssh,0.39737991266375544,shared,toward
ssh,0.6,shared,methods
ssh,1.0,a_only,females
ssh,1.0,a_only,activist
ssh,0.7679558011049724,shared,imply
ssh,0.28,shared,among
ssh,0.6931216931216931,shared,actor
ssh,0.6931216931216931,shared,barely
ssh,0.6494845360824743,shared,interval
ssh,1.0,a_only,connor
ssh,0.36752136752136755,shared,presented
ssh,0.3617021276595745,shared,affairs
ssh,1.0,a_only,sultan
ssh,1.0,a_only,extends
ssh,0.10344827586206896,b_only,solemnity
ssh,0.37339055793991416,shared,shop
ssh,0.0958904109589041,b_only,madman
ssh,1.0,a_only,interior
ssh,1.0,a_only,mining
ssh,1.0,a_only,volcanoes
ssh,0.29554655870445345,shared,give
ssh,0.48148148148148145,shared,leg
ssh,0.7679558011049724,shared,label
ssh,0.12280701754385964,b_only,curled
ssh,1.0,a_only,bertrand
ssh,0.7777777777777778,shared,writers
ssh,0.7486338797814208,shared,handwriting
ssh,0.46788990825688076,shared,library
ssh,0.6666666666666666,shared,prejudice
ssh,0.7297297297297297,shared,resources
ssh,0.44144144144144143,shared,flies
ssh,0.09215017064846416,b_only,miserable
ssh,0.415929203539823,shared,visited
ssh,0.08843537414965986,b_only,ascended
ssh,0.07023411371237458,b_only,juliet
ssh,0.6410256410256411,shared,syllable
ssh,1.0,a_only,valid
ssh,0.7112299465240641,shared,behalf
ssh,0.6931216931216931,shared,attract
ssh,0.3389121338912134,shared,promised
ssh,0.059602649006622516,b_only,nodded
ssh,0.2648221343873518,shared,used
ssh,0.6842105263157895,shared,breed
ssh,1.0,a_only,finland
ssh,1.0,a_only,essays
ssh,0.6326530612244898,shared,foul
ssh,0.7391304347826086,shared,adapted
ssh,1.0,a_only,australian
ssh,0.5533980582524272,shared,holy
ssh,0.675392670157068,shared,burial
ssh,0.6326530612244898,shared,deepest
ssh,1.0,a_only,believers
ssh,0.6494845360824743,shared,excess
ssh,0.30612244897959184,shared,charles
ssh,1.0,a_only,efficiency
ssh,0.3793103448275862,shared,walls
ssh,0.3389121338912134,shared,un
ssh,0.29554655870445345,shared,beginning
ssh,1.0,a_only,bering
ssh,1.0,a_only,profitable
ssh,0.25,shared,thinking
ssh,1.0,a_only,mathematician
ssh,0.6580310880829016,shared,mummy
ssh,1.0,a_only,florida
ssh,0.5023474178403756,shared,answering
ssh,0.3114754098360656,shared,act
ssh,1.0,a_only,politician
ssh,0.29554655870445345,shared,since
ssh,1.0,a_only,software
ssh,1.0,a_only,friedrich
ssh,0.7679558011049724,shared,stamp
ssh,0.6326530612244898,shared,association
ssh,0.4611872146118721,shared,travelling
ssh,0.6410256410256411,shared,islands
ssh,1.0,a_only,kingdoms
ssh,0.6666666666666666,shared,ray
ssh,1.0,a_only,february
ssh,0.6580310880829016,shared,xi
ssh,0.2749003984063745,shared,going
ssh,1.0,a_only,soroban
ssh,0.8181818181818182,shared,rear
ssh,1.0,a_only,typical
ssh,0.09965635738831616,b_only,roused
ssh,0.2749003984063745,shared,soon
ssh,1.0,a_only,orbitals
ssh,1.0,a_only,settlers
ssh,0.08843537414965986,b_only,scent
ssh,1.0,a_only,valleys
ssh,0.5238095238095238,shared,reflect
ssh,0.04918032786885246,b_only,lesson
ssh,1.0,a_only,flights
ssh,0.3168724279835391,shared,remembered
ssh,0.5094339622641509,shared,studies
ssh,1.0,a_only,constitutional
ssh,0.25,shared,except
ssh,1.0,a_only,propagation
ssh,1.0,a_only,algebraic
ssh,1.0,a_only,loyalty
ssh,1.0,a_only,discussing
ssh,1.0,a_only,compound
ssh,0.3008130081300813,shared,several
ssh,1.0,a_only,products
ssh,1.0,a_only,ragnar
ssh,0.807909604519774,shared,poets
ssh,0.2903225806451613,shared,behind
ssh,0.7582417582417582,shared,precise
ssh,0.5238095238095238,shared,mill
ssh,0.6243654822335025,shared,essential
ssh,0.46788990825688076,shared,wherever
ssh,0.45454545454545453,shared,afford
ssh,0.29554655870445345,shared,general
ssh,1.0,a_only,periodic
ssh,0.6842105263157895,shared,introducing
ssh,0.08108108108108109,b_only,contempt
ssh,1.0,a_only,provinces
ssh,0.4883720930232558,shared,fatal
ssh,1.0,a_only,lfheim
ssh,1.0,a_only,inclusion
ssh,1.0,a_only,constantine
ssh,1.0,a_only,antonio
ssh,1.0,a_only,seceded
ssh,0.3114754098360656,shared,months
ssh,0.6842105263157895,shared,notable
ssh,1.0,a_only,communist
ssh,0.07744107744107744,b_only,swell
ssh,1.0,a_only,capitalism
ssh,0.10726643598615918,b_only,draught
ssh,1.0,a_only,polynomial
ssh,0.4953271028037383,shared,deeper
ssh,0.5458937198067633,shared,date
ssh,0.2648221343873518,shared,seen
ssh,1.0,a_only,rhetoric
ssh,0.10726643598615918,b_only,frighten
ssh,0.37339055793991416,shared,marquis
ssh,1.0,a_only,architects
ssh,0.7112299465240641,shared,messages
ssh,0.45454545454545453,shared,philosophy
ssh,1.0,a_only,theodosius
ssh,1.0,a_only,obsolete
ssh,0.3389121338912134,shared,ball
ssh,1.0,a_only,programming
ssh,0.6326530612244898,shared,deaf
ssh,1.0,a_only,andes
ssh,0.7486338797814208,shared,gaining
ssh,0.5165876777251185,shared,examine
ssh,0.7679558011049724,shared,lieutenant
ssh,1.0,a_only,reigning
ssh,0.5763546798029556,shared,origin
ssh,0.7021276595744681,shared,registered
ssh,0.3445378151260504,shared,satisfaction
ssh,0.3278008298755187,shared,important
ssh,0.5609756097560976,shared,desert
ssh,0.7391304347826086,shared,largely
ssh,0.7112299465240641,shared,velvet
ssh,0.09215017064846416,b_only,looky
ssh,0.10344827586206896,b_only,momentary
ssh,1.0,a_only,initial
ssh,0.7391304347826086,shared,lowered
ssh,0.5609756097560976,shared,elderly
ssh,0.6666666666666666,shared,lend
ssh,0.2903225806451613,shared,were
ssh,0.7112299465240641,shared,basin
ssh,0.6580310880829016,shared,hay
ssh,0.08843537414965986,b_only,nuther
ssh,0.6410256410256411,shared,birthday
ssh,0.3793103448275862,shared,created
ssh,0.5841584158415841,shared,recognized
ssh,1.0,a_only,goddesses
ssh,0.6410256410256411,shared,explore
ssh,0.07744107744107744,b_only,buck
ssh,0.7112299465240641,shared,captured
ssh,1.0,a_only,functional
ssh,0.0958904109589041,b_only,ladyship
ssh,0.0847457627118644,b_only,gentlemen
ssh,0.6161616161616161,shared,flow
ssh,1.0,a_only,egypt
ssh,1.0,a_only,monuments
ssh,0.0958904109589041,b_only,shrink
ssh,1.0,a_only,constitution
ssh,0.08108108108108109,b_only,civility
ssh,1.0,a_only,drivers
ssh,0.7112299465240641,shared,xiv
ssh,0.6842105263157895,shared,deserts
ssh,0.5023474178403756,shared,generous
ssh,0.25,shared,kind
ssh,1.0,a_only,episodes
ssh,0.5533980582524272,shared,wishing
ssh,1.0,a_only,initially
ssh,0.797752808988764,shared,speeches
ssh,0.10344827586206896,b_only,indignation
ssh,1.0,a_only,meighen
ssh,1.0,a_only,colonies
ssh,0.415929203539823,shared,gay
ssh,0.39737991266375544,shared,described
ssh,0.3278008298755187,shared,coffin
ssh,0.6,shared,apprehension
ssh,1.0,a_only,ahenobarbus
ssh,0.23076923076923078,shared,silence
ssh,0.350210970464135,shared,carefully
ssh,0.08843537414965986,b_only,suits
ssh,1.0,a_only,allegedly
ssh,0.10344827586206896,b_only,lads
ssh,0.3617021276595745,shared,persons
ssh,0.46788990825688076,shared,footsteps
ssh,0.08843537414965986,b_only,sufferer
ssh,0.7486338797814208,shared,communications
ssh,0.3008130081300813,shared,placed
ssh,1.0,a_only,physiology
ssh,0.285140562248996,shared,discovered
ssh,1.0,a_only,fran
ssh,0.245136186770428,shared,ve
ssh,0.45454545454545453,shared,level
ssh,0.09965635738831616,b_only,delight
ssh,1.0,a_only,ontario
ssh,0.6080402010050251,shared,generosity
ssh,0.5920398009950248,shared,snakes
ssh,0.28,shared,low
ssh,0.3333333333333333,shared,running
ssh,0.11888111888111888,b_only,glow
ssh,0.6842105263157895,shared,refusing
ssh,0.3617021276595745,shared,french
ssh,1.0,a_only,practiced
ssh,0.06312292358803986,b_only,collar
ssh,0.391304347826087,shared,stirred
ssh,0.7021276595744681,shared,affirmative
ssh,0.7204301075268817,shared,weaken
ssh,0.7204301075268817,shared,divide
ssh,0.4953271028037383,shared,sixty
ssh,1.0,a_only,dimensions
ssh,0.0847457627118644,b_only,fortunately
ssh,1.0,a_only,nuclear
ssh,0.09215017064846416,b_only,fancied
ssh,0.5920398009950248,shared,cliff
ssh,1.0,a_only,clement
ssh,0.2698412698412698,shared,either
ssh,0.11888111888111888,b_only,implored
ssh,0.350210970464135,shared,captain
ssh,0.42857142857142855,shared,employed
ssh,0.6161616161616161,shared,scarlet
ssh,0.3793103448275862,shared,language
ssh,0.47465437788018433,shared,superior
ssh,0.7877094972067039,shared,eve
ssh,1.0,a_only,favorite
ssh,0.2698412698412698,shared,country
ssh,1.0,a_only,irrigation
ssh,1.0,a_only,canal
ssh,1.0,a_only,boston
ssh,1.0,a_only,ph
ssh,0.6080402010050251,shared,hears
ssh,0.07744107744107744,b_only,haste
ssh,0.25,shared,speak
ssh,0.6666666666666666,shared,additional
ssh,0.3168724279835391,shared,arm
ssh,0.807909604519774,shared,reject
ssh,1.0,a_only,circ
ssh,1.0,a_only,sometime
ssh,0.08108108108108109,b_only,swiftly
ssh,0.28,shared,beyond
ssh,1.0,a_only,primarily
ssh,0.4349775784753363,shared,united
ssh,1.0,a_only,apl
ssh,0.4953271028037383,shared,enjoy
ssh,1.0,a_only,adult
ssh,0.6161616161616161,shared,patriot
ssh,0.6243654822335025,shared,bridge
ssh,0.08843537414965986,b_only,shovel
ssh,1.0,a_only,complexity
ssh,0.7204301075268817,shared,failing
ssh,0.7204301075268817,shared,throne
ssh,1.0,a_only,digits
ssh,1.0,a_only,rifle
ssh,1.0,a_only,goals
ssh,0.36752136752136755,shared,strike
ssh,0.09215017064846416,b_only,nostrils
ssh,0.350210970464135,shared,hearing
ssh,1.0,a_only,planets
ssh,0.675392670157068,shared,exposed
ssh,1.0,a_only,educational
ssh,0.09965635738831616,b_only,scar
ssh,1.0,a_only,populations
ssh,0.3008130081300813,shared,wrong
ssh,1.0,a_only,caribbean
ssh,1.0,a_only,comedian
ssh,0.10726643598615918,b_only,grasped
ssh,0.5841584158415841,shared,performance
ssh,0.7204301075268817,shared,cattle
ssh,0.7877094972067039,shared,prosecution
ssh,1.0,a_only,annihilation
ssh,0.0847457627118644,b_only,lorry
ssh,0.5841584158415841,shared,eggs
ssh,1.0,a_only,transfer
ssh,0.6326530612244898,shared,cloth
ssh,0.7582417582417582,shared,patriotic
ssh,0.6931216931216931,shared,westminster
ssh,0.2698412698412698,shared,fair
ssh,0.0738255033557047,b_only,tavern
ssh,0.245136186770428,shared,below
ssh,1.0,a_only,confederacy
ssh,0.2648221343873518,shared,appeared
ssh,0.0738255033557047,b_only,curls
ssh,0.7204301075268817,shared,allusion
ssh,0.1111111111111111,b_only,rags
ssh,0.7112299465240641,shared,rays
ssh,0.6,shared,copper
ssh,0.3114754098360656,shared,order
ssh,0.4883720930232558,shared,energy
ssh,0.675392670157068,shared,bold
ssh,1.0,a_only,mexico
ssh,1.0,a_only,vowels
ssh,0.5920398009950248,shared,ii
ssh,1.0,a_only,nicholas
ssh,0.7582417582417582,shared,cultivation
ssh,1.0,a_only,aleister
ssh,1.0,a_only,jungle
ssh,1.0,a_only,surrender
ssh,1.0,a_only,amhr
ssh,0.2749003984063745,shared,afternoon
ssh,1.0,a_only,reign
ssh,1.0,a_only,continuum
ssh,1.0,a_only,skylab
ssh,1.0,a_only,rebellion
ssh,0.08108108108108109,b_only,evils
ssh,0.7021276595744681,shared,dried
ssh,1.0,a_only,fertile
ssh,1.0,a_only,banned
ssh,0.5920398009950248,shared,secured
ssh,0.3008130081300813,shared,red
ssh,0.7582417582417582,shared,villa
ssh,0.3278008298755187,shared,nights
ssh,0.7486338797814208,shared,transformed
ssh,1.0,a_only,printing
ssh,0.7297297297297297,shared,varied
ssh,1.0,a_only,neutrality
ssh,0.3278008298755187,shared,produced
ssh,1.0,a_only,rulers
ssh,1.0,a_only,classic
ssh,0.6494845360824743,shared,burnt
ssh,0.8181818181818182,shared,whatsoever
ssh,0.6410256410256411,shared,substance
ssh,0.6931216931216931,shared,consists
ssh,0.8604651162790697,shared,welfare
ssh,0.675392670157068,shared,grant
ssh,1.0,a_only,emphasize
ssh,0.7297297297297297,shared,deliberately
ssh,0.4611872146118721,shared,urged
ssh,1.0,a_only,java
ssh,1.0,a_only,brian
ssh,0.28,shared,hour
ssh,0.5841584158415841,shared,illinois
ssh,1.0,a_only,wildlife
ssh,1.0,a_only,syria
ssh,1.0,a_only,soluble
ssh,0.6410256410256411,shared,rings
ssh,0.3559322033898305,shared,higher
ssh,0.7021276595744681,shared,sour
ssh,1.0,a_only,nietzsche
ssh,1.0,a_only,homepage
ssh,0.5763546798029556,shared,degrees
ssh,0.7582417582417582,shared,dictionary
ssh,1.0,a_only,palmer
ssh,0.11888111888111888,b_only,chaw
ssh,1.0,a_only,appellate
ssh,0.4611872146118721,shared,evident
ssh,0.46788990825688076,shared,narrative
ssh,1.0,a_only,equation
ssh,0.6080402010050251,shared,heroes
ssh,1.0,a_only,covenant
ssh,1.0,a_only,incidence
ssh,1.0,a_only,extend
ssh,1.0,a_only,indicating
ssh,0.46788990825688076,shared,refused
ssh,0.5841584158415841,shared,fascination
ssh,0.7391304347826086,shared,voluntary
ssh,1.0,a_only,units
ssh,0.2698412698412698,shared,ask
ssh,0.6494845360824743,shared,government
ssh,0.39737991266375544,shared,arrive
ssh,1.0,a_only,logo
ssh,0.09215017064846416,b_only,hesitated
ssh,0.0738255033557047,b_only,remorse
ssh,0.28,shared,such
ssh,0.7877094972067039,shared,background
ssh,1.0,a_only,meters
ssh,0.797752808988764,shared,gifts
ssh,1.0,a_only,prominent
ssh,0.3168724279835391,shared,seized
ssh,0.2749003984063745,shared,air
ssh,1.0,a_only,identification
ssh,1.0,a_only,portrayed
ssh,1.0,a_only,presumably
ssh,0.6080402010050251,shared,privilege
ssh,1.0,a_only,dc
ssh,1.0,a_only,inequality
ssh,0.10344827586206896,b_only,stooping
ssh,0.6243654822335025,shared,discussed
ssh,0.3114754098360656,shared,ago
ssh,0.5841584158415841,shared,preparing
ssh,0.0958904109589041,b_only,claw
ssh,0.5686274509803921,shared,concept
ssh,0.45454545454545453,shared,wear
ssh,1.0,a_only,formula
ssh,0.4883720930232558,shared,immense
ssh,0.7486338797814208,shared,horn
ssh,1.0,a_only,losses
ssh,1.0,a_only,successor
ssh,0.29554655870445345,shared,situation
ssh,0.7486338797814208,shared,degradation
ssh,1.0,a_only,fund
ssh,0.3114754098360656,shared,fall
ssh,0.48148148148148145,shared,earlier
ssh,0.42857142857142855,shared,rats
ssh,0.7679558011049724,shared,virtuous
ssh,0.807909604519774,shared,district
ssh,1.0,a_only,kasparov
ssh,1.0,a_only,races
ssh,0.24031007751937986,shared,anybody
ssh,1.0,a_only,robots
ssh,0.3559322033898305,shared,especially
ssh,1.0,a_only,trinity
ssh,0.4883720930232558,shared,nevertheless
ssh,0.09965635738831616,b_only,pap
ssh,1.0,a_only,leo
ssh,1.0,a_only,benefits
ssh,0.5533980582524272,shared,checked
ssh,1.0,a_only,festivals
ssh,1.0,a_only,hydrogen
ssh,0.285140562248996,shared,pleasant
ssh,1.0,a_only,technically
ssh,0.25984251968503935,shared,knowing
ssh,1.0,a_only,olympics
ssh,0.2549019607843137,shared,probably
ssh,0.6,shared,borrowed
ssh,0.32231404958677684,shared,evidence
ssh,0.10344827586206896,b_only,nigger
ssh,0.675392670157068,shared,nowadays
ssh,0.5763546798029556,shared,disease
ssh,0.3114754098360656,shared,touched
ssh,1.0,a_only,contribute
ssh,0.0847457627118644,b_only,tranquillity
ssh,1.0,a_only,berry
ssh,0.46788990825688076,shared,delicacy
ssh,0.25984251968503935,shared,put
ssh,0.08843537414965986,b_only,cruelty
ssh,0.2749003984063745,shared,minutes
ssh,1.0,a_only,strategic
ssh,1.0,a_only,lf
ssh,0.7021276595744681,shared,discourse
ssh,0.10726643598615918,b_only,gown
ssh,0.39737991266375544,shared,group
ssh,0.3168724279835391,shared,party
ssh,0.7021276595744681,shared,push
ssh,1.0,a_only,utopian
ssh,0.6410256410256411,shared,behaved
ssh,1.0,a_only,touchdown
ssh,0.6580310880829016,shared,pressure
ssh,0.47465437788018433,shared,park
ssh,1.0,a_only,wilhelm
ssh,0.3008130081300813,shared,people
ssh,1.0,a_only,politicians
ssh,1.0,a_only,community
ssh,1.0,a_only,computing
ssh,0.6842105263157895,shared,losing
ssh,0.6580310880829016,shared,button
ssh,1.0,a_only,southeast
ssh,1.0,a_only,astronauts
ssh,0.12280701754385964,b_only,anew
ssh,0.5533980582524272,shared,palace
ssh,0.6080402010050251,shared,wax
ssh,1.0,a_only,universities
ssh,0.285140562248996,shared,ways
ssh,0.5458937198067633,shared,increase
ssh,1.0,a_only,louisiana
ssh,1.0,a_only,quad
ssh,0.2698412698412698,shared,outside
ssh,1.0,a_only,microscopic
ssh,0.4349775784753363,shared,marks
ssh,1.0,a_only,neighboring
ssh,1.0,a_only,phylum
ssh,0.6494845360824743,shared,cutting
ssh,1.0,a_only,applications
ssh,0.7679558011049724,shared,teachers
ssh,0.48148148148148145,shared,message
ssh,0.6326530612244898,shared,army
ssh,1.0,a_only,resulting
ssh,0.0958904109589041,b_only,bewildered
ssh,1.0,a_only,politically
ssh,1.0,a_only,explosion
ssh,0.7582417582417582,shared,abrupt
ssh,1.0,a_only,calculus
ssh,1.0,a_only,rivalry
ssh,0.285140562248996,shared,common
ssh,0.48148148148148145,shared,served
ssh,0.32231404958677684,shared,ran
ssh,1.0,a_only,aldrin
ssh,0.46788990825688076,shared,straw
ssh,0.07744107744107744,b_only,wigwam
ssh,1.0,a_only,atlantic
ssh,0.059602649006622516,b_only,devotion
ssh,0.36752136752136755,shared,ring
ssh,0.11498257839721254,b_only,shucks
ssh,0.5384615384615384,shared,chased
ssh,0.08108108108108109,b_only,sings
ssh,1.0,a_only,santa
ssh,1.0,a_only,adoption
ssh,0.5238095238095238,shared,developed
ssh,0.6842105263157895,shared,kicking
ssh,0.6842105263157895,shared,norton
ssh,0.3008130081300813,shared,ground
ssh,0.5609756097560976,shared,price
ssh,0.6666666666666666,shared,safely
ssh,0.08843537414965986,b_only,breakfast
ssh,0.44144144144144143,shared,mountains
ssh,1.0,a_only,wright
ssh,0.3168724279835391,shared,prison
ssh,0.6494845360824743,shared,victory
ssh,0.7679558011049724,shared,sixth
ssh,0.11498257839721254,b_only,firmness
ssh,1.0,a_only,das
ssh,0.0958904109589041,b_only,stooped
ssh,0.40969162995594716,shared,resolution
ssh,1.0,a_only,particles
ssh,0.7391304347826086,shared,acute
ssh,0.6161616161616161,shared,scratch
ssh,1.0,a_only,incorrect
ssh,0.6326530612244898,shared,county
ssh,1.0,a_only,legend
ssh,0.5686274509803921,shared,douglas
ssh,1.0,a_only,economics
ssh,0.30612244897959184,shared,watched
ssh,0.48148148148148145,shared,mars
ssh,1.0,a_only,hm
ssh,0.6243654822335025,shared,clergyman
ssh,0.7877094972067039,shared,sustain
ssh,1.0,a_only,personnel
ssh,1.0,a_only,ak
ssh,1.0,a_only,thelema
ssh,0.40350877192982454,shared,trial
ssh,1.0,a_only,experimental
ssh,0.44144144144144143,shared,pirate
ssh,1.0,a_only,evangelical
ssh,0.4222222222222222,shared,anywhere
ssh,0.5920398009950248,shared,easier
ssh,0.7486338797814208,shared,unseen
ssh,1.0,a_only,references
ssh,0.6326530612244898,shared,infamous
ssh,1.0,a_only,abugida
ssh,1.0,a_only,pro
ssh,0.23076923076923078,shared,of
ssh,0.2903225806451613,shared,drew
ssh,0.2903225806451613,shared,mother
ssh,1.0,a_only,voters
ssh,1.0,a_only,allosaurus
ssh,1.0,a_only,el
ssh,0.7486338797814208,shared,hebrew
ssh,1.0,a_only,editor
ssh,1.0,a_only,biology
ssh,0.8285714285714286,shared,obligations
ssh,0.7777777777777778,shared,bordered
ssh,0.245136186770428,shared,trouble
ssh,1.0,a_only,oliver
ssh,1.0,a_only,impact
ssh,0.3114754098360656,shared,signs
ssh,0.7877094972067039,shared,shift
ssh,0.10726643598615918,b_only,eyebrows
ssh,0.7679558011049724,shared,manager
ssh,0.7777777777777778,shared,morality
ssh,1.0,a_only,ally
ssh,1.0,a_only,potentially
ssh,0.08108108108108109,b_only,miseries
ssh,0.08108108108108109,b_only,louder
ssh,0.7204301075268817,shared,desirable
ssh,1.0,a_only,rd
ssh,0.6410256410256411,shared,snapped
ssh,1.0,a_only,implemented
ssh,0.0958904109589041,b_only,recollect
ssh,0.5311004784688995,shared,addition
ssh,1.0,a_only,du
ssh,1.0,a_only,privy
ssh,1.0,a_only,immortality
ssh,0.3008130081300813,shared,mine
ssh,0.48148148148148145,shared,royal
ssh,0.3445378151260504,shared,learned
ssh,0.7112299465240641,shared,ruled
ssh,0.0958904109589041,b_only,recollection
ssh,1.0,a_only,nathaniel
ssh,1.0,a_only,rearden
ssh,0.3389121338912134,shared,pride
ssh,0.797752808988764,shared,porter
ssh,0.5533980582524272,shared,reference
ssh,1.0,a_only,myths
ssh,0.47465437788018433,shared,extended
ssh,0.797752808988764,shared,cape
ssh,0.3852813852813853,shared,extremely
ssh,0.3852813852813853,shared,main
ssh,0.47465437788018433,shared,cook
ssh,0.4953271028037383,shared,meantime
ssh,0.6580310880829016,shared,upward
ssh,1.0,a_only,denmark
ssh,0.5609756097560976,shared,beds
ssh,1.0,a_only,winters
ssh,0.1111111111111111,b_only,10
ssh,1.0,a_only,classification
ssh,0.5094339622641509,shared,hero
ssh,1.0,a_only,houston
ssh,0.3008130081300813,shared,arthur
ssh,0.3168724279835391,shared,sherlock
ssh,0.5533980582524272,shared,studying
ssh,1.0,a_only,spaces
ssh,0.6326530612244898,shared,drops
ssh,0.391304347826087,shared,cruel
ssh,0.0847457627118644,b_only,blanket
ssh,0.2549019607843137,shared,or
ssh,0.40350877192982454,shared,needed
ssh,0.5841584158415841,shared,positive
ssh,0.6410256410256411,shared,kingdom
ssh,0.09965635738831616,b_only,phonograph
ssh,0.6161616161616161,shared,whence
ssh,0.5841584158415841,shared,friday
ssh,0.5023474178403756,shared,grace
ssh,1.0,a_only,surrendered
ssh,1.0,a_only,asteraceae
ssh,1.0,a_only,construct
ssh,0.350210970464135,shared,funeral
ssh,0.5920398009950248,shared,standard
ssh,0.5920398009950248,shared,q
ssh,1.0,a_only,media
ssh,1.0,a_only,scientists
ssh,0.37339055793991416,shared,points
ssh,0.7486338797814208,shared,nineteenth
ssh,1.0,a_only,battles
ssh,0.0958904109589041,b_only,persuasion
ssh,1.0,a_only,excluded
ssh,0.44144144144144143,shared,apparently
ssh,1.0,a_only,cl
ssh,1.0,a_only,arctic
ssh,0.5686274509803921,shared,displayed
ssh,0.0958904109589041,b_only,oppressed
ssh,1.0,a_only,melody
ssh,0.2903225806451613,shared,fact
ssh,0.08108108108108109,b_only,fitzwilliam
ssh,0.7021276595744681,shared,lovers
ssh,0.7021276595744681,shared,originated
ssh,0.5384615384615384,shared,intellectual
ssh,0.6080402010050251,shared,conceived
ssh,0.47465437788018433,shared,closer
ssh,0.7877094972067039,shared,associations
ssh,0.675392670157068,shared,conclusions
ssh,0.3852813852813853,shared,ben
ssh,1.0,a_only,aggressive
ssh,0.2903225806451613,shared,table
ssh,0.7204301075268817,shared,bits
ssh,0.6931216931216931,shared,comparatively
ssh,0.6494845360824743,shared,deliver
ssh,1.0,a_only,rice
ssh,1.0,a_only,agamemnon
ssh,0.3168724279835391,shared,person
ssh,0.11498257839721254,b_only,triumphantly
ssh,0.3333333333333333,shared,growing
ssh,0.3445378151260504,shared,future
ssh,0.6931216931216931,shared,addressing
ssh,1.0,a_only,integers
ssh,0.285140562248996,shared,how
ssh,0.6080402010050251,shared,correspondence
ssh,0.28,shared,read
ssh,1.0,a_only,confederation
ssh,0.10344827586206896,b_only,gravely
ssh,1.0,a_only,cardinal
ssh,0.5094339622641509,shared,pushed
ssh,1.0,a_only,taggart
ssh,0.5686274509803921,shared,china
ssh,1.0,a_only,speculative
ssh,1.0,a_only,seljuk
ssh,0.6666666666666666,shared,marble
ssh,0.4611872146118721,shared,bottle
ssh,1.0,a_only,ambrosia
ssh,1.0,a_only,prophet
ssh,0.6326530612244898,shared,elapsed
ssh,0.5533980582524272,shared,volume
ssh,0.4349775784753363,shared,birds
ssh,0.0847457627118644,b_only,lemme
ssh,0.23552123552123552,shared,engaged
ssh,0.5609756097560976,shared,divine
ssh,0.29554655870445345,shared,spirit
ssh,1.0,a_only,grants
ssh,1.0,a_only,funk
ssh,0.7877094972067039,shared,conclude
ssh,1.0,a_only,contributions
ssh,0.3793103448275862,shared,faith
ssh,0.7021276595744681,shared,border
ssh,0.3008130081300813,shared,knife
ssh,1.0,a_only,lunar
ssh,0.0847457627118644,b_only,haunted
ssh,0.42857142857142855,shared,turns
ssh,0.6161616161616161,shared,rome
ssh,1.0,a_only,artifacts
ssh,0.6931216931216931,shared,soil
ssh,0.7391304347826086,shared,enthusiastic
ssh,0.5384615384615384,shared,agent
ssh,0.28,shared,visit
ssh,1.0,a_only,promoting
ssh,0.09215017064846416,b_only,laughter
ssh,0.675392670157068,shared,employ
ssh,1.0,a_only,civilians
ssh,0.3168724279835391,shared,door
ssh,1.0,a_only,diverse
ssh,0.7204301075268817,shared,washington
ssh,0.5311004784688995,shared,actual
ssh,0.25984251968503935,shared,afterwards
ssh,1.0,a_only,automobile
ssh,1.0,a_only,gene
ssh,1.0,a_only,songwriter
ssh,0.09965635738831616,b_only,fortunate
ssh,1.0,a_only,starts
ssh,1.0,a_only,designation
ssh,0.7112299465240641,shared,astounding
ssh,1.0,a_only,critics
ssh,1.0,a_only,automobiles
ssh,0.7486338797814208,shared,advised
ssh,0.5533980582524272,shared,flash
ssh,0.7112299465240641,shared,resurrection
ssh,1.0,a_only,philosophies
ssh,1.0,a_only,kenya
ssh,0.7582417582417582,shared,net
ssh,1.0,a_only,carroll
ssh,1.0,a_only,entropy
ssh,0.12280701754385964,b_only,bestow
ssh,1.0,a_only,applies
ssh,0.32231404958677684,shared,appear
ssh,1.0,a_only,communion
ssh,1.0,a_only,conflicts
ssh,0.6842105263157895,shared,issued
ssh,0.797752808988764,shared,gross
ssh,1.0,a_only,broader
ssh,0.08843537414965986,b_only,lovely
ssh,0.3333333333333333,shared,white
ssh,0.5165876777251185,shared,geneva
ssh,0.6161616161616161,shared,oldest
ssh,0.6842105263157895,shared,ordering
ssh,0.6,shared,recommend
ssh,1.0,a_only,epic
ssh,1.0,a_only,car
ssh,0.0738255033557047,b_only,crooked
ssh,1.0,a_only,levels
ssh,1.0,a_only,saul
ssh,0.5458937198067633,shared,collection
ssh,1.0,a_only,unstable
ssh,0.285140562248996,shared,prisoner
ssh,1.0,a_only,abbots
ssh,0.7112299465240641,shared,prosperity
ssh,1.0,a_only,botanical
ssh,0.675392670157068,shared,flora
ssh,0.40969162995594716,shared,unconscious
ssh,1.0,a_only,computer
ssh,0.5238095238095238,shared,row
ssh,0.08843537414965986,b_only,shabby
ssh,0.6494845360824743,shared,approve
ssh,1.0,a_only,rifles
ssh,0.08843537414965986,b_only,shone
ssh,0.797752808988764,shared,equipped
ssh,0.5763546798029556,shared,impulse
ssh,0.7582417582417582,shared,dealing
ssh,0.6410256410256411,shared,depends
ssh,0.29554655870445345,shared,thank
ssh,1.0,a_only,interviews
ssh,0.2648221343873518,shared,o
ssh,0.5094339622641509,shared,vice
ssh,1.0,a_only,irregular
ssh,0.7679558011049724,shared,turkish
ssh,0.6161616161616161,shared,novel
ssh,0.5165876777251185,shared,sons
ssh,1.0,a_only,ibn
ssh,0.08108108108108109,b_only,tweedledee
ssh,0.675392670157068,shared,g
ssh,0.3445378151260504,shared,laying
ssh,0.0738255033557047,b_only,sunset
ssh,1.0,a_only,regulations
ssh,0.7486338797814208,shared,illusion
ssh,1.0,a_only,types
ssh,0.6494845360824743,shared,calf
ssh,0.5094339622641509,shared,missing
ssh,0.7777777777777778,shared,sympathetic
ssh,0.47465437788018433,shared,baker
ssh,0.7391304347826086,shared,omitted
ssh,0.44144144144144143,shared,pen
ssh,1.0,a_only,judah
ssh,0.28,shared,shall
ssh,1.0,a_only,temples
ssh,1.0,a_only,scoring
ssh,1.0,a_only,arabs
ssh,0.11498257839721254,b_only,dining
ssh,1.0,a_only,statues
ssh,1.0,a_only,discrimination
ssh,0.3333333333333333,shared,return
ssh,0.797752808988764,shared,paul
ssh,0.45454545454545453,shared,fun
ssh,1.0,a_only,respectively
ssh,1.0,a_only,hitler
ssh,1.0,a_only,lithuania
ssh,1.0,a_only,afl
ssh,1.0,a_only,engineers
ssh,1.0,a_only,libel
ssh,0.0958904109589041,b_only,carelessly
ssh,0.32231404958677684,shared,goes
ssh,0.09965635738831616,b_only,sombre
ssh,0.7391304347826086,shared,mob
ssh,0.6410256410256411,shared,coast
ssh,1.0,a_only,christianity
ssh,1.0,a_only,aix
ssh,0.36752136752136755,shared,joined
ssh,0.09215017064846416,b_only,tremulous
ssh,0.5165876777251185,shared,catching
ssh,0.06666666666666667,b_only,gryphon
ssh,0.5023474178403756,shared,torn
ssh,0.7486338797814208,shared,luxurious
ssh,0.6,shared,bean
ssh,1.0,a_only,constellations
ssh,0.2648221343873518,shared,still
ssh,1.0,a_only,symbols
ssh,0.6161616161616161,shared,relationship
ssh,0.7112299465240641,shared,corruption
ssh,0.36752136752136755,shared,degree
ssh,0.675392670157068,shared,schemes
ssh,0.6161616161616161,shared,bowl
ssh,1.0,a_only,consist
ssh,0.37339055793991416,shared,aspect
ssh,1.0,a_only,organized
ssh,0.7777777777777778,shared,duncan
ssh,0.6410256410256411,shared,boats
ssh,0.3852813852813853,shared,example
ssh,0.3114754098360656,shared,garden
ssh,1.0,a_only,protocol
ssh,0.8285714285714286,shared,dot
ssh,1.0,a_only,dynasty
ssh,0.09215017064846416,b_only,brighter
ssh,0.7391304347826086,shared,loses
ssh,0.1111111111111111,b_only,dances
ssh,0.3333333333333333,shared,three
ssh,0.6161616161616161,shared,difficulties
ssh,0.5609756097560976,shared,mourning
ssh,0.29554655870445345,shared,lips
ssh,0.6580310880829016,shared,smith
ssh,0.36752136752136755,shared,sympathy
ssh,0.30612244897959184,shared,figure
ssh,0.7391304347826086,shared,firing
ssh,0.5609756097560976,shared,handle
ssh,0.5384615384615384,shared,introduce
ssh,1.0,a_only,undertaken
ssh,0.5609756097560976,shared,comparison
ssh,1.0,a_only,austin
ssh,0.0847457627118644,b_only,endeavoured
ssh,0.675392670157068,shared,services
ssh,1.0,a_only,nfl
ssh,1.0,a_only,abbreviations
ssh,1.0,a_only,antihydrogen
ssh,0.4953271028037383,shared,agree
ssh,0.7112299465240641,shared,integrity
ssh,0.0847457627118644,b_only,ashamed
ssh,0.2648221343873518,shared,watching
ssh,1.0,a_only,disorders
ssh,1.0,a_only,stalin
ssh,1.0,a_only,heights
ssh,0.675392670157068,shared,recognition
ssh,0.0847457627118644,b_only,armchair
ssh,1.0,a_only,wells
ssh,0.6410256410256411,shared,lightly
ssh,0.28,shared,proud
ssh,0.5165876777251185,shared,jealous
ssh,0.7021276595744681,shared,travellers
ssh,0.5763546798029556,shared,republican
ssh,0.6410256410256411,shared,entry
ssh,0.245136186770428,shared,evening
ssh,0.07744107744107744,b_only,learnt
ssh,1.0,a_only,turks
ssh,0.3333333333333333,shared,moving
ssh,0.3114754098360656,shared,fortune
ssh,0.2749003984063745,shared,alice
ssh,0.7679558011049724,shared,commands
ssh,0.6580310880829016,shared,emotions
ssh,1.0,a_only,convicted
ssh,1.0,a_only,terry
ssh,0.5841584158415841,shared,tiny
ssh,0.4222222222222222,shared,e
ssh,0.7582417582417582,shared,deposited
ssh,0.8390804597701149,shared,miraculous
ssh,0.7204301075268817,shared,wider
ssh,1.0,a_only,warren
ssh,0.06666666666666667,b_only,canvas
ssh,1.0,a_only,stilicho
ssh,1.0,a_only,beatles
ssh,1.0,a_only,leon
ssh,0.7877094972067039,shared,varying
ssh,0.32231404958677684,shared,thirty
ssh,0.0958904109589041,b_only,peeping
ssh,0.8181818181818182,shared,worlds
ssh,0.3168724279835391,shared,rise
ssh,1.0,a_only,agnostics
ssh,1.0,a_only,cf
ssh,1.0,a_only,effectively
ssh,0.24031007751937986,shared,horses
ssh,0.07744107744107744,b_only,rang
ssh,1.0,a_only,median
ssh,1.0,a_only,fluid
ssh,0.7391304347826086,shared,contemplation
ssh,0.7204301075268817,shared,crisis
ssh,0.09965635738831616,b_only,frightfully
ssh,0.06666666666666667,b_only,brow
ssh,0.08108108108108109,b_only,afforded
ssh,1.0,a_only,joan
ssh,0.8285714285714286,shared,alps
ssh,0.5094339622641509,shared,ladder
ssh,0.5841584158415841,shared,create
ssh,1.0,a_only,colorado
ssh,0.7391304347826086,shared,suicide
ssh,1.0,a_only,microsoft
ssh,0.6080402010050251,shared,ivory
ssh,1.0,a_only,context
ssh,0.09215017064846416,b_only,contented
ssh,0.675392670157068,shared,removal
ssh,0.5763546798029556,shared,threatened
ssh,0.7679558011049724,shared,strive
ssh,0.07744107744107744,b_only,expectation
ssh,1.0,a_only,tubes
ssh,0.0738255033557047,b_only,forehead
ssh,0.45454545454545453,shared,wholly
ssh,0.09215017064846416,b_only,attentively
ssh,0.2698412698412698,shared,danger
ssh,0.6326530612244898,shared,lighting
ssh,0.5609756097560976,shared,finest
ssh,0.6666666666666666,shared,holiday
ssh,0.6243654822335025,shared,cannon
ssh,0.6243654822335025,shared,atmosphere
ssh,1.0,a_only,fans
ssh,0.7777777777777778,shared,inspire
ssh,0.6410256410256411,shared,texas
ssh,1.0,a_only,memorial
ssh,0.09215017064846416,b_only,bedroom
ssh,1.0,a_only,bin
ssh,0.2648221343873518,shared,call
ssh,0.7777777777777778,shared,feminine
ssh,0.6080402010050251,shared,nerve
ssh,0.797752808988764,shared,signature
ssh,0.40969162995594716,shared,managed
ssh,0.6842105263157895,shared,casting
ssh,1.0,a_only,antimatter
ssh,1.0,a_only,archive
ssh,1.0,a_only,conceptions
ssh,0.7021276595744681,shared,youthful
ssh,1.0,a_only,oral
ssh,0.5311004784688995,shared,summoned
ssh,0.5311004784688995,shared,scream
ssh,0.8181818181818182,shared,relied
ssh,0.44144144144144143,shared,farm
ssh,0.7021276595744681,shared,courses
ssh,0.08843537414965986,b_only,upstairs
ssh,0.6842105263157895,shared,fraud
ssh,1.0,a_only,minerals
ssh,0.6580310880829016,shared,victims
ssh,1.0,a_only,facilities
ssh,0.10726643598615918,b_only,grabbed
ssh,1.0,a_only,cd
ssh,0.7204301075268817,shared,liberal
ssh,0.4883720930232558,shared,crown
ssh,0.0738255033557047,b_only,gardiner
ssh,1.0,a_only,catholic
ssh,0.47465437788018433,shared,restored
ssh,0.6161616161616161,shared,fright
ssh,0.30612244897959184,shared,mighty
ssh,1.0,a_only,apollo
ssh,1.0,a_only,motivation
ssh,0.36752136752136755,shared,gained
ssh,1.0,a_only,diversity
ssh,1.0,a_only,mt
ssh,1.0,a_only,conservative
ssh,0.3617021276595745,shared,falling
ssh,1.0,a_only,fossils
ssh,0.11498257839721254,b_only,sledge
ssh,1.0,a_only,lindbergh
ssh,1.0,a_only,transportation
ssh,1.0,a_only,atom
ssh,1.0,a_only,enlightenment
ssh,0.40350877192982454,shared,special
ssh,0.09965635738831616,b_only,lonesome
ssh,1.0,a_only,jo
ssh,1.0,a_only,innovations
ssh,1.0,a_only,aardvarks
ssh,0.3617021276595745,shared,seek
ssh,0.5533980582524272,shared,concluded
ssh,1.0,a_only,springfield
ssh,1.0,a_only,program
ssh,1.0,a_only,variant
ssh,0.39737991266375544,shared,disturbed
ssh,1.0,a_only,aachen
ssh,0.4349775784753363,shared,murdered
ssh,1.0,a_only,mead
ssh,0.32231404958677684,shared,mr
ssh,1.0,a_only,davis
ssh,1.0,a_only,transformation
ssh,1.0,a_only,kevin
ssh,0.07744107744107744,b_only,weary
ssh,1.0,a_only,helps
ssh,0.2648221343873518,shared,over
ssh,0.5023474178403756,shared,altered
ssh,0.7204301075268817,shared,fox
ssh,0.6931216931216931,shared,childhood
ssh,1.0,a_only,scripture
ssh,0.44144144144144143,shared,mixed
ssh,0.6842105263157895,shared,solely
ssh,0.7204301075268817,shared,upwards
ssh,0.0738255033557047,b_only,bet
ssh,0.5458937198067633,shared,goods
ssh,0.40969162995594716,shared,visitor
ssh,1.0,a_only,statute
ssh,1.0,a_only,distances
ssh,0.4883720930232558,shared,correct
ssh,0.7204301075268817,shared,spun
ssh,0.3008130081300813,shared,duty
ssh,0.5533980582524272,shared,painting
ssh,0.30612244897959184,shared,scene
ssh,0.7582417582417582,shared,literary
ssh,0.29554655870445345,shared,time
ssh,0.28,shared,present
ssh,1.0,a_only,chinese
ssh,0.4479638009049774,shared,bill
ssh,1.0,a_only,fide
ssh,1.0,a_only,meanings
ssh,0.6842105263157895,shared,supplied
ssh,0.37339055793991416,shared,grief
ssh,0.30612244897959184,shared,part
ssh,0.6931216931216931,shared,naked
ssh,1.0,a_only,miscellaneous
ssh,1.0,a_only,germanic
ssh,1.0,a_only,airports
ssh,0.391304347826087,shared,naturally
ssh,1.0,a_only,edmonton
ssh,1.0,a_only,algebra
ssh,0.350210970464135,shared,devil
ssh,1.0,a_only,actors
ssh,1.0,a_only,harvard
ssh,0.6410256410256411,shared,limited
ssh,1.0,a_only,spain
ssh,0.29554655870445345,shared,bell
ssh,0.7112299465240641,shared,auction
ssh,0.5609756097560976,shared,farther
ssh,0.07023411371237458,b_only,bitterness
ssh,0.06312292358803986,b_only,hastily
ssh,0.8390804597701149,shared,exceeding
ssh,0.3278008298755187,shared,fifty
ssh,1.0,a_only,invade
ssh,0.5920398009950248,shared,preserved
ssh,0.29554655870445345,shared,themselves
ssh,0.056105610561056105,b_only,lydia
ssh,0.3278008298755187,shared,manners
ssh,1.0,a_only,validity
ssh,1.0,a_only,alien
ssh,1.0,a_only,integrated
ssh,0.4349775784753363,shared,pressed
ssh,1.0,a_only,receives
ssh,0.6494845360824743,shared,strait
ssh,0.7297297297297297,shared,defeat
ssh,1.0,a_only,hosts
ssh,0.48148148148148145,shared,committed
ssh,0.245136186770428,shared,found
ssh,0.4953271028037383,shared,tossed
ssh,1.0,a_only,ois
ssh,0.08843537414965986,b_only,malice
ssh,0.6410256410256411,shared,passes
ssh,1.0,a_only,trend
ssh,0.08843537414965986,b_only,chill
ssh,0.6931216931216931,shared,surrounding
ssh,1.0,a_only,bavarian
ssh,0.5094339622641509,shared,forest
ssh,0.6326530612244898,shared,pit
ssh,1.0,a_only,pioneered
ssh,1.0,a_only,dual
ssh,0.5311004784688995,shared,y
ssh,0.5763546798029556,shared,kin
ssh,1.0,a_only,mans
ssh,1.0,a_only,agnostic
ssh,0.4883720930232558,shared,yard
ssh,0.3114754098360656,shared,amongst
ssh,0.391304347826087,shared,paying
ssh,0.44144144144144143,shared,intelligence
ssh,0.11498257839721254,b_only,screamed
ssh,0.6842105263157895,shared,fired
ssh,0.3278008298755187,shared,hot
ssh,1.0,a_only,theoretical
ssh,1.0,a_only,alexandria
ssh,0.7204301075268817,shared,accordance
ssh,1.0,a_only,versa
ssh,0.5311004784688995,shared,crimes
ssh,0.7112299465240641,shared,mont
ssh,1.0,a_only,utc
ssh,0.6410256410256411,shared,neighbouring
ssh,0.07744107744107744,b_only,bunch
ssh,1.0,a_only,player
ssh,0.5609756097560976,shared,distinction
ssh,1.0,a_only,estimated
ssh,1.0,a_only,boris
ssh,0.0847457627118644,b_only,dormouse
ssh,1.0,a_only,kickoff
ssh,0.7021276595744681,shared,mysteries
ssh,0.2903225806451613,shared,me
ssh,0.07744107744107744,b_only,misery
ssh,0.4883720930232558,shared,seriously
ssh,1.0,a_only,progressive
ssh,0.6666666666666666,shared,replaced
ssh,0.5841584158415841,shared,pillow
ssh,0.4611872146118721,shared,awoke
ssh,1.0,a_only,andre
ssh,1.0,a_only,mm
ssh,1.0,a_only,altruistic
ssh,1.0,a_only,plus
ssh,0.0958904109589041,b_only,curtains
ssh,0.5094339622641509,shared,robbers
ssh,0.08108108108108109,b_only,maids
ssh,1.0,a_only,congo
ssh,1.0,a_only,distribution
ssh,0.37339055793991416,shared,george
ssh,0.6494845360824743,shared,po
ssh,0.6931216931216931,shared,curse
ssh,0.0958904109589041,b_only,derbyshire
ssh,1.0,a_only,encounters
ssh,1.0,a_only,enforced
ssh,1.0,a_only,peaks
ssh,0.7112299465240641,shared,hop
ssh,0.8181818181818182,shared,cotton
ssh,1.0,a_only,alder
ssh,0.5686274509803921,shared,control
ssh,0.3445378151260504,shared,wine
ssh,0.5686274509803921,shared,career
ssh,1.0,a_only,unita
ssh,0.09215017064846416,b_only,silas
ssh,0.675392670157068,shared,medium
ssh,0.5841584158415841,shared,fairy
ssh,0.675392670157068,shared,arrest
ssh,0.5458937198067633,shared,sport
ssh,0.7777777777777778,shared,abilities
ssh,0.7877094972067039,shared,unusually
ssh,0.3168724279835391,shared,drove
ssh,0.6243654822335025,shared,unnatural
ssh,0.8497109826589595,shared,appealed
ssh,0.2648221343873518,shared,taking
ssh,0.391304347826087,shared,bread
ssh,0.10344827586206896,b_only,forster
ssh,1.0,a_only,animism
ssh,1.0,a_only,arguing
ssh,0.08108108108108109,b_only,deduce
ssh,1.0,a_only,sulfur
ssh,0.8604651162790697,shared,involve
ssh,0.0958904109589041,b_only,hasten
ssh,0.10726643598615918,b_only,whither
ssh,1.0,a_only,historical
ssh,1.0,a_only,ashmore
ssh,0.40969162995594716,shared,judgment
ssh,0.7486338797814208,shared,aperture
ssh,0.7204301075268817,shared,barrel
ssh,1.0,a_only,optimal
ssh,0.7297297297297297,shared,bounds
ssh,1.0,a_only,exploration
ssh,0.5458937198067633,shared,slave
ssh,1.0,a_only,clergy
ssh,0.6494845360824743,shared,parent
ssh,1.0,a_only,les
ssh,1.0,a_only,collective
ssh,0.40350877192982454,shared,potter
ssh,0.4349775784753363,shared,pure
ssh,0.2903225806451613,shared,ain
ssh,0.797752808988764,shared,dependent
ssh,0.059602649006622516,b_only,delighted
ssh,0.10344827586206896,b_only,philips
ssh,1.0,a_only,plasma
ssh,0.25,shared,hope
ssh,1.0,a_only,dynamic
ssh,1.0,a_only,casualties
ssh,1.0,a_only,larry
ssh,0.2549019607843137,shared,love
ssh,0.39737991266375544,shared,credit
ssh,1.0,a_only,eddie
ssh,1.0,a_only,provisional
ssh,0.056105610561056105,b_only,wolves
ssh,0.6161616161616161,shared,wilson
ssh,0.46788990825688076,shared,content
ssh,0.245136186770428,shared,herself
ssh,1.0,a_only,prices
ssh,0.675392670157068,shared,producing
ssh,0.7486338797814208,shared,assume
ssh,0.5763546798029556,shared,page
ssh,0.45454545454545453,shared,accepted
ssh,0.3008130081300813,shared,hung
ssh,1.0,a_only,variable
ssh,1.0,a_only,ss
ssh,0.2698412698412698,shared,lay
ssh,0.28,shared,tears
ssh,1.0,a_only,plural
ssh,0.07023411371237458,b_only,tootles
ssh,1.0,a_only,archipelago
ssh,0.6326530612244898,shared,cow
ssh,0.5920398009950248,shared,stroke
ssh,0.7582417582417582,shared,copies
ssh,0.245136186770428,shared,followed
ssh,0.10726643598615918,b_only,comin
ssh,0.6,shared,bacon
ssh,0.4349775784753363,shared,metal
ssh,0.40969162995594716,shared,stretched
ssh,0.5533980582524272,shared,hoping
ssh,0.10344827586206896,b_only,sounded
ssh,0.10726643598615918,b_only,fastened
ssh,0.8497109826589595,shared,edmund
ssh,1.0,a_only,hydrocarbons
ssh,0.2698412698412698,shared,crowd
ssh,1.0,a_only,empirical
ssh,0.4349775784753363,shared,capable
ssh,0.24031007751937986,shared,voice
ssh,0.3389121338912134,shared,guard
ssh,0.47465437788018433,shared,active
ssh,0.3008130081300813,shared,before
ssh,1.0,a_only,russia
ssh,1.0,a_only,ell
ssh,0.0738255033557047,b_only,speck
ssh,0.5023474178403756,shared,guilty
ssh,1.0,a_only,iraqi
ssh,0.4479638009049774,shared,increased
ssh,0.4611872146118721,shared,scotland
ssh,1.0,a_only,neoclassical
ssh,0.6666666666666666,shared,arts
ssh,1.0,a_only,newton
ssh,0.3852813852813853,shared,suit
ssh,1.0,a_only,innovation
ssh,0.39737991266375544,shared,antoine
ssh,1.0,a_only,kennedy
ssh,1.0,a_only,football
ssh,1.0,a_only,representation
ssh,1.0,a_only,kabul
ssh,0.4222222222222222,shared,winter
ssh,0.7679558011049724,shared,disliked
ssh,0.47465437788018433,shared,gain
ssh,1.0,a_only,sector
ssh,0.32231404958677684,shared,leaving
ssh,1.0,a_only,drama
ssh,1.0,a_only,dramatically
ssh,0.6161616161616161,shared,healthy
ssh,0.47465437788018433,shared,certainty
ssh,1.0,a_only,pennsylvania
ssh,0.10344827586206896,b_only,busily
ssh,0.0738255033557047,b_only,trifle
ssh,0.797752808988764,shared,disorder
ssh,1.0,a_only,thermal
ssh,0.0958904109589041,b_only,snatched
ssh,0.5311004784688995,shared,violence
ssh,1.0,a_only,infected
ssh,0.5384615384615384,shared,accomplished
ssh,1.0,a_only,federation
ssh,0.5458937198067633,shared,november
ssh,0.07023411371237458,b_only,daring
ssh,1.0,a_only,pseudo
ssh,1.0,a_only,beta
ssh,0.1111111111111111,b_only,surmise
ssh,1.0,a_only,nasa
ssh,1.0,a_only,david
ssh,1.0,a_only,commander
ssh,0.29554655870445345,shared,together
ssh,1.0,a_only,projects
ssh,0.0958904109589041,b_only,boyhood
ssh,1.0,a_only,nih
ssh,1.0,a_only,androids
ssh,0.10344827586206896,b_only,unlucky
ssh,1.0,a_only,demands
ssh,0.21673003802281368,shared,everything
ssh,0.3617021276595745,shared,somewhere
ssh,0.0958904109589041,b_only,breeze
ssh,1.0,a_only,monument
ssh,0.3389121338912134,shared,hundred
ssh,1.0,a_only,providing
ssh,0.3168724279835391,shared,isn
ssh,1.0,a_only,currents
ssh,1.0,a_only,medal
ssh,1.0,a_only,monastic
ssh,0.44144144144144143,shared,band
ssh,0.6080402010050251,shared,leads
ssh,0.0847457627118644,b_only,soho
ssh,0.350210970464135,shared,grown
ssh,0.3168724279835391,shared,surely
ssh,1.0,a_only,consonants
ssh,0.29554655870445345,shared,neither
ssh,1.0,a_only,kalashnikov
ssh,1.0,a_only,pi
ssh,0.12280701754385964,b_only,hideous
ssh,0.7204301075268817,shared,containing
ssh,1.0,a_only,equipment
ssh,1.0,a_only,combine
ssh,0.5458937198067633,shared,faster
ssh,0.30612244897959184,shared,stood
ssh,0.6494845360824743,shared,milk
ssh,0.47465437788018433,shared,brothers
ssh,0.7391304347826086,shared,nobility
ssh,0.44144144144144143,shared,tore
ssh,1.0,a_only,ethiopia
ssh,0.09215017064846416,b_only,forbid
ssh,0.09965635738831616,b_only,cly
ssh,0.6410256410256411,shared,opposition
ssh,0.03896103896103896,b_only,trembling
ssh,1.0,a_only,contemporary
ssh,1.0,a_only,si
ssh,0.6326530612244898,shared,asks
ssh,1.0,a_only,recognizes
ssh,0.6161616161616161,shared,solomon
ssh,1.0,a_only,stuart
ssh,0.6161616161616161,shared,handful
ssh,1.0,a_only,obtaining
ssh,0.10726643598615918,b_only,bushes
ssh,0.29554655870445345,shared,where
ssh,0.3278008298755187,shared,play
ssh,0.3852813852813853,shared,expressed
ssh,0.7391304347826086,shared,essence
ssh,1.0,a_only,coastal
ssh,0.0738255033557047,b_only,supper
ssh,0.5165876777251185,shared,recognised
ssh,0.0847457627118644,b_only,becky
ssh,0.5763546798029556,shared,seemingly
ssh,0.7582417582417582,shared,appearances
ssh,1.0,a_only,horizontal
ssh,0.3559322033898305,shared,wishes
ssh,1.0,a_only,component
ssh,1.0,a_only,socially
ssh,0.3617021276595745,shared,lies
ssh,0.7777777777777778,shared,emotional
ssh,0.6243654822335025,shared,motives
ssh,1.0,a_only,aramaic
ssh,1.0,a_only,transform
ssh,1.0,a_only,differences
ssh,0.5686274509803921,shared,theories
ssh,1.0,a_only,overdose
ssh,1.0,a_only,fauna
ssh,1.0,a_only,cellular
ssh,0.30612244897959184,shared,beside
ssh,0.5165876777251185,shared,brighton
ssh,1.0,a_only,cosmology
ssh,1.0,a_only,aquarii
ssh,0.4479638009049774,shared,aware
ssh,0.6326530612244898,shared,arise
ssh,1.0,a_only,bibliography
ssh,0.29554655870445345,shared,whether
ssh,0.07744107744107744,b_only,fetched
ssh,0.056105610561056105,b_only,mouths
ssh,0.5165876777251185,shared,desk
ssh,1.0,a_only,item
ssh,1.0,a_only,punk
ssh,1.0,a_only,anglican
ssh,0.5763546798029556,shared,assisted
ssh,0.7777777777777778,shared,checking
ssh,1.0,a_only,orwell
ssh,1.0,a_only,formally
ssh,0.7679558011049724,shared,contracted
ssh,0.39737991266375544,shared,destruction
ssh,0.06666666666666667,b_only,intolerable
ssh,1.0,a_only,committee
ssh,1.0,a_only,apocryphal
ssh,0.07023411371237458,b_only,nails
ssh,1.0,a_only,interpretation
ssh,1.0,a_only,toxic
ssh,0.8181818181818182,shared,enduring
ssh,0.48148148148148145,shared,project
ssh,1.0,a_only,crusade
ssh,0.6326530612244898,shared,retreat
ssh,0.6161616161616161,shared,chile
ssh,0.6931216931216931,shared,differently
ssh,1.0,a_only,realm
ssh,0.10726643598615918,b_only,ghostly
ssh,0.09965635738831616,b_only,frightful
ssh,0.7112299465240641,shared,snap
ssh,1.0,a_only,abolished
ssh,0.4883720930232558,shared,letting
ssh,0.6666666666666666,shared,edges
ssh,1.0,a_only,survival
ssh,0.7391304347826086,shared,ninety
ssh,0.3793103448275862,shared,sydney
ssh,0.09965635738831616,b_only,pretended
ssh,1.0,a_only,protein
ssh,1.0,a_only,geographic
ssh,0.059602649006622516,b_only,helsing
ssh,0.3278008298755187,shared,noble
ssh,0.4883720930232558,shared,peril
ssh,0.0738255033557047,b_only,mum
ssh,0.08108108108108109,b_only,tramp
ssh,0.4479638009049774,shared,coffee
ssh,0.245136186770428,shared,likely
ssh,0.6,shared,artists
ssh,1.0,a_only,domination
ssh,0.6494845360824743,shared,sums
ssh,0.7486338797814208,shared,infancy
ssh,1.0,a_only,anarchism
ssh,1.0,a_only,expand
ssh,0.47465437788018433,shared,daily
ssh,1.0,a_only,chris
ssh,1.0,a_only,annales
ssh,1.0,a_only,adjective
ssh,0.056105610561056105,b_only,rattled
ssh,1.0,a_only,criticism
ssh,0.7777777777777778,shared,pairs
ssh,0.6326530612244898,shared,roll
ssh,0.059602649006622516,b_only,cursed
ssh,1.0,a_only,ukrainian
ssh,0.7582417582417582,shared,merit
ssh,0.7021276595744681,shared,authors
ssh,0.0847457627118644,b_only,thoughtfully
ssh,0.2549019607843137,shared,spoke
ssh,0.4611872146118721,shared,imagination
ssh,1.0,a_only,namely
ssh,0.675392670157068,shared,prevailed
ssh,1.0,a_only,observances
ssh,0.08108108108108109,b_only,tremble
ssh,0.6,shared,twilight
ssh,0.09215017064846416,b_only,funny
ssh,0.7204301075268817,shared,mechanical
ssh,1.0,a_only,agencies
ssh,0.4953271028037383,shared,vessel
ssh,0.7112299465240641,shared,intentions
ssh,0.36752136752136755,shared,missed
ssh,0.7391304347826086,shared,talents
ssh,0.10726643598615918,b_only,flashed
ssh,1.0,a_only,structured
ssh,1.0,a_only,axis
ssh,1.0,a_only,federer
ssh,0.6326530612244898,shared,stretch
ssh,0.25,shared,conversation
ssh,0.3333333333333333,shared,sounds
ssh,1.0,a_only,ron
ssh,1.0,a_only,retains
ssh,1.0,a_only,environmental
ssh,1.0,a_only,apostolic
ssh,0.28,shared,yet
ssh,1.0,a_only,sayings
ssh,1.0,a_only,furthermore
ssh,0.37339055793991416,shared,lately
ssh,0.2549019607843137,shared,child
ssh,0.7112299465240641,shared,im
ssh,1.0,a_only,assistive
ssh,0.3168724279835391,shared,enter
ssh,1.0,a_only,ammonium
ssh,1.0,a_only,administrator
ssh,0.37339055793991416,shared,senses
ssh,0.3168724279835391,shared,name
ssh,0.32231404958677684,shared,art
ssh,0.5023474178403756,shared,conviction
ssh,1.0,a_only,mi
ssh,0.40969162995594716,shared,forms
ssh,0.08108108108108109,b_only,willingly
ssh,0.8497109826589595,shared,concert
ssh,0.2648221343873518,shared,unless
ssh,0.3114754098360656,shared,street
ssh,1.0,a_only,wittgenstein
ssh,0.0958904109589041,b_only,pleasures
ssh,1.0,a_only,corporate
ssh,1.0,a_only,website
ssh,0.09965635738831616,b_only,fancies
ssh,1.0,a_only,consensus
ssh,1.0,a_only,anarchist
ssh,1.0,a_only,austrian
ssh,0.391304347826087,shared,remains
ssh,0.40350877192982454,shared,dressing
ssh,0.285140562248996,shared,truth
ssh,0.675392670157068,shared,depth
ssh,0.29554655870445345,shared,describe
ssh,1.0,a_only,papyrus
ssh,0.09215017064846416,b_only,politely
ssh,0.7021276595744681,shared,isolated
ssh,1.0,a_only,implied
ssh,1.0,a_only,orchestra
ssh,0.0847457627118644,b_only,annoyed
ssh,0.12280701754385964,b_only,commonplace
ssh,1.0,a_only,soviets
ssh,1.0,a_only,substantially
ssh,1.0,a_only,linear
ssh,0.3445378151260504,shared,fight
ssh,1.0,a_only,radio
ssh,0.7582417582417582,shared,rescue
ssh,1.0,a_only,prussia
ssh,1.0,a_only,analog
ssh,1.0,a_only,anarchy
ssh,0.7582417582417582,shared,surveying
ssh,0.6580310880829016,shared,morals
ssh,1.0,a_only,torsion
ssh,0.48148148148148145,shared,concern
ssh,0.1111111111111111,b_only,11
ssh,0.3445378151260504,shared,regard
ssh,0.8390804597701149,shared,rainbow
ssh,0.07023411371237458,b_only,kitty
ssh,1.0,a_only,handling
ssh,0.10726643598615918,b_only,madly
ssh,0.5458937198067633,shared,skill
ssh,1.0,a_only,hierarchy
ssh,0.3008130081300813,shared,coming
ssh,1.0,a_only,legitimate
ssh,0.807909604519774,shared,ensure
ssh,0.7021276595744681,shared,genuine
ssh,0.6580310880829016,shared,appealing
ssh,1.0,a_only,abydos
ssh,0.09215017064846416,b_only,clutched
ssh,0.3278008298755187,shared,taken
ssh,0.5533980582524272,shared,represented
ssh,0.3114754098360656,shared,place
ssh,0.7297297297297297,shared,deemed
ssh,0.675392670157068,shared,abode
ssh,1.0,a_only,athabasca
ssh,0.7877094972067039,shared,complained
ssh,1.0,a_only,philip
ssh,0.3008130081300813,shared,notice
ssh,0.48148148148148145,shared,nation
ssh,1.0,a_only,harold
ssh,0.2648221343873518,shared,basil
ssh,0.46788990825688076,shared,scheme
ssh,0.7582417582417582,shared,samuel
ssh,0.48148148148148145,shared,contained
ssh,0.4953271028037383,shared,treat
ssh,0.40969162995594716,shared,event
ssh,1.0,a_only,korean
ssh,1.0,a_only,sexual
ssh,0.285140562248996,shared,expected
ssh,0.5533980582524272,shared,sword
ssh,1.0,a_only,phoenician
ssh,0.6580310880829016,shared,amusing
ssh,0.08843537414965986,b_only,piccadilly
ssh,0.3114754098360656,shared,perfectly
ssh,0.6080402010050251,shared,conducted
ssh,0.0738255033557047,b_only,consented
ssh,0.4222222222222222,shared,wound
ssh,0.7112299465240641,shared,bleeding
ssh,1.0,a_only,evolution
ssh,1.0,a_only,clash
ssh,0.6666666666666666,shared,arrow
ssh,0.7582417582417582,shared,shops
ssh,0.2648221343873518,shared,t
ssh,0.7877094972067039,shared,preface
ssh,1.0,a_only,citizenship
ssh,0.1111111111111111,b_only,shaken
ssh,0.5023474178403756,shared,struggled
ssh,0.3008130081300813,shared,diary
ssh,0.6842105263157895,shared,advancing
ssh,0.3445378151260504,shared,prevent
ssh,0.6410256410256411,shared,opposed
ssh,0.6326530612244898,shared,animation
ssh,1.0,a_only,photographs
ssh,0.245136186770428,shared,now
ssh,1.0,a_only,columbus
ssh,0.6666666666666666,shared,shy
ssh,1.0,a_only,wayne
ssh,0.6326530612244898,shared,section
ssh,0.6080402010050251,shared,earliest
ssh,0.7877094972067039,shared,treats
ssh,0.2648221343873518,shared,write
ssh,0.6326530612244898,shared,crack
ssh,0.6580310880829016,shared,worried
ssh,1.0,a_only,speakers
ssh,1.0,a_only,bhfiann
ssh,0.0847457627118644,b_only,marvellous
ssh,1.0,a_only,cleopatra
ssh,0.5384615384615384,shared,weapons
ssh,0.6494845360824743,shared,petition
ssh,0.0958904109589041,b_only,vacant
ssh,0.3114754098360656,shared,house
ssh,1.0,a_only,definition
ssh,0.6666666666666666,shared,sailed
ssh,1.0,a_only,sexually
ssh,1.0,a_only,arsenic
ssh,0.4349775784753363,shared,thrust
ssh,0.285140562248996,shared,morning
ssh,0.350210970464135,shared,proceeded
ssh,0.6842105263157895,shared,attractions
ssh,0.7679558011049724,shared,college
ssh,0.0958904109589041,b_only,sweat
ssh,1.0,a_only,lebanon
ssh,0.10344827586206896,b_only,panting
ssh,0.3617021276595745,shared,seat
ssh,0.32231404958677684,shared,moments
ssh,0.7021276595744681,shared,preference
ssh,0.4611872146118721,shared,cloud
ssh,1.0,a_only,hera
ssh,1.0,a_only,aphrodite
ssh,0.0738255033557047,b_only,loathsome
ssh,0.5311004784688995,shared,serve
ssh,0.7021276595744681,shared,correspondent
ssh,0.36752136752136755,shared,usually
ssh,0.08843537414965986,b_only,kite
ssh,0.12280701754385964,b_only,conjectured
ssh,1.0,a_only,barry
ssh,1.0,a_only,calvinist
ssh,1.0,a_only,fundamental
ssh,0.7021276595744681,shared,deference
ssh,1.0,a_only,replacement
ssh,0.30612244897959184,shared,been
ssh,1.0,a_only,ban
ssh,0.08108108108108109,b_only,drownded
ssh,0.7877094972067039,shared,dismissed
ssh,1.0,a_only,dirac
ssh,1.0,a_only,wisconsin
ssh,0.2648221343873518,shared,very
ssh,1.0,a_only,agouti
ssh,0.25,shared,wished
ssh,0.7486338797814208,shared,pledge
ssh,0.08108108108108109,b_only,politeness
ssh,1.0,a_only,automorphisms
ssh,0.6580310880829016,shared,accent
ssh,1.0,a_only,nagorno
ssh,0.6326530612244898,shared,posted
ssh,1.0,a_only,distributed
ssh,0.5841584158415841,shared,greek
ssh,1.0,a_only,kournikova
ssh,1.0,a_only,emigration
ssh,0.6931216931216931,shared,foundations
ssh,0.5384615384615384,shared,deserted
ssh,0.6161616161616161,shared,picturesque
ssh,1.0,a_only,icelandic
ssh,0.7877094972067039,shared,rewarded
ssh,1.0,a_only,na
ssh,0.6080402010050251,shared,illness
ssh,0.6494845360824743,shared,tribunal
ssh,1.0,a_only,telescopes
ssh,0.7204301075268817,shared,reader
ssh,0.7486338797814208,shared,undertake
ssh,0.08108108108108109,b_only,sally
ssh,0.3008130081300813,shared,dress
ssh,0.0847457627118644,b_only,stately
ssh,0.5609756097560976,shared,succeed
ssh,1.0,a_only,coordination
ssh,0.7486338797814208,shared,confronted
ssh,0.10726643598615918,b_only,wisht
ssh,0.5609756097560976,shared,axe
ssh,0.5763546798029556,shared,silk
ssh,0.28,shared,heard
ssh,1.0,a_only,exports
ssh,1.0,a_only,accession
ssh,0.6842105263157895,shared,bug
ssh,0.6666666666666666,shared,renamed
ssh,0.3278008298755187,shared,patient
ssh,0.28,shared,picture
ssh,1.0,a_only,salts
ssh,0.07023411371237458,b_only,assure
ssh,1.0,a_only,centers
ssh,0.7391304347826086,shared,invariably
ssh,0.23552123552123552,shared,terrible
ssh,0.07023411371237458,b_only,instinctively
ssh,1.0,a_only,dominance
ssh,1.0,a_only,graduate
ssh,0.1111111111111111,b_only,deceived
ssh,0.6410256410256411,shared,crop
ssh,0.09965635738831616,b_only,mournful
ssh,0.11498257839721254,b_only,worry
ssh,1.0,a_only,marking
ssh,0.7582417582417582,shared,penetrate
ssh,1.0,a_only,ratio
ssh,1.0,a_only,est
ssh,1.0,a_only,algae
ssh,1.0,a_only,carlos
ssh,0.6931216931216931,shared,merits
ssh,1.0,a_only,gibson
ssh,1.0,a_only,researchers
ssh,0.7112299465240641,shared,moves
ssh,0.09215017064846416,b_only,cares
ssh,1.0,a_only,staff
ssh,0.06666666666666667,b_only,slip
ssh,0.2903225806451613,shared,having
ssh,0.0847457627118644,b_only,hurry
ssh,1.0,a_only,capability
ssh,0.7486338797814208,shared,remainder
ssh,1.0,a_only,particle
ssh,0.5023474178403756,shared,pistol
ssh,0.2648221343873518,shared,here
ssh,0.8497109826589595,shared,wills
ssh,0.5165876777251185,shared,conceal
ssh,1.0,a_only,initiated
ssh,0.28,shared,listened
ssh,0.7679558011049724,shared,survived
ssh,1.0,a_only,sqrt
ssh,0.6842105263157895,shared,acknowledge
ssh,0.5311004784688995,shared,scientific
ssh,0.5841584158415841,shared,preparation
ssh,1.0,a_only,entities
ssh,0.7777777777777778,shared,expanded
ssh,1.0,a_only,vatican
ssh,1.0,a_only,lucius
ssh,0.07023411371237458,b_only,erskine
ssh,0.40350877192982454,shared,beneath
ssh,1.0,a_only,immune
ssh,1.0,a_only,hart
ssh,0.7582417582417582,shared,lens
ssh,1.0,a_only,ecclesiastical
ssh,0.415929203539823,shared,playing
ssh,1.0,a_only,advances
ssh,1.0,a_only,adolf
ssh,0.6842105263157895,shared,rises
ssh,1.0,a_only,jobs
ssh,0.4883720930232558,shared,courtyard
ssh,0.4349775784753363,shared,finish
ssh,0.8497109826589595,shared,limits
ssh,0.3168724279835391,shared,slight
ssh,0.3114754098360656,shared,these
ssh,0.08843537414965986,b_only,mender
ssh,1.0,a_only,climate
ssh,1.0,a_only,animalia
ssh,0.6931216931216931,shared,honor
ssh,0.5238095238095238,shared,pattern
ssh,0.5311004784688995,shared,obtained
ssh,1.0,a_only,racial
ssh,1.0,a_only,tolerance
ssh,1.0,a_only,competitive
ssh,1.0,a_only,richardson
ssh,0.8285714285714286,shared,ruby
ssh,1.0,a_only,interpret
ssh,0.44144144144144143,shared,reflection
ssh,0.3333333333333333,shared,heavily
ssh,1.0,a_only,gary
ssh,1.0,a_only,debut
ssh,0.28,shared,hands
ssh,0.3559322033898305,shared,shot
ssh,0.5686274509803921,shared,gates
ssh,0.7391304347826086,shared,cradle
ssh,1.0,a_only,prominently
ssh,1.0,a_only,ferdinand
ssh,1.0,a_only,hayek
ssh,1.0,a_only,gains
ssh,1.0,a_only,census
ssh,0.6842105263157895,shared,cells
ssh,0.807909604519774,shared,metallic
ssh,1.0,a_only,http
ssh,0.5238095238095238,shared,satisfy
ssh,0.08843537414965986,b_only,lookout
ssh,1.0,a_only,solo
ssh,0.6842105263157895,shared,vicious
ssh,0.29554655870445345,shared,start
ssh,0.3617021276595745,shared,cause
ssh,0.7391304347826086,shared,approval
ssh,1.0,a_only,stewart
ssh,0.44144144144144143,shared,lively
ssh,0.6580310880829016,shared,usage
ssh,1.0,a_only,diet
ssh,0.5023474178403756,shared,counsel
ssh,0.5384615384615384,shared,sensation
ssh,1.0,a_only,anchorage
ssh,1.0,a_only,gospel
ssh,1.0,a_only,jurisdictions
ssh,0.7112299465240641,shared,wages
ssh,1.0,a_only,derivative
ssh,0.3852813852813853,shared,locked
ssh,1.0,a_only,reflecting
ssh,0.7877094972067039,shared,professions
ssh,1.0,a_only,oxidation
ssh,0.5311004784688995,shared,lack
ssh,0.5238095238095238,shared,elsewhere
ssh,0.6243654822335025,shared,shaped
ssh,1.0,a_only,isotope
ssh,0.5609756097560976,shared,throughout
ssh,0.28,shared,seeing
ssh,0.5920398009950248,shared,platform
ssh,1.0,a_only,brotherhood
ssh,1.0,a_only,howard
ssh,0.3333333333333333,shared,nice
ssh,1.0,a_only,electronics
ssh,0.1111111111111111,b_only,breathless
ssh,0.5094339622641509,shared,theory
ssh,1.0,a_only,corresponding
ssh,1.0,a_only,institution
ssh,1.0,a_only,hun
ssh,0.25984251968503935,shared,companion
ssh,1.0,a_only,mesopotamia
ssh,1.0,a_only,conquest
ssh,1.0,a_only,genus
ssh,0.10344827586206896,b_only,17
ssh,0.4883720930232558,shared,protect
ssh,0.48148148148148145,shared,birth
ssh,1.0,a_only,procedures
ssh,0.07023411371237458,b_only,whispered
ssh,0.7112299465240641,shared,occupy
ssh,0.07023411371237458,b_only,wrist
ssh,0.09215017064846416,b_only,traversed
ssh,0.7297297297297297,shared,tricks
ssh,0.7204301075268817,shared,commit
ssh,0.45454545454545453,shared,persuaded
ssh,1.0,a_only,augustine
ssh,0.7204301075268817,shared,engineer
ssh,1.0,a_only,items
ssh,1.0,a_only,factbook
ssh,0.09965635738831616,b_only,hovel
ssh,1.0,a_only,merged
ssh,0.0847457627118644,b_only,spaniard
ssh,0.2749003984063745,shared,need
ssh,0.6326530612244898,shared,revolution
ssh,0.7877094972067039,shared,deer
ssh,0.47465437788018433,shared,repeat
ssh,0.3008130081300813,shared,soul
ssh,1.0,a_only,experimented
ssh,1.0,a_only,societies
ssh,0.6842105263157895,shared,struggling
ssh,1.0,a_only,naming
ssh,0.5023474178403756,shared,successful
ssh,0.45454545454545453,shared,sides
ssh,0.6243654822335025,shared,ties
ssh,0.7679558011049724,shared,reveals
ssh,1.0,a_only,eventual
ssh,0.5384615384615384,shared,brute
ssh,0.059602649006622516,b_only,sofa
ssh,0.3389121338912134,shared,jim
ssh,0.5920398009950248,shared,learning
ssh,0.40969162995594716,shared,prove
ssh,0.09965635738831616,b_only,somewheres
ssh,0.0958904109589041,b_only,cooked
ssh,0.7582417582417582,shared,pope
ssh,0.08843537414965986,b_only,sunk
ssh,0.0738255033557047,b_only,pictured
ssh,1.0,a_only,divergence
ssh,0.3278008298755187,shared,wall
ssh,0.2903225806451613,shared,plan
ssh,0.48148148148148145,shared,animal
ssh,0.6080402010050251,shared,interfere
ssh,1.0,a_only,depravity
ssh,0.32231404958677684,shared,friend
ssh,0.6410256410256411,shared,reaching
ssh,1.0,a_only,atlanta
ssh,0.3617021276595745,shared,opposite
ssh,0.28,shared,she
ssh,0.09965635738831616,b_only,darkened
ssh,0.44144144144144143,shared,rush
ssh,0.3114754098360656,shared,kept
ssh,0.7486338797814208,shared,thence
ssh,1.0,a_only,conversion
ssh,0.7486338797814208,shared,periods
ssh,0.6243654822335025,shared,belt
ssh,1.0,a_only,conformation
ssh,0.25,shared,better
ssh,0.3114754098360656,shared,horror
ssh,1.0,a_only,succeeds
ssh,0.8497109826589595,shared,mayor
ssh,0.7486338797814208,shared,illustrations
ssh,0.5841584158415841,shared,plantation
ssh,1.0,a_only,institutions
ssh,1.0,a_only,centered
ssh,0.4953271028037383,shared,proceed
ssh,0.45454545454545453,shared,alan
ssh,0.8285714285714286,shared,consumption
ssh,0.5763546798029556,shared,beaten
ssh,0.6931216931216931,shared,destination
ssh,1.0,a_only,compatible
ssh,0.32231404958677684,shared,doing
ssh,1.0,a_only,assault
ssh,0.7204301075268817,shared,pearl
ssh,0.5763546798029556,shared,national
ssh,0.5458937198067633,shared,staggered
ssh,0.3008130081300813,shared,took
ssh,0.415929203539823,shared,vanity
ssh,0.08108108108108109,b_only,shirt
ssh,1.0,a_only,synthetic
ssh,0.08843537414965986,b_only,timidly
ssh,0.6580310880829016,shared,acquired
ssh,1.0,a_only,magazine
ssh,0.3168724279835391,shared,things
ssh,1.0,a_only,edwin
ssh,0.7021276595744681,shared,cease
ssh,0.4953271028037383,shared,felix
ssh,0.7204301075268817,shared,te
ssh,0.48148148148148145,shared,pull
ssh,0.29554655870445345,shared,who
ssh,0.6326530612244898,shared,paddington
ssh,1.0,a_only,specialized
ssh,0.4349775784753363,shared,loving
ssh,0.40969162995594716,shared,ordered
ssh,0.09215017064846416,b_only,adler
ssh,0.3333333333333333,shared,troubled
ssh,1.0,a_only,examples
ssh,1.0,a_only,user
ssh,0.7486338797814208,shared,apt
ssh,1.0,a_only,structural
ssh,0.7777777777777778,shared,explanations
ssh,0.3168724279835391,shared,matters
ssh,0.7391304347826086,shared,believes
ssh,0.2648221343873518,shared,wants
ssh,0.32231404958677684,shared,feared
ssh,0.08108108108108109,b_only,stepping
ssh,1.0,a_only,sq
ssh,0.7391304347826086,shared,insects
ssh,0.23552123552123552,shared,talking
ssh,0.06312292358803986,b_only,muttered
ssh,0.8181818181818182,shared,bounded
ssh,0.8604651162790697,shared,earned
ssh,0.3278008298755187,shared,step
ssh,1.0,a_only,abdomen
ssh,1.0,a_only,ski
ssh,1.0,a_only,semantics
ssh,0.6161616161616161,shared,charged
ssh,1.0,a_only,suggests
ssh,1.0,a_only,thebes
ssh,0.09965635738831616,b_only,nay
ssh,0.6243654822335025,shared,nearest
ssh,0.5686274509803921,shared,tickets
ssh,1.0,a_only,talmud
ssh,0.7582417582417582,shared,tent
ssh,0.40350877192982454,shared,addressed
ssh,0.2698412698412698,shared,giving
ssh,0.40350877192982454,shared,dangerous
ssh,1.0,a_only,speculated
ssh,1.0,a_only,alamanni
ssh,0.6410256410256411,shared,eighteen
ssh,0.47465437788018433,shared,haven
ssh,0.8285714285714286,shared,chemist
ssh,1.0,a_only,reich
ssh,1.0,a_only,iso
ssh,0.6666666666666666,shared,governor
ssh,0.6161616161616161,shared,sub
ssh,0.391304347826087,shared,freedom
ssh,1.0,a_only,android
ssh,0.6580310880829016,shared,sunny
ssh,1.0,a_only,models
ssh,1.0,a_only,interaction
ssh,0.09215017064846416,b_only,copying
ssh,0.4953271028037383,shared,actress
ssh,0.6494845360824743,shared,activity
ssh,0.3793103448275862,shared,drawn
ssh,0.5023474178403756,shared,invitation
ssh,1.0,a_only,germans
ssh,1.0,a_only,portrayal
ssh,0.2549019607843137,shared,away
ssh,0.6,shared,records
ssh,1.0,a_only,oxide
ssh,0.675392670157068,shared,encounter
ssh,0.5023474178403756,shared,fishing
ssh,1.0,a_only,sample
ssh,0.7877094972067039,shared,paths
ssh,0.0738255033557047,b_only,gazed
ssh,0.09215017064846416,b_only,somehow
ssh,1.0,a_only,del
ssh,0.2698412698412698,shared,therefore
ssh,0.8390804597701149,shared,index
ssh,1.0,a_only,supposedly
ssh,0.285140562248996,shared,myself
ssh,0.7297297297297297,shared,imposed
ssh,1.0,a_only,titled
ssh,0.08843537414965986,b_only,hadn
ssh,0.08843537414965986,b_only,sublime
ssh,1.0,a_only,progression
ssh,0.7112299465240641,shared,lined
ssh,1.0,a_only,quoted
ssh,0.2648221343873518,shared,girls
ssh,0.5609756097560976,shared,confirmed
ssh,0.11498257839721254,b_only,inquire
ssh,0.5384615384615384,shared,pounds
ssh,1.0,a_only,aqueous
ssh,0.36752136752136755,shared,advanced
ssh,0.29554655870445345,shared,has
ssh,0.6842105263157895,shared,complaints
ssh,0.28,shared,answered
ssh,0.7486338797814208,shared,di
ssh,0.3333333333333333,shared,forced
ssh,1.0,a_only,victories
ssh,0.4611872146118721,shared,mistaken
ssh,0.42857142857142855,shared,armed
ssh,0.797752808988764,shared,detect
ssh,0.09965635738831616,b_only,quincey
ssh,0.0958904109589041,b_only,redskins
ssh,1.0,a_only,ares
ssh,1.0,a_only,sporting
ssh,1.0,a_only,regardless
ssh,0.391304347826087,shared,grass
ssh,0.6080402010050251,shared,howl
ssh,0.09215017064846416,b_only,dripping
ssh,0.32231404958677684,shared,resolved
ssh,0.0847457627118644,b_only,dorian
ssh,0.2549019607843137,shared,at
ssh,0.7112299465240641,shared,admission
ssh,0.09965635738831616,b_only,frightened
ssh,0.2698412698412698,shared,reason
ssh,1.0,a_only,taxes
ssh,0.7582417582417582,shared,beads
ssh,1.0,a_only,brands
ssh,0.07023411371237458,b_only,roared
ssh,0.7021276595744681,shared,area
ssh,1.0,a_only,afghans
ssh,1.0,a_only,monasteries
ssh,1.0,a_only,aristotelian
ssh,1.0,a_only,intervention
ssh,0.5533980582524272,shared,phrase
ssh,0.09215017064846416,b_only,drooping
ssh,1.0,a_only,squealer
ssh,1.0,a_only,viewpoint
ssh,1.0,a_only,equivalent
ssh,1.0,a_only,radioactive
ssh,0.5920398009950248,shared,bones
ssh,0.10726643598615918,b_only,stare
ssh,0.3389121338912134,shared,snow
ssh,0.3445378151260504,shared,charge
ssh,1.0,a_only,appoint
ssh,1.0,a_only,ideology
ssh,0.6243654822335025,shared,eligible
ssh,0.2903225806451613,shared,woman
ssh,0.7679558011049724,shared,museum
ssh,0.44144144144144143,shared,absurd
ssh,1.0,a_only,ratified
ssh,0.1111111111111111,b_only,keenly
ssh,1.0,a_only,controversy
ssh,1.0,a_only,audi
ssh,0.3333333333333333,shared,thin
ssh,0.5920398009950248,shared,license
ssh,0.09215017064846416,b_only,felicity
ssh,1.0,a_only,solar
ssh,0.7679558011049724,shared,retirement
ssh,1.0,a_only,dict
ssh,0.5763546798029556,shared,blown
ssh,1.0,a_only,jerome
ssh,0.7777777777777778,shared,chord
ssh,0.0847457627118644,b_only,remind
ssh,0.1111111111111111,b_only,seeming
ssh,0.4883720930232558,shared,lion
ssh,0.29554655870445345,shared,stranger
ssh,0.47465437788018433,shared,method
ssh,0.5094339622641509,shared,injured
ssh,1.0,a_only,prevention
ssh,1.0,a_only,marie
ssh,1.0,a_only,zf
ssh,1.0,a_only,proteins
ssh,1.0,a_only,monarchs
ssh,1.0,a_only,screenplay
ssh,0.10726643598615918,b_only,busted
ssh,0.7486338797814208,shared,conquered
ssh,0.2698412698412698,shared,till
ssh,1.0,a_only,todd
ssh,0.5384615384615384,shared,editions
ssh,0.7679558011049724,shared,uncertainty
ssh,0.6161616161616161,shared,heat
ssh,0.30612244897959184,shared,lose
ssh,0.4349775784753363,shared,carrying
ssh,0.09215017064846416,b_only,harker
ssh,1.0,a_only,solutions
ssh,1.0,a_only,networks
ssh,0.6842105263157895,shared,buildings
ssh,0.4611872146118721,shared,list
ssh,1.0,a_only,adriatic
ssh,0.5609756097560976,shared,principle
ssh,0.7777777777777778,shared,york
ssh,1.0,a_only,amendment
ssh,0.2698412698412698,shared,towards
ssh,0.07744107744107744,b_only,slightest
ssh,1.0,a_only,ginsberg
ssh,0.5384615384615384,shared,port
ssh,1.0,a_only,resort
ssh,1.0,a_only,broadcast
ssh,1.0,a_only,macintosh
ssh,0.807909604519774,shared,carter
ssh,1.0,a_only,intermediate
ssh,0.5311004784688995,shared,humble
ssh,0.07023411371237458,b_only,weep
ssh,1.0,a_only,relationships
ssh,0.3114754098360656,shared,hook
ssh,1.0,a_only,portable
ssh,1.0,a_only,conceptual
ssh,0.7204301075268817,shared,ad
ssh,0.6931216931216931,shared,launch
ssh,0.30612244897959184,shared,corner
ssh,1.0,a_only,tests
ssh,1.0,a_only,wallace
ssh,0.5533980582524272,shared,machine
ssh,1.0,a_only,transformations
ssh,0.7679558011049724,shared,fruit
ssh,1.0,a_only,volcanic
ssh,1.0,a_only,alphabets
ssh,0.29554655870445345,shared,received
ssh,0.07744107744107744,b_only,drifted
ssh,1.0,a_only,epistles
ssh,0.25984251968503935,shared,raised
ssh,0.5609756097560976,shared,subtle
ssh,1.0,a_only,operators
ssh,0.797752808988764,shared,christ
ssh,0.285140562248996,shared,grew
ssh,0.5238095238095238,shared,wooden
ssh,1.0,a_only,alumni
ssh,1.0,a_only,crystalline
ssh,0.11498257839721254,b_only,justine
ssh,1.0,a_only,terminal
ssh,1.0,a_only,ecology
ssh,0.8497109826589595,shared,syllables
ssh,1.0,a_only,default
ssh,1.0,a_only,amaranthus
ssh,1.0,a_only,infection
ssh,1.0,a_only,locally
ssh,0.0457516339869281,b_only,intimacy
ssh,1.0,a_only,reprinted
ssh,1.0,a_only,missile
ssh,0.6666666666666666,shared,carved
ssh,1.0,a_only,concertos
ssh,0.7777777777777778,shared,rocky
ssh,1.0,a_only,treatise
ssh,0.45454545454545453,shared,doubtless
ssh,0.0738255033557047,b_only,relapse
ssh,0.5841584158415841,shared,ruined
ssh,1.0,a_only,unmanned
ssh,0.06312292358803986,b_only,comfortable
ssh,1.0,a_only,annual
ssh,1.0,a_only,frequency
ssh,0.2749003984063745,shared,well
ssh,0.7486338797814208,shared,guardian
ssh,0.5533980582524272,shared,christmas
ssh,0.7777777777777778,shared,abundant
ssh,1.0,a_only,prophets
ssh,1.0,a_only,anti
ssh,0.7112299465240641,shared,facing
ssh,0.6931216931216931,shared,vent
ssh,1.0,a_only,alex
ssh,1.0,a_only,tested
ssh,0.5533980582524272,shared,iii
ssh,0.3389121338912134,shared,rock
ssh,0.07744107744107744,b_only,wretch
ssh,1.0,a_only,liver
ssh,1.0,a_only,spectacular
ssh,0.6410256410256411,shared,anchor
ssh,1.0,a_only,berlin
ssh,1.0,a_only,rainfall
ssh,0.0958904109589041,b_only,fluttered
ssh,0.6580310880829016,shared,ultimately
ssh,1.0,a_only,ayn
ssh,0.2698412698412698,shared,cannot
ssh,1.0,a_only,ellis
ssh,0.08108108108108109,b_only,quivered
ssh,0.3008130081300813,shared,didn
ssh,1.0,a_only,functionality
ssh,0.40350877192982454,shared,odd
ssh,0.0738255033557047,b_only,uttered
ssh,0.09215017064846416,b_only,smiling
ssh,0.0847457627118644,b_only,disagreeable
ssh,0.5458937198067633,shared,worthy
ssh,1.0,a_only,asl
ssh,0.7112299465240641,shared,eighty
ssh,0.5920398009950248,shared,check
ssh,0.4349775784753363,shared,spend
ssh,0.797752808988764,shared,muscles
ssh,0.7297297297297297,shared,artificial
ssh,0.7391304347826086,shared,phase
ssh,1.0,a_only,authorized
ssh,0.06666666666666667,b_only,pleaded
ssh,0.2648221343873518,shared,always
ssh,1.0,a_only,residents
ssh,1.0,a_only,asa
ssh,0.3168724279835391,shared,sea
ssh,1.0,a_only,derek
ssh,0.3333333333333333,shared,threw
ssh,0.7679558011049724,shared,villages
ssh,0.6842105263157895,shared,induced
ssh,0.7297297297297297,shared,springs
ssh,0.4222222222222222,shared,consideration
ssh,0.06666666666666667,b_only,consolation
ssh,0.350210970464135,shared,clever
ssh,0.48148148148148145,shared,passenger
ssh,0.6494845360824743,shared,ma
ssh,0.11498257839721254,b_only,presume
ssh,0.7777777777777778,shared,competition
ssh,1.0,a_only,dating
ssh,1.0,a_only,truffaut
ssh,0.28,shared,got
ssh,0.6080402010050251,shared,neighbours
ssh,0.8285714285714286,shared,owes
ssh,0.7112299465240641,shared,dangers
ssh,0.7582417582417582,shared,tune
ssh,0.3389121338912134,shared,company
ssh,0.415929203539823,shared,figures
ssh,0.40350877192982454,shared,ha
ssh,1.0,a_only,indiana
ssh,0.11888111888111888,b_only,nieces
ssh,0.3333333333333333,shared,memory
ssh,0.06312292358803986,b_only,misfortunes
ssh,0.08108108108108109,b_only,yours
ssh,0.30612244897959184,shared,middle
ssh,0.10726643598615918,b_only,mist
ssh,0.08843537414965986,b_only,affectionate
ssh,1.0,a_only,ambrose
ssh,0.8181818181818182,shared,pilot
ssh,0.07744107744107744,b_only,unconsciously
ssh,1.0,a_only,colspan
ssh,0.2549019607843137,shared,sake
ssh,0.5311004784688995,shared,quality
ssh,0.5238095238095238,shared,ages
ssh,0.0738255033557047,b_only,clouded
ssh,0.5384615384615384,shared,genius
ssh,0.08843537414965986,b_only,superintendent
ssh,0.2749003984063745,shared,form
ssh,0.7582417582417582,shared,advocate
ssh,0.6410256410256411,shared,balance
ssh,1.0,a_only,role
ssh,1.0,a_only,depicted
ssh,1.0,a_only,gothic
ssh,1.0,a_only,thinkers
ssh,0.7582417582417582,shared,shelves
ssh,0.08843537414965986,b_only,jaws
ssh,0.28,shared,anything
ssh,1.0,a_only,hydroxyl
ssh,0.32231404958677684,shared,couple
ssh,0.5920398009950248,shared,shrugged
ssh,1.0,a_only,coverage
ssh,0.285140562248996,shared,laugh
ssh,0.3278008298755187,shared,happen
ssh,0.285140562248996,shared,but
ssh,1.0,a_only,missionary
ssh,0.7204301075268817,shared,fame
ssh,1.0,a_only,cognitive
ssh,0.0847457627118644,b_only,kinder
ssh,0.12280701754385964,b_only,suspicions
ssh,1.0,a_only,produces
ssh,0.32231404958677684,shared,should
ssh,1.0,a_only,taoism
ssh,0.7679558011049724,shared,viewed
ssh,0.7112299465240641,shared,purposely
ssh,0.350210970464135,shared,highly
ssh,1.0,a_only,valence
ssh,0.6161616161616161,shared,peoples
ssh,0.7297297297297297,shared,proceeding
ssh,1.0,a_only,positron
ssh,0.09965635738831616,b_only,sorry
ssh,1.0,a_only,exceptions
ssh,1.0,a_only,computational
ssh,1.0,a_only,thompson
ssh,0.5023474178403756,shared,holder
ssh,0.3008130081300813,shared,age
ssh,0.0738255033557047,b_only,stir
ssh,1.0,a_only,poems
ssh,0.09965635738831616,b_only,undertaker
ssh,0.6842105263157895,shared,movements
ssh,0.07023411371237458,b_only,recollected
ssh,0.25984251968503935,shared,latter
ssh,1.0,a_only,israeli
ssh,0.6666666666666666,shared,sex
ssh,0.5094339622641509,shared,swim
ssh,0.0738255033557047,b_only,appetite
ssh,1.0,a_only,increases
ssh,0.2648221343873518,shared,made
ssh,0.09215017064846416,b_only,careless
ssh,1.0,a_only,quote
ssh,1.0,a_only,define
ssh,1.0,a_only,inventor
ssh,0.06666666666666667,b_only,sensations
ssh,0.3114754098360656,shared,heavy
ssh,0.6494845360824743,shared,central
ssh,0.6080402010050251,shared,horrors
ssh,0.285140562248996,shared,perhaps
ssh,0.6243654822335025,shared,arguments
ssh,0.7204301075268817,shared,et
ssh,1.0,a_only,ames
ssh,1.0,a_only,decreased
ssh,0.0847457627118644,b_only,linen
ssh,1.0,a_only,status
ssh,1.0,a_only,exclave
ssh,0.5384615384615384,shared,chest
ssh,0.056105610561056105,b_only,mischief
ssh,0.7877094972067039,shared,ward
ssh,1.0,a_only,san
ssh,1.0,a_only,mountainous
ssh,0.4222222222222222,shared,raising
ssh,0.30612244897959184,shared,pause
ssh,0.1111111111111111,b_only,faculties
ssh,0.3445378151260504,shared,returned
ssh,0.5311004784688995,shared,winding
ssh,0.7112299465240641,shared,cows
ssh,0.285140562248996,shared,felt
ssh,0.07023411371237458,b_only,bred
ssh,0.807909604519774,shared,remedy
ssh,1.0,a_only,challenger
ssh,0.5094339622641509,shared,departure
ssh,0.4953271028037383,shared,demanded
ssh,1.0,a_only,aromatic
ssh,0.39737991266375544,shared,approach
ssh,1.0,a_only,der
ssh,1.0,a_only,jazz
ssh,1.0,a_only,annually
ssh,1.0,a_only,licensing
ssh,0.3008130081300813,shared,mad
ssh,0.25984251968503935,shared,become
ssh,0.7112299465240641,shared,frontier
ssh,1.0,a_only,unicode
ssh,0.08843537414965986,b_only,loveliness
ssh,0.350210970464135,shared,gray
ssh,1.0,a_only,milne
ssh,1.0,a_only,aegean
ssh,0.7877094972067039,shared,accuracy
ssh,0.7391304347826086,shared,draws
ssh,0.44144144144144143,shared,flower
ssh,0.3278008298755187,shared,respect
ssh,0.47465437788018433,shared,proof
ssh,0.46788990825688076,shared,attached
ssh,0.2549019607843137,shared,with
ssh,0.6666666666666666,shared,groups
ssh,0.09965635738831616,b_only,cigar
ssh,0.8181818181818182,shared,homage
ssh,0.6243654822335025,shared,recommended
ssh,1.0,a_only,graham
ssh,1.0,a_only,baltic
ssh,1.0,a_only,princeton
ssh,0.7582417582417582,shared,peak
ssh,1.0,a_only,ninth
ssh,0.7877094972067039,shared,prevailing
ssh,0.7777777777777778,shared,landscape
ssh,1.0,a_only,luther
ssh,1.0,a_only,refectory
ssh,0.7297297297297297,shared,blanc
ssh,1.0,a_only,marx
ssh,0.5763546798029556,shared,suggest
ssh,1.0,a_only,tommy
ssh,1.0,a_only,stanford
ssh,0.5533980582524272,shared,holds
ssh,0.415929203539823,shared,sank
ssh,1.0,a_only,provides
ssh,0.5094339622641509,shared,prospect
ssh,1.0,a_only,legally
ssh,0.6580310880829016,shared,bury
ssh,0.42857142857142855,shared,distant
ssh,1.0,a_only,allegiance
ssh,0.1111111111111111,b_only,aloud
ssh,1.0,a_only,concrete
ssh,0.7582417582417582,shared,dealt
ssh,0.6580310880829016,shared,punch
ssh,1.0,a_only,norte
ssh,1.0,a_only,abscess
ssh,1.0,a_only,julius
ssh,0.6842105263157895,shared,members
ssh,0.6243654822335025,shared,delayed
ssh,0.10726643598615918,b_only,towel
ssh,0.5094339622641509,shared,fourth
ssh,0.0958904109589041,b_only,dimly
ssh,0.0847457627118644,b_only,shutters
ssh,0.3559322033898305,shared,bright
ssh,0.47465437788018433,shared,retired
ssh,0.6494845360824743,shared,purple
ssh,0.30612244897959184,shared,reached
ssh,0.8181818181818182,shared,professors
ssh,1.0,a_only,scotia
ssh,0.0738255033557047,b_only,1894
ssh,1.0,a_only,racing
ssh,1.0,a_only,organisms
ssh,0.5920398009950248,shared,foreign
ssh,0.6080402010050251,shared,purity
ssh,0.7777777777777778,shared,lining
ssh,1.0,a_only,enabling
ssh,0.415929203539823,shared,relief
ssh,0.7021276595744681,shared,incomplete
ssh,1.0,a_only,pervasive
ssh,0.7021276595744681,shared,aisles
ssh,1.0,a_only,eukaryotes
ssh,0.7021276595744681,shared,extracts
ssh,0.2903225806451613,shared,set
ssh,1.0,a_only,norse
ssh,0.06666666666666667,b_only,barsad
ssh,0.24031007751937986,shared,free
ssh,1.0,a_only,migration
ssh,0.7204301075268817,shared,imprisonment
ssh,0.07744107744107744,b_only,wuz
ssh,0.36752136752136755,shared,day
ssh,1.0,a_only,hybrid
ssh,0.3168724279835391,shared,than
ssh,0.09965635738831616,b_only,dagger
ssh,0.48148148148148145,shared,arose
ssh,0.6243654822335025,shared,breadth
ssh,0.7297297297297297,shared,miniature
ssh,0.0958904109589041,b_only,4
ssh,0.675392670157068,shared,readers
ssh,0.0738255033557047,b_only,moaned
ssh,0.6243654822335025,shared,mood
ssh,1.0,a_only,siberia
ssh,0.6326530612244898,shared,access
ssh,0.7021276595744681,shared,symbol
ssh,0.5920398009950248,shared,winds
ssh,0.25,shared,met
ssh,0.7297297297297297,shared,drag
ssh,1.0,a_only,pod
ssh,0.5384615384615384,shared,flat
ssh,0.2749003984063745,shared,a
ssh,1.0,a_only,andrew
ssh,1.0,a_only,luanda
ssh,0.7582417582417582,shared,injuries
ssh,0.0958904109589041,b_only,temper
ssh,0.5841584158415841,shared,mamma
ssh,0.7204301075268817,shared,arrows
ssh,0.7486338797814208,shared,chaos
ssh,1.0,a_only,aq
ssh,0.1111111111111111,b_only,ingolstadt
ssh,0.2549019607843137,shared,seems
ssh,0.2648221343873518,shared,spirits
ssh,0.7204301075268817,shared,airs
ssh,1.0,a_only,super
ssh,1.0,a_only,milan
ssh,0.7112299465240641,shared,resource
ssh,1.0,a_only,stanley
ssh,0.6161616161616161,shared,basis
ssh,0.4349775784753363,shared,stayed
ssh,0.0958904109589041,b_only,stole
ssh,0.6326530612244898,shared,element
ssh,0.08108108108108109,b_only,stairs
ssh,1.0,a_only,contest
ssh,1.0,a_only,emma
ssh,1.0,a_only,mpla
ssh,0.7112299465240641,shared,powder
ssh,0.23076923076923078,shared,seem
ssh,0.2903225806451613,shared,everybody
ssh,0.5458937198067633,shared,tiger
ssh,0.2749003984063745,shared,follow
ssh,1.0,a_only,eliminate
ssh,0.3559322033898305,shared,twelve
ssh,0.09965635738831616,b_only,peering
ssh,1.0,a_only,coptic
ssh,1.0,a_only,patroclus
ssh,0.09965635738831616,b_only,whispering
ssh,1.0,a_only,respiratory
ssh,0.07744107744107744,b_only,tails
ssh,0.4479638009049774,shared,progress
ssh,0.45454545454545453,shared,painted
ssh,1.0,a_only,metropolitan
ssh,0.11498257839721254,b_only,sternly
ssh,1.0,a_only,dutch
ssh,0.5609756097560976,shared,encouraged
ssh,0.25,shared,anxious
ssh,0.40350877192982454,shared,hare
ssh,0.4611872146118721,shared,speed
ssh,0.7679558011049724,shared,privately
ssh,0.3617021276595745,shared,colour
ssh,0.3168724279835391,shared,entered
ssh,0.11498257839721254,b_only,endured
ssh,1.0,a_only,max
ssh,1.0,a_only,differs
ssh,1.0,a_only,theistic
ssh,0.6580310880829016,shared,conception
ssh,0.3333333333333333,shared,decided
ssh,0.7021276595744681,shared,overwhelming
ssh,1.0,a_only,rand
ssh,1.0,a_only,statistics
ssh,1.0,a_only,origen
ssh,0.08843537414965986,b_only,ticket
ssh,0.08843537414965986,b_only,hansom
ssh,1.0,a_only,treaty
ssh,0.3333333333333333,shared,black
ssh,0.7877094972067039,shared,frozen
ssh,0.28,shared,watch
ssh,0.40350877192982454,shared,rank
ssh,1.0,a_only,cambrian
ssh,1.0,a_only,mammals
ssh,0.3114754098360656,shared,change
ssh,0.5165876777251185,shared,contents
ssh,0.7297297297297297,shared,maker
ssh,1.0,a_only,eichmann
ssh,0.4883720930232558,shared,poetry
ssh,0.10344827586206896,b_only,impatient
ssh,0.5023474178403756,shared,composed
ssh,0.3278008298755187,shared,works
ssh,0.5841584158415841,shared,asylum
ssh,0.5841584158415841,shared,discussion
ssh,0.7486338797814208,shared,improve
ssh,1.0,a_only,documents
ssh,1.0,a_only,karpov
ssh,1.0,a_only,themes
ssh,1.0,a_only,angeles
ssh,0.391304347826087,shared,partly
ssh,0.7679558011049724,shared,mirrors
ssh,0.245136186770428,shared,twice
ssh,1.0,a_only,inorganic
ssh,1.0,a_only,dominions
ssh,0.6580310880829016,shared,ernest
ssh,0.06666666666666667,b_only,fence
ssh,0.6243654822335025,shared,individual
ssh,1.0,a_only,invaded
ssh,1.0,a_only,participate
ssh,0.44144144144144143,shared,excitement
ssh,1.0,a_only,proton
ssh,1.0,a_only,footballer
ssh,1.0,a_only,implement
ssh,0.6326530612244898,shared,bang
ssh,0.4611872146118721,shared,landed
ssh,0.5165876777251185,shared,keeps
ssh,1.0,a_only,historic
ssh,0.7777777777777778,shared,emergency
ssh,0.25984251968503935,shared,count
ssh,1.0,a_only,equations
ssh,0.0847457627118644,b_only,tearing
ssh,1.0,a_only,info
ssh,1.0,a_only,procedure
ssh,1.0,a_only,membership
ssh,1.0,a_only,kubrick
ssh,1.0,a_only,dissociation
ssh,1.0,a_only,calvinism
ssh,0.285140562248996,shared,far
ssh,0.7021276595744681,shared,encourage
ssh,1.0,a_only,sch
ssh,0.2749003984063745,shared,god
ssh,0.7486338797814208,shared,necessarily
ssh,0.7877094972067039,shared,respecting
ssh,1.0,a_only,arabia
ssh,0.6243654822335025,shared,mental
ssh,0.7777777777777778,shared,hostile
ssh,0.6494845360824743,shared,float
ssh,0.3793103448275862,shared,connection
ssh,0.5238095238095238,shared,elder
ssh,1.0,a_only,agassi
ssh,1.0,a_only,depicting
ssh,0.6326530612244898,shared,respects
ssh,0.08108108108108109,b_only,breathe
ssh,1.0,a_only,ansi
ssh,0.6580310880829016,shared,student
ssh,0.0738255033557047,b_only,keeper
ssh,1.0,a_only,thereof
ssh,0.2749003984063745,shared,face
ssh,1.0,a_only,prohibited
ssh,1.0,a_only,featuring
ssh,0.0738255033557047,b_only,tender
ssh,0.6580310880829016,shared,protest
ssh,1.0,a_only,resemble
ssh,0.7112299465240641,shared,chemistry
ssh,1.0,a_only,dick
ssh,0.2698412698412698,shared,woods
ssh,0.7679558011049724,shared,charity
ssh,0.3389121338912134,shared,catch
ssh,1.0,a_only,libertarianism
ssh,0.6580310880829016,shared,waist
ssh,0.09965635738831616,b_only,romeo
ssh,0.350210970464135,shared,honour
ssh,0.0847457627118644,b_only,praying
ssh,0.0958904109589041,b_only,exeter
ssh,0.7112299465240641,shared,cottages
ssh,0.0958904109589041,b_only,widder
ssh,0.8181818181818182,shared,unite
ssh,1.0,a_only,rebel
ssh,1.0,a_only,mathbf
ssh,0.6931216931216931,shared,shores
ssh,1.0,a_only,algerian
ssh,0.5920398009950248,shared,crossing
ssh,1.0,a_only,buffalo
ssh,0.09965635738831616,b_only,crept
ssh,1.0,a_only,ka
ssh,0.5686274509803921,shared,supply
ssh,1.0,a_only,kim
ssh,1.0,a_only,continuous
ssh,0.4349775784753363,shared,shadows
ssh,0.08108108108108109,b_only,inquiring
ssh,0.6243654822335025,shared,bears
ssh,0.6842105263157895,shared,paradise
ssh,1.0,a_only,hull
ssh,0.10726643598615918,b_only,nodding
ssh,1.0,a_only,soviet
ssh,1.0,a_only,tarkovsky
ssh,0.7391304347826086,shared,xx
ssh,0.08843537414965986,b_only,typewriter
ssh,1.0,a_only,z
ssh,0.3852813852813853,shared,nose
ssh,0.6243654822335025,shared,measures
ssh,0.5841584158415841,shared,household
ssh,0.7297297297297297,shared,severely
ssh,1.0,a_only,macedonian
ssh,1.0,a_only,domain
ssh,1.0,a_only,uke
ssh,1.0,a_only,innovative
ssh,0.4349775784753363,shared,mysterious
ssh,0.0847457627118644,b_only,orgies
ssh,1.0,a_only,array
ssh,0.807909604519774,shared,strip
ssh,0.5458937198067633,shared,seconds
ssh,0.3559322033898305,shared,showing
ssh,0.46788990825688076,shared,pair
ssh,0.7486338797814208,shared,newspaper
ssh,1.0,a_only,tours
ssh,0.807909604519774,shared,ensuing
ssh,0.7021276595744681,shared,exerted
ssh,0.30612244897959184,shared,save
ssh,0.3168724279835391,shared,live
ssh,0.7112299465240641,shared,preparations
ssh,0.5384615384615384,shared,slide
ssh,0.675392670157068,shared,boot
ssh,0.11498257839721254,b_only,amy
ssh,0.08843537414965986,b_only,brooding
ssh,0.7297297297297297,shared,curved
ssh,1.0,a_only,fischer
ssh,0.7582417582417582,shared,pitch
ssh,0.2648221343873518,shared,do
ssh,0.4349775784753363,shared,succeeded
ssh,1.0,a_only,gases
ssh,1.0,a_only,butane
ssh,0.44144144144144143,shared,painful
ssh,0.5920398009950248,shared,seventeen
ssh,1.0,a_only,reviewed
ssh,1.0,a_only,eros
ssh,1.0,a_only,bakunin
ssh,0.7204301075268817,shared,speaker
ssh,0.4953271028037383,shared,hotel
ssh,1.0,a_only,producers
ssh,1.0,a_only,akm
ssh,0.5841584158415841,shared,lists
ssh,0.47465437788018433,shared,revealed
ssh,0.6080402010050251,shared,oxford
ssh,1.0,a_only,interface
ssh,0.7391304347826086,shared,pooh
ssh,0.06666666666666667,b_only,fiend
ssh,0.2903225806451613,shared,news
ssh,0.7679558011049724,shared,premature
ssh,1.0,a_only,priscus
ssh,0.3333333333333333,shared,yes
ssh,0.0738255033557047,b_only,kissed
ssh,0.39737991266375544,shared,gradually
ssh,1.0,a_only,coppola
ssh,0.6243654822335025,shared,buzz
ssh,1.0,a_only,academic
ssh,1.0,a_only,areas
ssh,1.0,a_only,colored
ssh,0.7204301075268817,shared,cylinder
ssh,0.6410256410256411,shared,fed
ssh,0.0958904109589041,b_only,lest
ssh,1.0,a_only,borman
ssh,1.0,a_only,alphabet
ssh,0.8181818181818182,shared,inherited
ssh,0.3617021276595745,shared,coat
ssh,0.5165876777251185,shared,ghost
ssh,0.6842105263157895,shared,agreement
ssh,0.09215017064846416,b_only,jarvis
ssh,0.7021276595744681,shared,johnny
ssh,1.0,a_only,wins
ssh,0.3793103448275862,shared,camp
ssh,0.7777777777777778,shared,consumed
ssh,1.0,a_only,quotes
ssh,0.7391304347826086,shared,jews
ssh,0.7777777777777778,shared,compositions
ssh,0.391304347826087,shared,keeping
ssh,1.0,a_only,israel
ssh,0.6931216931216931,shared,spider
ssh,0.5238095238095238,shared,peaceful
ssh,1.0,a_only,oscar
ssh,0.6842105263157895,shared,bohemia
ssh,0.0738255033557047,b_only,jackal
ssh,0.5384615384615384,shared,assembled
ssh,1.0,a_only,kalinga
ssh,1.0,a_only,palestine
ssh,1.0,a_only,dinosaur
ssh,1.0,a_only,treatments
ssh,0.3278008298755187,shared,gathered
ssh,1.0,a_only,combinations
ssh,1.0,a_only,territorial
ssh,0.06666666666666667,b_only,monsieur
ssh,0.07744107744107744,b_only,curly
ssh,0.6326530612244898,shared,attempts
ssh,1.0,a_only,programmers
ssh,0.0847457627118644,b_only,wednesday
ssh,0.08843537414965986,b_only,clung
ssh,0.44144144144144143,shared,emotion
ssh,0.285140562248996,shared,passion
ssh,0.5384615384615384,shared,fur
ssh,0.7777777777777778,shared,holt
ssh,0.0738255033557047,b_only,farewell
ssh,1.0,a_only,refers
ssh,0.5920398009950248,shared,rocks
ssh,0.37339055793991416,shared,thinks
ssh,0.7021276595744681,shared,bee
ssh,1.0,a_only,bc
ssh,0.7679558011049724,shared,irritated
ssh,1.0,a_only,sanjaks
ssh,1.0,a_only,airlines
ssh,0.7112299465240641,shared,fibre
ssh,1.0,a_only,announces
ssh,0.36752136752136755,shared,forth
ssh,0.06312292358803986,b_only,attentive
ssh,1.0,a_only,apostle
ssh,1.0,a_only,kenneth
ssh,0.7297297297297297,shared,adjusted
ssh,1.0,a_only,commissioned
ssh,0.2903225806451613,shared,fellow
ssh,1.0,a_only,gore
ssh,0.7021276595744681,shared,temporary
ssh,1.0,a_only,farming
ssh,1.0,a_only,muhammad
ssh,0.0958904109589041,b_only,mermaids
ssh,0.5165876777251185,shared,sung
ssh,1.0,a_only,engineering
ssh,0.807909604519774,shared,exposing
ssh,0.7204301075268817,shared,thorough
ssh,0.059602649006622516,b_only,sill
ssh,0.07744107744107744,b_only,hearted
ssh,1.0,a_only,defeats
ssh,1.0,a_only,alda
ssh,1.0,a_only,southernmost
ssh,0.7112299465240641,shared,russian
ssh,1.0,a_only,universally
ssh,1.0,a_only,alligator
ssh,0.2648221343873518,shared,curious
ssh,1.0,a_only,allan
ssh,0.6161616161616161,shared,reduced
ssh,0.4953271028037383,shared,persuade
ssh,1.0,a_only,potassium
ssh,1.0,a_only,jewish
ssh,0.5841584158415841,shared,limit
ssh,1.0,a_only,linemen
ssh,0.7777777777777778,shared,simplicity
ssh,1.0,a_only,trans
ssh,1.0,a_only,oriented
ssh,0.5023474178403756,shared,niece
ssh,0.6080402010050251,shared,chorus
ssh,0.6410256410256411,shared,invention
ssh,0.06312292358803986,b_only,fo
ssh,0.6666666666666666,shared,convenient
ssh,1.0,a_only,municipalities
ssh,0.285140562248996,shared,sudden
ssh,0.10726643598615918,b_only,calmly
ssh,0.23076923076923078,shared,wish
ssh,0.4479638009049774,shared,thousands
ssh,0.37339055793991416,shared,blessed
ssh,0.5533980582524272,shared,secrets
ssh,0.7021276595744681,shared,games
ssh,0.06312292358803986,b_only,lodgings
ssh,0.3559322033898305,shared,dust
ssh,0.8285714285714286,shared,cultivated
ssh,0.10726643598615918,b_only,shout
ssh,1.0,a_only,explored
ssh,0.7582417582417582,shared,prospects
ssh,0.7582417582417582,shared,xxvi
ssh,0.797752808988764,shared,consuming
ssh,1.0,a_only,hastings
ssh,1.0,a_only,fiber
ssh,0.8181818181818182,shared,governed
ssh,0.4349775784753363,shared,copy
ssh,0.11888111888111888,b_only,melancholy
ssh,1.0,a_only,automorphism
ssh,1.0,a_only,illegitimate
ssh,0.5384615384615384,shared,argue
ssh,0.415929203539823,shared,stars
ssh,0.5094339622641509,shared,owner
ssh,0.6,shared,relieved
ssh,1.0,a_only,rivals
ssh,1.0,a_only,width
ssh,0.39737991266375544,shared,terms
ssh,0.09215017064846416,b_only,tinker
ssh,0.7679558011049724,shared,eagle
ssh,0.6494845360824743,shared,mounted
ssh,0.0847457627118644,b_only,twins
ssh,0.350210970464135,shared,watson
ssh,0.06666666666666667,b_only,spoon
ssh,1.0,a_only,expelled
ssh,0.6243654822335025,shared,numbers
ssh,0.6326530612244898,shared,purposes
ssh,1.0,a_only,arguably
ssh,0.807909604519774,shared,rocket
ssh,0.5609756097560976,shared,burned
ssh,1.0,a_only,bishops
ssh,1.0,a_only,defeated
ssh,0.29554655870445345,shared,back
ssh,0.30612244897959184,shared,handed
ssh,0.7297297297297297,shared,judges
ssh,1.0,a_only,czech
ssh,0.09965635738831616,b_only,repetition
ssh,0.675392670157068,shared,pursuing
ssh,0.07023411371237458,b_only,gaze
ssh,0.6494845360824743,shared,advantages
ssh,0.24031007751937986,shared,wanted
ssh,1.0,a_only,loyalists
ssh,0.6931216931216931,shared,leap
ssh,1.0,a_only,binary
ssh,1.0,a_only,aarhus
ssh,0.09215017064846416,b_only,confession
ssh,0.0738255033557047,b_only,footman
ssh,0.3389121338912134,shared,horse
ssh,1.0,a_only,arminians
ssh,0.28,shared,looked
ssh,0.7391304347826086,shared,lewis
ssh,0.5023474178403756,shared,freely
ssh,0.07023411371237458,b_only,lingering
ssh,1.0,a_only,polar
ssh,0.3168724279835391,shared,great
ssh,0.32231404958677684,shared,mention
ssh,0.7021276595744681,shared,anne
ssh,0.36752136752136755,shared,tie
ssh,1.0,a_only,roman
ssh,0.7297297297297297,shared,images
ssh,0.08108108108108109,b_only,bending
ssh,0.7486338797814208,shared,architecture
ssh,0.29554655870445345,shared,words
ssh,0.6243654822335025,shared,member
ssh,1.0,a_only,rebuilding
ssh,1.0,a_only,ep
ssh,0.5686274509803921,shared,demand
ssh,0.44144144144144143,shared,tragedy
ssh,0.10344827586206896,b_only,flushed
ssh,0.11498257839721254,b_only,pierced
ssh,0.285140562248996,shared,reading
ssh,0.0847457627118644,b_only,wink
ssh,1.0,a_only,integer
ssh,0.6494845360824743,shared,inspiration
ssh,0.08843537414965986,b_only,walrus
ssh,1.0,a_only,processes
ssh,0.415929203539823,shared,confess
ssh,1.0,a_only,colonial
ssh,0.08108108108108109,b_only,hastened
ssh,0.2549019607843137,shared,subject
ssh,1.0,a_only,gasoline
ssh,0.39737991266375544,shared,violent
ssh,1.0,a_only,albatross
ssh,0.6161616161616161,shared,insisted
ssh,0.6326530612244898,shared,blowing
ssh,1.0,a_only,democratic
ssh,1.0,a_only,champion
ssh,0.3008130081300813,shared,fear
ssh,1.0,a_only,macedon
ssh,0.09215017064846416,b_only,forgot
ssh,0.08108108108108109,b_only,glad
ssh,0.32231404958677684,shared,carry
ssh,1.0,a_only,fluke
ssh,0.0847457627118644,b_only,frankly
ssh,0.6666666666666666,shared,rows
ssh,0.6,shared,rob
ssh,1.0,a_only,vowel
ssh,0.09215017064846416,b_only,particulars
ssh,0.7112299465240641,shared,violet
ssh,1.0,a_only,norm
ssh,1.0,a_only,tokyo
ssh,0.7486338797814208,shared,serving
ssh,0.0738255033557047,b_only,screaming
ssh,0.3793103448275862,shared,breathing
ssh,0.3617021276595745,shared,london
ssh,0.5533980582524272,shared,barrier
ssh,1.0,a_only,represents
ssh,0.5763546798029556,shared,leather
ssh,1.0,a_only,rn
ssh,0.2749003984063745,shared,absolutely
ssh,0.12280701754385964,b_only,contemplated
ssh,0.6931216931216931,shared,drums
ssh,0.797752808988764,shared,lectures
ssh,0.6410256410256411,shared,entail
ssh,0.10344827586206896,b_only,elbows
ssh,0.6580310880829016,shared,largest
ssh,1.0,a_only,judaism
ssh,0.06666666666666667,b_only,unlocked
ssh,0.6161616161616161,shared,aim
ssh,0.4611872146118721,shared,k
ssh,0.7297297297297297,shared,tries
ssh,0.08108108108108109,b_only,gigantic
ssh,1.0,a_only,radical
ssh,1.0,a_only,brazil
ssh,0.07744107744107744,b_only,indifferent
ssh,0.5533980582524272,shared,loves
ssh,1.0,a_only,liberation
ssh,0.7204301075268817,shared,sheltered
ssh,0.1111111111111111,b_only,fashionable
ssh,0.5094339622641509,shared,aboard
ssh,0.8181818181818182,shared,handing
ssh,0.6410256410256411,shared,jackson
ssh,0.1111111111111111,b_only,audible
ssh,1.0,a_only,ongoing
ssh,0.5686274509803921,shared,star
ssh,1.0,a_only,yale
ssh,0.5165876777251185,shared,ink
ssh,0.3114754098360656,shared,begin
ssh,0.0847457627118644,b_only,underneath
ssh,0.4479638009049774,shared,fully
ssh,0.0958904109589041,b_only,washing
ssh,0.30612244897959184,shared,road
ssh,0.3793103448275862,shared,village
ssh,0.09215017064846416,b_only,lunch
ssh,1.0,a_only,sahara
ssh,1.0,a_only,gdp
ssh,0.5311004784688995,shared,properly
ssh,0.10344827586206896,b_only,fond
ssh,0.5763546798029556,shared,photograph
ssh,1.0,a_only,hephaestus
ssh,0.7877094972067039,shared,agrippa
ssh,1.0,a_only,contested
ssh,1.0,a_only,crucial
ssh,0.4953271028037383,shared,indifference
ssh,0.807909604519774,shared,borders
ssh,1.0,a_only,factory
ssh,0.6080402010050251,shared,exception
ssh,0.08108108108108109,b_only,shed
ssh,0.5763546798029556,shared,w
ssh,1.0,a_only,humans
ssh,1.0,a_only,galt
ssh,1.0,a_only,abba
ssh,0.45454545454545453,shared,dish
ssh,0.6842105263157895,shared,boarding
ssh,1.0,a_only,defines
ssh,1.0,a_only,parliament
ssh,0.675392670157068,shared,principles
ssh,1.0,a_only,caucasus
ssh,0.3333333333333333,shared,speech
ssh,0.08843537414965986,b_only,git
ssh,0.32231404958677684,shared,whenever
ssh,0.5763546798029556,shared,novelty
ssh,0.7777777777777778,shared,overthrown
ssh,0.7777777777777778,shared,withdrawn
ssh,0.3852813852813853,shared,affair
ssh,0.4349775784753363,shared,leaning
ssh,1.0,a_only,zones
ssh,0.42857142857142855,shared,bench
ssh,0.7486338797814208,shared,hospitality
ssh,1.0,a_only,highlands
ssh,0.09215017064846416,b_only,fishes
ssh,0.7679558011049724,shared,vigorous
ssh,0.08843537414965986,b_only,mo
ssh,1.0,a_only,velocity
ssh,0.7679558011049724,shared,northward
ssh,1.0,a_only,charts
ssh,0.391304347826087,shared,drop
ssh,1.0,a_only,ransom
ssh,0.675392670157068,shared,channel
ssh,1.0,a_only,deities
ssh,1.0,a_only,analytical
ssh,0.675392670157068,shared,associate
ssh,0.0738255033557047,b_only,patience
ssh,1.0,a_only,eu
ssh,1.0,a_only,expansion
ssh,0.7297297297297297,shared,immoral
ssh,0.8713450292397661,shared,ann
ssh,0.6243654822335025,shared,amsterdam
ssh,0.6161616161616161,shared,university
ssh,1.0,a_only,secession
ssh,1.0,a_only,unit
ssh,1.0,a_only,sizes
ssh,1.0,a_only,rebuilt
ssh,1.0,a_only,ammunition
ssh,0.5165876777251185,shared,moreover
ssh,0.32231404958677684,shared,clock
ssh,1.0,a_only,balloons
ssh,0.6580310880829016,shared,gods
ssh,1.0,a_only,aluminium
ssh,1.0,a_only,criticised
ssh,0.10726643598615918,b_only,chairs
ssh,0.7204301075268817,shared,populace
ssh,0.3445378151260504,shared,john
ssh,0.07744107744107744,b_only,dreaming
ssh,0.0958904109589041,b_only,trot
ssh,0.08108108108108109,b_only,habits
ssh,0.7021276595744681,shared,foreigners
ssh,1.0,a_only,vertical
ssh,0.6842105263157895,shared,sending
ssh,0.45454545454545453,shared,permission
ssh,0.5094339622641509,shared,risk
ssh,0.6931216931216931,shared,root
ssh,0.6494845360824743,shared,latin
ssh,1.0,a_only,tract
ssh,0.09965635738831616,b_only,circumstance
ssh,0.5609756097560976,shared,stable
ssh,0.09215017064846416,b_only,hoarse
ssh,0.7582417582417582,shared,relates
ssh,0.23552123552123552,shared,suppose
ssh,0.6666666666666666,shared,shapes
ssh,0.3852813852813853,shared,thick
ssh,1.0,a_only,processor
ssh,0.7679558011049724,shared,discretion
ssh,0.28,shared,along
ssh,1.0,a_only,revenue
ssh,0.07023411371237458,b_only,ardently
ssh,0.23552123552123552,shared,run
ssh,1.0,a_only,attested
ssh,0.5094339622641509,shared,distinct
ssh,1.0,a_only,municipality
ssh,1.0,a_only,valentinian
ssh,0.4222222222222222,shared,rage
ssh,0.2698412698412698,shared,waited
ssh,0.5165876777251185,shared,rights
ssh,0.5533980582524272,shared,residence
ssh,1.0,a_only,journalist
ssh,0.07744107744107744,b_only,floated
ssh,0.3333333333333333,shared,van
ssh,1.0,a_only,diocese
ssh,1.0,a_only,hypothesis
ssh,0.3333333333333333,shared,difference
ssh,0.0738255033557047,b_only,limbs
ssh,1.0,a_only,puerto
ssh,0.807909604519774,shared,impossibility
ssh,1.0,a_only,aol
ssh,0.4479638009049774,shared,singing
ssh,0.3852813852813853,shared,bore
ssh,1.0,a_only,colonists
ssh,1.0,a_only,democrats
ssh,1.0,a_only,harris
ssh,1.0,a_only,extract
ssh,1.0,a_only,versions
ssh,0.10726643598615918,b_only,manage
ssh,0.5023474178403756,shared,grasp
ssh,1.0,a_only,findings
ssh,0.2903225806451613,shared,rather
ssh,0.7391304347826086,shared,reliance
ssh,1.0,a_only,pogroms
ssh,0.5458937198067633,shared,consent
ssh,1.0,a_only,humorous
ssh,1.0,a_only,formations
ssh,1.0,a_only,potential
ssh,0.6243654822335025,shared,chapel
ssh,1.0,a_only,systems
ssh,0.07023411371237458,b_only,smile
ssh,1.0,a_only,unions
ssh,0.09215017064846416,b_only,rushes
ssh,0.8285714285714286,shared,virgin
ssh,0.6580310880829016,shared,bloody
ssh,1.0,a_only,graph
ssh,0.5841584158415841,shared,reserved
ssh,1.0,a_only,mentions
ssh,0.2903225806451613,shared,fresh
ssh,0.45454545454545453,shared,baby
ssh,0.415929203539823,shared,friendship
ssh,0.25984251968503935,shared,men
ssh,0.797752808988764,shared,gulf
ssh,0.42857142857142855,shared,science
ssh,1.0,a_only,connecticut
ssh,1.0,a_only,sheen
ssh,0.7582417582417582,shared,irish
ssh,1.0,a_only,franz
ssh,1.0,a_only,delaware
ssh,0.30612244897959184,shared,hat
ssh,1.0,a_only,receiver
ssh,1.0,a_only,achilles
ssh,1.0,a_only,participation
ssh,1.0,a_only,downtown
ssh,1.0,a_only,coastline
ssh,0.8181818181818182,shared,vincent
ssh,0.4349775784753363,shared,soldiers
ssh,1.0,a_only,compete
ssh,1.0,a_only,ruler
ssh,0.675392670157068,shared,walton
ssh,0.8181818181818182,shared,horns
ssh,0.07744107744107744,b_only,borrow
ssh,1.0,a_only,joshua
ssh,0.3278008298755187,shared,excellent
ssh,0.2698412698412698,shared,boys
ssh,0.7391304347826086,shared,personally
ssh,0.3008130081300813,shared,much
ssh,0.391304347826087,shared,features
ssh,1.0,a_only,marine
ssh,0.7486338797814208,shared,purchased
ssh,1.0,a_only,raymond
ssh,0.2698412698412698,shared,just
ssh,0.7391304347826086,shared,giant
ssh,0.30612244897959184,shared,thoughts
ssh,1.0,a_only,libertarian
ssh,0.7582417582417582,shared,denying
ssh,0.797752808988764,shared,sarah
ssh,1.0,a_only,violation
ssh,1.0,a_only,published
ssh,1.0,a_only,airport
ssh,0.0958904109589041,b_only,inquired
ssh,0.07023411371237458,b_only,1
ssh,0.5094339622641509,shared,thee
ssh,1.0,a_only,interpretations
ssh,0.5384615384615384,shared,consciousness
ssh,0.415929203539823,shared,echoes
ssh,0.6326530612244898,shared,concentrated
ssh,1.0,a_only,govern
ssh,1.0,a_only,friedman
ssh,1.0,a_only,convention
ssh,0.7582417582417582,shared,enable
ssh,1.0,a_only,autobiography
ssh,1.0,a_only,traveled
ssh,1.0,a_only,saturn
ssh,0.3168724279835391,shared,twenty
ssh,1.0,a_only,honorary
ssh,1.0,a_only,riots
ssh,0.7582417582417582,shared,criminals
ssh,0.7391304347826086,shared,tomorrow
ssh,0.675392670157068,shared,captivity
ssh,0.07744107744107744,b_only,stared
ssh,1.0,a_only,districts
ssh,0.6580310880829016,shared,prosperous
ssh,0.7204301075268817,shared,theme
ssh,0.3114754098360656,shared,m
ssh,0.3333333333333333,shared,heaven
ssh,1.0,a_only,worldwide
ssh,1.0,a_only,ld
ssh,0.0738255033557047,b_only,dinner
ssh,1.0,a_only,collectively
ssh,1.0,a_only,primary
ssh,0.2749003984063745,shared,ill
ssh,0.5238095238095238,shared,club
ssh,1.0,a_only,temperatures
ssh,0.3333333333333333,shared,madame
ssh,1.0,a_only,touring
ssh,0.5458937198067633,shared,education
ssh,0.07744107744107744,b_only,hertfordshire
ssh,0.40969162995594716,shared,lights
ssh,0.8285714285714286,shared,practise
ssh,0.4222222222222222,shared,pool
ssh,0.5458937198067633,shared,performed
ssh,0.5165876777251185,shared,separated
ssh,1.0,a_only,uk
ssh,1.0,a_only,coalition
ssh,0.7777777777777778,shared,episode
ssh,0.06666666666666667,b_only,guessed
ssh,1.0,a_only,revision
ssh,0.4222222222222222,shared,burst
ssh,1.0,a_only,ff
ssh,0.11888111888111888,b_only,beg
ssh,0.4349775784753363,shared,anyone
ssh,0.36752136752136755,shared,pointing
ssh,1.0,a_only,bj
ssh,1.0,a_only,crossroads
ssh,1.0,a_only,licensed
ssh,0.29554655870445345,shared,note
ssh,1.0,a_only,syndrome
ssh,1.0,a_only,bbc
ssh,1.0,a_only,comics
ssh,1.0,a_only,stamps
ssh,0.2698412698412698,shared,saying
ssh,0.391304347826087,shared,pipe
ssh,0.0738255033557047,b_only,gazing
ssh,1.0,a_only,nationality
ssh,0.7486338797814208,shared,pushing
ssh,0.2698412698412698,shared,please
ssh,1.0,a_only,archaeological
ssh,0.8181818181818182,shared,acquire
ssh,0.415929203539823,shared,suspicious
ssh,0.8497109826589595,shared,guitar
ssh,0.7297297297297297,shared,bone
ssh,0.391304347826087,shared,solemn
ssh,1.0,a_only,oracle
ssh,0.5533980582524272,shared,kitchen
ssh,1.0,a_only,norwegian
ssh,0.807909604519774,shared,drives
ssh,0.7391304347826086,shared,backward
ssh,0.5763546798029556,shared,author
ssh,1.0,a_only,domitius
ssh,0.6161616161616161,shared,undertaking
ssh,1.0,a_only,translate
ssh,0.5686274509803921,shared,quantity
ssh,1.0,a_only,gaul
ssh,0.5533980582524272,shared,possibility
ssh,0.07744107744107744,b_only,sibyl
ssh,0.7204301075268817,shared,soap
ssh,1.0,a_only,psychology
ssh,0.797752808988764,shared,provision
ssh,0.4953271028037383,shared,estate
ssh,0.245136186770428,shared,real
ssh,0.675392670157068,shared,existing
ssh,0.0958904109589041,b_only,7
ssh,0.39737991266375544,shared,flowers
ssh,0.25,shared,forget
ssh,1.0,a_only,fantasy
ssh,0.7777777777777778,shared,statue
ssh,0.6326530612244898,shared,magistrate
ssh,1.0,a_only,arius
ssh,1.0,a_only,abraxas
ssh,0.6161616161616161,shared,alter
ssh,1.0,a_only,ideals
ssh,0.7204301075268817,shared,dollar
ssh,1.0,a_only,senators
ssh,0.07744107744107744,b_only,thankful
ssh,1.0,a_only,ale
ssh,0.7679558011049724,shared,troops
ssh,1.0,a_only,www
ssh,0.44144144144144143,shared,tomb
ssh,1.0,a_only,cuisine
ssh,1.0,a_only,retaining
ssh,1.0,a_only,representatives
ssh,1.0,a_only,scientist
ssh,0.04918032786885246,b_only,rag
ssh,0.675392670157068,shared,complaint
ssh,1.0,a_only,blocks
ssh,0.3278008298755187,shared,wide
ssh,1.0,a_only,alkane
ssh,1.0,a_only,revolutionaries
ssh,1.0,a_only,actively
ssh,0.6580310880829016,shared,intellect
ssh,0.6494845360824743,shared,unwilling
ssh,0.09215017064846416,b_only,beauties
ssh,0.675392670157068,shared,characteristics
ssh,0.07744107744107744,b_only,dracula
ssh,0.39737991266375544,shared,dollars
ssh,0.6666666666666666,shared,assembly
ssh,1.0,a_only,angolan
ssh,0.6410256410256411,shared,roughly
ssh,1.0,a_only,liberals
ssh,0.10726643598615918,b_only,lizzy
ssh,0.6410256410256411,shared,strangers
ssh,1.0,a_only,philippines
ssh,0.06666666666666667,b_only,attendants
ssh,1.0,a_only,roosevelt
ssh,0.3445378151260504,shared,serious
ssh,0.7486338797814208,shared,announce
ssh,0.6931216931216931,shared,mar
ssh,0.40350877192982454,shared,moon
ssh,0.7297297297297297,shared,defend
ssh,0.0847457627118644,b_only,cottage
ssh,1.0,a_only,computers
ssh,0.08108108108108109,b_only,throat
ssh,0.5609756097560976,shared,elbow
ssh,1.0,a_only,developing
ssh,0.7112299465240641,shared,players
ssh,0.2903225806451613,shared,could
ssh,1.0,a_only,alleged
ssh,1.0,a_only,practically
ssh,0.6243654822335025,shared,seize
ssh,0.7877094972067039,shared,shepherd
ssh,0.807909604519774,shared,fee
ssh,1.0,a_only,plutarch
ssh,0.7021276595744681,shared,regions
ssh,1.0,a_only,measurements
ssh,1.0,a_only,caesar
ssh,0.6842105263157895,shared,capacity
ssh,0.7112299465240641,shared,restoration
ssh,1.0,a_only,ancestral
ssh,0.1111111111111111,b_only,cheerfully
ssh,0.10726643598615918,b_only,xvii
ssh,0.09965635738831616,b_only,sighed
ssh,0.3793103448275862,shared,examination
ssh,0.40969162995594716,shared,etc
ssh,1.0,a_only,arminius
ssh,0.5384615384615384,shared,appeal
ssh,1.0,a_only,bce
ssh,1.0,a_only,asphalt
ssh,1.0,a_only,atheism
ssh,1.0,a_only,agave
ssh,1.0,a_only,designers
ssh,1.0,a_only,agesilaus
ssh,1.0,a_only,suez
ssh,1.0,a_only,ibm
ssh,0.37339055793991416,shared,blame
ssh,0.6580310880829016,shared,schools
ssh,0.6666666666666666,shared,generation
ssh,0.28,shared,family
ssh,0.2903225806451613,shared,influence
ssh,0.07023411371237458,b_only,canoe
ssh,0.0847457627118644,b_only,hum
ssh,0.07744107744107744,b_only,formidable
ssh,0.37339055793991416,shared,sleeping
ssh,0.5165876777251185,shared,smart
ssh,0.5609756097560976,shared,ideal
ssh,0.29554655870445345,shared,old
ssh,0.0738255033557047,b_only,gazette
ssh,1.0,a_only,aardvark
ssh,0.3445378151260504,shared,explained
ssh,0.39737991266375544,shared,respectable
ssh,0.5094339622641509,shared,accompanied
ssh,0.797752808988764,shared,planning
ssh,0.5841584158415841,shared,sailor
ssh,1.0,a_only,algebraically
ssh,1.0,a_only,circuits
ssh,0.39737991266375544,shared,concerned
ssh,1.0,a_only,candidates
ssh,0.6243654822335025,shared,print
ssh,0.32231404958677684,shared,explain
ssh,0.8181818181818182,shared,pupil
ssh,0.4883720930232558,shared,fled
ssh,1.0,a_only,lisa
ssh,0.7112299465240641,shared,male
ssh,0.3168724279835391,shared,dead
ssh,0.48148148148148145,shared,valley
ssh,0.391304347826087,shared,refuse
ssh,0.10344827586206896,b_only,heels
ssh,0.3114754098360656,shared,only
ssh,0.0847457627118644,b_only,glimpse
ssh,1.0,a_only,presidential
ssh,0.3852813852813853,shared,powers
ssh,0.6666666666666666,shared,balls
ssh,1.0,a_only,tube
ssh,0.5686274509803921,shared,occupations
ssh,0.5609756097560976,shared,admitted
ssh,0.2749003984063745,shared,quiet
ssh,1.0,a_only,describes
ssh,0.07744107744107744,b_only,bosom
ssh,0.7391304347826086,shared,harshly
ssh,1.0,a_only,canada
ssh,0.0847457627118644,b_only,creeping
ssh,1.0,a_only,achievement
ssh,0.8181818181818182,shared,abandon
ssh,0.28,shared,say
ssh,0.07744107744107744,b_only,dipped
ssh,1.0,a_only,municipal
ssh,0.6666666666666666,shared,stature
ssh,0.07023411371237458,b_only,eyelids
ssh,0.7204301075268817,shared,intervals
ssh,0.5238095238095238,shared,calls
ssh,1.0,a_only,aikido
ssh,0.11498257839721254,b_only,reck
ssh,0.6080402010050251,shared,link
ssh,0.6326530612244898,shared,sang
ssh,1.0,a_only,romans
ssh,1.0,a_only,governing
ssh,1.0,a_only,currency
ssh,0.0847457627118644,b_only,fury
ssh,1.0,a_only,measurement
ssh,0.4349775784753363,shared,delay
ssh,1.0,a_only,gand
ssh,0.6842105263157895,shared,calculated
ssh,0.7204301075268817,shared,harder
ssh,0.5686274509803921,shared,wanting
ssh,0.807909604519774,shared,considerations
ssh,0.0738255033557047,b_only,emigrant
ssh,0.7391304347826086,shared,manifested
ssh,0.11498257839721254,b_only,hush
ssh,1.0,a_only,variance
ssh,1.0,a_only,coasts
ssh,0.8181818181818182,shared,cynical
ssh,1.0,a_only,serbia
ssh,1.0,a_only,parallel
ssh,1.0,a_only,defenders
ssh,0.37339055793991416,shared,reasons
ssh,0.7021276595744681,shared,announced
ssh,0.7021276595744681,shared,sequence
ssh,0.7204301075268817,shared,riddle
ssh,1.0,a_only,electron
ssh,1.0,a_only,fertility
ssh,1.0,a_only,texts
ssh,0.08843537414965986,b_only,knitted
ssh,0.45454545454545453,shared,actions
ssh,0.21673003802281368,shared,stop
ssh,0.4883720930232558,shared,um
ssh,0.10344827586206896,b_only,couldn
ssh,0.24031007751937986,shared,walk
ssh,0.11888111888111888,b_only,safie
ssh,0.6326530612244898,shared,western
ssh,0.7877094972067039,shared,contrasted
ssh,0.7021276595744681,shared,decision
ssh,1.0,a_only,environment
ssh,0.6243654822335025,shared,feels
ssh,0.08843537414965986,b_only,whiskers
ssh,0.7204301075268817,shared,relatives
ssh,1.0,a_only,princess
ssh,0.6161616161616161,shared,expressions
ssh,1.0,a_only,arnold
ssh,1.0,a_only,nominee
ssh,0.2749003984063745,shared,box
ssh,1.0,a_only,richmond
ssh,1.0,a_only,paradox
ssh,1.0,a_only,cyprus
ssh,0.6666666666666666,shared,construction
ssh,1.0,a_only,norman
ssh,1.0,a_only,wheat
ssh,1.0,a_only,theorists
ssh,0.44144144144144143,shared,released
ssh,1.0,a_only,tennis
ssh,0.7297297297297297,shared,telegraph
ssh,1.0,a_only,electoral
ssh,0.47465437788018433,shared,corn
ssh,0.2698412698412698,shared,you
ssh,0.285140562248996,shared,nature
ssh,0.39737991266375544,shared,visible
ssh,1.0,a_only,siege
ssh,0.2749003984063745,shared,silent
ssh,0.48148148148148145,shared,south
ssh,1.0,a_only,cancer
ssh,0.09215017064846416,b_only,phelps
ssh,1.0,a_only,multiplication
ssh,0.0847457627118644,b_only,czarina
ssh,0.675392670157068,shared,kent
ssh,0.8390804597701149,shared,appeals
ssh,1.0,a_only,islam
ssh,0.6,shared,enabled
ssh,0.44144144144144143,shared,tools
ssh,0.3333333333333333,shared,dogs
ssh,0.5458937198067633,shared,determine
ssh,1.0,a_only,arminianism
ssh,0.32231404958677684,shared,dare
ssh,0.8181818181818182,shared,convince
ssh,0.46788990825688076,shared,proposed
ssh,1.0,a_only,graphics
ssh,0.39737991266375544,shared,square
ssh,0.1111111111111111,b_only,neverland
ssh,0.285140562248996,shared,miss
ssh,0.5763546798029556,shared,today
ssh,0.6580310880829016,shared,campaign
ssh,0.6580310880829016,shared,electronic
ssh,0.0958904109589041,b_only,knee
ssh,1.0,a_only,andy
ssh,0.32231404958677684,shared,seward
ssh,0.5384615384615384,shared,rare
ssh,0.3852813852813853,shared,rain
ssh,0.6494845360824743,shared,ridge
ssh,0.7486338797814208,shared,uses
ssh,1.0,a_only,da
ssh,0.056105610561056105,b_only,avail
ssh,1.0,a_only,strictly
ssh,0.2549019607843137,shared,others
ssh,0.32231404958677684,shared,opinion
ssh,0.08843537414965986,b_only,torture
ssh,1.0,a_only,singapore
ssh,0.5533980582524272,shared,victor
ssh,1.0,a_only,zionism
ssh,0.3008130081300813,shared,attention
ssh,1.0,a_only,negotiations
ssh,0.6842105263157895,shared,december
ssh,1.0,a_only,astronomy
ssh,0.37339055793991416,shared,shake
ssh,0.3114754098360656,shared,under
ssh,0.797752808988764,shared,appreciate
ssh,1.0,a_only,alchemist
ssh,1.0,a_only,seasonal
ssh,1.0,a_only,implies
ssh,0.06666666666666667,b_only,paddle
ssh,0.7391304347826086,shared,opinions
ssh,1.0,a_only,framework
ssh,1.0,a_only,ownership
ssh,0.3559322033898305,shared,style
ssh,0.056105610561056105,b_only,witches
ssh,0.09215017064846416,b_only,swore
ssh,1.0,a_only,carolina
ssh,0.5841584158415841,shared,occasional
ssh,1.0,a_only,gettysburg
ssh,1.0,a_only,jordan
ssh,1.0,a_only,jan
ssh,0.2903225806451613,shared,river
ssh,0.2698412698412698,shared,feel
ssh,1.0,a_only,bases
ssh,1.0,a_only,mobile
ssh,0.807909604519774,shared,warming
ssh,0.7204301075268817,shared,detected
ssh,0.3008130081300813,shared,n
ssh,0.5841584158415841,shared,mon
ssh,1.0,a_only,sampras
ssh,0.36752136752136755,shared,den
ssh,0.3333333333333333,shared,condition
ssh,1.0,a_only,saharan
ssh,1.0,a_only,jurisdiction
ssh,0.3168724279835391,shared,mrs
ssh,0.10344827586206896,b_only,ebook
ssh,1.0,a_only,abortion
ssh,0.6580310880829016,shared,suitable
ssh,1.0,a_only,melbourne
ssh,0.5763546798029556,shared,elegant
ssh,0.2648221343873518,shared,is
ssh,0.5384615384615384,shared,supported
ssh,0.6842105263157895,shared,rugged
ssh,1.0,a_only,zinc
ssh,0.5841584158415841,shared,virtues
ssh,0.6666666666666666,shared,expressing
ssh,0.5686274509803921,shared,walks
ssh,1.0,a_only,motor
ssh,1.0,a_only,incorporated
ssh,0.7777777777777778,shared,coal
ssh,0.6326530612244898,shared,alley
ssh,1.0,a_only,similarities
ssh,0.4883720930232558,shared,mud
ssh,0.6666666666666666,shared,towers
ssh,1.0,a_only,asparagales
ssh,0.6580310880829016,shared,lysander
ssh,0.3559322033898305,shared,bar
ssh,0.675392670157068,shared,dwell
ssh,0.0847457627118644,b_only,obeyed
ssh,1.0,a_only,antarctica
ssh,0.7877094972067039,shared,plague
ssh,0.45454545454545453,shared,eleven
ssh,1.0,a_only,cern
ssh,1.0,a_only,vol
ssh,1.0,a_only,generalized
ssh,0.7297297297297297,shared,timber
ssh,1.0,a_only,negation
ssh,1.0,a_only,massachusetts
ssh,1.0,a_only,discussions
ssh,0.8390804597701149,shared,compact
ssh,1.0,a_only,zone
ssh,1.0,a_only,counties
ssh,1.0,a_only,monetary
ssh,1.0,a_only,ibrahim
ssh,0.3793103448275862,shared,wore
ssh,1.0,a_only,shopping
ssh,0.3008130081300813,shared,standing
ssh,1.0,a_only,nelson
ssh,1.0,a_only,radians
ssh,0.350210970464135,shared,alas
ssh,1.0,a_only,oceans
ssh,0.36752136752136755,shared,mystery
ssh,0.7021276595744681,shared,outward
ssh,0.6,shared,attending
ssh,1.0,a_only,shuttle
ssh,1.0,a_only,programs
ssh,1.0,a_only,ch
ssh,0.7297297297297297,shared,paragraph
ssh,0.5238095238095238,shared,hopeless
ssh,0.08843537414965986,b_only,smoke
ssh,0.04918032786885246,b_only,nibs
ssh,0.7021276595744681,shared,ash
ssh,0.6243654822335025,shared,permitted
ssh,0.6243654822335025,shared,benefit
ssh,1.0,a_only,nova
ssh,0.47465437788018433,shared,choice
ssh,0.07023411371237458,b_only,wreck
ssh,1.0,a_only,chlorine
ssh,0.7777777777777778,shared,planted
ssh,0.350210970464135,shared,station
ssh,1.0,a_only,armenian
ssh,0.7204301075268817,shared,tales
ssh,0.5384615384615384,shared,necessity
ssh,0.7297297297297297,shared,infant
ssh,0.6326530612244898,shared,injury
ssh,0.807909604519774,shared,seasons
ssh,0.5609756097560976,shared,responsible
ssh,1.0,a_only,lacking
ssh,0.7112299465240641,shared,imperial
ssh,0.36752136752136755,shared,affection
ssh,0.245136186770428,shared,exactly
ssh,1.0,a_only,determining
ssh,1.0,a_only,movie
ssh,1.0,a_only,infections
ssh,0.4883720930232558,shared,famous
ssh,0.6243654822335025,shared,frenchman
ssh,1.0,a_only,ludwig
ssh,1.0,a_only,trojan
ssh,0.3389121338912134,shared,drawing
ssh,0.07744107744107744,b_only,insist
ssh,1.0,a_only,ataxia
ssh,1.0,a_only,machinery
ssh,0.7204301075268817,shared,wherein
ssh,1.0,a_only,argentina
ssh,0.0958904109589041,b_only,longed
ssh,0.1111111111111111,b_only,hats
ssh,1.0,a_only,imac
ssh,1.0,a_only,anthropology
ssh,0.8181818181818182,shared,flowing
ssh,1.0,a_only,amethyst
ssh,0.09965635738831616,b_only,intently
ssh,0.6326530612244898,shared,relieve
ssh,1.0,a_only,sparta
ssh,0.5458937198067633,shared,hell
ssh,1.0,a_only,henri
ssh,0.675392670157068,shared,industry
ssh,0.6326530612244898,shared,hailed
ssh,1.0,a_only,bulk
ssh,0.391304347826087,shared,breaking
ssh,0.5920398009950248,shared,chains
ssh,1.0,a_only,detailed
ssh,0.0738255033557047,b_only,stile
ssh,1.0,a_only,luke
ssh,0.2698412698412698,shared,simply
ssh,0.5238095238095238,shared,bearing
ssh,1.0,a_only,pilots
ssh,0.24031007751937986,shared,looking
ssh,0.7021276595744681,shared,surprising
ssh,0.08843537414965986,b_only,lazy
ssh,1.0,a_only,terra
ssh,1.0,a_only,protests
ssh,0.6494845360824743,shared,achieve
ssh,1.0,a_only,seeks
ssh,0.6931216931216931,shared,measured
ssh,0.6842105263157895,shared,pot
ssh,1.0,a_only,diving
ssh,0.7204301075268817,shared,derived
ssh,0.5686274509803921,shared,contain
ssh,1.0,a_only,via
ssh,0.28,shared,tell
ssh,0.6243654822335025,shared,bachelor
ssh,1.0,a_only,testing
ssh,0.350210970464135,shared,feet
ssh,0.11888111888111888,b_only,blows
ssh,0.675392670157068,shared,approved
ssh,0.3852813852813853,shared,building
ssh,0.40350877192982454,shared,thunder
ssh,1.0,a_only,alternatively
ssh,0.5238095238095238,shared,infinite
ssh,1.0,a_only,enacted
ssh,1.0,a_only,located
ssh,0.5763546798029556,shared,provide
ssh,0.4349775784753363,shared,tail
ssh,0.3114754098360656,shared,killed
ssh,1.0,a_only,studios
ssh,1.0,a_only,populated
ssh,1.0,a_only,clockwork
ssh,0.09965635738831616,b_only,tempest
ssh,0.47465437788018433,shared,referred
ssh,0.7777777777777778,shared,comparing
ssh,0.47465437788018433,shared,solid
ssh,0.797752808988764,shared,bristol
ssh,0.6326530612244898,shared,founded
ssh,0.7679558011049724,shared,erected
ssh,0.6243654822335025,shared,burn
ssh,0.08843537414965986,b_only,dinah
ssh,0.28,shared,then
ssh,1.0,a_only,associates
ssh,0.5384615384615384,shared,claims
ssh,1.0,a_only,christians
ssh,0.7391304347826086,shared,instruction
ssh,0.7391304347826086,shared,innumerable
ssh,1.0,a_only,technologies
ssh,0.6161616161616161,shared,objections
ssh,0.5094339622641509,shared,crash
ssh,0.5384615384615384,shared,characters
ssh,0.2648221343873518,shared,none
ssh,0.7877094972067039,shared,conducting
ssh,0.32231404958677684,shared,case
ssh,0.6931216931216931,shared,operate
ssh,0.7391304347826086,shared,totally
ssh,1.0,a_only,african
ssh,0.6494845360824743,shared,entitled
ssh,0.5165876777251185,shared,passions
ssh,1.0,a_only,admits
ssh,0.3617021276595745,shared,belief
ssh,0.3333333333333333,shared,year
ssh,0.8390804597701149,shared,simpler
ssh,0.7777777777777778,shared,alert
ssh,0.37339055793991416,shared,similar
ssh,0.1387900355871886,b_only,ardour
ssh,0.46788990825688076,shared,flight
ssh,1.0,a_only,awareness
ssh,1.0,a_only,organisation
ssh,0.10726643598615918,b_only,thread
ssh,1.0,a_only,founding
ssh,1.0,a_only,abortions
ssh,0.5238095238095238,shared,purchase
ssh,1.0,a_only,athenians
ssh,0.09215017064846416,b_only,hammer
ssh,0.08843537414965986,b_only,abreast
ssh,1.0,a_only,ankara
ssh,0.3114754098360656,shared,formed
ssh,0.7112299465240641,shared,cheap
ssh,1.0,a_only,ruling
ssh,0.807909604519774,shared,vessels
ssh,1.0,a_only,bambaataa
ssh,0.10344827586206896,b_only,whistle
ssh,1.0,a_only,als
ssh,0.7297297297297297,shared,adjacent
ssh,1.0,a_only,legislative
ssh,0.5458937198067633,shared,leagues
ssh,1.0,a_only,inflation
ssh,0.4222222222222222,shared,continue
ssh,0.5238095238095238,shared,apply
ssh,0.285140562248996,shared,servant
ssh,0.3559322033898305,shared,directly
ssh,0.5458937198067633,shared,travelled
ssh,0.7021276595744681,shared,farmers
ssh,1.0,a_only,boxer
ssh,0.42857142857142855,shared,observe
ssh,0.2648221343873518,shared,point
ssh,0.6080402010050251,shared,spinning
ssh,0.30612244897959184,shared,finally
ssh,1.0,a_only,justin
ssh,0.44144144144144143,shared,material
ssh,0.8390804597701149,shared,hi
ssh,0.2549019607843137,shared,sick
ssh,1.0,a_only,limiting
ssh,0.5023474178403756,shared,relate
ssh,1.0,a_only,ba
ssh,0.08843537414965986,b_only,tiptoe
ssh,1.0,a_only,seq
ssh,0.245136186770428,shared,opened
ssh,1.0,a_only,converted
ssh,0.5841584158415841,shared,imaginary
ssh,0.08843537414965986,b_only,gracious
ssh,0.47465437788018433,shared,trace
ssh,0.09215017064846416,b_only,coldly
ssh,0.3445378151260504,shared,notion
ssh,1.0,a_only,zero
ssh,1.0,a_only,statistical
ssh,0.29554655870445345,shared,against
ssh,0.3278008298755187,shared,supposed
ssh,1.0,a_only,california
ssh,0.11888111888111888,b_only,galatz
ssh,0.11888111888111888,b_only,bastille
ssh,1.0,a_only,neolithic
ssh,0.09965635738831616,b_only,wickedness
ssh,0.6161616161616161,shared,preserve
ssh,0.7391304347826086,shared,turkey
ssh,0.09965635738831616,b_only,haired
ssh,0.0738255033557047,b_only,cunning
ssh,1.0,a_only,votes
ssh,1.0,a_only,hungary
ssh,1.0,a_only,gnostic
ssh,0.7877094972067039,shared,continuing
ssh,1.0,a_only,properties
ssh,0.21673003802281368,shared,bring
ssh,0.8497109826589595,shared,random
ssh,0.5165876777251185,shared,hated
ssh,1.0,a_only,alternate
ssh,1.0,a_only,alcohol
ssh,0.37339055793991416,shared,facts
ssh,1.0,a_only,crystal
ssh,0.5458937198067633,shared,valuable
ssh,0.6,shared,rotten
ssh,0.6842105263157895,shared,dominant
ssh,1.0,a_only,diplomatic
ssh,1.0,a_only,heir
ssh,0.0847457627118644,b_only,boast
ssh,0.6,shared,ocean
ssh,0.5094339622641509,shared,noon
ssh,0.25984251968503935,shared,surprised
ssh,0.7777777777777778,shared,akin
ssh,1.0,a_only,participated
ssh,0.7777777777777778,shared,electric
ssh,1.0,a_only,americana
ssh,0.07023411371237458,b_only,distress
ssh,0.08843537414965986,b_only,chap
ssh,0.36752136752136755,shared,pale
ssh,0.3114754098360656,shared,carried
ssh,0.391304347826087,shared,buy
ssh,1.0,a_only,acapulco
ssh,0.7679558011049724,shared,specimen
ssh,0.47465437788018433,shared,sins
ssh,0.5533980582524272,shared,flame
ssh,1.0,a_only,shares
ssh,0.5023474178403756,shared,declared
ssh,0.6494845360824743,shared,interference
ssh,1.0,a_only,karl
ssh,1.0,a_only,arizona
ssh,0.5458937198067633,shared,formal
ssh,1.0,a_only,magical
ssh,0.2648221343873518,shared,past
ssh,0.07023411371237458,b_only,jug
ssh,1.0,a_only,mnd
ssh,0.675392670157068,shared,congress
ssh,0.7112299465240641,shared,hydraulic
ssh,0.5458937198067633,shared,jack
ssh,0.29554655870445345,shared,from
ssh,1.0,a_only,ritual
ssh,1.0,a_only,promoted
ssh,1.0,a_only,complications
ssh,0.350210970464135,shared,english
ssh,0.08843537414965986,b_only,pier
ssh,1.0,a_only,pakistan
ssh,1.0,a_only,halogens
ssh,0.08108108108108109,b_only,silently
ssh,0.7021276595744681,shared,nobles
ssh,1.0,a_only,decisive
ssh,1.0,a_only,extensively
ssh,1.0,a_only,channels
ssh,0.5165876777251185,shared,snake
ssh,1.0,a_only,allah
ssh,0.6161616161616161,shared,independent
ssh,0.10344827586206896,b_only,deepened
ssh,0.2549019607843137,shared,girl
ssh,0.36752136752136755,shared,chief
ssh,0.6931216931216931,shared,submit
ssh,0.7021276595744681,shared,discuss
ssh,1.0,a_only,proclamation
ssh,1.0,a_only,azerbaijan
ssh,1.0,a_only,amides
ssh,0.5609756097560976,shared,h
ssh,1.0,a_only,aquarius
ssh,0.6842105263157895,shared,column
ssh,1.0,a_only,und
ssh,1.0,a_only,morpork
ssh,0.5023474178403756,shared,branch
ssh,1.0,a_only,meteorites
ssh,0.3008130081300813,shared,streets
ssh,1.0,a_only,religions
ssh,0.06666666666666667,b_only,crucifix
ssh,0.5094339622641509,shared,request
ssh,1.0,a_only,cnt
ssh,0.245136186770428,shared,up
ssh,1.0,a_only,regulated
ssh,1.0,a_only,files
ssh,0.6410256410256411,shared,truck
ssh,1.0,a_only,successors
ssh,1.0,a_only,arc
ssh,0.3278008298755187,shared,sir
ssh,0.6494845360824743,shared,beach
ssh,0.6161616161616161,shared,memories
ssh,1.0,a_only,interact
ssh,0.08843537414965986,b_only,apology
ssh,0.10344827586206896,b_only,8
ssh,0.7021276595744681,shared,poem
ssh,0.47465437788018433,shared,mouse
ssh,0.08843537414965986,b_only,garret
ssh,0.40969162995594716,shared,chain
ssh,0.39737991266375544,shared,attended
ssh,1.0,a_only,metres
ssh,0.6410256410256411,shared,hopping
ssh,1.0,a_only,orbit
ssh,0.6,shared,indian
ssh,0.7204301075268817,shared,significant
ssh,0.285140562248996,shared,her
ssh,0.06666666666666667,b_only,hawkins
ssh,0.675392670157068,shared,elevated
ssh,0.6494845360824743,shared,mild
ssh,0.5920398009950248,shared,echo
ssh,1.0,a_only,interestingly
ssh,1.0,a_only,mil
ssh,0.6842105263157895,shared,drunken
ssh,0.5920398009950248,shared,protection
ssh,0.06312292358803986,b_only,fantastic
ssh,1.0,a_only,unclear
ssh,1.0,a_only,rotation
ssh,1.0,a_only,abugidas
ssh,1.0,a_only,continues
ssh,0.059602649006622516,b_only,pardon
ssh,1.0,a_only,communism
ssh,1.0,a_only,abatement
ssh,1.0,a_only,plateau
ssh,0.6580310880829016,shared,survive
ssh,0.6842105263157895,shared,americans
ssh,0.3617021276595745,shared,hanging
ssh,0.6326530612244898,shared,labours
ssh,0.7391304347826086,shared,signals
ssh,0.5686274509803921,shared,crushed
ssh,0.0958904109589041,b_only,risen
ssh,1.0,a_only,computation
ssh,0.4883720930232558,shared,scenes
ssh,0.7679558011049724,shared,vehicle
ssh,1.0,a_only,ptolemy
ssh,1.0,a_only,sudan
ssh,0.7297297297297297,shared,hood
ssh,0.08108108108108109,b_only,lestrade
ssh,0.7297297297297297,shared,preservation
ssh,0.0738255033557047,b_only,exultation
ssh,0.0847457627118644,b_only,sobbing
ssh,0.3114754098360656,shared,meaning
ssh,0.5841584158415841,shared,distinguished
ssh,0.09965635738831616,b_only,gaiety
ssh,0.5609756097560976,shared,lift
ssh,0.3278008298755187,shared,few
ssh,0.0847457627118644,b_only,wretched
ssh,0.0847457627118644,b_only,pavement
ssh,0.2749003984063745,shared,word
ssh,0.7582417582417582,shared,precautions
ssh,0.7582417582417582,shared,tightly
ssh,1.0,a_only,server
ssh,0.056105610561056105,b_only,fountain
ssh,1.0,a_only,digital
ssh,0.06312292358803986,b_only,ef
ssh,0.7112299465240641,shared,hanged
ssh,0.4349775784753363,shared,desired
ssh,1.0,a_only,manga
ssh,0.10726643598615918,b_only,parsonage
ssh,1.0,a_only,cavalry
ssh,0.2903225806451613,shared,bad
ssh,0.06312292358803986,b_only,cruncher
ssh,0.08843537414965986,b_only,plunged
ssh,1.0,a_only,pelagianism
ssh,0.285140562248996,shared,further
ssh,0.11888111888111888,b_only,wilks
ssh,0.7112299465240641,shared,logical
ssh,0.3333333333333333,shared,closed
ssh,0.5533980582524272,shared,clay
ssh,0.3389121338912134,shared,occurred
ssh,1.0,a_only,wales
ssh,1.0,a_only,department
ssh,0.391304347826087,shared,daughters
ssh,0.06666666666666667,b_only,knitting
ssh,1.0,a_only,damaged
ssh,0.28,shared,showed
ssh,0.5533980582524272,shared,uncertain
ssh,0.7021276595744681,shared,novels
ssh,1.0,a_only,turing
ssh,1.0,a_only,vedic
ssh,1.0,a_only,codes
ssh,1.0,a_only,recording
ssh,0.391304347826087,shared,suffer
ssh,0.07023411371237458,b_only,choked
ssh,0.6580310880829016,shared,principally
ssh,0.6842105263157895,shared,encouragement
ssh,0.675392670157068,shared,prevalent
ssh,0.11888111888111888,b_only,governess
ssh,0.7112299465240641,shared,forbidden
ssh,1.0,a_only,diagnosed
ssh,0.3168724279835391,shared,occasion
ssh,1.0,a_only,infrastructure
ssh,1.0,a_only,ashoka
ssh,1.0,a_only,bronze
ssh,0.4222222222222222,shared,leading
ssh,1.0,a_only,generate
ssh,1.0,a_only,abbreviation
ssh,0.6580310880829016,shared,capture
ssh,0.08108108108108109,b_only,pemberley
ssh,0.3445378151260504,shared,impossible
ssh,0.10344827586206896,b_only,mingled
ssh,0.25,shared,instead
ssh,0.5841584158415841,shared,arrangements
ssh,1.0,a_only,variation
ssh,0.6326530612244898,shared,helping
ssh,0.3445378151260504,shared,pay
ssh,0.0958904109589041,b_only,steal
ssh,0.7021276595744681,shared,regularly
ssh,0.0847457627118644,b_only,worm
ssh,0.08108108108108109,b_only,procured
ssh,0.4479638009049774,shared,thomas
ssh,0.11888111888111888,b_only,curiously
ssh,1.0,a_only,risks
ssh,0.2903225806451613,shared,wild
ssh,1.0,a_only,grains
ssh,0.30612244897959184,shared,second
ssh,1.0,a_only,defensive
ssh,0.36752136752136755,shared,reach
ssh,0.5094339622641509,shared,mainly
ssh,0.5841584158415841,shared,visitors
ssh,0.056105610561056105,b_only,sober
ssh,0.6410256410256411,shared,ships
ssh,1.0,a_only,hollywood
ssh,0.10726643598615918,b_only,dah
ssh,1.0,a_only,skilled
ssh,0.13074204946996468,b_only,beetle
ssh,1.0,a_only,evolutionary
ssh,0.24031007751937986,shared,ever
ssh,1.0,a_only,displays
ssh,0.5094339622641509,shared,clouds
ssh,0.7021276595744681,shared,jealousy
ssh,0.3617021276595745,shared,during
ssh,0.6326530612244898,shared,guilt
ssh,0.6494845360824743,shared,soldier
ssh,1.0,a_only,odysseus
ssh,1.0,a_only,jpg
ssh,0.7391304347826086,shared,strings
ssh,0.4883720930232558,shared,rode
ssh,0.09965635738831616,b_only,frauds
ssh,0.4953271028037383,shared,sheet
ssh,0.09965635738831616,b_only,graveyard
ssh,1.0,a_only,economies
ssh,0.09215017064846416,b_only,furious
ssh,1.0,a_only,jay
ssh,0.6243654822335025,shared,adopted
ssh,1.0,a_only,categories
ssh,0.7021276595744681,shared,favoured
ssh,1.0,a_only,organisations
ssh,0.11888111888111888,b_only,agreeable
ssh,0.40350877192982454,shared,frame
ssh,0.7204301075268817,shared,adding
ssh,0.7777777777777778,shared,mississippi
ssh,0.2549019607843137,shared,doubt
ssh,0.46788990825688076,shared,older
ssh,1.0,a_only,chi
ssh,1.0,a_only,ren
ssh,0.5165876777251185,shared,pursuit
ssh,0.42857142857142855,shared,virtue
ssh,1.0,a_only,seventh
ssh,0.3333333333333333,shared,importance
ssh,0.6326530612244898,shared,pages
ssh,0.08108108108108109,b_only,laughing
ssh,0.350210970464135,shared,raise
ssh,0.3168724279835391,shared,so
ssh,0.797752808988764,shared,inheritance
ssh,0.09965635738831616,b_only,growled
ssh,0.6410256410256411,shared,speaks
ssh,0.06312292358803986,b_only,hunted
ssh,0.08843537414965986,b_only,pens
ssh,0.7391304347826086,shared,neutral
ssh,0.6931216931216931,shared,eternity
ssh,1.0,a_only,continents
ssh,0.3333333333333333,shared,five
ssh,0.5920398009950248,shared,steam
ssh,0.6931216931216931,shared,onto
ssh,0.675392670157068,shared,plum
ssh,0.09215017064846416,b_only,cracked
ssh,0.5165876777251185,shared,practical
ssh,0.8390804597701149,shared,diminished
ssh,0.3445378151260504,shared,sky
ssh,0.7391304347826086,shared,slam
ssh,1.0,a_only,ultimate
ssh,1.0,a_only,des
ssh,0.7021276595744681,shared,mutual
ssh,1.0,a_only,publishers
ssh,0.7486338797814208,shared,january
ssh,0.3793103448275862,shared,grand
ssh,0.6,shared,rogers
ssh,0.7021276595744681,shared,tradition
ssh,0.7777777777777778,shared,holland
ssh,0.059602649006622516,b_only,faded
ssh,0.09215017064846416,b_only,heap
ssh,1.0,a_only,amino
ssh,0.6161616161616161,shared,breeding
ssh,1.0,a_only,algol
ssh,0.6243654822335025,shared,dover
ssh,1.0,a_only,elliott
ssh,0.42857142857142855,shared,july
ssh,0.2698412698412698,shared,held
ssh,0.7582417582417582,shared,errors
ssh,0.7679558011049724,shared,estimate
ssh,0.350210970464135,shared,hole
ssh,0.415929203539823,shared,burning
ssh,1.0,a_only,dictator
ssh,0.6666666666666666,shared,sets
ssh,1.0,a_only,agriculture
ssh,0.675392670157068,shared,bath
ssh,1.0,a_only,script
ssh,1.0,a_only,belgian
ssh,1.0,a_only,au
ssh,1.0,a_only,privileges
ssh,0.6410256410256411,shared,attacks
ssh,0.6931216931216931,shared,palm
ssh,1.0,a_only,encoding
ssh,1.0,a_only,facial
ssh,0.5763546798029556,shared,roots
ssh,0.10726643598615918,b_only,serene
ssh,0.6410256410256411,shared,wearing
ssh,0.08108108108108109,b_only,muff
ssh,0.28,shared,through
ssh,1.0,a_only,awards
ssh,1.0,a_only,electricity
ssh,0.797752808988764,shared,dialect
ssh,1.0,a_only,ahmad
ssh,0.7021276595744681,shared,robe
ssh,1.0,a_only,ueshiba
ssh,0.5920398009950248,shared,trap
ssh,0.2903225806451613,shared,extraordinary
ssh,0.6,shared,x
ssh,0.6161616161616161,shared,infinitely
ssh,0.797752808988764,shared,panel
ssh,0.06666666666666667,b_only,shouted
ssh,0.0738255033557047,b_only,chin
ssh,1.0,a_only,agate
ssh,1.0,a_only,maintaining
ssh,0.3114754098360656,shared,pass
ssh,0.0958904109589041,b_only,peasant
ssh,1.0,a_only,benz
ssh,0.7777777777777778,shared,crushing
ssh,0.5686274509803921,shared,sand
ssh,0.3278008298755187,shared,search
ssh,0.350210970464135,shared,any
ssh,1.0,a_only,priority
ssh,1.0,a_only,ancestry
ssh,1.0,a_only,welsh
ssh,0.6666666666666666,shared,embraced
ssh,0.675392670157068,shared,sale
ssh,0.7582417582417582,shared,serves
ssh,1.0,a_only,accordion
ssh,0.675392670157068,shared,simultaneously
ssh,1.0,a_only,worker
ssh,0.08843537414965986,b_only,rat
ssh,1.0,a_only,lillian
ssh,1.0,a_only,aggression
ssh,0.5384615384615384,shared,tracks
ssh,0.40350877192982454,shared,foolish
ssh,0.29554655870445345,shared,least
ssh,0.5023474178403756,shared,families
ssh,1.0,a_only,production
ssh,0.7877094972067039,shared,reluctant
ssh,0.7486338797814208,shared,aristocracy
ssh,0.08108108108108109,b_only,knocking
ssh,0.8390804597701149,shared,involving
ssh,1.0,a_only,sebastian
ssh,0.5763546798029556,shared,bodies
ssh,1.0,a_only,document
ssh,0.6080402010050251,shared,slavery
ssh,0.5841584158415841,shared,chase
ssh,1.0,a_only,iowa
ssh,1.0,a_only,forts
ssh,0.7021276595744681,shared,harmony
ssh,1.0,a_only,apostles
ssh,1.0,a_only,choir
ssh,1.0,a_only,arid
ssh,1.0,a_only,org
ssh,0.7486338797814208,shared,statements
ssh,0.7486338797814208,shared,bullet
ssh,0.44144144144144143,shared,completely
ssh,0.4222222222222222,shared,approached
ssh,0.5458937198067633,shared,sweep
ssh,0.11498257839721254,b_only,dad
ssh,0.4883720930232558,shared,hitherto
ssh,0.42857142857142855,shared,readily
ssh,0.05263157894736842,b_only,longbourn
ssh,1.0,a_only,hamilton
ssh,0.675392670157068,shared,miller
ssh,0.09215017064846416,b_only,stryver
ssh,1.0,a_only,ainu
ssh,1.0,a_only,representative
ssh,0.3389121338912134,shared,breast
ssh,0.29554655870445345,shared,tried
ssh,0.2648221343873518,shared,necessary
ssh,0.7582417582417582,shared,conflict
ssh,1.0,a_only,collections
ssh,0.3793103448275862,shared,favour
ssh,0.6494845360824743,shared,collect
ssh,0.4479638009049774,shared,buried
ssh,0.0958904109589041,b_only,whaling
ssh,1.0,a_only,pr
ssh,0.4883720930232558,shared,honey
ssh,1.0,a_only,looters
ssh,0.2903225806451613,shared,ought
ssh,0.4883720930232558,shared,intimate
ssh,0.5311004784688995,shared,final
ssh,0.5311004784688995,shared,borne
ssh,0.10344827586206896,b_only,startled
ssh,1.0,a_only,spaceflight
ssh,1.0,a_only,contributing
ssh,1.0,a_only,overlap
ssh,0.29554655870445345,shared,evil
ssh,0.245136186770428,shared,fixed
ssh,1.0,a_only,annexation
ssh,1.0,a_only,nebraska
ssh,0.3793103448275862,shared,habit
ssh,0.42857142857142855,shared,equally
ssh,1.0,a_only,abc
ssh,1.0,a_only,buddhism
ssh,0.5094339622641509,shared,motive
ssh,0.29554655870445345,shared,worth
ssh,1.0,a_only,directory
ssh,1.0,a_only,extraction
ssh,0.245136186770428,shared,both
ssh,0.4883720930232558,shared,applied
ssh,1.0,a_only,zeus
ssh,1.0,a_only,archaeology
ssh,0.5763546798029556,shared,shooting
ssh,0.09965635738831616,b_only,faults
ssh,1.0,a_only,tat
ssh,1.0,a_only,christopher
ssh,1.0,a_only,doyle
ssh,0.09965635738831616,b_only,uneasiness
ssh,0.7112299465240641,shared,stomach
ssh,0.09215017064846416,b_only,swinging
ssh,1.0,a_only,suburbs
ssh,0.46788990825688076,shared,behaviour
ssh,1.0,a_only,correction
ssh,0.46788990825688076,shared,objects
ssh,0.675392670157068,shared,switzerland
ssh,0.0958904109589041,b_only,darling
ssh,0.09215017064846416,b_only,carriages
ssh,0.2648221343873518,shared,key
ssh,0.3333333333333333,shared,struggle
ssh,0.09965635738831616,b_only,rattle
ssh,0.6842105263157895,shared,alternative
ssh,0.7391304347826086,shared,abuse
ssh,1.0,a_only,subset
ssh,0.3278008298755187,shared,breath
ssh,1.0,a_only,protons
ssh,1.0,a_only,quarterback
ssh,1.0,a_only,operator
ssh,1.0,a_only,executive
ssh,0.6580310880829016,shared,non
ssh,0.11498257839721254,b_only,candles
ssh,1.0,a_only,destructive
ssh,0.3114754098360656,shared,bank
ssh,1.0,a_only,organ
ssh,0.30612244897959184,shared,immediately
ssh,0.07023411371237458,b_only,nana
ssh,1.0,a_only,abwehr
ssh,0.8390804597701149,shared,testimony
ssh,1.0,a_only,mysticism
ssh,1.0,a_only,pius
ssh,1.0,a_only,campaigns
ssh,0.3168724279835391,shared,exclaimed
ssh,1.0,a_only,guy
ssh,0.285140562248996,shared,does
ssh,1.0,a_only,loyal
ssh,0.5533980582524272,shared,variety
ssh,0.08843537414965986,b_only,compliment
ssh,0.4349775784753363,shared,heavens
ssh,0.6243654822335025,shared,selected
ssh,0.5763546798029556,shared,feed
ssh,1.0,a_only,suppression
ssh,0.7021276595744681,shared,resistance
ssh,0.7297297297297297,shared,dense
ssh,0.807909604519774,shared,salvation
ssh,0.08843537414965986,b_only,lucases
ssh,0.7486338797814208,shared,partially
ssh,1.0,a_only,herman
ssh,1.0,a_only,franco
ssh,0.6666666666666666,shared,representing
ssh,0.09965635738831616,b_only,beautifully
ssh,0.11498257839721254,b_only,smiled
ssh,0.2903225806451613,shared,remain
ssh,0.7204301075268817,shared,obedience
ssh,0.807909604519774,shared,additions
ssh,1.0,a_only,scrimmage
ssh,0.5609756097560976,shared,probability
ssh,1.0,a_only,cambridge
ssh,0.5094339622641509,shared,parties
ssh,1.0,a_only,airline
ssh,1.0,a_only,psyche
ssh,0.3114754098360656,shared,wake
ssh,1.0,a_only,aleutian
ssh,0.32231404958677684,shared,particularly
ssh,0.5311004784688995,shared,skin
ssh,1.0,a_only,albatrosses
ssh,0.5609756097560976,shared,signed
ssh,1.0,a_only,resulted
ssh,1.0,a_only,gregorian
ssh,1.0,a_only,unity
ssh,1.0,a_only,moscow
ssh,0.0847457627118644,b_only,aunt
ssh,0.5533980582524272,shared,swimming
ssh,0.37339055793991416,shared,fallen
ssh,0.7297297297297297,shared,clothing
ssh,0.08108108108108109,b_only,timid
ssh,1.0,a_only,translates
ssh,0.30612244897959184,shared,minute
ssh,0.11888111888111888,b_only,dared
ssh,0.09215017064846416,b_only,gratified
ssh,0.08843537414965986,b_only,entreaties
ssh,0.5458937198067633,shared,upset
ssh,0.5384615384615384,shared,likewise
ssh,1.0,a_only,revolt
ssh,0.7486338797814208,shared,latest
ssh,0.797752808988764,shared,heated
ssh,0.04918032786885246,b_only,sleepy
ssh,0.0738255033557047,b_only,grieved
ssh,0.29554655870445345,shared,dropped
ssh,1.0,a_only,irrational
ssh,0.6931216931216931,shared,register
ssh,0.7679558011049724,shared,grove
ssh,0.6842105263157895,shared,identity
ssh,0.4953271028037383,shared,views
ssh,0.07023411371237458,b_only,drowned
ssh,1.0,a_only,cm
ssh,0.7777777777777778,shared,freed
ssh,1.0,a_only,terrain
ssh,0.7391304347826086,shared,exposure
ssh,1.0,a_only,albertus
ssh,1.0,a_only,famously
ssh,0.0958904109589041,b_only,ther
ssh,0.7877094972067039,shared,concentration
ssh,0.5458937198067633,shared,lots
ssh,1.0,a_only,warfare
ssh,0.6580310880829016,shared,unnecessary
ssh,1.0,a_only,genetic
ssh,0.807909604519774,shared,lions
ssh,0.5763546798029556,shared,shoot
ssh,0.09215017064846416,b_only,deserve
ssh,0.37339055793991416,shared,conscience
ssh,0.3114754098360656,shared,again
ssh,1.0,a_only,hellenistic
ssh,1.0,a_only,yields
ssh,1.0,a_only,chloroplasts
ssh,0.3008130081300813,shared,deep
ssh,1.0,a_only,steve
ssh,0.0738255033557047,b_only,knowed
ssh,1.0,a_only,queensland
ssh,1.0,a_only,preventing
ssh,0.6580310880829016,shared,spelling
ssh,0.6161616161616161,shared,dated
ssh,0.6931216931216931,shared,wrath
ssh,1.0,a_only,mikhail
ssh,1.0,a_only,rothbard
ssh,1.0,a_only,anno
ssh,1.0,a_only,review
ssh,0.5920398009950248,shared,ambition
ssh,1.0,a_only,earl
ssh,0.3559322033898305,shared,covered
ssh,0.797752808988764,shared,authoritative
ssh,0.2698412698412698,shared,clothes
ssh,0.10726643598615918,b_only,offended
ssh,0.7486338797814208,shared,growth
ssh,1.0,a_only,economist
ssh,0.10726643598615918,b_only,daylight
ssh,0.09965635738831616,b_only,lodging
ssh,1.0,a_only,anchors
ssh,0.2698412698412698,shared,lady
ssh,0.3445378151260504,shared,instantly
ssh,0.7777777777777778,shared,investigations
ssh,0.7582417582417582,shared,ridges
ssh,0.7877094972067039,shared,stem
ssh,1.0,a_only,kay
ssh,1.0,a_only,excavation
ssh,0.07023411371237458,b_only,abhorred
ssh,0.7486338797814208,shared,submitted
ssh,1.0,a_only,achill
ssh,0.6410256410256411,shared,attributed
ssh,1.0,a_only,exaggerated
ssh,0.3333333333333333,shared,join
ssh,1.0,a_only,ion
ssh,1.0,a_only,rating
ssh,0.6842105263157895,shared,promising
ssh,0.6243654822335025,shared,tobacco
ssh,0.7297297297297297,shared,xv
ssh,1.0,a_only,extinct
ssh,0.7297297297297297,shared,robert
ssh,1.0,a_only,rates
ssh,0.3168724279835391,shared,lit
ssh,0.42857142857142855,shared,efforts
ssh,1.0,a_only,offense
ssh,0.09215017064846416,b_only,witch
ssh,0.3389121338912134,shared,precious
ssh,0.8390804597701149,shared,rubber
ssh,0.6326530612244898,shared,increasing
ssh,0.6931216931216931,shared,seats
ssh,1.0,a_only,universe
ssh,0.5384615384615384,shared,examining
ssh,0.08843537414965986,b_only,strolled
ssh,1.0,a_only,anthony
ssh,0.7391304347826086,shared,philosophers
ssh,0.48148148148148145,shared,mass
ssh,0.797752808988764,shared,kills
ssh,1.0,a_only,monitor
ssh,1.0,a_only,excluding
ssh,1.0,a_only,subcontinent
ssh,0.5238095238095238,shared,co
ssh,0.3333333333333333,shared,escape
ssh,0.6931216931216931,shared,preceding
ssh,1.0,a_only,align
ssh,1.0,a_only,global
ssh,1.0,a_only,turkic
ssh,0.5458937198067633,shared,owns
ssh,1.0,a_only,cited
ssh,0.6410256410256411,shared,providence
ssh,0.25984251968503935,shared,are
ssh,1.0,a_only,conferences
ssh,1.0,a_only,nomination
ssh,0.8181818181818182,shared,anatomy
ssh,1.0,a_only,marcus
ssh,0.3278008298755187,shared,him
ssh,0.09215017064846416,b_only,shawl
ssh,0.3617021276595745,shared,expression
ssh,0.30612244897959184,shared,worse
ssh,0.3114754098360656,shared,alive
ssh,0.07744107744107744,b_only,hungry
ssh,0.09965635738831616,b_only,shattered
ssh,1.0,a_only,conrad
ssh,0.7486338797814208,shared,flocked
ssh,0.6931216931216931,shared,fearing
ssh,0.6243654822335025,shared,pack
ssh,1.0,a_only,veterans
ssh,0.5384615384615384,shared,recall
ssh,1.0,a_only,greeks
ssh,1.0,a_only,fisheries
ssh,0.09965635738831616,b_only,closet
ssh,1.0,a_only,bruce
ssh,1.0,a_only,liquid
ssh,0.39737991266375544,shared,personal
ssh,0.7112299465240641,shared,originally
ssh,1.0,a_only,dose
ssh,0.30612244897959184,shared,filled
ssh,0.08108108108108109,b_only,vulgar
ssh,0.09965635738831616,b_only,hang
ssh,0.7679558011049724,shared,armour
ssh,0.5238095238095238,shared,cake
ssh,1.0,a_only,reforms
ssh,0.36752136752136755,shared,loss
ssh,0.0738255033557047,b_only,pathetic
ssh,1.0,a_only,widespread
ssh,1.0,a_only,arabic
ssh,1.0,a_only,vehicles
ssh,0.09965635738831616,b_only,clearing
ssh,1.0,a_only,alchemy
ssh,0.3852813852813853,shared,greatly
ssh,0.07744107744107744,b_only,folks
ssh,0.11498257839721254,b_only,coarse
ssh,1.0,a_only,historian
ssh,0.7679558011049724,shared,recovery
ssh,0.06312292358803986,b_only,pencil
ssh,1.0,a_only,economic
ssh,0.3333333333333333,shared,green
ssh,0.40350877192982454,shared,warm
ssh,1.0,a_only,canonical
ssh,0.6931216931216931,shared,inscriptions
ssh,1.0,a_only,georgia
ssh,0.7112299465240641,shared,rooted
ssh,0.24031007751937986,shared,early
ssh,0.8285714285714286,shared,lloyd
ssh,0.08843537414965986,b_only,boscombe
ssh,0.09215017064846416,b_only,moran
ssh,1.0,a_only,billy
ssh,0.25984251968503935,shared,slowly
ssh,0.0738255033557047,b_only,winchester
ssh,0.6161616161616161,shared,range
ssh,0.3852813852813853,shared,gun
ssh,1.0,a_only,unsafe
ssh,1.0,a_only,almonds
ssh,0.6161616161616161,shared,proposal
ssh,1.0,a_only,parity
ssh,1.0,a_only,ralph
ssh,1.0,a_only,estimates
ssh,0.3168724279835391,shared,terror
ssh,0.06312292358803986,b_only,yesterday
ssh,1.0,a_only,tribes
ssh,1.0,a_only,traditionally
ssh,0.7582417582417582,shared,requiring
ssh,1.0,a_only,amplitude
ssh,1.0,a_only,ampere
ssh,0.5238095238095238,shared,trusted
ssh,0.44144144144144143,shared,add
ssh,0.23552123552123552,shared,don
ssh,0.7777777777777778,shared,fires
ssh,0.6842105263157895,shared,affect
ssh,0.30612244897959184,shared,stopped
ssh,0.3333333333333333,shared,consider
ssh,0.10344827586206896,b_only,ornery
ssh,1.0,a_only,johann
ssh,1.0,a_only,sweden
ssh,0.6580310880829016,shared,ribbon
ssh,0.4349775784753363,shared,plans
ssh,0.1111111111111111,b_only,bride
ssh,0.6580310880829016,shared,placing
ssh,1.0,a_only,caligula
ssh,0.29554655870445345,shared,england
ssh,1.0,a_only,recurring
ssh,0.3617021276595745,shared,unknown
ssh,0.6931216931216931,shared,extensive
ssh,0.08108108108108109,b_only,ours
ssh,0.09965635738831616,b_only,smoked
ssh,0.6580310880829016,shared,monsters
ssh,0.4349775784753363,shared,attack
ssh,1.0,a_only,indonesia
ssh,1.0,a_only,synod
ssh,1.0,a_only,unemployment
ssh,1.0,a_only,tissue
ssh,0.7679558011049724,shared,weigh
ssh,0.350210970464135,shared,train
ssh,1.0,a_only,ignored
ssh,0.3168724279835391,shared,writing
ssh,0.059602649006622516,b_only,theirs
ssh,0.3168724279835391,shared,lamp
ssh,0.6580310880829016,shared,musical
ssh,0.7877094972067039,shared,covers
ssh,1.0,a_only,enhanced
ssh,1.0,a_only,gen
ssh,1.0,a_only,nonetheless
ssh,0.1111111111111111,b_only,turtle
ssh,0.0847457627118644,b_only,forgive
ssh,0.28,shared,while
ssh,0.5458937198067633,shared,severe
ssh,0.08843537414965986,b_only,thither
ssh,0.3617021276595745,shared,becoming
ssh,0.6931216931216931,shared,opera
ssh,1.0,a_only,chairman
ssh,0.5920398009950248,shared,patriots
ssh,1.0,a_only,geographical
ssh,1.0,a_only,adiabatic
ssh,1.0,a_only,telescope
ssh,0.2549019607843137,shared,best
ssh,0.07744107744107744,b_only,gems
ssh,1.0,a_only,hits
ssh,0.7112299465240641,shared,headache
ssh,1.0,a_only,com
ssh,0.6243654822335025,shared,guidance
ssh,1.0,a_only,fails
ssh,0.807909604519774,shared,gateway
ssh,0.3793103448275862,shared,press
ssh,0.0847457627118644,b_only,pudding
ssh,0.07744107744107744,b_only,blinds
ssh,1.0,a_only,spartan
ssh,0.5763546798029556,shared,speedily
ssh,0.675392670157068,shared,prime
ssh,1.0,a_only,cities
ssh,0.07744107744107744,b_only,waking
ssh,1.0,a_only,angles
ssh,1.0,a_only,championship
ssh,0.7582417582417582,shared,impressive
ssh,1.0,a_only,encyclopedia
ssh,0.0738255033557047,b_only,westenra
ssh,1.0,a_only,amaranth
ssh,0.40969162995594716,shared,storm
ssh,1.0,a_only,peninsula
ssh,1.0,a_only,essay
ssh,1.0,a_only,organism
ssh,1.0,a_only,etymology
ssh,1.0,a_only,opponents
ssh,0.7391304347826086,shared,unlikely
ssh,0.6243654822335025,shared,determination
ssh,1.0,a_only,loosely
ssh,1.0,a_only,sa
ssh,0.3617021276595745,shared,fault
ssh,0.32231404958677684,shared,changed
ssh,1.0,a_only,albedo
ssh,1.0,a_only,adams
ssh,0.5763546798029556,shared,string
ssh,1.0,a_only,sided
ssh,0.7777777777777778,shared,vicinity
ssh,1.0,a_only,publishing
ssh,1.0,a_only,flourished
ssh,0.7777777777777778,shared,spectral
ssh,0.7112299465240641,shared,bottles
ssh,0.39737991266375544,shared,wicked
ssh,0.350210970464135,shared,inside
ssh,0.6842105263157895,shared,parish
ssh,0.8390804597701149,shared,binding
ssh,1.0,a_only,meaningless
ssh,0.6161616161616161,shared,pa
ssh,0.2648221343873518,shared,boy
ssh,0.8285714285714286,shared,berkeley
ssh,1.0,a_only,students
ssh,1.0,a_only,stadium
ssh,0.07023411371237458,b_only,swung
ssh,0.797752808988764,shared,transactions
ssh,0.09965635738831616,b_only,ecstasy
ssh,1.0,a_only,tissues
ssh,0.7112299465240641,shared,overwhelmed
ssh,0.7582417582417582,shared,surveyed
ssh,1.0,a_only,equilibrium
ssh,1.0,a_only,lyrics
ssh,0.44144144144144143,shared,becomes
ssh,0.09215017064846416,b_only,candle
ssh,0.5841584158415841,shared,income
ssh,0.07023411371237458,b_only,monde
ssh,0.5165876777251185,shared,furniture
ssh,1.0,a_only,splitting
ssh,0.4883720930232558,shared,hunt
ssh,0.1111111111111111,b_only,interruption
ssh,1.0,a_only,maryland
ssh,0.8390804597701149,shared,ascent
ssh,0.36752136752136755,shared,setting
ssh,0.3278008298755187,shared,wind
ssh,1.0,a_only,focus
ssh,0.4349775784753363,shared,minds
ssh,0.47465437788018433,shared,saturday
ssh,0.5458937198067633,shared,reflections
ssh,0.4883720930232558,shared,ending
ssh,0.5165876777251185,shared,union
ssh,0.8390804597701149,shared,adam
ssh,0.09965635738831616,b_only,memorandum
ssh,0.3445378151260504,shared,pocket
ssh,0.415929203539823,shared,disappeared
ssh,0.7679558011049724,shared,circles
ssh,1.0,a_only,aeneas
ssh,0.08108108108108109,b_only,amidst
ssh,0.7679558011049724,shared,addison
ssh,1.0,a_only,comparable
ssh,1.0,a_only,epiphanius
ssh,1.0,a_only,aliens
ssh,0.6842105263157895,shared,scale
ssh,0.10344827586206896,b_only,welshman
ssh,1.0,a_only,predicted
ssh,0.6326530612244898,shared,shared
ssh,0.285140562248996,shared,nearly
ssh,1.0,a_only,amide
ssh,1.0,a_only,manufacturing
ssh,0.7582417582417582,shared,boundary
ssh,1.0,a_only,doubleday
ssh,0.5609756097560976,shared,recorded
ssh,0.350210970464135,shared,suffered
ssh,0.7486338797814208,shared,enterprise
ssh,0.7777777777777778,shared,streams
ssh,0.2749003984063745,shared,deal
ssh,1.0,a_only,submarine
ssh,0.22137404580152673,shared,hand
ssh,0.4953271028037383,shared,lover
ssh,0.0847457627118644,b_only,graceful
ssh,0.11498257839721254,b_only,listening
ssh,0.07023411371237458,b_only,slate
ssh,0.32231404958677684,shared,rich
ssh,1.0,a_only,calculating
ssh,0.0847457627118644,b_only,rip
ssh,0.39737991266375544,shared,equal
ssh,1.0,a_only,helicopters
ssh,0.8390804597701149,shared,forests
ssh,0.06666666666666667,b_only,favourable
ssh,0.09215017064846416,b_only,windibank
ssh,0.08108108108108109,b_only,clad
ssh,0.5841584158415841,shared,accused
ssh,0.5763546798029556,shared,deny
ssh,1.0,a_only,emirates
ssh,0.3617021276595745,shared,ay
ssh,1.0,a_only,termed
ssh,0.4953271028037383,shared,related
ssh,1.0,a_only,layers
ssh,0.5609756097560976,shared,elements
ssh,0.5763546798029556,shared,inhabitants
ssh,0.6080402010050251,shared,routine
ssh,1.0,a_only,objectivist
ssh,0.5384615384615384,shared,cairo
ssh,0.3852813852813853,shared,justice
ssh,0.6326530612244898,shared,suited
ssh,0.3559322033898305,shared,distance
ssh,0.5238095238095238,shared,reputation
ssh,0.6161616161616161,shared,attorney
ssh,1.0,a_only,strategies
ssh,0.2903225806451613,shared,something
ssh,0.2549019607843137,shared,begun
ssh,0.4222222222222222,shared,built
ssh,1.0,a_only,imagery
ssh,1.0,a_only,warriors
ssh,1.0,a_only,tucker
ssh,1.0,a_only,implementations
ssh,1.0,a_only,quantities
ssh,0.0847457627118644,b_only,fetch
ssh,1.0,a_only,francisco
ssh,0.5311004784688995,shared,tide
ssh,1.0,a_only,favored
ssh,0.6161616161616161,shared,salt
ssh,0.6243654822335025,shared,bills
ssh,1.0,a_only,carrel
ssh,0.3114754098360656,shared,eight
ssh,0.5533980582524272,shared,monday
ssh,0.285140562248996,shared,even
ssh,1.0,a_only,comments
ssh,0.807909604519774,shared,denounced
ssh,1.0,a_only,navy
ssh,0.5458937198067633,shared,incident
ssh,0.7297297297297297,shared,tar
ssh,1.0,a_only,scripts
ssh,0.2749003984063745,shared,de
ssh,0.6161616161616161,shared,promises
ssh,0.5920398009950248,shared,remote
ssh,0.7777777777777778,shared,diamonds
ssh,0.7391304347826086,shared,gravel
ssh,0.6,shared,debts
ssh,0.2648221343873518,shared,story
ssh,1.0,a_only,transcontinental
ssh,0.1111111111111111,b_only,hugged
ssh,0.25,shared,observed
ssh,1.0,a_only,aalborg
ssh,0.7204301075268817,shared,intelligible
ssh,1.0,a_only,singles
ssh,0.7204301075268817,shared,destroyer
ssh,1.0,a_only,candidate
ssh,1.0,a_only,kong
ssh,1.0,a_only,photographer
ssh,0.285140562248996,shared,other
ssh,1.0,a_only,output
ssh,0.5311004784688995,shared,wolf
ssh,0.5165876777251185,shared,produce
ssh,0.0738255033557047,b_only,lordship
ssh,1.0,a_only,surgery
ssh,0.5458937198067633,shared,suspense
ssh,0.5458937198067633,shared,distinguish
ssh,0.29554655870445345,shared,mind
ssh,1.0,a_only,americas
ssh,0.285140562248996,shared,home
ssh,1.0,a_only,function
ssh,1.0,a_only,councils
ssh,0.7204301075268817,shared,alfred
ssh,0.415929203539823,shared,explanation
ssh,1.0,a_only,clinical
ssh,0.6666666666666666,shared,contributed
ssh,1.0,a_only,documentary
ssh,1.0,a_only,costs
ssh,0.285140562248996,shared,queen
ssh,0.08843537414965986,b_only,geese
ssh,0.7486338797814208,shared,majority
ssh,1.0,a_only,premiers
ssh,1.0,a_only,portugal
ssh,1.0,a_only,activities
ssh,0.3114754098360656,shared,widow
ssh,0.3852813852813853,shared,whale
ssh,0.07023411371237458,b_only,secrecy
ssh,1.0,a_only,gnosticism
ssh,1.0,a_only,team
ssh,0.0958904109589041,b_only,housekeeper
ssh,0.3852813852813853,shared,troubles
ssh,0.7391304347826086,shared,bureau
ssh,0.3559322033898305,shared,marry
ssh,1.0,a_only,attributes
ssh,1.0,a_only,willard
ssh,0.5458937198067633,shared,egg
ssh,1.0,a_only,aberdeen
ssh,0.09215017064846416,b_only,stump
ssh,0.5165876777251185,shared,pew
ssh,1.0,a_only,controlled
ssh,0.6,shared,bloom
ssh,1.0,a_only,embassy
ssh,0.5458937198067633,shared,doctors
ssh,0.28,shared,waiting
ssh,0.807909604519774,shared,void
ssh,1.0,a_only,penalties
ssh,0.1387900355871886,b_only,madam
ssh,1.0,a_only,columns
ssh,0.6842105263157895,shared,aimed
ssh,0.0847457627118644,b_only,shiver
ssh,0.6666666666666666,shared,hired
ssh,0.08108108108108109,b_only,bats
ssh,0.5023474178403756,shared,overcome
ssh,1.0,a_only,supplies
ssh,1.0,a_only,predecessors
ssh,0.6931216931216931,shared,pigs
ssh,0.08843537414965986,b_only,telegram
ssh,0.797752808988764,shared,homes
ssh,0.6326530612244898,shared,fortunes
ssh,0.285140562248996,shared,nor
ssh,1.0,a_only,russians
ssh,0.08843537414965986,b_only,tink
ssh,1.0,a_only,armor
ssh,0.08843537414965986,b_only,ling
ssh,0.5841584158415841,shared,established
ssh,0.5238095238095238,shared,passages
ssh,0.5094339622641509,shared,traces
ssh,1.0,a_only,pamphlet
ssh,1.0,a_only,terminology
ssh,1.0,a_only,barbara
ssh,0.3559322033898305,shared,orders
ssh,1.0,a_only,fairbanks
ssh,0.6931216931216931,shared,classes
ssh,1.0,a_only,funds
ssh,0.09215017064846416,b_only,mast
ssh,1.0,a_only,nominated
ssh,1.0,a_only,carbon
ssh,0.7112299465240641,shared,plea
ssh,1.0,a_only,corporation
ssh,0.3333333333333333,shared,did
ssh,0.30612244897959184,shared,natural
ssh,0.45454545454545453,shared,anger
ssh,1.0,a_only,afc
ssh,1.0,a_only,resin
ssh,0.6842105263157895,shared,worldly
ssh,0.4349775784753363,shared,amount
ssh,0.0958904109589041,b_only,doom
ssh,0.7877094972067039,shared,poisoning
ssh,1.0,a_only,rijndael
ssh,0.5023474178403756,shared,assistance
ssh,0.7112299465240641,shared,cracking
ssh,0.6243654822335025,shared,leader
ssh,1.0,a_only,expanding
ssh,0.10726643598615918,b_only,waiter
ssh,1.0,a_only,altitude
ssh,0.5920398009950248,shared,blade
ssh,0.39737991266375544,shared,strongly
ssh,1.0,a_only,crystals
ssh,1.0,a_only,vladimir
ssh,0.3278008298755187,shared,boat
ssh,0.6842105263157895,shared,guinea
ssh,1.0,a_only,lyon
ssh,0.3168724279835391,shared,daughter
ssh,0.6494845360824743,shared,sensitive
ssh,0.0958904109589041,b_only,affections
ssh,0.6580310880829016,shared,operations
ssh,0.6580310880829016,shared,spectators
ssh,0.7777777777777778,shared,underground
ssh,0.4953271028037383,shared,awkward
ssh,1.0,a_only,permanently
ssh,1.0,a_only,abjad
ssh,1.0,a_only,mike
ssh,0.2903225806451613,shared,like
ssh,0.4479638009049774,shared,accident
ssh,0.7204301075268817,shared,stephen
ssh,0.675392670157068,shared,tendency
ssh,0.350210970464135,shared,nearer
ssh,1.0,a_only,kurtz
ssh,0.2903225806451613,shared,crying
ssh,0.3617021276595745,shared,weak
ssh,0.7391304347826086,shared,ranks
ssh,0.5686274509803921,shared,preacher
ssh,0.2648221343873518,shared,must
ssh,0.06666666666666667,b_only,resolute
ssh,0.7112299465240641,shared,insufficient
ssh,1.0,a_only,einstein
ssh,1.0,a_only,matrix
ssh,0.6842105263157895,shared,tonight
ssh,1.0,a_only,scholar
ssh,1.0,a_only,exclusive
ssh,1.0,a_only,satirical
ssh,0.6666666666666666,shared,craft
ssh,0.3008130081300813,shared,remained
ssh,1.0,a_only,swedish
ssh,1.0,a_only,postal
ssh,1.0,a_only,algeria
ssh,0.3008130081300813,shared,jane
ssh,0.0847457627118644,b_only,roylott
ssh,1.0,a_only,egyptians
ssh,1.0,a_only,brand
ssh,1.0,a_only,nashville
ssh,1.0,a_only,beginnings
ssh,0.6842105263157895,shared,rail
ssh,0.32231404958677684,shared,last
ssh,0.6,shared,chicken
ssh,0.3278008298755187,shared,forgotten
ssh,0.23552123552123552,shared,on
ssh,0.5311004784688995,shared,lake
ssh,0.6580310880829016,shared,horizon
ssh,1.0,a_only,atari
ssh,0.797752808988764,shared,stores
ssh,0.6080402010050251,shared,unfortunately
ssh,0.10344827586206896,b_only,godalming
ssh,0.3617021276595745,shared,agreed
ssh,1.0,a_only,training
ssh,1.0,a_only,gregory
ssh,1.0,a_only,emigrated
ssh,0.0847457627118644,b_only,hearth
ssh,0.7204301075268817,shared,nail
ssh,0.3445378151260504,shared,crime
ssh,0.8181818181818182,shared,longest
ssh,0.39737991266375544,shared,clean
ssh,1.0,a_only,surveys
ssh,0.7021276595744681,shared,scholars
ssh,1.0,a_only,napoleon
ssh,0.6666666666666666,shared,economy
ssh,1.0,a_only,derives
ssh,0.3333333333333333,shared,law
ssh,0.6842105263157895,shared,sends
ssh,0.28,shared,us
ssh,0.25984251968503935,shared,pleasure
ssh,0.5023474178403756,shared,treatment
ssh,1.0,a_only,aids
ssh,0.3852813852813853,shared,lifted
ssh,0.5165876777251185,shared,hunter
ssh,1.0,a_only,kinetic
ssh,1.0,a_only,afi
ssh,0.5458937198067633,shared,reasonable
ssh,0.6666666666666666,shared,shine
ssh,1.0,a_only,fetus
ssh,0.6161616161616161,shared,discovering
ssh,0.3114754098360656,shared,which
ssh,0.285140562248996,shared,study
ssh,0.5238095238095238,shared,ugly
ssh,1.0,a_only,revised
ssh,0.6580310880829016,shared,exalted
ssh,0.7391304347826086,shared,research
ssh,0.3168724279835391,shared,cold
ssh,0.6161616161616161,shared,hank
ssh,1.0,a_only,pueblo
ssh,1.0,a_only,vocal
ssh,0.5686274509803921,shared,sh
ssh,0.22137404580152673,shared,afraid
ssh,0.2749003984063745,shared,may
ssh,0.3793103448275862,shared,peculiar
ssh,0.06666666666666667,b_only,admirable
ssh,0.5458937198067633,shared,harper
ssh,1.0,a_only,justification
ssh,1.0,a_only,petroleum
ssh,1.0,a_only,compounds
ssh,1.0,a_only,scriptures
ssh,0.7391304347826086,shared,accord
ssh,1.0,a_only,linebacker
ssh,0.0847457627118644,b_only,mos
ssh,1.0,a_only,perspective
ssh,0.2749003984063745,shared,collins
ssh,0.6410256410256411,shared,celebrated
ssh,0.807909604519774,shared,treason
ssh,1.0,a_only,asteroid
ssh,1.0,a_only,andorra
ssh,0.08843537414965986,b_only,smee
ssh,0.4611872146118721,shared,pretend
ssh,0.0738255033557047,b_only,hatter
ssh,0.7021276595744681,shared,responded
ssh,0.5458937198067633,shared,faithful
ssh,1.0,a_only,solubility
ssh,0.10344827586206896,b_only,yonder
ssh,0.6326530612244898,shared,owing
ssh,1.0,a_only,shots
ssh,1.0,a_only,refugees
ssh,1.0,a_only,mosque
ssh,1.0,a_only,theorem
ssh,0.48148148148148145,shared,receiving
ssh,0.5533980582524272,shared,lawyer
ssh,0.6931216931216931,shared,crowds
ssh,0.797752808988764,shared,expensive
ssh,0.06312292358803986,b_only,composure
ssh,1.0,a_only,individualists
ssh,0.09965635738831616,b_only,silly
ssh,0.10344827586206896,b_only,admire
ssh,0.7297297297297297,shared,presentation
ssh,0.6080402010050251,shared,owe
ssh,0.0847457627118644,b_only,congratulate
ssh,0.7112299465240641,shared,joseph
ssh,0.4479638009049774,shared,misfortune
ssh,0.350210970464135,shared,difficulty
ssh,0.4479638009049774,shared,sell
ssh,1.0,a_only,saints
ssh,1.0,a_only,urn
ssh,0.0847457627118644,b_only,creep
ssh,1.0,a_only,prolific
ssh,0.30612244897959184,shared,lot
ssh,0.4349775784753363,shared,stirring
ssh,0.09215017064846416,b_only,impatiently
ssh,1.0,a_only,antigua
ssh,0.7391304347826086,shared,sighted
ssh,1.0,a_only,temperate
ssh,0.7297297297297297,shared,diamond
ssh,1.0,a_only,industrial
ssh,0.30612244897959184,shared,years
ssh,0.5094339622641509,shared,unlike
ssh,1.0,a_only,opposing
ssh,1.0,a_only,maintains
ssh,0.675392670157068,shared,opportunities
ssh,1.0,a_only,elect
ssh,1.0,a_only,liberalism
ssh,1.0,a_only,serial
ssh,0.40969162995594716,shared,rope
ssh,1.0,a_only,bernard
ssh,0.8390804597701149,shared,attribute
ssh,1.0,a_only,storage
ssh,0.07023411371237458,b_only,sigh
ssh,1.0,a_only,astronomers
ssh,1.0,a_only,genre
ssh,0.2648221343873518,shared,master
ssh,0.09215017064846416,b_only,cigars
ssh,0.7877094972067039,shared,knights
ssh,0.4479638009049774,shared,adventures
ssh,0.12280701754385964,b_only,gaily
ssh,0.06666666666666667,b_only,sweetly
ssh,0.7204301075268817,shared,reaction
ssh,0.6410256410256411,shared,returns
ssh,0.5165876777251185,shared,blamed
ssh,0.8497109826589595,shared,sands
ssh,0.5841584158415841,shared,wrought
ssh,1.0,a_only,booth
ssh,1.0,a_only,movies
ssh,1.0,a_only,angola
ssh,1.0,a_only,claudius
ssh,0.3445378151260504,shared,shown
ssh,0.7297297297297297,shared,lasting
ssh,0.4953271028037383,shared,oath
ssh,1.0,a_only,mythological
ssh,1.0,a_only,iliad
ssh,1.0,a_only,taxonomy
ssh,0.45454545454545453,shared,settle
ssh,1.0,a_only,mines
ssh,1.0,a_only,crops
ssh,0.3445378151260504,shared,brain
ssh,1.0,a_only,concepts
ssh,1.0,a_only,bass
ssh,1.0,a_only,integral
ssh,0.11498257839721254,b_only,yelling
ssh,0.46788990825688076,shared,fellows
ssh,1.0,a_only,ra
ssh,0.44144144144144143,shared,bought
ssh,0.30612244897959184,shared,women
ssh,0.5311004784688995,shared,shallow
ssh,0.0847457627118644,b_only,knees
ssh,1.0,a_only,critique
ssh,0.6161616161616161,shared,washed
ssh,0.0738255033557047,b_only,yer
ssh,0.285140562248996,shared,chair
ssh,0.7582417582417582,shared,fortress
ssh,0.08843537414965986,b_only,pleased
ssh,1.0,a_only,peru
ssh,0.3114754098360656,shared,scarcely
ssh,1.0,a_only,ken
ssh,1.0,a_only,imported
ssh,0.08108108108108109,b_only,deceive
ssh,0.11888111888111888,b_only,thanked
ssh,0.7777777777777778,shared,accumulated
ssh,0.2903225806451613,shared,lie
ssh,1.0,a_only,governments
ssh,0.5094339622641509,shared,weakness
ssh,1.0,a_only,controlling
ssh,0.08843537414965986,b_only,ere
ssh,0.797752808988764,shared,garment
ssh,0.6326530612244898,shared,justified
ssh,0.40969162995594716,shared,disposition
ssh,0.6842105263157895,shared,lifting
ssh,0.6931216931216931,shared,backwards
ssh,1.0,a_only,infantry
ssh,0.7391304347826086,shared,breaks
ssh,0.44144144144144143,shared,grounds
ssh,1.0,a_only,consonant
ssh,0.09965635738831616,b_only,jest
ssh,1.0,a_only,motivated
ssh,1.0,a_only,jefferson
ssh,0.5841584158415841,shared,shocked
ssh,1.0,a_only,illustrated
ssh,1.0,a_only,arcade
ssh,0.28,shared,quickly
ssh,0.07744107744107744,b_only,horner
ssh,0.6080402010050251,shared,entire
ssh,0.08108108108108109,b_only,dear
ssh,0.675392670157068,shared,valued
ssh,0.39737991266375544,shared,admiration
ssh,0.7679558011049724,shared,seeds
ssh,1.0,a_only,stored
ssh,0.6,shared,solitude
ssh,1.0,a_only,cemetery
ssh,1.0,a_only,individuals
ssh,1.0,a_only,television
ssh,0.797752808988764,shared,hooker
ssh,0.7877094972067039,shared,muscle
ssh,0.5533980582524272,shared,crocodile
ssh,0.09215017064846416,b_only,thursday
ssh,0.6931216931216931,shared,puts
ssh,1.0,a_only,decreasing
ssh,0.5238095238095238,shared,weapon
ssh,0.4883720930232558,shared,wealth
ssh,1.0,a_only,budget
ssh,1.0,a_only,reliable
ssh,0.7486338797814208,shared,engines
ssh,0.0738255033557047,b_only,envelope
ssh,0.797752808988764,shared,dependence
ssh,0.056105610561056105,b_only,guess
ssh,0.09215017064846416,b_only,stool
ssh,1.0,a_only,ali
ssh,1.0,a_only,gordon
ssh,1.0,a_only,geologist
ssh,0.6842105263157895,shared,brutal
ssh,0.36752136752136755,shared,mistake
ssh,0.09215017064846416,b_only,terribly
ssh,1.0,a_only,therapy
ssh,0.7877094972067039,shared,intensity
ssh,1.0,a_only,classified
ssh,1.0,a_only,accessed
ssh,0.5094339622641509,shared,dirty
ssh,1.0,a_only,europeans
ssh,0.6842105263157895,shared,trivial
ssh,0.09215017064846416,b_only,leaped
ssh,0.08843537414965986,b_only,vivid
ssh,0.24031007751937986,shared,trying
ssh,0.07744107744107744,b_only,invite
ssh,1.0,a_only,diacritic
ssh,1.0,a_only,allows
ssh,0.0847457627118644,b_only,depended
ssh,1.0,a_only,employees
ssh,1.0,a_only,based
ssh,0.6666666666666666,shared,jam
ssh,1.0,a_only,audiogalaxy
ssh,1.0,a_only,exodus
ssh,1.0,a_only,taxation
ssh,0.7877094972067039,shared,copied
ssh,0.6580310880829016,shared,vii
ssh,1.0,a_only,chronology
ssh,1.0,a_only,descriptions
ssh,0.24031007751937986,shared,close
ssh,1.0,a_only,renowned
ssh,0.3559322033898305,shared,allow
ssh,0.1347517730496454,b_only,cough
ssh,1.0,a_only,manufactured
ssh,0.10726643598615918,b_only,sane
ssh,1.0,a_only,township
ssh,1.0,a_only,telephone
ssh,0.8181818181818182,shared,observer
ssh,1.0,a_only,internationally
ssh,0.5458937198067633,shared,eating
ssh,0.3852813852813853,shared,cave
ssh,1.0,a_only,albrecht
ssh,1.0,a_only,netherlands
ssh,0.23552123552123552,shared,will
ssh,0.5686274509803921,shared,offensive
ssh,1.0,a_only,archaea
ssh,0.6931216931216931,shared,inscription
ssh,1.0,a_only,nh
ssh,1.0,a_only,configuration
ssh,0.6,shared,mushroom
ssh,0.797752808988764,shared,peacefully
ssh,1.0,a_only,formulas
ssh,0.5311004784688995,shared,sail
ssh,1.0,a_only,algebras
ssh,0.48148148148148145,shared,reflected
ssh,0.6494845360824743,shared,selfishness
ssh,0.6666666666666666,shared,defects
ssh,1.0,a_only,styles
ssh,1.0,a_only,enigma
ssh,0.6494845360824743,shared,depart
ssh,0.3114754098360656,shared,shaking
ssh,0.0738255033557047,b_only,searched
ssh,0.5609756097560976,shared,sinking
ssh,0.2903225806451613,shared,turned
ssh,0.797752808988764,shared,visions
ssh,1.0,a_only,dhabi
ssh,1.0,a_only,standards
ssh,1.0,a_only,utility
ssh,1.0,a_only,tends
ssh,0.29554655870445345,shared,being
ssh,0.1111111111111111,b_only,alarming
ssh,1.0,a_only,geological
ssh,1.0,a_only,ethical
ssh,0.6161616161616161,shared,inform
ssh,0.09215017064846416,b_only,plainly
ssh,0.7877094972067039,shared,achieved
ssh,0.2749003984063745,shared,happy
ssh,0.7021276595744681,shared,owl
ssh,0.5920398009950248,shared,pig
ssh,0.2648221343873518,shared,happened
ssh,0.10726643598615918,b_only,doubts
ssh,0.08108108108108109,b_only,fooling
ssh,0.675392670157068,shared,problems
ssh,0.5238095238095238,shared,inspired
ssh,1.0,a_only,motto
ssh,0.10344827586206896,b_only,merry
ssh,0.3333333333333333,shared,imagine
ssh,0.42857142857142855,shared,waves
ssh,0.5165876777251185,shared,humanity
ssh,0.46788990825688076,shared,fill
ssh,1.0,a_only,pete
ssh,0.3168724279835391,shared,doesn
ssh,1.0,a_only,nuremberg
ssh,0.3852813852813853,shared,shoulders
ssh,0.7021276595744681,shared,countess
ssh,0.7486338797814208,shared,westward
ssh,0.3333333333333333,shared,curiosity
ssh,0.32231404958677684,shared,effect
ssh,0.09215017064846416,b_only,rejoiced
ssh,0.6580310880829016,shared,shorter
ssh,0.5533980582524272,shared,gimme
ssh,0.3114754098360656,shared,matter
ssh,0.1510791366906475,b_only,disposed
ssh,1.0,a_only,notably
ssh,0.7391304347826086,shared,shin
ssh,0.08108108108108109,b_only,heaps
ssh,1.0,a_only,launched
ssh,0.48148148148148145,shared,screen
ssh,0.5238095238095238,shared,paint
ssh,0.3333333333333333,shared,rooms
ssh,1.0,a_only,ki
ssh,0.2749003984063745,shared,sort
ssh,1.0,a_only,finite
ssh,0.44144144144144143,shared,states
ssh,0.056105610561056105,b_only,morrow
ssh,0.0958904109589041,b_only,whitby
ssh,1.0,a_only,verb
ssh,1.0,a_only,facilitate
ssh,0.11498257839721254,b_only,ragged
ssh,1.0,a_only,mhz
ssh,0.675392670157068,shared,detective
ssh,0.6931216931216931,shared,joint
ssh,1.0,a_only,austrians
ssh,0.12280701754385964,b_only,downstairs
ssh,0.675392670157068,shared,emphasis
ssh,1.0,a_only,branched
ssh,1.0,a_only,housing
ssh,0.5841584158415841,shared,restore
ssh,0.7391304347826086,shared,excessive
ssh,0.5763546798029556,shared,louis
ssh,0.5094339622641509,shared,voyage
ssh,1.0,a_only,saskatchewan
ssh,0.6410256410256411,shared,esteem
ssh,0.25984251968503935,shared,ready
ssh,0.6080402010050251,shared,data
ssh,1.0,a_only,anarchists
ssh,0.5763546798029556,shared,previously
ssh,0.4883720930232558,shared,roof
ssh,1.0,a_only,assigned
ssh,1.0,a_only,anatolia
ssh,0.391304347826087,shared,driven
ssh,0.5841584158415841,shared,fourteen
ssh,0.5920398009950248,shared,customers
ssh,0.47465437788018433,shared,huge
ssh,0.7679558011049724,shared,dia
ssh,0.42857142857142855,shared,probable
ssh,1.0,a_only,alpacas
ssh,0.285140562248996,shared,given
ssh,1.0,a_only,alkanes
ssh,0.7204301075268817,shared,respected
ssh,0.10344827586206896,b_only,6
ssh,1.0,a_only,doubles
ssh,1.0,a_only,nevada
ssh,0.37339055793991416,shared,saved
ssh,0.4222222222222222,shared,mostly
ssh,1.0,a_only,cornwallis
ssh,0.245136186770428,shared,have
ssh,0.47465437788018433,shared,considering
ssh,0.5458937198067633,shared,abroad
ssh,0.12280701754385964,b_only,advise
ssh,0.391304347826087,shared,weather
ssh,0.09965635738831616,b_only,curtain
ssh,0.3008130081300813,shared,in
ssh,0.5920398009950248,shared,heavier
ssh,0.0958904109589041,b_only,dashed
ssh,1.0,a_only,pagan
ssh,1.0,a_only,portals
ssh,1.0,a_only,alain
ssh,0.06666666666666667,b_only,wonderful
ssh,1.0,a_only,parks
ssh,1.0,a_only,launches
ssh,0.5384615384615384,shared,stained
ssh,0.2698412698412698,shared,move
ssh,0.4479638009049774,shared,problem
ssh,0.3445378151260504,shared,repeated
ssh,0.48148148148148145,shared,larger
ssh,0.7391304347826086,shared,acceptance
ssh,0.6080402010050251,shared,prey
ssh,0.0958904109589041,b_only,hosmer
ssh,1.0,a_only,michigan
ssh,0.06666666666666667,b_only,ventilator
ssh,0.25984251968503935,shared,why
ssh,0.5533980582524272,shared,wire
ssh,0.4479638009049774,shared,deck
ssh,0.7391304347826086,shared,dwelt
ssh,0.2749003984063745,shared,settled
ssh,0.45454545454545453,shared,obvious
ssh,1.0,a_only,lacked
ssh,1.0,a_only,quantitative
ssh,0.28,shared,hold
ssh,1.0,a_only,manual
ssh,1.0,a_only,hennecke
ssh,1.0,a_only,assassination
ssh,1.0,a_only,albania
ssh,0.0847457627118644,b_only,blankets
ssh,1.0,a_only,woolfson
ssh,0.10726643598615918,b_only,paddled
ssh,1.0,a_only,births
ssh,0.32231404958677684,shared,appearance
ssh,1.0,a_only,elders
ssh,0.6931216931216931,shared,contact
ssh,1.0,a_only,choices
ssh,0.5609756097560976,shared,response
ssh,1.0,a_only,autonomous
ssh,0.6326530612244898,shared,denial
ssh,0.7204301075268817,shared,grandson
ssh,1.0,a_only,euclidean
ssh,1.0,a_only,everyday
ssh,0.07744107744107744,b_only,pross
ssh,0.3168724279835391,shared,strength
ssh,0.0847457627118644,b_only,kindness
ssh,1.0,a_only,dharma
ssh,1.0,a_only,protestants
ssh,0.0738255033557047,b_only,chateau
ssh,0.44144144144144143,shared,dancing
ssh,0.3793103448275862,shared,duchess
ssh,1.0,a_only,danish
ssh,1.0,a_only,medieval
ssh,0.3559322033898305,shared,wrote
ssh,0.2698412698412698,shared,remarked
ssh,1.0,a_only,herbal
ssh,1.0,a_only,carnival
ssh,0.2698412698412698,shared,easily
ssh,0.40969162995594716,shared,north
ssh,1.0,a_only,sanskrit
ssh,1.0,a_only,switch
ssh,0.3389121338912134,shared,address
ssh,0.47465437788018433,shared,vast
ssh,0.0847457627118644,b_only,meryton
ssh,0.07744107744107744,b_only,brook
ssh,0.08108108108108109,b_only,lean
ssh,0.7204301075268817,shared,neighbors
ssh,0.07023411371237458,b_only,polly
ssh,0.5609756097560976,shared,harbour
ssh,1.0,a_only,bombing
ssh,0.2648221343873518,shared,dark
ssh,0.797752808988764,shared,grain
ssh,0.3445378151260504,shared,success
ssh,0.23552123552123552,shared,right
ssh,1.0,a_only,portal
ssh,0.06666666666666667,b_only,spoiled
ssh,0.2903225806451613,shared,front
ssh,0.2698412698412698,shared,became
ssh,1.0,a_only,muslims
ssh,0.1111111111111111,b_only,exquisite
ssh,1.0,a_only,ai
ssh,1.0,a_only,ports
ssh,0.09215017064846416,b_only,hunsford
ssh,0.4611872146118721,shared,circle
ssh,0.5023474178403756,shared,mountain
ssh,0.350210970464135,shared,yellow
ssh,0.6666666666666666,shared,murray
ssh,1.0,a_only,disastrous
ssh,0.3114754098360656,shared,died
ssh,0.6080402010050251,shared,pole
ssh,0.08843537414965986,b_only,cheek
ssh,1.0,a_only,gabriel
ssh,0.06312292358803986,b_only,bells
ssh,0.0958904109589041,b_only,gloomy
ssh,0.5458937198067633,shared,crew
ssh,1.0,a_only,spontaneous
ssh,0.350210970464135,shared,blow
ssh,0.3168724279835391,shared,sad
ssh,1.0,a_only,racism
ssh,0.6666666666666666,shared,military
ssh,0.6410256410256411,shared,comedy
ssh,0.6,shared,religion
ssh,1.0,a_only,automatic
ssh,0.6494845360824743,shared,summit
ssh,0.09965635738831616,b_only,cussing
ssh,0.8497109826589595,shared,explains
ssh,0.5686274509803921,shared,religious
ssh,0.6842105263157895,shared,marched
ssh,1.0,a_only,pop
ssh,1.0,a_only,genres
ssh,0.07023411371237458,b_only,raging
ssh,0.6666666666666666,shared,benevolent
ssh,1.0,a_only,akkad
ssh,0.6494845360824743,shared,traditions
ssh,0.4883720930232558,shared,amid
ssh,0.39737991266375544,shared,familiar
ssh,0.0958904109589041,b_only,leisure
ssh,0.8181818181818182,shared,surroundings
ssh,0.2648221343873518,shared,ah
ssh,0.2749003984063745,shared,eyes
ssh,1.0,a_only,receivers
ssh,0.3278008298755187,shared,i
ssh,1.0,a_only,anagrams
ssh,0.3559322033898305,shared,ye
ssh,0.28,shared,entirely
ssh,1.0,a_only,quantum
ssh,0.391304347826087,shared,pan
ssh,1.0,a_only,immigration
ssh,1.0,a_only,geometric
ssh,1.0,a_only,png
ssh,0.7877094972067039,shared,horsemen
ssh,0.06666666666666667,b_only,attendant
ssh,0.3389121338912134,shared,dying
ssh,1.0,a_only,differential
ssh,1.0,a_only,winner
ssh,1.0,a_only,specific
ssh,0.5458937198067633,shared,physical
ssh,0.48148148148148145,shared,victim
ssh,0.44144144144144143,shared,fifteen
ssh,0.08108108108108109,b_only,catched
ssh,0.7391304347826086,shared,assertion
ssh,1.0,a_only,weekly
ssh,0.5609756097560976,shared,crazy
ssh,0.44144144144144143,shared,ignorant
ssh,0.06312292358803986,b_only,nicely
ssh,0.7297297297297297,shared,induce
ssh,0.7297297297297297,shared,mystic
ssh,1.0,a_only,illegal
ssh,0.6931216931216931,shared,experiment
ssh,1.0,a_only,winners
ssh,1.0,a_only,exclusively
ssh,0.3008130081300813,shared,above
ssh,0.7112299465240641,shared,prizes
ssh,0.6842105263157895,shared,costume
ssh,1.0,a_only,radar
ssh,1.0,a_only,socrates
ssh,0.5023474178403756,shared,folded
ssh,0.807909604519774,shared,supreme
ssh,0.245136186770428,shared,knows
ssh,1.0,a_only,suburb
ssh,0.07023411371237458,b_only,wagon
ssh,0.7204301075268817,shared,patent
ssh,1.0,a_only,donate
ssh,1.0,a_only,cia
ssh,0.5609756097560976,shared,topic
ssh,0.6931216931216931,shared,italy
ssh,1.0,a_only,syriac
ssh,1.0,a_only,promote
ssh,0.5238095238095238,shared,bob
ssh,1.0,a_only,monarch
ssh,0.285140562248996,shared,upon
ssh,1.0,a_only,generals
ssh,0.10344827586206896,b_only,astonished
ssh,0.11498257839721254,b_only,shrill
ssh,0.08108108108108109,b_only,bully
ssh,0.06312292358803986,b_only,bourgh
ssh,1.0,a_only,bierce
ssh,1.0,a_only,versus
ssh,0.3008130081300813,shared,believe
ssh,1.0,a_only,mexican
ssh,1.0,a_only,patterns
ssh,1.0,a_only,declares
ssh,1.0,a_only,princes
ssh,0.5238095238095238,shared,cards
ssh,0.6410256410256411,shared,release
ssh,0.46788990825688076,shared,concealed
ssh,0.40969162995594716,shared,fate
ssh,0.350210970464135,shared,mile
ssh,1.0,a_only,derive
ssh,1.0,a_only,hercule
ssh,0.3168724279835391,shared,double
ssh,1.0,a_only,algorithm
ssh,0.7204301075268817,shared,everlasting
ssh,0.415929203539823,shared,truly
ssh,0.6842105263157895,shared,maiden
ssh,0.415929203539823,shared,stepped
ssh,1.0,a_only,dagny
ssh,0.08108108108108109,b_only,escort
ssh,0.7391304347826086,shared,revival
ssh,0.7679558011049724,shared,vegetables
ssh,0.0958904109589041,b_only,hurrying
ssh,0.2903225806451613,shared,sweet
ssh,0.0958904109589041,b_only,dearest
ssh,1.0,a_only,critic
ssh,0.807909604519774,shared,webster
ssh,0.5609756097560976,shared,steel
ssh,1.0,a_only,phenomenon
ssh,0.5023474178403756,shared,attempted
ssh,0.5311004784688995,shared,consequently
ssh,0.7021276595744681,shared,gift
ssh,0.7204301075268817,shared,external
ssh,0.7679558011049724,shared,res
ssh,0.7297297297297297,shared,tastes
ssh,1.0,a_only,adherents
ssh,0.36752136752136755,shared,deeply
ssh,0.7112299465240641,shared,adopt
ssh,0.3852813852813853,shared,jumped
ssh,0.0847457627118644,b_only,crush
ssh,1.0,a_only,humanitarian
ssh,0.09965635738831616,b_only,perish
ssh,1.0,a_only,locations
ssh,1.0,a_only,suffix
ssh,1.0,a_only,ore
ssh,1.0,a_only,senior
ssh,0.7112299465240641,shared,tough
ssh,0.2903225806451613,shared,own
ssh,0.40969162995594716,shared,blind
ssh,1.0,a_only,halley
ssh,0.059602649006622516,b_only,szgany
ssh,0.7204301075268817,shared,perpetual
ssh,0.8181818181818182,shared,greenland
ssh,0.4953271028037383,shared,p
ssh,1.0,a_only,cloister
ssh,0.6580310880829016,shared,laboratory
ssh,0.4349775784753363,shared,provided
ssh,1.0,a_only,technological
ssh,0.21673003802281368,shared,some
ssh,0.3333333333333333,shared,kiss
ssh,1.0,a_only,minimum
ssh,0.6410256410256411,shared,physician
ssh,1.0,a_only,roland
ssh,1.0,a_only,afro
ssh,0.6410256410256411,shared,geoffrey
ssh,0.5311004784688995,shared,foundation
ssh,1.0,a_only,surviving
ssh,0.7297297297297297,shared,lizard
ssh,0.6494845360824743,shared,voluntarily
ssh,0.32231404958677684,shared,purpose
ssh,0.7582417582417582,shared,se
ssh,1.0,a_only,anthropologists
ssh,1.0,a_only,criticisms
ssh,1.0,a_only,apatosaurus
ssh,0.3114754098360656,shared,reply
ssh,0.7391304347826086,shared,posts
ssh,0.6,shared,labor
ssh,0.5533980582524272,shared,scattered
ssh,1.0,a_only,qquad
ssh,0.42857142857142855,shared,march
ssh,1.0,a_only,selective
ssh,0.40350877192982454,shared,clearly
ssh,0.4349775784753363,shared,period
ssh,0.3389121338912134,shared,otherwise
ssh,0.28,shared,greatest
ssh,1.0,a_only,rom
ssh,0.30612244897959184,shared,nine
ssh,1.0,a_only,persecution
ssh,1.0,a_only,factions
ssh,0.6410256410256411,shared,feathers
ssh,0.5841584158415841,shared,finds
ssh,1.0,a_only,advancement
ssh,0.4349775784753363,shared,acting
ssh,0.7679558011049724,shared,warnings
ssh,0.3852813852813853,shared,innocent
ssh,0.6410256410256411,shared,openly
ssh,1.0,a_only,provincial
ssh,0.1111111111111111,b_only,tedious
ssh,0.08108108108108109,b_only,odour
ssh,0.7679558011049724,shared,patron
ssh,0.09215017064846416,b_only,tweedledum
ssh,0.6243654822335025,shared,rider
ssh,0.5023474178403756,shared,ends
ssh,1.0,a_only,camus
ssh,0.4222222222222222,shared,ordinary
ssh,1.0,a_only,aircraft
ssh,0.7877094972067039,shared,memorable
ssh,0.7297297297297297,shared,slain
ssh,0.4953271028037383,shared,messenger
ssh,0.25984251968503935,shared,by
ssh,0.5686274509803921,shared,inn
ssh,0.3114754098360656,shared,they
ssh,0.7679558011049724,shared,odds
ssh,0.07744107744107744,b_only,shouldn
ssh,0.5609756097560976,shared,clerk
ssh,0.5763546798029556,shared,objection
ssh,0.6326530612244898,shared,granted
ssh,0.1111111111111111,b_only,clerval
ssh,1.0,a_only,donald
ssh,1.0,a_only,geometry
ssh,0.08843537414965986,b_only,uz
ssh,1.0,a_only,environments
ssh,0.4953271028037383,shared,vampire
ssh,0.44144144144144143,shared,capital
ssh,0.0738255033557047,b_only,slipped
ssh,1.0,a_only,strikers
ssh,0.5094339622641509,shared,bible
ssh,0.6243654822335025,shared,citizens
ssh,1.0,a_only,haliotis
ssh,0.4349775784753363,shared,temple
ssh,0.07744107744107744,b_only,asleep
ssh,0.350210970464135,shared,destroyed
ssh,0.7582417582417582,shared,mission
ssh,0.7112299465240641,shared,desires
ssh,1.0,a_only,seals
ssh,0.08843537414965986,b_only,glided
ssh,0.0958904109589041,b_only,waked
ssh,1.0,a_only,schopenhauer
ssh,1.0,a_only,florence
ssh,0.6494845360824743,shared,towns
ssh,1.0,a_only,increasingly
ssh,0.08843537414965986,b_only,paw
ssh,0.5920398009950248,shared,furnished
ssh,1.0,a_only,technology
ssh,0.1111111111111111,b_only,dat
ssh,1.0,a_only,lawsuit
ssh,0.3617021276595745,shared,nonsense
ssh,1.0,a_only,marketing
ssh,0.29554655870445345,shared,gave
ssh,1.0,a_only,rv
ssh,0.4479638009049774,shared,possession
ssh,1.0,a_only,performing
ssh,0.7112299465240641,shared,decoration
ssh,0.5763546798029556,shared,punishment
ssh,1.0,a_only,prefix
ssh,0.5023474178403756,shared,extent
ssh,0.08843537414965986,b_only,trembled
ssh,0.7391304347826086,shared,decline
ssh,0.3793103448275862,shared,game
ssh,0.7391304347826086,shared,churches
ssh,1.0,a_only,oklahoma
ssh,0.48148148148148145,shared,attitude
ssh,1.0,a_only,ankh
ssh,0.0958904109589041,b_only,disgrace
ssh,0.6161616161616161,shared,dates
ssh,1.0,a_only,improving
ssh,0.2749003984063745,shared,wendy
ssh,0.5311004784688995,shared,christian
ssh,0.5458937198067633,shared,changing
ssh,1.0,a_only,comprise
ssh,0.40969162995594716,shared,james
ssh,0.6931216931216931,shared,crescent
ssh,0.0738255033557047,b_only,kennel
ssh,0.3278008298755187,shared,noise
ssh,1.0,a_only,extension
ssh,1.0,a_only,directors
ssh,0.245136186770428,shared,meant
ssh,0.5920398009950248,shared,eyed
ssh,1.0,a_only,darius
ssh,0.47465437788018433,shared,begins
ssh,1.0,a_only,iranian
ssh,0.09965635738831616,b_only,yourselves
ssh,0.2648221343873518,shared,town
ssh,0.10726643598615918,b_only,trusting
ssh,0.08843537414965986,b_only,kirwin
ssh,0.6,shared,l
ssh,0.6931216931216931,shared,robinson
ssh,0.0738255033557047,b_only,drawer
ssh,0.5533980582524272,shared,wasted
ssh,0.6410256410256411,shared,bees
ssh,0.350210970464135,shared,result
ssh,1.0,a_only,huxley
ssh,1.0,a_only,suggesting
ssh,0.7112299465240641,shared,imitation
ssh,1.0,a_only,scott
ssh,1.0,a_only,cult
ssh,0.6161616161616161,shared,plates
ssh,0.0847457627118644,b_only,motionless
ssh,0.42857142857142855,shared,legs
ssh,0.7877094972067039,shared,cliffs
ssh,1.0,a_only,actinium
ssh,1.0,a_only,vacuum
ssh,1.0,a_only,anthem
ssh,0.7021276595744681,shared,trained
ssh,1.0,a_only,structures
ssh,0.2749003984063745,shared,finished
ssh,0.40969162995594716,shared,acted
ssh,0.0958904109589041,b_only,doubtful
ssh,1.0,a_only,aesthetic
ssh,1.0,a_only,adaptation
ssh,1.0,a_only,solving
ssh,0.5920398009950248,shared,disappearance
ssh,0.3389121338912134,shared,spring
ssh,0.2648221343873518,shared,sight
ssh,0.0958904109589041,b_only,dasn
ssh,0.5094339622641509,shared,effects
ssh,1.0,a_only,altruism
ssh,0.3445378151260504,shared,spent
ssh,1.0,a_only,designer
ssh,0.0847457627118644,b_only,nted
ssh,0.5763546798029556,shared,gutenberg
ssh,0.7777777777777778,shared,wool
ssh,0.6494845360824743,shared,curves
ssh,0.47465437788018433,shared,absolute
ssh,0.5384615384615384,shared,gesture
ssh,0.5458937198067633,shared,motion
ssh,0.07744107744107744,b_only,inquiries
ssh,0.29554655870445345,shared,thousand
ssh,0.36752136752136755,shared,claim
ssh,1.0,a_only,ireland
ssh,1.0,a_only,plants
ssh,0.09215017064846416,b_only,warmly
ssh,0.08108108108108109,b_only,heartless
ssh,0.11888111888111888,b_only,pleasantly
ssh,1.0,a_only,originating
ssh,1.0,a_only,altaic
ssh,1.0,a_only,metaphysics
ssh,0.415929203539823,shared,drink
ssh,0.0958904109589041,b_only,grindstone
ssh,1.0,a_only,urban
ssh,1.0,a_only,developmental
ssh,0.07744107744107744,b_only,englishman
ssh,0.44144144144144143,shared,wise
ssh,1.0,a_only,blockade
ssh,1.0,a_only,percent
ssh,0.47465437788018433,shared,medicine
ssh,1.0,a_only,alchemists
ssh,0.0958904109589041,b_only,repeating
ssh,0.08108108108108109,b_only,sore
ssh,0.0738255033557047,b_only,brush
ssh,0.7297297297297297,shared,praised
ssh,0.5094339622641509,shared,r
ssh,1.0,a_only,altruists
ssh,1.0,a_only,bond
ssh,0.797752808988764,shared,skies
ssh,0.0958904109589041,b_only,endeavouring
ssh,0.8181818181818182,shared,pious
ssh,0.6,shared,relative
ssh,0.8181818181818182,shared,trail
ssh,0.44144144144144143,shared,fields
ssh,0.4883720930232558,shared,ended
ssh,0.6580310880829016,shared,writes
ssh,1.0,a_only,defense
ssh,0.06312292358803986,b_only,flung
ssh,0.3559322033898305,shared,murder
ssh,0.7582417582417582,shared,luxury
ssh,0.7204301075268817,shared,intercourse
ssh,1.0,a_only,behavioral
ssh,1.0,a_only,hydrochloric
ssh,0.5023474178403756,shared,rules
ssh,0.807909604519774,shared,skull
ssh,1.0,a_only,diagram
ssh,1.0,a_only,alkyl
ssh,0.7877094972067039,shared,cash
ssh,1.0,a_only,unsuccessful
ssh,0.3389121338912134,shared,meeting
ssh,0.2549019607843137,shared,grave
ssh,0.10726643598615918,b_only,dreadfully
ssh,1.0,a_only,gr
ssh,0.7391304347826086,shared,disposal
ssh,1.0,a_only,aluminum
ssh,1.0,a_only,alabaster
ssh,0.7582417582417582,shared,welcomed
ssh,0.0958904109589041,b_only,settling
ssh,0.350210970464135,shared,bird
ssh,0.7582417582417582,shared,fulfilled
ssh,0.7582417582417582,shared,daniel
ssh,1.0,a_only,goddess
ssh,1.0,a_only,allies
ssh,0.7777777777777778,shared,raw
ssh,1.0,a_only,chronicles
ssh,0.3114754098360656,shared,sat
ssh,1.0,a_only,dsm
ssh,1.0,a_only,cavity
ssh,0.2903225806451613,shared,public
ssh,1.0,a_only,corresponds
ssh,0.4953271028037383,shared,cover
ssh,0.245136186770428,shared,children
ssh,1.0,a_only,atoms
ssh,0.28,shared,lived
ssh,0.30612244897959184,shared,instant
ssh,1.0,a_only,officially
ssh,0.7582417582417582,shared,treasures
ssh,0.3389121338912134,shared,hopes
ssh,0.3617021276595745,shared,coach
ssh,1.0,a_only,fusion
ssh,0.7777777777777778,shared,accuse
ssh,0.675392670157068,shared,recognize
ssh,1.0,a_only,remnants
ssh,0.5023474178403756,shared,results
ssh,1.0,a_only,code
ssh,1.0,a_only,elementary
ssh,0.07744107744107744,b_only,shoe
ssh,0.675392670157068,shared,total
ssh,0.0738255033557047,b_only,shut
ssh,0.5763546798029556,shared,orleans
ssh,1.0,a_only,director
ssh,1.0,a_only,monks
ssh,1.0,a_only,uterus
ssh,0.7679558011049724,shared,substitute
ssh,1.0,a_only,explosive
ssh,1.0,a_only,relevant
ssh,0.675392670157068,shared,political
ssh,0.5458937198067633,shared,solitary
ssh,0.4349775784753363,shared,silver
ssh,0.7679558011049724,shared,mix
ssh,1.0,a_only,creed
ssh,1.0,a_only,patrol
ssh,0.6080402010050251,shared,hello
ssh,0.807909604519774,shared,encyclop
ssh,0.6666666666666666,shared,drum
ssh,0.3278008298755187,shared,working
ssh,0.5094339622641509,shared,inspector
ssh,0.6410256410256411,shared,languages
ssh,0.6326530612244898,shared,refusal
ssh,1.0,a_only,predynastic
ssh,0.5763546798029556,shared,possess
ssh,0.47465437788018433,shared,hundreds
ssh,0.5841584158415841,shared,professional
ssh,0.5841584158415841,shared,meat
ssh,0.3278008298755187,shared,itself
ssh,0.0958904109589041,b_only,handkerchief
ssh,0.09965635738831616,b_only,stiff
ssh,0.5384615384615384,shared,magnificent
ssh,0.7297297297297297,shared,designs
ssh,0.6666666666666666,shared,recovering
ssh,1.0,a_only,appropriate
ssh,1.0,a_only,visual
ssh,1.0,a_only,include
ssh,0.4883720930232558,shared,someone
ssh,0.12280701754385964,b_only,eagerly
ssh,0.3445378151260504,shared,property
ssh,0.7777777777777778,shared,opens
ssh,0.4883720930232558,shared,singular
ssh,0.23076923076923078,shared,comes
ssh,0.25984251968503935,shared,walking
ssh,0.6931216931216931,shared,owned
ssh,1.0,a_only,generated
ssh,0.7112299465240641,shared,inevitable
ssh,0.4953271028037383,shared,veins
ssh,0.2648221343873518,shared,go
ssh,0.6,shared,toe
ssh,1.0,a_only,clark
ssh,0.4222222222222222,shared,centre
ssh,1.0,a_only,respective
ssh,0.3114754098360656,shared,nothing
ssh,0.4953271028037383,shared,cap
ssh,0.6494845360824743,shared,dumb
ssh,1.0,a_only,coupled
ssh,1.0,a_only,transition
ssh,0.5763546798029556,shared,deadly
ssh,0.6580310880829016,shared,brief
ssh,0.0958904109589041,b_only,soundly
ssh,1.0,a_only,fascist
ssh,0.7877094972067039,shared,overlooked
ssh,1.0,a_only,alaric
ssh,0.08843537414965986,b_only,wondering
ssh,1.0,a_only,namibia
ssh,0.10344827586206896,b_only,thirst
ssh,0.0738255033557047,b_only,invent
ssh,1.0,a_only,cipher
ssh,0.44144144144144143,shared,labour
ssh,0.3008130081300813,shared,quick
ssh,0.0738255033557047,b_only,mock
ssh,0.4479638009049774,shared,midst
ssh,0.5841584158415841,shared,mankind
ssh,1.0,a_only,audio
ssh,0.09965635738831616,b_only,thoughtful
ssh,0.46788990825688076,shared,october
ssh,0.8181818181818182,shared,nt
ssh,1.0,a_only,acropolis
ssh,1.0,a_only,musician
ssh,0.3389121338912134,shared,drunk
ssh,0.7486338797814208,shared,retain
ssh,0.0847457627118644,b_only,coachman
ssh,1.0,a_only,hitchcock
ssh,1.0,a_only,reducing
ssh,0.415929203539823,shared,intention
ssh,0.5920398009950248,shared,firmly
ssh,0.07744107744107744,b_only,chimney
ssh,0.0847457627118644,b_only,busy
ssh,0.2749003984063745,shared,it
ssh,0.5384615384615384,shared,mercy
ssh,0.8181818181818182,shared,abruptly
ssh,1.0,a_only,relativity
ssh,0.46788990825688076,shared,mccarthy
ssh,0.6666666666666666,shared,objected
ssh,0.5384615384615384,shared,regarding
ssh,0.5609756097560976,shared,animals
ssh,0.6931216931216931,shared,justify
ssh,1.0,a_only,council
ssh,0.7112299465240641,shared,alexandre
ssh,0.7777777777777778,shared,pacific
ssh,1.0,a_only,reaches
ssh,0.6161616161616161,shared,behold
ssh,0.25984251968503935,shared,steps
ssh,0.3278008298755187,shared,same
ssh,0.4611872146118721,shared,theatre
ssh,0.4349775784753363,shared,shortly
ssh,0.8713450292397661,shared,edward
ssh,0.5311004784688995,shared,process
ssh,0.7582417582417582,shared,emerge
ssh,0.7777777777777778,shared,tension
ssh,0.08843537414965986,b_only,tenderly
ssh,0.44144144144144143,shared,exercise
ssh,1.0,a_only,ada
ssh,0.6842105263157895,shared,lee
ssh,1.0,a_only,ar
ssh,0.5238095238095238,shared,application
ssh,0.7486338797814208,shared,pursuits
ssh,0.6494845360824743,shared,suggestion
ssh,0.3008130081300813,shared,near
ssh,0.5165876777251185,shared,sacrifice
ssh,0.6580310880829016,shared,smallest
ssh,1.0,a_only,unnamed
ssh,0.4953271028037383,shared,wave
ssh,0.32231404958677684,shared,done
ssh,0.3278008298755187,shared,sun
ssh,0.28,shared,easy
ssh,0.09215017064846416,b_only,grip
ssh,1.0,a_only,thetis
ssh,1.0,a_only,hip
ssh,0.6842105263157895,shared,incredible
ssh,0.6494845360824743,shared,glorious
ssh,0.6080402010050251,shared,assistant
ssh,1.0,a_only,japan
ssh,0.3278008298755187,shared,between
ssh,0.4222222222222222,shared,arrival
ssh,0.7112299465240641,shared,millions
ssh,0.6842105263157895,shared,engagements
ssh,1.0,a_only,mechanics
ssh,0.3008130081300813,shared,plain
ssh,0.2749003984063745,shared,lead
ssh,1.0,a_only,tactic
ssh,0.08843537414965986,b_only,regret
ssh,1.0,a_only,restrictions
ssh,1.0,a_only,broadcasting
ssh,0.8285714285714286,shared,trials
ssh,1.0,a_only,ethane
ssh,1.0,a_only,commentary
ssh,0.0738255033557047,b_only,pains
ssh,1.0,a_only,edinburgh
ssh,1.0,a_only,plato
ssh,1.0,a_only,dialects
ssh,0.0958904109589041,b_only,illustrious
ssh,0.6580310880829016,shared,sailors
ssh,1.0,a_only,boyle
ssh,1.0,a_only,workers
ssh,0.6666666666666666,shared,suspended
ssh,0.2648221343873518,shared,rose
ssh,0.08843537414965986,b_only,gleam
ssh,0.25,shared,making
ssh,0.7021276595744681,shared,knot
ssh,1.0,a_only,burgoyne
ssh,1.0,a_only,density
ssh,1.0,a_only,recounts
ssh,0.48148148148148145,shared,prevented
ssh,1.0,a_only,superorder
ssh,1.0,a_only,architectural
ssh,0.3333333333333333,shared,considered
ssh,0.39737991266375544,shared,pose
ssh,1.0,a_only,overseas
ssh,0.29554655870445345,shared,also
ssh,1.0,a_only,glaciers
ssh,0.40350877192982454,shared,rabbit
ssh,1.0,a_only,aviation
ssh,0.10726643598615918,b_only,stealing
ssh,1.0,a_only,philadelphia
ssh,0.7877094972067039,shared,supernatural
ssh,0.7582417582417582,shared,policy
ssh,0.36752136752136755,shared,mouth
ssh,1.0,a_only,afghanistan
ssh,0.06312292358803986,b_only,fearful
ssh,0.7297297297297297,shared,discharge
ssh,0.6243654822335025,shared,investigation
ssh,0.37339055793991416,shared,grow
ssh,0.06312292358803986,b_only,renfield
ssh,0.3852813852813853,shared,alarm
ssh,0.5094339622641509,shared,falls
ssh,1.0,a_only,neil
ssh,1.0,a_only,journals
ssh,0.07744107744107744,b_only,prayed
ssh,0.3389121338912134,shared,hid
ssh,1.0,a_only,lovecraft
ssh,0.5609756097560976,shared,newly
ssh,0.7204301075268817,shared,analysis
ssh,0.5311004784688995,shared,dignity
ssh,0.3168724279835391,shared,hair
ssh,1.0,a_only,nearby
ssh,0.6326530612244898,shared,officer
ssh,1.0,a_only,ford
ssh,1.0,a_only,awarded
ssh,0.07023411371237458,b_only,bowed
ssh,1.0,a_only,contexts
ssh,0.7777777777777778,shared,transferred
ssh,0.4883720930232558,shared,nervous
ssh,0.7204301075268817,shared,fewer
ssh,1.0,a_only,hughes
ssh,0.6494845360824743,shared,combination
ssh,0.2698412698412698,shared,those
ssh,0.08843537414965986,b_only,valet
ssh,1.0,a_only,selling
ssh,0.2698412698412698,shared,warn
ssh,0.6080402010050251,shared,region
ssh,0.7486338797814208,shared,oppression
ssh,0.46788990825688076,shared,sees
ssh,1.0,a_only,armenia
ssh,0.10726643598615918,b_only,shuddering
ssh,0.07744107744107744,b_only,scared
ssh,0.675392670157068,shared,defined
ssh,1.0,a_only,jerusalem
ssh,0.1111111111111111,b_only,sufferings
ssh,0.6080402010050251,shared,resemblance
ssh,1.0,a_only,magnus
ssh,1.0,a_only,augusta
ssh,0.24031007751937986,shared,nobody
ssh,1.0,a_only,lincoln
ssh,1.0,a_only,inventors
ssh,1.0,a_only,dependency
ssh,1.0,a_only,grouped
ssh,0.5023474178403756,shared,abandoned
ssh,1.0,a_only,canaris
ssh,0.4222222222222222,shared,hidden
ssh,1.0,a_only,autistics
ssh,1.0,a_only,ipod
ssh,0.6,shared,crow
ssh,0.7391304347826086,shared,collecting
ssh,1.0,a_only,anguilla
ssh,0.5094339622641509,shared,heading
ssh,1.0,a_only,anderson
ssh,0.42857142857142855,shared,hunger
ssh,0.3445378151260504,shared,interrupted
ssh,0.06666666666666667,b_only,mumps
ssh,0.7021276595744681,shared,exploring
ssh,0.7777777777777778,shared,spin
ssh,1.0,a_only,austro
ssh,0.7112299465240641,shared,edition
ssh,0.25,neither,<unk>
ssh,0.32231404958677684,shared,direction
ssh,0.09215017064846416,b_only,brushed
ssh,1.0,a_only,formation
ssh,0.07744107744107744,b_only,wept
ssh,0.09215017064846416,b_only,brows
ssh,0.7582417582417582,shared,violin
ssh,0.08843537414965986,b_only,sincere
ssh,1.0,a_only,franklin
ssh,0.6,shared,source
ssh,0.45454545454545453,shared,stones
ssh,0.07744107744107744,b_only,hullo
ssh,0.11498257839721254,b_only,awfully
ssh,1.0,a_only,acoustics
ssh,0.08843537414965986,b_only,realise
ssh,1.0,a_only,endangered
ssh,0.7877094972067039,shared,professed
ssh,1.0,a_only,photos
ssh,0.5023474178403756,shared,moral
ssh,1.0,a_only,mythology
ssh,1.0,a_only,cooperation
ssh,0.0847457627118644,b_only,unpleasant
ssh,1.0,a_only,hymns
ssh,1.0,a_only,eugenics
ssh,0.0738255033557047,b_only,pallor
ssh,0.06666666666666667,b_only,bingley
ssh,0.5238095238095238,shared,guns
ssh,0.07744107744107744,b_only,pockets
ssh,1.0,a_only,skills
ssh,0.6161616161616161,shared,issue
ssh,0.0738255033557047,b_only,sadly
ssh,0.6842105263157895,shared,appearing
ssh,0.0958904109589041,b_only,rushed
ssh,1.0,a_only,mackenzie
ssh,0.7777777777777778,shared,yielding
ssh,0.1111111111111111,b_only,injun
ssh,1.0,a_only,charter
ssh,1.0,a_only,commercially
ssh,0.6580310880829016,shared,dispute
ssh,0.2903225806451613,shared,speaking
ssh,0.5238095238095238,shared,engagement
ssh,0.08108108108108109,b_only,noticing
ssh,0.6580310880829016,shared,italian
ssh,0.37339055793991416,shared,jacques
ssh,1.0,a_only,decades
ssh,1.0,a_only,vilayet
ssh,0.3793103448275862,shared,citizen
ssh,0.6161616161616161,shared,cure
ssh,1.0,a_only,zambia
ssh,0.42857142857142855,shared,favourite
ssh,1.0,a_only,ethanol
ssh,0.6410256410256411,shared,australia
ssh,0.37339055793991416,shared,brave
ssh,1.0,a_only,supporter
ssh,0.40969162995594716,shared,type
ssh,0.08108108108108109,b_only,fainted
ssh,0.2648221343873518,shared,replied
ssh,0.06666666666666667,b_only,vexed
ssh,0.3793103448275862,shared,destroy
ssh,0.3559322033898305,shared,pulled
ssh,0.675392670157068,shared,beasts
ssh,1.0,a_only,competing
ssh,0.5238095238095238,shared,thoroughly
ssh,0.0958904109589041,b_only,netherfield
ssh,1.0,a_only,delegates
ssh,0.10726643598615918,b_only,parted
ssh,0.4953271028037383,shared,principal
ssh,0.5763546798029556,shared,rational
ssh,0.3008130081300813,shared,around
ssh,1.0,a_only,derleth
ssh,1.0,a_only,credited
ssh,0.7391304347826086,shared,exceptional
ssh,0.415929203539823,shared,fish
ssh,0.675392670157068,shared,destined
ssh,1.0,a_only,empire
ssh,1.0,a_only,aboriginal
ssh,0.47465437788018433,shared,measure
ssh,1.0,a_only,aspects
ssh,0.6161616161616161,shared,build
ssh,0.415929203539823,shared,prepared
ssh,0.09965635738831616,b_only,lucky
ssh,1.0,a_only,volumes
ssh,0.3008130081300813,shared,merely
ssh,1.0,a_only,overall
ssh,1.0,a_only,nationalist
ssh,0.6494845360824743,shared,shorthand
ssh,1.0,a_only,fictional
ssh,1.0,a_only,churchill
ssh,0.46788990825688076,shared,authority
ssh,0.3852813852813853,shared,stream
ssh,0.5458937198067633,shared,everywhere
ssh,0.5023474178403756,shared,rapidly
ssh,1.0,a_only,spacecraft
ssh,0.5686274509803921,shared,garlic
ssh,0.6931216931216931,shared,stark
ssh,1.0,a_only,intel
ssh,0.5384615384615384,shared,surrounded
ssh,1.0,a_only,minnesota
ssh,0.2749003984063745,shared,illustration
ssh,1.0,a_only,mystical
ssh,1.0,a_only,proto
ssh,1.0,a_only,develops
ssh,1.0,a_only,yearly
ssh,0.4349775784753363,shared,companions
ssh,0.5311004784688995,shared,turner
ssh,1.0,a_only,websites
ssh,1.0,a_only,dominican
ssh,0.28,shared,course
ssh,0.09215017064846416,b_only,coroner
ssh,0.3389121338912134,shared,draw
ssh,0.6326530612244898,shared,renewed
ssh,0.0847457627118644,b_only,tread
ssh,0.245136186770428,shared,your
ssh,1.0,a_only,cession
ssh,1.0,a_only,debated
ssh,1.0,a_only,aa
ssh,0.285140562248996,shared,holding
ssh,0.3793103448275862,shared,using
ssh,0.3114754098360656,shared,number
ssh,0.2903225806451613,shared,books
ssh,0.09215017064846416,b_only,helpless
ssh,0.08843537414965986,b_only,wildly
ssh,0.675392670157068,shared,score
ssh,0.059602649006622516,b_only,turk
ssh,1.0,a_only,zealand
ssh,0.7679558011049724,shared,militia
ssh,0.07744107744107744,b_only,blush
ssh,0.7486338797814208,shared,grab
ssh,0.6326530612244898,shared,dusk
ssh,0.30612244897959184,shared,make
ssh,0.7391304347826086,shared,panic
ssh,0.6666666666666666,shared,hatred
ssh,0.5458937198067633,shared,rushing
ssh,0.3445378151260504,shared,drive
ssh,0.09215017064846416,b_only,comprehend
ssh,0.09965635738831616,b_only,approaching
ssh,1.0,a_only,tourists
ssh,0.10344827586206896,b_only,distributing
ssh,0.6,shared,banker
ssh,0.40969162995594716,shared,disappointed
ssh,0.675392670157068,shared,negative
ssh,0.8285714285714286,shared,situations
ssh,1.0,a_only,commerce
ssh,0.29554655870445345,shared,half
ssh,1.0,a_only,amateur
ssh,1.0,a_only,cube
ssh,0.09965635738831616,b_only,3
ssh,0.8181818181818182,shared,harvest
ssh,1.0,a_only,cartoon
ssh,0.5686274509803921,shared,relation
ssh,1.0,a_only,mineral
ssh,0.6842105263157895,shared,culture
ssh,0.3389121338912134,shared,remark
ssh,1.0,a_only,arminian
ssh,1.0,a_only,occupies
ssh,1.0,a_only,recordings
ssh,0.285140562248996,shared,never
ssh,0.5920398009950248,shared,strained
ssh,1.0,a_only,amines
ssh,1.0,a_only,americium
ssh,0.10726643598615918,b_only,hurriedly
ssh,0.7297297297297297,shared,prolonged
ssh,0.8285714285714286,shared,frogs
ssh,0.6666666666666666,shared,flown
ssh,0.6410256410256411,shared,flag
ssh,1.0,a_only,var
ssh,1.0,a_only,egoism
ssh,0.28,shared,down
ssh,1.0,a_only,affecting
ssh,1.0,a_only,almond
ssh,0.3168724279835391,shared,blue
ssh,0.8285714285714286,shared,improvements
ssh,1.0,a_only,edited
ssh,1.0,a_only,methyl
ssh,0.5841584158415841,shared,declined
ssh,0.7877094972067039,shared,seed
ssh,1.0,a_only,baldwin
ssh,1.0,a_only,inc
ssh,0.6666666666666666,shared,sink
ssh,0.09215017064846416,b_only,trifling
ssh,0.5023474178403756,shared,duties
ssh,0.8285714285714286,shared,prophetic
ssh,0.29554655870445345,shared,cut
ssh,0.28,shared,quite
ssh,1.0,a_only,differ
ssh,0.7112299465240641,shared,willow
ssh,1.0,a_only,demographics
ssh,1.0,a_only,al
ssh,1.0,a_only,normally
ssh,1.0,a_only,neo
ssh,1.0,a_only,matt
ssh,0.08843537414965986,b_only,neighbour
ssh,1.0,a_only,combustion
ssh,0.0958904109589041,b_only,amused
ssh,0.3168724279835391,shared,worked
ssh,0.3617021276595745,shared,unable
ssh,1.0,a_only,alternatives
ssh,0.7679558011049724,shared,attain
ssh,1.0,a_only,victorian
ssh,0.30612244897959184,shared,confidence
ssh,0.4883720930232558,shared,sin
ssh,0.6931216931216931,shared,chances
ssh,0.5384615384615384,shared,wings
ssh,0.6326530612244898,shared,withdrew
ssh,0.3793103448275862,shared,adventure
ssh,1.0,a_only,maintain
ssh,0.0847457627118644,b_only,fireplace
ssh,0.7582417582417582,shared,mixing
ssh,1.0,a_only,mises
ssh,1.0,a_only,substantial
ssh,1.0,a_only,tony
ssh,1.0,a_only,sites
ssh,0.2903225806451613,shared,self
ssh,0.07023411371237458,b_only,anguish
ssh,1.0,a_only,leadership
ssh,1.0,a_only,soccer
ssh,1.0,a_only,elite
ssh,0.5920398009950248,shared,cell
ssh,0.0847457627118644,b_only,auntie
ssh,0.2549019607843137,shared,see
ssh,1.0,a_only,publisher
ssh,1.0,a_only,marsh
ssh,1.0,a_only,underwent
ssh,1.0,a_only,agreements
ssh,0.2698412698412698,shared,look
ssh,0.7112299465240641,shared,pork
ssh,1.0,a_only,dreyfus
ssh,0.0847457627118644,b_only,shook
ssh,0.5763546798029556,shared,perform
ssh,0.2903225806451613,shared,determined
ssh,1.0,a_only,abbeys
ssh,1.0,a_only,antiparticle
ssh,1.0,a_only,topics
ssh,0.7391304347826086,shared,ranged
ssh,0.5533980582524272,shared,confined
ssh,1.0,a_only,ab
ssh,1.0,a_only,reflects
ssh,0.09215017064846416,b_only,jury
ssh,0.5763546798029556,shared,guests
ssh,1.0,a_only,samples
ssh,0.7486338797814208,shared,philosopher
ssh,1.0,a_only,koestler
ssh,0.7877094972067039,shared,acceptable
ssh,0.7679558011049724,shared,improbable
ssh,0.5609756097560976,shared,europe
ssh,0.7112299465240641,shared,sharing
ssh,0.0847457627118644,b_only,anyhow
ssh,1.0,a_only,replica
ssh,0.0958904109589041,b_only,tut
ssh,1.0,a_only,historians
ssh,0.7204301075268817,shared,accompanying
ssh,0.2648221343873518,shared,touch
ssh,0.5920398009950248,shared,conference
ssh,0.4883720930232558,shared,swift
ssh,1.0,a_only,tasmania
ssh,1.0,a_only,involvement
ssh,0.6161616161616161,shared,included
ssh,1.0,a_only,canon
ssh,1.0,a_only,restricted
ssh,0.8181818181818182,shared,hardy
ssh,0.48148148148148145,shared,fever
ssh,0.807909604519774,shared,disaster
ssh,0.2749003984063745,shared,hours
ssh,1.0,a_only,comet
ssh,1.0,a_only,lovell
ssh,0.0847457627118644,b_only,clapped
ssh,0.797752808988764,shared,glacier
ssh,0.4222222222222222,shared,ideas
ssh,1.0,a_only,virginia
ssh,0.5384615384615384,shared,tower
ssh,0.3278008298755187,shared,putting
ssh,0.2749003984063745,shared,thing
ssh,0.08843537414965986,b_only,verses
ssh,1.0,a_only,input
ssh,0.46788990825688076,shared,joke
ssh,1.0,a_only,alcuin
ssh,0.08843537414965986,b_only,interrupt
ssh,1.0,a_only,stance
ssh,0.23552123552123552,shared,keep
ssh,1.0,a_only,summary
ssh,0.415929203539823,shared,lonely
ssh,0.6161616161616161,shared,winning
ssh,0.3168724279835391,shared,sought
ssh,1.0,a_only,disc
ssh,1.0,a_only,predominantly
ssh,0.3333333333333333,shared,fingers
ssh,1.0,a_only,opus
ssh,0.5458937198067633,shared,represent
ssh,0.08843537414965986,b_only,shade
ssh,0.4611872146118721,shared,brandy
ssh,0.6326530612244898,shared,recover
ssh,1.0,a_only,ft
ssh,0.4953271028037383,shared,flying
ssh,1.0,a_only,sensory
ssh,0.6161616161616161,shared,wives
ssh,0.06666666666666667,b_only,wonders
ssh,0.39737991266375544,shared,treated
ssh,1.0,a_only,conquests
ssh,0.7486338797814208,shared,breach
ssh,1.0,a_only,international
ssh,1.0,a_only,continent
ssh,0.285140562248996,shared,said
ssh,0.6410256410256411,shared,tragic
ssh,0.6243654822335025,shared,magic
ssh,1.0,a_only,vocabulary
ssh,1.0,a_only,administration
ssh,0.7204301075268817,shared,coin
ssh,0.059602649006622516,b_only,steamboat
ssh,0.09965635738831616,b_only,rubbed
ssh,0.6161616161616161,shared,distrust
ssh,1.0,a_only,html
ssh,0.350210970464135,shared,loud
ssh,1.0,a_only,poirot
ssh,1.0,a_only,biblical
ssh,0.7877094972067039,shared,healing
ssh,1.0,a_only,anders
ssh,1.0,a_only,demanding
ssh,0.45454545454545453,shared,emerged
ssh,1.0,a_only,tourism
ssh,1.0,a_only,aligned
ssh,0.5384615384615384,shared,waved
ssh,0.7112299465240641,shared,punished
ssh,0.6842105263157895,shared,trip
ssh,0.3114754098360656,shared,elizabeth
ssh,0.7391304347826086,shared,answers
ssh,1.0,a_only,lipsius
ssh,1.0,a_only,affiliated
ssh,0.28,shared,though
ssh,0.2749003984063745,shared,journey
ssh,0.7877094972067039,shared,indians
ssh,1.0,a_only,protective
ssh,0.4222222222222222,shared,sentence
ssh,0.8181818181818182,shared,flood
ssh,0.2549019607843137,shared,an
ssh,1.0,a_only,replacing
ssh,1.0,a_only,organization
ssh,0.6494845360824743,shared,drift
ssh,0.7679558011049724,shared,hungarian
ssh,0.1267605633802817,b_only,cloak
ssh,0.09215017064846416,b_only,openshaw
ssh,1.0,a_only,singer
ssh,0.42857142857142855,shared,barred
ssh,1.0,a_only,anarcho
ssh,0.37339055793991416,shared,task
ssh,1.0,a_only,islamic
ssh,1.0,a_only,frac
ssh,0.7877094972067039,shared,deduction
ssh,1.0,a_only,traits
ssh,1.0,a_only,governmental
ssh,1.0,a_only,corinthians
ssh,1.0,a_only,origins
ssh,0.22137404580152673,shared,view
ssh,0.797752808988764,shared,perseverance
ssh,0.07023411371237458,b_only,squeezed
ssh,0.807909604519774,shared,rival
ssh,0.10726643598615918,b_only,lucy
ssh,0.1111111111111111,b_only,austen
ssh,0.675392670157068,shared,inches
ssh,1.0,a_only,scholarly
ssh,0.09215017064846416,b_only,hasn
ssh,0.5609756097560976,shared,dislike
ssh,1.0,a_only,operating
ssh,0.6,shared,customs
ssh,0.7297297297297297,shared,danube
ssh,0.7297297297297297,shared,helmet
ssh,0.40969162995594716,shared,command
ssh,0.3278008298755187,shared,fears
ssh,1.0,a_only,establishes
ssh,1.0,a_only,methane
ssh,1.0,a_only,behavior
ssh,0.7777777777777778,shared,uniform
ssh,0.3333333333333333,shared,letters
ssh,0.07023411371237458,b_only,indebted
ssh,1.0,a_only,vietnam
ssh,0.5763546798029556,shared,accurate
ssh,1.0,a_only,variations
ssh,1.0,a_only,navigation
ssh,1.0,a_only,advocated
ssh,0.08843537414965986,b_only,spies
ssh,0.6326530612244898,shared,pace
ssh,0.6326530612244898,shared,engine
ssh,1.0,a_only,vogt
ssh,0.807909604519774,shared,constructed
ssh,0.39737991266375544,shared,sooner
ssh,0.0958904109589041,b_only,inquest
ssh,0.1111111111111111,b_only,vexation
ssh,0.5609756097560976,shared,rolling
ssh,0.2749003984063745,shared,blood
ssh,1.0,a_only,sumter
ssh,0.8390804597701149,shared,bind
ssh,0.48148148148148145,shared,revenge
ssh,1.0,a_only,individualist
ssh,1.0,a_only,artemis
ssh,1.0,a_only,korzybski
ssh,1.0,a_only,sensei
ssh,0.2749003984063745,shared,presently
ssh,0.415929203539823,shared,sheep
ssh,1.0,a_only,supports
ssh,1.0,a_only,colleges
ssh,0.48148148148148145,shared,grey
ssh,1.0,a_only,novelist
ssh,0.08843537414965986,b_only,knock
ssh,0.3559322033898305,shared,tree
ssh,0.7391304347826086,shared,updated
ssh,1.0,a_only,internet
ssh,0.6842105263157895,shared,beer
ssh,0.11498257839721254,b_only,caterpillar
ssh,1.0,a_only,annexed
ssh,0.2903225806451613,shared,lost
ssh,0.3793103448275862,shared,according
ssh,0.28,shared,carriage
ssh,0.7679558011049724,shared,crude
ssh,0.3168724279835391,shared,knew
ssh,0.2549019607843137,shared,help
ssh,0.5458937198067633,shared,associated
ssh,0.5763546798029556,shared,test
ssh,0.06666666666666667,b_only,frowned
ssh,0.4883720930232558,shared,confusion
ssh,0.2749003984063745,shared,because
ssh,0.36752136752136755,shared,finger
ssh,1.0,a_only,frames
ssh,0.7582417582417582,shared,eighteenth
ssh,1.0,a_only,fao
ssh,0.7391304347826086,shared,geography
ssh,0.4222222222222222,shared,exact
ssh,1.0,a_only,shifted
ssh,0.350210970464135,shared,song
ssh,0.08843537414965986,b_only,dine
ssh,1.0,a_only,center
ssh,0.07744107744107744,b_only,awhile
ssh,1.0,a_only,indirect
ssh,0.0958904109589041,b_only,caution
ssh,1.0,a_only,lesser
ssh,1.0,a_only,explicitly
ssh,1.0,a_only,physicists
ssh,1.0,a_only,antiprotons
ssh,1.0,a_only,regime
ssh,1.0,a_only,agnetha
ssh,0.5920398009950248,shared,intense
ssh,1.0,a_only,ethnic
ssh,0.4222222222222222,shared,arranged
ssh,1.0,a_only,yeast
ssh,0.391304347826087,shared,ease
ssh,0.0847457627118644,b_only,whooping
ssh,0.23552123552123552,shared,came
ssh,0.08108108108108109,b_only,leviathan
ssh,1.0,a_only,asperger
ssh,0.7777777777777778,shared,obscurity
ssh,0.5609756097560976,shared,prefer
ssh,0.45454545454545453,shared,weight
ssh,0.0847457627118644,b_only,kitten
ssh,0.07023411371237458,b_only,distressed
ssh,0.6410256410256411,shared,talks
ssh,0.7777777777777778,shared,tunnel
ssh,1.0,a_only,archaeologists
ssh,0.06312292358803986,b_only,manette
ssh,1.0,a_only,vegetation
ssh,1.0,a_only,indicator
ssh,0.6326530612244898,shared,presents
ssh,0.3389121338912134,shared,somewhat
ssh,0.675392670157068,shared,saving
ssh,0.6,shared,arabian
ssh,0.5609756097560976,shared,divided
ssh,0.06312292358803986,b_only,frowning
ssh,0.5533980582524272,shared,pet
ssh,1.0,a_only,steven
ssh,0.25984251968503935,shared,man
ssh,1.0,a_only,layer
ssh,0.08108108108108109,b_only,forefinger
ssh,0.25,shared,heart
ssh,0.6326530612244898,shared,per
ssh,0.3793103448275862,shared,tongue
ssh,0.7777777777777778,shared,choosing
ssh,1.0,a_only,sooty
ssh,1.0,a_only,ranges
ssh,0.0847457627118644,b_only,sleeps
ssh,1.0,a_only,arslan
ssh,0.7391304347826086,shared,normal
ssh,0.6,shared,plot
ssh,0.6580310880829016,shared,weeds
ssh,1.0,a_only,persia
ssh,0.7204301075268817,shared,mice
ssh,0.08843537414965986,b_only,blast
ssh,1.0,a_only,aspirin
ssh,1.0,a_only,unified
ssh,0.6666666666666666,shared,xii
ssh,0.5238095238095238,shared,guarded
ssh,1.0,a_only,installed
ssh,0.8181818181818182,shared,convenience
ssh,0.5609756097560976,shared,forces
ssh,1.0,a_only,opponent
ssh,0.5165876777251185,shared,criminal
ssh,1.0,a_only,maritime
ssh,0.3793103448275862,shared,due
ssh,0.3445378151260504,shared,court
ssh,0.5311004784688995,shared,pursue
ssh,0.5841584158415841,shared,directions
ssh,0.7112299465240641,shared,fruits
ssh,1.0,a_only,deals
ssh,1.0,a_only,leaders
ssh,0.7112299465240641,shared,merchant
ssh,1.0,a_only,br
ssh,1.0,a_only,victorious
ssh,1.0,a_only,operatorname
ssh,0.0958904109589041,b_only,knives
ssh,0.10726643598615918,b_only,polite
ssh,1.0,a_only,apocalypse
ssh,0.08108108108108109,b_only,lad
ssh,1.0,a_only,institute
ssh,1.0,a_only,links
ssh,0.29554655870445345,shared,tired
ssh,0.7204301075268817,shared,crowned
ssh,0.09965635738831616,b_only,chained
ssh,1.0,a_only,abdominal
ssh,0.48148148148148145,shared,constant
ssh,0.5165876777251185,shared,pleasing
ssh,0.4479638009049774,shared,attend
ssh,0.08843537414965986,b_only,stupid
ssh,0.08843537414965986,b_only,charming
ssh,1.0,a_only,numerical
ssh,0.5920398009950248,shared,thumb
ssh,1.0,a_only,paperback
ssh,0.47465437788018433,shared,statement
ssh,1.0,a_only,approaches
ssh,1.0,a_only,measuring
ssh,1.0,a_only,saga
ssh,0.25984251968503935,shared,bent
ssh,0.5458937198067633,shared,contrast
ssh,0.7391304347826086,shared,realize
ssh,1.0,a_only,capitalist
ssh,1.0,a_only,stations
ssh,1.0,a_only,epidemic
ssh,1.0,a_only,amine
ssh,1.0,a_only,heracles
ssh,0.7391304347826086,shared,confident
ssh,0.4349775784753363,shared,born
ssh,0.47465437788018433,shared,romantic
ssh,0.09965635738831616,b_only,regretted
ssh,1.0,a_only,samoa
ssh,0.6580310880829016,shared,experiences
ssh,1.0,a_only,nile
ssh,0.6494845360824743,shared,verdict
ssh,1.0,a_only,embedded
ssh,0.1111111111111111,b_only,fairies
ssh,0.5686274509803921,shared,popular
ssh,0.5533980582524272,shared,noted
ssh,0.7021276595744681,shared,complied
ssh,0.23552123552123552,shared,enough
ssh,0.4611872146118721,shared,stronger
ssh,0.7582417582417582,shared,bullets
ssh,1.0,a_only,occurs
ssh,1.0,a_only,isotopes
ssh,1.0,a_only,ajax
ssh,0.7582417582417582,shared,maps
ssh,0.0738255033557047,b_only,dainty
ssh,1.0,a_only,atheists
ssh,1.0,a_only,fermented
ssh,1.0,a_only,functions
ssh,0.5458937198067633,shared,departed
ssh,0.5094339622641509,shared,upper
ssh,1.0,a_only,genocide
ssh,1.0,a_only,canadian
ssh,0.0958904109589041,b_only,sleeve
ssh,0.48148148148148145,shared,coloured
ssh,0.3617021276595745,shared,useful
ssh,0.6080402010050251,shared,bestowed
ssh,0.32231404958677684,shared,colonel
ssh,0.4479638009049774,shared,tight
ssh,0.7777777777777778,shared,wilderness
ssh,1.0,a_only,reduce
ssh,0.7777777777777778,shared,pledged
ssh,0.5384615384615384,shared,steep
ssh,0.7204301075268817,shared,compose
ssh,1.0,a_only,discontinued
ssh,0.807909604519774,shared,witnessed
ssh,0.7391304347826086,shared,pearls
ssh,0.7582417582417582,shared,fitting
ssh,1.0,a_only,sina
ssh,1.0,a_only,ethics
ssh,1.0,a_only,anchoring
ssh,0.2698412698412698,shared,many
ssh,1.0,a_only,territories
ssh,1.0,a_only,ibid
ssh,0.7877094972067039,shared,fathers
ssh,0.5094339622641509,shared,feeble
ssh,1.0,a_only,onset
ssh,1.0,a_only,color
ssh,1.0,a_only,aruba
ssh,1.0,a_only,discography
ssh,0.08108108108108109,b_only,tenderness
ssh,0.2698412698412698,shared,within
ssh,0.5763546798029556,shared,lessons
ssh,0.6666666666666666,shared,questioned
ssh,0.7582417582417582,shared,steering
ssh,0.7877094972067039,shared,reasoned
ssh,0.0847457627118644,b_only,cared
ssh,1.0,a_only,parallels
ssh,0.3278008298755187,shared,cast
ssh,0.5311004784688995,shared,murderer
ssh,0.7391304347826086,shared,arches
ssh,0.6494845360824743,shared,discoveries
ssh,0.6842105263157895,shared,pink
ssh,0.11498257839721254,b_only,slim
ssh,0.3168724279835391,shared,reckoned
ssh,0.42857142857142855,shared,reality
ssh,0.0958904109589041,b_only,basket
ssh,1.0,a_only,relaxation
ssh,1.0,a_only,nicolas
ssh,1.0,a_only,rural
ssh,0.08843537414965986,b_only,tops
ssh,0.07023411371237458,b_only,darted
ssh,0.3445378151260504,shared,doors
ssh,0.6494845360824743,shared,prayers
ssh,1.0,a_only,drugs
ssh,1.0,a_only,mosaic
ssh,1.0,a_only,trilogy
ssh,0.5311004784688995,shared,denied
ssh,0.6931216931216931,shared,petersburg
ssh,1.0,a_only,anagram
ssh,0.3278008298755187,shared,object
ssh,1.0,a_only,haer
ssh,1.0,a_only,benedict
ssh,1.0,a_only,atomic
ssh,0.6410256410256411,shared,outer
ssh,0.6931216931216931,shared,writer
ssh,1.0,a_only,efficient
ssh,0.0738255033557047,b_only,awake
ssh,1.0,a_only,pp
ssh,0.7204301075268817,shared,agency
ssh,1.0,a_only,legacy
ssh,1.0,a_only,flowering
ssh,0.2648221343873518,shared,broken
ssh,0.7204301075268817,shared,eighth
ssh,0.7021276595744681,shared,proportion
ssh,0.3114754098360656,shared,later
ssh,0.7391304347826086,shared,anglo
ssh,0.5841584158415841,shared,f
ssh,0.4349775784753363,shared,morris
ssh,0.7582417582417582,shared,acid
ssh,0.10726643598615918,b_only,watchful
ssh,1.0,a_only,franks
ssh,0.09215017064846416,b_only,pinch
ssh,1.0,a_only,coercion
ssh,1.0,a_only,layout
ssh,0.42857142857142855,shared,introduced
ssh,0.3168724279835391,shared,spite
ssh,0.3333333333333333,shared,acquaintance
ssh,1.0,a_only,routes
ssh,0.6842105263157895,shared,vision
ssh,1.0,a_only,academy
ssh,0.28,shared,wasn
ssh,0.3008130081300813,shared,chance
ssh,0.09965635738831616,b_only,mina
ssh,1.0,a_only,outcome
ssh,0.6666666666666666,shared,inhabited
ssh,1.0,a_only,alaska
ssh,0.07744107744107744,b_only,agin
ssh,0.09215017064846416,b_only,happier
ssh,0.5920398009950248,shared,hence
ssh,0.7297297297297297,shared,observations
ssh,0.0738255033557047,b_only,twas
ssh,0.10344827586206896,b_only,comply
ssh,0.2749003984063745,shared,dressed
ssh,0.8181818181818182,shared,secretary
ssh,1.0,a_only,substitution
ssh,0.7297297297297297,shared,arriving
ssh,0.3445378151260504,shared,dog
ssh,0.30612244897959184,shared,judged
ssh,0.42857142857142855,shared,yards
ssh,1.0,a_only,transmission
ssh,0.40350877192982454,shared,job
ssh,1.0,a_only,defendant
ssh,1.0,a_only,spear
ssh,0.0958904109589041,b_only,dismal
ssh,0.8285714285714286,shared,entries
ssh,0.0738255033557047,b_only,waving
ssh,1.0,a_only,atheistic
ssh,0.350210970464135,shared,neck
ssh,1.0,a_only,billion
ssh,1.0,a_only,modulation
ssh,1.0,a_only,speer
ssh,0.7486338797814208,shared,alpha
ssh,0.3168724279835391,shared,late
ssh,1.0,a_only,biography
ssh,0.40969162995594716,shared,cabin
ssh,1.0,a_only,electromagnetic
ssh,0.36752136752136755,shared,weeks
ssh,1.0,a_only,defended
ssh,0.08843537414965986,b_only,sealed
ssh,0.7679558011049724,shared,upright
ssh,0.5458937198067633,shared,base
ssh,0.1111111111111111,b_only,insolent
ssh,1.0,a_only,assumes
ssh,1.0,a_only,premise
ssh,0.5384615384615384,shared,claimed
ssh,0.6410256410256411,shared,forming
ssh,0.30612244897959184,shared,more
ssh,0.2549019607843137,shared,out
ssh,0.1267605633802817,b_only,eagerness
ssh,0.0738255033557047,b_only,reproach
ssh,0.09215017064846416,b_only,whack
ssh,0.08108108108108109,b_only,hellish
ssh,0.0738255033557047,b_only,stair
ssh,0.42857142857142855,shared,stage
ssh,0.7679558011049724,shared,sam
ssh,1.0,a_only,challenge
ssh,0.3445378151260504,shared,started
ssh,1.0,a_only,disputes
ssh,1.0,a_only,murders
ssh,0.7297297297297297,shared,extending
ssh,0.7777777777777778,shared,tallest
ssh,0.0738255033557047,b_only,nigh
ssh,0.2549019607843137,shared,often
ssh,1.0,a_only,molecules
ssh,0.3008130081300813,shared,cross
ssh,0.5023474178403756,shared,instrument
ssh,0.5920398009950248,shared,eastern
ssh,0.08108108108108109,b_only,rucastle
ssh,0.32231404958677684,shared,wife
ssh,0.5841584158415841,shared,sugar
ssh,1.0,a_only,positions
ssh,0.6243654822335025,shared,attacked
ssh,1.0,a_only,utah
ssh,0.09215017064846416,b_only,soothing
ssh,1.0,a_only,subsequent
ssh,0.07744107744107744,b_only,protectors
ssh,0.44144144144144143,shared,native
ssh,0.285140562248996,shared,certain
ssh,0.3008130081300813,shared,not
ssh,1.0,a_only,mp
ssh,1.0,a_only,fundamentally
ssh,0.6161616161616161,shared,minister
ssh,0.23552123552123552,shared,get
ssh,0.6080402010050251,shared,matches
ssh,0.5023474178403756,shared,passengers
ssh,0.5686274509803921,shared,yielded
ssh,1.0,a_only,resembles
ssh,1.0,a_only,composer
ssh,0.2749003984063745,shared,take
ssh,0.7112299465240641,shared,autumn
ssh,1.0,a_only,ruins
ssh,0.3559322033898305,shared,this
ssh,0.5023474178403756,shared,model
ssh,1.0,a_only,overthrow
ssh,0.675392670157068,shared,bolt
ssh,0.7204301075268817,shared,chat
ssh,1.0,a_only,specimens
ssh,0.8497109826589595,shared,casual
ssh,0.6580310880829016,shared,proceedings
ssh,0.6,shared,iv
ssh,0.5458937198067633,shared,protected
ssh,0.0847457627118644,b_only,solicitude
ssh,0.6494845360824743,shared,avoided
ssh,0.37339055793991416,shared,conscious
ssh,0.10726643598615918,b_only,tradesman
ssh,0.675392670157068,shared,retire
ssh,1.0,a_only,cluny
ssh,1.0,a_only,classics
ssh,1.0,a_only,involves
ssh,0.6161616161616161,shared,fools
ssh,0.40969162995594716,shared,absence
ssh,0.7777777777777778,shared,estates
ssh,1.0,a_only,popularity
ssh,0.25984251968503935,shared,good
ssh,0.5384615384615384,shared,searching
ssh,1.0,a_only,pallas
ssh,1.0,a_only,crowley
ssh,1.0,a_only,module
ssh,0.0847457627118644,b_only,woke
ssh,1.0,a_only,neurological
ssh,0.0738255033557047,b_only,grandeur
ssh,0.29554655870445345,shared,means
ssh,1.0,a_only,spencer
ssh,0.245136186770428,shared,feelings
ssh,0.7582417582417582,shared,consistent
ssh,1.0,a_only,arian
ssh,1.0,a_only,hippolytus
ssh,0.6494845360824743,shared,tremendous
ssh,0.5458937198067633,shared,keys
ssh,0.7877094972067039,shared,withdraw
ssh,0.25984251968503935,shared,loved
ssh,0.3617021276595745,shared,quietly
ssh,0.7021276595744681,shared,visiting
ssh,1.0,a_only,buenos
ssh,1.0,a_only,ironically
ssh,0.5609756097560976,shared,title
ssh,1.0,a_only,iran
ssh,0.7679558011049724,shared,prejudices
ssh,0.11888111888111888,b_only,spectacles
ssh,0.0738255033557047,b_only,damp
ssh,0.0958904109589041,b_only,wrung
ssh,0.3617021276595745,shared,played
ssh,1.0,a_only,ambiguous
ssh,0.1111111111111111,b_only,doubted
ssh,0.0847457627118644,b_only,agony
ssh,0.7679558011049724,shared,traded
ssh,0.2903225806451613,shared,without
ssh,0.7582417582417582,shared,mathematics
ssh,1.0,a_only,auteur
ssh,1.0,a_only,communists
ssh,1.0,a_only,core
ssh,0.8181818181818182,shared,herbs
ssh,1.0,a_only,festival
ssh,0.7486338797814208,shared,attractive
ssh,0.7204301075268817,shared,file
ssh,0.1111111111111111,b_only,begged
ssh,0.3559322033898305,shared,hoped
ssh,0.3852813852813853,shared,shape
ssh,1.0,a_only,octavian
ssh,0.1111111111111111,b_only,envy
ssh,0.5686274509803921,shared,british
ssh,0.0958904109589041,b_only,frock
ssh,0.05263157894736842,b_only,disappointment
ssh,1.0,a_only,ranked
ssh,1.0,a_only,creates
ssh,1.0,a_only,hong
ssh,0.7679558011049724,shared,permanent
ssh,0.08843537414965986,b_only,tuck
ssh,1.0,a_only,scheduled
ssh,0.5458937198067633,shared,ferry
ssh,0.10726643598615918,b_only,tellson
ssh,0.11888111888111888,b_only,echoed
ssh,0.0958904109589041,b_only,tongues
ssh,0.6842105263157895,shared,inch
ssh,1.0,a_only,economically
ssh,1.0,a_only,novelists
ssh,1.0,a_only,acids
ssh,0.09215017064846416,b_only,bye
ssh,1.0,a_only,numbered
ssh,0.6410256410256411,shared,mainland
ssh,0.0958904109589041,b_only,deserved
ssh,0.7777777777777778,shared,confer
ssh,1.0,a_only,hiv
ssh,1.0,a_only,beliefs
ssh,1.0,a_only,vocals
ssh,0.5384615384615384,shared,cost
ssh,0.45454545454545453,shared,painter
ssh,0.6842105263157895,shared,horseback
ssh,0.25,shared,care
ssh,0.285140562248996,shared,might
ssh,1.0,a_only,troy
ssh,0.5023474178403756,shared,feature
ssh,0.09965635738831616,b_only,endeavours
ssh,0.42857142857142855,shared,closing
ssh,0.6080402010050251,shared,burden
ssh,0.06666666666666667,b_only,pigeon
ssh,0.7204301075268817,shared,influenced
ssh,0.0958904109589041,b_only,lunatic
ssh,0.42857142857142855,shared,starting
ssh,0.4349775784753363,shared,rendered
ssh,0.5094339622641509,shared,wheels
ssh,0.4479638009049774,shared,highest
ssh,1.0,a_only,civilian
ssh,0.3278008298755187,shared,would
ssh,0.6161616161616161,shared,materials
ssh,0.7112299465240641,shared,refined
ssh,0.245136186770428,shared,sure
ssh,0.40350877192982454,shared,quit
ssh,0.28,shared,strange
ssh,1.0,a_only,males
ssh,1.0,a_only,sanction
ssh,0.08108108108108109,b_only,awful
ssh,0.40350877192982454,shared,proper
ssh,0.07744107744107744,b_only,pall
ssh,1.0,a_only,basic
ssh,0.06666666666666667,b_only,carfax
ssh,1.0,a_only,visigoths
ssh,1.0,a_only,definitive
ssh,0.08108108108108109,b_only,amiable
ssh,1.0,a_only,tons
ssh,0.46788990825688076,shared,glory
ssh,1.0,a_only,correctly
ssh,1.0,a_only,pregnancy
ssh,0.7679558011049724,shared,selection
ssh,0.30612244897959184,shared,spoken
ssh,0.40350877192982454,shared,concerning
ssh,1.0,a_only,ted
ssh,0.7297297297297297,shared,obviously
ssh,0.5458937198067633,shared,romance
ssh,0.5311004784688995,shared,original
ssh,0.7112299465240641,shared,unchanged
ssh,0.7297297297297297,shared,immensely
ssh,1.0,a_only,paintings
ssh,0.08843537414965986,b_only,subdued
ssh,0.6,shared,feast
ssh,1.0,a_only,aftermath
ssh,0.350210970464135,shared,passage
ssh,0.45454545454545453,shared,acquainted
ssh,0.30612244897959184,shared,known
ssh,0.5238095238095238,shared,perceive
ssh,0.10344827586206896,b_only,narborough
ssh,0.807909604519774,shared,confirm
ssh,0.7204301075268817,shared,barrels
ssh,0.4953271028037383,shared,wet
ssh,0.08843537414965986,b_only,soothed
ssh,1.0,a_only,funding
ssh,1.0,a_only,myth
ssh,0.07744107744107744,b_only,glanced
ssh,0.6,shared,heel
ssh,0.7297297297297297,shared,completion
ssh,0.2903225806451613,shared,bit
ssh,0.08843537414965986,b_only,unicorn
ssh,1.0,a_only,nitric
ssh,1.0,a_only,decrease
ssh,0.25,shared,life
ssh,1.0,a_only,hindu
ssh,0.6494845360824743,shared,gravity
ssh,1.0,a_only,fleming
ssh,1.0,a_only,argon
ssh,0.7021276595744681,shared,hereafter
ssh,0.6161616161616161,shared,digging
ssh,1.0,a_only,theology
ssh,1.0,a_only,schweitzer
ssh,0.5533980582524272,shared,interview
ssh,0.6666666666666666,shared,threats
ssh,0.6080402010050251,shared,backs
ssh,0.29554655870445345,shared,post
ssh,1.0,a_only,ceres
ssh,0.11888111888111888,b_only,snoring
ssh,0.807909604519774,shared,hints
ssh,0.4953271028037383,shared,allen
ssh,0.3114754098360656,shared,darkness
ssh,0.08843537414965986,b_only,sah
ssh,0.08843537414965986,b_only,muffled
ssh,1.0,a_only,markets
ssh,1.0,a_only,formulated
ssh,1.0,a_only,unification
ssh,0.7582417582417582,shared,energetic
ssh,0.0847457627118644,b_only,sinister
ssh,0.08843537414965986,b_only,eager
ssh,0.7486338797814208,shared,assert
ssh,0.29554655870445345,shared,whole
ssh,0.3559322033898305,shared,roads
ssh,1.0,a_only,credits
ssh,0.807909604519774,shared,exceeded
ssh,1.0,a_only,isbn
ssh,1.0,a_only,financial
ssh,0.391304347826087,shared,size
ssh,1.0,a_only,synthesis
ssh,0.7582417582417582,shared,shipping
ssh,1.0,a_only,martin
ssh,0.3333333333333333,shared,tea
ssh,0.675392670157068,shared,mid
ssh,1.0,a_only,ernst
ssh,1.0,a_only,depicts
ssh,0.3617021276595745,shared,power
ssh,1.0,a_only,asia
ssh,0.21673003802281368,shared,hardly
ssh,1.0,a_only,doctrine
ssh,0.48148148148148145,shared,fighting
ssh,0.5686274509803921,shared,remove
ssh,0.6,shared,eventually
ssh,0.4222222222222222,shared,honest
ssh,0.08108108108108109,b_only,tempted
ssh,0.7112299465240641,shared,text
ssh,0.4479638009049774,shared,spy
ssh,0.25,shared,can
ssh,0.5609756097560976,shared,minded
ssh,1.0,a_only,charlemagne
ssh,0.3333333333333333,shared,passing
ssh,1.0,a_only,jesuit
ssh,0.0738255033557047,b_only,impatience
ssh,1.0,a_only,capita
ssh,0.08843537414965986,b_only,disgust
ssh,1.0,a_only,molecule
ssh,0.415929203539823,shared,journal
ssh,0.6842105263157895,shared,foe
ssh,1.0,a_only,export
ssh,0.08108108108108109,b_only,charmed
ssh,1.0,a_only,abraham
ssh,0.391304347826087,shared,bottom
ssh,1.0,a_only,cable
ssh,1.0,a_only,ahmed
ssh,0.285140562248996,shared,bound
ssh,0.10726643598615918,b_only,assured
ssh,0.7204301075268817,shared,gladly
ssh,0.09965635738831616,b_only,bother
ssh,1.0,a_only,extant
ssh,0.5609756097560976,shared,profound
ssh,1.0,a_only,poll
ssh,0.25984251968503935,shared,earth
ssh,0.5458937198067633,shared,regiment
ssh,1.0,a_only,histories
ssh,0.350210970464135,shared,beat
ssh,1.0,a_only,imperium
ssh,0.37339055793991416,shared,helped
ssh,0.08843537414965986,b_only,laughed
ssh,0.42857142857142855,shared,mail
ssh,0.3008130081300813,shared,small
ssh,1.0,a_only,aided
ssh,0.7297297297297297,shared,insect
ssh,0.4349775784753363,shared,beating
ssh,0.25984251968503935,shared,em
ssh,0.6161616161616161,shared,exchange
ssh,0.47465437788018433,shared,image
ssh,0.8285714285714286,shared,sal
ssh,0.37339055793991416,shared,offered
ssh,0.6161616161616161,shared,protested
ssh,0.09965635738831616,b_only,pretending
ssh,0.7486338797814208,shared,offers
ssh,1.0,a_only,substances
ssh,1.0,a_only,nitrogen
ssh,0.8181818181818182,shared,ohio
ssh,0.6494845360824743,shared,multitude
ssh,0.0958904109589041,b_only,amazement
ssh,0.40969162995594716,shared,current
ssh,0.5763546798029556,shared,utterly
ssh,1.0,a_only,nomenclature
ssh,0.3114754098360656,shared,fine
ssh,0.6666666666666666,shared,sworn
ssh,1.0,a_only,sections
ssh,1.0,a_only,socialist
ssh,1.0,a_only,dynasties
ssh,0.797752808988764,shared,celestial
ssh,1.0,a_only,snowball
ssh,1.0,a_only,bacteria
ssh,0.45454545454545453,shared,pursued
ssh,1.0,a_only,wyatt
ssh,1.0,a_only,syntax
ssh,0.11888111888111888,b_only,expressive
ssh,1.0,a_only,rio
ssh,0.2903225806451613,shared,end
ssh,0.675392670157068,shared,dominated
ssh,0.3617021276595745,shared,harm
ssh,1.0,a_only,featured
ssh,1.0,a_only,patrick
ssh,0.09215017064846416,b_only,runaway
ssh,0.5384615384615384,shared,numerous
ssh,0.7877094972067039,shared,imposing
ssh,0.6,shared,spreading
ssh,0.5094339622641509,shared,selfish
ssh,1.0,a_only,baseball
ssh,1.0,a_only,bavaria
ssh,1.0,a_only,thesis
ssh,0.25,shared,friends
ssh,0.6161616161616161,shared,worship
ssh,0.0958904109589041,b_only,wander
ssh,0.7391304347826086,shared,ca
ssh,0.415929203539823,shared,design
ssh,0.6326530612244898,shared,sickness
ssh,0.6580310880829016,shared,separation
ssh,0.8390804597701149,shared,oppose
ssh,0.25984251968503935,shared,wouldn
ssh,0.3793103448275862,shared,gold
ssh,0.09215017064846416,b_only,snowy
ssh,0.5094339622641509,shared,landing
ssh,0.6410256410256411,shared,development
ssh,1.0,a_only,reformed
ssh,0.8285714285714286,shared,thereby
ssh,0.5686274509803921,shared,observing
ssh,1.0,a_only,reed
ssh,0.28,shared,duke
ssh,1.0,a_only,berber
ssh,0.09965635738831616,b_only,weighed
ssh,0.6161616161616161,shared,commission
ssh,0.6243654822335025,shared,runs
ssh,0.7297297297297297,shared,altar
ssh,1.0,a_only,dedicated
ssh,1.0,a_only,terminated
ssh,1.0,a_only,hellenic
ssh,0.29554655870445345,shared,suddenly
ssh,0.2903225806451613,shared,clear
ssh,0.6931216931216931,shared,debt
ssh,1.0,a_only,anterior
ssh,0.5533980582524272,shared,overhead
ssh,0.7582417582417582,shared,logic
ssh,1.0,a_only,agni
ssh,1.0,a_only,sartre
ssh,1.0,a_only,complicated
ssh,0.6580310880829016,shared,sovereign
ssh,0.7877094972067039,shared,butler
ssh,0.7297297297297297,shared,referring
ssh,0.3559322033898305,shared,seven
ssh,0.6842105263157895,shared,exhibited
ssh,1.0,a_only,qur
ssh,0.3278008298755187,shared,cat
ssh,1.0,a_only,collaboration
ssh,0.5609756097560976,shared,smell
ssh,0.7777777777777778,shared,hurricane
ssh,0.5533980582524272,shared,pulling
ssh,1.0,a_only,fascism
ssh,0.2749003984063745,shared,as
ssh,1.0,a_only,andr
ssh,0.3445378151260504,shared,information
ssh,0.7021276595744681,shared,offence
ssh,0.37339055793991416,shared,interested
ssh,0.44144144144144143,shared,tells
ssh,0.09965635738831616,b_only,shame
ssh,1.0,a_only,schedule
ssh,0.5094339622641509,shared,useless
ssh,0.2903225806451613,shared,all
ssh,1.0,a_only,jimmy
ssh,0.6410256410256411,shared,animated
ssh,0.47465437788018433,shared,august
ssh,1.0,a_only,kg
ssh,0.36752136752136755,shared,relations
ssh,0.08108108108108109,b_only,shuddered
ssh,0.7582417582417582,shared,gap
ssh,0.1111111111111111,b_only,bite
ssh,0.6842105263157895,shared,climb
ssh,1.0,a_only,johannes
ssh,1.0,a_only,agnosticism
ssh,0.6931216931216931,shared,vote
ssh,1.0,a_only,catholicism
ssh,0.07744107744107744,b_only,queens
ssh,0.08843537414965986,b_only,retorted
ssh,1.0,a_only,despite
ssh,0.09215017064846416,b_only,tow
ssh,0.350210970464135,shared,its
ssh,0.11888111888111888,b_only,anxiously
ssh,0.0738255033557047,b_only,cheer
ssh,0.10344827586206896,b_only,ticking
ssh,0.10344827586206896,b_only,reckon
ssh,0.7297297297297297,shared,strikes
ssh,1.0,a_only,neurons
ssh,0.4222222222222222,shared,report
ssh,0.45454545454545453,shared,lantern
ssh,0.04918032786885246,b_only,chaise
ssh,1.0,a_only,listed
ssh,0.09215017064846416,b_only,innocence
ssh,0.0958904109589041,b_only,hearty
ssh,1.0,a_only,listing
ssh,0.3008130081300813,shared,use
ssh,0.056105610561056105,b_only,uncomfortable
ssh,0.7777777777777778,shared,speculate
ssh,1.0,a_only,romanian
ssh,0.6080402010050251,shared,confessed
ssh,1.0,a_only,commercial
ssh,0.4611872146118721,shared,stuff
ssh,1.0,a_only,genetics
ssh,0.415929203539823,shared,copyright
ssh,0.5841584158415841,shared,whales
ssh,0.7204301075268817,shared,betrayed
ssh,1.0,a_only,drawings
ssh,0.47465437788018433,shared,wheel
ssh,1.0,a_only,habsburg
ssh,1.0,a_only,linguistics
ssh,1.0,a_only,alcott
ssh,1.0,a_only,emperor
ssh,0.7204301075268817,shared,twentieth
ssh,0.3168724279835391,shared,times
ssh,0.5023474178403756,shared,admit
ssh,0.2903225806451613,shared,lives
ssh,0.8497109826589595,shared,halting
ssh,1.0,a_only,effective
ssh,0.09965635738831616,b_only,gilt
ssh,0.5533980582524272,shared,twin
ssh,0.06312292358803986,b_only,earnestly
ssh,0.4222222222222222,shared,welcome
ssh,0.7486338797814208,shared,chalk
ssh,1.0,a_only,tropical
ssh,1.0,a_only,systematically
ssh,0.285140562248996,shared,liked
ssh,0.5238095238095238,shared,trademark
ssh,0.5920398009950248,shared,improvement
ssh,0.0847457627118644,b_only,tucked
ssh,1.0,a_only,virus
ssh,0.3114754098360656,shared,light
ssh,0.5920398009950248,shared,uncommon
ssh,0.3168724279835391,shared,michael
ssh,1.0,a_only,monthly
ssh,0.391304347826087,shared,recovered
ssh,0.350210970464135,shared,bless
ssh,1.0,a_only,professionals
ssh,0.7486338797814208,shared,beneficial
ssh,0.10344827586206896,b_only,fatigue
ssh,0.7204301075268817,shared,device
ssh,0.29554655870445345,shared,understood
ssh,1.0,a_only,babylonian
ssh,0.3559322033898305,shared,advice
ssh,1.0,a_only,athlete
ssh,1.0,a_only,alexander
ssh,0.06666666666666667,b_only,caroline
ssh,0.0738255033557047,b_only,neglect
ssh,1.0,a_only,cox
ssh,0.28,shared,ten
ssh,0.8713450292397661,shared,parker
ssh,1.0,a_only,kilgore
ssh,1.0,a_only,albanian
ssh,1.0,a_only,vesta
ssh,0.4611872146118721,shared,firm
ssh,1.0,a_only,supporters
ssh,1.0,a_only,anna
ssh,0.7297297297297297,shared,waterloo
ssh,1.0,a_only,amateurs
ssh,1.0,a_only,dementia
ssh,0.675392670157068,shared,ix
ssh,0.2648221343873518,shared,seemed
ssh,1.0,a_only,profile
ssh,1.0,a_only,bands
ssh,0.5763546798029556,shared,quarters
ssh,0.08108108108108109,b_only,doorway
ssh,0.5023474178403756,shared,sermon
ssh,0.6243654822335025,shared,obscure
ssh,0.6842105263157895,shared,robin
ssh,1.0,a_only,react
ssh,1.0,a_only,harbor
ssh,0.5165876777251185,shared,reported
ssh,0.7297297297297297,shared,marvel
ssh,0.391304347826087,shared,suggested
ssh,0.7486338797814208,shared,strongest
ssh,1.0,a_only,sidney
ssh,1.0,a_only,metals
ssh,0.04918032786885246,b_only,marrying
ssh,1.0,a_only,architect
ssh,0.0738255033557047,b_only,darnay
ssh,1.0,a_only,isomers
ssh,0.6931216931216931,shared,ability
ssh,0.6243654822335025,shared,chiefly
ssh,0.32231404958677684,shared,die
ssh,0.2903225806451613,shared,desire
ssh,1.0,a_only,diesel
ssh,0.3008130081300813,shared,makes
ssh,0.12280701754385964,b_only,swallow
ssh,1.0,a_only,archives
ssh,0.797752808988764,shared,elephant
ssh,0.4953271028037383,shared,feather
ssh,0.07023411371237458,b_only,madness
ssh,0.6161616161616161,shared,exist
ssh,0.6580310880829016,shared,banking
ssh,1.0,a_only,marshal
ssh,1.0,a_only,legislation
ssh,0.6080402010050251,shared,fashioned
ssh,1.0,a_only,mol
ssh,1.0,a_only,relatively
ssh,1.0,a_only,passive
ssh,0.415929203539823,shared,ice
ssh,1.0,a_only,gypsum
ssh,0.6,shared,social
ssh,1.0,a_only,cinema
ssh,1.0,a_only,retrieved
ssh,1.0,a_only,proposition
ssh,1.0,a_only,thailand
ssh,0.08108108108108109,b_only,forgetting
ssh,1.0,a_only,homo
ssh,0.4953271028037383,shared,sorts
ssh,0.5165876777251185,shared,enormous
ssh,0.807909604519774,shared,accurately
ssh,1.0,a_only,burns
ssh,1.0,a_only,acclaimed
ssh,0.2648221343873518,shared,began
ssh,0.675392670157068,shared,map
ssh,1.0,a_only,squid
ssh,0.0847457627118644,b_only,hain
ssh,1.0,a_only,morgan
ssh,1.0,a_only,predominant
ssh,0.08843537414965986,b_only,awakened
ssh,0.2698412698412698,shared,empty
ssh,0.285140562248996,shared,circumstances
ssh,1.0,a_only,axioms
ssh,1.0,a_only,publicity
ssh,0.5165876777251185,shared,smoking
ssh,0.2698412698412698,shared,about
ssh,1.0,a_only,exclusion
ssh,0.7297297297297297,shared,earthly
ssh,0.3559322033898305,shared,health
ssh,0.3445378151260504,shared,slightly
ssh,0.5763546798029556,shared,characteristic
ssh,0.7877094972067039,shared,internal
ssh,0.5458937198067633,shared,corpse
ssh,0.09215017064846416,b_only,alarmed
ssh,0.09215017064846416,b_only,plank
ssh,0.7021276595744681,shared,immortal
ssh,0.37339055793991416,shared,bag
ssh,0.07744107744107744,b_only,dern
ssh,1.0,a_only,aaron
ssh,0.7582417582417582,shared,saxon
ssh,0.391304347826087,shared,examined
ssh,0.6580310880829016,shared,oak
ssh,0.6666666666666666,shared,esteemed
ssh,0.6931216931216931,shared,margaret
ssh,1.0,a_only,theologian
ssh,1.0,a_only,burgess
ssh,0.28,shared,teeth
ssh,0.6326530612244898,shared,constantly
ssh,0.6243654822335025,shared,backed
ssh,0.0847457627118644,b_only,honoured
ssh,1.0,a_only,target
ssh,0.08843537414965986,b_only,wot
ssh,0.5311004784688995,shared,gnat
ssh,0.3389121338912134,shared,moved
ssh,0.2648221343873518,shared,for
ssh,0.7777777777777778,shared,perception
ssh,0.3114754098360656,shared,church
ssh,1.0,a_only,dan
ssh,1.0,a_only,tombs
ssh,0.5920398009950248,shared,nowhere
ssh,1.0,a_only,cycle
ssh,0.7679558011049724,shared,adjoining
ssh,0.5609756097560976,shared,spiders
ssh,0.08108108108108109,b_only,desperate
ssh,0.2698412698412698,shared,moment
ssh,0.4479638009049774,shared,soft
ssh,1.0,a_only,governors
ssh,0.05263157894736842,b_only,mustn
ssh,1.0,a_only,socialism
ssh,0.285140562248996,shared,lord
ssh,0.0958904109589041,b_only,hoarsely
ssh,0.7486338797814208,shared,scores
ssh,1.0,a_only,cit
ssh,1.0,a_only,malaysia
ssh,0.2698412698412698,shared,bear
ssh,0.3389121338912134,shared,continued
ssh,1.0,a_only,christie
ssh,0.12280701754385964,b_only,clumb
ssh,1.0,a_only,sales
ssh,1.0,a_only,network
ssh,0.1111111111111111,b_only,lap
ssh,0.6580310880829016,shared,boards
ssh,0.415929203539823,shared,devoted
ssh,0.7391304347826086,shared,ass
ssh,0.7582417582417582,shared,asserted
ssh,1.0,a_only,hardware
ssh,0.37339055793991416,shared,bow
ssh,0.0958904109589041,b_only,console
ssh,0.06666666666666667,b_only,gwyne
ssh,0.2260536398467433,shared,living
ssh,0.12280701754385964,b_only,wig
ssh,0.09965635738831616,b_only,clair
ssh,0.8285714285714286,shared,wheeler
ssh,0.0958904109589041,b_only,clerks
ssh,0.06666666666666667,b_only,angrily
ssh,0.5384615384615384,shared,strain
ssh,1.0,a_only,format
ssh,1.0,a_only,democracy
ssh,1.0,a_only,astronomer
ssh,0.3008130081300813,shared,slow
ssh,0.6410256410256411,shared,solution
ssh,0.47465437788018433,shared,kinds
ssh,0.675392670157068,shared,boom
ssh,0.2549019607843137,shared,whilst
ssh,0.797752808988764,shared,sphere
ssh,0.3559322033898305,shared,top
ssh,0.07744107744107744,b_only,wickham
ssh,0.5686274509803921,shared,cents
ssh,0.807909604519774,shared,applying
ssh,0.13074204946996468,b_only,commence
ssh,0.11888111888111888,b_only,wandered
ssh,0.7877094972067039,shared,tenth
ssh,1.0,a_only,arab
ssh,1.0,a_only,caiman
ssh,1.0,a_only,factor
ssh,0.07744107744107744,b_only,happiest
ssh,0.5165876777251185,shared,frank
ssh,0.7391304347826086,shared,attendance
ssh,0.10726643598615918,b_only,ole
ssh,0.5384615384615384,shared,attachment
ssh,0.07744107744107744,b_only,bundle
ssh,1.0,a_only,pronunciation
ssh,1.0,a_only,qutb
ssh,0.30612244897959184,shared,married
ssh,0.40969162995594716,shared,shock
ssh,0.5609756097560976,shared,combined
ssh,1.0,a_only,assignment
ssh,1.0,a_only,voted
ssh,1.0,a_only,agents
ssh,0.7582417582417582,shared,amazing
ssh,0.6,shared,invisible
ssh,0.675392670157068,shared,sheer
ssh,0.08108108108108109,b_only,dread
ssh,1.0,a_only,thereafter
ssh,1.0,a_only,gender
ssh,1.0,a_only,physically
ssh,1.0,a_only,penguin
ssh,0.7391304347826086,shared,fishermen
ssh,0.4222222222222222,shared,picked
ssh,0.5165876777251185,shared,east
ssh,0.675392670157068,shared,exchanged
ssh,0.40350877192982454,shared,summer
ssh,0.6494845360824743,shared,limb
ssh,0.6842105263157895,shared,superstition
ssh,1.0,a_only,practitioners
ssh,1.0,a_only,walter
ssh,0.415929203539823,shared,custom
ssh,1.0,a_only,aries
ssh,0.3559322033898305,shared,st
ssh,0.6666666666666666,shared,plane
ssh,0.7486338797814208,shared,killer
ssh,1.0,a_only,iraq
ssh,0.3559322033898305,shared,paris
ssh,0.6666666666666666,shared,explaining
ssh,0.6842105263157895,shared,pump
ssh,0.7112299465240641,shared,prevail
ssh,0.07744107744107744,b_only,pirates
ssh,0.6410256410256411,shared,lakes
ssh,1.0,a_only,africans
ssh,1.0,a_only,physicians
ssh,1.0,a_only,category
ssh,1.0,a_only,volunteers
ssh,0.7582417582417582,shared,defect
ssh,0.7777777777777778,shared,proportions
ssh,0.07023411371237458,b_only,defarge
ssh,0.6161616161616161,shared,fan
ssh,0.6931216931216931,shared,arch
ssh,1.0,a_only,basketball
ssh,1.0,a_only,trivia
ssh,1.0,a_only,reef
ssh,0.797752808988764,shared,rarely
ssh,0.08108108108108109,b_only,doan
ssh,0.2698412698412698,shared,my
ssh,0.10344827586206896,b_only,tear
ssh,1.0,a_only,orthodox
ssh,0.7877094972067039,shared,questionable
ssh,0.7486338797814208,shared,throws
ssh,1.0,a_only,latitude
ssh,0.5458937198067633,shared,seas
ssh,0.09965635738831616,b_only,embarrassment
ssh,0.3793103448275862,shared,asking
ssh,0.5384615384615384,shared,declare
ssh,1.0,a_only,goal
ssh,1.0,a_only,csm
ssh,0.4883720930232558,shared,support
ssh,0.797752808988764,shared,traffic
ssh,1.0,a_only,argentine
ssh,0.6410256410256411,shared,appointed
ssh,1.0,a_only,respond
ssh,1.0,a_only,technical
ssh,0.3008130081300813,shared,jonathan
ssh,1.0,a_only,helen
ssh,0.7877094972067039,shared,profit
ssh,0.08843537414965986,b_only,slovaks
ssh,0.08108108108108109,b_only,drawers
ssh,1.0,a_only,ads
ssh,0.32231404958677684,shared,fly
ssh,1.0,a_only,boundaries
ssh,0.37339055793991416,shared,sunday
ssh,0.7486338797814208,shared,killing
ssh,1.0,a_only,forums
ssh,0.7204301075268817,shared,gestures
ssh,0.47465437788018433,shared,stock
ssh,1.0,a_only,naval
ssh,0.6410256410256411,shared,sharply
ssh,1.0,a_only,dakota
ssh,0.2749003984063745,shared,question
ssh,1.0,a_only,orbits
ssh,0.07744107744107744,b_only,sorrowful
ssh,1.0,a_only,temperature
ssh,1.0,a_only,tertiary
ssh,1.0,a_only,calculations
ssh,0.8497109826589595,shared,pat
ssh,0.32231404958677684,shared,ship
ssh,0.6580310880829016,shared,encouraging
ssh,0.5384615384615384,shared,veil
ssh,0.08108108108108109,b_only,lagoon
ssh,1.0,a_only,product
ssh,1.0,a_only,pacifist
ssh,0.3617021276595745,shared,police
ssh,0.5609756097560976,shared,passionate
ssh,0.0958904109589041,b_only,sticking
ssh,1.0,a_only,dorothy
ssh,0.6161616161616161,shared,jacket
ssh,1.0,a_only,alpaca
ssh,1.0,a_only,manufacture
ssh,0.09215017064846416,b_only,glare
ssh,1.0,a_only,facto
ssh,1.0,a_only,influential
ssh,0.5165876777251185,shared,local
ssh,0.39737991266375544,shared,tall
ssh,0.09215017064846416,b_only,neglected
ssh,0.0738255033557047,b_only,motioned
ssh,1.0,a_only,celebration
ssh,0.07023411371237458,b_only,groan
ssh,0.0847457627118644,b_only,toil
ssh,0.3278008298755187,shared,written
ssh,0.6666666666666666,shared,angle
ssh,0.6161616161616161,shared,neville
ssh,0.797752808988764,shared,sandy
ssh,0.3389121338912134,shared,king
ssh,1.0,a_only,secondary
ssh,1.0,a_only,administered
ssh,0.09965635738831616,b_only,hers
ssh,0.7297297297297297,shared,sights
ssh,1.0,a_only,branden
ssh,0.4953271028037383,shared,collected
ssh,0.7021276595744681,shared,th
ssh,1.0,a_only,literacy
ssh,1.0,a_only,keyboards
ssh,0.09215017064846416,b_only,ringing
ssh,1.0,a_only,il
ssh,0.09215017064846416,b_only,parting
ssh,0.0847457627118644,b_only,wonderfully
ssh,0.5763546798029556,shared,sole
ssh,0.7297297297297297,shared,slang
ssh,0.8181818181818182,shared,consequent
ssh,1.0,a_only,inland
ssh,0.350210970464135,shared,creature
ssh,0.675392670157068,shared,sufficiently
ssh,1.0,a_only,pioneer
ssh,0.09215017064846416,b_only,staircase
ssh,0.7391304347826086,shared,surgeon
ssh,0.7877094972067039,shared,survey
ssh,1.0,a_only,companies
ssh,0.32231404958677684,shared,himself
ssh,0.42857142857142855,shared,artist
ssh,0.6243654822335025,shared,decidedly
ssh,0.6080402010050251,shared,dug
ssh,0.6931216931216931,shared,spots
ssh,1.0,a_only,atheist
ssh,0.3617021276595745,shared,private
ssh,1.0,a_only,atanasoff
ssh,0.28,shared,paper
ssh,1.0,a_only,disability
ssh,0.7021276595744681,shared,rests
ssh,0.06312292358803986,b_only,excuse
ssh,0.0847457627118644,b_only,sensible
ssh,0.6494845360824743,shared,swing
ssh,0.391304347826087,shared,direct
ssh,0.7582417582417582,shared,grows
ssh,1.0,a_only,gamma
ssh,1.0,a_only,titles
ssh,1.0,a_only,modified
ssh,0.2903225806451613,shared,mentioned
ssh,0.46788990825688076,shared,driver
ssh,1.0,a_only,businesses
ssh,0.28,shared,possible
ssh,0.3008130081300813,shared,poor
ssh,0.6931216931216931,shared,diaries
ssh,0.3278008298755187,shared,path
ssh,1.0,a_only,sheikh
ssh,0.6326530612244898,shared,drug
ssh,0.6326530612244898,shared,artistic
ssh,0.4479638009049774,shared,escaped
ssh,0.7112299465240641,shared,graves
ssh,0.0738255033557047,b_only,wretchedness
ssh,0.7204301075268817,shared,decree
ssh,0.6,shared,chocolate
ssh,0.08108108108108109,b_only,tolerably
ssh,0.3008130081300813,shared,arrived
ssh,0.09215017064846416,b_only,lodge
ssh,0.2903225806451613,shared,was
ssh,0.28,shared,husband
ssh,0.3559322033898305,shared,enemy
ssh,1.0,a_only,april
ssh,0.7486338797814208,shared,persian
ssh,1.0,a_only,russell
ssh,0.28,shared,turn
ssh,1.0,a_only,firearms
ssh,0.06666666666666667,b_only,vines
ssh,0.09215017064846416,b_only,stricken
ssh,1.0,a_only,gabon
ssh,0.7679558011049724,shared,exhibition
ssh,0.7112299465240641,shared,bat
ssh,1.0,a_only,convert
ssh,0.0958904109589041,b_only,charm
ssh,0.1347517730496454,b_only,12
ssh,0.7679558011049724,shared,dock
ssh,0.6666666666666666,shared,educated
ssh,1.0,a_only,maintained
ssh,0.10344827586206896,b_only,arrange
ssh,1.0,a_only,releases
ssh,1.0,a_only,carthage
ssh,0.3114754098360656,shared,fit
ssh,0.42857142857142855,shared,maid
ssh,0.6580310880829016,shared,linked
ssh,0.37339055793991416,shared,dance
ssh,1.0,a_only,acupuncture
ssh,1.0,a_only,cultures
ssh,1.0,a_only,carl
ssh,0.3389121338912134,shared,fashion
ssh,0.7777777777777778,shared,terrace
ssh,0.2698412698412698,shared,father
ssh,0.10344827586206896,b_only,queer
ssh,0.6666666666666666,shared,modest
ssh,0.3168724279835391,shared,piece
ssh,0.797752808988764,shared,uncovered
ssh,0.6580310880829016,shared,banished
ssh,0.6080402010050251,shared,orange
ssh,1.0,a_only,radicals
ssh,0.7021276595744681,shared,european
ssh,1.0,a_only,tournament
ssh,1.0,a_only,amphibians
ssh,0.3445378151260504,shared,tale
ssh,0.6161616161616161,shared,tribe
ssh,0.0847457627118644,b_only,stain
ssh,1.0,a_only,bonding
ssh,0.797752808988764,shared,manuscript
ssh,1.0,a_only,uss
ssh,0.39737991266375544,shared,dawn
ssh,0.08843537414965986,b_only,circus
ssh,0.06666666666666667,b_only,lamps
ssh,0.6580310880829016,shared,consulting
ssh,0.415929203539823,shared,shows
ssh,0.6580310880829016,shared,lone
ssh,1.0,a_only,offshore
ssh,0.08843537414965986,b_only,gasped
ssh,1.0,a_only,adds
ssh,1.0,a_only,epitome
ssh,0.7021276595744681,shared,flint
ssh,0.5920398009950248,shared,assurance
ssh,0.5094339622641509,shared,invited
ssh,0.5686274509803921,shared,pressing
ssh,1.0,a_only,teams
ssh,0.08843537414965986,b_only,faint
ssh,0.28,shared,particular
ssh,0.09965635738831616,b_only,blessing
ssh,1.0,a_only,graphical
ssh,0.7679558011049724,shared,aiming
ssh,1.0,a_only,province
ssh,0.5458937198067633,shared,dodo
ssh,0.5384615384615384,shared,ride
ssh,0.5763546798029556,shared,restless
ssh,1.0,a_only,hermes
ssh,1.0,a_only,newer
ssh,0.10344827586206896,b_only,swelled
ssh,0.5841584158415841,shared,stolen
ssh,1.0,a_only,commonwealth
ssh,0.675392670157068,shared,mentioning
ssh,0.44144144144144143,shared,angel
ssh,1.0,a_only,editing
ssh,0.6666666666666666,shared,resigned
ssh,0.7112299465240641,shared,earthquake
ssh,0.5609756097560976,shared,floating
ssh,0.7582417582417582,shared,stretching
ssh,1.0,a_only,cartridge
ssh,0.5533980582524272,shared,fitted
ssh,0.7486338797814208,shared,assent
ssh,0.391304347826087,shared,fog
ssh,1.0,a_only,camps
ssh,0.6842105263157895,shared,fiercely
ssh,1.0,a_only,antoninus
ssh,0.11888111888111888,b_only,plenty
ssh,0.7486338797814208,shared,cargo
ssh,1.0,a_only,speculation
ssh,0.6842105263157895,shared,visits
ssh,1.0,a_only,outline
ssh,0.08843537414965986,b_only,hallward
ssh,1.0,a_only,fertilizer
ssh,0.5023474178403756,shared,friendly
ssh,1.0,a_only,phil
ssh,0.09215017064846416,b_only,danced
ssh,0.4222222222222222,shared,month
ssh,0.5023474178403756,shared,souls
ssh,1.0,a_only,armstrong
ssh,0.3278008298755187,shared,school
ssh,1.0,a_only,awk
ssh,0.5920398009950248,shared,incapable
ssh,0.29554655870445345,shared,high
ssh,0.6161616161616161,shared,suppressed
ssh,0.2903225806451613,shared,peter
ssh,0.5311004784688995,shared,cigarette
ssh,0.7582417582417582,shared,forcing
ssh,0.0847457627118644,b_only,citizeness
ssh,0.675392670157068,shared,foam
ssh,0.5920398009950248,shared,positively
ssh,0.06312292358803986,b_only,blazing
ssh,1.0,a_only,compilation
ssh,0.2698412698412698,shared,henry
ssh,1.0,a_only,translations
ssh,0.08843537414965986,b_only,faintly
ssh,0.5384615384615384,shared,poverty
ssh,0.7679558011049724,shared,relaxed
ssh,1.0,a_only,artefacts
ssh,0.7391304347826086,shared,roger
ssh,0.6842105263157895,shared,hospital
ssh,0.391304347826087,shared,frequently
ssh,1.0,a_only,reviews
ssh,0.6,shared,june
ssh,0.6326530612244898,shared,resentment
ssh,1.0,a_only,instrumental
ssh,0.5094339622641509,shared,causes
ssh,0.5920398009950248,shared,meanwhile
ssh,1.0,a_only,issues
ssh,1.0,a_only,diagnostic
ssh,0.7112299465240641,shared,descending
ssh,0.7021276595744681,shared,obligation
ssh,0.6931216931216931,shared,dies
ssh,1.0,a_only,bellows
ssh,0.09215017064846416,b_only,sit
ssh,0.3114754098360656,shared,son
ssh,0.32231404958677684,shared,marked
ssh,1.0,a_only,finnish
ssh,0.797752808988764,shared,fold
ssh,0.285140562248996,shared,forward
ssh,0.5311004784688995,shared,named
ssh,1.0,a_only,comprising
ssh,0.3114754098360656,shared,foot
ssh,0.3333333333333333,shared,most
ssh,0.07744107744107744,b_only,crawled
ssh,0.3008130081300813,shared,somebody
ssh,1.0,a_only,organic
ssh,1.0,a_only,es
ssh,0.5609756097560976,shared,gather
ssh,0.7204301075268817,shared,bay
ssh,0.675392670157068,shared,refer
ssh,0.4883720930232558,shared,stuck
ssh,1.0,a_only,diameter
ssh,0.5533980582524272,shared,changes
ssh,0.0457516339869281,b_only,sid
ssh,1.0,a_only,charges
ssh,0.0847457627118644,b_only,hurried
ssh,1.0,a_only,rc
ssh,0.10344827586206896,b_only,spectacle
ssh,1.0,a_only,conspiracy
ssh,1.0,a_only,eden
ssh,0.6494845360824743,shared,chambers
ssh,0.7297297297297297,shared,guards
ssh,0.5165876777251185,shared,completed
ssh,0.46788990825688076,shared,closely
ssh,0.4953271028037383,shared,series
ssh,0.6243654822335025,shared,missouri
ssh,0.1387900355871886,b_only,loudly
ssh,0.7486338797814208,shared,confirmation
ssh,0.08108108108108109,b_only,eliza
ssh,1.0,a_only,automated
ssh,1.0,a_only,legends
ssh,1.0,a_only,indigenous
ssh,0.6580310880829016,shared,abbey
ssh,1.0,a_only,morocco
ssh,0.44144144144144143,shared,contrary
ssh,0.30612244897959184,shared,human
ssh,0.5384615384615384,shared,wrapped
ssh,0.46788990825688076,shared,appears
ssh,1.0,a_only,prior
ssh,0.2648221343873518,shared,oh
ssh,1.0,a_only,organizations
ssh,0.391304347826087,shared,loose
ssh,1.0,a_only,warhol
ssh,0.4479638009049774,shared,possessed
ssh,1.0,a_only,requirements
ssh,1.0,a_only,levant
ssh,1.0,a_only,sculpture
ssh,0.11498257839721254,b_only,utter
ssh,1.0,a_only,tennessee
ssh,0.29554655870445345,shared,young
ssh,1.0,a_only,controversies
ssh,0.08108108108108109,b_only,shouting
ssh,1.0,a_only,teachings
ssh,0.12280701754385964,b_only,embroidered
ssh,0.0958904109589041,b_only,30
ssh,1.0,a_only,warrior
ssh,0.10726643598615918,b_only,shire
ssh,0.40969162995594716,shared,caused
ssh,0.4953271028037383,shared,stands
ssh,1.0,a_only,hrer
ssh,1.0,a_only,treating
ssh,1.0,a_only,discworld
ssh,0.7877094972067039,shared,perpendicular
ssh,1.0,a_only,fuel
ssh,1.0,a_only,feminist
ssh,0.3389121338912134,shared,across
ssh,0.6580310880829016,shared,villain
ssh,0.40350877192982454,shared,niggers
ssh,0.7877094972067039,shared,acres
ssh,0.09965635738831616,b_only,frost
ssh,1.0,a_only,isaac
ssh,0.7391304347826086,shared,permit
ssh,1.0,a_only,consumer
ssh,1.0,a_only,physics
ssh,0.5686274509803921,shared,articles
ssh,1.0,a_only,objectivism
ssh,0.0958904109589041,b_only,flatter
ssh,0.7021276595744681,shared,recognise
ssh,0.44144144144144143,shared,hunting
ssh,1.0,a_only,operated
ssh,0.7777777777777778,shared,shield
ssh,0.28,shared,different
ssh,0.0847457627118644,b_only,tick
ssh,1.0,a_only,propaganda
ssh,0.0847457627118644,b_only,exertion
ssh,0.245136186770428,shared,try
ssh,0.46788990825688076,shared,season
ssh,0.7777777777777778,shared,duck
ssh,0.415929203539823,shared,treasure
ssh,0.3168724279835391,shared,fell
ssh,1.0,a_only,assuming
ssh,0.6326530612244898,shared,savage
ssh,1.0,a_only,rendezvous
ssh,0.09965635738831616,b_only,agitated
ssh,1.0,a_only,award
ssh,1.0,a_only,manhattan
ssh,1.0,a_only,epirus
ssh,0.06666666666666667,b_only,fancy
ssh,1.0,a_only,vienna
ssh,0.7297297297297297,shared,destroying
ssh,0.3852813852813853,shared,secure
ssh,0.5920398009950248,shared,campbell
ssh,0.6326530612244898,shared,expense
ssh,0.06312292358803986,b_only,warmed
ssh,1.0,a_only,phenomena
ssh,0.3389121338912134,shared,joe
ssh,1.0,a_only,occurring
ssh,0.7021276595744681,shared,bigger
ssh,1.0,a_only,subfamily
ssh,1.0,a_only,restaurants
ssh,1.0,a_only,fred
ssh,0.5311004784688995,shared,qualities
ssh,0.07744107744107744,b_only,tidings
ssh,1.0,a_only,parsons
ssh,0.6931216931216931,shared,sliding
ssh,1.0,a_only,prussian
ssh,0.07744107744107744,b_only,chop
ssh,1.0,a_only,albert
ssh,1.0,a_only,omega
ssh,0.4883720930232558,shared,german
ssh,0.7021276595744681,shared,lofty
ssh,1.0,a_only,erosion
ssh,0.7112299465240641,shared,frog
ssh,1.0,a_only,inventions
ssh,0.2698412698412698,shared,one
ssh,1.0,a_only,characterized
ssh,0.3617021276595745,shared,record
ssh,0.5763546798029556,shared,venture
ssh,0.06666666666666667,b_only,glance
ssh,1.0,a_only,aurelius
ssh,1.0,a_only,satellite
ssh,0.45454545454545453,shared,b
ssh,1.0,a_only,howe
ssh,1.0,a_only,vs
ssh,0.7582417582417582,shared,biggest
ssh,1.0,a_only,ascii
ssh,0.10344827586206896,b_only,tolerable
ssh,1.0,a_only,immigrants
ssh,0.08108108108108109,b_only,vile
ssh,0.6410256410256411,shared,unexpected
ssh,0.3793103448275862,shared,removed
ssh,0.4222222222222222,shared,consequence
ssh,0.5920398009950248,shared,mixture
ssh,0.06666666666666667,b_only,sawed
ssh,1.0,a_only,presidents
ssh,0.391304347826087,shared,crossed
ssh,1.0,a_only,diagnosis
ssh,0.5165876777251185,shared,thou
ssh,0.11888111888111888,b_only,foulon
ssh,0.09965635738831616,b_only,squeeze
ssh,1.0,a_only,arkansas
ssh,0.3168724279835391,shared,am
ssh,0.3114754098360656,shared,think
ssh,0.3008130081300813,shared,leaves
ssh,1.0,a_only,eric
ssh,0.6494845360824743,shared,smooth
ssh,0.7391304347826086,shared,greedy
ssh,0.08843537414965986,b_only,oars
ssh,1.0,a_only,hugo
ssh,1.0,a_only,austria
ssh,1.0,a_only,proven
ssh,0.7112299465240641,shared,fragments
ssh,0.48148148148148145,shared,failure
ssh,0.45454545454545453,shared,ancient
ssh,0.10726643598615918,b_only,gloom
ssh,1.0,a_only,byron
ssh,0.5238095238095238,shared,imagined
ssh,0.09965635738831616,b_only,brass
ssh,0.08843537414965986,b_only,shutting
ssh,0.3168724279835391,shared,floor
ssh,0.5094339622641509,shared,war
ssh,0.32231404958677684,shared,until
ssh,1.0,a_only,instituted
ssh,0.4479638009049774,shared,spread
ssh,0.5533980582524272,shared,instruments
ssh,0.7204301075268817,shared,owed
ssh,0.5609756097560976,shared,distinctly
ssh,0.10726643598615918,b_only,weeping
ssh,1.0,a_only,gide
ssh,1.0,a_only,chronic
ssh,0.5458937198067633,shared,throwing
ssh,1.0,a_only,unix
ssh,0.45454545454545453,shared,false
ssh,0.2698412698412698,shared,horrible
ssh,0.6326530612244898,shared,win
ssh,1.0,a_only,comprehensive
ssh,1.0,a_only,molinari
ssh,1.0,a_only,bayer
ssh,0.7204301075268817,shared,psychological
ssh,0.30612244897959184,shared,vain
ssh,0.10344827586206896,b_only,wash
ssh,1.0,a_only,translated
ssh,0.2749003984063745,shared,sound
ssh,1.0,a_only,athena
ssh,1.0,a_only,saudi
ssh,0.28,shared,show
ssh,0.7112299465240641,shared,closest
ssh,1.0,a_only,stability
ssh,1.0,a_only,fullback
ssh,0.07744107744107744,b_only,gentleness
ssh,1.0,a_only,genesis
ssh,0.6580310880829016,shared,compelled
ssh,0.7679558011049724,shared,dishes
ssh,0.7582417582417582,shared,deceased
ssh,0.7582417582417582,shared,destitute
ssh,0.10344827586206896,b_only,entreat
ssh,0.5384615384615384,shared,portion
ssh,1.0,a_only,remedies
ssh,0.7582417582417582,shared,fourteenth
ssh,0.4349775784753363,shared,subjects
ssh,0.1111111111111111,b_only,tin
ssh,0.21212121212121213,shared,remember
ssh,0.10726643598615918,b_only,compliments
ssh,0.07744107744107744,b_only,uneasy
ssh,1.0,a_only,delta
ssh,0.44144144144144143,shared,deed
ssh,0.07023411371237458,b_only,claws
ssh,0.6410256410256411,shared,earn
ssh,1.0,a_only,sqq
ssh,1.0,a_only,prairie
ssh,0.47465437788018433,shared,stories
ssh,1.0,a_only,semi
ssh,1.0,a_only,headquarters
ssh,0.3114754098360656,shared,mary
ssh,1.0,a_only,reactions
ssh,0.1111111111111111,b_only,perplexed
ssh,0.4611872146118721,shared,occur
ssh,1.0,a_only,abbot
ssh,1.0,a_only,karabakh
ssh,0.0738255033557047,b_only,monstrous
ssh,0.08843537414965986,b_only,warmth
ssh,0.7021276595744681,shared,premises
ssh,1.0,a_only,alloys
ssh,0.7679558011049724,shared,responsibility
ssh,1.0,a_only,claude
ssh,0.28,shared,safe
ssh,1.0,a_only,database
ssh,1.0,a_only,stages
