method,phase_similarity,tag,word
word2vec,0.9823933243751526,shared,seek
word2vec,0.9942742586135864,shared,kicking
word2vec,1.0,a_only,hamilton
word2vec,0.8742386102676392,shared,something
word2vec,1.0,a_only,distances
word2vec,0.9999999403953552,neither,ratios
word2vec,1.0000001192092896,neither,firth
word2vec,-0.04196730628609657,neither,scandalous
word2vec,1.0,neither,leslie
word2vec,1.0,a_only,linguistic
word2vec,1.0,neither,hermetical
word2vec,0.003893097396939993,neither,famished
word2vec,1.0,a_only,saints
word2vec,0.9999998807907104,a_only,archaeology
word2vec,1.0,neither,hokkaido
word2vec,1.0000001192092896,neither,managing
word2vec,0.08752719312906265,neither,dearly
word2vec,0.9999998807907104,a_only,null
word2vec,1.0,a_only,metals
word2vec,0.9903303384780884,shared,cheap
word2vec,0.9246081113815308,shared,call
word2vec,0.09260966628789902,b_only,floated
word2vec,0.100901298224926,neither,imprudent
word2vec,0.033976852893829346,neither,harrowing
word2vec,0.9316637516021729,shared,mark
word2vec,0.9950369596481323,shared,attempting
word2vec,1.0000001192092896,a_only,plus
word2vec,0.9999999403953552,neither,rep
word2vec,0.9999998807907104,a_only,gaul
word2vec,0.9940415024757385,shared,harvest
word2vec,0.9999999403953552,a_only,hindu
word2vec,1.0,a_only,types
word2vec,1.0,a_only,capitalists
word2vec,1.0,neither,cement
word2vec,1.0,neither,substituted
word2vec,1.0,neither,workshops
word2vec,0.08193829655647278,neither,liza
word2vec,0.9634225964546204,shared,roof
word2vec,1.0,a_only,modulation
word2vec,1.0,neither,theta
word2vec,-0.07767464965581894,neither,pence
word2vec,0.27630341053009033,neither,beckoning
word2vec,0.9999998807907104,a_only,portrayed
word2vec,1.0,a_only,bibliography
word2vec,0.9342030882835388,shared,remember
word2vec,0.9999998807907104,a_only,anno
word2vec,0.9999999403953552,neither,etymological
word2vec,1.0000001192092896,neither,diagnoses
word2vec,0.9971376061439514,neither,instructed
word2vec,0.9165857434272766,shared,ben
word2vec,1.0,a_only,presidency
word2vec,0.052967775613069534,b_only,tellson
word2vec,0.9999998807907104,neither,disappears
word2vec,1.0000001192092896,neither,documentation
word2vec,1.0,neither,meter
word2vec,1.0,a_only,rio
word2vec,1.0000001192092896,a_only,plato
word2vec,1.0,neither,satellites
word2vec,0.17518457770347595,b_only,unpleasant
word2vec,0.9924943447113037,shared,exile
word2vec,1.0,neither,immunity
word2vec,1.0000001192092896,neither,telephus
word2vec,1.0000001192092896,a_only,philippines
word2vec,0.06743235886096954,neither,sparks
word2vec,0.18103653192520142,neither,aught
word2vec,0.990467369556427,shared,star
word2vec,0.003005770267918706,neither,roun
word2vec,1.0,a_only,ft
word2vec,1.0,neither,vasily
word2vec,1.0,a_only,server
word2vec,0.10082338750362396,neither,incumbent
word2vec,0.9912129640579224,shared,chambers
word2vec,0.9857811331748962,shared,nearest
word2vec,1.0,a_only,portions
word2vec,0.999308168888092,shared,alps
word2vec,1.0000001192092896,neither,syn
word2vec,0.9999998807907104,a_only,hrer
word2vec,1.0,a_only,magnitude
word2vec,0.9941822290420532,shared,resentment
word2vec,1.0,neither,scandinavia
word2vec,1.0000001192092896,a_only,officially
word2vec,-0.009996839798986912,neither,cornered
word2vec,0.02451031282544136,neither,dreamily
word2vec,0.06683304160833359,neither,harness
word2vec,1.0000001192092896,neither,ether
word2vec,1.0,neither,nesting
word2vec,1.0,neither,doric
word2vec,1.0,neither,initialisms
word2vec,0.971667468547821,shared,cruel
word2vec,0.9999998807907104,neither,disapproved
word2vec,0.020953109487891197,b_only,wednesday
word2vec,0.04409089684486389,neither,beauvais
word2vec,0.9976493120193481,shared,independent
word2vec,0.2186129093170166,neither,brightened
word2vec,0.26183557510375977,neither,fits
word2vec,0.9985588192939758,shared,external
word2vec,1.0,a_only,tests
word2vec,0.7993765473365784,shared,tone
word2vec,1.0,a_only,distributed
word2vec,0.987449049949646,shared,vampire
word2vec,0.9999998807907104,a_only,sensory
word2vec,0.9985259771347046,shared,estates
word2vec,0.08841245621442795,neither,charcoal
word2vec,-0.08362837135791779,b_only,hadn
word2vec,0.9999999403953552,neither,jeffrey
word2vec,0.9844472408294678,shared,trade
word2vec,1.0000001192092896,a_only,charts
word2vec,1.0,neither,triggered
word2vec,1.0,a_only,applet
word2vec,1.0,a_only,hercule
word2vec,1.0,neither,tutor
word2vec,0.9785112142562866,shared,sweep
word2vec,0.9897461533546448,shared,sale
word2vec,0.9939634799957275,shared,deserts
word2vec,1.0,neither,basilica
word2vec,0.992131769657135,shared,famous
word2vec,0.9990836977958679,shared,fuller
word2vec,0.9075784087181091,shared,deep
word2vec,1.0,neither,verified
word2vec,1.0,a_only,irregular
word2vec,0.070651575922966,neither,foolishness
word2vec,0.9718083739280701,shared,favour
word2vec,1.0,neither,imdb
word2vec,0.9999999403953552,neither,nitroglycerin
word2vec,-0.03528059273958206,neither,adorned
word2vec,0.15344521403312683,neither,holiest
word2vec,0.9674222469329834,shared,drove
word2vec,0.023487811908125877,neither,petting
word2vec,1.0,neither,removes
word2vec,0.9964876770973206,shared,sex
word2vec,0.9860891699790955,shared,mutual
word2vec,1.0000001192092896,neither,wang
word2vec,1.0000001192092896,neither,pacifism
word2vec,-0.012952516786754131,neither,sensual
word2vec,0.9963662624359131,shared,league
word2vec,0.9999999403953552,neither,extremists
word2vec,1.0,a_only,civilian
word2vec,1.0,a_only,asperger
word2vec,0.8970732688903809,shared,growing
word2vec,1.0,neither,countryside
word2vec,0.09910468757152557,neither,hove
word2vec,1.0,a_only,liver
word2vec,0.9999999403953552,neither,cooler
word2vec,0.9906793832778931,shared,rescue
word2vec,0.21293409168720245,b_only,blast
word2vec,0.9964534640312195,shared,advised
word2vec,0.01006972137838602,b_only,lucases
word2vec,0.9989957213401794,shared,defined
word2vec,0.9999999403953552,neither,volunteer
word2vec,0.9999998807907104,neither,breakdown
word2vec,1.0,neither,violated
word2vec,1.0000001192092896,neither,trinitarian
word2vec,1.0000001192092896,a_only,discipline
word2vec,1.0,a_only,virus
word2vec,1.0,neither,myanmar
word2vec,0.9999999403953552,neither,luigi
word2vec,1.0000001192092896,neither,powerpc
word2vec,1.0,a_only,eventual
word2vec,1.0,a_only,governmental
word2vec,0.9808815121650696,shared,daily
word2vec,0.9999999403953552,neither,vanuatu
word2vec,1.0000001192092896,a_only,explosive
word2vec,0.9999999403953552,a_only,quotes
word2vec,0.9999999403953552,a_only,unsafe
word2vec,0.2697778344154358,neither,loo
word2vec,0.9999998807907104,neither,soaring
word2vec,0.9993972778320312,shared,pope
word2vec,1.0000001192092896,neither,mauryan
word2vec,0.9999999403953552,neither,duc
word2vec,0.11380606889724731,neither,affording
word2vec,1.0,neither,botany
word2vec,-0.08701682835817337,b_only,kneeling
word2vec,0.9999998807907104,neither,daphne
word2vec,1.0,neither,rankings
word2vec,0.9938666224479675,shared,improvement
word2vec,1.0000001192092896,neither,meridians
word2vec,0.9751540422439575,shared,directed
word2vec,1.0,a_only,utah
word2vec,0.9845374226570129,shared,highest
word2vec,0.050976891070604324,neither,bloodless
word2vec,0.8512946963310242,shared,clock
word2vec,-0.13128253817558289,neither,conversing
word2vec,0.9892186522483826,shared,hero
word2vec,0.06615947932004929,neither,bo
word2vec,0.9999999403953552,a_only,fao
word2vec,0.9999998807907104,neither,colin
word2vec,0.9004989862442017,shared,an
word2vec,1.0,a_only,antiparticle
word2vec,1.0,neither,disabled
word2vec,1.0000001192092896,neither,strife
word2vec,0.9969682097434998,shared,shell
word2vec,0.9964313507080078,neither,finely
word2vec,0.16002659499645233,b_only,somehow
word2vec,1.0,a_only,android
word2vec,1.0,a_only,patrol
word2vec,1.0,neither,inhabitant
word2vec,0.9999998807907104,a_only,lutheran
word2vec,1.0,neither,grapnel
word2vec,0.0770498663187027,neither,err
word2vec,1.0,neither,unalaska
word2vec,1.0,neither,confessions
word2vec,0.9999999403953552,neither,emphasizes
word2vec,1.0,neither,enlightened
word2vec,0.9969162940979004,shared,stated
word2vec,1.0000001192092896,a_only,ethanol
word2vec,0.9221153259277344,shared,gnat
word2vec,1.0,neither,shipped
word2vec,1.0,a_only,rates
word2vec,1.0,a_only,helicopter
word2vec,1.0,neither,therapists
word2vec,1.0,neither,zayed
word2vec,0.9534267783164978,shared,awoke
word2vec,0.9911553263664246,shared,hazard
word2vec,0.058911461383104324,b_only,torture
word2vec,1.0000001192092896,neither,severed
word2vec,0.8286112546920776,shared,done
word2vec,0.9599108695983887,shared,crazy
word2vec,0.9729729294776917,shared,pillow
word2vec,0.9969512224197388,shared,opposed
word2vec,0.03151983395218849,b_only,distributing
word2vec,0.1366891711950302,b_only,congratulations
word2vec,1.0,neither,ambitions
word2vec,1.0,neither,adolescence
word2vec,1.0000001192092896,neither,veto
word2vec,0.11555061489343643,b_only,shawl
word2vec,0.9980694055557251,shared,serves
word2vec,0.9993453621864319,shared,fiction
word2vec,0.9978545308113098,shared,operate
word2vec,0.9999998807907104,a_only,norm
word2vec,0.03881586343050003,neither,blossoms
word2vec,1.0,neither,terrorists
word2vec,0.09743191301822662,b_only,indifferent
word2vec,0.04966075345873833,neither,troublesome
word2vec,0.20926526188850403,b_only,sleeps
word2vec,0.9999998807907104,a_only,layout
word2vec,0.9569651484489441,shared,examined
word2vec,1.0,a_only,syriac
word2vec,1.0000001192092896,a_only,continents
word2vec,1.0000001192092896,neither,amoeboid
word2vec,-0.009278952144086361,b_only,repeating
word2vec,0.9962131381034851,shared,resources
word2vec,1.0,neither,alfonso
word2vec,1.0000001192092896,a_only,objectivism
word2vec,1.0,neither,cuaron
word2vec,0.9716309905052185,shared,mothers
word2vec,1.0000001192092896,neither,clocks
word2vec,1.0000001192092896,a_only,democrats
word2vec,1.0,neither,rationality
word2vec,1.0000001192092896,neither,refrigeration
word2vec,0.9626302719116211,shared,directly
word2vec,0.9796095490455627,shared,produced
word2vec,0.06239500269293785,b_only,brighter
word2vec,0.9125271439552307,shared,twice
word2vec,-0.04344543069601059,neither,villagers
word2vec,0.9999999403953552,a_only,layer
word2vec,0.034655969589948654,neither,liable
word2vec,0.9986128807067871,shared,et
word2vec,1.0,neither,teaches
word2vec,0.8490679264068604,shared,even
word2vec,-0.09344275295734406,b_only,tick
word2vec,0.9909212589263916,shared,moderate
word2vec,0.9972043633460999,shared,obligation
word2vec,0.9988075494766235,shared,overthrown
word2vec,1.0000001192092896,neither,diverged
word2vec,1.0,a_only,islamic
word2vec,0.997303307056427,shared,peoples
word2vec,1.0000001192092896,a_only,reduce
word2vec,0.9856759905815125,shared,superstition
word2vec,1.0,neither,skater
word2vec,0.9999999403953552,a_only,org
word2vec,0.9961290955543518,shared,composition
word2vec,1.0,neither,milo
word2vec,-0.08086290210485458,neither,moist
word2vec,1.0,neither,naturalism
word2vec,0.9950439929962158,shared,farms
word2vec,0.9479354023933411,shared,jumped
word2vec,-0.043927259743213654,b_only,surmise
word2vec,0.30372729897499084,neither,matrimony
word2vec,1.0,neither,affinities
word2vec,1.0,a_only,residents
word2vec,1.0000001192092896,a_only,fetus
word2vec,1.0,neither,treaties
word2vec,0.9999999403953552,neither,aeronautical
word2vec,1.0,neither,deism
word2vec,1.0,neither,borderline
word2vec,0.004568873904645443,neither,cheese
word2vec,-0.03154568374156952,b_only,lydia
word2vec,1.0,a_only,radical
word2vec,0.9278889894485474,shared,top
word2vec,1.0,a_only,genus
word2vec,1.0,a_only,australians
word2vec,0.9974888563156128,shared,depth
word2vec,1.0,neither,gilbert
word2vec,1.0000001192092896,neither,nominations
word2vec,0.14301429688930511,neither,fret
word2vec,1.0,neither,unconstitutional
word2vec,0.22166888415813446,neither,flopping
word2vec,0.995878279209137,shared,pursuits
word2vec,1.0000001192092896,neither,medusa
word2vec,0.9999999403953552,a_only,jay
word2vec,1.0,neither,tertullian
word2vec,1.0,neither,fluctuations
word2vec,0.8634716868400574,shared,child
word2vec,0.1952836960554123,neither,schoolmaster
word2vec,0.19895100593566895,neither,mildness
word2vec,0.9749386310577393,shared,interested
word2vec,1.0,a_only,addictive
word2vec,1.0000001192092896,a_only,hereditary
word2vec,0.9923719167709351,shared,promises
word2vec,1.0,neither,alcaeus
word2vec,1.0,a_only,exiled
word2vec,1.0000001192092896,a_only,poirot
word2vec,1.0,neither,sci
word2vec,1.0,neither,tanks
word2vec,1.0,neither,rer
word2vec,0.25420454144477844,b_only,disgust
word2vec,0.04495057463645935,neither,thicket
word2vec,-0.054831210523843765,b_only,silently
word2vec,0.2774019241333008,neither,unimpeachable
word2vec,1.0,neither,gibbon
word2vec,1.0000001192092896,a_only,traits
word2vec,0.9748327732086182,shared,counting
word2vec,1.0000001192092896,neither,publish
word2vec,0.8927841186523438,shared,money
word2vec,1.0000001192092896,a_only,appreciation
word2vec,1.0,neither,mbox
word2vec,0.9999998807907104,a_only,correctly
word2vec,1.0,neither,cunene
word2vec,0.02465173415839672,b_only,interruption
word2vec,-0.010811303742229939,neither,missus
word2vec,1.0,neither,mutation
word2vec,1.0000001192092896,neither,timelines
word2vec,0.9933037757873535,shared,disaster
word2vec,1.0000001192092896,neither,armaments
word2vec,-0.008456883952021599,b_only,consented
word2vec,0.8297319412231445,shared,great
word2vec,0.11092033982276917,neither,lame
word2vec,-0.06112654134631157,b_only,distress
word2vec,0.98410564661026,shared,difficult
word2vec,0.9832329154014587,shared,palace
word2vec,0.9638043642044067,shared,asking
word2vec,0.17443467676639557,neither,displeased
word2vec,0.12517426908016205,neither,myriad
word2vec,0.9749914407730103,shared,yield
word2vec,0.9955250024795532,shared,remarkably
word2vec,0.7477195858955383,shared,hook
word2vec,0.9999999403953552,neither,lothar
word2vec,1.0,neither,ballet
word2vec,1.0000001192092896,neither,dersu
word2vec,0.10547634214162827,neither,mercenary
word2vec,0.1180889755487442,b_only,wolves
word2vec,-0.042678140103816986,neither,linger
word2vec,0.9654650688171387,shared,court
word2vec,0.9210442304611206,shared,afterwards
word2vec,0.9999998807907104,a_only,factions
word2vec,1.0,a_only,gravitational
word2vec,0.959572434425354,shared,bag
word2vec,1.0,neither,semicircular
word2vec,0.9999998807907104,neither,hoare
word2vec,-0.06517031043767929,neither,boyish
word2vec,0.9999999403953552,neither,preferring
word2vec,1.0,neither,greg
word2vec,0.9999999403953552,neither,laboratories
word2vec,0.9811453819274902,shared,using
word2vec,0.9999999403953552,neither,dispatched
word2vec,0.9921613335609436,shared,landscape
word2vec,0.9245645999908447,shared,case
word2vec,0.9992868304252625,shared,wheeler
word2vec,0.04098472744226456,b_only,apiece
word2vec,1.0,neither,sparked
word2vec,0.06404328346252441,b_only,becuz
word2vec,1.0,neither,enlisted
word2vec,1.0000001192092896,a_only,gordon
word2vec,0.995799720287323,shared,assent
word2vec,1.0,neither,celebrates
word2vec,0.969410240650177,shared,flame
word2vec,1.0000001192092896,neither,nico
word2vec,0.06854113936424255,b_only,kite
word2vec,0.9959611892700195,shared,indicated
word2vec,0.17420585453510284,neither,contemplate
word2vec,-0.012456493452191353,neither,tobacker
word2vec,1.0,neither,enables
word2vec,1.0,neither,exotic
word2vec,0.9938628077507019,shared,objections
word2vec,1.0,a_only,depicted
word2vec,0.9133515954017639,shared,arthur
word2vec,0.9790516495704651,shared,comrade
word2vec,-0.08653106540441513,b_only,vulgar
word2vec,-0.006605319678783417,neither,scornful
word2vec,0.2293517291545868,neither,fixedly
word2vec,-0.049203503876924515,neither,tryin
word2vec,0.9999999403953552,a_only,octavian
word2vec,0.3068561851978302,neither,hastening
word2vec,0.9916397929191589,shared,instructions
word2vec,1.0,a_only,christianity
word2vec,0.8424143195152283,shared,yes
word2vec,0.9986673593521118,shared,grandson
word2vec,0.9999998807907104,a_only,pelagianism
word2vec,1.0000001192092896,a_only,prussian
word2vec,-0.2077072560787201,neither,prowling
word2vec,1.0,a_only,feminist
word2vec,0.23538346588611603,neither,flit
word2vec,0.9999998807907104,a_only,documents
word2vec,-0.018258269876241684,neither,marbles
word2vec,1.0000001192092896,neither,substituents
word2vec,0.9243249297142029,shared,certain
word2vec,0.9987204074859619,neither,announcement
word2vec,0.049320854246616364,neither,perils
word2vec,1.0,neither,evangelium
word2vec,0.09079865366220474,b_only,orgies
word2vec,1.0,neither,refrigerator
word2vec,1.0,neither,attacking
word2vec,0.9999999403953552,neither,garry
word2vec,1.0,a_only,resemble
word2vec,0.9060357213020325,shared,hid
word2vec,1.0,neither,dostoevsky
word2vec,0.005756844766438007,b_only,hum
word2vec,0.06734859943389893,neither,masks
word2vec,1.0,neither,enclosure
word2vec,0.9967182874679565,shared,parish
word2vec,1.0,neither,mcdowell
word2vec,1.0000001192092896,a_only,archipelago
word2vec,0.994168221950531,shared,killing
word2vec,0.9790968894958496,shared,truck
word2vec,0.9999999403953552,neither,rationalism
word2vec,1.0,neither,defunct
word2vec,0.9999999403953552,a_only,classification
word2vec,0.843675434589386,shared,hands
word2vec,1.0,a_only,handling
word2vec,0.9588761329650879,shared,rise
word2vec,0.9893022775650024,shared,lasted
word2vec,0.22143018245697021,neither,kettleness
word2vec,0.9903795123100281,shared,discouraged
word2vec,1.0000001192092896,neither,projections
word2vec,1.0,a_only,resulting
word2vec,0.9982788562774658,shared,groups
word2vec,1.0,a_only,telephone
word2vec,0.05434934422373772,neither,involuntarily
word2vec,0.013599132187664509,neither,barking
word2vec,1.0,neither,boulder
word2vec,0.9943435192108154,shared,provision
word2vec,0.9896571040153503,neither,crouching
word2vec,0.9618709087371826,shared,bow
word2vec,1.0,a_only,autistics
word2vec,0.99748694896698,shared,military
word2vec,0.949330747127533,shared,fresh
word2vec,1.0000001192092896,neither,alignment
word2vec,0.8779515624046326,shared,bit
word2vec,0.9040024876594543,shared,note
word2vec,0.9913321733474731,shared,ii
word2vec,-0.21462856233119965,b_only,gratitude
word2vec,1.0,neither,olympus
word2vec,1.0,a_only,supporting
word2vec,0.9999999403953552,neither,adopting
word2vec,0.14773057401180267,neither,pluck
word2vec,0.9284031987190247,shared,spy
word2vec,1.0000001192092896,a_only,reportedly
word2vec,0.005714425817131996,neither,lowering
word2vec,1.0000001192092896,neither,vanishes
word2vec,1.0,neither,oblique
word2vec,1.0000001192092896,a_only,mini
word2vec,-0.009649238549172878,neither,abusing
word2vec,0.985893964767456,shared,badly
word2vec,0.9810346961021423,shared,interfere
word2vec,1.0000001192092896,neither,specify
word2vec,1.0,neither,participant
word2vec,-0.17634031176567078,neither,xxix
word2vec,0.9979931116104126,shared,prejudice
word2vec,0.9974445700645447,shared,daniel
word2vec,0.9426370859146118,shared,heading
word2vec,-0.10777740180492401,b_only,envy
word2vec,1.0,a_only,vowel
word2vec,0.05477658286690712,neither,kneel
word2vec,0.9403747916221619,shared,outside
word2vec,1.0,a_only,cm
word2vec,0.9346295595169067,shared,disappeared
word2vec,0.08525925874710083,neither,mangled
word2vec,0.9999999403953552,a_only,hardware
word2vec,-0.06502889096736908,b_only,5
word2vec,0.08335325121879578,neither,acquit
word2vec,1.0,neither,declines
word2vec,0.9227679371833801,shared,observed
word2vec,1.0,neither,chariots
word2vec,-0.05301239341497421,neither,threateningly
word2vec,0.09330425411462784,neither,flattering
word2vec,0.00718072522431612,neither,transfusion
word2vec,0.049161396920681,b_only,austen
word2vec,0.6440101265907288,shared,s
word2vec,1.0,a_only,col
word2vec,1.0,a_only,coercion
word2vec,0.9999998807907104,neither,prototypes
word2vec,0.9963164329528809,shared,explains
word2vec,1.0000001192092896,a_only,zionism
word2vec,1.0,neither,quotations
word2vec,0.16148684918880463,b_only,disposed
word2vec,1.0000001192092896,a_only,volcanic
word2vec,0.980783224105835,shared,graves
word2vec,1.0,neither,theists
word2vec,1.0000001192092896,neither,tackles
word2vec,0.9999999403953552,neither,yardage
word2vec,1.0,a_only,hitler
word2vec,0.1530122011899948,neither,nat
word2vec,0.052299946546554565,neither,mustard
word2vec,1.0,neither,harbors
word2vec,0.9880081415176392,shared,hello
word2vec,0.9914771318435669,shared,stories
word2vec,0.9943529367446899,shared,permitted
word2vec,0.9865785241127014,shared,walton
word2vec,-0.09689401090145111,neither,evenings
word2vec,0.9966179132461548,shared,source
word2vec,0.9970855116844177,shared,northern
word2vec,0.9613012075424194,shared,married
word2vec,0.9999998807907104,neither,desktop
word2vec,0.9999999403953552,neither,biog
word2vec,0.9999999403953552,a_only,indigenous
word2vec,0.30882832407951355,b_only,nails
word2vec,1.0,neither,nilo
word2vec,1.0000001192092896,neither,gustave
word2vec,0.08964183181524277,b_only,prisons
word2vec,0.9999999403953552,a_only,kinetic
word2vec,1.0,neither,vitamin
word2vec,0.9959399700164795,shared,comedy
word2vec,0.988661527633667,shared,hopeless
word2vec,0.9999998807907104,neither,levy
word2vec,1.0,neither,sean
word2vec,0.1416073888540268,neither,grapes
word2vec,0.09505445510149002,b_only,foulon
word2vec,1.0,a_only,fertile
word2vec,1.0,neither,compatibility
word2vec,0.9900157451629639,shared,mood
word2vec,1.0,neither,commemorate
word2vec,1.0,neither,diplomat
word2vec,0.9999999403953552,a_only,vatican
word2vec,1.0000001192092896,neither,outlined
word2vec,0.1006612479686737,b_only,persuasion
word2vec,1.0,neither,nee
word2vec,0.984868586063385,shared,seemingly
word2vec,0.9286832213401794,shared,street
word2vec,1.0,neither,novak
word2vec,0.19116437435150146,neither,agonising
word2vec,0.0022008700761944056,neither,blaze
word2vec,0.931134819984436,shared,crowded
word2vec,0.9999999403953552,a_only,absalom
word2vec,0.9989651441574097,shared,mechanical
word2vec,1.0000001192092896,a_only,bases
word2vec,0.9987092018127441,shared,bureau
word2vec,1.0,a_only,airline
word2vec,1.0,neither,gt
word2vec,1.0,neither,temporal
word2vec,-0.03979341313242912,neither,kettle
word2vec,1.0000001192092896,neither,bruno
word2vec,0.06908794492483139,neither,bud
word2vec,0.9797515869140625,shared,peril
word2vec,-0.10187036544084549,neither,dem
word2vec,0.9716053605079651,shared,meeting
word2vec,1.0,neither,priestly
word2vec,0.9999999403953552,neither,nigsberg
word2vec,0.9999999403953552,a_only,tokyo
word2vec,1.0000001192092896,neither,pill
word2vec,0.08308914303779602,neither,shiny
word2vec,1.0000001192092896,a_only,judicial
word2vec,1.0,neither,lowercase
word2vec,1.0,neither,itunes
word2vec,0.9019790291786194,shared,suddenly
word2vec,1.0,neither,grouping
word2vec,-0.07880330085754395,b_only,gazing
word2vec,0.1498517394065857,neither,beware
word2vec,0.06889750808477402,neither,19
word2vec,1.0,a_only,poems
word2vec,0.9999998807907104,neither,dental
word2vec,-0.07939614355564117,neither,unintelligible
word2vec,0.8171055316925049,shared,went
word2vec,0.08082763105630875,b_only,roar
word2vec,0.9999999403953552,a_only,critic
word2vec,0.03533277288079262,neither,hedgehog
word2vec,0.9844948053359985,shared,seize
word2vec,1.0,neither,mint
word2vec,0.938910722732544,shared,occasion
word2vec,0.12818564474582672,b_only,swiftly
word2vec,1.0,neither,nextstep
word2vec,0.04658665880560875,b_only,distribute
word2vec,1.0000001192092896,a_only,yankee
word2vec,1.0,neither,chicks
word2vec,-0.010678400285542011,neither,cling
word2vec,0.9999999403953552,a_only,nih
word2vec,0.9735475778579712,shared,castle
word2vec,0.9892835021018982,shared,ancient
word2vec,1.0,neither,homeland
word2vec,0.9756698608398438,shared,delicate
word2vec,0.08391512930393219,b_only,doubted
word2vec,0.9881818890571594,shared,concerned
word2vec,0.9988813996315002,shared,cynical
word2vec,0.9982013702392578,neither,pikes
word2vec,1.0,neither,dominate
word2vec,1.0000001192092896,neither,enjoys
word2vec,0.997134804725647,neither,distinguishing
word2vec,0.9628481864929199,shared,wolf
word2vec,0.07971009612083435,neither,haunts
word2vec,1.0,a_only,historians
word2vec,1.0,neither,kuril
word2vec,1.0,neither,governance
word2vec,1.0,a_only,premiers
word2vec,1.0,a_only,aramaic
word2vec,1.0,neither,aide
word2vec,0.9352586269378662,shared,therefore
word2vec,-0.007228504866361618,b_only,timid
word2vec,1.0,neither,faulty
word2vec,1.0,neither,rhythms
word2vec,0.017850104719400406,b_only,tooth
word2vec,0.9764503836631775,shared,confusion
word2vec,0.9711557030677795,shared,future
word2vec,1.0000001192092896,a_only,abatement
word2vec,1.0,neither,galois
word2vec,1.0,neither,challenges
word2vec,0.9999998807907104,neither,parameter
word2vec,0.9999998807907104,neither,commentaries
word2vec,0.530830979347229,neither,burnwell
word2vec,1.0000001192092896,a_only,electrons
word2vec,0.9881053566932678,shared,portion
word2vec,1.0000001192092896,neither,unorganized
word2vec,1.0,neither,infectious
word2vec,1.0,neither,banff
word2vec,1.0,neither,laurent
word2vec,0.28416067361831665,b_only,bye
word2vec,0.007904116064310074,neither,wailing
word2vec,0.16102273762226105,neither,beef
word2vec,1.0000001192092896,neither,wattle
word2vec,0.9999999403953552,a_only,compiled
word2vec,0.9732246994972229,shared,greater
word2vec,1.0,neither,compute
word2vec,-0.015869518741965294,b_only,jolly
word2vec,1.0,a_only,digital
word2vec,0.9987895488739014,shared,colleague
word2vec,1.0,neither,sim
word2vec,1.0000001192092896,a_only,bacteria
word2vec,0.9972861409187317,shared,totally
word2vec,-0.014728381298482418,b_only,bushes
word2vec,1.0,neither,consultant
word2vec,1.0,neither,brakeman
word2vec,0.9972320199012756,shared,songs
word2vec,0.31787562370300293,neither,unheard
word2vec,0.9999998807907104,neither,borrowing
word2vec,-0.029951129108667374,b_only,hurst
word2vec,1.0,neither,alemannic
word2vec,0.02831668220460415,neither,hasty
word2vec,0.9631516337394714,shared,endure
word2vec,0.9999999403953552,neither,privatisation
word2vec,1.0000001192092896,neither,inscribed
word2vec,0.9942409992218018,shared,survive
word2vec,1.0,a_only,aspects
word2vec,0.008123446255922318,neither,prompt
word2vec,0.9999999403953552,a_only,lebanon
word2vec,1.0,neither,migrations
word2vec,0.9989203810691833,shared,defeat
word2vec,1.0,neither,progresses
word2vec,1.0,neither,apollon
word2vec,1.0000001192092896,neither,expenditures
word2vec,1.0000001192092896,neither,mu
word2vec,0.9999998807907104,neither,emissions
word2vec,0.9999999403953552,neither,clinicians
word2vec,0.9953740835189819,shared,los
word2vec,1.0000001192092896,neither,horace
word2vec,0.18415194749832153,neither,housekeeping
word2vec,1.0,neither,profits
word2vec,0.8380095362663269,shared,blame
word2vec,0.9931297898292542,shared,application
word2vec,1.0,a_only,classics
word2vec,0.9971696138381958,shared,associated
word2vec,0.9999998807907104,neither,raids
word2vec,1.0,neither,isle
word2vec,-0.01739037036895752,neither,nuisance
word2vec,0.23122993111610413,neither,tumbled
word2vec,1.0,neither,mutually
word2vec,-0.14843972027301788,neither,screech
word2vec,0.07601558417081833,neither,wily
word2vec,0.006995087489485741,neither,loaves
word2vec,0.2274700552225113,neither,sullenly
word2vec,0.03001607581973076,b_only,entreat
word2vec,0.964424192905426,shared,alas
word2vec,0.18136127293109894,neither,replying
word2vec,0.989543080329895,shared,argue
word2vec,0.9532146453857422,shared,iron
word2vec,1.0,neither,burgundy
word2vec,0.99032062292099,shared,eighth
word2vec,1.0,neither,homeric
word2vec,0.10881631821393967,neither,securely
word2vec,0.9999999403953552,neither,ackroyd
word2vec,0.8220168948173523,shared,o
word2vec,0.9975599646568298,shared,entries
word2vec,1.0,neither,shi
word2vec,1.0,neither,bern
word2vec,1.0,neither,anacondas
word2vec,1.0,neither,vineyard
word2vec,1.0000001192092896,a_only,andorra
word2vec,1.0,neither,atrocities
word2vec,0.024402476847171783,neither,flinch
word2vec,0.9970692992210388,shared,offices
word2vec,1.0,a_only,pagan
word2vec,0.9934245347976685,shared,stuffed
word2vec,0.9805527925491333,shared,inch
word2vec,0.9999999403953552,neither,font
word2vec,0.9962889552116394,shared,dated
word2vec,0.999405026435852,shared,traffic
word2vec,1.0,a_only,crucial
word2vec,0.9999999403953552,a_only,ted
word2vec,0.06796888262033463,b_only,poured
word2vec,0.07904646545648575,neither,rousing
word2vec,0.9275510311126709,shared,carefully
word2vec,-0.014633116312325,neither,amusements
word2vec,1.0,a_only,role
word2vec,1.0,neither,priories
word2vec,0.9259383082389832,shared,except
word2vec,0.2075817584991455,neither,averse
word2vec,1.0,neither,surpassed
word2vec,-0.016158441081643105,neither,cabs
word2vec,1.0,neither,accordions
word2vec,0.055607520043849945,neither,hairy
word2vec,1.0,neither,analytic
word2vec,0.9999998807907104,a_only,protocol
word2vec,0.9972670078277588,shared,unnecessary
word2vec,-0.040671754628419876,neither,vigour
word2vec,1.0,a_only,associative
word2vec,0.9999998807907104,neither,expands
word2vec,0.9969361424446106,shared,strait
word2vec,-0.03747978433966637,b_only,saddle
word2vec,1.0000001192092896,a_only,adds
word2vec,1.0000001192092896,neither,lindisfarne
word2vec,1.0,neither,condoms
word2vec,0.8300479054450989,shared,going
word2vec,1.0,a_only,translates
word2vec,1.0000001192092896,a_only,awards
word2vec,1.0,neither,tyler
word2vec,0.9999999403953552,neither,frontal
word2vec,0.9696363210678101,shared,allow
word2vec,0.10064993053674698,neither,shoving
word2vec,0.9916998147964478,shared,fifth
word2vec,0.9968664050102234,shared,deposited
word2vec,1.0,neither,forge
word2vec,0.9970389604568481,shared,tour
word2vec,1.0,a_only,politicians
word2vec,0.9996353387832642,shared,launch
word2vec,0.9813888669013977,shared,satisfactory
word2vec,1.0,neither,sanctions
word2vec,0.9999999403953552,neither,eurasian
word2vec,0.9999999403953552,a_only,artefacts
word2vec,0.9999999403953552,neither,maghreb
word2vec,0.996945321559906,shared,perpendicular
word2vec,0.9722666144371033,shared,character
word2vec,1.0,neither,photosynthetic
word2vec,0.973379373550415,shared,learned
word2vec,0.9860990047454834,shared,caused
word2vec,0.9059504866600037,shared,middle
word2vec,0.9999999403953552,a_only,oklahoma
word2vec,1.0000001192092896,neither,illnesses
word2vec,1.0,a_only,leon
word2vec,1.0,a_only,endangered
word2vec,0.9999999403953552,neither,lore
word2vec,0.9999999403953552,a_only,enacted
word2vec,0.9714109301567078,shared,favourite
word2vec,1.0000001192092896,neither,hybrids
word2vec,0.9999999403953552,a_only,synthesis
word2vec,0.9879998564720154,shared,brick
word2vec,1.0000001192092896,neither,respondents
word2vec,1.0,neither,bankruptcy
word2vec,0.9952552318572998,neither,exceed
word2vec,0.19279032945632935,b_only,sigh
word2vec,1.0,neither,locate
word2vec,0.9966613054275513,shared,grandfather
word2vec,1.0,neither,orthodoxy
word2vec,0.815843403339386,shared,look
word2vec,0.9999999403953552,neither,prodigy
word2vec,1.0,a_only,beatles
word2vec,1.0000001192092896,a_only,exclusion
word2vec,1.0,neither,franciscan
word2vec,1.0,a_only,revision
word2vec,0.9720227122306824,shared,brandy
word2vec,0.9999999403953552,neither,vgik
word2vec,-0.03142771124839783,neither,baggage
word2vec,0.32199200987815857,neither,cock
word2vec,1.0,neither,reacted
word2vec,1.0000001192092896,neither,cruise
word2vec,0.021710410714149475,b_only,turtle
word2vec,0.9252915978431702,shared,pleasant
word2vec,1.0,neither,assign
word2vec,0.13933423161506653,neither,comfortably
word2vec,1.0,a_only,releases
word2vec,0.9963212609291077,shared,esteemed
word2vec,0.12854336202144623,neither,piled
word2vec,0.05894837900996208,neither,unfold
word2vec,0.11011971533298492,neither,gimble
word2vec,0.9946202039718628,shared,hooker
word2vec,-0.038109950721263885,b_only,screamed
word2vec,1.0,a_only,climate
word2vec,0.9817098379135132,shared,event
word2vec,0.9999999403953552,neither,rotated
word2vec,1.0,neither,helpful
word2vec,0.9880926609039307,shared,attempted
word2vec,0.9999999403953552,neither,eleazar
word2vec,1.0,a_only,radians
word2vec,0.0861092209815979,b_only,bet
word2vec,0.9999998807907104,a_only,sales
word2vec,1.0000001192092896,a_only,functionality
word2vec,0.9219585657119751,shared,feather
word2vec,1.0,neither,madrid
word2vec,0.10718592256307602,neither,patches
word2vec,1.0,a_only,vogt
word2vec,0.0011994712986052036,neither,denny
word2vec,1.0,neither,heroin
word2vec,0.9933977723121643,shared,rows
word2vec,1.0000001192092896,neither,cocaine
word2vec,1.0,neither,motorsport
word2vec,1.0,neither,appellant
word2vec,1.0,a_only,ale
word2vec,1.0000001192092896,a_only,huxley
word2vec,0.9755632877349854,shared,beloved
word2vec,0.04358413815498352,neither,meditate
word2vec,0.9054056406021118,shared,pale
word2vec,1.0,neither,zu
word2vec,-0.09094465523958206,b_only,brush
word2vec,0.9999998807907104,neither,garrett
word2vec,0.9630849957466125,shared,history
word2vec,1.0000001192092896,neither,alliaceae
word2vec,-0.0904913917183876,neither,startling
word2vec,1.0,neither,patents
word2vec,1.0,a_only,writings
word2vec,1.0,neither,warrant
word2vec,0.9910570979118347,shared,threat
word2vec,1.0,neither,surrenders
word2vec,-0.04218136519193649,neither,conceited
word2vec,0.9999999403953552,neither,appreciated
word2vec,1.0,neither,utilized
word2vec,0.06357912719249725,neither,yarn
word2vec,0.021745143458247185,b_only,sincerely
word2vec,1.0,a_only,tai
word2vec,1.0000001192092896,a_only,tourists
word2vec,0.9999999403953552,neither,nonexistence
word2vec,0.9999998807907104,neither,ulysses
word2vec,0.9610515236854553,shared,beating
word2vec,1.0000001192092896,a_only,accordion
word2vec,1.0,neither,signatures
word2vec,1.0000001192092896,neither,commemorated
word2vec,0.9847633242607117,shared,tonight
word2vec,0.13142724335193634,b_only,wander
word2vec,1.0000001192092896,a_only,denotes
word2vec,1.0,a_only,agnosticism
word2vec,1.0,neither,demonstrate
word2vec,1.0,a_only,equipment
word2vec,1.0,neither,magister
word2vec,1.0,neither,georges
word2vec,0.12479889392852783,b_only,shabby
word2vec,1.0,neither,malay
word2vec,1.0,neither,nintendo
word2vec,1.0000001192092896,neither,yoga
word2vec,0.9999998807907104,neither,dedication
word2vec,0.8541370034217834,shared,rich
word2vec,0.9821639060974121,shared,foundation
word2vec,0.9999998807907104,a_only,believers
word2vec,0.9979027509689331,shared,lieutenant
word2vec,0.9999998807907104,neither,differentiate
word2vec,0.04678109660744667,neither,intrude
word2vec,1.0000001192092896,a_only,nobel
word2vec,0.29319554567337036,neither,befall
word2vec,0.9999999403953552,a_only,monarchy
word2vec,0.9999999403953552,neither,select
word2vec,1.0,neither,clarence
word2vec,0.9999999403953552,a_only,colony
word2vec,0.9761126637458801,shared,render
word2vec,0.06947193294763565,neither,roofs
word2vec,0.9112427234649658,shared,darkness
word2vec,0.9999999403953552,a_only,publisher
word2vec,0.31361544132232666,neither,desirous
word2vec,0.8428865671157837,shared,cried
word2vec,0.21412548422813416,neither,distorted
word2vec,1.0000001192092896,neither,tylor
word2vec,0.07602013647556305,neither,favourites
word2vec,0.872661828994751,shared,light
word2vec,0.9999998807907104,neither,granting
word2vec,0.9999999403953552,a_only,developing
word2vec,0.9999998807907104,neither,elimination
word2vec,1.0,a_only,continuum
word2vec,-0.0036705422680824995,b_only,chairs
word2vec,0.8193981051445007,shared,life
word2vec,0.22925272583961487,b_only,neglect
word2vec,0.9980114698410034,neither,shocking
word2vec,0.9947043657302856,shared,emphasis
word2vec,1.0000001192092896,a_only,caligula
word2vec,1.0,neither,honours
word2vec,0.9999998807907104,neither,correlation
word2vec,0.9975837469100952,shared,grove
word2vec,1.0,a_only,models
word2vec,1.0,a_only,airport
word2vec,1.0,a_only,anguilla
word2vec,0.9789161086082458,shared,ass
word2vec,0.9682490229606628,shared,missed
word2vec,0.9978167414665222,neither,regulate
word2vec,0.1845710277557373,neither,figured
word2vec,0.9999998807907104,neither,twelfth
word2vec,0.8933510780334473,shared,already
word2vec,-0.10424598306417465,b_only,felicity
word2vec,0.025532353669404984,b_only,darkened
word2vec,1.0,neither,garrison
word2vec,0.9690113067626953,shared,group
word2vec,1.0,neither,designations
word2vec,1.0,a_only,thereof
word2vec,1.0,neither,ribs
word2vec,0.09473813325166702,neither,slackened
word2vec,0.9977378249168396,shared,advocate
word2vec,0.9999999403953552,neither,blooms
word2vec,0.12176554650068283,b_only,yesterday
word2vec,0.974600076675415,shared,holmes
word2vec,0.9999998807907104,neither,relational
word2vec,-0.003607751103118062,b_only,forefinger
word2vec,-0.036174140870571136,neither,fess
word2vec,1.0000001192092896,a_only,maintaining
word2vec,0.9999998807907104,neither,parliaments
word2vec,0.9999999403953552,a_only,contest
word2vec,0.9388729333877563,shared,doing
word2vec,0.9906068444252014,shared,roughly
word2vec,1.0,neither,frequencies
word2vec,0.8722578883171082,shared,ground
word2vec,0.9931612014770508,shared,characters
word2vec,0.9999998807907104,a_only,macintosh
word2vec,0.99656742811203,shared,unwilling
word2vec,1.0,a_only,rivalry
word2vec,0.9873923659324646,shared,le
word2vec,0.14606375992298126,neither,dejection
word2vec,0.975960910320282,shared,actually
word2vec,0.7703784704208374,shared,my
word2vec,0.9008501172065735,shared,moved
word2vec,1.0,neither,harrison
word2vec,0.9161231517791748,shared,general
word2vec,0.9999999403953552,a_only,motivated
word2vec,1.0,neither,agincourt
word2vec,1.0000001192092896,neither,kamuy
word2vec,1.0000001192092896,neither,resonator
word2vec,1.0,neither,joel
word2vec,0.023947391659021378,b_only,drank
word2vec,-0.05525152012705803,neither,brooded
word2vec,1.0000001192092896,neither,committees
word2vec,0.9521881341934204,shared,burning
word2vec,0.9878096580505371,shared,inclination
word2vec,0.9835399389266968,shared,alike
word2vec,1.0,neither,graduates
word2vec,0.9741983413696289,shared,argument
word2vec,1.0000001192092896,a_only,epithet
word2vec,1.0,neither,dogma
word2vec,1.0000001192092896,a_only,approximately
word2vec,1.0,neither,alif
word2vec,0.08738229423761368,neither,wabe
word2vec,0.8515207767486572,shared,use
word2vec,1.0000001192092896,neither,relegated
word2vec,1.0,neither,ic
word2vec,1.0,neither,labelled
word2vec,1.0,a_only,restaurants
word2vec,0.9999999403953552,a_only,scotia
word2vec,0.9792627692222595,shared,mistaken
word2vec,0.9915460348129272,shared,execute
word2vec,0.056100618094205856,b_only,nigger
word2vec,0.995368242263794,shared,commit
word2vec,1.0,a_only,equilibrium
word2vec,0.613776683807373,shared,tom
word2vec,0.049048006534576416,neither,grangerfords
word2vec,1.0000001192092896,a_only,react
word2vec,0.9553715586662292,shared,thou
word2vec,0.9366726279258728,shared,despair
word2vec,1.0000001192092896,neither,regained
word2vec,0.08707467466592789,neither,wildness
word2vec,0.897733747959137,shared,watched
word2vec,1.0,neither,sunni
word2vec,0.9480441212654114,shared,occurred
word2vec,0.021978558972477913,b_only,swore
word2vec,0.9836967587471008,shared,absorbed
word2vec,1.0000001192092896,a_only,competitive
word2vec,-0.1077481061220169,neither,wringing
word2vec,0.868472158908844,shared,children
word2vec,1.0,neither,vertically
word2vec,0.9921389818191528,shared,planning
word2vec,0.13647465407848358,neither,sparrow
word2vec,1.0000001192092896,a_only,georgia
word2vec,0.054383955895900726,neither,faltered
word2vec,1.0000001192092896,a_only,bavarian
word2vec,0.9977998733520508,shared,slam
word2vec,0.984541118144989,shared,tending
word2vec,0.004946267697960138,neither,voluptuous
word2vec,1.0,neither,violations
word2vec,1.0,a_only,abraham
word2vec,1.0,a_only,alligator
word2vec,1.0,neither,polynomials
word2vec,0.992568850517273,shared,rocky
word2vec,0.9999998807907104,a_only,transformation
word2vec,-0.12298823148012161,b_only,wreck
word2vec,1.0,neither,fascists
word2vec,1.0,neither,qi
word2vec,1.0000001192092896,a_only,objectivist
word2vec,0.9410070776939392,shared,innocent
word2vec,0.16137047111988068,neither,custody
word2vec,0.05025416240096092,b_only,fortunate
word2vec,1.0000001192092896,neither,spinosus
word2vec,0.9154613018035889,shared,letter
word2vec,0.9992729425430298,shared,commonly
word2vec,0.9189162850379944,shared,slow
word2vec,0.9526717662811279,shared,forest
word2vec,0.9878487586975098,shared,resist
word2vec,0.9999998807907104,neither,looted
word2vec,0.0915025845170021,neither,whitewashed
word2vec,1.0,neither,petrels
word2vec,0.9999998807907104,neither,totalitarian
word2vec,1.0,neither,moderately
word2vec,1.0,neither,nebulae
word2vec,0.26534053683280945,neither,smoothed
word2vec,0.010561344213783741,neither,buying
word2vec,0.8269951343536377,shared,window
word2vec,0.24633575975894928,neither,decease
word2vec,0.9999998807907104,neither,termination
word2vec,1.0,neither,turbulent
word2vec,1.0,a_only,ainu
word2vec,1.0,neither,nationals
word2vec,1.0000001192092896,neither,atat
word2vec,-0.1098773255944252,b_only,bells
word2vec,0.15284648537635803,neither,yawn
word2vec,0.9685120582580566,shared,carrying
word2vec,0.9926139116287231,shared,tunnel
word2vec,1.0,neither,randomly
word2vec,0.970217764377594,shared,insects
word2vec,0.9529632329940796,shared,names
word2vec,0.9999999403953552,a_only,locally
word2vec,-0.010506832040846348,neither,fust
word2vec,1.0,a_only,canterbury
word2vec,1.0,neither,psychologists
word2vec,1.0000001192092896,a_only,nomenclature
word2vec,0.07770106196403503,neither,strove
word2vec,1.0,a_only,dividing
word2vec,0.16793164610862732,b_only,frankly
word2vec,1.0,neither,blackmail
word2vec,1.0,neither,ethylene
word2vec,0.8865175843238831,shared,perhaps
word2vec,0.10079684108495712,neither,kisses
word2vec,0.019404137507081032,neither,silences
word2vec,0.002309381030499935,b_only,fury
word2vec,0.9987742900848389,shared,containing
word2vec,0.0026789517141878605,neither,groans
word2vec,0.9172946214675903,shared,either
word2vec,1.0,neither,heuristic
word2vec,0.9832443594932556,shared,crown
word2vec,0.9999998807907104,neither,deployed
word2vec,0.21931566298007965,neither,clatter
word2vec,1.0,a_only,ois
word2vec,1.0,neither,reservoir
word2vec,1.0,neither,mnemonics
word2vec,0.9999999403953552,a_only,cellular
word2vec,1.0,neither,consultative
word2vec,0.9340727925300598,shared,attention
word2vec,0.12922775745391846,neither,blaming
word2vec,1.0,neither,toffler
word2vec,0.9999999403953552,neither,antioch
word2vec,0.9447726607322693,shared,current
word2vec,1.0000001192092896,a_only,confederacy
word2vec,1.0,neither,diffraction
word2vec,0.9918809533119202,neither,ditch
word2vec,0.11672792583703995,neither,calico
word2vec,0.05842500552535057,b_only,citizeness
word2vec,0.9716448783874512,shared,banks
word2vec,-0.09778012335300446,neither,consternation
word2vec,-0.10981284081935883,b_only,2
word2vec,0.9999998807907104,neither,purge
word2vec,0.868549644947052,shared,please
word2vec,0.12944115698337555,neither,reverently
word2vec,1.0,neither,repulsed
word2vec,0.9999999403953552,a_only,wartime
word2vec,0.9045276045799255,shared,within
word2vec,0.9954732656478882,shared,unchanged
word2vec,-0.17192493379116058,b_only,flushed
word2vec,1.0,a_only,guitarist
word2vec,0.9863778352737427,shared,pounds
word2vec,1.0,a_only,catalan
word2vec,0.9999999403953552,a_only,hudson
word2vec,1.0,a_only,hera
word2vec,0.9999998807907104,neither,michelle
word2vec,0.17809908092021942,b_only,frauds
word2vec,0.1084824725985527,neither,insurmountable
word2vec,0.9882539510726929,shared,sour
word2vec,1.0000001192092896,neither,sustainable
word2vec,1.0,a_only,hastings
word2vec,1.0000001192092896,neither,mutations
word2vec,1.0,neither,rowling
word2vec,0.09204602986574173,neither,rifts
word2vec,0.0009966299403458834,neither,downward
word2vec,0.0326417051255703,neither,pallet
word2vec,1.0000001192092896,neither,eco
word2vec,1.0,a_only,champions
word2vec,0.06981849670410156,neither,mellow
word2vec,0.9999999403953552,a_only,federer
word2vec,0.9950425624847412,neither,bearer
word2vec,1.0,neither,ridiculed
word2vec,0.9881313443183899,shared,spark
word2vec,0.9902167320251465,shared,exposed
word2vec,0.9810032248497009,shared,unable
word2vec,0.9969656467437744,shared,nineteenth
word2vec,0.9999999403953552,neither,oran
word2vec,-0.056556567549705505,neither,tempt
word2vec,0.9933698177337646,shared,springs
word2vec,0.15314166247844696,b_only,hawkins
word2vec,1.0,a_only,contexts
word2vec,0.9982869029045105,shared,episode
word2vec,0.9896231293678284,shared,lions
word2vec,1.0,neither,graf
word2vec,0.9999998807907104,neither,gov
word2vec,1.0000001192092896,neither,refugee
word2vec,0.05102980509400368,neither,homely
word2vec,0.042593251913785934,neither,hotchkiss
word2vec,0.9989648461341858,shared,solution
word2vec,0.9999999403953552,a_only,chicago
word2vec,0.9664499759674072,shared,reached
word2vec,1.0000001192092896,a_only,www
word2vec,0.9954243302345276,shared,placing
word2vec,0.0888509601354599,b_only,fascinated
word2vec,0.9718632102012634,shared,partly
word2vec,0.16172677278518677,b_only,indebted
word2vec,0.9454041123390198,shared,led
word2vec,1.0,a_only,neutrons
word2vec,0.9900016784667969,shared,inscriptions
word2vec,0.10386194288730621,neither,hinted
word2vec,0.9765715599060059,shared,forced
word2vec,0.8437365889549255,shared,word
word2vec,0.061001766473054886,neither,slithy
word2vec,0.009724483825266361,neither,xviii
word2vec,1.0,neither,tacit
word2vec,0.9999999403953552,a_only,minerals
word2vec,1.0000001192092896,neither,heal
word2vec,-0.03942039981484413,b_only,wickham
word2vec,0.9806029200553894,shared,hears
word2vec,0.998423159122467,shared,plains
word2vec,0.9912458062171936,shared,ships
word2vec,0.1426011174917221,b_only,sweetly
word2vec,0.9999998807907104,a_only,theism
word2vec,1.0,a_only,economically
word2vec,1.0,neither,congestion
word2vec,0.05496852099895477,b_only,spaniard
word2vec,1.0,a_only,election
word2vec,0.07235275954008102,neither,forenoon
word2vec,0.9999998807907104,neither,aldus
word2vec,0.9647493362426758,shared,resting
word2vec,-0.08299025893211365,neither,dese
word2vec,0.9950969815254211,shared,indian
word2vec,1.0000001192092896,neither,exploited
word2vec,0.08304877579212189,neither,hither
word2vec,0.12973354756832123,neither,recompense
word2vec,1.0,a_only,disastrous
word2vec,1.0000001192092896,neither,liberated
word2vec,1.0,a_only,cult
word2vec,1.0000001192092896,neither,spandau
word2vec,1.0,neither,halfback
word2vec,0.9917165040969849,shared,sum
word2vec,0.12172019481658936,neither,madmen
word2vec,1.0,neither,retour
word2vec,0.9926400184631348,shared,expedition
word2vec,-0.030129369348287582,b_only,sober
word2vec,0.9949636459350586,shared,glacier
word2vec,0.9984628558158875,shared,patron
word2vec,0.07505811005830765,neither,implicitly
word2vec,0.9987729787826538,shared,atonement
word2vec,0.9849631786346436,shared,stamped
word2vec,1.0000001192092896,a_only,conditional
word2vec,1.0,neither,composing
word2vec,0.9072839617729187,shared,shop
word2vec,1.0,neither,altitudes
word2vec,0.1046019122004509,neither,butterfly
word2vec,0.9999999403953552,a_only,definitions
word2vec,1.0,neither,instability
word2vec,1.0000001192092896,neither,gloria
word2vec,0.12249985337257385,neither,perched
word2vec,0.9999999403953552,neither,euripides
word2vec,0.13954982161521912,neither,unwholesome
word2vec,0.8501834869384766,shared,king
word2vec,0.9773859977722168,shared,drops
word2vec,1.0,neither,meta
word2vec,-0.19372859597206116,b_only,dull
word2vec,1.0,neither,asf
word2vec,0.9999999403953552,neither,puzzles
word2vec,0.9999999403953552,neither,tiberian
word2vec,1.0,neither,malleable
word2vec,0.06340642273426056,b_only,thatcher
word2vec,0.9999999403953552,neither,dennis
word2vec,0.9887464046478271,shared,picturesque
word2vec,0.9919798374176025,shared,motives
word2vec,0.9999998807907104,a_only,sanjaks
word2vec,0.9935306310653687,shared,sentiment
word2vec,0.9999999403953552,a_only,glaciers
word2vec,0.010555320419371128,b_only,intending
word2vec,0.9703429937362671,shared,nephew
word2vec,1.0,neither,disbelief
word2vec,0.11893174052238464,neither,stormy
word2vec,0.9972925782203674,shared,declaration
word2vec,1.0000001192092896,a_only,arabia
word2vec,0.987484335899353,shared,decide
word2vec,1.0,neither,lyre
word2vec,-0.024010442197322845,neither,treacle
word2vec,1.0,neither,enormously
word2vec,0.13993680477142334,neither,goo
word2vec,0.9999999403953552,neither,alaskan
word2vec,0.9869782328605652,shared,described
word2vec,0.10300671309232712,neither,overtook
word2vec,1.0,neither,livia
word2vec,0.22502081096172333,neither,gaol
word2vec,0.9291521310806274,shared,wind
word2vec,-0.03586050495505333,neither,melted
word2vec,0.97918301820755,shared,invisible
word2vec,1.0,neither,feudal
word2vec,0.9975082874298096,shared,appointment
word2vec,1.0,neither,eliminated
word2vec,0.21145808696746826,neither,inward
word2vec,0.9255495667457581,shared,sense
word2vec,0.9592474699020386,shared,sleeping
word2vec,0.2349115014076233,neither,misty
word2vec,1.0000001192092896,neither,indus
word2vec,0.18236324191093445,neither,petticoat
word2vec,-0.013655828312039375,neither,resorted
word2vec,0.9817757606506348,shared,severely
word2vec,0.9971268177032471,shared,leap
word2vec,1.0,neither,frida
word2vec,0.01052259374409914,neither,buzzed
word2vec,0.9765141010284424,shared,yo
word2vec,0.10877099633216858,b_only,fishes
word2vec,0.05460995435714722,neither,blotted
word2vec,1.0,neither,pact
word2vec,0.02026987448334694,neither,jerked
word2vec,1.0,a_only,tertiary
word2vec,0.9999998807907104,a_only,shells
word2vec,1.0,a_only,achievements
word2vec,1.0,neither,iconic
word2vec,1.0,neither,humankind
word2vec,0.9772988557815552,shared,wax
word2vec,1.0,neither,diagrams
word2vec,0.9961419701576233,shared,establishment
word2vec,0.910315752029419,shared,thinking
word2vec,0.9999999403953552,a_only,magnus
word2vec,0.9918197989463806,shared,weaken
word2vec,0.9955852627754211,shared,operations
word2vec,1.0,neither,ciphers
word2vec,0.9999999403953552,neither,rioting
word2vec,0.9885621666908264,shared,oldest
word2vec,0.9316551685333252,shared,spread
word2vec,1.0000001192092896,a_only,licensing
word2vec,0.7096000909805298,shared,me
word2vec,1.0,neither,unreleased
word2vec,-0.09341181814670563,neither,mutton
word2vec,1.0,neither,evacuation
word2vec,0.8261939883232117,shared,sound
word2vec,1.0,a_only,wiki
word2vec,1.0,a_only,adiabatic
word2vec,1.0,a_only,vs
word2vec,1.0,neither,octavius
word2vec,0.9999999403953552,a_only,markov
word2vec,1.0000001192092896,a_only,abbreviated
word2vec,1.0000001192092896,a_only,casa
word2vec,1.0,neither,ez
word2vec,-0.002507341094315052,neither,prodigious
word2vec,0.9974001049995422,shared,excessive
word2vec,0.9999999403953552,a_only,acclaimed
word2vec,1.0,neither,quadratic
word2vec,1.0,neither,giovanni
word2vec,1.0,neither,inert
word2vec,0.9543306827545166,shared,content
word2vec,0.9189462661743164,shared,die
word2vec,0.994830310344696,shared,encouragement
word2vec,0.11462334543466568,neither,tormented
word2vec,1.0,neither,raises
word2vec,0.08986423909664154,neither,furtive
word2vec,0.9429758191108704,shared,self
word2vec,1.0,neither,assessments
word2vec,0.9720766544342041,shared,snakes
word2vec,0.9660954475402832,shared,sell
word2vec,1.0,a_only,glenn
word2vec,0.9999999403953552,neither,battery
word2vec,0.9865398406982422,shared,falls
word2vec,1.0,a_only,lacked
word2vec,0.9999999403953552,a_only,colonies
word2vec,1.0,a_only,victorian
word2vec,0.9728659987449646,shared,son
word2vec,1.0,neither,vectors
word2vec,0.8923167586326599,shared,kept
word2vec,1.0,a_only,magazines
word2vec,0.9787825345993042,shared,disturbed
word2vec,1.0000001192092896,neither,backbone
word2vec,1.0000001192092896,neither,grandmother
word2vec,0.9999825954437256,shared,alpha
word2vec,0.9813266396522522,shared,animal
word2vec,1.0,a_only,welsh
word2vec,1.0,a_only,ali
word2vec,1.0000001192092896,neither,expired
word2vec,0.99611896276474,shared,aroused
word2vec,0.03678329288959503,neither,scratching
word2vec,1.0,neither,subsets
word2vec,-0.04674869775772095,b_only,crept
word2vec,1.0000001192092896,a_only,aligned
word2vec,0.9987676739692688,shared,european
word2vec,0.9999998807907104,a_only,characterized
word2vec,1.0000001192092896,a_only,orbitals
word2vec,1.0,neither,linea
word2vec,0.9805066585540771,shared,belt
word2vec,1.0000001192092896,neither,laura
word2vec,0.12460768967866898,neither,lacey
word2vec,0.16206319630146027,neither,errand
word2vec,0.9680929183959961,shared,sheet
word2vec,0.9999998807907104,a_only,dakota
word2vec,1.0,neither,tank
word2vec,0.9528700709342957,shared,wasn
word2vec,1.0,neither,monte
word2vec,0.9659335017204285,shared,cow
word2vec,1.0,a_only,individuals
word2vec,0.9999999403953552,a_only,chairman
word2vec,0.19167941808700562,b_only,pausing
word2vec,0.9999999403953552,a_only,personnel
word2vec,0.9861052632331848,shared,assumed
word2vec,0.9965730309486389,shared,commission
word2vec,1.0000001192092896,neither,khmer
word2vec,1.0,a_only,pratchett
word2vec,0.997225284576416,shared,surgeon
word2vec,1.0000001192092896,neither,kanons
word2vec,0.9780569672584534,shared,frame
word2vec,1.0,a_only,graph
word2vec,0.9999999403953552,neither,zeros
word2vec,0.986555814743042,shared,sang
word2vec,0.9991906881332397,shared,advertisement
word2vec,1.0000001192092896,neither,patrons
word2vec,0.7336533665657043,shared,here
word2vec,0.9999999403953552,neither,binomial
word2vec,1.0,neither,separating
word2vec,1.0,neither,cherry
word2vec,0.9918291568756104,shared,channel
word2vec,0.8377693295478821,shared,once
word2vec,0.9815037846565247,shared,altered
word2vec,1.0000001192092896,neither,commanders
word2vec,0.010561271570622921,neither,invitations
word2vec,0.03810728341341019,neither,threshold
word2vec,0.06246895715594292,neither,sped
word2vec,1.0,neither,recalls
word2vec,1.0,neither,orson
word2vec,0.04760941118001938,neither,racket
word2vec,0.9942999482154846,shared,precisely
word2vec,1.0,neither,moor
word2vec,0.9882900714874268,neither,hermit
word2vec,0.9999998807907104,neither,ashby
word2vec,0.9999998807907104,neither,kelley
word2vec,0.9946700930595398,shared,similarly
word2vec,0.9962298274040222,shared,deliberate
word2vec,0.028004253283143044,neither,sleeper
word2vec,0.06368768215179443,neither,ting
word2vec,0.9750348329544067,shared,pure
word2vec,1.0000001192092896,neither,dari
word2vec,0.03324739634990692,neither,torment
word2vec,0.9886930584907532,shared,consulting
word2vec,0.993342936038971,shared,parts
word2vec,0.9999123811721802,shared,metallic
word2vec,0.1195836290717125,neither,mistaking
word2vec,0.9999999403953552,a_only,minnesota
word2vec,0.9131411910057068,shared,fly
word2vec,0.9999999403953552,a_only,seasonal
word2vec,1.0,neither,heresy
word2vec,1.0,neither,protagonist
word2vec,0.6886722445487976,shared,over
word2vec,-0.1544722020626068,b_only,boggs
word2vec,1.0,neither,rapper
word2vec,0.0013938868651166558,neither,cinderella
word2vec,1.0,neither,aleut
word2vec,0.9402714967727661,shared,thousand
word2vec,1.0,a_only,fantasy
word2vec,1.0,neither,abaci
word2vec,0.015797214582562447,neither,visage
word2vec,1.0000001192092896,a_only,muhammad
word2vec,0.9999998807907104,a_only,ultimate
word2vec,0.9967272281646729,shared,considerably
word2vec,1.0,a_only,gesch
word2vec,0.9999998807907104,neither,chronicler
word2vec,0.16334886848926544,neither,apologizing
word2vec,0.993389904499054,shared,trusted
word2vec,0.9607753157615662,shared,important
word2vec,0.9985782504081726,shared,spectral
word2vec,0.9999998807907104,neither,implication
word2vec,1.0,neither,divers
word2vec,1.0,a_only,initially
word2vec,1.0000001192092896,neither,perpetrators
word2vec,0.21008750796318054,b_only,oppressed
word2vec,0.12710241973400116,neither,affability
word2vec,0.9782536029815674,shared,attending
word2vec,0.9432259798049927,shared,birds
word2vec,0.9898305535316467,shared,today
word2vec,0.9367992877960205,shared,walk
word2vec,1.0,neither,sorting
word2vec,0.05523987114429474,neither,whichever
word2vec,0.9909809827804565,neither,jail
word2vec,0.9999998807907104,a_only,allah
word2vec,1.0000001192092896,a_only,substitution
word2vec,0.9840034246444702,shared,verse
word2vec,0.9746975302696228,shared,elegant
word2vec,1.0000001192092896,neither,murchison
word2vec,0.9748480916023254,shared,lately
word2vec,1.0000001192092896,neither,acidic
word2vec,-0.1515067219734192,neither,impertinence
word2vec,0.11033740639686584,neither,nightfall
word2vec,0.9999998807907104,a_only,terrain
word2vec,0.061093755066394806,neither,outcast
word2vec,0.9967924356460571,shared,chemistry
word2vec,0.9935635328292847,shared,famine
word2vec,1.0,a_only,norway
word2vec,0.9935881495475769,shared,appearing
word2vec,1.0000001192092896,a_only,fertility
word2vec,0.995334267616272,shared,compose
word2vec,1.0000001192092896,a_only,carrel
word2vec,0.991738498210907,shared,compositions
word2vec,-0.006215415429323912,neither,luckily
word2vec,0.1818784475326538,neither,hallo
word2vec,0.9999998807907104,a_only,cosmic
word2vec,0.9522103071212769,shared,lawyer
word2vec,0.9999998807907104,a_only,computational
word2vec,1.0,neither,sentinel
word2vec,1.0,neither,rotating
word2vec,-0.06692906469106674,neither,congenial
word2vec,-0.10625765472650528,neither,reconciled
word2vec,0.9830413460731506,shared,vent
word2vec,0.9999999403953552,neither,semantic
word2vec,1.0,neither,terrestrial
word2vec,0.9925456047058105,shared,rome
word2vec,0.9870844483375549,shared,k
word2vec,0.9890832901000977,shared,burden
word2vec,1.0,a_only,reviews
word2vec,0.8926950693130493,shared,dog
word2vec,0.9625713229179382,shared,careful
word2vec,1.0,neither,dionysius
word2vec,1.0000001192092896,neither,troilus
word2vec,-0.001722397981211543,neither,fading
word2vec,-0.02628546766936779,b_only,talked
word2vec,0.1519106775522232,neither,faculty
word2vec,0.9999998807907104,a_only,adjective
word2vec,0.9999999403953552,a_only,roland
word2vec,-0.17386659979820251,b_only,finer
word2vec,0.9999998807907104,neither,diplomats
word2vec,0.04606996849179268,b_only,aloft
word2vec,1.0,a_only,squid
word2vec,1.0,neither,kelp
word2vec,1.0,neither,freeman
word2vec,0.999951183795929,shared,surrey
word2vec,1.0,neither,phillips
word2vec,1.0,neither,hiroshima
word2vec,1.0000001192092896,neither,serum
word2vec,0.9971541166305542,shared,restoring
word2vec,1.0,neither,conditioned
word2vec,0.9999999403953552,neither,embody
word2vec,0.10861942172050476,neither,ers
word2vec,0.9999999403953552,a_only,behavior
word2vec,1.0,a_only,akm
word2vec,1.0,neither,bernstein
word2vec,1.0,a_only,historical
word2vec,-0.035293783992528915,b_only,blanket
word2vec,1.0,neither,siliceous
word2vec,1.0,neither,demonstrates
word2vec,0.9602100849151611,shared,nervous
word2vec,0.9574648141860962,shared,forgotten
word2vec,1.0000001192092896,a_only,estimated
word2vec,0.9973574876785278,neither,excellence
word2vec,0.9768362641334534,shared,wicked
word2vec,0.9455946683883667,shared,presence
word2vec,0.049234505742788315,neither,mischievous
word2vec,0.139210507273674,neither,uv
word2vec,1.0,neither,phylogenetic
word2vec,0.2379142791032791,neither,benefactor
word2vec,0.05814722552895546,neither,promontory
word2vec,1.0,a_only,tiberius
word2vec,1.0000001192092896,a_only,extract
word2vec,-0.057011980563402176,neither,countenances
word2vec,0.9632091522216797,shared,settle
word2vec,0.9999998807907104,neither,tsunami
word2vec,0.9943658709526062,neither,pike
word2vec,1.0000001192092896,neither,ranger
word2vec,1.0,neither,supremacy
word2vec,-0.12468746304512024,neither,selby
word2vec,0.9506856203079224,shared,soft
word2vec,0.03351835533976555,b_only,hoarsely
word2vec,0.9851499795913696,shared,required
word2vec,1.0,neither,bam
word2vec,0.17683885991573334,neither,ketch
word2vec,0.9850348830223083,shared,attracted
word2vec,0.8392621874809265,shared,town
word2vec,0.9882718920707703,shared,unexpected
word2vec,1.0,a_only,analytical
word2vec,0.9695181846618652,shared,frenchman
word2vec,0.9999998807907104,neither,countable
word2vec,0.9999998807907104,neither,attracts
word2vec,0.11147968471050262,neither,guiding
word2vec,1.0,a_only,manhattan
word2vec,0.999047577381134,shared,political
word2vec,0.22039084136486053,b_only,lad
word2vec,1.0,a_only,pianist
word2vec,0.9560500383377075,shared,fight
word2vec,1.0,neither,phobias
word2vec,0.027464943006634712,neither,especial
word2vec,0.06018383428454399,neither,weakening
word2vec,1.0000001192092896,a_only,supporters
word2vec,0.9999998807907104,neither,peptide
word2vec,0.9631903767585754,shared,point
word2vec,-0.04966025426983833,neither,writhing
word2vec,0.15221236646175385,neither,confiding
word2vec,0.0701434388756752,neither,trifles
word2vec,0.9976232647895813,shared,stating
word2vec,1.0,a_only,alp
word2vec,1.0000001192092896,neither,investigate
word2vec,0.1115790456533432,neither,clenched
word2vec,0.9955825209617615,shared,co
word2vec,1.0000001192092896,a_only,structures
word2vec,0.9568588137626648,shared,curiosity
word2vec,1.0,a_only,properties
word2vec,0.09277258813381195,neither,ugliness
word2vec,0.8002340197563171,shared,off
word2vec,0.9903689622879028,shared,efforts
word2vec,0.9910288453102112,shared,win
word2vec,0.9999999403953552,neither,flees
word2vec,1.0000001192092896,a_only,jupiter
word2vec,0.11038780212402344,neither,baldhead
word2vec,0.9982348680496216,shared,kingdom
word2vec,1.0,a_only,egyptian
word2vec,0.9978170990943909,shared,criminals
word2vec,1.0,a_only,nuclei
word2vec,0.9900242686271667,shared,xiv
word2vec,0.9815544486045837,shared,wholly
word2vec,1.0,neither,renounced
word2vec,1.0000001192092896,a_only,oliver
word2vec,0.923267126083374,shared,thirty
word2vec,0.04883146658539772,neither,bored
word2vec,0.1432437002658844,b_only,valet
word2vec,1.0,neither,supplement
word2vec,0.06369911879301071,neither,lanterns
word2vec,1.0,a_only,marketing
word2vec,1.0000001192092896,neither,eschatology
word2vec,1.0,neither,ry
word2vec,0.9948883652687073,shared,refined
word2vec,1.0000001192092896,neither,clerical
word2vec,0.9496145844459534,shared,jacket
word2vec,0.9999999403953552,a_only,manga
word2vec,0.05713003873825073,neither,infernal
word2vec,0.9657472372055054,shared,placed
word2vec,0.08054448664188385,b_only,brightly
word2vec,0.9999999403953552,a_only,nazis
word2vec,0.9985355734825134,shared,characteristics
word2vec,1.0,neither,purchasing
word2vec,1.0,neither,brittany
word2vec,0.991085946559906,shared,chalk
word2vec,0.2250315546989441,neither,disordered
word2vec,0.9988141655921936,shared,statements
word2vec,0.9936646223068237,shared,uncertainty
word2vec,0.09302059561014175,neither,sharper
word2vec,1.0,neither,cork
word2vec,0.9967474937438965,shared,varying
word2vec,-0.08920890837907791,neither,wail
word2vec,0.9816602468490601,shared,leading
word2vec,0.9999999403953552,a_only,boxer
word2vec,1.0,neither,deuteronomy
word2vec,0.9364433288574219,shared,putting
word2vec,1.0,a_only,chris
word2vec,0.9418545365333557,shared,early
word2vec,-0.11612632125616074,neither,consigned
word2vec,0.9999998807907104,neither,feat
word2vec,0.13960257172584534,neither,pinched
word2vec,0.9999999403953552,neither,verifiable
word2vec,0.9999999403953552,a_only,artifacts
word2vec,0.9969174861907959,shared,approved
word2vec,1.0,a_only,births
word2vec,0.9832696318626404,shared,mountain
word2vec,1.0,a_only,everyday
word2vec,0.9853165745735168,shared,fail
word2vec,0.9881424903869629,shared,worried
word2vec,0.15432171523571014,neither,wrench
word2vec,0.08852966129779816,b_only,whitby
word2vec,1.0000001192092896,a_only,reconstruction
word2vec,-0.057238344103097916,b_only,keenly
word2vec,0.9532396197319031,shared,fishing
word2vec,1.0000001192092896,a_only,constantinople
word2vec,0.9435599446296692,shared,catch
word2vec,0.11054008454084396,neither,bistritz
word2vec,1.0000001192092896,neither,buddhists
word2vec,0.9816150665283203,shared,emotion
word2vec,0.9938200116157532,shared,monday
word2vec,1.0,neither,noting
word2vec,1.0,a_only,buenos
word2vec,1.0000001192092896,neither,intuitive
word2vec,1.0,neither,electromagnetism
word2vec,1.0,neither,dh
word2vec,0.9926356673240662,shared,allen
word2vec,0.9614687561988831,shared,send
word2vec,0.9976271390914917,shared,investigation
word2vec,0.9982432723045349,shared,critical
word2vec,1.0,a_only,median
word2vec,0.017983373254537582,neither,furnace
word2vec,1.0,a_only,components
word2vec,0.9758896231651306,shared,destroyed
word2vec,0.9779166579246521,shared,utterly
word2vec,0.038919709622859955,b_only,hers
word2vec,0.9999999403953552,neither,ton
word2vec,0.9890528321266174,shared,forbidden
word2vec,1.0000001192092896,a_only,maintained
word2vec,0.04023472219705582,neither,arter
word2vec,1.0,a_only,surrendered
word2vec,1.0000001192092896,neither,onwards
word2vec,0.05454130843281746,neither,exclamations
word2vec,0.33146584033966064,neither,pennies
word2vec,0.987727165222168,shared,coin
word2vec,1.0,neither,illumination
word2vec,0.1457267701625824,neither,mitchell
word2vec,0.9970809817314148,shared,assertion
word2vec,1.0,neither,libyan
word2vec,1.0000001192092896,neither,nsted
word2vec,0.8140579462051392,shared,how
word2vec,0.9966889023780823,shared,deliberately
word2vec,-0.05817483738064766,b_only,appetite
word2vec,-0.03225034475326538,b_only,cottage
word2vec,0.9999999403953552,a_only,prussia
word2vec,0.8104545474052429,shared,made
word2vec,0.9980445504188538,shared,route
word2vec,0.9999998807907104,neither,athletic
word2vec,0.13372240960597992,b_only,inquired
word2vec,1.0,a_only,shots
word2vec,0.9734946489334106,shared,spent
word2vec,1.0000001192092896,neither,hawk
word2vec,-0.14293387532234192,neither,undo
word2vec,1.0,a_only,corinthians
word2vec,1.0,a_only,hughes
word2vec,0.9974213242530823,shared,division
word2vec,0.12815545499324799,b_only,tin
word2vec,1.0,neither,journalism
word2vec,1.0,a_only,code
word2vec,0.9999999403953552,a_only,isomers
word2vec,0.45053812861442566,neither,napkin
word2vec,0.9999999403953552,neither,fuego
word2vec,0.9981167316436768,shared,wars
word2vec,1.0,a_only,hits
word2vec,1.0,a_only,herbal
word2vec,0.14807312190532684,neither,aquiline
word2vec,0.9999999403953552,a_only,premise
word2vec,0.005029868800193071,b_only,offended
word2vec,1.0000001192092896,neither,conquering
word2vec,1.0,neither,employee
word2vec,0.9999999403953552,neither,activists
word2vec,0.9986107349395752,shared,development
word2vec,0.9860129952430725,shared,losing
word2vec,0.9865014553070068,shared,intended
word2vec,0.8127737641334534,shared,three
word2vec,1.0000001192092896,neither,secede
word2vec,0.9921389222145081,shared,aristocracy
word2vec,0.9999999403953552,neither,hieroglyphs
word2vec,1.0000001192092896,neither,namibe
word2vec,1.0,neither,carr
word2vec,1.0,neither,coordinated
word2vec,0.23451878130435944,neither,jabez
word2vec,1.0,neither,inaugurated
word2vec,1.0,neither,discoverer
word2vec,1.0,neither,somme
word2vec,1.0,a_only,surveillance
word2vec,0.9464612007141113,shared,fur
word2vec,0.9999999403953552,neither,intersecting
word2vec,0.9985020160675049,shared,dominant
word2vec,0.9999999403953552,a_only,expert
word2vec,0.875098466873169,shared,rose
word2vec,1.0000001192092896,a_only,markets
word2vec,0.23282667994499207,b_only,geese
word2vec,1.0,a_only,traditionally
word2vec,1.0,a_only,valence
word2vec,0.9841421246528625,shared,stands
word2vec,0.9903188943862915,shared,promising
word2vec,1.0,neither,borrows
word2vec,1.0000001192092896,a_only,encoding
word2vec,1.0000001192092896,neither,incest
word2vec,0.9868319034576416,shared,flight
word2vec,0.9999998807907104,neither,zoroastrianism
word2vec,1.0,neither,stateless
word2vec,0.1224425658583641,neither,reluctance
word2vec,-0.1388440728187561,neither,sprawling
word2vec,0.9970898032188416,shared,agent
word2vec,0.9909158945083618,shared,questioning
word2vec,0.05216735973954201,neither,grizzled
word2vec,1.0000001192092896,a_only,ethiopia
word2vec,-0.10298103839159012,b_only,lucy
word2vec,0.9960471987724304,shared,dominated
word2vec,1.0,neither,idiosyncratic
word2vec,0.9106358885765076,shared,fire
word2vec,0.0632077157497406,neither,mildly
word2vec,1.0,neither,prague
word2vec,1.0,a_only,astronomical
word2vec,0.9999999403953552,a_only,differences
word2vec,1.0,a_only,detailed
word2vec,-0.054398857057094574,b_only,limbs
word2vec,0.17461414635181427,b_only,crucifix
word2vec,0.9694653749465942,shared,loves
word2vec,0.9494858384132385,shared,finger
word2vec,-0.037200070917606354,neither,accents
word2vec,1.0,neither,tb
word2vec,1.0000001192092896,neither,wikibooks
word2vec,0.9883478879928589,shared,wearing
word2vec,0.022195398807525635,neither,hopped
word2vec,1.0000001192092896,neither,attracting
word2vec,0.9423093199729919,shared,thunder
word2vec,1.0,a_only,settlement
word2vec,1.0000001192092896,neither,sovereignly
word2vec,0.9655283689498901,shared,twin
word2vec,1.0,a_only,canal
word2vec,0.09895426779985428,neither,moss
word2vec,0.9999999403953552,neither,agates
word2vec,0.9943749904632568,shared,depends
word2vec,1.0,a_only,barbara
word2vec,0.9999999403953552,neither,inferred
word2vec,0.9999999403953552,neither,fighter
word2vec,-0.2083628624677658,neither,appalling
word2vec,0.9956640601158142,shared,whereas
word2vec,1.0000001192092896,a_only,explored
word2vec,0.9633937478065491,shared,joined
word2vec,1.0,neither,reagents
word2vec,0.13155381381511688,b_only,staircase
word2vec,0.9999999403953552,a_only,cia
word2vec,0.551959216594696,shared,and
word2vec,0.09595929086208344,neither,engrossed
word2vec,0.05115167051553726,neither,elastic
word2vec,0.028833545744419098,b_only,churchyard
word2vec,1.0000001192092896,a_only,aries
word2vec,0.9999999403953552,a_only,bering
word2vec,0.9826439619064331,shared,shown
word2vec,0.9890978932380676,shared,occur
word2vec,0.9968147277832031,shared,national
word2vec,1.0,a_only,competing
word2vec,1.0000001192092896,a_only,evangelical
word2vec,1.0,neither,ordinance
word2vec,0.9978243112564087,shared,conditions
word2vec,0.9963859915733337,shared,decline
word2vec,1.0,neither,discoverers
word2vec,0.015582051128149033,neither,joyful
word2vec,0.9997637867927551,shared,neville
word2vec,0.8620598912239075,shared,its
word2vec,1.0,neither,fictitious
word2vec,0.994193971157074,shared,voluntarily
word2vec,0.9842696785926819,shared,dumb
word2vec,0.08502522855997086,neither,aristocrat
word2vec,1.0000001192092896,neither,saratoga
word2vec,1.0,a_only,arsenic
word2vec,0.9982398152351379,shared,influences
word2vec,1.0,a_only,legally
word2vec,0.9819539785385132,shared,necessity
word2vec,0.9850404858589172,shared,clerk
word2vec,1.0,a_only,integers
word2vec,0.9999999403953552,a_only,eddie
word2vec,0.97698974609375,shared,ink
word2vec,0.08527784049510956,neither,insensibility
word2vec,1.0,neither,napalm
word2vec,0.9797763824462891,shared,burnt
word2vec,-0.08822756260633469,neither,crumbs
word2vec,1.0,a_only,hosts
word2vec,1.0,neither,polytheism
word2vec,-0.036937158554792404,b_only,intimacy
word2vec,0.11845746636390686,neither,avowal
word2vec,0.9823652505874634,shared,becoming
word2vec,0.8790044784545898,shared,fell
word2vec,0.9921546578407288,shared,police
word2vec,0.993550717830658,shared,apple
word2vec,0.9881270527839661,shared,improved
word2vec,0.9718276858329773,shared,stretch
word2vec,1.0,neither,nbc
word2vec,1.0000001192092896,a_only,organs
word2vec,0.06364086270332336,b_only,stump
word2vec,1.0,neither,emir
word2vec,0.18938758969306946,neither,awed
word2vec,0.9930946230888367,shared,seed
word2vec,0.9870960712432861,shared,pace
word2vec,1.0,neither,leviticus
word2vec,0.972760021686554,shared,delicacy
word2vec,0.15759409964084625,neither,kensington
word2vec,0.9999998807907104,neither,nippon
word2vec,0.234314426779747,b_only,boscombe
word2vec,1.0000001192092896,a_only,surplus
word2vec,0.9999999403953552,neither,syntagma
word2vec,0.994419276714325,shared,infant
word2vec,0.9999999403953552,a_only,famously
word2vec,0.9936932325363159,shared,volume
word2vec,0.996596097946167,shared,briefly
word2vec,0.12971827387809753,neither,pawn
word2vec,0.9437556862831116,shared,above
word2vec,-0.0242552999407053,neither,moaning
word2vec,0.7933394312858582,shared,they
word2vec,0.9999998807907104,a_only,aluminum
word2vec,1.0,a_only,linear
word2vec,1.0000001192092896,a_only,historian
word2vec,0.9999998807907104,neither,qaeda
word2vec,-0.0030699255876243114,b_only,shed
word2vec,1.0,a_only,controversial
word2vec,0.9999998807907104,a_only,senators
word2vec,1.0000001192092896,a_only,implicit
word2vec,0.042914487421512604,b_only,hungry
word2vec,0.9939576387405396,shared,resistance
word2vec,0.9100643396377563,shared,death
word2vec,1.0,neither,raum
word2vec,0.9999998807907104,a_only,singer
word2vec,0.9800718426704407,shared,poison
word2vec,0.9660393595695496,shared,friendly
word2vec,0.9849811792373657,shared,summit
word2vec,0.9721338152885437,shared,quarrel
word2vec,1.0,neither,derby
word2vec,0.990196704864502,shared,exchanged
word2vec,0.9999999403953552,neither,eisenhower
word2vec,0.9934705495834351,shared,earthly
word2vec,1.0000001192092896,neither,catalyst
word2vec,0.9136849045753479,shared,somebody
word2vec,0.9999998807907104,neither,saddam
word2vec,0.984759509563446,shared,shin
word2vec,0.9999999403953552,a_only,appropriate
word2vec,1.0000001192092896,neither,magnate
word2vec,0.17720897495746613,neither,ejaculated
word2vec,1.0,neither,hom
word2vec,0.18022780120372772,neither,stifled
word2vec,0.9894195795059204,shared,resurrection
word2vec,1.0,neither,rewritten
word2vec,0.2308926284313202,b_only,awfully
word2vec,0.9792048335075378,shared,motive
word2vec,0.8627215623855591,shared,nothing
word2vec,0.9951800107955933,shared,perpetual
word2vec,0.9977424144744873,shared,gradual
word2vec,0.3071691691875458,neither,bingleys
word2vec,1.0000001192092896,a_only,burns
word2vec,1.0000001192092896,a_only,regulated
word2vec,1.0,neither,abdul
word2vec,0.995395302772522,shared,violet
word2vec,0.10949653387069702,b_only,dreadful
word2vec,-0.06265533715486526,neither,hacked
word2vec,1.0,a_only,greene
word2vec,0.9704986214637756,shared,counsel
word2vec,1.0000001192092896,a_only,ore
word2vec,-0.016275430098176003,neither,roast
word2vec,1.0,a_only,mnd
word2vec,1.0000001192092896,a_only,austrians
word2vec,-0.021729502826929092,b_only,recollected
word2vec,1.0,a_only,advances
word2vec,0.9999999403953552,neither,ps
word2vec,0.056735340505838394,neither,cowards
word2vec,1.0,neither,contradiction
word2vec,0.9886713027954102,shared,excess
word2vec,0.9999999403953552,neither,programmes
word2vec,1.0,neither,rodney
word2vec,0.05762845277786255,neither,sneer
word2vec,0.14068350195884705,neither,gratefully
word2vec,0.9946381449699402,shared,appreciate
word2vec,0.9999998807907104,a_only,ammunition
word2vec,0.20108585059642792,neither,traitor
word2vec,0.9869314432144165,shared,ends
word2vec,1.0,a_only,independently
word2vec,0.9905759692192078,shared,banished
word2vec,1.0,neither,subdivisions
word2vec,0.9987108111381531,shared,signature
word2vec,1.0,neither,ariane
word2vec,0.9973632097244263,shared,inner
word2vec,1.0,neither,cnn
word2vec,1.0000001192092896,neither,shifts
word2vec,-0.001932943589054048,b_only,lick
word2vec,0.9937686324119568,shared,nobility
word2vec,0.14067555963993073,neither,quartered
word2vec,0.01157375331968069,b_only,30
word2vec,0.9903272390365601,shared,animated
word2vec,0.9988942742347717,shared,total
word2vec,1.0000001192092896,neither,mute
word2vec,1.0,a_only,aurelius
word2vec,-0.07902861386537552,b_only,rubbing
word2vec,0.994714617729187,shared,chapel
word2vec,0.9941812753677368,shared,capacity
word2vec,0.9415203928947449,shared,invention
word2vec,1.0000001192092896,a_only,measurement
word2vec,0.9979590177536011,neither,belly
word2vec,1.0000001192092896,neither,opioids
word2vec,1.0,neither,bisonoric
word2vec,0.9999998807907104,neither,cherokee
word2vec,1.0,neither,louvre
word2vec,0.9999999403953552,a_only,genocide
word2vec,0.9999998807907104,neither,britons
word2vec,0.9885846376419067,shared,behave
word2vec,1.0000001192092896,a_only,interior
word2vec,0.9999999403953552,neither,chimpanzee
word2vec,0.07299985736608505,neither,shaving
word2vec,1.0,a_only,unity
word2vec,1.0,neither,vdl
word2vec,0.9980137944221497,shared,architecture
word2vec,0.9999998807907104,neither,fonts
word2vec,-0.02486618608236313,neither,sewn
word2vec,1.0000001192092896,a_only,joan
word2vec,1.0000001192092896,a_only,racial
word2vec,0.9720922708511353,shared,main
word2vec,1.0,neither,sideband
word2vec,0.18206997215747833,neither,pirating
word2vec,0.9999999403953552,a_only,actors
word2vec,0.9969846606254578,shared,improvements
word2vec,1.0000001192092896,neither,liberia
word2vec,0.16790726780891418,neither,receipt
word2vec,0.9933138489723206,shared,freed
word2vec,0.17668840289115906,neither,spilled
word2vec,1.0000001192092896,a_only,turing
word2vec,1.0,neither,converting
word2vec,-0.11626119911670685,neither,respectability
word2vec,1.0,neither,improper
word2vec,0.20706363022327423,neither,shaven
word2vec,0.9999999403953552,neither,matthias
word2vec,0.9933351874351501,shared,submit
word2vec,1.0000001192092896,neither,fastest
word2vec,0.9377323389053345,shared,eight
word2vec,0.972942054271698,shared,stuck
word2vec,1.0,neither,contrasts
word2vec,1.0,a_only,jean
word2vec,0.9572714567184448,shared,whatever
word2vec,0.9454743266105652,shared,accident
word2vec,0.9999998807907104,neither,ascribed
word2vec,0.17388810217380524,neither,overheard
word2vec,0.9861409068107605,shared,lower
word2vec,1.0,a_only,attested
word2vec,0.8224491477012634,shared,up
word2vec,0.9978551268577576,shared,breach
word2vec,1.0000001192092896,a_only,pc
word2vec,0.9533488154411316,shared,grand
word2vec,0.9999999403953552,a_only,borman
word2vec,1.0,a_only,anglicans
word2vec,1.0,a_only,mil
word2vec,1.0000001192092896,neither,paralipomena
word2vec,1.0,neither,telephones
word2vec,0.12349624186754227,neither,posting
word2vec,0.13121874630451202,neither,lethargic
word2vec,0.9737206697463989,shared,chamber
word2vec,0.9999998807907104,a_only,yeast
word2vec,0.977256715297699,shared,firm
word2vec,1.0000001192092896,neither,flute
word2vec,1.0,neither,eugen
word2vec,-0.08504638075828552,neither,denounce
word2vec,0.21896134316921234,neither,confided
word2vec,-0.058485064655542374,b_only,ardently
word2vec,1.0,neither,stein
word2vec,1.0,neither,curriculum
word2vec,0.8050564527511597,shared,m
word2vec,0.9975219964981079,shared,literature
word2vec,0.03136780858039856,b_only,grandeur
word2vec,1.0000001192092896,neither,athanasius
word2vec,0.16697214543819427,b_only,trembled
word2vec,1.0000001192092896,a_only,san
word2vec,0.9999999403953552,a_only,agouti
word2vec,1.0,a_only,overdose
word2vec,1.0000001192092896,neither,decrees
word2vec,0.9999999403953552,neither,promotion
word2vec,0.9999998807907104,a_only,pp
word2vec,1.0,neither,underway
word2vec,0.9987039566040039,shared,actor
word2vec,-0.06879343092441559,neither,paler
word2vec,1.0000001192092896,neither,alnus
word2vec,0.9755353927612305,shared,evidence
word2vec,0.059271834790706635,neither,rustling
word2vec,1.0,a_only,invasion
word2vec,0.9671607613563538,shared,coat
word2vec,-0.14358963072299957,neither,mournfully
word2vec,1.0,a_only,decrease
word2vec,1.0,neither,mauchly
word2vec,0.06871254742145538,neither,mockery
word2vec,0.99415123462677,shared,phrase
word2vec,1.0000001192092896,neither,wa
word2vec,0.15594322979450226,neither,tortoise
word2vec,0.06707772612571716,neither,heightened
word2vec,1.0000001192092896,a_only,formations
word2vec,0.06952975690364838,neither,coburg
word2vec,1.0000001192092896,a_only,reflecting
word2vec,1.0000001192092896,neither,ethnography
word2vec,1.0,neither,papyri
word2vec,0.009104596450924873,neither,fluttering
word2vec,0.05008915066719055,neither,jukes
word2vec,1.0,neither,foundational
word2vec,0.9843736290931702,shared,devoted
word2vec,0.9509173035621643,shared,crying
word2vec,0.9994106888771057,shared,hebrew
word2vec,0.3240659832954407,neither,dizzy
word2vec,0.0816270038485527,neither,mansion
word2vec,1.0,a_only,volumes
word2vec,0.12441147863864899,b_only,phelps
word2vec,-0.004343838896602392,neither,snatches
word2vec,-0.05363129824399948,neither,workman
word2vec,0.9975453019142151,shared,suggest
word2vec,1.0,neither,garde
word2vec,0.9982495307922363,shared,seal
word2vec,-0.061243925243616104,b_only,tenderly
word2vec,1.0,neither,dial
word2vec,0.1564672291278839,b_only,quivered
word2vec,0.9875787496566772,shared,wheel
word2vec,1.0,a_only,soccer
word2vec,1.0000001192092896,neither,collingwood
word2vec,0.04384075477719307,b_only,wuz
word2vec,0.9954929947853088,shared,problem
word2vec,0.9855115413665771,shared,lists
word2vec,1.0,neither,warwick
word2vec,0.9655690789222717,shared,cents
word2vec,0.019904037937521935,b_only,haste
word2vec,1.0,a_only,puerto
word2vec,0.08571583032608032,neither,distraction
word2vec,1.0,neither,vicksburg
word2vec,1.0000001192092896,neither,hypocrisy
word2vec,1.0,neither,niels
word2vec,1.0,a_only,entities
word2vec,0.9999998807907104,a_only,neolithic
word2vec,1.0,neither,photophone
word2vec,1.0,neither,prevenient
word2vec,0.9833772778511047,shared,trunk
word2vec,0.9969089031219482,shared,continuing
word2vec,1.0,neither,mongol
word2vec,1.0,a_only,hayek
word2vec,0.9628508687019348,shared,barred
word2vec,0.9999998807907104,a_only,trilogy
word2vec,0.9965734481811523,shared,abundant
word2vec,1.0,neither,broadest
word2vec,0.9690806269645691,shared,wake
word2vec,0.0978151336312294,neither,unequal
word2vec,0.21651358902454376,neither,shriek
word2vec,1.0,neither,lastly
word2vec,0.9925398826599121,neither,pays
word2vec,0.024385767057538033,b_only,beg
word2vec,-0.07775025814771652,neither,summits
word2vec,0.9734724164009094,shared,gradually
word2vec,-0.03375861793756485,neither,conciergerie
word2vec,0.989795446395874,shared,charged
word2vec,0.9963632822036743,shared,europe
word2vec,0.9999999403953552,neither,infants
word2vec,1.0,neither,mozambique
word2vec,0.9538253545761108,shared,less
word2vec,1.0,a_only,organic
word2vec,1.0,neither,magnesium
word2vec,0.9539291858673096,shared,simply
word2vec,0.13149121403694153,neither,utterance
word2vec,0.9863770008087158,shared,nowadays
word2vec,0.9884980320930481,shared,simultaneously
word2vec,0.9999998807907104,a_only,hippolytus
word2vec,0.9999999403953552,neither,sculley
word2vec,0.15189401805400848,neither,wardrobe
word2vec,1.0,neither,laos
word2vec,0.27551692724227905,neither,hetty
word2vec,0.9906617999076843,shared,ending
word2vec,0.8418793082237244,shared,yet
word2vec,1.0,neither,alsace
word2vec,1.0000001192092896,neither,connors
word2vec,0.13512253761291504,neither,xxxiii
word2vec,1.0000001192092896,neither,nationalistic
word2vec,0.0883282721042633,neither,yawning
word2vec,0.9999998807907104,a_only,fairbanks
word2vec,1.0,neither,nigerian
word2vec,1.0,neither,amos
word2vec,1.0000001192092896,a_only,arable
word2vec,1.0,neither,olympias
word2vec,1.0,a_only,temples
word2vec,-0.02261880226433277,neither,bathroom
word2vec,1.0000001192092896,neither,burrows
word2vec,-0.23934444785118103,b_only,clearing
word2vec,0.9975206851959229,shared,copper
word2vec,1.0,neither,linz
word2vec,1.0,a_only,marine
word2vec,0.9999999403953552,a_only,replacement
word2vec,1.0000001192092896,a_only,gains
word2vec,-0.04961869493126869,neither,uncommonly
word2vec,1.0000001192092896,neither,oman
word2vec,0.9996035695075989,shared,ad
word2vec,0.9894053339958191,shared,assembled
word2vec,0.08028336614370346,neither,purr
word2vec,-0.08233416080474854,b_only,politeness
word2vec,0.0756223201751709,b_only,darnay
word2vec,0.9819950461387634,shared,riddle
word2vec,-0.2248537540435791,b_only,abreast
word2vec,0.9999999403953552,a_only,plutarch
word2vec,0.9954462051391602,shared,accusation
word2vec,0.254728227853775,neither,carbuncle
word2vec,0.1341983675956726,neither,foreman
word2vec,0.9999998807907104,a_only,charlie
word2vec,0.9765006899833679,shared,greatly
word2vec,0.9897834658622742,shared,partners
word2vec,-0.11312686651945114,neither,tanner
word2vec,0.9763792753219604,shared,continually
word2vec,1.0,neither,malcolm
word2vec,0.6896613240242004,shared,jim
word2vec,1.0,neither,judo
word2vec,1.0,neither,rehabilitation
word2vec,1.0,neither,slater
word2vec,0.9984017014503479,shared,ensure
word2vec,-0.05577767640352249,neither,goody
word2vec,0.9171491265296936,shared,became
word2vec,0.9404363632202148,shared,earth
word2vec,0.05631318688392639,neither,shakes
word2vec,1.0,neither,precedence
word2vec,1.0,neither,indicators
word2vec,1.0,a_only,favor
word2vec,0.19938713312149048,neither,dodged
word2vec,-0.12973538041114807,b_only,extinguished
word2vec,1.0,neither,outdoor
word2vec,0.9976262450218201,shared,possessing
word2vec,0.9987230896949768,shared,survey
word2vec,0.9999999403953552,a_only,adelaide
word2vec,0.971427857875824,shared,suffering
word2vec,0.993629515171051,shared,piano
word2vec,0.12367597967386246,neither,distracting
word2vec,0.9848501086235046,shared,employed
word2vec,1.0,neither,equals
word2vec,1.0000001192092896,a_only,les
word2vec,0.008799039758741856,b_only,snatched
word2vec,0.9963786602020264,shared,attempts
word2vec,-0.0929277092218399,neither,blameless
word2vec,0.04660547152161598,neither,commended
word2vec,-0.09783852100372314,neither,arched
word2vec,0.9999998807907104,a_only,ancestor
word2vec,0.9560033679008484,shared,deed
word2vec,1.0,neither,lightfoot
word2vec,1.0,neither,bibles
word2vec,1.0,neither,paranormal
word2vec,1.0,a_only,forums
word2vec,1.0000001192092896,neither,minorities
word2vec,-0.012533946894109249,neither,bradstreet
word2vec,1.0000001192092896,neither,helmholtz
word2vec,0.16719341278076172,neither,stealthily
word2vec,0.9812964797019958,shared,leaf
word2vec,1.0,neither,experimentation
word2vec,0.1523410975933075,b_only,fetch
word2vec,0.9091177582740784,shared,fortune
word2vec,0.004156169947236776,neither,strayed
word2vec,-0.0698285922408104,neither,joyous
word2vec,0.08888304978609085,b_only,conveyed
word2vec,0.9995079040527344,shared,debt
word2vec,-0.10338683426380157,b_only,inquiries
word2vec,0.015547029674053192,b_only,doorway
word2vec,1.0000001192092896,a_only,enlarged
word2vec,0.9974397420883179,shared,confronted
word2vec,0.9999998807907104,neither,kangaroo
word2vec,0.9911558032035828,shared,war
word2vec,0.02310226485133171,neither,tarts
word2vec,0.9999998807907104,neither,ltd
word2vec,1.0,neither,toronto
word2vec,0.9999999403953552,neither,mapped
word2vec,0.9145660400390625,shared,dogs
word2vec,0.02807372622191906,b_only,motioned
word2vec,0.17993171513080597,neither,bilder
word2vec,0.9999999403953552,neither,ensuring
word2vec,1.0,a_only,missile
word2vec,1.0,a_only,ecclesiastical
word2vec,1.0,neither,qb
word2vec,1.0000001192092896,neither,flattened
word2vec,0.9999999403953552,neither,distilled
word2vec,0.9860320091247559,shared,collect
word2vec,1.0000001192092896,neither,muscular
word2vec,0.917003333568573,shared,hair
word2vec,1.0,neither,humanist
word2vec,1.0,neither,formulations
word2vec,-0.09781832993030548,b_only,happier
word2vec,0.10863951593637466,neither,keenest
word2vec,0.9997565150260925,shared,gulf
word2vec,0.9891558289527893,shared,reaching
word2vec,0.9916839003562927,shared,moreover
word2vec,1.0,neither,assess
word2vec,1.0,neither,fused
word2vec,1.0000001192092896,neither,lang
word2vec,0.009455240331590176,b_only,console
word2vec,-0.05224781855940819,neither,hitch
word2vec,0.9999998807907104,a_only,eichmann
word2vec,1.0,a_only,neighboring
word2vec,1.0,neither,pseudocode
word2vec,0.2023496776819229,b_only,puzzled
word2vec,1.0,neither,chuck
word2vec,0.9499101042747498,shared,nurse
word2vec,-0.030890215188264847,neither,sarcastic
word2vec,0.9611088037490845,shared,rooms
word2vec,1.0,neither,gliders
word2vec,0.9954522848129272,shared,underground
word2vec,0.9919248819351196,shared,bullet
word2vec,0.9909285306930542,shared,astounding
word2vec,-0.07213125377893448,b_only,rusty
word2vec,0.9684568047523499,shared,crow
word2vec,0.06012825667858124,b_only,whiskers
word2vec,0.8267191052436829,shared,comes
word2vec,1.0000001192092896,a_only,albrecht
word2vec,0.9876871705055237,shared,accordingly
word2vec,0.9999999403953552,a_only,phoenix
word2vec,0.16750676929950714,neither,forbade
word2vec,1.0,neither,chords
word2vec,0.9797519445419312,shared,highly
word2vec,1.0000001192092896,neither,durable
word2vec,0.9973428249359131,shared,explanations
word2vec,0.9999999403953552,neither,byte
word2vec,1.0000001192092896,a_only,translate
word2vec,1.0,neither,eicher
word2vec,0.9730994701385498,shared,letting
word2vec,0.16221867501735687,neither,executioner
word2vec,0.23753707110881805,neither,framed
word2vec,1.0,neither,disk
word2vec,0.9676519632339478,shared,fact
word2vec,1.0,a_only,derleth
word2vec,0.9200462698936462,shared,known
word2vec,0.12328039854764938,neither,petals
word2vec,1.0,neither,silurian
word2vec,1.0000001192092896,a_only,formulas
word2vec,1.0,neither,skins
word2vec,0.9726217985153198,shared,avoid
word2vec,0.995567262172699,shared,respecting
word2vec,0.9999999403953552,neither,afonso
word2vec,0.23666568100452423,b_only,assured
word2vec,0.9886583089828491,shared,di
word2vec,1.0,neither,dudley
word2vec,0.9943656325340271,shared,engine
word2vec,1.0000001192092896,a_only,website
word2vec,0.9527654647827148,shared,bar
word2vec,0.07582341879606247,b_only,lads
word2vec,0.126020148396492,neither,beheaded
word2vec,-0.020955074578523636,neither,willows
word2vec,0.008993825875222683,neither,bustled
word2vec,0.06497244536876678,neither,diverted
word2vec,0.19892312586307526,neither,gale
word2vec,0.2593630254268646,neither,wrapper
word2vec,1.0000001192092896,a_only,originating
word2vec,0.9933949708938599,shared,halting
word2vec,1.0,neither,existential
word2vec,0.07506563514471054,neither,fitten
word2vec,0.13271231949329376,neither,inference
word2vec,0.13986092805862427,neither,wildest
word2vec,1.0000001192092896,a_only,ratio
word2vec,0.9999999403953552,neither,malignancies
word2vec,0.9996593594551086,shared,corps
word2vec,-0.15514492988586426,neither,demeanour
word2vec,1.0,neither,terrorism
word2vec,0.9776092767715454,shared,chief
word2vec,1.0,neither,harnack
word2vec,0.9955949187278748,shared,reported
word2vec,0.9999999403953552,neither,durham
word2vec,1.0,a_only,jr
word2vec,1.0,neither,futurama
word2vec,0.05199853330850601,neither,grated
word2vec,-0.013819058425724506,neither,graces
word2vec,0.08413077890872955,b_only,tumbrils
word2vec,1.0,neither,revolving
word2vec,0.9999998807907104,neither,hungarians
word2vec,0.9629671573638916,shared,lives
word2vec,0.9280604720115662,shared,waiting
word2vec,0.06581377983093262,b_only,impatiently
word2vec,1.0,neither,glorified
word2vec,1.0,neither,obtuse
word2vec,0.15548408031463623,neither,unkind
word2vec,-0.17395606637001038,b_only,mischief
word2vec,0.05348767712712288,b_only,helsing
word2vec,1.0,neither,leonardo
word2vec,1.0,a_only,halley
word2vec,0.9758619666099548,shared,society
word2vec,1.0,neither,julio
word2vec,0.047833967953920364,b_only,sunk
word2vec,1.0,neither,bagoas
word2vec,1.0,neither,abundance
word2vec,0.9976242780685425,shared,flood
word2vec,0.9610159993171692,shared,registered
word2vec,1.0000001192092896,neither,pda
word2vec,0.08464059233665466,neither,trusty
word2vec,0.9999999403953552,neither,favors
word2vec,1.0,a_only,archives
word2vec,-0.06869714707136154,b_only,watchman
word2vec,1.0,a_only,princes
word2vec,1.0000001192092896,a_only,coined
word2vec,1.0,a_only,archive
word2vec,0.9996328353881836,shared,central
word2vec,0.7726585865020752,shared,madame
word2vec,0.9999998807907104,neither,celsius
word2vec,-0.0551653653383255,neither,defiance
word2vec,1.0000001192092896,a_only,resort
word2vec,1.0,neither,spleen
word2vec,1.0,a_only,gene
word2vec,1.0,neither,imperative
word2vec,0.9757525324821472,shared,mourning
word2vec,1.0000001192092896,neither,jamaican
word2vec,1.0000001192092896,a_only,antisemitism
word2vec,1.0000001192092896,a_only,eugenics
word2vec,0.8701812624931335,shared,left
word2vec,1.0,a_only,legitimate
word2vec,1.0,neither,powerbook
word2vec,0.9919568300247192,shared,infinitely
word2vec,1.0,a_only,spontaneous
word2vec,1.0,a_only,franks
word2vec,0.02129984460771084,b_only,plenty
word2vec,0.9893772602081299,shared,recognised
word2vec,0.9999999403953552,neither,landmass
word2vec,1.0,a_only,pago
word2vec,0.9999999403953552,neither,converter
word2vec,0.11872107535600662,neither,twinkle
word2vec,0.07335628569126129,neither,provoke
word2vec,1.0,a_only,corporate
word2vec,1.0000001192092896,a_only,neurons
word2vec,0.09349605441093445,b_only,jarvis
word2vec,1.0,neither,cinematography
word2vec,1.0000001192092896,a_only,populated
word2vec,0.9874799251556396,shared,bigger
word2vec,1.0,neither,batting
word2vec,0.08196225017309189,b_only,listening
word2vec,0.9999999403953552,a_only,haer
word2vec,0.9903325438499451,shared,towns
word2vec,0.04200351983308792,neither,marred
word2vec,1.0,a_only,scholar
word2vec,1.0000001192092896,neither,compulsory
word2vec,1.0,neither,importantly
word2vec,0.17529109120368958,b_only,knocking
word2vec,1.0,neither,statism
word2vec,1.0,a_only,journals
word2vec,0.020075492560863495,neither,ville
word2vec,0.9999999403953552,neither,saturated
word2vec,-0.012538057751953602,neither,stupendous
word2vec,0.05373847857117653,neither,foremost
word2vec,0.968986451625824,shared,believed
word2vec,1.0000001192092896,a_only,houston
word2vec,1.0,a_only,des
word2vec,1.0000001192092896,neither,committing
word2vec,0.06346144527196884,neither,agreeing
word2vec,0.9973670840263367,shared,bachelor
word2vec,0.9999999403953552,neither,slopes
word2vec,0.05565256625413895,b_only,dipped
word2vec,0.9926153421401978,shared,relaxed
word2vec,0.9999999403953552,neither,recursive
word2vec,0.9999999403953552,neither,birthplace
word2vec,0.9473139643669128,shared,roads
word2vec,0.8645612597465515,shared,after
word2vec,-0.11019007861614227,neither,ingenuity
word2vec,0.9899503588676453,shared,infamous
word2vec,0.18402814865112305,b_only,sally
word2vec,1.0,neither,monckton
word2vec,0.9296057224273682,shared,victor
word2vec,0.9774259328842163,shared,failed
word2vec,0.9642983675003052,shared,rope
word2vec,0.1629810780286789,b_only,lamps
word2vec,0.17993424832820892,neither,humming
word2vec,0.02217884548008442,neither,triumphant
word2vec,0.9812280535697937,shared,ordinary
word2vec,0.22837260365486145,b_only,hovel
word2vec,-0.1272623986005783,b_only,gentlemen
word2vec,-0.05095762014389038,neither,countryman
word2vec,0.9939420819282532,shared,scientific
word2vec,1.0,a_only,algebra
word2vec,0.9999999403953552,a_only,amaranthus
word2vec,1.0,neither,arithmetical
word2vec,0.16733181476593018,b_only,thither
word2vec,0.19283287227153778,neither,foreigner
word2vec,0.9793479442596436,shared,blew
word2vec,0.9499656558036804,shared,sent
word2vec,1.0,a_only,executive
word2vec,1.0,neither,thai
word2vec,1.0000001192092896,neither,ambitious
word2vec,1.0,neither,sinai
word2vec,1.0000001192092896,a_only,matthew
word2vec,0.9787397980690002,shared,sees
word2vec,0.9420027136802673,shared,clean
word2vec,1.0000001192092896,a_only,audi
word2vec,1.0,neither,alphabetic
word2vec,0.04880654066801071,neither,oysters
word2vec,0.09623808413743973,neither,screw
word2vec,1.0,a_only,uss
word2vec,0.974808931350708,shared,beneath
word2vec,1.0000001192092896,neither,marvin
word2vec,1.0000001192092896,neither,detailing
word2vec,0.24465957283973694,neither,orderly
word2vec,0.9999999403953552,a_only,replica
word2vec,0.9999999403953552,neither,ethiopian
word2vec,0.2663148045539856,neither,prolong
word2vec,0.9996441006660461,shared,column
word2vec,1.0000001192092896,neither,idaho
word2vec,1.0,neither,rituals
word2vec,0.9999998807907104,a_only,cloister
word2vec,0.9999999403953552,neither,positrons
word2vec,1.0,neither,aztlan
word2vec,0.12398853898048401,neither,laudanum
word2vec,1.0,a_only,serial
word2vec,0.9679025411605835,shared,corn
word2vec,0.17044930160045624,b_only,flashed
word2vec,0.9882293939590454,shared,clue
word2vec,0.9969358444213867,shared,bind
word2vec,0.11139092594385147,b_only,sawyer
word2vec,0.07055048644542694,neither,apologize
word2vec,1.0000001192092896,neither,clytemnestra
word2vec,1.0,a_only,abolition
word2vec,1.0,neither,eukaryotic
word2vec,0.1340121328830719,b_only,squeezed
word2vec,1.0,neither,persist
word2vec,1.0,neither,waterway
word2vec,1.0000001192092896,a_only,context
word2vec,1.0,neither,steppe
word2vec,0.011608888395130634,b_only,comply
word2vec,0.18274880945682526,neither,depressing
word2vec,1.0000001192092896,neither,aleuts
word2vec,0.11350180208683014,b_only,sly
word2vec,0.9864277243614197,shared,unlike
word2vec,0.9353988170623779,shared,devil
word2vec,0.8583670854568481,shared,shoulder
word2vec,1.0,neither,benin
word2vec,0.9988531470298767,shared,male
word2vec,0.9929860830307007,shared,date
word2vec,-0.11148615926504135,neither,giddy
word2vec,0.9933279752731323,shared,represented
word2vec,1.0000001192092896,a_only,iupac
word2vec,0.9957621693611145,shared,vary
word2vec,0.9999999403953552,neither,ailanthus
word2vec,0.21876086294651031,b_only,remorse
word2vec,0.9999999403953552,a_only,indiana
word2vec,1.0,a_only,secondary
word2vec,0.9979771375656128,shared,permanent
word2vec,0.9927132725715637,shared,exalted
word2vec,1.0,neither,traders
word2vec,0.9873320460319519,shared,shocked
word2vec,0.09388458728790283,neither,hookey
word2vec,1.0,neither,durango
word2vec,1.0000001192092896,neither,skeptical
word2vec,-0.058178965002298355,b_only,interrupt
word2vec,0.20720794796943665,neither,gills
word2vec,0.9999999403953552,neither,disciple
word2vec,0.1775566190481186,b_only,bowed
word2vec,1.0000001192092896,a_only,trivia
word2vec,0.27073386311531067,neither,assures
word2vec,1.0,a_only,subcontinent
word2vec,0.8967152237892151,shared,perfectly
word2vec,1.0,neither,nitrous
word2vec,0.997900664806366,shared,meetings
word2vec,0.9999998807907104,neither,backing
word2vec,1.0,neither,rephlex
word2vec,1.0,neither,indefinitely
word2vec,-0.02576245553791523,neither,stains
word2vec,1.0,a_only,estimates
word2vec,0.9331863522529602,shared,coffin
word2vec,-0.041234467178583145,b_only,unicorn
word2vec,1.0,neither,gustav
word2vec,0.09733925014734268,b_only,heels
word2vec,0.06955132633447647,neither,guv
word2vec,0.9967933893203735,shared,decision
word2vec,1.0000001192092896,a_only,swedish
word2vec,1.0000001192092896,neither,judd
word2vec,1.0000001192092896,neither,codified
word2vec,0.9093010425567627,shared,amongst
word2vec,0.9793462753295898,shared,la
word2vec,0.8297683000564575,shared,breast
word2vec,0.973421037197113,shared,previous
word2vec,0.9999999403953552,neither,curb
word2vec,0.07277099043130875,neither,carts
word2vec,0.9233288168907166,shared,mary
word2vec,1.0,a_only,bond
word2vec,-0.12420258671045303,b_only,brow
word2vec,0.9999999403953552,a_only,sweden
word2vec,1.0,neither,simultaneous
word2vec,0.03966736048460007,neither,quiver
word2vec,0.011422878131270409,neither,sneak
word2vec,0.9999999403953552,neither,auguste
word2vec,0.9935010075569153,shared,u
word2vec,1.0,a_only,lfheim
word2vec,0.9999999403953552,neither,commutative
word2vec,-0.10820073634386063,neither,begging
word2vec,0.9940778613090515,neither,shrewsbury
word2vec,0.08142168819904327,b_only,mum
word2vec,0.9891741275787354,shared,changes
word2vec,0.9999998807907104,a_only,regardless
word2vec,1.0,a_only,ornamental
word2vec,1.0,neither,crosses
word2vec,0.9999998807907104,a_only,comics
word2vec,0.9767898321151733,shared,tomb
word2vec,0.9929027557373047,shared,threatened
word2vec,1.0,neither,quadrilateral
word2vec,1.0000001192092896,a_only,elector
word2vec,0.9473279118537903,shared,noble
word2vec,0.9999998807907104,neither,survives
word2vec,0.9578755497932434,shared,stepped
word2vec,1.0,neither,nitrate
word2vec,0.9988877177238464,shared,qualified
word2vec,0.031158937141299248,neither,grievous
word2vec,0.9963798522949219,neither,touches
word2vec,1.0,neither,phoebetria
word2vec,-0.03956400975584984,neither,detested
word2vec,1.0000001192092896,neither,staging
word2vec,1.0,a_only,denominations
word2vec,0.9999998807907104,neither,libh
word2vec,1.0,neither,emitted
word2vec,1.0,neither,slime
word2vec,0.9999998807907104,neither,davy
word2vec,0.009930416941642761,neither,dire
word2vec,0.057139407843351364,neither,necktie
word2vec,0.016498226672410965,b_only,cousins
word2vec,0.9454009532928467,shared,making
word2vec,0.9737531542778015,shared,weakness
word2vec,0.9754595756530762,shared,appear
word2vec,0.9999999403953552,a_only,nitric
word2vec,1.0,neither,consular
word2vec,0.9699488878250122,shared,struggled
word2vec,1.0000001192092896,neither,hyacinth
word2vec,0.2220938503742218,neither,obliterated
word2vec,0.9999998807907104,neither,rumor
word2vec,-0.08211120963096619,b_only,anxiously
word2vec,1.0,neither,edith
word2vec,-0.040934812277555466,b_only,cigars
word2vec,0.19258679449558258,b_only,cigar
word2vec,0.9791164994239807,shared,eyed
word2vec,0.9845471382141113,shared,enterprise
word2vec,1.0,neither,cerf
word2vec,0.9999998807907104,a_only,rebel
word2vec,0.9999999403953552,neither,sadler
word2vec,1.0,neither,humor
word2vec,1.0000001192092896,neither,isles
word2vec,1.0,neither,jon
word2vec,0.9894546866416931,shared,ann
word2vec,0.9933233857154846,shared,thence
word2vec,1.0000001192092896,a_only,celebration
word2vec,0.994676411151886,shared,palm
word2vec,1.0,a_only,cultural
word2vec,1.0,neither,emphasizing
word2vec,0.9946662783622742,shared,inspire
word2vec,0.975435733795166,shared,misfortune
word2vec,1.0000001192092896,neither,waned
word2vec,-0.07992279529571533,neither,hitched
word2vec,1.0,a_only,goths
word2vec,1.0,a_only,isotope
word2vec,0.9907804727554321,shared,judges
word2vec,0.9643163084983826,shared,health
word2vec,1.0,neither,reacting
word2vec,1.0,a_only,immigrants
word2vec,1.0000001192092896,a_only,aix
word2vec,1.0,a_only,caucasus
word2vec,1.0,neither,terrorist
word2vec,1.0,neither,lebanese
word2vec,1.0000001192092896,a_only,dharma
word2vec,0.99777752161026,neither,eastward
word2vec,0.9999998807907104,neither,id
word2vec,1.0,neither,hunnish
word2vec,0.8323780298233032,shared,first
word2vec,1.0,neither,marginal
word2vec,0.9999999403953552,a_only,persians
word2vec,0.9999999403953552,neither,spatial
word2vec,1.0000001192092896,neither,gridiron
word2vec,0.0027953200042247772,neither,distracted
word2vec,0.019431421533226967,neither,butterflies
word2vec,0.9999999403953552,neither,viet
word2vec,0.9987789392471313,shared,strive
word2vec,0.9999999403953552,a_only,photos
word2vec,0.9946290850639343,shared,imposing
word2vec,1.0,neither,proclaim
word2vec,0.9999998807907104,neither,greenwich
word2vec,1.0,neither,stirner
word2vec,0.0017627306515350938,b_only,ebook
word2vec,0.9979469776153564,shared,nations
word2vec,1.0,a_only,representatives
word2vec,0.9777066111564636,shared,proved
word2vec,1.0,a_only,quote
word2vec,0.9999998807907104,neither,specialize
word2vec,0.9764741659164429,shared,jump
word2vec,0.9970883131027222,shared,earliest
word2vec,0.9999999403953552,a_only,ahmad
word2vec,0.986971378326416,shared,profound
word2vec,0.9889475703239441,shared,pupils
word2vec,0.09183415025472641,b_only,darcy
word2vec,0.3280843198299408,neither,swandam
word2vec,0.9999998807907104,a_only,winters
word2vec,0.9994674324989319,shared,greenland
word2vec,1.0,neither,pittsburgh
word2vec,1.0,a_only,derivative
word2vec,0.9999999403953552,a_only,resident
word2vec,0.9925892949104309,shared,harshly
word2vec,1.0,neither,irishman
word2vec,0.8868759274482727,shared,prisoner
word2vec,0.9722743630409241,shared,recovered
word2vec,1.0000001192092896,neither,birch
word2vec,0.1765097975730896,neither,sperm
word2vec,0.8567192554473877,shared,four
word2vec,0.8041859865188599,shared,other
word2vec,0.9914765357971191,shared,murray
word2vec,0.9600913524627686,shared,tongue
word2vec,0.06476793438196182,neither,lain
word2vec,1.0,neither,helios
word2vec,1.0,neither,edda
word2vec,0.9999998807907104,a_only,bellows
word2vec,1.0,neither,historia
word2vec,0.993393063545227,shared,mix
word2vec,-0.1400814801454544,neither,skipping
word2vec,0.07713960856199265,neither,consoled
word2vec,0.9943567514419556,shared,islands
word2vec,1.0,a_only,annihilation
word2vec,0.9045631885528564,shared,blood
word2vec,0.9877762794494629,shared,refused
word2vec,1.0,neither,merlin
word2vec,1.0,a_only,judaism
word2vec,1.0000001192092896,neither,aquitaine
word2vec,1.0,neither,lawson
word2vec,1.0,a_only,nuremberg
word2vec,0.99683678150177,shared,standard
word2vec,1.0,neither,fis
word2vec,1.0,neither,rotors
word2vec,0.992070198059082,shared,shores
word2vec,1.0000001192092896,a_only,kenya
word2vec,0.04110057279467583,neither,blushed
word2vec,0.9739295244216919,shared,task
word2vec,0.18147867918014526,b_only,farewell
word2vec,0.9999999403953552,neither,quotation
word2vec,0.0581088624894619,neither,maow
word2vec,-0.01641639694571495,neither,cabins
word2vec,0.10579606890678406,neither,discontented
word2vec,1.0,neither,highlights
word2vec,1.0,neither,healthcare
word2vec,1.0,neither,floyd
word2vec,0.22370383143424988,neither,dartmoor
word2vec,0.8612142205238342,shared,ear
word2vec,0.9976413249969482,shared,discussion
word2vec,0.9933949708938599,shared,attract
word2vec,0.8240180611610413,shared,till
word2vec,0.9108993411064148,shared,whom
word2vec,1.0,a_only,oriental
word2vec,0.26592937111854553,b_only,sleeves
word2vec,1.0,neither,amplifier
word2vec,1.0,neither,executes
word2vec,0.9987269043922424,shared,owes
word2vec,0.9569280743598938,shared,advanced
word2vec,1.0000001192092896,a_only,emirates
word2vec,1.0,a_only,thelema
word2vec,0.9826816320419312,shared,royal
word2vec,0.9999999403953552,neither,diatomic
word2vec,1.0000001192092896,a_only,featured
word2vec,1.0000001192092896,neither,possibilities
word2vec,1.0000001192092896,a_only,ceo
word2vec,1.0,neither,nigeria
word2vec,0.9990218281745911,shared,cape
word2vec,1.0,neither,sheridan
word2vec,1.0,neither,eva
word2vec,0.9864729642868042,shared,extra
word2vec,1.0,a_only,cardinal
word2vec,0.9999999403953552,neither,panhandle
word2vec,-0.04791451245546341,neither,ravings
word2vec,0.001910833758302033,b_only,warmth
word2vec,1.0,neither,motorola
word2vec,1.0,neither,warp
word2vec,1.0,neither,tyrant
word2vec,0.1423606127500534,neither,pomp
word2vec,0.9626489281654358,shared,admiration
word2vec,-0.017986267805099487,neither,ransomed
word2vec,0.9406201243400574,shared,shock
word2vec,1.0000001192092896,neither,mayo
word2vec,0.9452222585678101,shared,alarm
word2vec,1.0,neither,posed
word2vec,1.0,neither,mabel
word2vec,0.9951805472373962,shared,closest
word2vec,1.0,a_only,decisions
word2vec,0.9510419964790344,shared,evidently
word2vec,0.9590731859207153,shared,gets
word2vec,1.0,neither,bourgeois
word2vec,0.9999998807907104,neither,vw
word2vec,0.9886094331741333,shared,obey
word2vec,0.9628337025642395,shared,able
word2vec,0.9981384873390198,shared,americans
word2vec,0.9975674152374268,shared,junior
word2vec,0.9999999403953552,neither,punts
word2vec,1.0,neither,ntliche
word2vec,0.9883540868759155,shared,contrary
word2vec,0.9476041197776794,shared,pieces
word2vec,0.9999998807907104,a_only,voted
word2vec,0.038615383207798004,b_only,sincere
word2vec,1.0,neither,las
word2vec,1.0,neither,macdonald
word2vec,0.850721001625061,shared,more
word2vec,0.9883390665054321,shared,easier
word2vec,0.9955199360847473,shared,register
word2vec,1.0,a_only,intermediate
word2vec,-0.036733802407979965,b_only,mist
word2vec,1.0,neither,depletion
word2vec,0.12727154791355133,neither,fruitless
word2vec,1.0,a_only,published
word2vec,1.0,a_only,zone
word2vec,0.9769690632820129,shared,thoroughly
word2vec,0.04439302533864975,neither,daisy
word2vec,0.06213415786623955,neither,staves
word2vec,-0.015792280435562134,b_only,loathing
word2vec,0.16679289937019348,neither,brandon
word2vec,1.0,neither,rosetta
word2vec,1.0,neither,militant
word2vec,0.9105566143989563,shared,nine
word2vec,0.8975266218185425,shared,boat
word2vec,1.0000001192092896,neither,illyrians
word2vec,0.9903674125671387,shared,pink
word2vec,0.08078297972679138,neither,blossom
word2vec,0.9636207222938538,shared,hearing
word2vec,1.0,neither,buchanan
word2vec,0.023876473307609558,neither,lets
word2vec,0.9999998807907104,a_only,southeast
word2vec,1.0,a_only,formation
word2vec,1.0,a_only,marx
word2vec,0.9772400259971619,shared,cost
word2vec,0.9248297214508057,shared,scene
word2vec,0.9843993186950684,shared,considering
word2vec,1.0,a_only,excluding
word2vec,0.997076690196991,shared,associate
word2vec,1.0,a_only,crusade
word2vec,0.9976345896720886,shared,recovery
word2vec,0.9901637434959412,shared,sarah
word2vec,0.07512392103672028,b_only,mo
word2vec,1.0,neither,arif
word2vec,0.9682745337486267,shared,shape
word2vec,0.9952991008758545,shared,consumed
word2vec,0.9999998807907104,neither,salzburg
word2vec,1.0,a_only,dreyfus
word2vec,0.9752967953681946,shared,picked
word2vec,1.0000001192092896,neither,mechanization
word2vec,1.0,neither,discrete
word2vec,0.9896647930145264,shared,praise
word2vec,0.03894732892513275,neither,aye
word2vec,0.1943269819021225,neither,uncontrollable
word2vec,0.9981160759925842,shared,sources
word2vec,1.0000001192092896,neither,aikidoka
word2vec,0.9480466246604919,shared,visit
word2vec,1.0,a_only,horizontal
word2vec,0.9574723839759827,shared,pray
word2vec,0.31549072265625,neither,eyford
word2vec,0.9999998807907104,a_only,sodium
word2vec,1.0000001192092896,a_only,funds
word2vec,1.0,neither,hausa
word2vec,0.1840851902961731,b_only,raging
word2vec,1.0,neither,televised
word2vec,0.9774426817893982,shared,pulling
word2vec,0.9849023818969727,shared,experienced
word2vec,1.0000001192092896,neither,uae
word2vec,1.0,neither,insecticides
word2vec,0.09232774376869202,neither,wan
word2vec,0.9999999403953552,a_only,mac
word2vec,0.1969147026538849,neither,avalanche
word2vec,0.005167324095964432,neither,deformity
word2vec,0.002153889974579215,neither,strangled
word2vec,0.9975605607032776,shared,relied
word2vec,0.9834249019622803,shared,persuaded
word2vec,0.9874032139778137,shared,x
word2vec,1.0000001192092896,neither,artisans
word2vec,0.15388794243335724,neither,curve
word2vec,1.0000001192092896,a_only,revolt
word2vec,0.9999998807907104,a_only,structural
word2vec,0.9476421475410461,shared,laugh
word2vec,1.0000001192092896,a_only,notation
word2vec,0.9999999403953552,a_only,predecessors
word2vec,0.9991167783737183,shared,affinity
word2vec,1.0,a_only,bus
word2vec,0.860010027885437,shared,saw
word2vec,0.9556311964988708,shared,living
word2vec,1.0,a_only,schopenhauer
word2vec,0.9915940761566162,shared,arrest
word2vec,1.0000001192092896,neither,lombards
word2vec,1.0,neither,ammon
word2vec,0.9999999403953552,neither,attaining
word2vec,0.9965478181838989,neither,shades
word2vec,1.0000001192092896,neither,duel
word2vec,0.9968457221984863,shared,morality
word2vec,0.9999998807907104,a_only,norse
word2vec,1.0000001192092896,a_only,aggressive
word2vec,0.2166040539741516,b_only,looky
word2vec,-0.027259713038802147,b_only,tranquillity
word2vec,1.0,neither,damascus
word2vec,0.8706316947937012,shared,forth
word2vec,1.0,neither,marcellinus
word2vec,1.0,a_only,vector
word2vec,0.9999998807907104,neither,cunha
word2vec,-0.08642711490392685,neither,pulse
word2vec,1.0,neither,uranium
word2vec,1.0,a_only,atlantic
word2vec,0.9999999403953552,neither,outputs
word2vec,0.9970385432243347,shared,debts
word2vec,0.09209053963422775,b_only,ceiling
word2vec,1.0,a_only,stan
word2vec,1.0,neither,zelazny
word2vec,1.0,neither,sd
word2vec,0.993960976600647,shared,citizens
word2vec,1.0,neither,sentences
word2vec,1.0,neither,tendencies
word2vec,0.9999998807907104,neither,spooner
word2vec,0.07112663239240646,b_only,grasped
word2vec,0.06985381990671158,neither,dank
word2vec,0.1081729456782341,neither,relish
word2vec,1.0,neither,joachim
word2vec,1.0000001192092896,neither,spheres
word2vec,0.9935897588729858,shared,original
word2vec,1.0,a_only,inverse
word2vec,0.9263378381729126,shared,neck
word2vec,0.9999999403953552,a_only,requirements
word2vec,1.0,neither,methanogens
word2vec,-0.018302297219634056,b_only,scared
word2vec,0.04828465357422829,neither,flowed
word2vec,0.9999999403953552,a_only,gnostic
word2vec,1.0,a_only,cambrian
word2vec,0.9999998807907104,a_only,translated
word2vec,1.0,neither,diarrhea
word2vec,0.9927880167961121,shared,complied
word2vec,0.16287687420845032,neither,sucking
word2vec,1.0000001192092896,neither,pollination
word2vec,0.9848712086677551,shared,accompany
word2vec,-0.005862487014383078,neither,smelt
word2vec,0.9999999403953552,neither,pubic
word2vec,1.0000001192092896,a_only,calculations
word2vec,-0.15473037958145142,neither,ast
word2vec,0.24530090391635895,neither,shoemaking
word2vec,0.9999999403953552,a_only,byron
word2vec,1.0,neither,corpus
word2vec,1.0,neither,aminoacids
word2vec,1.0000001192092896,a_only,mentions
word2vec,-0.007810419425368309,neither,pitiful
word2vec,1.0,a_only,wesley
word2vec,0.8792166113853455,shared,mean
word2vec,1.0,neither,thriller
word2vec,1.0,neither,turmoil
word2vec,1.0000001192092896,a_only,default
word2vec,1.0,a_only,ban
word2vec,0.9983194470405579,shared,apt
word2vec,1.0,a_only,module
word2vec,0.8596391677856445,shared,though
word2vec,1.0,neither,archeology
word2vec,0.035795822739601135,neither,outlaws
word2vec,0.9967326521873474,shared,granted
word2vec,1.0,neither,maltese
word2vec,1.0,a_only,ninth
word2vec,-0.018532216548919678,neither,homicidal
word2vec,0.97239750623703,shared,situation
word2vec,0.09304862469434738,neither,phantom
word2vec,0.132436141371727,b_only,faded
word2vec,0.9999999403953552,a_only,troy
word2vec,0.9794556498527527,shared,welcome
word2vec,0.983024001121521,shared,backwards
word2vec,0.8464307188987732,shared,put
word2vec,1.0,neither,yemen
word2vec,1.0000001192092896,neither,gollancz
word2vec,0.9787328839302063,shared,ernest
word2vec,1.0,neither,cumberland
word2vec,1.0000001192092896,a_only,antihydrogen
word2vec,1.0,neither,posthumously
word2vec,1.0,neither,scholastic
word2vec,0.9999998807907104,neither,fleets
word2vec,1.0000001192092896,neither,sacked
word2vec,0.9921530485153198,shared,vicious
word2vec,0.9950259327888489,neither,joints
word2vec,0.0450790673494339,neither,jagged
word2vec,0.994356095790863,shared,brilliant
word2vec,1.0,neither,swamps
word2vec,1.0,a_only,zero
word2vec,0.12003708630800247,neither,fawn
word2vec,0.14145690202713013,neither,spoilt
word2vec,0.9999999403953552,neither,venues
word2vec,0.9088644981384277,shared,ladies
word2vec,1.0,neither,voltage
word2vec,1.0,a_only,catholics
word2vec,1.0000001192092896,a_only,argues
word2vec,1.0000001192092896,neither,graphic
word2vec,1.0000001192092896,neither,uppercase
word2vec,1.0,neither,container
word2vec,0.9792565107345581,shared,inn
word2vec,0.9999999403953552,neither,counterparts
word2vec,1.0,neither,curtis
word2vec,0.9999999403953552,neither,anisotropic
word2vec,0.9999999403953552,a_only,navigation
word2vec,1.0,a_only,chloroplasts
word2vec,0.12885130941867828,neither,curtained
word2vec,0.9986163973808289,shared,symbol
word2vec,1.0,neither,forged
word2vec,-0.1239982470870018,neither,xxxv
word2vec,1.0,neither,cervical
word2vec,0.9852237701416016,shared,walks
word2vec,0.25264453887939453,b_only,buck
word2vec,1.0,a_only,alex
word2vec,1.0000001192092896,a_only,johnson
word2vec,1.0,neither,plebiscite
word2vec,0.985210657119751,shared,weight
word2vec,0.9842368364334106,shared,depths
word2vec,0.8954541087150574,shared,wanted
word2vec,0.9661156535148621,shared,hoped
word2vec,-0.0477948822081089,neither,scrabble
word2vec,0.9962713718414307,shared,runs
word2vec,0.20303215086460114,b_only,horner
word2vec,0.9999998807907104,neither,kinship
word2vec,0.7938764095306396,shared,seemed
word2vec,1.0,neither,richest
word2vec,0.9864670038223267,shared,horrors
word2vec,-0.14392755925655365,b_only,swinging
word2vec,0.05204875394701958,b_only,deceive
word2vec,-0.07663971930742264,neither,perceiving
word2vec,0.861581563949585,shared,another
word2vec,1.0,neither,disillusioned
word2vec,1.0,a_only,termed
word2vec,0.9912282824516296,shared,dialogue
word2vec,1.0,neither,euro
word2vec,0.9999998807907104,neither,willful
word2vec,0.9767032861709595,shared,starting
word2vec,-0.003759554587304592,neither,dejected
word2vec,1.0,a_only,rice
word2vec,1.0000001192092896,a_only,incorporated
word2vec,-0.0034351639915257692,b_only,confession
word2vec,1.0,neither,collapsed
word2vec,0.9777830839157104,shared,ball
word2vec,0.9774541854858398,neither,lory
word2vec,0.996688723564148,shared,deemed
word2vec,1.0,neither,sampling
word2vec,1.0,neither,civilized
word2vec,0.9999999403953552,a_only,product
word2vec,1.0,neither,jordanes
word2vec,0.9988974928855896,shared,sketch
word2vec,0.04553219676017761,neither,forked
word2vec,0.9884964823722839,shared,built
word2vec,0.9956891536712646,shared,merits
word2vec,0.9918458461761475,shared,treatment
word2vec,0.9887415766716003,shared,wit
word2vec,0.020759422332048416,neither,growling
word2vec,1.0,neither,juneau
word2vec,1.0,neither,greens
word2vec,0.9486038088798523,shared,goes
word2vec,1.0,neither,inventive
word2vec,0.9957332611083984,shared,rivers
word2vec,0.9999999403953552,neither,etruscan
word2vec,1.0,a_only,punk
word2vec,0.9819679856300354,shared,grasp
word2vec,1.0,neither,effectiveness
word2vec,0.9058197736740112,shared,feeling
word2vec,0.9586359858512878,shared,hay
word2vec,1.0,neither,frustration
word2vec,1.0,neither,monologue
word2vec,0.9999998807907104,neither,programmable
word2vec,0.9127702116966248,shared,entered
word2vec,1.0,a_only,excavation
word2vec,1.0000001192092896,neither,grande
word2vec,0.9974543452262878,shared,kent
word2vec,1.0,a_only,anchoring
word2vec,0.9999998807907104,neither,imf
word2vec,1.0,neither,destroys
word2vec,1.0,a_only,angst
word2vec,0.9888388514518738,shared,plantation
word2vec,1.0,neither,acquiring
word2vec,1.0000001192092896,a_only,enhanced
word2vec,0.9837356805801392,shared,sink
word2vec,0.9960243701934814,shared,unusually
word2vec,1.0,a_only,cartridge
word2vec,0.09000323712825775,neither,scornfully
word2vec,1.0,neither,excavations
word2vec,1.0,neither,kingship
word2vec,0.9976097941398621,shared,returns
word2vec,0.9947555661201477,shared,isolated
word2vec,1.0,neither,asserts
word2vec,0.9732363224029541,shared,gate
word2vec,1.0000001192092896,neither,anode
word2vec,0.8759605288505554,shared,journey
word2vec,1.0,a_only,predominant
word2vec,0.9998304843902588,neither,manor
word2vec,1.0000001192092896,neither,multicultural
word2vec,1.0,neither,peacock
word2vec,0.07254098355770111,neither,cocked
word2vec,-0.08507619798183441,b_only,sullen
word2vec,1.0,neither,consolidated
word2vec,1.0,a_only,rothbard
word2vec,1.0,neither,syllabic
word2vec,-0.1258479207754135,b_only,sounded
word2vec,0.9913656711578369,shared,foul
word2vec,0.9996713399887085,shared,paddington
word2vec,0.9999999403953552,neither,lepidoptera
word2vec,0.954571008682251,shared,revenge
word2vec,0.24353088438510895,b_only,sah
word2vec,0.9999999403953552,neither,navigable
word2vec,1.0,a_only,algorithms
word2vec,1.0000001192092896,neither,jubilees
word2vec,0.9629781246185303,shared,fifteen
word2vec,0.9784678816795349,shared,orleans
word2vec,0.013053138740360737,b_only,deserved
word2vec,1.0,neither,counts
word2vec,0.9966415166854858,shared,convenience
word2vec,1.0000001192092896,a_only,ampere
word2vec,1.0000001192092896,a_only,script
word2vec,1.0,neither,bradley
word2vec,0.8543622493743896,shared,fellow
word2vec,1.0,neither,dred
word2vec,0.9879595637321472,shared,meets
word2vec,0.9953850507736206,shared,expense
word2vec,0.9999998807907104,neither,canberra
word2vec,-0.04873509705066681,neither,cecco
word2vec,0.9999999403953552,a_only,argon
word2vec,0.9999998807907104,neither,trinidad
word2vec,0.2635727822780609,b_only,borrow
word2vec,1.0,a_only,hypothesis
word2vec,1.0000001192092896,neither,gaius
word2vec,1.0000001192092896,neither,banach
word2vec,0.9942280054092407,shared,manifested
word2vec,0.9999998807907104,neither,enquiry
word2vec,1.0,neither,bosons
word2vec,0.9654749035835266,shared,lip
word2vec,0.9999998807907104,a_only,missionary
word2vec,1.0,a_only,technology
word2vec,1.0000001192092896,a_only,technical
word2vec,0.058203890919685364,neither,accosted
word2vec,-0.07416778057813644,neither,antique
word2vec,0.9945500493049622,shared,announce
word2vec,0.06791059672832489,b_only,creeping
word2vec,1.0,neither,crm
word2vec,0.9977158308029175,shared,wealthy
word2vec,1.0000001192092896,neither,combating
word2vec,-0.023519366979599,neither,lump
word2vec,1.0,neither,corwin
word2vec,0.9780969023704529,shared,trace
word2vec,-0.0274411141872406,neither,contrivance
word2vec,0.9016087651252747,shared,continued
word2vec,0.9956004023551941,shared,throne
word2vec,0.9866002798080444,shared,prosperous
word2vec,0.9857870936393738,shared,inhabit
word2vec,1.0,neither,membranes
word2vec,0.9999999403953552,neither,subclass
word2vec,1.0,neither,commented
word2vec,0.9999999403953552,a_only,aviation
word2vec,1.0,a_only,spear
word2vec,0.14136406779289246,neither,husbands
word2vec,0.9999999403953552,neither,slievemore
word2vec,0.7597724795341492,shared,he
word2vec,1.0,a_only,ritual
word2vec,0.877755880355835,shared,master
word2vec,0.9963976740837097,shared,fought
word2vec,0.9987552165985107,shared,existing
word2vec,0.8778603076934814,shared,grave
word2vec,1.0,neither,synagogue
word2vec,0.914656400680542,shared,regular
word2vec,1.0,neither,nadir
word2vec,0.12426973134279251,neither,dreamy
word2vec,-0.03386678546667099,neither,vestige
word2vec,0.9958056807518005,shared,theory
word2vec,0.1115778386592865,neither,lays
word2vec,0.9926307797431946,shared,visiting
word2vec,1.0,neither,biodiesel
word2vec,1.0,a_only,refers
word2vec,0.9925936460494995,shared,hurricane
word2vec,1.0,a_only,mines
word2vec,1.0,neither,accounting
word2vec,-0.019446032121777534,neither,nasty
word2vec,1.0,a_only,ankara
word2vec,1.0000001192092896,neither,guanaco
word2vec,1.0,a_only,dramatically
word2vec,0.9999999403953552,a_only,legislature
word2vec,1.0000001192092896,a_only,exclusive
word2vec,0.9337393045425415,shared,rob
word2vec,1.0,a_only,affecting
word2vec,0.9890764355659485,shared,balance
word2vec,0.9685547351837158,shared,treat
word2vec,0.1494237184524536,neither,follies
word2vec,0.11682650446891785,neither,medi
word2vec,0.9450505375862122,shared,passing
word2vec,0.9931600689888,shared,patriot
word2vec,1.0000001192092896,a_only,conferences
word2vec,0.994086503982544,shared,defence
word2vec,1.0000001192092896,neither,edgar
word2vec,0.9999998807907104,a_only,appoint
word2vec,-0.006404988467693329,neither,humoured
word2vec,0.03143656626343727,neither,trumpet
word2vec,0.04159603267908096,neither,gripped
word2vec,1.0000001192092896,a_only,gregorian
word2vec,1.0000001192092896,a_only,tube
word2vec,0.9999998807907104,a_only,clergy
word2vec,0.9843828082084656,shared,platform
word2vec,1.0000001192092896,neither,catalonia
word2vec,0.7160406708717346,shared,for
word2vec,0.8846507668495178,shared,turning
word2vec,1.0,a_only,algebraically
word2vec,0.9984732866287231,shared,duncan
word2vec,0.9936500787734985,shared,asks
word2vec,0.9624670147895813,shared,consider
word2vec,0.9999999403953552,neither,islets
word2vec,0.16905608773231506,b_only,agreeable
word2vec,0.17058837413787842,b_only,sufferings
word2vec,0.04626075550913811,neither,mem
word2vec,0.9716179966926575,shared,borne
word2vec,1.0000001192092896,a_only,function
word2vec,1.0000001192092896,a_only,ki
word2vec,0.9974306225776672,shared,surroundings
word2vec,0.8083797693252563,shared,knight
word2vec,1.0,neither,stirling
word2vec,0.9716190695762634,shared,office
word2vec,0.9950627684593201,shared,constructed
word2vec,1.0000001192092896,a_only,airports
word2vec,0.9900667667388916,shared,hired
word2vec,1.0,neither,colonization
word2vec,1.0,neither,corrupted
word2vec,1.0,neither,lodger
word2vec,0.9412268400192261,shared,telling
word2vec,0.9732464551925659,shared,convinced
word2vec,1.0000001192092896,a_only,boyle
word2vec,0.9999999403953552,neither,domesticated
word2vec,0.9589800238609314,shared,stock
word2vec,1.0000001192092896,a_only,variant
word2vec,0.9999999403953552,a_only,richmond
word2vec,1.0,a_only,cleopatra
word2vec,0.8549613356590271,shared,opened
word2vec,0.9999999403953552,a_only,vedic
word2vec,1.0,a_only,promoting
word2vec,1.0000001192092896,a_only,johannes
word2vec,1.0,a_only,links
word2vec,0.9024631381034851,shared,gave
word2vec,0.9962311387062073,shared,term
word2vec,0.9881218671798706,shared,blank
word2vec,1.0,neither,amphitryon
word2vec,1.0000001192092896,a_only,urban
word2vec,1.0,neither,carbonyl
word2vec,-0.11880485713481903,neither,acquitted
word2vec,0.9761481285095215,shared,cup
word2vec,0.9954882860183716,shared,rewarded
word2vec,-0.05279301851987839,neither,springing
word2vec,0.9999999403953552,a_only,postal
word2vec,0.9940283894538879,shared,inferior
word2vec,1.0,neither,waugh
word2vec,1.0,neither,banner
word2vec,0.9999998807907104,neither,postulate
word2vec,-0.022388199344277382,b_only,amidst
word2vec,0.9981884956359863,shared,purchased
word2vec,0.1338203102350235,b_only,underneath
word2vec,-0.07511323690414429,neither,sawdust
word2vec,0.0051744733937084675,neither,fuss
word2vec,0.1732904613018036,b_only,brows
word2vec,0.9977144002914429,shared,vegetables
word2vec,1.0,neither,bertram
word2vec,1.0000001192092896,neither,constructs
word2vec,0.9947618246078491,shared,inhabited
word2vec,0.9999998807907104,a_only,anderson
word2vec,1.0000001192092896,a_only,edwin
word2vec,0.2639453709125519,neither,darting
word2vec,0.9976766109466553,shared,olive
word2vec,1.0,neither,copenhagen
word2vec,0.27068978548049927,b_only,policeman
word2vec,0.9999999403953552,a_only,jesuit
word2vec,1.0,neither,unwanted
word2vec,0.9980645179748535,neither,misunderstood
word2vec,0.8715115189552307,shared,enough
word2vec,0.08724429458379745,b_only,conjectured
word2vec,0.9950345754623413,shared,relative
word2vec,1.0,a_only,abalone
word2vec,0.9537255167961121,shared,gently
word2vec,0.9999999403953552,neither,conversely
word2vec,1.0,neither,labeled
word2vec,0.9999999403953552,a_only,astronauts
word2vec,0.9657593369483948,shared,calm
word2vec,0.13010694086551666,neither,bloomin
word2vec,0.9999999403953552,a_only,edmonton
word2vec,0.9936435222625732,shared,families
word2vec,1.0,a_only,occurring
word2vec,0.9431638121604919,shared,considerable
word2vec,1.0,a_only,variables
word2vec,0.998599648475647,shared,acres
word2vec,0.1812312752008438,neither,frown
word2vec,1.0,a_only,calvinism
word2vec,0.20436987280845642,neither,sneeze
word2vec,0.9804521799087524,shared,moral
word2vec,0.9933560490608215,shared,stores
word2vec,0.9999999403953552,neither,fetal
word2vec,0.9643371105194092,shared,blow
word2vec,0.996859073638916,shared,solely
word2vec,0.9936352968215942,shared,possess
word2vec,0.9999999403953552,neither,garbage
word2vec,0.05344218388199806,neither,nursed
word2vec,1.0,neither,alcmene
word2vec,0.9945889115333557,neither,slender
word2vec,0.9996652007102966,shared,acid
word2vec,0.9959475994110107,shared,herbs
word2vec,1.0000001192092896,neither,dialogues
word2vec,1.0000001192092896,neither,critiques
word2vec,1.0,a_only,practitioners
word2vec,0.9986222982406616,shared,australia
word2vec,1.0000001192092896,a_only,donate
word2vec,-0.0795249417424202,b_only,busy
word2vec,1.0,a_only,interpreted
word2vec,1.0,neither,thrace
word2vec,0.9999999403953552,a_only,ueshiba
word2vec,0.9729887247085571,shared,suspicion
word2vec,-0.17254002392292023,b_only,rip
word2vec,1.0,a_only,nile
word2vec,-0.0038503576070070267,b_only,nostrils
word2vec,0.9997909069061279,shared,ross
word2vec,0.865581750869751,shared,near
word2vec,1.0000001192092896,neither,gatherer
word2vec,1.0000001192092896,a_only,currents
word2vec,0.999968945980072,shared,flora
word2vec,0.9864187240600586,shared,smooth
word2vec,1.0,neither,ivo
word2vec,0.854153573513031,shared,has
word2vec,0.9977125525474548,shared,consumption
word2vec,0.12937921285629272,neither,propped
word2vec,1.0,neither,exterior
word2vec,0.1075744777917862,neither,tain
word2vec,0.10830958932638168,neither,skirt
word2vec,0.9699580073356628,shared,relieved
word2vec,1.0,a_only,publishing
word2vec,0.9840417504310608,shared,urged
word2vec,0.07470353692770004,b_only,pirates
word2vec,0.9979932308197021,shared,philosophers
word2vec,1.0000001192092896,neither,circumcision
word2vec,1.0,a_only,derive
word2vec,0.9950438141822815,shared,virtuous
word2vec,0.9974145889282227,neither,compressed
word2vec,-0.08864662796258926,b_only,lunatic
word2vec,-0.015781430527567863,neither,spectre
word2vec,0.9999998807907104,neither,fitness
word2vec,1.0000001192092896,neither,berman
word2vec,0.9990130066871643,shared,policy
word2vec,0.9999998807907104,neither,brontosaurus
word2vec,0.021832777187228203,neither,puzzle
word2vec,0.9999998807907104,neither,durrani
word2vec,1.0000001192092896,neither,vikings
word2vec,1.0000001192092896,neither,syrian
word2vec,-0.034052200615406036,neither,chunk
word2vec,1.0000001192092896,a_only,columns
word2vec,0.013002154417335987,neither,airy
word2vec,0.9999999403953552,a_only,ignored
word2vec,1.0000001192092896,neither,submachine
word2vec,0.8236793279647827,shared,do
word2vec,0.18548545241355896,b_only,georgiana
word2vec,1.0000001192092896,neither,sarcoma
word2vec,1.0,neither,anus
word2vec,1.0,neither,monumental
word2vec,1.0,neither,simplified
word2vec,0.9707475900650024,shared,kin
word2vec,0.8966038227081299,shared,best
word2vec,0.894201934337616,shared,mother
word2vec,-0.013561048544943333,b_only,fortunately
word2vec,0.9999998807907104,neither,didactic
word2vec,0.9920027256011963,shared,cigarette
word2vec,1.0,neither,parade
word2vec,0.06916128098964691,b_only,wonderfully
word2vec,0.9725576639175415,shared,various
word2vec,1.0000001192092896,neither,protects
word2vec,0.9836174845695496,shared,surrounded
word2vec,0.9954233765602112,shared,pole
word2vec,0.07275177538394928,neither,undisturbed
word2vec,0.9986081123352051,shared,supreme
word2vec,1.0,neither,reformers
word2vec,0.9999999403953552,a_only,mans
word2vec,0.9990776181221008,shared,members
word2vec,0.7911475300788879,shared,home
word2vec,0.996547281742096,shared,generation
word2vec,0.9999999403953552,a_only,benjamin
word2vec,0.9285722374916077,shared,pointing
word2vec,1.0000001192092896,a_only,favored
word2vec,0.9771421551704407,shared,sunlight
word2vec,0.9999998807907104,neither,constitutionality
word2vec,1.0,a_only,movie
word2vec,0.9965875148773193,shared,announced
word2vec,1.0,neither,opaque
word2vec,1.0,neither,pretext
word2vec,0.9787071347236633,shared,torn
word2vec,0.9527231454849243,shared,lively
word2vec,1.0,a_only,eden
word2vec,1.0000001192092896,neither,pastoral
word2vec,0.9605031609535217,shared,guns
word2vec,0.9999999403953552,a_only,elders
word2vec,1.0,neither,populous
word2vec,0.9991384744644165,shared,j
word2vec,0.9999998807907104,neither,pioneers
word2vec,1.0,neither,solanas
word2vec,0.9880174994468689,shared,mask
word2vec,0.9640903472900391,shared,marry
word2vec,-0.10043652355670929,b_only,impatient
word2vec,0.9670574069023132,shared,feared
word2vec,1.0,neither,perl
word2vec,0.04191712290048599,neither,inmate
word2vec,1.0,a_only,restricted
word2vec,1.0000001192092896,a_only,todd
word2vec,0.297690749168396,neither,doubtfully
word2vec,0.9524954557418823,shared,passions
word2vec,1.0,neither,diomedea
word2vec,0.9999998807907104,neither,dietary
word2vec,1.0,neither,devon
word2vec,0.9999999403953552,neither,corrosion
word2vec,0.9856258034706116,shared,jeff
word2vec,0.9181039929389954,shared,natural
word2vec,1.0,neither,rainy
word2vec,1.0,neither,sophocles
word2vec,0.9808695912361145,shared,treasures
word2vec,0.181565523147583,neither,swarmed
word2vec,1.0000001192092896,a_only,temperatures
word2vec,0.8727626800537109,shared,trouble
word2vec,1.0,neither,accommodation
word2vec,0.1035151258111,neither,vivacity
word2vec,1.0,neither,gum
word2vec,1.0,neither,rebels
word2vec,0.9785250425338745,shared,hell
word2vec,1.0000001192092896,neither,enrolled
word2vec,0.962313175201416,shared,jack
word2vec,-0.03810958191752434,neither,sash
word2vec,1.0,neither,distinctions
word2vec,1.0,neither,ingredients
word2vec,1.0,neither,bulletin
word2vec,0.9999998807907104,a_only,uterus
word2vec,1.0,a_only,frederick
word2vec,0.9865986704826355,shared,probable
word2vec,0.8592347502708435,shared,reckoned
word2vec,0.10074283182621002,neither,trash
word2vec,0.009261139668524265,neither,bennets
word2vec,0.9804084300994873,shared,powers
word2vec,0.9955512285232544,shared,surprising
word2vec,0.9966358542442322,shared,irish
word2vec,-0.05880340188741684,b_only,candles
word2vec,0.010736357420682907,b_only,haunted
word2vec,0.9917689561843872,shared,incapable
word2vec,0.9793087244033813,shared,condition
word2vec,1.0,a_only,obsolete
word2vec,0.9856584668159485,shared,curse
word2vec,0.9999998807907104,neither,decisively
word2vec,0.9369224309921265,shared,free
word2vec,0.9999999403953552,neither,plata
word2vec,0.2160436064004898,neither,lothrop
word2vec,1.0,neither,newsgroup
word2vec,0.007463251240551472,neither,resented
word2vec,0.903751790523529,shared,foot
word2vec,0.029501158744096756,neither,dono
word2vec,0.9504727721214294,shared,thanks
word2vec,0.9919087290763855,neither,crust
word2vec,0.12960560619831085,neither,unacquainted
word2vec,0.9756578207015991,shared,confess
word2vec,0.9889543056488037,shared,conceived
word2vec,1.0,a_only,exceptions
word2vec,1.0,a_only,admits
word2vec,1.0,a_only,manual
word2vec,1.0,neither,mormon
word2vec,1.0,neither,tautologies
word2vec,0.9999998807907104,a_only,unsuccessful
word2vec,-0.07402267307043076,b_only,contented
word2vec,1.0000001192092896,a_only,compound
word2vec,0.9746535420417786,shared,destruction
word2vec,0.9979426264762878,shared,adjacent
word2vec,0.9952999353408813,shared,compare
word2vec,0.9907413721084595,shared,scores
word2vec,0.9999999403953552,neither,ubiquitous
word2vec,1.0,neither,tablets
word2vec,0.07757436484098434,neither,softness
word2vec,1.0,a_only,architectural
word2vec,1.0,neither,shipbuilding
word2vec,0.9999999403953552,neither,cite
word2vec,0.9999999403953552,a_only,assistive
word2vec,1.0000001192092896,neither,bravery
word2vec,0.17711405456066132,neither,typewriting
word2vec,0.11313853412866592,neither,mortar
word2vec,1.0,a_only,australian
word2vec,0.9999998807907104,neither,photosynthesis
word2vec,0.05593422055244446,b_only,drawers
word2vec,1.0,neither,atheos
word2vec,0.9975354671478271,neither,effected
word2vec,1.0,a_only,aqueous
word2vec,1.0,neither,anatomical
word2vec,1.0,neither,republics
word2vec,1.0,neither,huts
word2vec,1.0,a_only,camps
word2vec,-0.10624917596578598,b_only,hearth
word2vec,0.9188356995582581,shared,locked
word2vec,-0.09166386723518372,neither,grinned
word2vec,0.8220594525337219,shared,only
word2vec,0.07673308253288269,neither,hines
word2vec,0.8785108923912048,shared,against
word2vec,0.21495723724365234,neither,weaknesses
word2vec,0.9999999403953552,neither,commits
word2vec,0.9999998807907104,a_only,dutch
word2vec,1.0,neither,eli
word2vec,0.9977872967720032,neither,moisture
word2vec,0.050249677151441574,neither,raving
word2vec,1.0,neither,photographed
word2vec,0.1285945624113083,neither,shillings
word2vec,0.10972969233989716,neither,ouse
word2vec,1.0,a_only,car
word2vec,0.9403678774833679,shared,meet
word2vec,0.9958515167236328,shared,homage
word2vec,0.9942435622215271,shared,holds
word2vec,0.9978879690170288,shared,conclusions
word2vec,1.0000001192092896,neither,institutes
word2vec,1.0,a_only,translation
word2vec,1.0,neither,trojans
word2vec,1.0,neither,conclusive
word2vec,1.0,a_only,bierce
word2vec,1.0,neither,recruited
word2vec,1.0,neither,dmt
word2vec,0.9859828948974609,shared,immense
word2vec,0.9999999403953552,neither,derivatives
word2vec,0.9999999403953552,neither,tides
word2vec,0.14494168758392334,neither,berries
word2vec,1.0,a_only,delta
word2vec,1.0000001192092896,neither,sonatas
word2vec,1.0,neither,larsen
word2vec,0.9973288178443909,shared,schools
word2vec,0.9658706784248352,shared,desired
word2vec,1.0000001192092896,a_only,korzybski
word2vec,0.9999999403953552,a_only,icelandic
word2vec,1.0,neither,hickory
word2vec,0.9784923791885376,shared,valley
word2vec,-0.01935557834804058,neither,cheery
word2vec,-0.15412674844264984,b_only,shouldn
word2vec,-0.01891539990901947,neither,crippled
word2vec,0.9858717918395996,shared,james
word2vec,0.9949783682823181,shared,measured
word2vec,1.0000001192092896,neither,rett
word2vec,1.0,neither,feeds
word2vec,0.9845448136329651,shared,joining
word2vec,0.9891749024391174,shared,ordering
word2vec,1.0,neither,chick
word2vec,0.9999998807907104,neither,patrician
word2vec,1.0,neither,transcendental
word2vec,-0.08176682144403458,b_only,queer
word2vec,-0.011560209095478058,neither,swoon
word2vec,1.0000001192092896,a_only,sexually
word2vec,0.06834670156240463,b_only,tongues
word2vec,1.0000001192092896,neither,viewers
word2vec,1.0000001192092896,neither,prophecy
word2vec,1.0,neither,cyrus
word2vec,0.9990488290786743,shared,widely
word2vec,0.9207862019538879,shared,eye
word2vec,1.0,a_only,correction
word2vec,0.9999998807907104,neither,offspring
word2vec,1.0,a_only,winners
word2vec,0.9999998807907104,a_only,reactive
word2vec,0.9924561381340027,shared,greedy
word2vec,0.9926007390022278,shared,buzz
word2vec,0.9978180527687073,shared,copied
word2vec,1.0,neither,weimar
word2vec,0.10668833553791046,neither,hates
word2vec,0.9999998807907104,a_only,orchestra
word2vec,0.9999998807907104,neither,gage
word2vec,0.9999999403953552,a_only,denoted
word2vec,1.0,neither,absorption
word2vec,0.9875953197479248,shared,biggest
word2vec,0.9943564534187317,shared,dock
word2vec,1.0000001192092896,neither,uncanonical
word2vec,0.9999998807907104,neither,detectors
word2vec,0.9999950528144836,shared,sub
word2vec,0.9887368679046631,shared,elder
word2vec,0.21572738885879517,neither,quitting
word2vec,0.14553189277648926,neither,degraded
word2vec,-0.08620084077119827,neither,scraping
word2vec,0.007608594372868538,b_only,temper
word2vec,1.0,neither,fungus
word2vec,0.9540049433708191,shared,lessons
word2vec,0.9992948770523071,shared,legal
word2vec,-0.03981364518404007,neither,moritz
word2vec,0.9999999403953552,a_only,candidate
word2vec,1.0000001192092896,neither,ruth
word2vec,1.0,neither,khorasan
word2vec,1.0,neither,reptiles
word2vec,1.0,a_only,saul
word2vec,0.9909941554069519,shared,leader
word2vec,1.0000001192092896,neither,roberts
word2vec,0.9793499112129211,shared,solitary
word2vec,-0.08308187872171402,neither,grinding
word2vec,0.9195652008056641,shared,streets
word2vec,0.07343018800020218,neither,glassful
word2vec,0.00040784303564578295,neither,clients
word2vec,0.9845826625823975,shared,deepest
word2vec,0.7860149145126343,shared,right
word2vec,1.0,a_only,conformation
word2vec,1.0000001192092896,a_only,islam
word2vec,0.9707372188568115,shared,emerged
word2vec,1.0000001192092896,a_only,reaches
word2vec,1.0000001192092896,neither,annabella
word2vec,1.0,a_only,dhabi
word2vec,0.9970950484275818,shared,perseverance
word2vec,0.2539571523666382,neither,chasing
word2vec,1.0000001192092896,a_only,jobs
word2vec,0.12999150156974792,neither,breathlessly
word2vec,-0.0951673611998558,b_only,afeard
word2vec,0.9768006205558777,shared,harbour
word2vec,1.0,neither,dilute
word2vec,1.0,neither,unpaved
word2vec,1.0,a_only,appellate
word2vec,0.9999999403953552,a_only,tucker
word2vec,0.986935555934906,shared,proof
word2vec,0.9928315877914429,shared,disdain
word2vec,1.0,neither,uniquely
word2vec,0.9999998807907104,neither,hamadan
word2vec,1.0,a_only,allows
word2vec,0.8349928259849548,shared,day
word2vec,0.7724027633666992,shared,jane
word2vec,1.0000001192092896,neither,coulomb
word2vec,0.9999999403953552,a_only,fascism
word2vec,0.09598922729492188,neither,dreamt
word2vec,0.9636451601982117,shared,instantly
word2vec,0.9801631569862366,shared,alan
word2vec,1.0,neither,tarski
word2vec,0.015131399966776371,b_only,illustrious
word2vec,1.0,a_only,woolfson
word2vec,0.9999999403953552,a_only,explorers
word2vec,1.0,neither,cyanide
word2vec,0.9298831820487976,shared,stranger
word2vec,0.9488661289215088,shared,odd
word2vec,0.9999999403953552,neither,termites
word2vec,1.0,a_only,proclamation
word2vec,0.965053141117096,shared,thin
word2vec,0.990375816822052,shared,faith
word2vec,0.9963520765304565,shared,marched
word2vec,1.0,neither,notorious
word2vec,0.9980729818344116,shared,samuel
word2vec,1.0000001192092896,neither,popularized
word2vec,0.9961206316947937,shared,transparent
word2vec,0.9938051700592041,shared,talents
word2vec,0.9865868091583252,shared,pursuing
word2vec,1.0,neither,servers
word2vec,0.01686207763850689,b_only,wretchedness
word2vec,0.09719318151473999,neither,cal
word2vec,0.9964561462402344,shared,inherited
word2vec,0.9956777691841125,shared,plea
word2vec,0.9999998807907104,neither,hemispheres
word2vec,1.0000001192092896,neither,literal
word2vec,0.9451900124549866,shared,collins
word2vec,1.0,neither,passer
word2vec,0.9999999403953552,a_only,emphasize
word2vec,1.0000001192092896,neither,apatheism
word2vec,0.12004414200782776,neither,disgusting
word2vec,0.21195383369922638,neither,insists
word2vec,0.07336923480033875,b_only,humpty
word2vec,1.0,a_only,mikhail
word2vec,0.9999999403953552,neither,bactrian
word2vec,0.014197488315403461,b_only,entreaty
word2vec,0.9828978180885315,shared,pa
word2vec,1.0000001192092896,neither,cadillac
word2vec,0.04188001900911331,b_only,westenra
word2vec,1.0,neither,pm
word2vec,0.9602726697921753,shared,thrust
word2vec,1.0000001192092896,a_only,derek
word2vec,0.0554022416472435,b_only,tempted
word2vec,1.0000001192092896,neither,contributor
word2vec,0.9966947436332703,shared,fruit
word2vec,1.0000001192092896,a_only,reef
word2vec,0.9995249509811401,shared,gateway
word2vec,-0.16395896673202515,b_only,excuse
word2vec,1.0000001192092896,neither,burroughs
word2vec,0.16724473237991333,b_only,fitzwilliam
word2vec,0.9502680897712708,shared,knowing
word2vec,0.9976658225059509,shared,successfully
word2vec,-0.008559728972613811,neither,repaired
word2vec,0.9944782853126526,shared,cases
word2vec,0.8813270330429077,shared,protect
word2vec,0.9967467784881592,shared,lewis
word2vec,0.9951777458190918,shared,sal
word2vec,0.0870029553771019,b_only,lodging
word2vec,1.0000001192092896,a_only,pogroms
word2vec,0.9999998807907104,a_only,tribes
word2vec,0.964246392250061,shared,warning
word2vec,0.8541633486747742,shared,glass
word2vec,0.9999998807907104,a_only,comprises
word2vec,1.0000001192092896,neither,brake
word2vec,0.14611263573169708,neither,discharging
word2vec,-0.12219292670488358,neither,smoothing
word2vec,0.07253797352313995,neither,wos
word2vec,1.0,neither,beers
word2vec,0.06913983821868896,neither,ascertain
word2vec,1.0,a_only,reserves
word2vec,1.0000001192092896,neither,winnipeg
word2vec,1.0,neither,murphy
word2vec,1.0,a_only,amounts
word2vec,0.9341504573822021,shared,cut
word2vec,1.0,neither,solidarity
word2vec,0.9222392439842224,shared,loud
word2vec,0.9959644675254822,shared,dealt
word2vec,-0.10305039584636688,neither,intensely
word2vec,1.0,a_only,carnival
word2vec,0.11265076696872711,neither,stupor
word2vec,0.9999999403953552,a_only,reign
word2vec,1.0000001192092896,neither,definitely
word2vec,-0.024954305961728096,b_only,steamboat
word2vec,1.0000001192092896,a_only,zinc
word2vec,-0.10158517211675644,b_only,uncomfortable
word2vec,0.1727856993675232,b_only,unconsciously
word2vec,-0.01606111228466034,neither,whah
word2vec,1.0000001192092896,a_only,quad
word2vec,1.0,neither,situational
word2vec,0.9921367764472961,shared,shapes
word2vec,0.9948216080665588,shared,induced
word2vec,0.9752703905105591,shared,arrival
word2vec,0.9578114151954651,shared,bust
word2vec,0.9999999403953552,neither,elemental
word2vec,1.0,neither,backfield
word2vec,0.14343522489070892,b_only,slate
word2vec,0.17571879923343658,neither,tole
word2vec,0.11874738335609436,neither,rub
word2vec,0.13814570009708405,b_only,narborough
word2vec,0.033431198447942734,neither,loafers
word2vec,0.9911924004554749,shared,battle
word2vec,-0.005914750974625349,neither,tangled
word2vec,0.9999999403953552,a_only,libertarianism
word2vec,-0.04298163577914238,neither,dishonour
word2vec,1.0000001192092896,a_only,shah
word2vec,0.9800493717193604,shared,restore
word2vec,0.9764045476913452,shared,lane
word2vec,0.968697726726532,shared,chiefly
word2vec,0.9999998807907104,a_only,sculpture
word2vec,0.9921988844871521,shared,barren
word2vec,0.2095593810081482,neither,sot
word2vec,0.9782599210739136,shared,events
word2vec,0.9889416694641113,shared,overwhelming
word2vec,1.0,neither,benzodiazepines
word2vec,0.9974755048751831,shared,non
word2vec,0.9970107674598694,shared,wing
word2vec,1.0000001192092896,a_only,cities
word2vec,1.0000001192092896,a_only,fullback
word2vec,1.0000001192092896,neither,hawke
word2vec,-0.03369681537151337,neither,wearied
word2vec,0.9999999403953552,neither,synthesized
word2vec,1.0000001192092896,a_only,ff
word2vec,1.0000001192092896,neither,batteries
word2vec,0.0322972908616066,neither,disconcerted
word2vec,0.07267635315656662,b_only,lordship
word2vec,0.9999999403953552,neither,michel
word2vec,0.9937513470649719,shared,customer
word2vec,1.0000001192092896,neither,thermodynamic
word2vec,0.08201511949300766,neither,mam
word2vec,0.9465610980987549,shared,geneva
word2vec,1.0,a_only,connor
word2vec,0.779968798160553,shared,air
word2vec,1.0,neither,stockholm
word2vec,0.9999999403953552,neither,skeletal
word2vec,1.0,neither,susceptibility
word2vec,0.19022409617900848,neither,resolutely
word2vec,0.7039659023284912,shared,said
word2vec,0.9735498428344727,shared,friendship
word2vec,1.0000001192092896,neither,informative
word2vec,0.9623022079467773,shared,hunting
word2vec,0.9925809502601624,shared,neighbouring
word2vec,1.0000001192092896,neither,tobago
word2vec,0.16007021069526672,neither,striving
word2vec,1.0,neither,pantheon
word2vec,0.05635618418455124,b_only,jury
word2vec,1.0000001192092896,a_only,movies
word2vec,0.9999999403953552,neither,establishments
word2vec,1.0,a_only,culminated
word2vec,1.0000001192092896,a_only,representation
word2vec,1.0,neither,dominicans
word2vec,1.0,neither,creativity
word2vec,1.0000001192092896,neither,commemoration
word2vec,1.0,neither,broadcaster
word2vec,1.0,neither,responsibilities
word2vec,0.9999999403953552,neither,seti
word2vec,1.0,a_only,est
word2vec,0.9900560975074768,shared,frequent
word2vec,0.9067488312721252,shared,figure
word2vec,1.0,a_only,festival
word2vec,1.0,a_only,neo
word2vec,0.9998862147331238,shared,dia
word2vec,0.9960805177688599,shared,drunken
word2vec,1.0,a_only,creative
word2vec,1.0,neither,reinforcements
word2vec,0.07432446628808975,neither,mutiny
word2vec,0.13006465137004852,b_only,scar
word2vec,0.9319753646850586,shared,cats
word2vec,0.9856484532356262,shared,xvi
word2vec,0.9999999403953552,a_only,scriptures
word2vec,1.0,a_only,protein
word2vec,1.0000001192092896,neither,cristatus
word2vec,0.9792314171791077,shared,caves
word2vec,1.0,a_only,generated
word2vec,0.9759431481361389,shared,ride
word2vec,0.17891739308834076,neither,delusion
word2vec,0.9922007322311401,shared,poets
word2vec,1.0,neither,rudolph
word2vec,0.9840458035469055,shared,xii
word2vec,1.0000001192092896,a_only,afc
word2vec,0.9640746712684631,shared,playing
word2vec,0.07478633522987366,neither,balcony
word2vec,1.0,neither,interventions
word2vec,0.15585073828697205,neither,glove
word2vec,0.9979335069656372,shared,edition
word2vec,0.885261595249176,shared,ship
word2vec,1.0,neither,concessions
word2vec,0.988521933555603,shared,unusual
word2vec,0.9761434197425842,shared,cliff
word2vec,0.9929185509681702,shared,aware
word2vec,1.0,a_only,decisive
word2vec,0.13961203396320343,neither,thirsty
word2vec,1.0,a_only,references
word2vec,1.0000001192092896,a_only,kay
word2vec,1.0,neither,liquids
word2vec,0.6778751015663147,shared,i
word2vec,0.9839769601821899,shared,invented
word2vec,1.0000001192092896,a_only,underlying
word2vec,1.0000001192092896,a_only,larry
word2vec,0.9999998807907104,neither,amnon
word2vec,1.0,neither,dozens
word2vec,0.9877273440361023,shared,regard
word2vec,0.18055133521556854,neither,gasps
word2vec,1.0,neither,dominus
word2vec,1.0,a_only,eukaryotes
word2vec,0.9966019988059998,shared,scale
word2vec,0.9788675308227539,shared,handsome
word2vec,1.0,a_only,philosophies
word2vec,0.9580538272857666,shared,pet
word2vec,-0.11219648271799088,b_only,annoyed
word2vec,0.1604594737291336,neither,sow
word2vec,0.9916105270385742,shared,idle
word2vec,1.0,a_only,functional
word2vec,1.0000001192092896,neither,owen
word2vec,0.9588724970817566,shared,enemy
word2vec,0.9821634888648987,shared,summoned
word2vec,1.0000001192092896,neither,geologists
word2vec,0.9894643425941467,shared,enormous
word2vec,1.0000001192092896,neither,import
word2vec,0.9999998807907104,neither,yuri
word2vec,0.9614772796630859,shared,courage
word2vec,1.0,neither,auteurism
word2vec,1.0000001192092896,neither,enthusiasts
word2vec,1.0000001192092896,a_only,altaic
word2vec,1.0,a_only,businessman
word2vec,1.0000001192092896,a_only,units
word2vec,1.0,neither,thorn
word2vec,1.0000001192092896,a_only,alpine
word2vec,0.9841648936271667,shared,thomas
word2vec,1.0000001192092896,a_only,politically
word2vec,1.0,a_only,acacia
word2vec,0.9533129334449768,shared,flying
word2vec,0.9955961108207703,shared,creek
word2vec,1.0,neither,departments
word2vec,0.13835938274860382,neither,hypnotise
word2vec,0.9999999403953552,a_only,ernst
word2vec,1.0000001192092896,neither,cilicia
word2vec,0.9999999403953552,neither,uzbekistan
word2vec,1.0,neither,faire
word2vec,0.0046228026039898396,neither,malignant
word2vec,1.0,a_only,assassination
word2vec,1.0000001192092896,neither,vera
word2vec,0.9999999403953552,neither,fermilab
word2vec,0.9971276521682739,shared,globe
word2vec,1.0000001192092896,a_only,franz
word2vec,1.0000001192092896,neither,clifford
word2vec,1.0,neither,basso
word2vec,0.9933716058731079,shared,perished
word2vec,-0.07325638085603714,neither,brood
word2vec,0.889141321182251,shared,lights
word2vec,0.9999999403953552,a_only,surrender
word2vec,1.0,a_only,conquest
word2vec,0.9244643449783325,shared,breath
word2vec,0.13010485470294952,b_only,washing
word2vec,0.1359730064868927,b_only,disappointment
word2vec,0.9908841252326965,shared,y
word2vec,1.0,neither,mulligan
word2vec,1.0,a_only,philosophical
word2vec,1.0000001192092896,a_only,processor
word2vec,0.9999999403953552,neither,georgian
word2vec,1.0000001192092896,neither,istanbul
word2vec,0.23429319262504578,b_only,soothed
word2vec,1.0,neither,openings
word2vec,1.0000001192092896,a_only,aluminium
word2vec,1.0000001192092896,neither,accommodate
word2vec,1.0,a_only,apocrypha
word2vec,0.20961901545524597,neither,gleamed
word2vec,0.11034257709980011,neither,sultry
word2vec,1.0,neither,asceticism
word2vec,0.9981623291969299,shared,relationship
word2vec,1.0,neither,fuelled
word2vec,-0.06905817240476608,b_only,dining
word2vec,-0.08535325527191162,neither,wilder
word2vec,1.0,neither,notify
word2vec,1.0000001192092896,neither,descriptive
word2vec,0.9726271033287048,shared,imaginary
word2vec,1.0,neither,tram
word2vec,0.960516631603241,shared,examination
word2vec,1.0000001192092896,neither,ordained
word2vec,1.0000001192092896,neither,glutamate
word2vec,1.0,a_only,restrictions
word2vec,1.0,neither,sakhalin
word2vec,1.0000001192092896,a_only,marshal
word2vec,1.0000001192092896,a_only,network
word2vec,1.0,a_only,transport
word2vec,1.0,a_only,socrates
word2vec,0.9756081700325012,shared,tiny
word2vec,0.05840279161930084,neither,deserving
word2vec,1.0,a_only,beliefs
word2vec,0.9984513521194458,shared,imply
word2vec,0.9973591566085815,shared,gods
word2vec,1.0,neither,aruban
word2vec,0.9936222434043884,shared,breeding
word2vec,1.0,a_only,vocals
word2vec,0.07945078611373901,neither,purring
word2vec,0.9955726265907288,shared,amsterdam
word2vec,0.9817657470703125,shared,mentioned
word2vec,0.9973325729370117,shared,rhine
word2vec,1.0000001192092896,neither,elias
word2vec,0.9922338724136353,shared,intercourse
word2vec,1.0,neither,ants
word2vec,0.13882511854171753,neither,mantelpiece
word2vec,1.0000001192092896,a_only,cabinda
word2vec,0.9999999403953552,neither,kongo
word2vec,-0.1162734106183052,neither,nonnamous
word2vec,1.0,neither,esa
word2vec,0.9826765060424805,shared,relieve
word2vec,-0.06829151511192322,b_only,sit
word2vec,0.9877540469169617,shared,connection
word2vec,1.0,neither,indications
word2vec,1.0000001192092896,a_only,ce
word2vec,0.08193163573741913,neither,creaked
word2vec,0.1352975219488144,neither,impressions
word2vec,0.2003316730260849,neither,affront
word2vec,1.0,a_only,anarcho
word2vec,0.9701131582260132,shared,satisfaction
word2vec,1.0,neither,houdini
word2vec,0.986563503742218,shared,congregation
word2vec,0.9999999403953552,a_only,gothic
word2vec,0.9933655261993408,shared,wrath
word2vec,0.9840969443321228,shared,bestowed
word2vec,1.0,neither,introductions
word2vec,1.0000001192092896,neither,larkin
word2vec,0.05366724729537964,b_only,delightful
word2vec,0.09791424125432968,b_only,cruelty
word2vec,-0.1052030697464943,neither,prettiest
word2vec,1.0,neither,brunswick
word2vec,0.9714415669441223,shared,astonishing
word2vec,0.23502102494239807,neither,mists
word2vec,0.9796603322029114,shared,arranged
word2vec,1.0,a_only,vladimir
word2vec,1.0,a_only,homer
word2vec,1.0000001192092896,neither,alboin
word2vec,0.9499298334121704,shared,loaded
word2vec,0.9583297371864319,shared,ahead
word2vec,1.0,a_only,films
word2vec,0.9985651969909668,shared,communications
word2vec,1.0000001192092896,neither,willie
word2vec,0.9933544397354126,shared,unseen
word2vec,1.0,neither,dung
word2vec,0.995520293712616,shared,c
word2vec,0.15191519260406494,neither,unearthly
word2vec,0.9875297546386719,shared,guilty
word2vec,1.0,neither,rounded
word2vec,1.0,neither,abdominus
word2vec,-0.23370137810707092,b_only,afforded
word2vec,1.0,neither,bolsheviks
word2vec,0.9965084195137024,shared,attain
word2vec,1.0,a_only,amino
word2vec,0.993409276008606,shared,rugged
word2vec,0.9678018689155579,shared,surely
word2vec,1.0000001192092896,a_only,exploration
word2vec,0.8233788013458252,shared,good
word2vec,0.994300901889801,shared,decoration
word2vec,0.9969077706336975,shared,absolute
word2vec,1.0,neither,delphi
word2vec,1.0,a_only,thailand
word2vec,1.0,a_only,organisations
word2vec,0.8952751159667969,shared,seven
word2vec,0.9999999403953552,a_only,haliotis
word2vec,0.9136244058609009,shared,few
word2vec,0.9433073997497559,shared,beautiful
word2vec,1.0,a_only,colspan
word2vec,1.0,neither,earnings
word2vec,0.9999998807907104,neither,renders
word2vec,0.9848818778991699,shared,fourth
word2vec,0.9264413714408875,shared,adventures
word2vec,0.9178125262260437,shared,change
word2vec,1.0000001192092896,a_only,architects
word2vec,1.0000001192092896,a_only,marsh
word2vec,1.0,neither,spine
word2vec,0.9772348999977112,shared,mummy
word2vec,1.0000001192092896,a_only,practically
word2vec,1.0,a_only,surveys
word2vec,1.0000001192092896,neither,mortality
word2vec,0.0598515160381794,neither,sulkily
word2vec,0.9982630610466003,shared,francis
word2vec,1.0,a_only,dominance
word2vec,0.1340288370847702,neither,temperance
word2vec,0.969959557056427,shared,thee
word2vec,0.1106557622551918,neither,resuming
word2vec,1.0000001192092896,neither,nozick
word2vec,1.0,a_only,es
word2vec,0.9892683029174805,shared,preceding
word2vec,1.0,neither,surf
word2vec,-0.06583186984062195,neither,pleases
word2vec,-0.06372999399900436,b_only,shutters
word2vec,0.031828414648771286,neither,malady
word2vec,0.05816587060689926,b_only,weeping
word2vec,-0.0632428452372551,b_only,compliments
word2vec,1.0,neither,danneskjold
word2vec,1.0,a_only,users
word2vec,1.0,neither,predictions
word2vec,1.0,neither,interim
word2vec,0.9476652145385742,shared,nose
word2vec,0.9898124933242798,shared,possibility
word2vec,0.9978175163269043,shared,massacre
word2vec,1.0000001192092896,neither,pollen
word2vec,1.0,neither,brahmic
word2vec,1.0,neither,weinberg
word2vec,0.03826604411005974,neither,fences
word2vec,1.0000001192092896,neither,golf
word2vec,0.2072632759809494,neither,murdering
word2vec,0.9999998807907104,a_only,agrippina
word2vec,0.9999999403953552,a_only,institutions
word2vec,1.0,a_only,strategic
word2vec,-0.04274040088057518,b_only,hatter
word2vec,0.9885026812553406,shared,tend
word2vec,0.9970272183418274,shared,consuming
word2vec,0.9923417568206787,shared,laden
word2vec,1.0,a_only,enigma
word2vec,1.0,a_only,package
word2vec,0.1351354718208313,neither,mocking
word2vec,0.9999999403953552,a_only,participate
word2vec,0.9946945309638977,shared,precautions
word2vec,1.0,neither,problematic
word2vec,1.0000001192092896,a_only,odyssey
word2vec,0.9970160126686096,neither,excepting
word2vec,-0.04215753823518753,neither,yearning
word2vec,1.0,a_only,pre
word2vec,-0.0648578554391861,neither,punish
word2vec,0.17582987248897552,neither,patroness
word2vec,1.0,neither,mauss
word2vec,0.9999999403953552,a_only,interactive
word2vec,1.0000001192092896,a_only,nonetheless
word2vec,0.998871386051178,shared,gross
word2vec,-0.01846141554415226,neither,derision
word2vec,1.0,neither,primitives
word2vec,1.0000001192092896,a_only,hemisphere
word2vec,1.0,a_only,asteroids
word2vec,0.08092333376407623,neither,locking
word2vec,1.0000001192092896,a_only,robots
word2vec,1.0000001192092896,neither,blanche
word2vec,0.072112537920475,neither,smothered
word2vec,1.0000001192092896,neither,encompass
word2vec,1.0,neither,uruguay
word2vec,1.0000001192092896,neither,handoff
word2vec,0.9692674875259399,shared,immediately
word2vec,1.0,neither,cruz
word2vec,1.0000001192092896,neither,westernmost
word2vec,1.0000001192092896,a_only,grains
word2vec,1.0,a_only,collectively
word2vec,1.0,neither,resistivity
word2vec,-0.13026277720928192,neither,dash
word2vec,0.8097013235092163,shared,been
word2vec,0.04461979493498802,neither,helm
word2vec,0.9903033375740051,shared,captured
word2vec,-0.012587827630341053,neither,blowed
word2vec,1.0,a_only,unclear
word2vec,0.9999999403953552,neither,pakistani
word2vec,1.0,neither,diego
word2vec,1.0,neither,bony
word2vec,1.0,neither,delays
word2vec,0.9178398847579956,shared,plain
word2vec,-0.0688350647687912,b_only,trembling
word2vec,1.0000001192092896,neither,menus
word2vec,1.0,a_only,adobe
word2vec,0.9999998807907104,a_only,routes
word2vec,0.9999998807907104,neither,identifiable
word2vec,0.09633418917655945,b_only,pretending
word2vec,0.9999998807907104,a_only,cooling
word2vec,1.0000001192092896,neither,bulgarian
word2vec,0.1829947978258133,b_only,mumps
word2vec,0.16020914912223816,neither,passers
word2vec,1.0000001192092896,a_only,predicted
word2vec,0.9969722628593445,shared,defects
word2vec,1.0,a_only,bolivia
word2vec,1.0000001192092896,neither,falsely
word2vec,0.9958739280700684,shared,costume
word2vec,1.0000001192092896,a_only,novelist
word2vec,1.0,neither,gestae
word2vec,0.5226335525512695,shared,ain
word2vec,1.0000001192092896,neither,warlike
word2vec,0.9743039608001709,shared,matters
word2vec,0.13369615375995636,b_only,reckon
word2vec,0.9464239478111267,shared,search
word2vec,0.9989623427391052,shared,violin
word2vec,1.0000001192092896,a_only,polynomial
word2vec,0.9554505348205566,shared,person
word2vec,0.9999999403953552,a_only,physically
word2vec,1.0,neither,planetary
word2vec,0.9999999403953552,neither,appalachian
word2vec,0.9999998807907104,a_only,kingdoms
word2vec,0.9999999403953552,neither,reconnaissance
word2vec,0.032093197107315063,b_only,pierced
word2vec,0.9965304732322693,shared,soil
word2vec,0.19750817120075226,neither,hairs
word2vec,0.9668934345245361,shared,letters
word2vec,1.0,a_only,armor
word2vec,-0.03865291550755501,neither,goshen
word2vec,1.0,neither,chang
word2vec,1.0000001192092896,neither,maldives
word2vec,1.0000001192092896,neither,raid
word2vec,1.0,neither,equipage
word2vec,0.7914561629295349,shared,have
word2vec,1.0000001192092896,a_only,provisional
word2vec,0.9970746040344238,shared,definite
word2vec,1.0,neither,signatory
word2vec,1.0000001192092896,neither,competitions
word2vec,1.0,a_only,impact
word2vec,1.0000001192092896,a_only,senator
word2vec,1.0000001192092896,a_only,synthetic
word2vec,1.0,neither,allegory
word2vec,0.1175876334309578,neither,vampires
word2vec,1.0000001192092896,neither,postulates
word2vec,-0.018609637394547462,neither,joking
word2vec,0.9653945565223694,shared,alongside
word2vec,1.0,neither,spirituality
word2vec,1.0,neither,jason
word2vec,0.9895768165588379,shared,mirror
word2vec,-0.1005001962184906,neither,slung
word2vec,0.8783175349235535,shared,soon
word2vec,1.0,a_only,egyptians
word2vec,1.0,a_only,collections
word2vec,0.9817596077919006,shared,prove
word2vec,1.0,neither,sectors
word2vec,-0.13445018231868744,b_only,harker
word2vec,-0.033473145216703415,neither,rattlesnake
word2vec,0.9981504082679749,shared,commands
word2vec,1.0000001192092896,neither,requests
word2vec,0.0011657916475087404,b_only,sherburn
word2vec,0.9347163438796997,shared,caught
word2vec,1.0,neither,saigon
word2vec,1.0000001192092896,neither,azerbaijani
word2vec,0.9999999403953552,neither,hearst
word2vec,1.0,neither,mosera
word2vec,0.9910929799079895,shared,blanc
word2vec,1.0000001192092896,a_only,nebraska
word2vec,1.0,a_only,audiogalaxy
word2vec,1.0,a_only,cable
word2vec,0.9968301057815552,shared,compelled
word2vec,1.0,neither,possessions
word2vec,-0.2096243053674698,b_only,needn
word2vec,1.0,a_only,speer
word2vec,0.8562679886817932,shared,morning
word2vec,0.30834344029426575,neither,cooee
word2vec,1.0,neither,curiosities
word2vec,0.06286707520484924,neither,growl
word2vec,0.9999999403953552,neither,guerrilla
word2vec,1.0,neither,cameron
word2vec,-0.019636163488030434,b_only,comin
word2vec,0.9930292963981628,shared,withdrew
word2vec,1.0,neither,motors
word2vec,0.9956464171409607,shared,opportunities
word2vec,1.0,neither,hesiod
word2vec,1.0,a_only,gregory
word2vec,1.0000001192092896,neither,cromwell
word2vec,0.9968118667602539,shared,players
word2vec,1.0,neither,incorrectly
word2vec,0.12844432890415192,neither,coughing
word2vec,0.9999999403953552,a_only,terminology
word2vec,1.0,neither,stressed
word2vec,0.994967520236969,shared,views
word2vec,0.9976069331169128,shared,adjusted
word2vec,0.19919826090335846,neither,barlow
word2vec,0.9884559512138367,shared,electronic
word2vec,1.0,neither,mediums
word2vec,-0.012591860257089138,b_only,conceive
word2vec,0.9999998807907104,neither,illustrates
word2vec,1.0,neither,pathology
word2vec,1.0000001192092896,a_only,concertos
word2vec,-0.1209256649017334,neither,bedside
word2vec,1.0000001192092896,neither,eugene
word2vec,1.0000001192092896,a_only,semi
word2vec,0.9157686233520508,shared,picture
word2vec,0.9999999403953552,a_only,senior
word2vec,0.9291991591453552,shared,threw
word2vec,1.0000001192092896,neither,propane
word2vec,0.9928744435310364,shared,insisted
word2vec,-0.05464260280132294,b_only,flung
word2vec,-0.20757047832012177,neither,lobsters
word2vec,-0.04915719851851463,b_only,trance
word2vec,0.989090621471405,shared,autumn
word2vec,0.18587394058704376,neither,humiliation
word2vec,-0.0003247244458179921,neither,dispersed
word2vec,0.9985268712043762,shared,chemical
word2vec,0.9996094703674316,shared,neutral
word2vec,0.1642337590456009,neither,concealing
word2vec,0.9730439782142639,shared,scenes
word2vec,1.0000001192092896,neither,tweed
word2vec,1.0,a_only,sahara
word2vec,0.9937412142753601,shared,revived
word2vec,1.0,neither,freelance
word2vec,1.0000001192092896,a_only,equivalent
word2vec,0.848219096660614,shared,walked
word2vec,1.0,neither,disagree
word2vec,1.0,a_only,denies
word2vec,0.055478520691394806,neither,frantic
word2vec,0.21396972239017487,b_only,politely
word2vec,1.0,a_only,magnetic
word2vec,0.1364346742630005,neither,gleaming
word2vec,0.056439246982336044,neither,saith
word2vec,0.9651761054992676,shared,sympathy
word2vec,1.0,neither,mugwort
word2vec,1.0,neither,librivox
word2vec,0.007673236541450024,b_only,woke
word2vec,0.9999998807907104,neither,publishes
word2vec,0.06738606095314026,b_only,closet
word2vec,1.0,neither,inexpensive
word2vec,0.9934828281402588,shared,expressions
word2vec,1.0,a_only,develop
word2vec,0.12929359078407288,b_only,hertfordshire
word2vec,-0.012131571769714355,neither,drown
word2vec,0.06714101880788803,b_only,waking
word2vec,0.8456803560256958,shared,because
word2vec,0.99942547082901,shared,cabinet
word2vec,1.0000001192092896,neither,energies
word2vec,0.9983670115470886,neither,worthless
word2vec,0.06107930466532707,b_only,terrified
word2vec,0.05945383384823799,b_only,yelling
word2vec,0.04631812497973442,neither,26
word2vec,0.9999999403953552,a_only,listing
word2vec,0.9992259740829468,shared,individually
word2vec,1.0,a_only,judah
word2vec,0.9889142513275146,shared,favoured
word2vec,1.0,a_only,workers
word2vec,1.0,neither,lodged
word2vec,0.9999999403953552,neither,gawler
word2vec,1.0,neither,statutory
word2vec,0.9975455403327942,shared,university
word2vec,1.0000001192092896,neither,clearance
word2vec,0.032848238945007324,neither,grimly
word2vec,0.05927908793091774,neither,swarthy
word2vec,0.29706427454948425,neither,beryl
word2vec,-0.012560282833874226,b_only,peasant
word2vec,1.0,a_only,babylonian
word2vec,-0.10643722116947174,neither,cramped
word2vec,0.9954161047935486,shared,scotland
word2vec,0.9975032806396484,shared,omitted
word2vec,1.0,neither,brando
word2vec,1.0,a_only,tropical
word2vec,1.0,a_only,fuels
word2vec,1.0000001192092896,a_only,lacking
word2vec,1.0,a_only,underwent
word2vec,1.0,neither,augustinian
word2vec,0.9999999403953552,a_only,microsoft
word2vec,1.0,a_only,renaissance
word2vec,0.9979366660118103,shared,slaves
word2vec,1.0,a_only,musicians
word2vec,0.9999999403953552,neither,delivery
word2vec,1.0,neither,affects
word2vec,0.9889028072357178,shared,courses
word2vec,0.9377946257591248,shared,seventy
word2vec,0.8935090899467468,shared,closed
word2vec,0.1314084231853485,neither,assuredly
word2vec,1.0,neither,gerald
word2vec,0.993943989276886,shared,magistrate
word2vec,0.8295989036560059,shared,jerry
word2vec,0.9999998807907104,neither,biographies
word2vec,0.9803659915924072,shared,remote
word2vec,1.0,neither,collision
word2vec,1.0,neither,lifeboat
word2vec,0.18816058337688446,b_only,devotion
word2vec,0.272736132144928,b_only,cries
word2vec,0.9819536805152893,shared,relations
word2vec,0.9875761866569519,shared,spanish
word2vec,1.0,a_only,abbreviations
word2vec,1.0,a_only,album
word2vec,1.0,a_only,oxidation
word2vec,1.0,neither,dvg
word2vec,0.9999998807907104,neither,rigid
word2vec,0.9745540618896484,shared,slide
word2vec,0.9992193579673767,shared,accurately
word2vec,1.0,neither,chapters
word2vec,-0.024258652701973915,b_only,netherfield
word2vec,0.914654016494751,shared,true
word2vec,1.0000001192092896,a_only,prehistoric
word2vec,0.9915053248405457,shared,dried
word2vec,1.0,neither,hadrian
word2vec,0.9999999403953552,a_only,contributions
word2vec,0.9999998807907104,neither,disappearing
word2vec,0.9999998807907104,neither,eruptions
word2vec,-0.08390001952648163,neither,patiently
word2vec,-0.07122169435024261,neither,ingenious
word2vec,-0.026064055040478706,b_only,entreaties
word2vec,0.9803867936134338,shared,apartment
word2vec,0.12451794743537903,b_only,fashionable
word2vec,0.9999998807907104,neither,disasters
word2vec,0.11955273151397705,neither,sterilise
word2vec,0.9041663408279419,shared,showed
word2vec,0.9999999403953552,neither,rejecting
word2vec,0.13642963767051697,b_only,yourselves
word2vec,1.0000001192092896,a_only,councils
word2vec,1.0,a_only,california
word2vec,0.12487942725419998,neither,tombstones
word2vec,0.9991304874420166,shared,paragraph
word2vec,1.0,a_only,sided
word2vec,0.9913284778594971,shared,emerge
word2vec,0.9999999403953552,neither,mechanic
word2vec,1.0,neither,croatia
word2vec,0.14507463574409485,neither,moody
word2vec,0.9972479343414307,shared,provide
word2vec,0.9758104681968689,shared,offered
word2vec,1.0,a_only,gear
word2vec,1.0,neither,quentin
word2vec,-0.003589860163629055,b_only,linen
word2vec,0.9999999403953552,a_only,shifted
word2vec,0.9999998807907104,a_only,promote
word2vec,1.0,a_only,broadly
word2vec,1.0000001192092896,neither,outermost
word2vec,0.9838826060295105,shared,nation
word2vec,0.976263165473938,shared,creator
word2vec,1.0000001192092896,a_only,afghanistan
word2vec,0.997975766658783,shared,joseph
word2vec,1.0,a_only,socialist
word2vec,1.0,neither,convictions
word2vec,0.996743381023407,neither,efficacy
word2vec,0.9948666095733643,shared,completion
word2vec,0.014372368343174458,neither,awaiting
word2vec,1.0,neither,leto
word2vec,0.9986557364463806,shared,mount
word2vec,0.014141550287604332,neither,wotton
word2vec,0.07401073724031448,neither,practised
word2vec,-0.0415947400033474,b_only,intolerable
word2vec,1.0000001192092896,a_only,overview
word2vec,1.0,a_only,molecule
word2vec,0.9999998807907104,neither,liddell
word2vec,1.0,neither,vertebra
word2vec,0.9590261578559875,shared,strike
word2vec,0.9168622493743896,shared,lightning
word2vec,0.9999999403953552,neither,selden
word2vec,1.0,neither,hypotheses
word2vec,0.9945279955863953,shared,harder
word2vec,1.0,neither,agrarianism
word2vec,1.0,a_only,tourism
word2vec,0.9874531030654907,shared,wives
word2vec,1.0,neither,ukraine
word2vec,0.9999999403953552,neither,mcdonald
word2vec,-0.01595091074705124,neither,revealing
word2vec,0.9894559979438782,shared,generosity
word2vec,1.0,a_only,ammonium
word2vec,-0.026503171771764755,neither,bothering
word2vec,1.0000001192092896,a_only,abacus
word2vec,0.953885018825531,shared,bend
word2vec,0.23539531230926514,b_only,muff
word2vec,0.973259449005127,shared,agitation
word2vec,1.0,neither,optional
word2vec,0.301783949136734,neither,doubly
word2vec,0.23259730637073517,neither,forfeit
word2vec,1.0000001192092896,a_only,popularity
word2vec,0.9979643821716309,shared,worlds
word2vec,0.9999999403953552,a_only,starts
word2vec,0.9999999403953552,neither,cds
word2vec,1.0,a_only,ankh
word2vec,0.9945155382156372,shared,region
word2vec,1.0000001192092896,a_only,adherents
word2vec,0.9956097602844238,shared,prevalent
word2vec,0.9891554117202759,shared,slave
word2vec,0.9999999403953552,a_only,wins
word2vec,0.9426923394203186,shared,colour
word2vec,1.0000001192092896,a_only,authoritarian
word2vec,0.9999999403953552,a_only,wisconsin
word2vec,1.0,neither,expounded
word2vec,1.0,a_only,firearms
word2vec,0.14863745868206024,neither,candy
word2vec,0.9805022478103638,shared,solid
word2vec,-0.027816319838166237,neither,boldly
word2vec,0.08294765651226044,neither,pained
word2vec,0.9982017278671265,shared,descending
word2vec,0.9999998807907104,neither,symposium
word2vec,0.041325006633996964,neither,dearer
word2vec,0.0441448837518692,neither,entailed
word2vec,0.8581011295318604,shared,girl
word2vec,0.9960471391677856,shared,amid
word2vec,1.0,neither,cong
word2vec,0.9882091283798218,shared,reasons
word2vec,0.9999999403953552,neither,mormonism
word2vec,0.1388688087463379,b_only,pier
word2vec,0.9999998807907104,a_only,skylab
word2vec,0.964576244354248,shared,reflections
word2vec,1.0,neither,achieving
word2vec,-0.065125972032547,b_only,disgrace
word2vec,1.0,neither,resins
word2vec,1.0,a_only,interface
word2vec,0.9921302795410156,shared,filed
word2vec,0.1211724504828453,neither,hearse
word2vec,1.0000001192092896,neither,deported
word2vec,0.20899337530136108,neither,warehouses
word2vec,0.9932441711425781,shared,consulted
word2vec,0.9997239708900452,shared,hampshire
word2vec,0.07069819420576096,b_only,bedroom
word2vec,0.017729487270116806,neither,deef
word2vec,0.9999999403953552,neither,sb
word2vec,-0.15038606524467468,b_only,hunsford
word2vec,0.07251717895269394,b_only,ole
word2vec,0.12121431529521942,neither,amounted
word2vec,0.9999999403953552,a_only,marcus
word2vec,0.9999999403953552,neither,trauma
word2vec,0.027599867433309555,neither,saucer
word2vec,1.0,a_only,assumption
word2vec,-0.006363405380398035,neither,sweeping
word2vec,0.9999998807907104,a_only,friedman
word2vec,1.0000001192092896,a_only,loyalty
word2vec,0.9983258247375488,shared,arts
word2vec,1.0,a_only,oxygen
word2vec,0.9919143319129944,shared,kicked
word2vec,0.9999998807907104,neither,hurricanes
word2vec,1.0,a_only,emma
word2vec,0.9999999403953552,neither,protostomes
word2vec,0.9906736016273499,shared,compared
word2vec,0.9701509475708008,shared,demanded
word2vec,0.9999999403953552,neither,cuar
word2vec,0.06896276026964188,neither,exert
word2vec,0.972055196762085,shared,flat
word2vec,0.12409370392560959,neither,regrets
word2vec,-0.026050623506307602,neither,realism
word2vec,0.7860288023948669,shared,can
word2vec,0.9468865394592285,shared,speech
word2vec,0.7401548624038696,shared,looking
word2vec,0.9956799745559692,shared,blinded
word2vec,0.08678212016820908,neither,stammered
word2vec,0.9857491254806519,shared,younger
word2vec,-0.07211191207170486,b_only,supper
word2vec,0.9999998807907104,a_only,astrology
word2vec,1.0,neither,pharaoh
word2vec,1.0,neither,unrest
word2vec,0.09467391669750214,neither,counters
word2vec,1.0,a_only,clark
word2vec,1.0000001192092896,neither,dissolve
word2vec,1.0,neither,icon
word2vec,0.9931871294975281,shared,endless
word2vec,0.765867292881012,shared,hare
word2vec,0.94610595703125,shared,exactly
word2vec,1.0,a_only,humans
word2vec,1.0,a_only,amide
word2vec,0.9994693398475647,shared,agency
word2vec,0.8918013572692871,shared,answered
word2vec,0.23641006648540497,neither,dangling
word2vec,0.9325546026229858,shared,broken
word2vec,-0.0471680648624897,neither,oddly
word2vec,1.0,a_only,comments
word2vec,1.0,neither,cole
word2vec,0.01039054337888956,neither,dissipate
word2vec,0.9072457551956177,shared,bound
word2vec,0.9999998807907104,a_only,prefix
word2vec,1.0000001192092896,a_only,ss
word2vec,1.0,a_only,vienna
word2vec,0.9914218783378601,shared,snapped
word2vec,1.0,neither,bel
word2vec,1.0,neither,hoc
word2vec,1.0,neither,scan
word2vec,0.18519701063632965,neither,plentiful
word2vec,0.9911724925041199,shared,unfortunately
word2vec,1.0,a_only,mead
word2vec,1.0000001192092896,neither,resigns
word2vec,1.0,neither,czechoslovakia
word2vec,1.0,a_only,demanding
word2vec,0.20534434914588928,b_only,gladness
word2vec,1.0000001192092896,a_only,essentially
word2vec,0.9951701164245605,shared,measures
word2vec,0.9965049028396606,shared,bodily
word2vec,0.9999999403953552,neither,menger
word2vec,0.9999999403953552,neither,preferences
word2vec,0.9999999403953552,a_only,fischer
word2vec,0.9999998807907104,neither,graduation
word2vec,1.0000001192092896,a_only,cartoon
word2vec,0.21033142507076263,neither,exertions
word2vec,0.10586860030889511,neither,apprehensions
word2vec,1.0000001192092896,neither,atrophy
word2vec,0.022455433383584023,neither,incessantly
word2vec,0.9999999403953552,a_only,novelists
word2vec,-0.055462099611759186,b_only,composure
word2vec,0.032172322273254395,b_only,forster
word2vec,0.993495762348175,shared,everlasting
word2vec,0.2798241376876831,neither,hauled
word2vec,-0.12672249972820282,neither,straying
word2vec,0.06362195312976837,neither,disadvantage
word2vec,1.0000001192092896,neither,depiction
word2vec,0.07559957355260849,neither,fainting
word2vec,0.1737367957830429,neither,picnic
word2vec,0.9999999403953552,neither,symphony
word2vec,0.8283616304397583,shared,too
word2vec,0.9910119771957397,shared,appears
word2vec,0.9999999403953552,a_only,antigua
word2vec,0.12594763934612274,neither,censure
word2vec,0.9848546385765076,shared,centre
word2vec,0.9979374408721924,shared,proportions
word2vec,-0.06215788051486015,neither,spirited
word2vec,0.9942112565040588,shared,prefer
word2vec,0.9974284172058105,shared,industry
word2vec,1.0,neither,induction
word2vec,0.1842152625322342,neither,interrupting
word2vec,0.9999999403953552,a_only,regional
word2vec,1.0000001192092896,a_only,png
word2vec,0.9999998807907104,a_only,exports
word2vec,0.9910557270050049,shared,luxury
word2vec,-0.050543393939733505,b_only,pathetic
word2vec,0.14078044891357422,b_only,lingering
word2vec,1.0000001192092896,neither,ravages
word2vec,0.9999999403953552,a_only,maryland
word2vec,-0.3259350061416626,b_only,stead
word2vec,0.9999998807907104,a_only,nominated
word2vec,0.1607424020767212,neither,condemn
word2vec,0.9875226020812988,shared,rail
word2vec,0.8387831449508667,shared,who
word2vec,0.9862509965896606,shared,ruined
word2vec,0.9901106357574463,shared,fools
word2vec,0.9913507699966431,shared,elephant
word2vec,1.0000001192092896,neither,banquet
word2vec,1.0,neither,literate
word2vec,1.0,neither,dolphins
word2vec,0.9999998807907104,neither,ignosticism
word2vec,0.9999998807907104,neither,sr
word2vec,0.9043987393379211,shared,show
word2vec,0.9918115139007568,shared,offensive
word2vec,0.9825452566146851,shared,colours
word2vec,1.0000001192092896,neither,probabilistic
word2vec,0.9588914513587952,shared,bees
word2vec,0.9929801821708679,shared,pattern
word2vec,0.9807724356651306,shared,cards
word2vec,0.09382479637861252,neither,insanity
word2vec,0.021494634449481964,b_only,rushed
word2vec,0.06789330393075943,neither,reins
word2vec,1.0,neither,whereby
word2vec,0.8735694885253906,shared,pride
word2vec,0.9607608914375305,shared,bore
word2vec,0.8541878461837769,shared,long
word2vec,0.9783939719200134,shared,considered
word2vec,0.22351054847240448,neither,tease
word2vec,1.0,a_only,massachusetts
word2vec,1.0,neither,transponder
word2vec,0.9937565326690674,shared,accepted
word2vec,1.0,neither,mileva
word2vec,0.9999998807907104,neither,stadler
word2vec,0.9867252707481384,shared,impressed
word2vec,1.0,neither,boatner
word2vec,0.9690642952919006,shared,forever
word2vec,0.9273833632469177,shared,ay
word2vec,-0.11744242906570435,neither,kean
word2vec,0.758301854133606,shared,house
word2vec,0.9937692284584045,shared,declared
word2vec,0.9877849817276001,shared,gardens
word2vec,1.0,neither,pherae
word2vec,0.9874565601348877,shared,attack
word2vec,0.8219075798988342,shared,through
word2vec,1.0,neither,heretics
word2vec,1.0000001192092896,neither,buddy
word2vec,0.002009232295677066,neither,sob
word2vec,0.9917266368865967,shared,garlic
word2vec,1.0,neither,electrically
word2vec,0.9597430229187012,shared,finding
word2vec,0.9999998807907104,a_only,reforms
word2vec,1.0000001192092896,a_only,androids
word2vec,1.0000001192092896,a_only,derivation
word2vec,1.0000001192092896,neither,bissau
word2vec,0.9999999403953552,neither,ape
word2vec,0.06893818825483322,neither,mourners
word2vec,0.11712069064378738,neither,fraught
word2vec,0.19691061973571777,neither,captive
word2vec,1.0,a_only,fascist
word2vec,0.9813883304595947,shared,pine
word2vec,0.9959402680397034,shared,frozen
word2vec,1.0000001192092896,neither,goa
word2vec,0.9706094264984131,shared,proper
word2vec,-0.05069514364004135,b_only,tremulous
word2vec,0.989446759223938,shared,whence
word2vec,1.0000001192092896,neither,erebus
word2vec,1.0000001192092896,neither,chloroform
word2vec,0.9999998807907104,neither,anatomic
word2vec,0.07771480083465576,neither,croquet
word2vec,0.9939184784889221,shared,musical
word2vec,0.9999999403953552,a_only,abbreviation
word2vec,0.9965822696685791,shared,reverse
word2vec,0.9980034232139587,shared,american
word2vec,1.0,neither,pejorative
word2vec,0.02035859227180481,b_only,candle
word2vec,0.14890216290950775,neither,theatrical
word2vec,0.9999998807907104,neither,latitudes
word2vec,0.9999999403953552,a_only,zambia
word2vec,1.0,neither,bans
word2vec,0.9858776926994324,shared,bull
word2vec,0.9929568767547607,shared,disturbing
word2vec,0.2378339022397995,neither,nough
word2vec,0.08715150505304337,b_only,peculiarly
word2vec,1.0,a_only,dependency
word2vec,1.0,a_only,brands
word2vec,1.0000001192092896,a_only,bonding
word2vec,1.0,neither,protozoa
word2vec,-0.0454401820898056,b_only,likes
word2vec,0.9999998807907104,neither,agaves
word2vec,1.0000001192092896,neither,burrow
word2vec,0.1135275587439537,neither,daybreak
word2vec,0.9342203140258789,shared,spirit
word2vec,0.8009210824966431,shared,his
word2vec,1.0000001192092896,neither,peripheral
word2vec,1.0,a_only,diacritics
word2vec,0.9999999403953552,neither,injection
word2vec,1.0,neither,suetonius
word2vec,1.0,neither,unesco
word2vec,-0.11405830085277557,neither,overlook
word2vec,1.0,neither,ezra
word2vec,-0.06689468026161194,b_only,cough
word2vec,0.9943385720252991,shared,occurrence
word2vec,1.0,neither,summers
word2vec,0.9975079894065857,shared,amusing
word2vec,0.096375972032547,neither,sorrowfully
word2vec,1.0,a_only,traveled
word2vec,1.0000001192092896,neither,alfheim
word2vec,1.0,neither,endeavor
word2vec,1.0,neither,vinyl
word2vec,0.11489668488502502,b_only,pleaded
word2vec,1.0000001192092896,a_only,conflicts
word2vec,0.9663830995559692,shared,heavens
word2vec,0.986281156539917,shared,preparation
word2vec,1.0,neither,penetrated
word2vec,0.9968844652175903,shared,cultivation
word2vec,1.0,a_only,internationally
word2vec,0.9956119060516357,shared,conducting
word2vec,0.9921507239341736,shared,denial
word2vec,1.0000001192092896,neither,drainage
word2vec,-0.04970301315188408,neither,grosvenor
word2vec,0.9644204378128052,shared,sinking
word2vec,-0.1560351699590683,b_only,gallantry
word2vec,1.0,a_only,corinth
word2vec,0.22599361836910248,neither,hark
word2vec,1.0000001192092896,a_only,constitute
word2vec,1.0,a_only,myth
word2vec,0.9620634317398071,shared,received
word2vec,1.0000001192092896,neither,animator
word2vec,0.9971978068351746,shared,carries
word2vec,0.9659678936004639,shared,trust
word2vec,0.9964296817779541,shared,submitted
word2vec,0.9976471066474915,shared,accuse
word2vec,1.0,neither,lambeth
word2vec,0.975302517414093,shared,romantic
word2vec,0.9069696068763733,shared,stop
word2vec,0.9946483969688416,shared,vigorous
word2vec,0.9939408898353577,shared,succeeding
word2vec,0.11345168948173523,b_only,clerks
word2vec,0.03295489400625229,neither,diseased
word2vec,0.0621044896543026,b_only,windibank
word2vec,1.0,neither,amazon
word2vec,0.9999998807907104,a_only,cl
word2vec,1.0,neither,lenin
word2vec,1.0,neither,incorporate
word2vec,0.8564072251319885,shared,cry
word2vec,0.07741108536720276,neither,lithe
word2vec,1.0,a_only,alkyl
word2vec,0.11006104946136475,neither,misgivings
word2vec,-0.06253260374069214,neither,thief
word2vec,1.0,a_only,recounts
word2vec,1.0,neither,undergraduate
word2vec,0.8690239191055298,shared,jonathan
word2vec,0.8914197087287903,shared,care
word2vec,0.9962234497070312,shared,testament
word2vec,0.9723907113075256,shared,serious
word2vec,0.9999999403953552,neither,bawerk
word2vec,1.0000001192092896,neither,columnist
word2vec,1.0,a_only,kg
word2vec,0.9999998807907104,a_only,reliable
word2vec,0.03864995390176773,b_only,hammer
word2vec,0.15635287761688232,b_only,stake
word2vec,0.9999998807907104,a_only,irrational
word2vec,-6.450393357226858e-06,neither,vigorously
word2vec,1.0,neither,astrologer
word2vec,0.9886466264724731,shared,confirmed
word2vec,1.0,a_only,computers
word2vec,1.0,a_only,prior
word2vec,0.9915772080421448,shared,asylum
word2vec,1.0,a_only,prevention
word2vec,0.9978759288787842,shared,device
word2vec,1.0,neither,naturalists
word2vec,0.9873068332672119,shared,ended
word2vec,1.0,neither,managers
word2vec,0.231693297624588,neither,bucket
word2vec,0.9999998807907104,a_only,strategies
word2vec,0.9999999403953552,neither,environmentalist
word2vec,0.9984465837478638,shared,increasing
word2vec,0.12191278487443924,neither,tate
word2vec,0.05903034284710884,neither,pesth
word2vec,0.9902644753456116,shared,whale
word2vec,0.11298178136348724,neither,overspread
word2vec,1.0,neither,atlases
word2vec,1.0,a_only,allied
word2vec,-0.0153538528829813,b_only,stricken
word2vec,0.9922245740890503,shared,respects
word2vec,1.0,a_only,terra
word2vec,1.0,neither,sigma
word2vec,0.9972078204154968,shared,purposes
word2vec,1.0000001192092896,neither,porta
word2vec,0.9509469866752625,shared,altogether
word2vec,0.005065870005637407,b_only,mast
word2vec,1.0,neither,addict
word2vec,0.1457986831665039,neither,atone
word2vec,0.9999998807907104,neither,zoroastrian
word2vec,0.13836133480072021,neither,leiter
word2vec,1.0,neither,tyrannical
word2vec,1.0,neither,consecrated
word2vec,1.0,neither,hepatitis
word2vec,0.10421223938465118,b_only,muffled
word2vec,0.9999998807907104,neither,archie
word2vec,-0.0002792040759231895,b_only,shoe
word2vec,1.0,neither,westwards
word2vec,0.10080841928720474,b_only,natured
word2vec,-0.06888075172901154,neither,uncles
word2vec,1.0000001192092896,neither,albuquerque
word2vec,1.0,neither,gall
word2vec,0.989162802696228,shared,rays
word2vec,0.8980804085731506,shared,sister
word2vec,1.0000001192092896,neither,maneuver
word2vec,0.06508566439151764,b_only,protectors
word2vec,0.13998733460903168,neither,flitted
word2vec,0.9972695112228394,shared,enraged
word2vec,0.08649896085262299,neither,slovak
word2vec,1.0000001192092896,a_only,supplies
word2vec,0.9971899390220642,shared,virgin
word2vec,0.9835586547851562,shared,whispers
word2vec,-0.02965802140533924,neither,fills
word2vec,-0.0014072743942961097,neither,nook
word2vec,0.980618417263031,shared,degrees
word2vec,1.0000001192092896,a_only,controls
word2vec,0.9848069548606873,shared,patriots
word2vec,0.9999998807907104,neither,gulfs
word2vec,-0.02732233703136444,b_only,cheek
word2vec,0.2595198154449463,neither,reared
word2vec,0.986107349395752,shared,bang
word2vec,0.9790407419204712,shared,language
word2vec,0.9996455311775208,shared,significant
word2vec,1.0000001192092896,a_only,aliens
word2vec,0.9967492818832397,shared,symptoms
word2vec,1.0,a_only,abugidas
word2vec,-0.1526343673467636,b_only,honoured
word2vec,0.9744423627853394,shared,apply
word2vec,1.0000001192092896,a_only,immune
word2vec,0.9987576007843018,shared,politics
word2vec,0.9852550029754639,shared,capable
word2vec,0.9986715316772461,shared,british
word2vec,0.994635820388794,shared,tax
word2vec,0.025501979514956474,neither,inspection
word2vec,1.0,neither,footnotes
word2vec,1.0,a_only,ren
word2vec,1.0,a_only,atheistic
word2vec,0.08517323434352875,neither,pans
word2vec,1.0,neither,nsa
word2vec,1.0000001192092896,a_only,domitius
word2vec,1.0,neither,multiplying
word2vec,0.044344592839479446,neither,scents
word2vec,1.0,a_only,christie
word2vec,0.997964084148407,shared,contemplation
word2vec,0.7721652984619141,shared,heart
word2vec,0.11672145128250122,neither,alighted
word2vec,0.9916907548904419,shared,match
word2vec,0.9999555945396423,shared,countess
word2vec,1.0,a_only,aegean
word2vec,0.12193041294813156,b_only,heaps
word2vec,0.9992245435714722,shared,vincent
word2vec,1.0,a_only,alabama
word2vec,0.18451490998268127,neither,gleams
word2vec,0.8910510540008545,shared,present
word2vec,0.9999999403953552,a_only,positions
word2vec,0.9999999403953552,neither,faa
word2vec,0.1438962072134018,neither,richer
word2vec,0.9999998807907104,neither,familia
word2vec,0.06969656050205231,b_only,chop
word2vec,0.996128261089325,shared,relatives
word2vec,1.0,a_only,hans
word2vec,1.0000001192092896,a_only,discrimination
word2vec,0.007671813014894724,neither,rumbling
word2vec,1.0,neither,refining
word2vec,-0.050880029797554016,neither,abject
word2vec,0.08391652256250381,neither,cosy
word2vec,0.06128671020269394,b_only,compassion
word2vec,0.9999998807907104,neither,isa
word2vec,0.9989866018295288,shared,questionable
word2vec,0.9886072278022766,shared,inspiration
word2vec,0.009751028381288052,b_only,uz
word2vec,1.0,neither,norwich
word2vec,1.0000001192092896,neither,trevor
word2vec,0.9505118727684021,shared,witness
word2vec,0.9999999403953552,neither,antilles
word2vec,0.9999998807907104,a_only,sparta
word2vec,1.0,neither,electrolysis
word2vec,-0.13665586709976196,b_only,twas
word2vec,1.0,a_only,prototype
word2vec,1.0,neither,perforation
word2vec,0.9835581183433533,shared,bee
word2vec,0.9920763969421387,shared,valuable
word2vec,1.0,neither,gatherers
word2vec,1.0,neither,wickets
word2vec,0.9999999403953552,neither,gnaeus
word2vec,0.7967538833618164,shared,looked
word2vec,1.0,neither,modes
word2vec,-0.07597815245389938,b_only,clad
word2vec,0.9999999403953552,a_only,charter
word2vec,0.9406986832618713,shared,project
word2vec,1.0000001192092896,a_only,maintains
word2vec,1.0,neither,predator
word2vec,0.083078533411026,neither,coats
word2vec,1.0000001192092896,neither,leanings
word2vec,0.24782615900039673,neither,impulsively
word2vec,1.0,a_only,merged
word2vec,0.06381998211145401,neither,impertinent
word2vec,1.0,a_only,database
word2vec,0.9999999403953552,neither,switching
word2vec,1.0,a_only,ajax
word2vec,0.9999999403953552,neither,collegiate
word2vec,0.12251254916191101,neither,sweeps
word2vec,0.9815530776977539,shared,pronounced
word2vec,1.0,a_only,clinton
word2vec,0.9999998807907104,neither,eschatological
word2vec,1.0000001192092896,neither,emphasized
word2vec,0.21504928171634674,b_only,nicely
word2vec,-0.04025155305862427,neither,rouse
word2vec,0.9999999403953552,neither,flexible
word2vec,0.23818078637123108,neither,pins
word2vec,0.9952802658081055,shared,ranged
word2vec,1.0,a_only,doctrine
word2vec,0.7170997262001038,shared,face
word2vec,0.056326985359191895,b_only,pictured
word2vec,0.15422025322914124,neither,hogshead
word2vec,1.0,a_only,involvement
word2vec,0.9999999403953552,neither,factional
word2vec,0.023063573986291885,neither,dunlap
word2vec,0.03052842803299427,neither,hating
word2vec,0.9836713671684265,shared,immediate
word2vec,1.0000001192092896,neither,edicts
word2vec,0.14909692108631134,neither,footing
word2vec,0.08499881625175476,b_only,longbourn
word2vec,0.9999998807907104,neither,switched
word2vec,0.9029010534286499,shared,ten
word2vec,1.0,a_only,taggart
word2vec,-0.14209643006324768,neither,respectful
word2vec,0.20265860855579376,neither,malignity
word2vec,1.0000001192092896,neither,intercession
word2vec,1.0,a_only,monarch
word2vec,0.1532726287841797,neither,thieves
word2vec,0.967408299446106,shared,party
word2vec,0.9966484904289246,shared,celebrated
word2vec,0.9690427184104919,shared,especially
word2vec,1.0000001192092896,a_only,trinity
word2vec,1.0,a_only,pyramid
word2vec,1.0,neither,gershwin
word2vec,1.0,neither,honorius
word2vec,1.0,a_only,governors
word2vec,0.9636417031288147,shared,desert
word2vec,1.0,a_only,facial
word2vec,0.9848257899284363,shared,trick
word2vec,0.01590079814195633,neither,wring
word2vec,0.8031096458435059,shared,while
word2vec,1.0,a_only,namely
word2vec,1.0,a_only,integer
word2vec,1.0,neither,creditors
word2vec,0.9972279071807861,shared,reveals
word2vec,0.9999998807907104,neither,zuider
word2vec,1.0000001192092896,neither,ju
word2vec,-0.07972823083400726,b_only,cavern
word2vec,0.10055671632289886,neither,orchids
word2vec,1.0,neither,raced
word2vec,0.987847626209259,shared,exact
word2vec,0.9999999403953552,a_only,lands
word2vec,1.0,neither,grade
word2vec,0.9872270822525024,shared,b
word2vec,0.9999998807907104,a_only,monuments
word2vec,-0.054249972105026245,b_only,fro
word2vec,0.9973953366279602,shared,confirmation
word2vec,0.9844958782196045,shared,elevated
word2vec,0.9787693023681641,shared,branch
word2vec,0.12780745327472687,neither,polluted
word2vec,1.0,a_only,fossil
word2vec,0.98988276720047,shared,echo
word2vec,1.0,neither,download
word2vec,0.9999999403953552,neither,prefers
word2vec,0.9127492904663086,shared,nor
word2vec,0.867191731929779,shared,many
word2vec,1.0,neither,goth
word2vec,0.19817015528678894,neither,skipped
word2vec,1.0,neither,hydrophobic
word2vec,1.0,neither,moroccan
word2vec,0.2134108692407608,neither,repaid
word2vec,1.0,neither,stereotyped
word2vec,0.2610034942626953,neither,breckinridge
word2vec,1.0,neither,indirectly
word2vec,1.0,neither,albany
word2vec,1.0000001192092896,a_only,priscus
word2vec,0.09300349652767181,neither,gravesend
word2vec,0.9979757070541382,shared,earned
word2vec,0.9572953581809998,shared,leaving
word2vec,0.9644851684570312,shared,rage
word2vec,1.0000001192092896,a_only,qutb
word2vec,0.1645163893699646,b_only,sternly
word2vec,1.0,neither,proline
word2vec,0.975382387638092,shared,band
word2vec,0.9999998807907104,neither,psi
word2vec,0.9880868196487427,shared,roots
word2vec,0.9999999403953552,neither,subscribers
word2vec,1.0,neither,challenged
word2vec,1.0000001192092896,a_only,portugal
word2vec,0.9827052354812622,shared,foe
word2vec,0.9999999403953552,a_only,basic
word2vec,0.9999999403953552,neither,positioning
word2vec,0.9865441918373108,shared,fiercely
word2vec,0.9926527738571167,shared,petersburg
word2vec,0.9999998807907104,neither,amphibian
word2vec,0.9957886338233948,shared,prevailed
word2vec,1.0,neither,shortages
word2vec,1.0000001192092896,neither,rhapsody
word2vec,0.13261310756206512,b_only,keeper
word2vec,0.9873685240745544,shared,angels
word2vec,0.05622602999210358,neither,dogged
word2vec,1.0000001192092896,neither,emmy
word2vec,0.030700476840138435,b_only,worry
word2vec,0.23184214532375336,neither,languidly
word2vec,1.0,neither,inversion
word2vec,-0.036009203642606735,b_only,armchair
word2vec,1.0000001192092896,a_only,badge
word2vec,1.0,neither,abolitionist
word2vec,0.9927164912223816,neither,tragedies
word2vec,0.9896574020385742,shared,absurd
word2vec,0.9436415433883667,shared,sky
word2vec,0.9921634793281555,shared,model
word2vec,0.9999998807907104,a_only,dominican
word2vec,0.9573050141334534,shared,proceeded
word2vec,0.9985587000846863,shared,sovereign
word2vec,1.0,a_only,dirac
word2vec,1.0,neither,aw
word2vec,-0.16780391335487366,neither,ascertained
word2vec,1.0,a_only,anschluss
word2vec,0.9360653162002563,shared,nonsense
word2vec,0.9919407963752747,shared,stephen
word2vec,0.9591875672340393,shared,excellent
word2vec,0.8498026132583618,shared,rest
word2vec,0.9999999403953552,a_only,therapy
word2vec,1.0,neither,contracts
word2vec,0.11381836980581284,b_only,ashamed
word2vec,0.7178680300712585,shared,michael
word2vec,1.0000001192092896,neither,parameters
word2vec,0.996753990650177,shared,villain
word2vec,1.0,neither,dwight
word2vec,1.0000001192092896,a_only,willard
word2vec,0.956794261932373,shared,credit
word2vec,1.0000001192092896,neither,communal
word2vec,0.941184401512146,shared,least
word2vec,1.0,neither,para
word2vec,0.9295787811279297,shared,during
word2vec,0.9999998807907104,neither,northeastern
word2vec,0.9912715554237366,shared,park
word2vec,1.0,a_only,fuel
word2vec,1.0000001192092896,a_only,rebellion
word2vec,0.9967275857925415,shared,lungs
word2vec,0.05711063742637634,neither,imitate
word2vec,1.0000001192092896,neither,centrally
word2vec,1.0,a_only,abwehr
word2vec,0.9857173562049866,shared,determination
word2vec,-0.022411903366446495,b_only,kindness
word2vec,0.027975380420684814,neither,brooch
word2vec,1.0,neither,mossad
word2vec,0.11129511892795563,neither,hoss
word2vec,1.0000001192092896,a_only,byzantine
word2vec,1.0,a_only,portuguese
word2vec,0.13716910779476166,neither,penny
word2vec,0.9548129439353943,shared,affection
word2vec,1.0,neither,platonic
word2vec,1.0,neither,jurassic
word2vec,0.05687960982322693,b_only,knee
word2vec,0.8956894278526306,shared,clear
word2vec,0.9999999403953552,neither,sequel
word2vec,1.0,a_only,negation
word2vec,1.0,neither,patagonia
word2vec,1.0,a_only,abdominal
word2vec,1.0000001192092896,neither,themed
word2vec,0.16279450058937073,neither,leisurely
word2vec,0.8548690676689148,shared,low
word2vec,0.9999998807907104,a_only,oscar
word2vec,-0.17415611445903778,b_only,cruncher
word2vec,1.0,a_only,medal
word2vec,1.0000001192092896,neither,kuwait
word2vec,0.9888760447502136,shared,refuge
word2vec,1.0,neither,dwellings
word2vec,1.0,a_only,albatrosses
word2vec,1.0,a_only,differs
word2vec,0.9999998807907104,neither,automotive
word2vec,0.9052469730377197,shared,bent
word2vec,1.0,neither,noah
word2vec,1.0000001192092896,a_only,astronomer
word2vec,1.0000001192092896,neither,households
word2vec,0.2120640128850937,b_only,nigh
word2vec,0.9999998807907104,neither,bosch
word2vec,0.1717153936624527,neither,messrs
word2vec,1.0,a_only,hong
word2vec,0.9999998807907104,a_only,clarke
word2vec,1.0000001192092896,neither,downs
word2vec,0.9920002818107605,shared,follows
word2vec,0.9906601905822754,shared,educated
word2vec,0.9999999403953552,neither,marxist
word2vec,0.9888641238212585,shared,fled
word2vec,-0.20254993438720703,b_only,tolerably
word2vec,0.9824026823043823,shared,missing
word2vec,1.0,neither,leiden
word2vec,0.998532772064209,shared,alternative
word2vec,1.0,a_only,microscopic
word2vec,0.9999998807907104,neither,andorran
word2vec,0.9874016642570496,shared,constant
word2vec,0.9148766398429871,shared,conversation
word2vec,0.9999998807907104,a_only,nietzsche
word2vec,0.24991148710250854,neither,smollet
word2vec,0.9559868574142456,shared,swimming
word2vec,1.0,a_only,bernard
word2vec,0.24040260910987854,b_only,nuther
word2vec,1.0,neither,cgt
word2vec,0.19894622266292572,neither,bathed
word2vec,0.9999998807907104,neither,adopts
word2vec,1.0,a_only,diameter
word2vec,-0.07552303373813629,neither,gaspard
word2vec,0.010351485572755337,neither,cordial
word2vec,0.977366030216217,shared,digging
word2vec,-0.08595611900091171,neither,mare
word2vec,1.0,a_only,succeeds
word2vec,0.13141243159770966,b_only,undertaker
word2vec,0.03695853054523468,b_only,lily
word2vec,1.0,a_only,semantics
word2vec,1.0000001192092896,a_only,secular
word2vec,1.0,neither,hor
word2vec,0.04431801661849022,b_only,cautiously
word2vec,1.0000001192092896,neither,detection
word2vec,0.9910426139831543,shared,displayed
word2vec,1.0,neither,edmond
word2vec,0.996926486492157,shared,removing
word2vec,0.08495110273361206,b_only,sticking
word2vec,1.0000001192092896,a_only,raymond
word2vec,0.9871835708618164,shared,opera
word2vec,1.0,a_only,samoan
word2vec,0.9587790369987488,shared,difference
word2vec,-0.006024790462106466,b_only,bout
word2vec,0.9991906881332397,shared,tallest
word2vec,1.0,neither,nutrients
word2vec,0.18488222360610962,neither,kukri
word2vec,0.9858386516571045,shared,happens
word2vec,0.9999998807907104,neither,insoluble
word2vec,0.7094852328300476,shared,presently
word2vec,1.0,neither,penetrating
word2vec,0.9962533712387085,shared,title
word2vec,1.0,a_only,proton
word2vec,1.0,neither,tyrol
word2vec,0.951484739780426,shared,clouds
word2vec,0.9999999403953552,a_only,sa
word2vec,0.7722784280776978,shared,night
word2vec,1.0,neither,gunpowder
word2vec,1.0,neither,seleucid
word2vec,0.9905651807785034,shared,reveal
word2vec,0.07454518228769302,neither,blubbering
word2vec,1.0,neither,readings
word2vec,0.9862740635871887,shared,firmly
word2vec,0.9865584969520569,shared,knot
word2vec,0.9999999403953552,a_only,canonical
word2vec,1.0,a_only,enters
word2vec,1.0,a_only,anarchy
word2vec,0.9789564609527588,shared,undertaking
word2vec,-0.012126808986067772,neither,vinegar
word2vec,1.0,neither,cbs
word2vec,1.0,neither,redgrave
word2vec,0.1626228541135788,neither,fagged
word2vec,-0.0027646247763186693,neither,hollered
word2vec,1.0,a_only,crater
word2vec,1.0000001192092896,a_only,automatic
word2vec,1.0,a_only,ashoka
word2vec,0.990370512008667,shared,destination
word2vec,1.0,neither,culminating
word2vec,0.9674727320671082,shared,propose
word2vec,0.08850740641355515,neither,speedy
word2vec,1.0000001192092896,a_only,communist
word2vec,0.9999999403953552,a_only,ron
word2vec,1.0,neither,anthology
word2vec,1.0,a_only,mcclellan
word2vec,1.0,a_only,czech
word2vec,1.0000001192092896,neither,plight
word2vec,0.989463746547699,shared,provisions
word2vec,1.0,neither,torah
word2vec,1.0,neither,luis
word2vec,1.0000001192092896,neither,acidity
word2vec,0.13321690261363983,b_only,daresay
word2vec,0.08962559700012207,neither,propriety
word2vec,0.1343504786491394,neither,wisely
word2vec,1.0,a_only,bayer
word2vec,0.9940419793128967,shared,performed
word2vec,0.9250043034553528,shared,follow
word2vec,0.9654443264007568,shared,move
word2vec,1.0,a_only,transfer
word2vec,1.0,a_only,newton
word2vec,1.0000001192092896,neither,lambar
word2vec,-0.009097374975681305,neither,cynicism
word2vec,0.9999998807907104,neither,typed
word2vec,1.0,neither,flooded
word2vec,0.12197144329547882,neither,jura
word2vec,1.0,neither,karen
word2vec,-0.10986210405826569,neither,fists
word2vec,0.9495536684989929,shared,crowd
word2vec,-0.11306329816579819,b_only,drowned
word2vec,1.0,a_only,aquarii
word2vec,0.19402150809764862,b_only,helpless
word2vec,0.16039526462554932,b_only,astonished
word2vec,0.9864818453788757,shared,emotions
word2vec,1.0000001192092896,neither,libya
word2vec,0.9999998807907104,a_only,communists
word2vec,-0.050330404192209244,b_only,spectacles
word2vec,0.16769002377986908,neither,apron
word2vec,0.03634912893176079,neither,needless
word2vec,1.0,neither,compiler
word2vec,0.05253596976399422,neither,sway
word2vec,1.0,neither,broadcasts
word2vec,0.09814377874135971,neither,xxvii
word2vec,1.0,neither,cricketer
word2vec,1.0000001192092896,neither,isabel
word2vec,1.0,a_only,remedies
word2vec,1.0,a_only,patrick
word2vec,-0.16501596570014954,b_only,uneasy
word2vec,0.03702150657773018,b_only,boots
word2vec,0.9886236786842346,shared,induce
word2vec,0.9813223481178284,shared,entering
word2vec,0.9923215508460999,shared,chaos
word2vec,0.8870965242385864,shared,gutenberg
word2vec,1.0,neither,sterile
word2vec,0.9847908616065979,shared,hail
word2vec,0.054808467626571655,neither,nohow
word2vec,1.0000001192092896,neither,pierce
word2vec,1.0,neither,morse
word2vec,1.0,a_only,quantities
word2vec,0.05629843473434448,neither,ulster
word2vec,0.9999999403953552,neither,reilly
word2vec,1.0000001192092896,a_only,excluded
word2vec,0.13519124686717987,b_only,lid
word2vec,1.0,neither,faber
word2vec,1.0,neither,poles
word2vec,1.0,neither,tischendorf
word2vec,0.9995033144950867,shared,alliance
word2vec,0.9999998807907104,neither,unlimited
word2vec,0.816964864730835,shared,basil
word2vec,0.9999998807907104,a_only,surgery
word2vec,0.9999999403953552,neither,tributaries
word2vec,0.9947601556777954,shared,threats
word2vec,0.9944577217102051,shared,velvet
word2vec,1.0000001192092896,neither,deciding
word2vec,1.0000001192092896,neither,liturgy
word2vec,0.997596800327301,shared,muscles
word2vec,0.2151038497686386,b_only,steal
word2vec,0.9630962610244751,shared,citizen
word2vec,0.19449570775032043,neither,knots
word2vec,0.03532303869724274,neither,smote
word2vec,1.0,neither,unrounded
word2vec,0.9916383028030396,shared,consequently
word2vec,1.0,a_only,geographical
word2vec,1.0,neither,airborne
word2vec,0.1567593812942505,b_only,invite
word2vec,0.9905022978782654,shared,cease
word2vec,0.9999998807907104,neither,proponent
word2vec,0.9646034240722656,shared,lonely
word2vec,0.04801423102617264,neither,indulged
word2vec,1.0000001192092896,a_only,nicolas
word2vec,0.11070225387811661,b_only,crawled
word2vec,1.0000001192092896,neither,cameo
word2vec,0.9974654912948608,shared,throughout
word2vec,1.0,a_only,aromatic
word2vec,1.0,neither,legality
word2vec,1.0,a_only,athena
word2vec,1.0,neither,versailles
word2vec,1.0,neither,collaborators
word2vec,1.0,neither,costa
word2vec,1.0,neither,celebrity
word2vec,0.9999999403953552,a_only,listed
word2vec,1.0,a_only,expelled
word2vec,1.0000001192092896,a_only,pueblo
word2vec,0.06335844844579697,b_only,shame
word2vec,0.9999999403953552,neither,rudolf
word2vec,0.04012925922870636,neither,flaring
word2vec,0.9990348815917969,shared,erected
word2vec,0.9803356528282166,shared,bills
word2vec,0.9558113217353821,shared,lived
word2vec,1.0,neither,researcher
word2vec,1.0,neither,schwartz
word2vec,1.0,neither,synonymous
word2vec,0.0040543703362345695,neither,doll
word2vec,0.9999998807907104,a_only,rifle
word2vec,-0.036328352987766266,b_only,cooked
word2vec,1.0,neither,deke
word2vec,1.0,a_only,agamemnon
word2vec,0.04226899519562721,neither,remonstrated
word2vec,0.9392486810684204,shared,killed
word2vec,1.0,a_only,director
word2vec,0.9970517158508301,shared,western
word2vec,0.9882822036743164,shared,illness
word2vec,1.0,a_only,coordination
word2vec,0.106201171875,neither,irritation
word2vec,0.9997009038925171,shared,anne
word2vec,0.8654865622520447,shared,any
word2vec,0.9848166108131409,shared,receive
word2vec,1.0000001192092896,a_only,barbuda
word2vec,0.9933364391326904,shared,pit
word2vec,1.0,a_only,paintings
word2vec,1.0000001192092896,neither,ns
word2vec,0.9963318705558777,neither,suppress
word2vec,0.9488878846168518,shared,easily
word2vec,1.0000001192092896,a_only,computer
word2vec,0.9814811944961548,shared,drive
word2vec,0.9948393106460571,shared,everyone
word2vec,1.0000001192092896,a_only,organisms
word2vec,0.9999999403953552,a_only,variance
word2vec,0.07058870047330856,b_only,forgetting
word2vec,0.9640999436378479,shared,gathered
word2vec,1.0,a_only,mol
word2vec,0.10019844770431519,neither,hamlet
word2vec,0.932374119758606,shared,pose
word2vec,0.9731999635696411,shared,advice
word2vec,-0.10515554994344711,b_only,paddled
word2vec,0.99626624584198,shared,effects
word2vec,0.909190833568573,shared,appeared
word2vec,0.9921592473983765,shared,topic
word2vec,1.0,neither,solstice
word2vec,1.0000001192092896,neither,cartographer
word2vec,0.9980322122573853,shared,combination
word2vec,0.988460123538971,shared,representing
word2vec,0.025175010785460472,b_only,spies
word2vec,0.9999998807907104,neither,marsyas
word2vec,0.9965921640396118,shared,abrupt
word2vec,0.9999998807907104,neither,upheld
word2vec,1.0,neither,payments
word2vec,1.0000001192092896,neither,erich
word2vec,0.9853232502937317,shared,lowered
word2vec,0.09428466111421585,b_only,whisky
word2vec,0.2054121345281601,neither,assuring
word2vec,1.0000001192092896,neither,lobito
word2vec,0.9994595646858215,shared,survived
word2vec,0.906647801399231,shared,clothes
word2vec,1.0,a_only,victorious
word2vec,-0.06391654163599014,neither,oop
word2vec,0.9754858613014221,shared,message
word2vec,0.9679793119430542,shared,quarter
word2vec,1.0000001192092896,a_only,lifetime
word2vec,0.9999999403953552,neither,dojos
word2vec,1.0000001192092896,neither,bombs
word2vec,0.1921229511499405,b_only,fireplace
word2vec,1.0,a_only,augusta
word2vec,0.9999998807907104,neither,metamorphosis
word2vec,1.0,a_only,assignment
word2vec,0.9904862642288208,shared,warmer
word2vec,1.0,a_only,automobile
word2vec,-0.03975965082645416,b_only,heap
word2vec,1.0000001192092896,neither,formats
word2vec,0.989121675491333,shared,salt
word2vec,0.9353176951408386,shared,opinion
word2vec,1.0,neither,regnum
word2vec,1.0,neither,hemp
word2vec,0.9968238472938538,shared,amazing
word2vec,0.09312460571527481,neither,xxxiv
word2vec,0.9988248348236084,shared,psychological
word2vec,0.8282989859580994,shared,would
word2vec,1.0,neither,airship
word2vec,0.9663593173027039,shared,brain
word2vec,1.0,neither,supervised
word2vec,0.047705791890621185,b_only,stole
word2vec,0.9204602241516113,shared,repeated
word2vec,0.9960230588912964,shared,customary
word2vec,-0.012790549546480179,neither,angelic
word2vec,0.8860123753547668,shared,water
word2vec,1.0,neither,reorganized
word2vec,1.0,neither,outcomes
word2vec,-0.028185874223709106,neither,hatta
word2vec,1.0000001192092896,neither,finishes
word2vec,0.9480118155479431,shared,possibly
word2vec,0.06309674680233002,neither,nimble
word2vec,0.9900912046432495,shared,type
word2vec,0.9997928738594055,shared,competition
word2vec,0.9786194562911987,shared,failure
word2vec,0.20504839718341827,b_only,lagoon
word2vec,0.8827992081642151,shared,asked
word2vec,0.9984927773475647,shared,random
word2vec,1.0,a_only,semitism
word2vec,1.0,neither,agis
word2vec,1.0,a_only,gen
word2vec,1.0,neither,torrens
word2vec,0.23415395617485046,neither,joker
word2vec,-0.008055237121880054,neither,quaint
word2vec,1.0,neither,ceremonial
word2vec,0.9999998807907104,neither,alarms
word2vec,0.07553242146968842,b_only,anguish
word2vec,1.0,neither,princeps
word2vec,0.1515079289674759,b_only,dreaming
word2vec,0.11362108588218689,neither,wondrous
word2vec,0.25048261880874634,b_only,vacant
word2vec,0.9995492100715637,shared,officials
word2vec,1.0000001192092896,neither,autonomy
word2vec,0.9999999403953552,neither,sue
word2vec,1.0,neither,competent
word2vec,1.0,neither,lineman
word2vec,0.9759081602096558,shared,ha
word2vec,0.9762160181999207,shared,arose
word2vec,1.0000001192092896,a_only,combustion
word2vec,0.9999999403953552,a_only,lovell
word2vec,0.9877343773841858,shared,gain
word2vec,1.0,neither,prohibition
word2vec,0.1201024055480957,neither,mercies
word2vec,-0.1618187427520752,b_only,traps
word2vec,0.9613663554191589,shared,mostly
word2vec,0.9837475419044495,shared,arches
word2vec,1.0,neither,fathoms
word2vec,0.18578748404979706,b_only,clair
word2vec,1.0,neither,antiochus
word2vec,1.0,neither,fugitive
word2vec,1.0000001192092896,a_only,negligible
word2vec,0.991012454032898,shared,partner
word2vec,1.0,neither,ssp
word2vec,0.8876100778579712,shared,em
word2vec,1.0000001192092896,neither,norfolk
word2vec,0.9943352937698364,shared,rests
word2vec,0.08398191630840302,b_only,waving
word2vec,0.0815095454454422,b_only,climbing
word2vec,-0.10600404441356659,neither,fiendish
word2vec,0.9662191271781921,shared,aid
word2vec,0.9954384565353394,shared,religion
word2vec,0.12158624827861786,neither,quartering
word2vec,0.9768180847167969,shared,humour
word2vec,0.06993100047111511,neither,deceit
word2vec,1.0000001192092896,a_only,jules
word2vec,1.0000001192092896,neither,understands
word2vec,1.0,a_only,probe
word2vec,0.9897254705429077,shared,backward
word2vec,0.9999999403953552,neither,judith
word2vec,1.0000001192092896,neither,demian
word2vec,0.9723271727561951,shared,bought
word2vec,1.0,neither,hindi
word2vec,1.0,neither,cuts
word2vec,0.9858311414718628,shared,fascination
word2vec,1.0000001192092896,neither,predecessor
word2vec,1.0000001192092896,neither,logrus
word2vec,0.24585114419460297,b_only,brushed
word2vec,0.9999999403953552,neither,weekend
word2vec,1.0,neither,obituary
word2vec,1.0,neither,recast
word2vec,0.9598116278648376,shared,sea
word2vec,0.171489879488945,b_only,melancholy
word2vec,0.05760066211223602,neither,indulge
word2vec,0.09744079411029816,b_only,thread
word2vec,1.0000001192092896,a_only,cambridge
word2vec,1.0000001192092896,neither,calculators
word2vec,1.0000001192092896,a_only,classical
word2vec,0.9999999403953552,a_only,formulated
word2vec,1.0,neither,embassies
word2vec,0.2243299037218094,neither,knuckles
word2vec,1.0000001192092896,neither,considers
word2vec,1.0,neither,ars
word2vec,0.08327113837003708,neither,clasp
word2vec,-0.03440834581851959,neither,postmaster
word2vec,0.9964258074760437,shared,named
word2vec,1.0000001192092896,a_only,karabakh
word2vec,0.06584381312131882,neither,environs
word2vec,0.11522257328033447,b_only,exultation
word2vec,0.9628138542175293,shared,needles
word2vec,1.0,neither,ari
word2vec,0.053060028702020645,neither,coward
word2vec,0.9999999403953552,neither,senegal
word2vec,0.9653186798095703,shared,preacher
word2vec,0.9999998807907104,a_only,procedures
word2vec,1.0,neither,naci
word2vec,0.02672063186764717,neither,tasted
word2vec,0.12316816300153732,neither,poignant
word2vec,0.9659834504127502,shared,drop
word2vec,-0.04527886211872101,neither,delirium
word2vec,1.0,a_only,primary
word2vec,0.9999998807907104,neither,ecological
word2vec,0.12292918562889099,neither,expanse
word2vec,0.1373714804649353,b_only,depended
word2vec,0.9756007790565491,shared,pen
word2vec,1.0,a_only,keyboards
word2vec,-0.035882413387298584,neither,piteous
word2vec,1.0,neither,leukemia
word2vec,0.11582835763692856,b_only,dashed
word2vec,0.9976760745048523,shared,perception
word2vec,1.0,neither,sk
word2vec,0.18551194667816162,neither,taller
word2vec,0.999163806438446,shared,dependence
word2vec,1.0,a_only,ottoman
word2vec,0.9838001132011414,shared,gesture
word2vec,1.0000001192092896,a_only,das
word2vec,0.9980509877204895,neither,discharged
word2vec,-0.10480441153049469,neither,bein
word2vec,0.9902030229568481,shared,newspapers
word2vec,0.9444860816001892,shared,mail
word2vec,1.0,neither,yougov
word2vec,0.9999999403953552,a_only,conventions
word2vec,1.0000001192092896,a_only,agreements
word2vec,0.04486083984375,neither,rum
word2vec,0.9953504800796509,shared,control
word2vec,0.9999998807907104,neither,ripe
word2vec,0.8690140843391418,shared,their
word2vec,1.0,a_only,technological
word2vec,0.9081775546073914,shared,hall
word2vec,1.0000001192092896,a_only,complicated
word2vec,0.9999998807907104,neither,archaeal
word2vec,1.0000001192092896,neither,vaccine
word2vec,0.18355578184127808,neither,huskily
word2vec,-0.04188448190689087,b_only,swear
word2vec,1.0,neither,networking
word2vec,0.9349920153617859,shared,peace
word2vec,1.0,neither,brokeback
word2vec,0.9999998807907104,neither,automatically
word2vec,0.9899922609329224,shared,mankind
word2vec,1.0,neither,pbs
word2vec,-0.03361735865473747,neither,folds
word2vec,0.9461111426353455,shared,common
word2vec,0.9560880064964294,shared,looks
word2vec,1.0,a_only,conspiracy
word2vec,0.08070524781942368,b_only,recollections
word2vec,0.991055428981781,shared,violence
word2vec,0.731873095035553,shared,voice
word2vec,0.998375415802002,shared,background
word2vec,0.9999999403953552,a_only,asa
word2vec,1.0,neither,eleanor
word2vec,1.0,a_only,contributing
word2vec,0.9758050441741943,shared,fifty
word2vec,-0.18043252825737,b_only,swords
word2vec,0.9999999403953552,neither,ambassador
word2vec,0.9999999403953552,a_only,prominent
word2vec,0.9915307760238647,shared,tent
word2vec,-0.1250324845314026,b_only,breathless
word2vec,0.0458972230553627,neither,deem
word2vec,0.9999999403953552,neither,webelements
word2vec,0.9899985790252686,shared,stolen
word2vec,1.0,a_only,pennsylvania
word2vec,-0.05852484330534935,b_only,dear
word2vec,0.9978386163711548,shared,italy
word2vec,-0.08797982335090637,neither,livery
word2vec,0.9790991544723511,shared,rapidly
word2vec,1.0000001192092896,neither,curtius
word2vec,0.6105784773826599,shared,now
word2vec,0.9845730662345886,shared,poverty
word2vec,0.9999999403953552,a_only,ancestry
word2vec,1.0000001192092896,a_only,taxonomy
word2vec,0.9960265159606934,shared,prophetic
word2vec,1.0,neither,reproduce
word2vec,1.0,neither,amerikkka
word2vec,-0.041906457394361496,neither,idiotic
word2vec,0.9969677329063416,shared,testimony
word2vec,0.9999999403953552,neither,barclay
word2vec,0.9999999403953552,neither,eel
word2vec,1.0,a_only,superficial
word2vec,-0.0456867478787899,b_only,spoon
word2vec,0.9221736192703247,shared,power
word2vec,0.9921266436576843,shared,bullets
word2vec,0.0012534393463283777,neither,unparalleled
word2vec,1.0000001192092896,a_only,projects
word2vec,0.984610378742218,shared,secure
word2vec,1.0,neither,printable
word2vec,1.0,neither,exiles
word2vec,1.0,a_only,votes
word2vec,0.9953859448432922,shared,cliffs
word2vec,0.042417675256729126,neither,sighs
word2vec,0.8002996444702148,shared,man
word2vec,1.0,a_only,quattro
word2vec,0.9734618067741394,shared,stones
word2vec,0.993843138217926,shared,sentiments
word2vec,-0.10701513290405273,b_only,folks
word2vec,0.01871638558804989,b_only,utter
word2vec,0.9985470175743103,shared,rocket
word2vec,1.0,a_only,soluble
word2vec,1.0000001192092896,neither,extensions
word2vec,0.9934712052345276,shared,benefit
word2vec,1.0,a_only,marking
word2vec,0.16507555544376373,neither,sanguine
word2vec,0.945696234703064,shared,shelf
word2vec,0.9688823223114014,shared,clever
word2vec,-0.12391109019517899,neither,heaved
word2vec,1.0000001192092896,neither,actaeon
word2vec,1.0,neither,sura
word2vec,0.9911133050918579,shared,principally
word2vec,1.0,a_only,andr
word2vec,0.10545993596315384,neither,perspiration
word2vec,0.9821569323539734,shared,apparently
word2vec,0.9999999403953552,neither,copeland
word2vec,1.0,neither,margrave
word2vec,0.9999998807907104,neither,paradigms
word2vec,0.2952178120613098,neither,accomplishment
word2vec,1.0000001192092896,neither,exploitation
word2vec,-0.14564508199691772,b_only,overboard
word2vec,-0.012826116755604744,b_only,screaming
word2vec,0.07111353427171707,neither,kelso
word2vec,0.9947390556335449,shared,vital
word2vec,1.0000001192092896,neither,adaptations
word2vec,1.0,neither,animists
word2vec,0.10048305988311768,neither,upside
word2vec,0.10610807687044144,neither,rummaged
word2vec,1.0,neither,carbonate
word2vec,1.0,neither,computed
word2vec,0.9960016012191772,shared,frank
word2vec,0.9999999403953552,neither,merchants
word2vec,1.0000001192092896,neither,deductive
word2vec,1.0,neither,fifteenth
word2vec,1.0,a_only,providing
word2vec,1.0,neither,pygmalion
word2vec,0.11319071054458618,neither,cylinders
word2vec,0.06407813727855682,neither,leaden
word2vec,1.0000001192092896,a_only,canons
word2vec,0.14230041205883026,neither,roasted
word2vec,1.0,a_only,dos
word2vec,0.9999999403953552,a_only,arabic
word2vec,0.8795366883277893,shared,alone
word2vec,1.0000001192092896,neither,uptime
word2vec,1.0,neither,lexical
word2vec,0.9702444076538086,shared,cleared
word2vec,0.997226893901825,shared,languages
word2vec,-0.025682246312499046,b_only,distressed
word2vec,0.9999999403953552,neither,tryptophan
word2vec,1.0,neither,scripting
word2vec,0.9772081971168518,shared,egg
word2vec,0.99488765001297,shared,cathedral
word2vec,0.9399027824401855,shared,solomon
word2vec,0.12764300405979156,neither,obsequious
word2vec,1.0,neither,amoebae
word2vec,1.0,neither,gil
word2vec,0.9953446388244629,shared,eloquence
word2vec,1.0000001192092896,neither,cementing
word2vec,0.9980061650276184,shared,sacrificed
word2vec,0.05881325155496597,b_only,mouths
word2vec,1.0,a_only,stuart
word2vec,0.15421366691589355,b_only,risen
word2vec,0.9960623383522034,shared,lack
word2vec,0.9999998807907104,neither,hodges
word2vec,1.0000001192092896,neither,prima
word2vec,0.0003090370446443558,b_only,wandered
word2vec,0.13180844485759735,neither,chuckled
word2vec,0.9997706413269043,shared,exposure
word2vec,1.0000001192092896,neither,euphrates
word2vec,1.0,neither,deterministic
word2vec,0.9999998807907104,neither,invades
word2vec,1.0,neither,medici
word2vec,0.02644740790128708,neither,thames
word2vec,0.11051921546459198,neither,twitched
word2vec,0.9957966804504395,shared,assurance
word2vec,0.9999998807907104,a_only,printing
word2vec,1.0,a_only,verb
word2vec,0.09310174733400345,neither,shrinking
word2vec,0.08185731619596481,b_only,invent
word2vec,0.04285924509167671,b_only,shucks
word2vec,0.06532219052314758,b_only,pleased
word2vec,1.0000001192092896,a_only,density
word2vec,0.9964386820793152,shared,removal
word2vec,0.09971615672111511,b_only,fearful
word2vec,0.9927124381065369,shared,pairs
word2vec,1.0,a_only,reprinted
word2vec,1.0,neither,vomiting
word2vec,0.046433404088020325,neither,whirling
word2vec,0.07784956693649292,b_only,ragged
word2vec,1.0000001192092896,a_only,settlements
word2vec,-0.15520794689655304,neither,ruddy
word2vec,0.9830447435379028,shared,johnny
word2vec,1.0,a_only,integration
word2vec,0.084699347615242,b_only,gaze
word2vec,0.11612837016582489,neither,roaring
word2vec,1.0,neither,kandahar
word2vec,0.9454785585403442,shared,week
word2vec,0.9999999403953552,neither,rk
word2vec,1.0,neither,gait
word2vec,0.9999998807907104,a_only,alleged
word2vec,0.11177784204483032,neither,comers
word2vec,0.15770608186721802,neither,deduced
word2vec,0.9999998807907104,neither,isaiah
word2vec,0.05802678316831589,b_only,doan
word2vec,1.0,neither,snooker
word2vec,1.0,a_only,canadian
word2vec,0.8471519351005554,shared,held
word2vec,1.0000001192092896,neither,mg
word2vec,0.07811262458562851,neither,sexes
word2vec,0.14438709616661072,neither,boone
word2vec,1.0,neither,jacobi
word2vec,0.13611747324466705,neither,vault
word2vec,0.9315159320831299,shared,english
word2vec,1.0000001192092896,neither,subshell
word2vec,1.0,a_only,buddhism
word2vec,0.993490993976593,shared,preparations
word2vec,-0.0016912908758968115,b_only,loudly
word2vec,0.8896579742431641,shared,own
word2vec,1.0,neither,ballads
word2vec,1.0000001192092896,neither,dependencies
word2vec,0.9999998807907104,a_only,geologist
word2vec,1.0000001192092896,a_only,functioning
word2vec,0.9948937296867371,shared,moves
word2vec,0.9619190692901611,shared,passenger
word2vec,0.9986118078231812,shared,rubber
word2vec,1.0000001192092896,neither,aerial
word2vec,0.17146289348602295,b_only,lighted
word2vec,1.0,neither,morphological
word2vec,0.9971131086349487,shared,physical
word2vec,0.13176143169403076,neither,paces
word2vec,1.0,neither,lithuanian
word2vec,0.9636415243148804,shared,reply
word2vec,0.08655689656734467,neither,slumber
word2vec,-0.04877021908760071,b_only,17
word2vec,-0.11982085555791855,b_only,dine
word2vec,0.9935007691383362,shared,giant
word2vec,1.0,a_only,gand
word2vec,0.9583678841590881,shared,hot
word2vec,0.010562476702034473,b_only,bewildered
word2vec,1.0,a_only,electronics
word2vec,1.0000001192092896,a_only,friedrich
word2vec,1.0000001192092896,neither,nc
word2vec,0.2363729476928711,neither,boxed
word2vec,0.11712615936994553,neither,fanciful
word2vec,0.11674916744232178,neither,toast
word2vec,1.0000001192092896,neither,analogy
word2vec,0.9347793459892273,shared,branches
word2vec,1.0,neither,colleagues
word2vec,1.0,a_only,finance
word2vec,1.0000001192092896,neither,flourishing
word2vec,1.0000001192092896,a_only,sheikh
word2vec,0.16701646149158478,neither,squeaked
word2vec,1.0,neither,calligraphy
word2vec,0.9999999403953552,neither,anonymous
word2vec,0.9999998807907104,a_only,chemicals
word2vec,0.9773569107055664,shared,apart
word2vec,1.0000001192092896,a_only,cancer
word2vec,1.0,a_only,explosion
word2vec,1.0,neither,iroquois
word2vec,0.079233817756176,b_only,solemnly
word2vec,0.9837849736213684,shared,bath
word2vec,0.8301680088043213,shared,back
word2vec,-0.05423804745078087,neither,tossing
word2vec,0.9969324469566345,shared,teaching
word2vec,0.41914403438568115,neither,battered
word2vec,0.07362046837806702,neither,indignantly
word2vec,0.011868041940033436,b_only,happiest
word2vec,1.0000001192092896,neither,artwork
word2vec,0.9999999403953552,a_only,divisions
word2vec,0.9999999403953552,neither,exemplified
word2vec,1.0,neither,tracking
word2vec,1.0,neither,jets
word2vec,0.29266172647476196,neither,perpetually
word2vec,0.12060508131980896,b_only,leaned
word2vec,1.0,neither,axons
word2vec,0.12981948256492615,neither,xxiii
word2vec,0.15805545449256897,neither,verge
word2vec,0.9840921759605408,shared,due
word2vec,1.0,neither,admitting
word2vec,1.0,neither,octopus
word2vec,1.0,neither,enhancement
word2vec,0.9985937476158142,shared,offers
word2vec,0.9878113269805908,shared,studio
word2vec,1.0,a_only,rejects
word2vec,1.0,a_only,anti
word2vec,1.0,a_only,honorary
word2vec,1.0000001192092896,a_only,prolific
word2vec,1.0,neither,xml
word2vec,1.0,neither,loanwords
word2vec,1.0,a_only,participation
word2vec,0.15789461135864258,b_only,dreaded
word2vec,-0.03873820975422859,neither,wow
word2vec,0.9827417135238647,shared,gained
word2vec,1.0,neither,continuation
word2vec,1.0,a_only,scoring
word2vec,1.0,a_only,instituted
word2vec,1.0,neither,handled
word2vec,0.9901065230369568,shared,client
word2vec,0.9984477162361145,shared,developed
word2vec,1.0000001192092896,neither,insane
word2vec,0.9887024760246277,shared,upward
word2vec,1.0000001192092896,neither,clipping
word2vec,0.029938815161585808,neither,bled
word2vec,-0.02239423617720604,neither,obliging
word2vec,0.12065932154655457,b_only,wrist
word2vec,1.0,neither,catkins
word2vec,0.9304764866828918,shared,spoken
word2vec,0.17666380107402802,b_only,governess
word2vec,0.9999999403953552,neither,informally
word2vec,1.0000001192092896,a_only,monk
word2vec,1.0000001192092896,neither,thirteenth
word2vec,1.0,neither,typology
word2vec,0.9547902941703796,shared,swept
word2vec,0.9074891805648804,shared,captain
word2vec,1.0000001192092896,a_only,billy
word2vec,1.0000001192092896,a_only,developmental
word2vec,0.9832507371902466,shared,anger
word2vec,1.0,neither,roleplaying
word2vec,0.9995455741882324,shared,mall
word2vec,1.0000001192092896,a_only,alien
word2vec,1.0,neither,superseded
word2vec,1.0,neither,stretches
word2vec,0.9932464361190796,shared,wherein
word2vec,-0.027174681425094604,b_only,knowed
word2vec,1.0,neither,abgar
word2vec,0.9999999403953552,a_only,bj
word2vec,-0.07239173352718353,b_only,charmed
word2vec,1.0,neither,sufferers
word2vec,0.9968644976615906,shared,mccarthy
word2vec,1.0,a_only,infrastructure
word2vec,1.0000001192092896,a_only,behavioral
word2vec,1.0,a_only,controlling
word2vec,1.0000001192092896,neither,ostensibly
word2vec,1.0,neither,menabrea
word2vec,1.0000001192092896,neither,strabo
word2vec,1.0,neither,penn
word2vec,1.0000001192092896,neither,hotly
word2vec,0.9846405386924744,shared,pew
word2vec,0.15489289164543152,neither,ballarat
word2vec,0.16857638955116272,neither,greedily
word2vec,0.9999998807907104,neither,silicon
word2vec,0.9945920705795288,shared,anglo
word2vec,0.9999998807907104,a_only,carthage
word2vec,0.9867641925811768,shared,wishing
word2vec,0.20721527934074402,neither,boon
word2vec,0.9650554656982422,shared,human
word2vec,1.0,neither,buber
word2vec,0.9999998807907104,a_only,commerce
word2vec,0.10390070080757141,neither,anticipation
word2vec,0.8652434945106506,shared,however
word2vec,0.20355314016342163,neither,sundial
word2vec,0.24815472960472107,b_only,speck
word2vec,0.9852736592292786,shared,add
word2vec,1.0,neither,fleeing
word2vec,0.9880054593086243,shared,crimes
word2vec,1.0000001192092896,a_only,leadership
word2vec,0.9999998807907104,a_only,hierarchy
word2vec,-0.030316302552819252,neither,sis
word2vec,1.0000001192092896,a_only,wittgenstein
word2vec,0.9852246642112732,shared,veins
word2vec,1.0,neither,functionalism
word2vec,-0.06187627092003822,b_only,rat
word2vec,0.9917527437210083,shared,teacher
word2vec,1.0,neither,composite
word2vec,1.0,neither,astatine
word2vec,0.9999999403953552,neither,maia
word2vec,0.8465002179145813,shared,must
word2vec,1.0,neither,textbook
word2vec,0.8347575068473816,shared,lady
word2vec,0.8837390542030334,shared,school
word2vec,0.9988030195236206,shared,oppose
word2vec,1.0,neither,gelasian
word2vec,1.0000001192092896,a_only,aachen
word2vec,0.9999998807907104,neither,developer
word2vec,0.2871841788291931,neither,shrug
word2vec,0.9546781182289124,shared,reason
word2vec,-0.12736041843891144,b_only,bite
word2vec,1.0000001192092896,neither,nonaggression
word2vec,1.0000001192092896,a_only,harbor
word2vec,0.9999999403953552,neither,therein
word2vec,0.8948517441749573,shared,thus
word2vec,1.0000001192092896,neither,precepts
word2vec,1.0,a_only,achilles
word2vec,0.9361620545387268,shared,murderer
word2vec,0.9988278746604919,shared,selection
word2vec,1.0000001192092896,a_only,transform
word2vec,1.0000001192092896,neither,advertising
word2vec,0.9963744878768921,neither,demons
word2vec,0.998455822467804,neither,suite
word2vec,0.9898467659950256,shared,fragment
word2vec,1.0,neither,adhere
word2vec,0.9757972359657288,shared,worldly
word2vec,0.1573825478553772,neither,wits
word2vec,1.0000001192092896,a_only,astronomy
word2vec,1.0,a_only,mobile
word2vec,-0.04061809182167053,neither,abhor
word2vec,1.0,a_only,encounters
word2vec,0.07454948872327805,neither,whiteness
word2vec,0.0027325290720909834,neither,distrusted
word2vec,0.14232109487056732,b_only,bunch
word2vec,0.26738354563713074,neither,stertorous
word2vec,0.9925848841667175,shared,reference
word2vec,0.9609755873680115,shared,grown
word2vec,0.9764024615287781,shared,visitor
word2vec,0.059786874800920486,b_only,claws
word2vec,0.016692396253347397,b_only,shiver
word2vec,0.9999998807907104,neither,emerson
word2vec,0.9999998807907104,a_only,performing
word2vec,1.0,a_only,motor
word2vec,0.9953330755233765,shared,attributed
word2vec,0.9760235548019409,shared,ugly
word2vec,0.8459762930870056,shared,moment
word2vec,1.0,neither,elongated
word2vec,1.0000001192092896,a_only,laureate
word2vec,1.0,a_only,liberals
word2vec,0.9999998807907104,a_only,centered
word2vec,1.0,a_only,gary
word2vec,0.9943341016769409,shared,hi
word2vec,-0.0661178007721901,b_only,basket
word2vec,1.0000001192092896,a_only,tends
word2vec,1.0,a_only,somalia
word2vec,1.0,neither,manifestation
word2vec,0.2176663726568222,neither,marvels
word2vec,0.9148878455162048,shared,n
word2vec,-0.06700465083122253,neither,forgetful
word2vec,1.0,neither,deuterocanonical
word2vec,1.0,neither,papal
word2vec,0.15760523080825806,neither,devereux
word2vec,1.0,neither,unitary
word2vec,0.12182663381099701,neither,snuff
word2vec,0.9677793979644775,shared,mere
word2vec,1.0,a_only,momentum
word2vec,1.0,a_only,bass
word2vec,1.0,neither,rho
word2vec,1.0,neither,conjugation
word2vec,0.06070467084646225,neither,shunned
word2vec,0.1288660168647766,neither,ruffled
word2vec,-0.12160073965787888,neither,undone
word2vec,1.0000001192092896,neither,magicians
word2vec,1.0000001192092896,a_only,affiliated
word2vec,0.026544006541371346,b_only,softly
word2vec,0.9963455200195312,shared,recommended
word2vec,0.9793683290481567,shared,inclined
word2vec,0.9599246382713318,shared,wet
word2vec,0.9999999403953552,a_only,symbolic
word2vec,1.0,neither,piedmont
word2vec,0.9999998807907104,neither,pyramids
word2vec,1.0,neither,reads
word2vec,1.0,neither,bowel
word2vec,0.9838197231292725,shared,fed
word2vec,0.9303664565086365,shared,noise
word2vec,0.9111002087593079,shared,ways
word2vec,0.942505955696106,shared,spot
word2vec,0.8802181482315063,shared,across
word2vec,1.0,neither,parodies
word2vec,1.0,a_only,experimented
word2vec,0.9999998807907104,neither,tactics
word2vec,0.9999999403953552,neither,indefinite
word2vec,0.9931115508079529,shared,detected
word2vec,1.0,a_only,autistic
word2vec,0.9736644625663757,shared,tracks
word2vec,1.0,neither,lifestyle
word2vec,0.9450055360794067,shared,express
word2vec,0.9974406957626343,shared,lasting
word2vec,0.8848163485527039,shared,end
word2vec,1.0,neither,culturally
word2vec,0.9995485544204712,shared,management
word2vec,0.9766666889190674,shared,attend
word2vec,0.2434113621711731,neither,stalls
word2vec,-0.039373915642499924,b_only,grip
word2vec,0.011324074119329453,neither,lace
word2vec,0.8015137910842896,shared,minute
word2vec,0.12085423618555069,b_only,forbid
word2vec,1.0,neither,cryptanalysis
word2vec,0.9765594005584717,shared,enjoy
word2vec,1.0,a_only,ipod
word2vec,1.0000001192092896,neither,reid
word2vec,0.18477818369865417,b_only,handy
word2vec,0.9999999403953552,a_only,auteur
word2vec,0.9999808073043823,shared,ahab
word2vec,1.0000001192092896,a_only,skills
word2vec,0.9999998807907104,a_only,neoclassical
word2vec,0.22728602588176727,neither,misgiving
word2vec,1.0,neither,hermetic
word2vec,1.0,a_only,bakunin
word2vec,1.0,neither,ostrogoths
word2vec,-0.05031920596957207,neither,vainly
word2vec,0.8918868899345398,shared,talking
word2vec,1.0,neither,thermodynamics
word2vec,1.0,a_only,criteria
word2vec,1.0000001192092896,neither,fahrenheit
word2vec,1.0,neither,lucien
word2vec,0.976930558681488,shared,pin
word2vec,1.0000001192092896,a_only,arminians
word2vec,1.0000001192092896,a_only,colonial
word2vec,0.9999999403953552,neither,emitting
word2vec,1.0,a_only,humorous
word2vec,1.0,neither,cockney
word2vec,0.9965876936912537,shared,contain
word2vec,0.9871562719345093,shared,curved
word2vec,1.0,neither,benign
word2vec,0.05348600074648857,neither,tumble
word2vec,0.9389788508415222,shared,pain
word2vec,0.998602569103241,shared,abilities
word2vec,0.9951943755149841,shared,prospects
word2vec,1.0000001192092896,neither,germanicus
word2vec,1.0,a_only,bce
word2vec,1.0,neither,szil
word2vec,0.27421098947525024,neither,reasoner
word2vec,0.9853398203849792,shared,accused
word2vec,1.0,neither,specialist
word2vec,1.0,neither,metabolic
word2vec,1.0000001192092896,a_only,coalition
word2vec,0.9999999403953552,neither,endorsement
word2vec,0.976362407207489,shared,elapsed
word2vec,0.008374429307878017,neither,obleeged
word2vec,0.9429795742034912,shared,loose
word2vec,1.0,neither,prized
word2vec,0.989391028881073,shared,conducted
word2vec,1.0,neither,sterreich
word2vec,0.9999998807907104,neither,comparisons
word2vec,1.0,a_only,belgian
word2vec,0.9837302565574646,shared,reception
word2vec,0.998726487159729,shared,culture
word2vec,1.0000001192092896,a_only,consist
word2vec,-0.06782767921686172,b_only,dern
word2vec,1.0000001192092896,neither,seminar
word2vec,1.0,a_only,accession
word2vec,0.9999999403953552,a_only,television
word2vec,1.0000001192092896,neither,ester
word2vec,1.0,neither,penning
word2vec,0.9985475540161133,shared,dependent
word2vec,1.0,a_only,disabilities
word2vec,0.9910104870796204,shared,proceedings
word2vec,0.035997726023197174,neither,grieving
word2vec,0.25407522916793823,neither,halfway
word2vec,0.3754800856113434,neither,beeches
word2vec,1.0000001192092896,neither,methodism
word2vec,0.9999999403953552,a_only,innovations
word2vec,1.0,a_only,revolutionary
word2vec,0.9530552625656128,shared,jam
word2vec,0.9403818845748901,shared,leaves
word2vec,0.9902107119560242,shared,assistance
word2vec,1.0,neither,sanctioned
word2vec,0.9886497259140015,shared,sums
word2vec,0.9999999403953552,a_only,jungle
word2vec,0.9991052746772766,shared,holland
word2vec,1.0000001192092896,neither,presumed
word2vec,1.0000001192092896,neither,assignments
word2vec,1.0,neither,titanic
word2vec,0.14970344305038452,b_only,awe
word2vec,0.9939171671867371,shared,recommend
word2vec,1.0000001192092896,neither,alienated
word2vec,1.0,neither,mujahideen
word2vec,1.0,a_only,unit
word2vec,1.0,neither,nen
word2vec,-0.13120494782924652,neither,protesting
word2vec,0.9999998807907104,a_only,aikido
word2vec,1.0000001192092896,a_only,admiral
word2vec,1.0,a_only,gender
word2vec,0.06064368039369583,neither,moderation
word2vec,0.9886247515678406,shared,accept
word2vec,0.9946413040161133,shared,combined
word2vec,1.0000001192092896,a_only,methane
word2vec,1.0000001192092896,a_only,stanford
word2vec,0.9943162798881531,shared,winning
word2vec,1.0,a_only,suggesting
word2vec,1.0,neither,venezuelan
word2vec,0.9999999403953552,a_only,gettysburg
word2vec,1.0,neither,iota
word2vec,0.9828594923019409,shared,hundreds
word2vec,0.9540319442749023,shared,comfort
word2vec,1.0,neither,accredited
word2vec,1.0,a_only,aided
word2vec,1.0,neither,pillars
word2vec,1.0,a_only,displays
word2vec,1.0000001192092896,neither,bullpup
word2vec,0.05221543461084366,b_only,clerval
word2vec,0.9911028146743774,shared,satisfy
word2vec,1.0,neither,lethal
word2vec,1.0000001192092896,a_only,demographics
word2vec,0.9994467496871948,shared,population
word2vec,1.0000001192092896,a_only,drugs
word2vec,1.0,neither,investigates
word2vec,0.030996272340416908,b_only,hurried
word2vec,0.9999998807907104,neither,guild
word2vec,-0.08860987424850464,neither,brightness
word2vec,0.9530220031738281,shared,distant
word2vec,1.0000001192092896,a_only,authorized
word2vec,1.0,neither,relics
word2vec,0.9999999403953552,neither,philippine
word2vec,1.0,neither,marshes
word2vec,0.18797549605369568,neither,loafer
word2vec,0.19891268014907837,neither,beholding
word2vec,0.9705735445022583,shared,impossible
word2vec,1.0,a_only,rivals
word2vec,0.09886448830366135,b_only,monde
word2vec,-0.026565704494714737,b_only,gown
word2vec,1.0000001192092896,a_only,era
word2vec,0.8144834637641907,shared,duke
word2vec,0.9338747262954712,shared,walking
word2vec,0.1886141002178192,neither,obtruded
word2vec,0.9999998807907104,a_only,developments
word2vec,0.9999999403953552,a_only,alda
word2vec,1.0,neither,adiabat
word2vec,0.9999998807907104,neither,hoffmann
word2vec,0.9999999403953552,neither,ova
word2vec,1.0,neither,stricter
word2vec,0.02872857265174389,neither,scarf
word2vec,0.9971060752868652,shared,internal
word2vec,0.9999999403953552,a_only,terry
word2vec,0.989554226398468,shared,permit
word2vec,1.0000001192092896,neither,alexandrovna
word2vec,0.3327365815639496,neither,doran
word2vec,1.0000001192092896,neither,cma
word2vec,1.0,neither,horrific
word2vec,1.0000001192092896,a_only,legacy
word2vec,1.0,neither,theologians
word2vec,0.9931715726852417,shared,label
word2vec,0.9116928577423096,shared,terrible
word2vec,0.9999999403953552,neither,shaw
word2vec,1.0,neither,crafts
word2vec,1.0,neither,nn
word2vec,1.0,neither,boasted
word2vec,0.07216987758874893,neither,resolutions
word2vec,0.8712646961212158,shared,among
word2vec,0.9999999403953552,neither,meyer
word2vec,0.11772502213716507,neither,sewed
word2vec,0.049753982573747635,neither,lingered
word2vec,1.0,neither,stylistic
word2vec,0.09341317415237427,neither,barbecue
word2vec,0.9943135380744934,shared,student
word2vec,0.15057098865509033,b_only,favourable
word2vec,0.059090327471494675,neither,erect
word2vec,0.9999998807907104,neither,aegis
word2vec,1.0000001192092896,neither,cooperating
word2vec,1.0000001192092896,a_only,prophets
word2vec,0.9803831577301025,shared,joint
word2vec,1.0,neither,humanism
word2vec,0.9913895726203918,shared,st
word2vec,0.8842306733131409,shared,hold
word2vec,1.0000001192092896,a_only,nato
word2vec,1.0,a_only,migration
word2vec,1.0,neither,royalty
word2vec,0.9999999403953552,neither,repressive
word2vec,1.0,neither,beijing
word2vec,1.0,neither,commune
word2vec,0.9999999403953552,neither,paraguay
word2vec,0.19244174659252167,neither,clasping
word2vec,1.0,neither,clashed
word2vec,0.09858495742082596,b_only,uttered
word2vec,0.1457986980676651,neither,lowed
word2vec,0.9977673292160034,shared,abandon
word2vec,0.998779833316803,shared,christ
word2vec,0.9858094453811646,shared,description
word2vec,-0.1762816458940506,neither,shet
word2vec,0.30482956767082214,neither,threads
word2vec,0.2827569842338562,neither,grimesby
word2vec,1.0,neither,groundwater
word2vec,0.07361660897731781,neither,sadness
word2vec,0.0028095373418182135,neither,earnestness
word2vec,0.9999998807907104,neither,dioxide
word2vec,0.9929589033126831,shared,proposal
word2vec,0.9870503544807434,shared,margaret
word2vec,1.0,neither,hawkeye
word2vec,0.8783650398254395,shared,high
word2vec,0.9901285171508789,shared,period
word2vec,0.9999999403953552,a_only,max
word2vec,1.0,neither,elo
word2vec,1.0000001192092896,neither,fitzroy
word2vec,1.0,a_only,kurosawa
word2vec,1.0,neither,brooks
word2vec,0.14473780989646912,neither,ache
word2vec,0.06053319200873375,b_only,shone
word2vec,1.0000001192092896,neither,sigmund
word2vec,0.9999998807907104,neither,principality
word2vec,1.0,a_only,harold
word2vec,0.9999999403953552,neither,shrine
word2vec,0.9157475829124451,shared,kill
word2vec,0.9821759462356567,shared,campbell
word2vec,1.0,a_only,categories
word2vec,0.9727064371109009,shared,wrote
word2vec,1.0,neither,ignore
word2vec,0.9867621660232544,shared,crowds
word2vec,0.9940715432167053,shared,million
word2vec,0.9926711320877075,shared,texas
word2vec,0.9999998807907104,neither,vanessa
word2vec,1.0,a_only,worker
word2vec,-0.07977328449487686,neither,brink
word2vec,-0.03664395958185196,neither,delightfully
word2vec,1.0,neither,locke
word2vec,0.9999999403953552,neither,rhode
word2vec,1.0,neither,colloquial
word2vec,0.9925817251205444,shared,conspicuous
word2vec,0.9922181963920593,shared,ray
word2vec,0.9652966856956482,shared,force
word2vec,-0.06868022680282593,b_only,gloves
word2vec,1.0,neither,leary
word2vec,1.0,neither,printer
word2vec,0.9981147050857544,neither,strenuously
word2vec,0.9943869709968567,shared,games
word2vec,1.0,neither,carolingian
word2vec,0.9842625260353088,shared,specially
word2vec,0.1369379758834839,neither,flapped
word2vec,0.9693326950073242,shared,shining
word2vec,1.0,neither,metric
word2vec,1.0000001192092896,neither,isolation
word2vec,-0.023457832634449005,b_only,slovaks
word2vec,0.9993763566017151,shared,elevation
word2vec,1.0,neither,partridge
word2vec,1.0,neither,bourne
word2vec,0.9999998807907104,a_only,organism
word2vec,0.10141359269618988,b_only,sunset
word2vec,0.10687936097383499,neither,unguarded
word2vec,1.0,a_only,penguin
word2vec,0.9999998807907104,a_only,cooperation
word2vec,1.0,neither,advertisements
word2vec,0.9999999403953552,neither,santiago
word2vec,1.0000001192092896,a_only,algorithm
word2vec,0.8365038633346558,shared,old
word2vec,0.9956163167953491,shared,restoration
word2vec,1.0,neither,developers
word2vec,0.9939917325973511,shared,memorable
word2vec,1.0,neither,oswald
word2vec,-0.01081287581473589,b_only,stepping
word2vec,1.0,a_only,extend
word2vec,0.9999999403953552,a_only,almond
word2vec,1.0000001192092896,a_only,acta
word2vec,1.0,neither,edna
word2vec,1.0000001192092896,neither,yad
word2vec,0.9900162220001221,shared,provided
word2vec,0.9999999403953552,a_only,ralph
word2vec,0.9958543181419373,shared,travellers
word2vec,0.9696545004844666,shared,pursued
word2vec,1.0,a_only,theorists
word2vec,1.0,a_only,buffalo
word2vec,1.0,a_only,governments
word2vec,0.9793606996536255,shared,ghost
word2vec,0.9894534349441528,shared,wages
word2vec,1.0,neither,aldine
word2vec,0.9999999403953552,neither,yukon
word2vec,1.0,neither,mailing
word2vec,-0.04558632895350456,b_only,roses
word2vec,0.9825224280357361,shared,punch
word2vec,1.0,neither,daimler
word2vec,1.0,neither,alvin
word2vec,0.9549327492713928,shared,sixty
word2vec,1.0000001192092896,a_only,atheism
word2vec,0.025514500215649605,neither,werter
word2vec,1.0,neither,polled
word2vec,1.0,a_only,specialized
word2vec,0.9405312538146973,shared,sake
word2vec,0.9999999403953552,neither,bicameral
word2vec,-0.1303160935640335,neither,gauze
word2vec,1.0,neither,focusing
word2vec,0.9999999403953552,neither,virgil
word2vec,1.0,a_only,bombing
word2vec,1.0,a_only,bishop
word2vec,0.9516614675521851,shared,resolved
word2vec,1.0000001192092896,a_only,multiplication
word2vec,0.9854822754859924,shared,entrance
word2vec,0.9003782868385315,shared,try
word2vec,1.0,neither,migrants
word2vec,0.9849460124969482,shared,spots
word2vec,0.13210873305797577,neither,brougham
word2vec,0.982617199420929,shared,smallest
word2vec,1.0,neither,con
word2vec,0.9698293805122375,shared,plates
word2vec,-0.08986145257949829,b_only,sublime
word2vec,0.9594604969024658,shared,train
word2vec,1.0,neither,fda
word2vec,0.9801343083381653,shared,beats
word2vec,1.0,neither,tag
word2vec,0.9960927367210388,shared,stress
word2vec,1.0,a_only,furthermore
word2vec,1.0000001192092896,neither,landlocked
word2vec,0.9670189023017883,neither,cheshire
word2vec,0.9996939301490784,shared,data
word2vec,1.0,neither,salmon
word2vec,1.0,neither,missionaries
word2vec,0.17190057039260864,b_only,chill
word2vec,1.0,neither,investigated
word2vec,1.0,neither,failures
word2vec,1.0000001192092896,a_only,items
word2vec,1.0,a_only,ginsberg
word2vec,0.9783769249916077,shared,swallowed
word2vec,0.14746753871440887,neither,coolly
word2vec,0.11069734394550323,neither,radiance
word2vec,0.9999999403953552,neither,hring
word2vec,1.0,a_only,numbering
word2vec,1.0,a_only,fiber
word2vec,1.0000001192092896,neither,midas
word2vec,1.0,neither,recounted
word2vec,1.0,neither,stalinist
word2vec,1.0000001192092896,a_only,olympic
word2vec,1.0000001192092896,a_only,babbage
word2vec,0.881572961807251,shared,speaking
word2vec,1.0,a_only,coastal
word2vec,0.9927730560302734,shared,materials
word2vec,1.0,neither,miscarriage
word2vec,1.0,a_only,aftermath
word2vec,0.9999999403953552,neither,ms
word2vec,0.9999999403953552,neither,pcs
word2vec,0.019673489034175873,neither,obscured
word2vec,1.0,neither,mentor
word2vec,-0.07791485637426376,b_only,defarge
word2vec,1.0000001192092896,neither,cp
word2vec,0.9846642017364502,shared,describe
word2vec,1.0,a_only,seq
word2vec,1.0,a_only,venus
word2vec,0.982263445854187,shared,scratch
word2vec,1.0000001192092896,neither,permutation
word2vec,0.9631810188293457,shared,possible
word2vec,0.9670727252960205,shared,kinds
word2vec,1.0,neither,mowen
word2vec,0.061058785766363144,b_only,pemberley
word2vec,0.9999999403953552,a_only,worldwide
word2vec,0.9955653548240662,shared,sets
word2vec,0.9974566102027893,shared,stem
word2vec,1.0000001192092896,a_only,requirement
word2vec,0.9986336827278137,shared,correspondent
word2vec,0.9779793620109558,neither,chow
word2vec,1.0,a_only,si
word2vec,1.0000001192092896,a_only,promoted
word2vec,-0.03208759427070618,neither,natures
word2vec,0.9902286529541016,shared,bits
word2vec,1.0000001192092896,a_only,widespread
word2vec,1.0,neither,calculation
word2vec,1.0,neither,elective
word2vec,-0.038965605199337006,b_only,apology
word2vec,1.0,a_only,statesman
word2vec,0.9919015169143677,shared,se
word2vec,1.0,neither,trilobites
word2vec,0.07264290004968643,neither,moan
word2vec,0.09025777131319046,neither,profoundly
word2vec,0.0550827793776989,neither,apparition
word2vec,1.0,neither,antietam
word2vec,0.15726877748966217,neither,hilt
word2vec,1.0000001192092896,a_only,anthem
word2vec,1.0,a_only,sqrt
word2vec,1.0000001192092896,neither,charleston
word2vec,0.13555726408958435,neither,wistfully
word2vec,1.0,neither,speeds
word2vec,0.9826672673225403,shared,shooting
word2vec,0.9894525408744812,shared,lover
word2vec,0.9999999403953552,neither,blues
word2vec,1.0,neither,philippe
word2vec,1.0,neither,rebuild
word2vec,0.9999998807907104,a_only,imac
word2vec,-0.046797771006822586,neither,shouldered
word2vec,0.10689575225114822,b_only,wagon
word2vec,1.0,a_only,successor
word2vec,1.0000001192092896,a_only,jan
word2vec,1.0000001192092896,a_only,altruistic
word2vec,0.1519247144460678,neither,steward
word2vec,0.9999999403953552,neither,inconsistent
word2vec,0.15670384466648102,neither,embracing
word2vec,0.9999999403953552,neither,gaud
word2vec,0.9999999403953552,neither,isomorphism
word2vec,1.0,neither,supplying
word2vec,0.06087379902601242,b_only,memorandum
word2vec,0.9999999403953552,neither,realization
word2vec,0.9969220757484436,shared,usage
word2vec,1.0,a_only,consistently
word2vec,1.0,a_only,converted
word2vec,0.9849587082862854,shared,check
word2vec,0.9946578145027161,shared,eligible
word2vec,1.0,neither,violinist
word2vec,1.0,neither,klaus
word2vec,0.9921140074729919,shared,seconds
word2vec,0.9999999403953552,a_only,communities
word2vec,0.7094475030899048,shared,mr
word2vec,0.904853105545044,shared,hill
word2vec,1.0,a_only,animalia
word2vec,0.9888735413551331,shared,jealous
word2vec,1.0,neither,linguists
word2vec,0.9999999403953552,neither,prestige
word2vec,0.9999998807907104,neither,owning
word2vec,1.0,a_only,websites
word2vec,0.9999998807907104,a_only,thetis
word2vec,0.9926574230194092,shared,statement
word2vec,1.0000001192092896,a_only,focus
word2vec,1.0,a_only,epidemic
word2vec,0.9971522688865662,shared,allusion
word2vec,0.9999998807907104,neither,chad
word2vec,1.0,neither,renault
word2vec,0.9806084036827087,shared,driving
word2vec,0.997998058795929,shared,sam
word2vec,1.0,a_only,commercially
word2vec,-0.20520520210266113,neither,patch
word2vec,0.9999998807907104,neither,altruist
word2vec,1.0,a_only,armies
word2vec,0.9999999403953552,neither,phoneme
word2vec,1.0,a_only,plastic
word2vec,1.0,neither,nome
word2vec,1.0000001192092896,neither,adverse
word2vec,0.15299096703529358,neither,xxiv
word2vec,0.9690452218055725,shared,giving
word2vec,1.0,neither,judiciary
word2vec,0.981327474117279,shared,humble
word2vec,1.0,neither,transmitting
word2vec,1.0,neither,gilles
word2vec,0.9742569923400879,shared,concerning
word2vec,0.9999998807907104,a_only,integrated
word2vec,0.12017209827899933,neither,overcoat
word2vec,1.0,a_only,reducing
word2vec,0.9994289875030518,shared,collapse
word2vec,1.0,neither,ric
word2vec,0.9706677198410034,shared,ghosts
word2vec,0.07041872292757034,neither,searchlight
word2vec,0.9999998807907104,a_only,diplomatic
word2vec,0.9848739504814148,shared,bars
word2vec,1.0,a_only,playwright
word2vec,0.9939050078392029,shared,dispute
word2vec,1.0000001192092896,neither,dismiss
word2vec,0.04010218381881714,neither,pour
word2vec,1.0000001192092896,a_only,methyl
word2vec,0.00814043078571558,neither,arranging
word2vec,1.0,neither,blitz
word2vec,1.0,a_only,extinct
word2vec,0.9999999403953552,neither,labels
word2vec,0.13967689871788025,neither,dinners
word2vec,-0.16128313541412354,b_only,parsonage
word2vec,0.983687162399292,shared,hound
word2vec,1.0,neither,legion
word2vec,0.971398115158081,shared,remembrance
word2vec,1.0,a_only,molecular
word2vec,0.9979819655418396,shared,alert
word2vec,1.0,neither,vernacular
word2vec,1.0,a_only,programming
word2vec,0.9802528619766235,shared,false
word2vec,0.9971244931221008,shared,vessels
word2vec,0.10850995033979416,neither,nailed
word2vec,0.05530683323740959,neither,rosy
word2vec,0.9999998807907104,neither,warships
word2vec,0.09870996326208115,neither,hog
word2vec,0.9845334887504578,shared,remove
word2vec,1.0,neither,anima
word2vec,0.13157840073108673,neither,gratification
word2vec,0.9210110306739807,shared,companion
word2vec,0.360786110162735,neither,aristocratic
word2vec,1.0000001192092896,neither,antitheism
word2vec,0.02289484441280365,neither,scrape
word2vec,0.9959906339645386,shared,ensuing
word2vec,0.9953275322914124,shared,transformed
word2vec,0.9999999403953552,neither,radios
word2vec,-0.00560931209474802,neither,soiled
word2vec,0.14506106078624725,neither,outstretched
word2vec,1.0,neither,intestine
word2vec,0.9999999403953552,neither,applets
word2vec,0.9999998807907104,neither,nominal
word2vec,1.0,neither,demise
word2vec,1.0,neither,railroads
word2vec,-0.018317170441150665,neither,whitewash
word2vec,-0.05367195978760719,neither,butt
word2vec,0.14224515855312347,neither,nothings
word2vec,0.9865743517875671,shared,spend
word2vec,1.0,neither,hd
word2vec,0.21642200648784637,neither,gyre
word2vec,0.13800734281539917,neither,krempe
word2vec,1.0,a_only,canon
word2vec,0.9454832673072815,shared,rough
word2vec,0.989666759967804,shared,discovering
word2vec,0.1420147866010666,neither,strangest
word2vec,0.9999999403953552,neither,kaposi
word2vec,0.9999999403953552,neither,prominence
word2vec,1.0000001192092896,neither,annexes
word2vec,-0.12584994733333588,b_only,3
word2vec,-0.015360582619905472,b_only,deduce
word2vec,0.9941296577453613,shared,shipping
word2vec,1.0,a_only,forts
word2vec,0.1417142003774643,neither,fainter
word2vec,1.0,a_only,communism
word2vec,1.0000001192092896,neither,morale
word2vec,0.9975749850273132,shared,plague
word2vec,0.9935908317565918,shared,suitable
word2vec,0.10057660192251205,b_only,faint
word2vec,0.11416193097829819,neither,sulky
word2vec,1.0000001192092896,a_only,telescope
word2vec,1.0,neither,qualifications
word2vec,1.0000001192092896,neither,walsh
word2vec,0.9872430562973022,shared,responsible
word2vec,0.20993883907794952,neither,excuses
word2vec,0.9999999403953552,neither,dissolved
word2vec,0.9049085378646851,shared,sudden
word2vec,-0.10926265269517899,neither,gossip
word2vec,1.0,a_only,agriculture
word2vec,1.0,neither,frontiers
word2vec,0.9850735068321228,shared,bounded
word2vec,0.99339359998703,shared,abner
word2vec,1.0000001192092896,neither,resisting
word2vec,1.0,neither,alga
word2vec,1.0000001192092896,neither,handbuch
word2vec,1.0,a_only,factbook
word2vec,0.9431552290916443,shared,inside
word2vec,0.8206165432929993,shared,miss
word2vec,-0.21261346340179443,neither,groped
word2vec,1.0,neither,spruce
word2vec,0.9957602024078369,shared,reverence
word2vec,1.0000001192092896,neither,covalent
word2vec,0.9845142364501953,shared,vague
word2vec,1.0,a_only,liberation
word2vec,0.9909359216690063,shared,spotted
word2vec,1.0000001192092896,a_only,ram
word2vec,0.17560584843158722,neither,cherished
word2vec,0.10292819887399673,b_only,rested
word2vec,0.9938381314277649,neither,endowed
word2vec,1.0,neither,adhering
word2vec,-0.018567681312561035,b_only,wretched
word2vec,0.9999999403953552,a_only,annual
word2vec,0.10157983005046844,neither,comforted
word2vec,0.09588728845119476,neither,disturbance
word2vec,0.0369887501001358,b_only,sickly
word2vec,1.0,a_only,ed
word2vec,0.9898544549942017,shared,tar
word2vec,-0.027942217886447906,neither,confound
word2vec,1.0,a_only,reactions
word2vec,0.15961289405822754,neither,exclaiming
word2vec,1.0000001192092896,a_only,complexity
word2vec,1.0,a_only,channels
word2vec,1.0000001192092896,a_only,psychology
word2vec,0.013323385268449783,neither,circumstantial
word2vec,0.9999999403953552,a_only,fleece
word2vec,1.0,a_only,dinosaur
word2vec,0.042712338268756866,neither,labyrinth
word2vec,1.0,a_only,utopian
word2vec,-0.05385635420680046,neither,lookin
word2vec,-0.09355556964874268,b_only,cottagers
word2vec,1.0000001192092896,a_only,membership
word2vec,1.0,a_only,solutions
word2vec,0.022135039791464806,neither,acquiesced
word2vec,-0.10478661209344864,b_only,dracula
word2vec,1.0000001192092896,a_only,pamphlet
word2vec,0.05941540747880936,neither,prettier
word2vec,1.0,neither,privatization
word2vec,0.9991644024848938,shared,professional
word2vec,0.9917333722114563,shared,shared
word2vec,1.0,neither,hagar
word2vec,0.15390700101852417,neither,isself
word2vec,0.9999999403953552,neither,halifax
word2vec,0.9965590834617615,shared,applied
word2vec,1.0,neither,josiah
word2vec,1.0,neither,pax
word2vec,0.9472307562828064,shared,filled
word2vec,1.0000001192092896,a_only,lillian
word2vec,1.0000001192092896,neither,beatrice
word2vec,0.8620345592498779,shared,help
word2vec,0.9725029468536377,shared,suspected
word2vec,0.9947342276573181,shared,stamp
word2vec,0.9054331183433533,shared,village
word2vec,0.9966380000114441,shared,simplest
word2vec,1.0,neither,godwin
word2vec,1.0,neither,protocols
word2vec,-0.026494700461626053,b_only,sofa
word2vec,0.9060227870941162,shared,each
word2vec,0.9960015416145325,shared,series
word2vec,0.9955647587776184,shared,experiences
word2vec,0.9970586895942688,shared,churches
word2vec,0.9977416396141052,shared,purely
word2vec,1.0000001192092896,neither,truman
word2vec,0.9971076846122742,shared,owed
word2vec,1.0,neither,makeup
word2vec,1.0,neither,waldheim
word2vec,0.9908742904663086,shared,equal
word2vec,1.0000001192092896,neither,ul
word2vec,1.0,a_only,archaeologists
word2vec,1.0000001192092896,neither,heretical
word2vec,1.0,neither,aliphatic
word2vec,0.141534224152565,neither,hysterics
word2vec,0.22840701043605804,neither,mariner
word2vec,0.9678235650062561,shared,terms
word2vec,0.9953288435935974,shared,thirteen
word2vec,1.0,neither,asp
word2vec,0.07035727053880692,neither,inmates
word2vec,1.0,neither,contradictory
word2vec,0.9982966184616089,shared,extensive
word2vec,0.9880773425102234,shared,building
word2vec,1.0,neither,footage
word2vec,-0.04254135861992836,neither,whistled
word2vec,1.0000001192092896,a_only,assassinated
word2vec,0.9999999403953552,a_only,focused
word2vec,0.9999999403953552,neither,freeing
word2vec,0.9999998807907104,neither,eniac
word2vec,0.07441812753677368,neither,irksome
word2vec,0.9934085011482239,shared,slavery
word2vec,0.9782229065895081,shared,property
word2vec,1.0,neither,modifications
word2vec,0.9982576966285706,shared,basis
word2vec,-0.13025705516338348,neither,unspeakable
word2vec,0.011376156471669674,b_only,endured
word2vec,0.9989572763442993,shared,solved
word2vec,1.0,neither,bayreuth
word2vec,0.9978138208389282,shared,turkish
word2vec,0.998945415019989,shared,fee
word2vec,0.9924994111061096,shared,luxurious
word2vec,0.9566795825958252,shared,legs
word2vec,0.9992514848709106,shared,defect
word2vec,-0.14608699083328247,neither,glaring
word2vec,1.0000001192092896,neither,slew
word2vec,1.0,neither,backspace
word2vec,0.17574459314346313,b_only,hang
word2vec,1.0000001192092896,a_only,fluke
word2vec,0.9979228377342224,shared,asserted
word2vec,0.12216757237911224,neither,insupportable
word2vec,0.9252959489822388,shared,monster
word2vec,-0.0009523403132334352,b_only,hypnotic
word2vec,-0.02084055170416832,neither,lath
word2vec,0.9821430444717407,shared,marble
word2vec,1.0000001192092896,a_only,exclusively
word2vec,0.986072838306427,shared,mortal
word2vec,0.9157583713531494,shared,nearly
word2vec,0.9978398084640503,shared,refusal
word2vec,1.0,neither,tort
word2vec,0.120571568608284,neither,apples
word2vec,0.9944121837615967,shared,prolonged
word2vec,0.9999998807907104,a_only,computing
word2vec,-0.12804098427295685,neither,crumpled
word2vec,1.0000001192092896,neither,apocalyptic
word2vec,1.0000001192092896,a_only,aol
word2vec,0.9999999403953552,a_only,nicholas
word2vec,1.0,neither,poster
word2vec,0.9937240481376648,shared,root
word2vec,0.9938430786132812,shared,expenses
word2vec,0.9999998807907104,neither,rms
word2vec,0.9999999403953552,a_only,homepage
word2vec,-0.059745002537965775,b_only,pardon
word2vec,0.15501177310943604,neither,throwed
word2vec,0.8444992899894714,shared,sydney
word2vec,1.0,neither,novo
word2vec,0.9999998807907104,neither,gnu
word2vec,1.0,neither,pal
word2vec,1.0,neither,polio
word2vec,1.0,a_only,territorial
word2vec,0.9953244924545288,shared,christian
word2vec,0.8923834562301636,shared,hard
word2vec,0.9999999403953552,neither,freud
word2vec,0.9974714517593384,shared,slang
word2vec,1.0,neither,colonnade
word2vec,0.1189463660120964,neither,mused
word2vec,0.9999999403953552,neither,cthulhu
word2vec,1.0,neither,placement
word2vec,1.0,neither,initiation
word2vec,0.9725428223609924,shared,towers
word2vec,0.9999999403953552,a_only,resulted
word2vec,0.9999998807907104,a_only,taxation
word2vec,0.9271812438964844,shared,than
word2vec,1.0,a_only,supporter
word2vec,0.9410483241081238,shared,turns
word2vec,0.1433446705341339,neither,whipped
word2vec,1.0,a_only,goddesses
word2vec,0.9999998807907104,neither,clovis
word2vec,-0.017099622637033463,neither,manifestly
word2vec,0.07055378705263138,neither,rapture
word2vec,0.19519168138504028,neither,complacency
word2vec,1.0,neither,dictionaries
word2vec,1.0000001192092896,a_only,industrial
word2vec,1.0,neither,aldous
word2vec,0.9967976212501526,shared,praised
word2vec,0.12132949382066727,neither,som
word2vec,0.9982126951217651,shared,mississippi
word2vec,0.98675936460495,shared,injured
word2vec,1.0,neither,salicylic
word2vec,1.0,neither,repudiated
word2vec,0.9762659072875977,shared,usually
word2vec,0.025532716885209084,neither,rightly
word2vec,0.9512198567390442,shared,snake
word2vec,0.9889528751373291,shared,medicines
word2vec,1.0,a_only,qur
word2vec,1.0,neither,spellings
word2vec,1.0,neither,razor
word2vec,1.0000001192092896,neither,htm
word2vec,0.9999999403953552,neither,argentinian
word2vec,0.01430452335625887,b_only,expressive
word2vec,-0.21228350698947906,neither,tiresome
word2vec,0.08657671511173248,neither,vaults
word2vec,1.0,neither,emerging
word2vec,0.9902141690254211,shared,victims
word2vec,0.9912752509117126,shared,destined
word2vec,1.0000001192092896,neither,drought
word2vec,0.9804540872573853,shared,headed
word2vec,0.9883649349212646,shared,resemblance
word2vec,0.9517605304718018,shared,footsteps
word2vec,1.0,neither,hoffman
word2vec,1.0,neither,alumnus
word2vec,1.0000001192092896,neither,tiles
word2vec,0.9999999403953552,neither,suburban
word2vec,0.9100486040115356,shared,nobody
word2vec,0.999927818775177,shared,deduction
word2vec,1.0,neither,callisthenes
word2vec,-0.0017692276742309332,neither,parlor
word2vec,0.9999999403953552,neither,organizing
word2vec,0.9759549498558044,shared,sold
word2vec,1.0,neither,monasticism
word2vec,0.9999998807907104,neither,nodules
word2vec,0.9175341725349426,shared,william
word2vec,0.867525577545166,shared,take
word2vec,0.04451069235801697,b_only,swallow
word2vec,0.05951296165585518,neither,throng
word2vec,0.9817164540290833,shared,holt
word2vec,-0.0008742465288378298,neither,whims
word2vec,1.0,neither,nautical
word2vec,0.06723323464393616,neither,oo
word2vec,0.9999999403953552,neither,spangled
word2vec,1.0,neither,bletchley
word2vec,0.9653319716453552,shared,rolling
word2vec,0.07203056663274765,neither,cravat
word2vec,0.9969120025634766,shared,tenth
word2vec,0.11131374537944794,neither,mister
word2vec,0.11010989546775818,neither,implore
word2vec,1.0,neither,filter
word2vec,0.08475542068481445,neither,pompous
word2vec,0.9765385389328003,shared,superior
word2vec,0.9891956448554993,shared,foundations
word2vec,1.0,a_only,africa
word2vec,1.0,a_only,hawaii
word2vec,1.0000001192092896,neither,unarable
word2vec,0.9896686673164368,shared,upwards
word2vec,1.0,a_only,princeton
word2vec,1.0,neither,alibi
word2vec,-0.054925914853811264,neither,fade
word2vec,0.12024994194507599,neither,woes
word2vec,0.9999999403953552,a_only,designation
word2vec,0.9892261624336243,shared,compact
word2vec,0.04651430621743202,b_only,miseries
word2vec,1.0,neither,crews
word2vec,0.9843072295188904,shared,dollar
word2vec,0.8218560218811035,shared,wild
word2vec,0.9999999403953552,neither,kb
word2vec,0.9689162373542786,shared,overhead
word2vec,-0.09240840375423431,neither,odious
word2vec,0.9995367527008057,shared,bah
word2vec,1.0000001192092896,neither,airplanes
word2vec,0.30041444301605225,neither,procuring
word2vec,1.0,neither,traveling
word2vec,0.9884978532791138,shared,guest
word2vec,0.9999999403953552,a_only,columbus
word2vec,0.969550371170044,shared,encouraging
word2vec,1.0000001192092896,neither,unitarian
word2vec,0.07052964717149734,neither,bum
word2vec,0.9868758320808411,shared,cooking
word2vec,1.0,neither,dynamite
word2vec,1.0,neither,competitors
word2vec,1.0,neither,esdras
word2vec,1.0,a_only,cushitic
word2vec,0.9992503523826599,shared,limitations
word2vec,-0.04887246713042259,b_only,alarmed
word2vec,0.05462932586669922,b_only,frighten
word2vec,0.9858937859535217,shared,hatred
word2vec,0.17840732634067535,b_only,crimson
word2vec,0.9817917943000793,shared,heel
word2vec,0.9999998807907104,neither,anchovies
word2vec,0.8120778203010559,shared,had
word2vec,1.0000001192092896,neither,besieged
word2vec,1.0000001192092896,a_only,velocity
word2vec,0.9951795935630798,shared,conference
word2vec,1.0,neither,liturgical
word2vec,0.08465982973575592,neither,occupant
word2vec,1.0,a_only,lucius
word2vec,0.9843341112136841,shared,mob
word2vec,0.9913111925125122,shared,encounter
word2vec,1.0,a_only,harald
word2vec,0.9874378442764282,shared,struggling
word2vec,0.9999998807907104,neither,psychologist
word2vec,-0.04138797149062157,b_only,faculties
word2vec,1.0000001192092896,a_only,nationality
word2vec,0.9918292164802551,shared,honourable
word2vec,1.0,a_only,kurtz
word2vec,0.9999998807907104,neither,reporting
word2vec,-0.00322271091863513,neither,crawl
word2vec,0.06325079500675201,b_only,fainted
word2vec,1.0,neither,linking
word2vec,0.9985659122467041,shared,gas
word2vec,1.0,a_only,allegedly
word2vec,0.9999998807907104,neither,connects
word2vec,1.0000001192092896,a_only,leo
word2vec,1.0,neither,postulated
word2vec,0.9999999403953552,neither,mein
word2vec,1.0,neither,defending
word2vec,0.9963456988334656,neither,perth
word2vec,1.0,neither,argentines
word2vec,0.26323792338371277,neither,hive
word2vec,0.9778503179550171,shared,clay
word2vec,1.0000001192092896,neither,agnostids
word2vec,0.9934574365615845,shared,gladly
word2vec,0.893707275390625,shared,broke
word2vec,0.9856614470481873,shared,specimen
word2vec,1.0,neither,hussein
word2vec,1.0000001192092896,neither,ghazni
word2vec,0.9964288473129272,shared,infancy
word2vec,1.0000001192092896,a_only,dynamic
word2vec,1.0000001192092896,a_only,adult
word2vec,1.0000001192092896,neither,sparse
word2vec,0.9838199615478516,shared,detail
word2vec,0.014934639446437359,b_only,compliment
word2vec,-0.013686412014067173,neither,escorted
word2vec,0.9885118007659912,shared,alter
word2vec,0.9999998807907104,neither,indies
word2vec,1.0,a_only,asparagales
word2vec,-0.032949015498161316,b_only,bundle
word2vec,0.9726794362068176,shared,chile
word2vec,1.0,a_only,dorothy
word2vec,1.0,neither,exploit
word2vec,1.0,neither,hindered
word2vec,0.8091787099838257,shared,under
word2vec,0.9985067248344421,shared,intelligent
word2vec,0.9322742819786072,shared,judged
word2vec,0.9902896881103516,shared,sport
word2vec,0.9911549687385559,shared,bears
word2vec,0.9999999403953552,neither,pleas
word2vec,1.0,neither,corp
word2vec,0.04470819607377052,neither,unbearable
word2vec,0.9999998807907104,neither,philo
word2vec,1.0,neither,flocks
word2vec,0.10131551325321198,neither,smashed
word2vec,0.9626352787017822,shared,year
word2vec,1.0,neither,parasite
word2vec,1.0,a_only,armenian
word2vec,0.9794368743896484,shared,pursuit
word2vec,1.0,a_only,anthropological
word2vec,1.0,neither,outraged
word2vec,1.0,neither,lumped
word2vec,0.9936501383781433,shared,arrangement
word2vec,1.0,neither,salisbury
word2vec,1.0000001192092896,a_only,andes
word2vec,0.9973973631858826,shared,miniature
word2vec,0.9999999403953552,a_only,april
word2vec,1.0,a_only,ak
word2vec,-0.22393183410167694,neither,ample
word2vec,0.9858503341674805,shared,burn
word2vec,0.9956536293029785,shared,ascent
word2vec,0.8494135737419128,shared,chair
word2vec,0.723692774772644,shared,in
word2vec,1.0000001192092896,neither,hume
word2vec,1.0,neither,circulation
word2vec,0.9999999403953552,neither,pneumonia
word2vec,1.0,neither,asthma
word2vec,0.9999998807907104,a_only,styles
word2vec,0.9974572062492371,neither,involuntary
word2vec,0.08615902066230774,b_only,glanced
word2vec,0.995730459690094,shared,covering
word2vec,1.0,neither,inflammatory
word2vec,0.16724024713039398,b_only,clung
word2vec,0.9598245024681091,shared,funeral
word2vec,0.9999999403953552,neither,susceptible
word2vec,-0.046290889382362366,neither,feller
word2vec,0.2891416549682617,neither,straining
word2vec,0.8847245573997498,shared,honour
word2vec,0.09620315581560135,b_only,waistcoat
word2vec,0.9999998807907104,neither,kj
word2vec,0.9931759238243103,shared,previously
word2vec,0.9902047514915466,shared,multitude
word2vec,0.10738963633775711,b_only,weighed
word2vec,1.0,neither,affirm
word2vec,1.0,neither,chronological
word2vec,0.985549807548523,shared,signal
word2vec,0.9960525631904602,shared,prime
word2vec,0.9999998807907104,neither,andrews
word2vec,0.1020115464925766,neither,nought
word2vec,0.9944605231285095,shared,results
word2vec,1.0,a_only,municipal
word2vec,1.0,neither,staffed
word2vec,0.06177560240030289,b_only,madly
word2vec,1.0,neither,guinness
word2vec,0.052917856723070145,neither,fare
word2vec,0.11425943672657013,neither,polyglot
word2vec,1.0,neither,atop
word2vec,0.16103020310401917,neither,withered
word2vec,1.0,neither,filmmaking
word2vec,0.9800571203231812,shared,mont
word2vec,0.9999998807907104,neither,sociologist
word2vec,0.9999998807907104,neither,bethel
word2vec,0.9917612671852112,shared,saving
word2vec,1.0000001192092896,a_only,miscellaneous
word2vec,0.9986965656280518,shared,ruled
word2vec,1.0,neither,zulu
word2vec,0.745086669921875,shared,is
word2vec,0.2087792009115219,b_only,chained
word2vec,0.8468422293663025,shared,open
word2vec,0.9679456949234009,shared,alley
word2vec,0.9995034337043762,shared,attribute
word2vec,0.9706494808197021,shared,deck
word2vec,1.0000001192092896,neither,bracelet
word2vec,1.0000001192092896,a_only,ld
word2vec,1.0,a_only,unification
word2vec,-0.009724531322717667,neither,pitying
word2vec,0.7744619250297546,shared,her
word2vec,1.0,neither,discusses
word2vec,1.0000001192092896,neither,astrometry
word2vec,0.9138144254684448,shared,read
word2vec,1.0,a_only,facilities
word2vec,1.0000001192092896,a_only,amaranth
word2vec,0.8851628303527832,shared,watching
word2vec,1.0,neither,abuses
word2vec,1.0,neither,cortex
word2vec,0.8753217458724976,shared,passed
word2vec,1.0,a_only,vowels
word2vec,1.0000001192092896,neither,utilities
word2vec,0.914447546005249,shared,editions
word2vec,1.0,a_only,ibrahim
word2vec,1.0,neither,mya
word2vec,1.0000001192092896,a_only,stewart
word2vec,1.0,neither,amended
word2vec,0.018009420484304428,neither,humility
word2vec,0.9738712906837463,shared,fashion
word2vec,0.9999998807907104,neither,marlow
word2vec,0.9978001713752747,shared,grows
word2vec,0.9999998807907104,neither,constantius
word2vec,0.9956676363945007,shared,weakened
word2vec,1.0000001192092896,neither,learns
word2vec,0.9999998807907104,neither,haider
word2vec,1.0000001192092896,neither,despot
word2vec,0.20833471417427063,neither,fowls
word2vec,0.9999998807907104,neither,mouthwash
word2vec,0.9951480627059937,shared,sixth
word2vec,1.0,neither,evans
word2vec,0.11025282740592957,neither,doings
word2vec,0.01146531943231821,neither,blackest
word2vec,-0.08518770337104797,neither,mullins
word2vec,1.0,a_only,syria
word2vec,1.0000001192092896,neither,onyx
word2vec,1.0,a_only,occult
word2vec,1.0,a_only,annexed
word2vec,-0.04960407689213753,neither,tattooed
word2vec,0.9999998807907104,neither,backdrop
word2vec,-0.14083369076251984,b_only,trousers
word2vec,0.13047420978546143,b_only,fiend
word2vec,1.0000001192092896,neither,ceases
word2vec,1.0000001192092896,a_only,stations
word2vec,0.9759422540664673,shared,spiders
word2vec,0.8764274716377258,shared,rabbit
word2vec,0.9379148483276367,shared,account
word2vec,0.08588757365942001,neither,soliloquy
word2vec,0.9999999403953552,neither,juno
word2vec,0.9990972280502319,shared,establish
word2vec,1.0,neither,filmed
word2vec,1.0,neither,dehydration
word2vec,0.9653922319412231,shared,soldiers
word2vec,1.0,neither,australasia
word2vec,0.9999999403953552,neither,divorce
word2vec,1.0,neither,static
word2vec,0.9971831440925598,shared,instruction
word2vec,0.9280703663825989,shared,stretched
word2vec,1.0000001192092896,neither,evolve
word2vec,1.0,neither,appropriated
word2vec,0.9600533843040466,shared,cast
word2vec,1.0,a_only,minority
word2vec,1.0,a_only,electron
word2vec,1.0,a_only,suffix
word2vec,1.0,neither,batll
word2vec,1.0000001192092896,a_only,einstein
word2vec,0.11386740952730179,neither,supposition
word2vec,-0.09769393503665924,neither,phagous
word2vec,1.0000001192092896,neither,geopolitics
word2vec,1.0,a_only,recurring
word2vec,0.9999998807907104,neither,rye
word2vec,1.0,a_only,constellation
word2vec,1.0,neither,sidelines
word2vec,0.9254686832427979,shared,short
word2vec,-0.018401438370347023,neither,terrors
word2vec,1.0000001192092896,a_only,florence
word2vec,0.9978704452514648,shared,copies
word2vec,1.0,a_only,antonio
word2vec,1.0000001192092896,neither,slovenia
word2vec,1.0,neither,piety
word2vec,0.9997575283050537,shared,robert
word2vec,1.0000001192092896,a_only,kilometers
word2vec,0.9542247653007507,shared,limb
word2vec,0.9983919262886047,shared,activity
word2vec,0.8171160221099854,shared,a
word2vec,0.07902444899082184,b_only,firmness
word2vec,1.0,a_only,turks
word2vec,1.0000001192092896,neither,ignatius
word2vec,0.7961102724075317,shared,get
word2vec,0.9999999403953552,neither,burundi
word2vec,0.055632393807172775,neither,curling
word2vec,0.16900426149368286,neither,orphan
word2vec,0.994091272354126,shared,latest
word2vec,1.0,a_only,gide
word2vec,0.9820462465286255,shared,wasted
word2vec,-0.0018266253173351288,neither,gliding
word2vec,0.996674656867981,shared,spending
word2vec,1.0,a_only,northwestern
word2vec,0.9999999403953552,neither,gland
word2vec,0.9999998807907104,neither,notoriously
word2vec,0.9999999403953552,a_only,inter
word2vec,0.9982452392578125,shared,inspector
word2vec,0.9988610744476318,shared,welfare
word2vec,0.9892818331718445,shared,shortly
word2vec,0.990537166595459,shared,condemned
word2vec,1.0,neither,subatomic
word2vec,-0.0021598543971776962,neither,smelling
word2vec,0.993181049823761,neither,reigned
word2vec,0.96638023853302,shared,helped
word2vec,-0.05513642355799675,b_only,tiptoe
word2vec,0.9999998807907104,neither,prompted
word2vec,0.2733238935470581,neither,revengeful
word2vec,0.9999998807907104,neither,esters
word2vec,0.021585220471024513,neither,sits
word2vec,1.0,a_only,analog
word2vec,0.9998044967651367,shared,limits
word2vec,1.0,a_only,patented
word2vec,0.002677252748981118,b_only,searched
word2vec,0.8527119755744934,shared,will
word2vec,1.0,neither,virulent
word2vec,0.983108401298523,shared,elsewhere
word2vec,1.0000001192092896,neither,ller
word2vec,0.06982152163982391,b_only,glad
word2vec,1.0000001192092896,neither,cu
word2vec,0.08158524334430695,b_only,tedious
word2vec,0.06610763072967529,b_only,1894
word2vec,0.9999999403953552,a_only,winner
word2vec,1.0000001192092896,neither,nutrition
word2vec,1.0,neither,gentiles
word2vec,0.9858720898628235,shared,exceedingly
word2vec,0.9836522340774536,shared,trip
word2vec,1.0000001192092896,a_only,numbered
word2vec,0.9653775691986084,shared,anywhere
word2vec,0.0038413209840655327,b_only,parting
word2vec,0.9999998807907104,a_only,fermented
word2vec,1.0,a_only,chronology
word2vec,1.0000001192092896,neither,animalium
word2vec,0.9870031476020813,shared,rent
word2vec,-0.04016686603426933,b_only,fo
word2vec,-0.03542128577828407,neither,transaction
word2vec,0.1536022573709488,neither,admires
word2vec,-0.06788002699613571,neither,barber
word2vec,1.0000001192092896,a_only,alternate
word2vec,-0.09432709962129593,neither,unmoved
word2vec,0.09284147620201111,neither,thar
word2vec,0.9947097897529602,shared,depression
word2vec,1.0,neither,businessmen
word2vec,1.0,a_only,clockwork
word2vec,1.0,neither,longitude
word2vec,0.9900375604629517,shared,objects
word2vec,0.9786244630813599,shared,strangers
word2vec,1.0,neither,osiander
word2vec,0.9999998807907104,neither,diminish
word2vec,1.0000001192092896,neither,endorsed
word2vec,0.9804390668869019,shared,temple
word2vec,0.2957659661769867,b_only,chaise
word2vec,1.0,neither,signers
word2vec,0.9999999403953552,a_only,fails
word2vec,-0.03795092925429344,neither,icy
word2vec,0.9999998807907104,neither,espoused
word2vec,1.0,neither,cary
word2vec,0.022185053676366806,neither,winking
word2vec,1.0,a_only,convicted
word2vec,1.0000001192092896,neither,marc
word2vec,-0.18008960783481598,b_only,consolation
word2vec,1.0000001192092896,a_only,archaea
word2vec,1.0,neither,dopamine
word2vec,1.0000001192092896,a_only,motivation
word2vec,-0.03226491063833237,neither,untimely
word2vec,1.0,neither,ptolemaic
word2vec,0.9999999403953552,neither,chemically
word2vec,0.9999999403953552,neither,multiplicative
word2vec,1.0000001192092896,neither,countless
word2vec,1.0,a_only,continent
word2vec,0.9957411289215088,shared,accompanying
word2vec,1.0,neither,exceptionally
word2vec,0.9999998807907104,a_only,hydrogen
word2vec,0.9960931539535522,shared,farmers
word2vec,1.0,neither,cornell
word2vec,-0.018202688544988632,b_only,chap
word2vec,0.256253182888031,neither,adieu
word2vec,0.99730384349823,shared,proportion
word2vec,1.0,neither,lowlands
word2vec,0.9273934960365295,shared,gang
word2vec,0.9985113143920898,shared,precise
word2vec,1.0,neither,andersson
word2vec,0.9999998807907104,neither,tensions
word2vec,1.0000001192092896,a_only,vietnamese
word2vec,0.1807561218738556,b_only,handkerchief
word2vec,-0.09200078994035721,neither,xix
word2vec,-0.09468100219964981,b_only,nted
word2vec,0.9400047063827515,shared,frog
word2vec,0.9999998807907104,a_only,footballer
word2vec,1.0,neither,kwanza
word2vec,1.0,neither,spiritualism
word2vec,1.0,neither,brownian
word2vec,0.9705234169960022,shared,effort
word2vec,-0.29100388288497925,b_only,coachman
word2vec,1.0000001192092896,a_only,unnamed
word2vec,1.0000001192092896,a_only,kubrick
word2vec,0.9939565658569336,shared,august
word2vec,0.999437153339386,shared,bristol
word2vec,-0.06458461284637451,b_only,charm
word2vec,0.03724048659205437,neither,complying
word2vec,1.0,a_only,publication
word2vec,1.0,neither,checks
word2vec,1.0,a_only,magical
word2vec,0.9779340028762817,shared,armed
word2vec,0.9548354744911194,shared,ferry
word2vec,1.0000001192092896,neither,splashdown
word2vec,-0.1479128897190094,neither,bliss
word2vec,0.12809480726718903,neither,inwardly
word2vec,0.8708592653274536,shared,whilst
word2vec,1.0,neither,alcoholic
word2vec,0.9934517741203308,shared,answers
word2vec,1.0,neither,munich
word2vec,0.9999998807907104,a_only,tissues
word2vec,-0.022773539647459984,neither,tapped
word2vec,1.0,a_only,fran
word2vec,1.0,neither,satrap
word2vec,1.0,neither,transitions
word2vec,-0.001459238352254033,neither,snore
word2vec,1.0,a_only,os
word2vec,0.9958609342575073,shared,mystic
word2vec,0.9953275918960571,shared,brief
word2vec,1.0000001192092896,neither,russel
word2vec,1.0,neither,wishbone
word2vec,1.0000001192092896,a_only,economists
word2vec,0.9960674047470093,shared,adding
word2vec,1.0000001192092896,neither,autobiographical
word2vec,1.0,neither,shiftrows
word2vec,1.0,neither,iq
word2vec,1.0,a_only,discussions
word2vec,1.0000001192092896,neither,southampton
word2vec,0.9193528294563293,shared,hung
word2vec,-0.06967005878686905,b_only,shade
word2vec,-0.11231435835361481,neither,lovingly
word2vec,0.16722628474235535,neither,monds
word2vec,0.9999998807907104,neither,atomism
word2vec,0.04046934098005295,neither,sneaking
word2vec,1.0000001192092896,a_only,kournikova
word2vec,0.9999999403953552,a_only,singapore
word2vec,0.9798032641410828,shared,virtue
word2vec,0.9916799068450928,shared,contrast
word2vec,0.9999998807907104,neither,pulmonary
word2vec,1.0,neither,boer
word2vec,1.0,a_only,anthropology
word2vec,1.0000001192092896,neither,dwellers
word2vec,1.0,neither,assyria
word2vec,1.0,neither,proficient
word2vec,0.9660149216651917,shared,summer
word2vec,0.06293916702270508,neither,procure
word2vec,1.0,neither,expenditure
word2vec,0.9893532991409302,shared,trap
word2vec,1.0,neither,snail
word2vec,0.9794529676437378,shared,lift
word2vec,1.0,a_only,cube
word2vec,1.0000001192092896,a_only,origen
word2vec,1.0,neither,drill
word2vec,0.20161393284797668,b_only,monsieur
word2vec,0.9952864646911621,shared,parker
word2vec,0.9999998807907104,a_only,talmud
word2vec,1.0000001192092896,neither,ansbach
word2vec,1.0,neither,aspiration
word2vec,0.9477490186691284,shared,hole
word2vec,1.0,neither,mort
word2vec,0.15308192372322083,neither,absurdly
word2vec,0.1418858766555786,neither,emmeline
word2vec,0.32537662982940674,neither,cups
word2vec,0.13498692214488983,neither,inflamed
word2vec,0.998968243598938,shared,crude
word2vec,0.16062848269939423,neither,piercing
word2vec,0.01082584448158741,b_only,contempt
word2vec,1.0,neither,approximation
word2vec,1.0,neither,manila
word2vec,1.0,neither,ip
word2vec,0.11629604548215866,b_only,earnest
word2vec,0.9642265439033508,shared,visible
word2vec,0.9881525635719299,shared,presents
word2vec,0.9747866988182068,shared,string
word2vec,0.040382158011198044,neither,lieve
word2vec,1.0000001192092896,neither,aleutians
word2vec,0.9999999403953552,neither,sidewise
word2vec,1.0000001192092896,neither,centres
word2vec,0.9592289328575134,shared,pretend
word2vec,0.994780421257019,shared,separation
word2vec,0.9712177515029907,shared,falling
word2vec,0.05605202913284302,neither,instinctive
word2vec,1.0,a_only,generic
word2vec,0.9999998807907104,a_only,cession
word2vec,0.974579930305481,shared,parents
word2vec,1.0,neither,cohen
word2vec,1.0,neither,vested
word2vec,0.9999999403953552,a_only,anatolia
word2vec,0.988057553768158,shared,serve
word2vec,1.0000001192092896,neither,actium
word2vec,-0.0036809341982007027,b_only,squeeze
word2vec,-0.07486314326524734,neither,yaller
word2vec,0.057535476982593536,b_only,loathsome
word2vec,0.9990503191947937,shared,danube
word2vec,-0.045302558690309525,neither,abused
word2vec,0.10619720071554184,neither,jumps
word2vec,1.0,a_only,interpret
word2vec,0.02870001271367073,neither,quieted
word2vec,0.07703065872192383,neither,sereth
word2vec,0.9955160021781921,shared,richard
word2vec,0.9604964852333069,shared,obliged
word2vec,0.9965617060661316,shared,devices
word2vec,1.0,neither,theodore
word2vec,1.0,neither,utilitarian
word2vec,0.9999999403953552,neither,gemini
word2vec,1.0,neither,optics
word2vec,0.10826148837804794,neither,salary
word2vec,-0.0630415603518486,neither,oblivion
word2vec,1.0000001192092896,a_only,kickoff
word2vec,1.0,a_only,pod
word2vec,1.0000001192092896,neither,tornado
word2vec,1.0000001192092896,a_only,frac
word2vec,0.9999999403953552,a_only,inventors
word2vec,0.9999999403953552,neither,gastrointestinal
word2vec,1.0,neither,infertile
word2vec,1.0000001192092896,neither,modular
word2vec,1.0000001192092896,a_only,chloride
word2vec,0.9912412762641907,shared,basin
word2vec,0.9999999403953552,neither,titus
word2vec,1.0000001192092896,neither,bertha
word2vec,0.9999999403953552,neither,sued
word2vec,1.0000001192092896,neither,outlines
word2vec,1.0,neither,expelling
word2vec,-0.10099601745605469,b_only,shoved
word2vec,0.06326188147068024,neither,immovable
word2vec,0.16358870267868042,neither,adoration
word2vec,1.0,neither,temporarily
word2vec,0.8643050789833069,shared,sometimes
word2vec,0.9977093935012817,shared,partial
word2vec,-0.03831671178340912,neither,emigrants
word2vec,0.9947832822799683,shared,overwhelmed
word2vec,1.0000001192092896,a_only,conservation
word2vec,0.25464701652526855,neither,inferences
word2vec,1.0,a_only,soroban
word2vec,0.9687245488166809,shared,agreed
word2vec,0.998691976070404,shared,comparing
word2vec,0.03766399994492531,neither,flutter
word2vec,0.9918149709701538,shared,panic
word2vec,-0.05074109509587288,neither,tst
word2vec,0.9624795913696289,shared,square
word2vec,0.9922604560852051,shared,actions
word2vec,1.0,a_only,decade
word2vec,0.9092440009117126,shared,whole
word2vec,0.04996746778488159,neither,whereon
word2vec,0.2062494456768036,neither,unclean
word2vec,0.9851927161216736,shared,wonderland
word2vec,0.9348875284194946,shared,wife
word2vec,0.03993886336684227,neither,hue
word2vec,0.9999999403953552,neither,igor
word2vec,0.9732847213745117,shared,leather
word2vec,0.06724123656749725,neither,exaggeration
word2vec,0.1622924953699112,neither,unexpectedly
word2vec,0.06596998125314713,b_only,fantastic
word2vec,0.017780549824237823,neither,anyways
word2vec,1.0,neither,han
word2vec,-0.020276760682463646,neither,diffidence
word2vec,1.0,neither,predictable
word2vec,0.016116317361593246,neither,5th
word2vec,0.9831066131591797,shared,cannon
word2vec,0.9983572959899902,shared,salvation
word2vec,0.9999998807907104,a_only,stalin
word2vec,0.03662996366620064,b_only,lifeless
word2vec,0.9253501296043396,shared,does
word2vec,0.9963900446891785,shared,integrity
word2vec,0.9968075752258301,shared,stark
word2vec,1.0,neither,syndicalist
word2vec,0.0359252393245697,neither,sho
word2vec,1.0,neither,skeletons
word2vec,-0.020954178646206856,neither,admiring
word2vec,0.9606754779815674,shared,hidden
word2vec,1.0000001192092896,a_only,abbeys
word2vec,0.9035220742225647,shared,lit
word2vec,1.0,neither,maturity
word2vec,0.9615452885627747,shared,leg
word2vec,0.042648956179618835,neither,holler
word2vec,0.9710183143615723,shared,church
word2vec,0.9947476983070374,shared,lakes
word2vec,0.9999999403953552,neither,martyrdom
word2vec,0.9064857363700867,shared,shaking
word2vec,0.9646103382110596,shared,effect
word2vec,0.9639460444450378,shared,chorus
word2vec,0.18410873413085938,neither,sown
word2vec,1.0,a_only,decreased
word2vec,1.0,neither,fallacy
word2vec,-0.15884721279144287,neither,flourish
word2vec,-0.0007691588834859431,neither,generly
word2vec,0.24500872194766998,neither,ryder
word2vec,0.9881740808486938,shared,rises
word2vec,0.0036320642102509737,neither,languor
word2vec,0.9514352083206177,shared,camp
word2vec,1.0000001192092896,neither,ordo
word2vec,1.0,neither,drake
word2vec,0.9999998807907104,neither,penguins
word2vec,0.9968705177307129,shared,essence
word2vec,0.06757869571447372,neither,pauses
word2vec,0.0690809041261673,neither,swollen
word2vec,1.0,a_only,doubleday
word2vec,1.0,neither,appeasement
word2vec,1.0000001192092896,a_only,truffaut
word2vec,1.0,neither,coding
word2vec,1.0,neither,galaxy
word2vec,1.0,neither,pashtun
word2vec,0.9999998807907104,neither,rotary
word2vec,0.12216277420520782,b_only,ardent
word2vec,0.9999998807907104,neither,boeing
word2vec,1.0,neither,cloisters
word2vec,1.0,neither,olympian
word2vec,0.8642420172691345,shared,silent
word2vec,0.9223160743713379,shared,flash
word2vec,0.9980002045631409,shared,artistic
word2vec,1.0,a_only,benny
word2vec,1.0000001192092896,neither,ya
word2vec,1.0,neither,alh
word2vec,0.059782419353723526,neither,nod
word2vec,0.9890628457069397,shared,traces
word2vec,0.9259066581726074,shared,places
word2vec,0.9811277985572815,shared,e
word2vec,0.9914140105247498,shared,reduced
word2vec,0.033944208174943924,neither,encompassed
word2vec,-0.05359913036227226,neither,unjustly
word2vec,1.0000001192092896,neither,metabolism
word2vec,0.11544618755578995,neither,precipices
word2vec,0.9821987748146057,shared,prospect
word2vec,1.0,neither,diabetes
word2vec,0.9951566457748413,shared,complaints
word2vec,-0.10141851007938385,b_only,eagerness
word2vec,1.0000001192092896,a_only,equations
word2vec,1.0,a_only,despite
word2vec,0.9459744095802307,shared,wait
word2vec,0.7588158845901489,shared,then
word2vec,0.9677111506462097,shared,probably
word2vec,0.9999999403953552,a_only,pioneer
word2vec,0.9999998807907104,neither,bartlett
word2vec,0.9600567817687988,shared,breaking
word2vec,0.13360507786273956,b_only,stile
word2vec,0.08940014243125916,neither,lounging
word2vec,0.027461767196655273,neither,muskets
word2vec,0.9512995481491089,shared,creatures
word2vec,1.0,neither,collectors
word2vec,0.9988832473754883,shared,article
word2vec,0.7988795638084412,shared,are
word2vec,0.9999075531959534,shared,pacific
word2vec,1.0,a_only,bilingual
word2vec,0.06269779056310654,b_only,amy
word2vec,1.0,a_only,treatise
word2vec,0.7584254145622253,shared,queen
word2vec,1.0,a_only,imperium
word2vec,0.9999998807907104,neither,addictions
word2vec,0.024944059550762177,b_only,24
word2vec,0.9112972021102905,shared,garden
word2vec,0.9999998807907104,a_only,matt
word2vec,0.9999999403953552,neither,fiscal
word2vec,0.9999998807907104,neither,agavaceae
word2vec,1.0,a_only,concerto
word2vec,0.9968239068984985,shared,labor
word2vec,1.0,neither,allotted
word2vec,-0.06163804233074188,neither,petrified
word2vec,1.0,neither,hammond
word2vec,0.21332521736621857,neither,invaluable
word2vec,1.0000001192092896,neither,tango
word2vec,0.9999998807907104,neither,sandwich
word2vec,0.9999998807907104,a_only,phylum
word2vec,1.0,neither,radcliffe
word2vec,0.9999998807907104,neither,premiership
word2vec,0.9989621639251709,shared,writers
word2vec,0.2141348272562027,b_only,coroner
word2vec,1.0,neither,conferred
word2vec,1.0000001192092896,neither,majesties
word2vec,1.0,neither,gal
word2vec,0.9999998807907104,a_only,championship
word2vec,1.0000001192092896,neither,oscars
word2vec,0.9869487881660461,shared,wanting
word2vec,1.0,a_only,conquests
word2vec,1.0,neither,galileo
word2vec,0.9564545750617981,shared,rising
word2vec,0.9976969957351685,shared,maria
word2vec,1.0,a_only,destructive
word2vec,1.0,neither,caucus
word2vec,0.09540655463933945,neither,sycamore
word2vec,0.9999998807907104,neither,jewelry
word2vec,0.9999998807907104,neither,quantification
word2vec,0.14785167574882507,b_only,lazy
word2vec,0.9999998807907104,a_only,amhr
word2vec,0.9968876242637634,shared,l
word2vec,0.1012657880783081,b_only,countenance
word2vec,1.0,neither,democrat
word2vec,0.08098907023668289,neither,puzzling
word2vec,0.1322607696056366,neither,carmagnole
word2vec,0.9933106899261475,shared,fortress
word2vec,1.0,neither,nucleophilic
word2vec,1.0,neither,continuously
word2vec,1.0,neither,discord
word2vec,0.7421627640724182,shared,but
word2vec,0.9999999403953552,neither,eras
word2vec,1.0,neither,wozniak
word2vec,0.9999999403953552,a_only,tourist
word2vec,-0.06551739573478699,b_only,yourself
word2vec,0.9884859919548035,shared,constantly
word2vec,1.0,neither,thumbs
word2vec,0.9939112663269043,shared,shorthand
word2vec,1.0000001192092896,a_only,santa
word2vec,0.9956645965576172,shared,gravity
word2vec,1.0,a_only,dean
word2vec,0.9999999403953552,neither,presley
word2vec,1.0000001192092896,neither,biologist
word2vec,1.0,neither,hannah
word2vec,1.0,neither,johansson
word2vec,0.9999999403953552,neither,reciprocity
word2vec,-0.02064400538802147,b_only,cunning
word2vec,-0.08569348603487015,neither,scrap
word2vec,1.0,a_only,progressive
word2vec,1.0,neither,profess
word2vec,1.0,a_only,successors
word2vec,0.9801781177520752,shared,useless
word2vec,0.005224029533565044,b_only,rejoice
word2vec,1.0,neither,cicero
word2vec,0.9979965686798096,shared,discretion
word2vec,0.07934313267469406,b_only,boast
word2vec,1.0000001192092896,neither,windmill
word2vec,0.9999999403953552,neither,basins
word2vec,1.0000001192092896,a_only,validity
word2vec,0.9999999403953552,a_only,atomic
word2vec,0.999191164970398,shared,expensive
word2vec,1.0,a_only,defenses
word2vec,1.0,neither,limfjord
word2vec,0.9703916907310486,shared,sooner
word2vec,0.20839491486549377,neither,overpowering
word2vec,1.0000001192092896,a_only,arcade
word2vec,0.14992430806159973,b_only,slip
word2vec,1.0,neither,portray
word2vec,0.921151876449585,shared,tears
word2vec,0.05565780773758888,neither,concourse
word2vec,0.015131140127778053,neither,lazily
word2vec,0.1569339781999588,b_only,ling
word2vec,0.056471630930900574,neither,bitten
word2vec,1.0,neither,pontifex
word2vec,1.0000001192092896,neither,subkey
word2vec,0.06175420805811882,neither,extraordinarily
word2vec,0.3826606273651123,neither,trains
word2vec,0.15073424577713013,neither,stockings
word2vec,0.2352723330259323,b_only,unlucky
word2vec,0.9845870137214661,shared,introduced
word2vec,0.9999999403953552,neither,riot
word2vec,1.0,neither,expulsion
word2vec,1.0,a_only,zf
word2vec,1.0000001192092896,neither,divorced
word2vec,0.7195074558258057,shared,like
word2vec,1.0,neither,spontaneously
word2vec,0.9994451999664307,shared,independence
word2vec,0.009712005965411663,b_only,gloom
word2vec,0.06996794790029526,neither,fatigued
word2vec,-0.06786594539880753,neither,poisoned
word2vec,0.9336090683937073,shared,flew
word2vec,0.984788715839386,shared,mud
word2vec,0.9426056742668152,shared,passage
word2vec,0.9999999403953552,a_only,luanda
word2vec,1.0000001192092896,neither,stig
word2vec,0.10071924328804016,neither,headlong
word2vec,-0.055258601903915405,neither,pallid
word2vec,-0.034054484218358994,neither,sheriff
word2vec,0.8522301912307739,shared,could
word2vec,0.047229863703250885,neither,parcel
word2vec,0.042647119611501694,b_only,sombre
word2vec,0.9979232549667358,shared,artists
word2vec,0.09629887342453003,neither,aloof
word2vec,0.007502250839024782,neither,narcotic
word2vec,0.9999998807907104,a_only,hungary
word2vec,1.0000001192092896,a_only,atlas
word2vec,1.0,a_only,maximum
word2vec,1.0000001192092896,neither,suction
word2vec,0.9882076382637024,shared,pouring
word2vec,0.9999999403953552,neither,venezuela
word2vec,1.0,a_only,greeks
word2vec,0.7344048619270325,shared,thought
word2vec,0.9999999403953552,neither,deacon
word2vec,1.0,a_only,technically
word2vec,0.9869494438171387,shared,exhausted
word2vec,1.0,neither,hydrofoil
word2vec,-0.0016476241871714592,neither,frocks
word2vec,0.9999999403953552,neither,returner
word2vec,0.037990499287843704,neither,ow
word2vec,0.036715246737003326,neither,blackness
word2vec,0.13022497296333313,neither,overflowed
word2vec,-0.05386682227253914,neither,daisies
word2vec,0.9999999403953552,neither,zurich
word2vec,1.0,a_only,rebuilding
word2vec,0.20346710085868835,neither,gape
word2vec,0.22566673159599304,neither,condescended
word2vec,0.9807363152503967,shared,officers
word2vec,0.9999999403953552,a_only,implies
word2vec,1.0,neither,nasser
word2vec,1.0,neither,swan
word2vec,1.0000001192092896,neither,charging
word2vec,0.9971606731414795,neither,ornaments
word2vec,1.0,a_only,depravity
word2vec,1.0000001192092896,a_only,albanian
word2vec,0.06889442354440689,neither,pathway
word2vec,-0.020495077595114708,neither,bowing
word2vec,0.02179720625281334,b_only,feverish
word2vec,1.0,a_only,interestingly
word2vec,0.9764158725738525,shared,soap
word2vec,0.9583061933517456,shared,manners
word2vec,1.0000001192092896,neither,fr
word2vec,0.1354869157075882,neither,shrubbery
word2vec,1.0000001192092896,a_only,arguably
word2vec,0.9983059167861938,shared,patent
word2vec,1.0,neither,villiers
word2vec,0.03680790960788727,neither,stairway
word2vec,-0.00989728793501854,neither,pricked
word2vec,0.9911600947380066,shared,w
word2vec,0.9999999403953552,neither,dancer
word2vec,0.9914074540138245,shared,energetic
word2vec,1.0,neither,henrik
word2vec,0.9110503196716309,shared,hanging
word2vec,0.977031946182251,shared,eleven
word2vec,1.0,a_only,crashes
word2vec,1.0,neither,granite
word2vec,1.0,a_only,aquarius
word2vec,0.9228780269622803,shared,ready
word2vec,0.9889518022537231,shared,equality
word2vec,1.0000001192092896,a_only,edinburgh
word2vec,0.9993196725845337,shared,identity
word2vec,0.9999998807907104,a_only,agni
word2vec,0.9999998807907104,neither,berger
word2vec,0.9962397813796997,shared,coal
word2vec,0.134809210896492,neither,appeased
word2vec,0.9527379870414734,shared,shot
word2vec,1.0000001192092896,a_only,senate
word2vec,1.0,a_only,selective
word2vec,1.0,neither,bankrupt
word2vec,1.0000001192092896,neither,manuel
word2vec,0.9913005828857422,neither,coaches
word2vec,0.982550859451294,shared,sustained
word2vec,0.1854342818260193,b_only,forgot
word2vec,0.9999999403953552,a_only,sheen
word2vec,0.9911893010139465,shared,prize
word2vec,-0.06893833726644516,neither,scented
word2vec,-0.04189425706863403,neither,admirably
word2vec,1.0000001192092896,a_only,norwegian
word2vec,1.0,a_only,corporation
word2vec,0.9878323674201965,shared,wounded
word2vec,1.0,a_only,funding
word2vec,1.0000001192092896,a_only,agencies
word2vec,1.0,neither,urine
word2vec,1.0,neither,highways
word2vec,1.0,a_only,african
word2vec,-0.0023241506423801184,b_only,smiles
word2vec,0.9999999403953552,a_only,amateurs
word2vec,0.9939044117927551,shared,res
word2vec,0.17713594436645508,neither,wilfully
word2vec,0.9631890058517456,shared,carry
word2vec,1.0000001192092896,neither,aegisthus
word2vec,0.9999998807907104,a_only,immortality
word2vec,0.9947459697723389,shared,foreign
word2vec,1.0,neither,dojo
word2vec,0.995604932308197,shared,bay
word2vec,0.9999998807907104,neither,mime
word2vec,1.0,neither,pseudonyms
word2vec,1.0000001192092896,a_only,genetic
word2vec,0.9994092583656311,shared,wilson
word2vec,1.0,a_only,gamma
word2vec,0.9999998807907104,neither,characterize
word2vec,0.9887928366661072,shared,facing
word2vec,0.9999999403953552,a_only,aires
word2vec,1.0,a_only,inequality
word2vec,0.9984424114227295,shared,methods
word2vec,1.0000001192092896,a_only,da
word2vec,0.2838093936443329,neither,unsettled
word2vec,1.0000001192092896,neither,hospitals
word2vec,1.0,a_only,au
word2vec,0.9999999403953552,a_only,unmanned
word2vec,1.0,a_only,undergo
word2vec,0.9999999403953552,neither,autocrat
word2vec,0.9691291451454163,shared,awkward
word2vec,1.0000001192092896,a_only,ep
word2vec,1.0,a_only,hymns
word2vec,1.0000001192092896,a_only,violation
word2vec,1.0000001192092896,a_only,aq
word2vec,0.9993788599967957,shared,index
word2vec,0.9561246633529663,shared,heaven
word2vec,1.0000001192092896,a_only,cavity
word2vec,0.010399515740573406,neither,fain
word2vec,0.9785758256912231,shared,persuade
word2vec,-0.09058795124292374,b_only,supposing
word2vec,0.9999999403953552,neither,wiring
word2vec,-0.0020742639899253845,neither,habitation
word2vec,0.9999999403953552,a_only,agave
word2vec,0.9933030605316162,shared,gravel
word2vec,0.9999999403953552,neither,geraldine
word2vec,-0.0006536836735904217,neither,unfolded
word2vec,1.0,a_only,currently
word2vec,-0.015371195040643215,neither,flickering
word2vec,0.9969024658203125,shared,holy
word2vec,0.9847100377082825,shared,seeking
word2vec,0.9954485893249512,shared,remainder
word2vec,0.995195746421814,shared,existed
word2vec,0.14719314873218536,neither,drooped
word2vec,0.9975420236587524,neither,accumulation
word2vec,1.0,a_only,imagery
word2vec,1.0,neither,offset
word2vec,0.10036899149417877,neither,fulfilment
word2vec,1.0,neither,strands
word2vec,0.9999999403953552,a_only,sophisticated
word2vec,0.9996852278709412,shared,engineer
word2vec,1.0,a_only,bbc
word2vec,1.0,a_only,solving
word2vec,0.9972594976425171,shared,akin
word2vec,0.058611925691366196,b_only,longing
word2vec,1.0,neither,plaque
word2vec,0.27135980129241943,b_only,damp
word2vec,0.9964959025382996,shared,headache
word2vec,0.9473721385002136,shared,particular
word2vec,0.9934875965118408,shared,esteem
word2vec,-0.11911020427942276,b_only,eagerly
word2vec,1.0,neither,recommends
word2vec,1.0000001192092896,neither,impairment
word2vec,-0.028364267200231552,neither,livid
word2vec,0.9934424161911011,shared,fishermen
word2vec,0.9984027147293091,shared,claims
word2vec,0.10077779740095139,neither,15
word2vec,1.0000001192092896,neither,lineages
word2vec,0.9940776228904724,shared,risk
word2vec,1.0,a_only,diet
word2vec,0.1939018815755844,neither,lascar
word2vec,1.0,neither,recreational
word2vec,1.0,a_only,experts
word2vec,0.9918075799942017,shared,sends
word2vec,0.03252485394477844,neither,che
word2vec,0.025291239842772484,neither,handsomely
word2vec,1.0,a_only,java
word2vec,1.0000001192092896,neither,korchnoi
word2vec,0.9999998807907104,neither,dam
word2vec,0.8262735605239868,shared,fixed
word2vec,0.04177079722285271,b_only,brass
word2vec,1.0000001192092896,neither,retail
word2vec,0.9999999403953552,a_only,axioms
word2vec,0.8701000809669495,shared,safe
word2vec,0.16572710871696472,neither,warts
word2vec,0.9999998807907104,a_only,deities
word2vec,1.0,a_only,congressional
word2vec,-0.13098886609077454,neither,pint
word2vec,0.9999999403953552,neither,alcoholism
word2vec,0.9827050566673279,shared,north
word2vec,1.0,neither,colon
word2vec,0.050518620759248734,neither,unwound
word2vec,0.014250167645514011,neither,restraint
word2vec,0.9983304738998413,shared,unite
word2vec,0.996797502040863,neither,pronounce
word2vec,0.9804860353469849,shared,catching
word2vec,1.0,neither,wcw
word2vec,1.0,neither,tech
word2vec,0.14622274041175842,b_only,wilks
word2vec,0.9936967492103577,shared,betrayed
word2vec,0.9845399260520935,shared,handful
word2vec,0.9955020546913147,shared,p
word2vec,0.9946008920669556,shared,grain
word2vec,1.0,neither,kate
word2vec,1.0000001192092896,neither,repealed
word2vec,0.9999998807907104,neither,caspian
word2vec,0.9886331558227539,shared,design
word2vec,1.0,neither,proprietors
word2vec,0.9999998807907104,a_only,ibn
word2vec,0.9999998807907104,neither,carbine
word2vec,1.0000001192092896,a_only,genesis
word2vec,0.9819654226303101,shared,conviction
word2vec,1.0,neither,slayton
word2vec,1.0,neither,visa
word2vec,0.9999999403953552,a_only,virtual
word2vec,1.0,a_only,pallas
word2vec,-0.051089297980070114,b_only,sweat
word2vec,0.9950703978538513,shared,security
word2vec,-0.007386496290564537,b_only,neighbour
word2vec,0.997470498085022,shared,causing
word2vec,1.0,neither,pelagius
word2vec,0.06266443431377411,neither,spilt
word2vec,0.9999999403953552,neither,sisal
word2vec,0.9405273795127869,shared,beauty
word2vec,0.011023747734725475,neither,intensified
word2vec,0.9728870987892151,shared,kitchen
word2vec,0.9413731694221497,shared,bottle
word2vec,0.9904707074165344,shared,actual
word2vec,0.9931830167770386,shared,lords
word2vec,0.9999998807907104,neither,sunflower
word2vec,0.9962713718414307,shared,classes
word2vec,1.0,neither,occupying
word2vec,0.9653399586677551,shared,mice
word2vec,1.0,neither,polarized
word2vec,1.0,a_only,districts
word2vec,0.9963487386703491,shared,mirrors
word2vec,0.9999998807907104,neither,spaceship
word2vec,-0.0678805261850357,neither,cigarettes
word2vec,0.9999998807907104,a_only,periodic
word2vec,0.9999999403953552,neither,amoeboids
word2vec,-0.005875278264284134,b_only,disagreeable
word2vec,1.0,neither,ie
word2vec,1.0,a_only,balloons
word2vec,0.9988701343536377,shared,webster
word2vec,1.0,a_only,holocaust
word2vec,1.0,neither,winston
word2vec,1.0,a_only,alternatives
word2vec,0.10402145981788635,neither,pretence
word2vec,0.9427734613418579,shared,forward
word2vec,0.9746521711349487,shared,circle
word2vec,0.9999998807907104,neither,par
word2vec,0.9913249015808105,neither,lent
word2vec,0.07168401777744293,neither,avenues
word2vec,0.9960579872131348,shared,sherlock
word2vec,1.0,neither,diffusion
word2vec,1.0,a_only,individualist
word2vec,0.9999998807907104,a_only,risks
word2vec,1.0000001192092896,a_only,pad
word2vec,0.9999999403953552,neither,poseidon
word2vec,0.9794060587882996,shared,existence
word2vec,1.0,neither,quinn
word2vec,1.0,a_only,ideals
word2vec,0.9905890226364136,shared,conqueror
word2vec,0.1703530102968216,neither,fatality
word2vec,0.982783854007721,shared,creation
word2vec,0.9409659504890442,shared,beat
word2vec,1.0000001192092896,a_only,overthrow
word2vec,1.0,neither,rufinus
word2vec,0.984521210193634,shared,abroad
word2vec,1.0,neither,monotheistic
word2vec,0.9975839257240295,neither,proofs
word2vec,0.9956364035606384,shared,muscle
word2vec,1.0,neither,stellar
word2vec,0.9999999403953552,a_only,hephaestus
word2vec,0.0020840868819504976,neither,shirts
word2vec,0.9917041659355164,shared,premature
word2vec,-0.035335395485162735,b_only,waked
word2vec,0.993827760219574,shared,interval
word2vec,-0.05938858911395073,neither,fangs
word2vec,0.008901393041014671,neither,revolved
word2vec,0.9999999403953552,a_only,cognitive
word2vec,0.9789367318153381,shared,aspect
word2vec,0.9691445231437683,shared,ninety
word2vec,0.9999999403953552,a_only,practiced
word2vec,1.0,a_only,organised
word2vec,1.0,neither,firearm
word2vec,0.9704641103744507,shared,nest
word2vec,-0.028549937531352043,neither,lamplight
word2vec,1.0,a_only,describes
word2vec,0.9485247135162354,shared,write
word2vec,0.8322668075561523,shared,boys
word2vec,1.0000001192092896,a_only,seeks
word2vec,1.0,neither,voyager
word2vec,0.9894989132881165,shared,youthful
word2vec,1.0,neither,mills
word2vec,1.0,neither,debuted
word2vec,1.0000001192092896,neither,ivor
word2vec,0.9266705513000488,shared,bird
word2vec,0.9977967739105225,shared,superiority
word2vec,0.9999999403953552,neither,portrays
word2vec,1.0,neither,precursors
word2vec,1.0,a_only,overall
word2vec,1.0,neither,cathode
word2vec,1.0,neither,persepolis
word2vec,0.9977501034736633,neither,healed
word2vec,-0.03361469879746437,b_only,elbows
word2vec,1.0000001192092896,neither,styria
word2vec,0.9144569039344788,shared,beginning
word2vec,0.04056301340460777,neither,studious
word2vec,1.0,neither,processed
word2vec,0.9161065816879272,shared,charles
word2vec,1.0000001192092896,neither,turkmenistan
word2vec,0.14207716286182404,neither,mome
word2vec,1.0,neither,accu
word2vec,1.0,neither,jakob
word2vec,-0.0462721511721611,neither,glimmer
word2vec,0.990599513053894,shared,gap
word2vec,1.0,neither,instigation
word2vec,0.9811369180679321,shared,departed
word2vec,1.0,neither,mohammad
word2vec,1.0,a_only,bytes
word2vec,1.0,neither,jackie
word2vec,1.0,neither,earths
word2vec,1.0,a_only,international
word2vec,0.02391108311712742,b_only,brains
word2vec,0.9977643489837646,shared,jews
word2vec,0.992015540599823,shared,scarce
word2vec,0.9999999403953552,a_only,saturn
word2vec,-0.04484853148460388,b_only,worm
word2vec,0.9999999403953552,a_only,humanitarian
word2vec,0.011060971766710281,neither,moustache
word2vec,0.08088070899248123,neither,testified
word2vec,1.0000001192092896,neither,presenting
word2vec,1.0,neither,kai
word2vec,1.0,neither,trucial
word2vec,1.0000001192092896,neither,dramatist
word2vec,0.9999998807907104,a_only,tv
word2vec,0.9648900628089905,shared,rush
word2vec,0.9945055246353149,shared,mixing
word2vec,0.13962134718894958,b_only,miserable
word2vec,1.0,a_only,pseudo
word2vec,0.9985409379005432,shared,carter
word2vec,1.0,neither,rainforests
word2vec,1.0,neither,ozone
word2vec,1.0,neither,trotsky
word2vec,1.0,a_only,jurisdiction
word2vec,0.9999999403953552,neither,antiretroviral
word2vec,1.0,neither,assembler
word2vec,0.9450550675392151,shared,unfortunate
word2vec,1.0,neither,aims
word2vec,0.13709916174411774,b_only,delight
word2vec,0.9921548962593079,shared,arch
word2vec,0.9741989970207214,shared,ideas
word2vec,0.09787572175264359,neither,triumphs
word2vec,0.9961361289024353,shared,reliance
word2vec,1.0000001192092896,neither,raphael
word2vec,0.9912014603614807,shared,inspired
word2vec,0.11216211318969727,b_only,shaken
word2vec,0.16619892418384552,b_only,dimly
word2vec,0.9999998807907104,a_only,variations
word2vec,0.9915480613708496,shared,beam
word2vec,0.16123206913471222,b_only,glancing
word2vec,0.9999998807907104,neither,hversu
word2vec,0.08089728653430939,neither,ruxton
word2vec,0.997037410736084,shared,engage
word2vec,1.0000001192092896,a_only,info
word2vec,0.138058140873909,neither,grasping
word2vec,0.041214168071746826,b_only,busted
word2vec,1.0000001192092896,neither,syndicalism
word2vec,0.9874856472015381,shared,dignity
word2vec,0.9992378354072571,shared,britain
word2vec,1.0,a_only,quantum
word2vec,1.0,a_only,socially
word2vec,1.0,neither,coordinates
word2vec,0.997409999370575,shared,contrasted
word2vec,0.016817938536405563,neither,toned
word2vec,-0.07011129707098007,b_only,deserve
word2vec,1.0,neither,rs
word2vec,1.0000001192092896,neither,tens
word2vec,-0.0769420713186264,b_only,polished
word2vec,0.9760629534721375,shared,succeed
word2vec,1.0,neither,elizabethan
word2vec,1.0,neither,defective
word2vec,0.9865240454673767,shared,measure
word2vec,0.063838429749012,neither,simpleton
word2vec,1.0000001192092896,neither,figurehead
word2vec,0.9384616613388062,shared,cake
word2vec,0.9912986159324646,shared,sons
word2vec,0.9374106526374817,shared,eat
word2vec,0.9966739416122437,shared,diminished
word2vec,0.9833676218986511,shared,holes
word2vec,0.985107421875,shared,iv
word2vec,0.943381667137146,shared,steady
word2vec,1.0000001192092896,neither,akston
word2vec,1.0,neither,rappers
word2vec,0.9476240277290344,shared,slept
word2vec,0.9906123876571655,shared,ivory
word2vec,0.9973727464675903,shared,china
word2vec,0.043262746185064316,neither,senseless
word2vec,0.9972739219665527,shared,determine
word2vec,0.9999999403953552,a_only,aleutian
word2vec,1.0,a_only,franklin
word2vec,0.00013891897106077522,b_only,lawn
word2vec,0.9853678345680237,shared,fleet
word2vec,0.9755351543426514,shared,share
word2vec,0.1966124325990677,neither,dobbins
word2vec,1.0000001192092896,a_only,jerome
word2vec,0.9598982930183411,shared,unless
word2vec,1.0,a_only,tolerance
word2vec,0.9999999403953552,a_only,architect
word2vec,1.0,neither,szasz
word2vec,0.9999999403953552,a_only,parallel
word2vec,1.0000001192092896,neither,kidnapped
word2vec,1.0,neither,primates
word2vec,0.7673364877700806,shared,pretty
word2vec,0.1263607144355774,neither,shady
word2vec,0.24731658399105072,b_only,stoner
word2vec,1.0,a_only,tool
word2vec,0.9491734504699707,shared,merely
word2vec,1.0000001192092896,a_only,mammals
word2vec,0.9999999403953552,a_only,pius
word2vec,0.9999998807907104,neither,ge
word2vec,0.9944779872894287,shared,fold
word2vec,1.0000001192092896,a_only,abortions
word2vec,0.24420718848705292,b_only,dirt
word2vec,0.948685884475708,shared,pulled
word2vec,0.08289869129657745,neither,hucky
word2vec,0.9925876259803772,shared,travels
word2vec,1.0,neither,fe
word2vec,0.8132435083389282,shared,work
word2vec,1.0,neither,kaltenbrunner
word2vec,0.07725284993648529,b_only,utmost
word2vec,0.9513906836509705,shared,lies
word2vec,1.0,a_only,producers
word2vec,0.9552515149116516,shared,running
word2vec,1.0,neither,burton
word2vec,1.0,a_only,develops
word2vec,0.99661785364151,shared,trail
word2vec,1.0000001192092896,neither,coincide
word2vec,1.0,neither,hayes
word2vec,0.9999999403953552,a_only,zealand
word2vec,1.0,a_only,publishers
word2vec,0.06316378712654114,neither,mended
word2vec,1.0,neither,dissolving
word2vec,1.0,a_only,federation
word2vec,0.9973365664482117,shared,lectures
word2vec,1.0,neither,usefulness
word2vec,1.0,neither,multimedia
word2vec,1.0000001192092896,neither,selznick
word2vec,0.1402404010295868,neither,cheered
word2vec,0.09552834182977676,neither,commencement
word2vec,1.0,neither,roth
word2vec,0.10754600167274475,b_only,vexed
word2vec,1.0,neither,erwin
word2vec,1.0,a_only,tarkovsky
word2vec,1.0,a_only,values
word2vec,1.0,a_only,burgoyne
word2vec,1.0,neither,botswana
word2vec,1.0000001192092896,neither,tariff
word2vec,0.943962574005127,shared,mon
word2vec,-0.1607336550951004,b_only,howling
word2vec,1.0,a_only,mm
word2vec,0.9862377643585205,shared,enthusiasm
word2vec,0.07302021235227585,b_only,awful
word2vec,0.015796175226569176,b_only,pepper
word2vec,0.9235768914222717,shared,really
word2vec,1.0,neither,flinders
word2vec,1.0,a_only,tasmania
word2vec,0.9981978535652161,shared,abbey
word2vec,1.0000001192092896,neither,turtledove
word2vec,0.8633963465690613,shared,love
word2vec,1.0,a_only,biology
word2vec,1.0,neither,lab
word2vec,1.0,neither,integrate
word2vec,0.9999998807907104,neither,entrepreneur
word2vec,0.0042441729456186295,neither,streamed
word2vec,1.0,a_only,lindbergh
word2vec,0.984891414642334,shared,iii
word2vec,1.0,neither,metre
word2vec,0.9997580051422119,shared,lone
word2vec,0.9999999403953552,a_only,ancestral
word2vec,0.916084349155426,shared,begin
word2vec,0.999980092048645,shared,whales
word2vec,0.9955276250839233,shared,treats
word2vec,1.0,a_only,referenced
word2vec,1.0000001192092896,neither,anatoly
word2vec,0.981735348701477,shared,fat
word2vec,1.0000001192092896,a_only,optimal
word2vec,0.187546506524086,neither,recoiled
word2vec,1.0,a_only,etymology
word2vec,1.0000001192092896,neither,birmingham
word2vec,0.07300294935703278,neither,conjectures
word2vec,1.0,neither,poupart
word2vec,1.0,a_only,antimatter
word2vec,0.9978258013725281,shared,attendance
word2vec,-0.04624538868665695,neither,steadfastly
word2vec,0.030615590512752533,b_only,lap
word2vec,0.9999999403953552,a_only,organisation
word2vec,-0.12246864289045334,neither,jaw
word2vec,0.12282521277666092,neither,panther
word2vec,-0.1138138398528099,neither,quickness
word2vec,0.9999998807907104,neither,ascetic
word2vec,1.0,a_only,vocal
word2vec,0.037271805107593536,neither,pang
word2vec,0.9920255541801453,shared,belonging
word2vec,0.9988293051719666,neither,exit
word2vec,0.08846089988946915,neither,scrawled
word2vec,0.9999999403953552,neither,forall
word2vec,0.9999998807907104,neither,subtraction
word2vec,0.9903218150138855,shared,paradise
word2vec,0.9873365163803101,shared,recall
word2vec,0.09662465006113052,neither,drip
word2vec,0.12027611583471298,neither,slates
word2vec,-0.1876533031463623,neither,expressly
word2vec,0.04376066476106644,neither,kissing
word2vec,0.9938044548034668,shared,loses
word2vec,1.0000001192092896,a_only,wheat
word2vec,1.0,a_only,rand
word2vec,0.38692620396614075,neither,000
word2vec,0.8920983672142029,shared,often
word2vec,1.0,neither,stimulus
word2vec,0.7630736827850342,shared,of
word2vec,0.9936241507530212,shared,officer
word2vec,1.0,a_only,integral
word2vec,0.10340467095375061,neither,benefited
word2vec,0.14895617961883545,neither,overcame
word2vec,-0.05476047098636627,b_only,cared
word2vec,0.9853233695030212,shared,guarded
word2vec,0.07936976850032806,neither,restrained
word2vec,1.0,a_only,occurs
word2vec,0.005120055750012398,b_only,shire
word2vec,0.2547256648540497,neither,lessened
word2vec,0.9265844821929932,shared,slowly
word2vec,0.1341238021850586,b_only,thankful
word2vec,0.9646146893501282,shared,desk
word2vec,0.1905749887228012,b_only,touching
word2vec,0.9882946014404297,shared,assisted
word2vec,0.06146116554737091,neither,dingy
word2vec,0.96333247423172,shared,strength
word2vec,1.0,a_only,metropolitan
word2vec,1.0000001192092896,a_only,alloy
word2vec,0.9810451865196228,shared,killer
word2vec,0.00335511052981019,b_only,laughed
word2vec,0.08969167619943619,b_only,silas
word2vec,0.9927026629447937,shared,abruptly
word2vec,1.0,a_only,statistical
word2vec,0.9856502413749695,shared,burned
word2vec,0.9972330331802368,shared,ancestors
word2vec,-0.1818798929452896,neither,mortified
word2vec,1.0000001192092896,a_only,und
word2vec,0.9454072117805481,shared,become
word2vec,0.23161083459854126,neither,glimmered
word2vec,1.0000001192092896,neither,casement
word2vec,0.9999999403953552,a_only,defendant
word2vec,1.0000001192092896,a_only,academic
word2vec,1.0000001192092896,a_only,macedon
word2vec,0.06109040603041649,neither,blest
word2vec,1.0,neither,syntactic
word2vec,-0.13795101642608643,neither,blazed
word2vec,0.9749256372451782,shared,bitterly
word2vec,-0.039482370018959045,b_only,gabelle
word2vec,0.9361914396286011,shared,stick
word2vec,-0.025013262405991554,neither,fundu
word2vec,0.9719967246055603,shared,conscious
word2vec,-0.036445390433073044,b_only,claw
word2vec,0.06955745816230774,neither,sceptic
word2vec,0.9999999403953552,a_only,anchorage
word2vec,0.9964422583580017,shared,occupy
word2vec,1.0,neither,cults
word2vec,1.0,a_only,frankish
word2vec,0.9956692457199097,shared,gift
word2vec,0.9906022548675537,shared,speaks
word2vec,0.9905149936676025,shared,beard
word2vec,0.9450725317001343,shared,bad
word2vec,1.0,neither,montreal
word2vec,0.9999998807907104,neither,springer
word2vec,0.06070474535226822,b_only,awake
word2vec,0.9973863959312439,neither,disguised
word2vec,1.0,a_only,monopoly
word2vec,1.0,a_only,lesser
word2vec,0.9933598637580872,shared,bloody
word2vec,1.0000001192092896,neither,fission
word2vec,1.0,a_only,ruler
word2vec,0.9999999403953552,a_only,biblical
word2vec,0.9964224100112915,shared,dwelt
word2vec,1.0,neither,scenic
word2vec,1.0,neither,balloon
word2vec,1.0000001192092896,a_only,davis
word2vec,0.9892698526382446,shared,eagle
word2vec,1.0,neither,canadians
word2vec,0.9999998807907104,neither,baseline
word2vec,1.0000001192092896,a_only,valentinian
word2vec,0.9776235222816467,shared,insect
word2vec,1.0,a_only,component
word2vec,0.9999999403953552,neither,sicily
word2vec,0.9956325888633728,shared,mixture
word2vec,0.9949558973312378,shared,distinction
word2vec,1.0,a_only,afterlife
word2vec,1.0,neither,insights
word2vec,0.9844626784324646,shared,wealth
word2vec,1.0,a_only,documented
word2vec,0.08913219720125198,neither,reminding
word2vec,1.0,a_only,andy
word2vec,0.9707858562469482,shared,sorts
word2vec,0.15809734165668488,neither,unbarred
word2vec,0.9999999403953552,neither,unpublished
word2vec,1.0,neither,essendon
word2vec,0.13080155849456787,neither,civilities
word2vec,1.0000001192092896,neither,seater
word2vec,0.9965251684188843,shared,text
word2vec,0.9889739751815796,shared,tide
word2vec,-0.08333110064268112,b_only,tweedledum
word2vec,1.0000001192092896,a_only,mesopotamia
word2vec,0.9564568400382996,shared,stuff
word2vec,-0.0654420554637909,b_only,widder
word2vec,-0.0993475392460823,b_only,sorrowful
word2vec,0.727588415145874,shared,such
word2vec,0.9999999403953552,neither,eduard
word2vec,0.9874415993690491,shared,features
word2vec,-0.04393449053168297,b_only,wash
word2vec,0.9972146153450012,shared,countries
word2vec,0.9953922033309937,shared,g
word2vec,0.9999998807907104,neither,ardipithecus
word2vec,1.0000001192092896,a_only,headquarters
word2vec,0.9835068583488464,shared,build
word2vec,0.9999999403953552,neither,massacres
word2vec,-0.039967130869627,b_only,pross
word2vec,0.9549112319946289,shared,several
word2vec,1.0000001192092896,a_only,ukrainian
word2vec,0.9999999403953552,neither,elves
word2vec,0.1670760214328766,b_only,wig
word2vec,0.9953323602676392,shared,protest
word2vec,0.9520360231399536,shared,bark
word2vec,-0.04850189387798309,neither,breasts
word2vec,0.9999998807907104,neither,arrogant
word2vec,0.7991911768913269,shared,if
word2vec,0.056672513484954834,neither,wiped
word2vec,-0.015326811000704765,b_only,reck
word2vec,1.0,neither,continuity
word2vec,1.0,a_only,abjad
word2vec,1.0,neither,emission
word2vec,1.0000001192092896,neither,favorable
word2vec,0.9593259692192078,shared,object
word2vec,0.9940540194511414,shared,occasions
word2vec,0.9886714220046997,shared,fox
word2vec,0.9999999403953552,neither,byzantines
word2vec,0.16604430973529816,neither,humbly
word2vec,-0.02123936638236046,b_only,intently
word2vec,0.22755812108516693,neither,survivor
word2vec,1.0,neither,cdot
word2vec,0.9985332489013672,shared,crisis
word2vec,1.0,a_only,anaximander
word2vec,0.9922133684158325,shared,attraction
word2vec,1.0,neither,bonded
word2vec,1.0,a_only,artemis
word2vec,0.9949297904968262,shared,discuss
word2vec,1.0,neither,hbox
word2vec,0.9491679072380066,shared,dragged
word2vec,0.9999999403953552,neither,protestantism
word2vec,1.0,neither,forrest
word2vec,0.9847075343132019,shared,steep
word2vec,0.1289282739162445,neither,sorrowing
word2vec,0.8957139253616333,shared,windows
word2vec,0.00975583866238594,b_only,twins
word2vec,1.0,neither,infrequent
word2vec,0.9842252731323242,shared,benevolent
word2vec,0.8960728645324707,shared,marquis
word2vec,0.9906116127967834,shared,beings
word2vec,0.9444922208786011,shared,er
word2vec,1.0,neither,sol
word2vec,1.0,neither,hesse
word2vec,0.11222104728221893,neither,mend
word2vec,0.9643369913101196,shared,murdered
word2vec,-0.006913029123097658,neither,snag
word2vec,0.17006880044937134,neither,shooter
word2vec,0.9975336790084839,shared,conflict
word2vec,1.0,a_only,alloys
word2vec,1.0,neither,cuban
word2vec,0.9999999403953552,a_only,agents
word2vec,0.9999998807907104,a_only,treatments
word2vec,1.0000001192092896,neither,eclipse
word2vec,1.0,neither,iterative
word2vec,0.2280670404434204,neither,howled
word2vec,1.0,a_only,ar
word2vec,1.0,neither,budo
word2vec,0.9823301434516907,shared,searching
word2vec,1.0,neither,archbishops
word2vec,1.0,neither,sodom
word2vec,0.9868502616882324,shared,port
word2vec,-0.019671862944960594,b_only,25
word2vec,0.9977646470069885,shared,retain
word2vec,0.7787668704986572,shared,don
word2vec,0.9875372648239136,shared,wider
word2vec,0.9742974638938904,shared,sins
word2vec,0.9924896359443665,shared,retreat
word2vec,0.08886957913637161,b_only,lest
word2vec,0.15605098009109497,b_only,forgive
word2vec,0.11556515097618103,neither,lashes
word2vec,0.9717274308204651,shared,extremely
word2vec,0.9999998807907104,a_only,phrases
word2vec,0.9999998807907104,neither,divinity
word2vec,-0.10687881708145142,b_only,grieved
word2vec,0.837519109249115,shared,himself
word2vec,-0.10711166262626648,b_only,insolent
word2vec,0.9729268550872803,shared,snow
word2vec,-0.016976118087768555,b_only,grateful
word2vec,0.9932378530502319,shared,vote
word2vec,1.0000001192092896,neither,benzene
word2vec,0.9645082950592041,shared,catherine
word2vec,1.0,a_only,constantine
word2vec,0.9673656225204468,shared,science
word2vec,1.0,neither,mycenae
word2vec,0.9999998807907104,a_only,morocco
word2vec,0.9907042980194092,shared,hymn
word2vec,1.0,a_only,award
word2vec,1.0,neither,multiverse
word2vec,0.9962452054023743,shared,resignation
word2vec,1.0,neither,algal
word2vec,0.04222118481993675,b_only,haired
word2vec,0.9665292501449585,shared,retired
word2vec,0.9999998807907104,neither,plead
word2vec,0.9861549735069275,shared,invited
word2vec,0.06290863454341888,neither,unhallowed
word2vec,0.07945197820663452,b_only,maids
word2vec,0.9532157778739929,shared,closing
word2vec,0.04317176714539528,neither,harp
word2vec,0.940623939037323,shared,contents
word2vec,0.9999999403953552,neither,bushmen
word2vec,0.9941920042037964,shared,brighton
word2vec,0.9970930814743042,shared,agreement
word2vec,-0.02864418551325798,b_only,curly
word2vec,0.9874715805053711,shared,messages
word2vec,1.0,a_only,archaeological
word2vec,0.9859548807144165,shared,concealed
word2vec,0.9968036413192749,shared,engagements
word2vec,-0.15349440276622772,b_only,motionless
word2vec,0.9742620587348938,shared,hop
word2vec,1.0,a_only,nuclear
word2vec,1.0,a_only,austria
word2vec,0.9108620285987854,shared,body
word2vec,-0.07119337469339371,neither,imaginations
word2vec,0.986205518245697,shared,breaks
word2vec,0.9894288182258606,shared,saxon
word2vec,0.9979034662246704,shared,prevailing
word2vec,1.0,neither,brewster
word2vec,1.0,a_only,counties
word2vec,0.1495073437690735,neither,moonshine
word2vec,1.0,neither,islanders
word2vec,1.0,neither,yorker
word2vec,1.0,neither,shields
word2vec,1.0000001192092896,a_only,launches
word2vec,0.1539575159549713,b_only,upstairs
word2vec,0.0892271175980568,neither,toils
word2vec,1.0,neither,informal
word2vec,0.9313268065452576,shared,straight
word2vec,0.9539396166801453,shared,pressed
word2vec,0.9999998807907104,neither,panama
word2vec,1.0,a_only,aristotle
word2vec,0.9708749651908875,shared,lines
word2vec,0.9690085649490356,shared,everywhere
word2vec,0.04030807316303253,b_only,creep
word2vec,0.1285313069820404,b_only,moonlight
word2vec,-0.10161841660737991,b_only,monseigneur
word2vec,0.9999998807907104,neither,constrained
word2vec,0.06643623113632202,neither,reckless
word2vec,0.19692833721637726,neither,esq
word2vec,1.0000001192092896,neither,markedly
word2vec,0.9899440407752991,shared,wool
word2vec,1.0,a_only,japan
word2vec,0.9331691265106201,shared,return
word2vec,1.0,neither,nuns
word2vec,0.9913204908370972,shared,eldest
word2vec,0.995271623134613,shared,kick
word2vec,0.9999999403953552,a_only,robot
word2vec,1.0000001192092896,neither,om
word2vec,0.9964792132377625,shared,surveying
word2vec,1.0000001192092896,neither,uganda
word2vec,0.0444582924246788,neither,gipsies
word2vec,1.0000001192092896,a_only,societies
word2vec,0.8260798454284668,shared,course
word2vec,0.9936484694480896,shared,concentrated
word2vec,0.15806475281715393,neither,idiot
word2vec,0.9198182821273804,shared,papers
word2vec,0.16406051814556122,neither,hast
word2vec,0.12472471594810486,neither,loneliness
word2vec,0.05693453550338745,b_only,woe
word2vec,0.9926152229309082,shared,host
word2vec,1.0,a_only,unofficial
word2vec,1.0000001192092896,a_only,europeans
word2vec,0.9666003584861755,shared,desire
word2vec,1.0,neither,broadway
word2vec,-0.06068820878863335,b_only,charming
word2vec,0.016841040924191475,neither,emaciated
word2vec,0.9999998807907104,a_only,respectively
word2vec,1.0,a_only,distinctive
word2vec,0.9872199892997742,shared,abandoned
word2vec,1.0,neither,phone
word2vec,1.0,a_only,americana
word2vec,0.031118709594011307,neither,beau
word2vec,0.9999999403953552,neither,nigel
word2vec,1.0000001192092896,neither,enlist
word2vec,1.0,a_only,ai
word2vec,1.0,neither,reinforced
word2vec,1.0,neither,aerospace
word2vec,0.8019046783447266,shared,from
word2vec,0.9999998807907104,neither,novella
word2vec,0.0754462257027626,neither,mould
word2vec,1.0000001192092896,a_only,lincoln
word2vec,1.0000001192092896,a_only,angeles
word2vec,0.9999998807907104,a_only,gabon
word2vec,0.0550464428961277,b_only,cares
word2vec,1.0,neither,sabotage
word2vec,0.9984490871429443,shared,refrain
word2vec,0.9999999403953552,neither,distillation
word2vec,0.17548757791519165,neither,buda
word2vec,1.0,neither,projection
word2vec,1.0,a_only,rulers
word2vec,1.0,neither,gestation
word2vec,0.9739689826965332,shared,spite
word2vec,1.0,neither,opportunistic
word2vec,0.9999998807907104,a_only,cyprus
word2vec,-0.04102976620197296,neither,husky
word2vec,0.057407889515161514,neither,pets
word2vec,0.1248992383480072,neither,gallant
word2vec,0.176325723528862,neither,bekase
word2vec,1.0,neither,dylan
word2vec,-0.1252492517232895,neither,bade
word2vec,0.9972132444381714,shared,shift
word2vec,0.963911771774292,shared,brothers
word2vec,0.09045828133821487,b_only,shut
word2vec,1.0,neither,contingency
word2vec,0.8785286545753479,shared,find
word2vec,1.0000001192092896,a_only,remnants
word2vec,1.0000001192092896,neither,patricia
word2vec,0.25630295276641846,neither,persuasions
word2vec,1.0,neither,mustafa
word2vec,1.0000001192092896,a_only,austrian
word2vec,0.996435284614563,shared,acceptance
word2vec,1.0,a_only,fundamentally
word2vec,0.9255224466323853,shared,kiss
word2vec,1.0,neither,irving
word2vec,0.003244777675718069,b_only,stairs
word2vec,0.20248259603977203,neither,heiress
word2vec,0.9943923354148865,shared,noted
word2vec,1.0000001192092896,a_only,tissue
word2vec,0.9999999403953552,a_only,bulk
word2vec,0.8832767009735107,shared,gone
word2vec,0.9999998807907104,a_only,arizona
word2vec,-0.15242640674114227,neither,tingle
word2vec,0.030900700017809868,neither,archangel
word2vec,1.0,neither,kimsey
word2vec,0.9733513593673706,shared,restored
word2vec,-0.11613635718822479,b_only,rejoined
word2vec,0.9968827962875366,shared,precision
word2vec,0.8580121994018555,shared,together
word2vec,0.9874433279037476,shared,distinct
word2vec,0.9853375554084778,shared,finds
word2vec,1.0000001192092896,a_only,universally
word2vec,1.0000001192092896,a_only,techniques
word2vec,0.9036694765090942,shared,fear
word2vec,1.0000001192092896,a_only,presidential
word2vec,1.0,a_only,ranked
word2vec,0.14203599095344543,neither,entangled
word2vec,0.05503444746136665,neither,acquiescence
word2vec,1.0,a_only,evolved
word2vec,0.9999999403953552,a_only,criticism
word2vec,0.9852450489997864,shared,personality
word2vec,1.0,neither,utilizing
word2vec,1.0,neither,bernoulli
word2vec,1.0000001192092896,neither,afx
word2vec,-0.06031186506152153,neither,congratulatory
word2vec,0.9990200996398926,shared,construction
word2vec,1.0,neither,smash
word2vec,0.9631718993186951,shared,mystery
word2vec,1.0,a_only,illegitimate
word2vec,0.9901924729347229,shared,sickness
word2vec,0.13967612385749817,b_only,frowning
word2vec,0.8816584944725037,shared,strange
word2vec,0.9757117033004761,shared,chicken
word2vec,1.0,neither,jurisprudence
word2vec,0.06832104176282883,neither,revive
word2vec,0.9858567118644714,shared,ignorance
word2vec,0.021321818232536316,neither,chisel
word2vec,1.0,a_only,arminianism
word2vec,0.04084208980202675,neither,tidy
word2vec,1.0,a_only,ranging
word2vec,0.9999999403953552,neither,mann
word2vec,1.0000001192092896,a_only,z
word2vec,0.98884516954422,shared,tribe
word2vec,1.0,neither,bike
word2vec,0.06332269310951233,neither,descends
word2vec,-0.12493876367807388,neither,gardeners
word2vec,-0.07784166932106018,b_only,pleasantly
word2vec,0.933051347732544,shared,drunk
word2vec,0.26343783736228943,neither,hildesheim
word2vec,0.99662184715271,shared,fathers
word2vec,0.9790866374969482,shared,attorney
word2vec,0.9999999403953552,neither,hub
word2vec,1.0000001192092896,a_only,pi
word2vec,0.9945679306983948,shared,concord
word2vec,0.9961923956871033,shared,signals
word2vec,1.0,neither,jessica
word2vec,1.0,neither,scenario
word2vec,1.0,a_only,lisa
word2vec,1.0,neither,subsidiary
word2vec,0.05216309055685997,neither,brilliantly
word2vec,-0.08425971120595932,neither,defarges
word2vec,0.045281533151865005,neither,shivering
word2vec,0.9999998807907104,a_only,yale
word2vec,1.0,neither,duration
word2vec,0.8855189681053162,shared,world
word2vec,1.0000001192092896,neither,inductive
word2vec,0.9626615047454834,shared,writing
word2vec,0.9913085699081421,shared,subjects
word2vec,-0.01578969694674015,neither,roofed
word2vec,0.9935842156410217,shared,f
word2vec,-0.10196108371019363,neither,patting
word2vec,1.0,a_only,monks
word2vec,0.04277999326586723,b_only,growled
word2vec,1.0,neither,gallbladder
word2vec,0.9999998807907104,a_only,apollo
word2vec,0.9999999403953552,a_only,toxic
word2vec,0.9832208156585693,shared,bones
word2vec,0.9989284873008728,shared,research
word2vec,0.9999999403953552,a_only,evolution
word2vec,0.9999999403953552,a_only,classified
word2vec,1.0,neither,merging
word2vec,0.9999999403953552,neither,framing
word2vec,0.9999998807907104,a_only,lanka
word2vec,1.0,a_only,amplitude
word2vec,0.010439816862344742,b_only,budge
word2vec,1.0,neither,leigh
word2vec,0.9951931834220886,shared,destroying
word2vec,0.9999999403953552,a_only,fernando
word2vec,0.09515079110860825,neither,morose
word2vec,0.9999999403953552,a_only,prices
word2vec,0.9999998807907104,a_only,transmitted
word2vec,-0.052218277007341385,neither,paleness
word2vec,1.0,neither,pegasus
word2vec,-0.007969187572598457,b_only,embroidered
word2vec,1.0000001192092896,a_only,papyrus
word2vec,1.0000001192092896,a_only,emperors
word2vec,0.9201183319091797,shared,large
word2vec,0.9686885476112366,shared,aged
word2vec,1.0000001192092896,neither,abbas
word2vec,1.0000001192092896,neither,prehistory
word2vec,0.2127029448747635,neither,mews
word2vec,1.0,a_only,newer
word2vec,1.0,a_only,infected
word2vec,0.9800037741661072,shared,restless
word2vec,0.9981899261474609,neither,locality
word2vec,1.0,neither,herodotus
word2vec,0.9999999403953552,a_only,storage
word2vec,0.04963631555438042,b_only,dat
word2vec,0.06631641834974289,neither,gallop
word2vec,1.0000001192092896,neither,albanians
word2vec,0.8846844434738159,shared,others
word2vec,-0.017765816301107407,b_only,agin
word2vec,1.0,neither,reputed
word2vec,1.0,neither,pausanias
word2vec,0.13665340840816498,neither,accursed
word2vec,1.0000001192092896,neither,planting
word2vec,1.0000001192092896,a_only,observances
word2vec,0.9942960739135742,shared,acknowledged
word2vec,-0.00894639827311039,b_only,gaoler
word2vec,-0.05720243602991104,neither,jokes
word2vec,0.19526691734790802,neither,softer
word2vec,0.06951180845499039,neither,gardiners
word2vec,-0.06247473135590553,b_only,drifting
word2vec,0.10383104532957077,b_only,somewheres
word2vec,0.9968797564506531,shared,crushing
word2vec,0.11913415044546127,neither,hammering
word2vec,1.0000001192092896,neither,inlet
word2vec,1.0000001192092896,a_only,assigned
word2vec,0.24434007704257965,b_only,sleeve
word2vec,-0.18607033789157867,b_only,ticket
word2vec,0.9999999403953552,neither,lemma
word2vec,0.9999999403953552,neither,helena
word2vec,0.9517794847488403,shared,handed
word2vec,1.0,neither,dissimilar
word2vec,0.007300079334527254,neither,unsteady
word2vec,0.9999998807907104,a_only,networks
word2vec,1.0,neither,detached
word2vec,0.08328712731599808,neither,dozing
word2vec,0.9492036700248718,shared,length
word2vec,1.0,neither,sergei
word2vec,0.9999998807907104,neither,confederates
word2vec,1.0000001192092896,a_only,thermal
word2vec,0.9810898900032043,shared,travelled
word2vec,1.0,a_only,conrad
word2vec,1.0,neither,cartridges
word2vec,0.9672741889953613,shared,invitation
word2vec,0.0020409568678587675,neither,stamping
word2vec,1.0000001192092896,neither,paved
word2vec,1.0000001192092896,neither,capitals
word2vec,1.0,a_only,amethyst
word2vec,0.9926868677139282,shared,ash
word2vec,1.0000001192092896,neither,parody
word2vec,0.1349676102399826,neither,pies
word2vec,1.0000001192092896,neither,melanosuchus
word2vec,0.11759134382009506,neither,necks
word2vec,-0.02249331772327423,neither,excitedly
word2vec,0.10660460591316223,neither,strung
word2vec,1.0,neither,reactivity
word2vec,-0.1067502424120903,neither,warily
word2vec,-0.02299630641937256,neither,reddening
word2vec,0.9939172863960266,shared,purity
word2vec,0.03911733999848366,b_only,timidly
word2vec,1.0000001192092896,a_only,cnt
word2vec,0.9999998807907104,neither,slavonic
word2vec,0.000557101157028228,neither,florid
word2vec,1.0,a_only,municipality
word2vec,0.9998953342437744,shared,norton
word2vec,0.18527932465076447,neither,perturbed
word2vec,1.0000001192092896,a_only,elliott
word2vec,1.0,a_only,warner
word2vec,1.0,neither,vermont
word2vec,0.9802639484405518,shared,minded
word2vec,0.8970036506652832,shared,young
word2vec,1.0000001192092896,neither,tallapoosa
word2vec,1.0,a_only,procedure
word2vec,0.062390174716711044,neither,quarrelling
word2vec,0.9999998807907104,neither,phases
word2vec,0.9999999403953552,neither,resonance
word2vec,0.11998220533132553,neither,bridle
word2vec,0.9999999403953552,a_only,vesta
word2vec,0.9983418583869934,shared,periods
word2vec,0.9924988150596619,shared,stature
word2vec,0.9896897077560425,shared,experiment
word2vec,1.0,neither,graffiti
word2vec,0.02307708002626896,neither,flicker
word2vec,1.0,neither,methodology
word2vec,0.9716621041297913,shared,hut
word2vec,1.0000001192092896,neither,ghana
word2vec,-0.03141523525118828,b_only,quincey
word2vec,0.15200898051261902,neither,defy
word2vec,0.9999999403953552,a_only,financial
word2vec,1.0,neither,systematics
word2vec,1.0,neither,canals
word2vec,1.0000001192092896,a_only,circa
word2vec,0.9844564199447632,shared,departure
word2vec,1.0,a_only,resembles
word2vec,-0.06574306637048721,b_only,tranquil
word2vec,0.017803721129894257,neither,doggedly
word2vec,0.9919503927230835,shared,divided
word2vec,1.0,a_only,touchdown
word2vec,0.9389729499816895,shared,relief
word2vec,0.869616687297821,shared,most
word2vec,1.0,a_only,philadelphia
word2vec,1.0,neither,options
word2vec,0.9985319972038269,shared,syllable
word2vec,1.0,a_only,virginia
word2vec,0.9791108965873718,shared,stars
word2vec,0.8910512328147888,shared,anything
word2vec,1.0,neither,sarai
word2vec,1.0000001192092896,neither,modal
word2vec,0.08979190140962601,neither,yell
word2vec,0.01831384375691414,b_only,agony
word2vec,-0.13210152089595795,neither,averted
word2vec,0.049564190208911896,b_only,cheerfully
word2vec,0.06620191782712936,b_only,agitated
word2vec,0.014107195660471916,neither,spaulding
word2vec,0.9901214241981506,shared,field
word2vec,1.0,a_only,nova
word2vec,0.9900628328323364,shared,abode
word2vec,0.9908887147903442,shared,discourse
word2vec,0.02490796148777008,neither,bowie
word2vec,0.977800190448761,shared,separated
word2vec,0.9892136454582214,shared,calls
word2vec,0.9260674715042114,shared,floor
word2vec,0.9999998807907104,a_only,respiratory
word2vec,0.9999999403953552,neither,mooring
word2vec,0.9999999403953552,neither,barnard
word2vec,1.0,neither,operas
word2vec,0.8889813423156738,shared,indeed
word2vec,0.23647461831569672,b_only,skiff
word2vec,1.0,a_only,dating
word2vec,1.0,neither,priestley
word2vec,1.0000001192092896,neither,superficially
word2vec,-0.04749743640422821,b_only,evr
word2vec,1.0,neither,completing
word2vec,0.9757734537124634,shared,stained
word2vec,0.9999998807907104,a_only,continues
word2vec,0.991938054561615,shared,accidentally
word2vec,1.0,neither,tibetan
word2vec,1.0,neither,steamer
word2vec,0.16440293192863464,neither,blessings
word2vec,1.0,a_only,recipient
word2vec,1.0,neither,spelled
word2vec,0.06947293877601624,neither,likelihood
word2vec,1.0,a_only,adonis
word2vec,1.0,neither,md
word2vec,0.048542797565460205,neither,carelessness
word2vec,0.9966495037078857,shared,additions
word2vec,1.0,a_only,extension
word2vec,1.0,neither,kantian
word2vec,0.18772003054618835,neither,whist
word2vec,-0.018029723316431046,b_only,hateful
word2vec,0.8746551871299744,shared,sort
word2vec,1.0,a_only,deity
word2vec,0.9798276424407959,shared,veil
word2vec,0.9876886010169983,shared,dragon
word2vec,1.0,neither,aar
word2vec,0.9999998807907104,neither,stylized
word2vec,0.22232553362846375,neither,spec
word2vec,0.9726418256759644,shared,imagined
word2vec,0.8146018385887146,shared,harry
word2vec,1.0,neither,lyons
word2vec,1.0,a_only,convent
word2vec,1.0,neither,adhered
word2vec,0.012884796597063541,neither,flap
word2vec,1.0,a_only,solar
word2vec,1.0,a_only,com
word2vec,0.9653872847557068,shared,fields
word2vec,0.9848421216011047,shared,residence
word2vec,-0.08489727228879929,b_only,knock
word2vec,1.0,neither,neurologist
word2vec,0.007230368908494711,neither,slab
word2vec,-0.05014659836888313,neither,quadrille
word2vec,1.0,a_only,kentucky
word2vec,0.04483499005436897,neither,brash
word2vec,1.0000001192092896,neither,visigoth
word2vec,-0.1674288660287857,b_only,guillotine
word2vec,0.04507465288043022,neither,bewilderment
word2vec,0.05670791491866112,b_only,tolerable
word2vec,0.13807442784309387,neither,pips
word2vec,1.0,neither,marcel
word2vec,-0.03009745292365551,neither,slipping
word2vec,0.9999999403953552,neither,swimmer
word2vec,0.996406078338623,shared,reluctant
word2vec,1.0,neither,amstel
word2vec,0.9860647320747375,shared,prince
word2vec,1.0,neither,premiere
word2vec,0.9832639694213867,shared,observing
word2vec,1.0000001192092896,a_only,bhfiann
word2vec,0.9972286820411682,shared,jet
word2vec,1.0,a_only,documentary
word2vec,0.9999999403953552,neither,therapeutic
word2vec,0.9983292818069458,shared,rounds
word2vec,1.0,a_only,ethics
word2vec,0.05636012926697731,neither,nightly
word2vec,1.0,neither,objectives
word2vec,-0.0161766204982996,b_only,garret
word2vec,1.0,a_only,heracles
word2vec,1.0,neither,eds
word2vec,0.24351374804973602,neither,lament
word2vec,0.12678812444210052,neither,collinses
word2vec,1.0,a_only,chart
word2vec,0.9819328188896179,shared,deserted
word2vec,0.9971563816070557,shared,eighteenth
word2vec,1.0000001192092896,neither,reservation
word2vec,0.998194694519043,shared,notable
word2vec,1.0000001192092896,neither,metamorphoses
word2vec,0.9955172538757324,shared,america
word2vec,1.0,a_only,physicians
word2vec,0.9443151354789734,shared,dry
word2vec,0.9999999403953552,a_only,trophy
word2vec,1.0,a_only,institution
word2vec,1.0,neither,prix
word2vec,1.0,a_only,natives
word2vec,1.0000001192092896,neither,constance
word2vec,-0.1170462965965271,neither,scaffold
word2vec,1.0,neither,diaspora
word2vec,0.985323429107666,shared,wave
word2vec,0.9999999403953552,a_only,anthony
word2vec,0.9999998807907104,a_only,dict
word2vec,-0.015277707017958164,neither,uncivil
word2vec,0.02854200452566147,neither,consummation
word2vec,0.8930590748786926,shared,name
word2vec,0.15067292749881744,neither,landlord
word2vec,0.9999999403953552,a_only,dick
word2vec,0.9743146300315857,shared,strongly
word2vec,1.0,neither,watergate
word2vec,1.0,neither,trench
word2vec,0.9736605286598206,shared,plane
word2vec,-0.025907445698976517,b_only,plank
word2vec,-0.09173581004142761,neither,tripped
word2vec,0.1232314482331276,neither,packet
word2vec,0.9937926530838013,shared,intentions
word2vec,0.964816689491272,shared,heavily
word2vec,1.0,neither,imperator
word2vec,0.9999998807907104,neither,autocratic
word2vec,0.9999999403953552,neither,localized
word2vec,0.1974307745695114,neither,scarecrows
word2vec,1.0,a_only,conquer
word2vec,1.0000001192092896,a_only,athlete
word2vec,1.0,neither,thomson
word2vec,0.9659954905509949,shared,thank
word2vec,0.9999999403953552,a_only,torsion
word2vec,1.0,neither,bio
word2vec,0.032980144023895264,neither,hostess
word2vec,-0.14639931917190552,b_only,beheld
word2vec,1.0,neither,prestigious
word2vec,0.17802615463733673,neither,wherefore
word2vec,0.9999999403953552,a_only,rn
word2vec,0.9688201546669006,shared,approached
word2vec,0.9902439117431641,shared,altar
word2vec,1.0,a_only,algeria
word2vec,0.9999999403953552,a_only,cavalry
word2vec,0.9753373861312866,shared,acted
word2vec,1.0000001192092896,neither,apocr
word2vec,0.9645124077796936,shared,learn
word2vec,0.9999998807907104,neither,ivoire
word2vec,1.0000001192092896,neither,lava
word2vec,1.0,neither,atmospheric
word2vec,1.0000001192092896,neither,thrice
word2vec,1.0,neither,chancellorsville
word2vec,1.0,a_only,nixon
word2vec,1.0,neither,pulls
word2vec,1.0,neither,oceanic
word2vec,1.0,neither,cavities
word2vec,1.0,neither,interstate
word2vec,1.0000001192092896,a_only,colleges
word2vec,1.0000001192092896,neither,continuo
word2vec,0.05155855417251587,neither,unhappily
word2vec,0.017576321959495544,neither,shortened
word2vec,1.0000001192092896,neither,merrill
word2vec,1.0000001192092896,a_only,students
word2vec,1.0,neither,parentheses
word2vec,0.8810237050056458,shared,times
word2vec,1.0000001192092896,neither,mifune
word2vec,0.022348932921886444,neither,harem
word2vec,0.09049788117408752,b_only,pavement
word2vec,1.0,neither,planck
word2vec,1.0,neither,promoters
word2vec,0.17449596524238586,neither,evidences
word2vec,0.9999998807907104,a_only,airlines
word2vec,0.9847224950790405,shared,laws
word2vec,0.9999998807907104,a_only,inventor
word2vec,0.9710167050361633,shared,handle
word2vec,0.9780755043029785,shared,ashes
word2vec,1.0000001192092896,neither,quaternary
word2vec,0.9976580142974854,shared,border
word2vec,1.0000001192092896,neither,maize
word2vec,1.0,a_only,arkansas
word2vec,0.03161431849002838,b_only,logs
word2vec,1.0,neither,mohammed
word2vec,1.0,a_only,israeli
word2vec,1.0000001192092896,neither,playboy
word2vec,-0.04972268268465996,b_only,blankets
word2vec,0.9849623441696167,shared,deny
word2vec,1.0,a_only,lawsuit
word2vec,1.0000001192092896,neither,olga
word2vec,0.13561564683914185,neither,unfeeling
word2vec,0.009509623050689697,b_only,wrung
word2vec,0.9999999403953552,a_only,mosaic
word2vec,0.02712964452803135,b_only,whispered
word2vec,1.0,a_only,saharan
word2vec,0.997672975063324,shared,solve
word2vec,0.9780207872390747,shared,nail
word2vec,1.0000001192092896,neither,obsession
word2vec,0.9964030981063843,shared,interference
word2vec,1.0,a_only,reviewed
word2vec,0.9930557608604431,shared,intellectual
word2vec,1.0,neither,cahiers
word2vec,1.0000001192092896,neither,resurgence
word2vec,1.0,neither,somali
word2vec,-0.14547424018383026,neither,treacherous
word2vec,0.9996941089630127,shared,novels
word2vec,1.0000001192092896,neither,kart
word2vec,1.0,a_only,capitalism
word2vec,0.910612165927887,shared,trees
word2vec,0.05955006927251816,neither,slick
word2vec,0.9999999403953552,neither,pagans
word2vec,0.07538337260484695,b_only,civility
word2vec,0.979375422000885,shared,destroy
word2vec,0.9967342615127563,shared,schemes
word2vec,0.004237229470163584,neither,turnkey
word2vec,1.0000001192092896,neither,protonated
word2vec,0.9859595894813538,shared,keys
word2vec,1.0,neither,competed
word2vec,-0.08119849860668182,b_only,fancied
word2vec,0.12898191809654236,neither,filthy
word2vec,1.0000001192092896,a_only,awarded
word2vec,0.9567443132400513,shared,ye
word2vec,0.09217538684606552,neither,deliverer
word2vec,0.9999999403953552,neither,baptists
word2vec,0.994962215423584,shared,hubbard
word2vec,0.034460633993148804,neither,sewing
word2vec,0.013475191779434681,neither,pitied
word2vec,0.9950306415557861,shared,void
word2vec,0.9768303036689758,shared,eating
word2vec,0.9962272047996521,shared,confer
word2vec,1.0,neither,misleading
word2vec,0.15331916511058807,neither,ungrateful
word2vec,0.993090808391571,shared,decay
word2vec,1.0000001192092896,neither,screening
word2vec,-0.039415743201971054,b_only,daring
word2vec,0.9854677319526672,shared,intimate
word2vec,0.9999998807907104,neither,bahrain
word2vec,1.0,neither,verde
word2vec,0.9999998807907104,neither,naturalized
word2vec,0.15983638167381287,neither,perverseness
word2vec,0.9972638487815857,shared,assistant
word2vec,1.0,neither,celebrating
word2vec,0.9999999403953552,neither,teammate
word2vec,0.10139451175928116,neither,leghorn
word2vec,1.0,a_only,clement
word2vec,0.9827489256858826,shared,cover
word2vec,1.0,neither,depict
word2vec,0.9999999403953552,a_only,aalborg
word2vec,0.9933627843856812,shared,exposing
word2vec,0.10572419315576553,neither,delicious
word2vec,1.0,neither,transforming
word2vec,1.0,neither,arrian
word2vec,0.9803646802902222,shared,doubtless
word2vec,0.07299812138080597,neither,contrived
word2vec,0.9897726774215698,shared,alfred
word2vec,0.9849629998207092,shared,cloth
word2vec,1.0,a_only,cornwallis
word2vec,0.10134106129407883,neither,desperation
word2vec,1.0,neither,regeneration
word2vec,0.9964821934700012,neither,ruthless
word2vec,1.0000001192092896,a_only,cycle
word2vec,0.9385567307472229,shared,subject
word2vec,1.0,a_only,protective
word2vec,0.0443708561360836,b_only,shouted
word2vec,1.0,neither,sociology
word2vec,0.9317076802253723,shared,anxious
word2vec,0.9945898652076721,shared,gestures
word2vec,1.0,neither,tuna
word2vec,0.9888176918029785,shared,tackle
word2vec,0.010392386466264725,b_only,alarming
word2vec,1.0,neither,hoax
word2vec,1.0,neither,gonzales
word2vec,1.0000001192092896,a_only,amphibians
word2vec,-0.0897098109126091,b_only,dusty
word2vec,1.0,neither,southward
word2vec,-0.1548045128583908,b_only,reproach
word2vec,0.08700452744960785,neither,grit
word2vec,-0.04035435989499092,b_only,insensible
word2vec,1.0,neither,jacobite
word2vec,1.0,a_only,ambrose
word2vec,0.8828274011611938,shared,called
word2vec,0.990722119808197,shared,flow
word2vec,1.0,neither,cartoons
word2vec,0.9999998807907104,neither,dasyprocta
word2vec,1.0,a_only,super
word2vec,0.00792487058788538,neither,fore
word2vec,1.0000001192092896,a_only,nevada
word2vec,0.9999998807907104,neither,dictated
word2vec,0.9999999403953552,neither,undertook
word2vec,1.0,a_only,skilled
word2vec,1.0000001192092896,neither,industrialist
word2vec,1.0,neither,universes
word2vec,1.0,neither,unexpired
word2vec,0.9968520998954773,shared,tended
word2vec,0.03953942283987999,neither,refreshing
word2vec,0.15616077184677124,neither,fearless
word2vec,0.9999999403953552,neither,alligators
word2vec,0.007927848026156425,neither,reclining
word2vec,1.0,neither,generating
word2vec,1.0000001192092896,neither,altering
word2vec,1.0000001192092896,neither,recession
word2vec,0.11163803189992905,neither,commenced
word2vec,0.9157989025115967,shared,women
word2vec,0.8107315897941589,shared,go
word2vec,0.9867760539054871,shared,huge
word2vec,0.9837145209312439,shared,horn
word2vec,1.0,neither,allegations
word2vec,0.9967211484909058,shared,professors
word2vec,-0.025487255305051804,neither,restrain
word2vec,0.9810791611671448,shared,higher
word2vec,1.0000001192092896,neither,laymen
word2vec,0.04400426521897316,neither,greasy
word2vec,0.871765673160553,shared,words
word2vec,1.0,neither,reliability
word2vec,0.21250472962856293,b_only,echoed
word2vec,1.0000001192092896,a_only,advocated
word2vec,0.9348896145820618,shared,sad
word2vec,0.9959073066711426,shared,heroic
word2vec,1.0000001192092896,neither,armand
word2vec,1.0,neither,sponsored
word2vec,0.9999163150787354,shared,encyclop
word2vec,1.0,neither,godless
word2vec,0.9987096190452576,shared,originally
word2vec,0.9925724267959595,shared,furnished
word2vec,0.9999999403953552,neither,email
word2vec,0.9903041124343872,shared,subtle
word2vec,-0.0041287736967206,neither,whistling
word2vec,0.17744286358356476,b_only,erskine
word2vec,0.9999998807907104,neither,degenerate
word2vec,1.0,neither,durkheim
word2vec,1.0000001192092896,a_only,wright
word2vec,0.5320311188697815,b_only,toller
word2vec,1.0,neither,slams
word2vec,1.0,a_only,prometheus
word2vec,0.9609807729721069,shared,journal
word2vec,0.999824047088623,shared,applying
word2vec,0.17650704085826874,b_only,prayed
word2vec,0.9999999403953552,a_only,iraqi
word2vec,0.1659601628780365,b_only,frock
word2vec,0.9708163142204285,shared,forty
word2vec,-0.018444715067744255,b_only,weary
word2vec,0.8705423474311829,shared,count
word2vec,0.9817402362823486,shared,magic
word2vec,1.0000001192092896,neither,incompetent
word2vec,1.0000001192092896,neither,realistic
word2vec,0.11620631068944931,neither,litter
word2vec,1.0000001192092896,neither,additive
word2vec,0.9999999403953552,a_only,consumer
word2vec,-0.09400738775730133,neither,spunk
word2vec,0.9999999403953552,a_only,category
word2vec,1.0000001192092896,a_only,fide
word2vec,0.0831264853477478,neither,offend
word2vec,-0.06400102376937866,b_only,gilt
word2vec,1.0,a_only,jpg
word2vec,1.0000001192092896,neither,barbarians
word2vec,1.0,neither,speeding
word2vec,1.0,neither,conflicting
word2vec,1.0,neither,concentrate
word2vec,1.0000001192092896,neither,lorenz
word2vec,1.0,a_only,controversy
word2vec,0.9943801164627075,shared,matches
word2vec,0.05051998049020767,b_only,solemnity
word2vec,0.09555667638778687,neither,shadowy
word2vec,1.0,neither,slowed
word2vec,0.10404137521982193,neither,devote
word2vec,1.0,neither,donated
word2vec,1.0000001192092896,neither,capsule
word2vec,0.9886024594306946,shared,depressed
word2vec,0.9935131072998047,shared,passes
word2vec,0.10089640319347382,neither,dungeon
word2vec,0.9981803297996521,shared,phase
word2vec,1.0,neither,staged
word2vec,0.9860225319862366,shared,similar
word2vec,0.990376353263855,shared,abuse
word2vec,1.0,a_only,divergence
word2vec,1.0,neither,chamberlain
word2vec,1.0,a_only,ansi
word2vec,0.9980106949806213,shared,affect
word2vec,1.0,a_only,consensus
word2vec,0.09279218316078186,neither,redder
word2vec,0.9348063468933105,shared,promise
word2vec,0.9999999403953552,neither,coma
word2vec,0.9999999403953552,a_only,democracy
word2vec,0.9999998807907104,neither,elf
word2vec,1.0,neither,kurdish
word2vec,0.9598453044891357,shared,dangerous
word2vec,1.0,a_only,capability
word2vec,1.0,neither,flamel
word2vec,1.0,a_only,darwin
word2vec,0.9464467763900757,shared,between
word2vec,0.982127845287323,shared,completely
word2vec,1.0,neither,descendant
word2vec,0.9999998807907104,neither,northernmost
word2vec,0.9761036038398743,shared,mention
word2vec,1.0,neither,tamil
word2vec,0.9999999403953552,neither,combines
word2vec,0.9999999403953552,a_only,kansas
word2vec,0.2102116495370865,neither,7th
word2vec,0.9999999403953552,neither,agathon
word2vec,0.9999998807907104,neither,airliner
word2vec,0.9133554697036743,shared,lifted
word2vec,1.0,neither,fragmentary
word2vec,0.9932326674461365,shared,boarding
word2vec,0.9916262626647949,shared,tribunal
word2vec,0.001491479342803359,neither,hug
word2vec,-0.0795019268989563,neither,bulky
word2vec,-0.1777353137731552,b_only,godalming
word2vec,1.0,a_only,sherman
word2vec,0.006633539218455553,b_only,advise
word2vec,1.0000001192092896,neither,noticeable
word2vec,1.0000001192092896,a_only,doubles
word2vec,1.0,neither,mauritania
word2vec,1.0000001192092896,a_only,tested
word2vec,0.9923579096794128,shared,spun
word2vec,1.0,neither,archaeologist
word2vec,1.0,a_only,hitchcock
word2vec,0.9994507431983948,shared,district
word2vec,1.0,a_only,edited
word2vec,1.0,neither,crossbar
word2vec,0.06611368060112,neither,allusions
word2vec,0.9999999403953552,a_only,coptic
word2vec,1.0,a_only,atanasoff
word2vec,1.0000001192092896,neither,fringe
word2vec,-0.05444173142313957,neither,mourn
word2vec,0.9942686557769775,shared,fulfilled
word2vec,1.0,neither,reciprocal
word2vec,1.0,a_only,configuration
word2vec,1.0000001192092896,neither,thebans
word2vec,0.002297478262335062,neither,licked
word2vec,0.9999999403953552,neither,hawaiian
word2vec,1.0,neither,degeneration
word2vec,-0.019349029287695885,neither,ominous
word2vec,0.9515594840049744,shared,bench
word2vec,1.0000001192092896,neither,rigorous
word2vec,1.0,neither,poetic
word2vec,1.0,a_only,paradox
word2vec,0.990273654460907,shared,dangers
word2vec,0.10836036503314972,b_only,tuesday
word2vec,-0.06673232465982437,neither,disgusted
word2vec,1.0000001192092896,neither,begotten
word2vec,0.977435827255249,shared,seldom
word2vec,1.0,neither,chartered
word2vec,0.006645974237471819,neither,uncomfortably
word2vec,1.0,neither,transit
word2vec,1.0,neither,magician
word2vec,1.0000001192092896,neither,dogmas
word2vec,0.9999998807907104,a_only,funded
word2vec,1.0,a_only,sovereignty
word2vec,0.9984698295593262,shared,logic
word2vec,1.0,neither,strains
word2vec,1.0,a_only,particle
word2vec,0.9990222454071045,shared,electric
word2vec,1.0000001192092896,neither,ilium
word2vec,0.037586163729429245,neither,lured
word2vec,0.17696379125118256,b_only,hats
word2vec,1.0,neither,endomorphism
word2vec,0.8716163039207458,shared,mars
word2vec,1.0,a_only,identification
word2vec,1.0,neither,technologically
word2vec,0.11174577474594116,neither,chatter
word2vec,0.8974637985229492,shared,next
word2vec,0.0009463737951591611,neither,lynch
word2vec,0.9802754521369934,shared,feeble
word2vec,1.0,a_only,zones
word2vec,0.8709247708320618,shared,watson
word2vec,1.0000001192092896,neither,transported
word2vec,0.4659622311592102,b_only,leviathan
word2vec,0.9610925912857056,shared,step
word2vec,0.9999999403953552,a_only,parliamentary
word2vec,1.0,a_only,submarine
word2vec,0.9999999403953552,neither,jutland
word2vec,1.0,neither,nomadic
word2vec,0.9751995801925659,shared,tossed
word2vec,1.0,a_only,conceptual
word2vec,0.9799624085426331,shared,executed
word2vec,1.0,neither,nucleons
word2vec,0.07616174221038818,b_only,eliza
word2vec,0.9877910017967224,shared,admired
word2vec,1.0000001192092896,neither,theophrastus
word2vec,1.0,neither,procellariiformes
word2vec,1.0,neither,alkene
word2vec,1.0000001192092896,neither,junction
word2vec,0.9897857904434204,shared,heroes
word2vec,1.0000001192092896,a_only,crops
word2vec,1.0,neither,platinum
word2vec,0.9777072072029114,shared,foolish
word2vec,0.13298507034778595,b_only,busily
word2vec,1.0000001192092896,a_only,ba
word2vec,0.9916900992393494,shared,evident
word2vec,0.8907962441444397,shared,might
word2vec,0.9999998807907104,a_only,physicists
word2vec,1.0000001192092896,a_only,concrete
word2vec,-0.030608434230089188,b_only,ventured
word2vec,-0.10724282264709473,b_only,snowy
word2vec,0.9999999403953552,neither,pederastic
word2vec,0.9974976778030396,shared,perfection
word2vec,1.0,neither,adventurer
word2vec,0.9999999403953552,a_only,persia
word2vec,1.0,a_only,substantial
word2vec,1.0,neither,analyzing
word2vec,1.0000001192092896,a_only,reed
word2vec,0.09518523514270782,neither,overflowing
word2vec,1.0,neither,tr
word2vec,1.0000001192092896,neither,columbian
word2vec,0.9877834916114807,shared,observation
word2vec,0.9963526725769043,shared,plot
word2vec,1.0,a_only,percent
word2vec,0.990831732749939,shared,button
word2vec,1.0,a_only,seabed
word2vec,0.9999999403953552,neither,tribune
word2vec,1.0,neither,bitumen
word2vec,1.0000001192092896,neither,isabella
word2vec,1.0,neither,observers
word2vec,1.0,neither,evaluated
word2vec,0.9733937978744507,shared,sunny
word2vec,0.3453715145587921,neither,sweetest
word2vec,0.9999999403953552,neither,hydrocarbon
word2vec,0.9972423315048218,shared,merit
word2vec,0.9999998807907104,a_only,booth
word2vec,0.9981233477592468,shared,improbable
word2vec,0.9958927035331726,shared,homes
word2vec,0.9939815402030945,shared,conception
word2vec,-0.016663428395986557,neither,envied
word2vec,0.23678259551525116,neither,kt
word2vec,1.0,neither,halfdan
word2vec,0.042069967836141586,neither,recesses
word2vec,0.9999998807907104,neither,differentiation
word2vec,1.0,neither,gepids
word2vec,1.0000001192092896,a_only,indicate
word2vec,0.08214820176362991,neither,wearer
word2vec,-0.12288105487823486,neither,safest
word2vec,0.9987205266952515,shared,paul
word2vec,0.9999998807907104,a_only,altruists
word2vec,0.1489528864622116,neither,nonesuch
word2vec,-0.00561041384935379,b_only,toil
word2vec,0.02611338160932064,neither,comprehended
word2vec,-0.08543489873409271,neither,courteous
word2vec,1.0,a_only,anaconda
word2vec,0.9966225028038025,shared,clergyman
word2vec,-0.12798793613910675,b_only,implored
word2vec,1.0000001192092896,a_only,suggests
word2vec,0.04858657717704773,neither,advertise
word2vec,1.0000001192092896,neither,factual
word2vec,0.04057689756155014,neither,walters
word2vec,0.9723047614097595,shared,vain
word2vec,0.016652334481477737,neither,noses
word2vec,1.0,neither,pulp
word2vec,1.0,neither,elvis
word2vec,0.9960413575172424,shared,physician
word2vec,1.0,neither,jointly
word2vec,0.9955811500549316,shared,arise
word2vec,1.0,neither,lymphoma
word2vec,0.9999999403953552,a_only,export
word2vec,0.9407137632369995,shared,protected
word2vec,0.9750908017158508,shared,umbrella
word2vec,0.9999999403953552,neither,silva
word2vec,0.9748446941375732,shared,delivered
word2vec,0.9691339731216431,shared,store
word2vec,1.0,neither,upcoming
word2vec,0.9925739169120789,shared,descent
word2vec,1.0,neither,miracle
word2vec,0.0616907961666584,neither,rustle
word2vec,0.9961612224578857,shared,shrugged
word2vec,1.0000001192092896,a_only,jurisdictions
word2vec,0.9894759654998779,shared,posts
word2vec,1.0,neither,plots
word2vec,0.9999998807907104,neither,barnes
word2vec,0.9978748559951782,shared,origin
word2vec,1.0000001192092896,a_only,vacuum
word2vec,0.9999998807907104,a_only,chromatic
word2vec,0.9999999403953552,neither,fronts
word2vec,1.0,neither,diss
word2vec,1.0000001192092896,neither,alpina
word2vec,0.058362964540719986,neither,splashing
word2vec,1.0,neither,associating
word2vec,0.07790958136320114,neither,packard
word2vec,1.0,a_only,carboxylic
word2vec,0.9999999403953552,neither,sirach
word2vec,0.05201875418424606,neither,patronage
word2vec,0.9995660185813904,shared,logical
word2vec,1.0,neither,blore
word2vec,1.0,a_only,lateral
word2vec,0.15004481375217438,neither,hedge
word2vec,0.2954019010066986,neither,overtaken
word2vec,1.0,neither,tolerant
word2vec,-0.0035244931932538748,neither,creaking
word2vec,0.9999998807907104,neither,manually
word2vec,0.9979849457740784,shared,confirm
word2vec,0.0775996521115303,neither,attach
word2vec,0.9887663722038269,shared,destiny
word2vec,1.0000001192092896,a_only,kalinga
word2vec,0.05981191620230675,neither,dictate
word2vec,0.038621287792921066,neither,blasted
word2vec,0.9989833235740662,shared,instances
word2vec,0.9968567490577698,shared,display
word2vec,0.963245153427124,shared,fill
word2vec,0.952305257320404,shared,creating
word2vec,1.0,neither,punt
word2vec,0.9943445920944214,shared,causes
word2vec,1.0,neither,cheaper
word2vec,0.07253438234329224,neither,contemptuously
word2vec,0.9837548732757568,shared,direct
word2vec,0.05027426779270172,neither,steeped
word2vec,1.0000001192092896,a_only,mike
word2vec,-0.033486440777778625,b_only,whither
word2vec,0.9999999403953552,neither,helium
word2vec,1.0,neither,gorbachev
word2vec,-0.010252381674945354,neither,unluckily
word2vec,0.9962126016616821,shared,inheritance
word2vec,0.9644317030906677,shared,senses
word2vec,1.0,neither,hoxha
word2vec,0.9787240624427795,shared,tones
word2vec,0.0422777496278286,neither,wagons
word2vec,-0.0630241110920906,b_only,sighed
word2vec,1.0,neither,surfing
word2vec,0.9999998807907104,neither,peer
word2vec,1.0,a_only,capabilities
word2vec,0.8152105212211609,shared,nursery
word2vec,0.9982516169548035,shared,artificial
word2vec,0.9312661290168762,shared,hunger
word2vec,1.0,a_only,symmetric
word2vec,1.0,a_only,alchemist
word2vec,1.0,neither,revolutions
word2vec,1.0,neither,coating
word2vec,1.0,neither,aberdeenshire
word2vec,1.0,a_only,layers
word2vec,0.9969270825386047,shared,errors
word2vec,0.998985767364502,shared,major
word2vec,0.06382858008146286,b_only,attentive
word2vec,0.9999999403953552,a_only,associates
word2vec,1.0,a_only,training
word2vec,1.0000001192092896,a_only,afi
word2vec,0.9974580407142639,neither,poisonous
word2vec,0.9816901683807373,shared,station
word2vec,0.9919461011886597,neither,finishing
word2vec,1.0,a_only,expand
word2vec,0.9883207678794861,shared,shelves
word2vec,0.13640062510967255,b_only,endeavoured
word2vec,-0.009962874464690685,neither,firewood
word2vec,0.9941819310188293,shared,denied
word2vec,1.0,a_only,department
word2vec,0.07279624789953232,neither,cakes
word2vec,1.0,a_only,economic
word2vec,0.07580286264419556,b_only,breathe
word2vec,-0.011776278726756573,b_only,cheerfulness
word2vec,-0.011051041074097157,neither,hardships
word2vec,1.0,neither,manitoba
word2vec,0.9668828845024109,shared,thinks
word2vec,1.0,a_only,determining
word2vec,1.0,neither,stg
word2vec,0.025929877534508705,neither,peculiarity
word2vec,1.0,a_only,voters
word2vec,0.9677318334579468,shared,counter
word2vec,1.0000001192092896,neither,leone
word2vec,1.0,neither,impairments
word2vec,0.9953407645225525,shared,feminine
word2vec,0.9999998807907104,neither,celts
word2vec,0.324115514755249,b_only,resolute
word2vec,0.9804638624191284,shared,silver
word2vec,1.0,a_only,disambiguation
word2vec,1.0,neither,entrepreneurs
word2vec,0.23653358221054077,b_only,regretted
word2vec,0.9907382726669312,shared,crushed
word2vec,0.997215986251831,shared,machine
word2vec,0.09081041067838669,neither,peterson
word2vec,0.9761344790458679,shared,yard
word2vec,1.0,a_only,palmer
word2vec,0.9164845943450928,shared,tired
word2vec,0.9915956854820251,shared,cleaned
word2vec,0.9949982166290283,shared,charity
word2vec,1.0000001192092896,a_only,grouped
word2vec,0.9985739588737488,shared,recently
word2vec,0.9999998807907104,neither,binoculars
word2vec,0.9999999403953552,a_only,representative
word2vec,0.1290673166513443,b_only,sails
word2vec,0.15808609127998352,b_only,strangely
word2vec,1.0,neither,ko
word2vec,1.0000001192092896,neither,unbelief
word2vec,1.0,neither,apollodorus
word2vec,0.9999999403953552,neither,longevity
word2vec,1.0,a_only,swinburne
word2vec,-0.023313716053962708,neither,purse
word2vec,0.987342894077301,shared,club
word2vec,1.0,neither,shirley
word2vec,0.0009312459151260555,neither,promptly
word2vec,0.12434603273868561,neither,toiled
word2vec,1.0,neither,mathers
word2vec,0.9746969938278198,shared,wherever
word2vec,0.0037068722303956747,b_only,drawer
word2vec,0.03781464695930481,b_only,charlotte
word2vec,1.0,neither,vanderbilt
word2vec,0.8577553629875183,shared,mine
word2vec,0.8627468943595886,shared,key
word2vec,0.9062007665634155,shared,illustration
word2vec,0.9714237451553345,shared,admit
word2vec,-0.06652286648750305,neither,unselfish
word2vec,0.9999999403953552,a_only,progression
word2vec,1.0,neither,robust
word2vec,0.8399378061294556,shared,why
word2vec,0.9757180213928223,shared,deadly
word2vec,0.9999998807907104,neither,protecting
word2vec,1.0,a_only,arctic
word2vec,1.0,neither,affordable
word2vec,1.0,neither,trioxide
word2vec,0.24490532279014587,neither,sobbed
word2vec,0.9968149662017822,shared,aim
word2vec,1.0,a_only,anagrams
word2vec,0.03880875185132027,neither,sentimental
word2vec,1.0,a_only,radio
word2vec,0.9999998807907104,neither,circulated
word2vec,0.20368002355098724,neither,meanest
word2vec,1.0,neither,damned
word2vec,0.9735398292541504,shared,fierce
word2vec,0.9978967905044556,neither,centred
word2vec,0.12816306948661804,neither,wasting
word2vec,1.0,neither,neptune
word2vec,1.0,a_only,axiom
word2vec,0.10653109103441238,neither,foresee
word2vec,1.0000001192092896,neither,seizure
word2vec,-0.06543204933404922,neither,embers
word2vec,1.0,a_only,francisco
word2vec,1.0,neither,poses
word2vec,0.9999999403953552,neither,justices
word2vec,1.0,neither,embodiment
word2vec,-0.06068689376115799,b_only,desolate
word2vec,-0.0195530503988266,b_only,rid
word2vec,1.0,neither,accumulate
word2vec,1.0000001192092896,neither,teutonic
word2vec,0.07465288043022156,neither,enumerating
word2vec,0.9999999403953552,neither,hellespont
word2vec,1.0,neither,livestock
word2vec,-0.006137577351182699,b_only,warmed
word2vec,0.9095914363861084,shared,pause
word2vec,0.9974507093429565,shared,drug
word2vec,1.0000001192092896,neither,affluent
word2vec,0.054533977061510086,neither,furies
word2vec,1.0,a_only,effective
word2vec,-0.1043989360332489,b_only,nay
word2vec,1.0,a_only,portrayal
word2vec,0.9930868148803711,shared,stops
word2vec,0.9999999403953552,a_only,acids
word2vec,0.9604520797729492,shared,harvey
word2vec,0.985431969165802,shared,drums
word2vec,0.9993147850036621,shared,reaction
word2vec,0.9999998807907104,a_only,tombs
word2vec,0.15477021038532257,neither,liking
word2vec,1.0000001192092896,neither,triangle
word2vec,0.8513683676719666,shared,being
word2vec,1.0000001192092896,neither,baptiste
word2vec,0.9466153979301453,shared,pointed
word2vec,1.0000001192092896,neither,reconstructed
word2vec,0.9561868906021118,shared,prisoners
word2vec,1.0,neither,explores
word2vec,1.0,neither,misuse
word2vec,0.04252422973513603,neither,freckled
word2vec,0.9999999403953552,neither,bleda
word2vec,0.9911173582077026,shared,october
word2vec,1.0000001192092896,a_only,carbon
word2vec,1.0,neither,idol
word2vec,0.0943744033575058,neither,lobster
word2vec,0.17321445047855377,b_only,lock
word2vec,0.9999998807907104,neither,lighthouses
word2vec,0.03287858888506889,b_only,trod
word2vec,1.0,a_only,achill
word2vec,-0.06401664018630981,neither,slice
word2vec,0.03129665553569794,neither,sayin
word2vec,0.0506761372089386,neither,darkly
word2vec,0.9909616708755493,shared,preserve
word2vec,-0.06343494355678558,neither,desperately
word2vec,1.0000001192092896,neither,solf
word2vec,1.0000001192092896,neither,rebecca
word2vec,1.0,neither,aqua
word2vec,0.14913178980350494,neither,quickening
word2vec,1.0000001192092896,a_only,costs
word2vec,1.0000001192092896,neither,cinematic
word2vec,0.9857299327850342,shared,parent
word2vec,0.902989387512207,shared,live
word2vec,0.9957448244094849,shared,fibre
word2vec,1.0,neither,chant
word2vec,1.0,neither,cohn
word2vec,1.0000001192092896,neither,physik
word2vec,0.97015380859375,shared,presented
word2vec,0.9930511116981506,shared,interview
word2vec,0.0062204087153077126,neither,heed
word2vec,0.14474742114543915,neither,rosalind
word2vec,0.9740270376205444,shared,mistake
word2vec,0.973323404788971,shared,arrive
word2vec,0.9171305298805237,shared,tail
word2vec,0.9884125590324402,shared,prey
word2vec,1.0,neither,nikolaus
word2vec,0.8414510488510132,shared,say
word2vec,0.9999999403953552,neither,notions
word2vec,0.9515072107315063,shared,calling
word2vec,0.781337320804596,shared,business
word2vec,1.0,a_only,hardcover
word2vec,0.9971721172332764,shared,venetian
word2vec,0.958288848400116,shared,worst
word2vec,1.0,a_only,implemented
word2vec,1.0000001192092896,a_only,richardson
word2vec,1.0,neither,noirs
word2vec,1.0000001192092896,a_only,meanings
word2vec,1.0000001192092896,a_only,sensei
word2vec,0.9281012415885925,shared,lion
word2vec,0.9454703330993652,shared,cannot
word2vec,0.9696370363235474,shared,yards
word2vec,0.9999999403953552,a_only,additionally
word2vec,1.0000001192092896,neither,worldview
word2vec,0.9745797514915466,shared,twilight
word2vec,1.0,neither,rhazes
word2vec,1.0000001192092896,a_only,outbreak
word2vec,1.0000001192092896,neither,nationwide
word2vec,0.1002708300948143,neither,shameful
word2vec,1.0,a_only,measurements
word2vec,-0.028591696172952652,neither,bistritza
word2vec,1.0,neither,battlefield
word2vec,0.9368997812271118,shared,figures
word2vec,0.965250551700592,shared,somewhat
word2vec,1.0000001192092896,a_only,manufactured
word2vec,1.0,a_only,volcanoes
word2vec,1.0,a_only,receives
word2vec,1.0,a_only,argentine
word2vec,1.0,a_only,approaches
word2vec,1.0000001192092896,a_only,mountainous
word2vec,1.0,neither,reformer
word2vec,1.0,neither,algerians
word2vec,0.9999999403953552,a_only,eric
word2vec,1.0000001192092896,neither,reproduction
word2vec,1.0,neither,hcl
word2vec,0.9582946300506592,shared,track
word2vec,0.9970505833625793,shared,flowing
word2vec,0.026653936132788658,neither,inflict
word2vec,1.0,a_only,debut
word2vec,1.0000001192092896,a_only,scientists
word2vec,0.21632353961467743,b_only,pap
word2vec,1.0000001192092896,a_only,technologies
word2vec,0.994381844997406,shared,warnings
word2vec,0.23548661172389984,neither,grating
word2vec,0.14138902723789215,b_only,englishman
word2vec,0.9557201862335205,shared,discovered
word2vec,0.9670599102973938,shared,powerful
word2vec,1.0000001192092896,neither,tenor
word2vec,1.0000001192092896,a_only,cluster
word2vec,1.0,neither,anim
word2vec,0.9966688752174377,shared,preferred
word2vec,0.9999999403953552,neither,peasantry
word2vec,0.09714660048484802,neither,bulwarks
word2vec,1.0,a_only,pioneered
word2vec,1.0000001192092896,neither,employs
word2vec,0.09256358444690704,neither,affliction
word2vec,0.044277627021074295,neither,huddled
word2vec,0.9854666590690613,shared,massive
word2vec,1.0000001192092896,neither,alba
word2vec,0.9956116676330566,shared,exceeding
word2vec,0.9799572229385376,shared,joke
word2vec,0.9987744092941284,shared,ministers
word2vec,1.0,a_only,frequency
word2vec,1.0,neither,konrad
word2vec,1.0000001192092896,a_only,aes
word2vec,0.9999998807907104,a_only,ian
word2vec,0.988868772983551,shared,admission
word2vec,0.9999998807907104,neither,tapes
word2vec,-0.05052034556865692,b_only,tops
word2vec,0.9743003249168396,shared,explanation
word2vec,1.0000001192092896,neither,meridian
word2vec,0.9528969526290894,shared,size
word2vec,0.9965376853942871,neither,prosecutor
word2vec,0.9781578183174133,shared,season
word2vec,0.2186792939901352,neither,ineffectual
word2vec,0.9825414419174194,shared,arrangements
word2vec,0.9956340789794922,shared,religious
word2vec,0.01627425104379654,b_only,climbed
word2vec,1.0,neither,lichens
word2vec,0.8001075387001038,shared,way
word2vec,1.0000001192092896,a_only,disability
word2vec,0.9313642382621765,shared,feelings
word2vec,0.9926092028617859,shared,firing
word2vec,1.0,neither,innings
word2vec,1.0,neither,romulus
word2vec,0.00428283866494894,neither,shingle
word2vec,0.22188572585582733,neither,calais
word2vec,1.0,neither,violating
word2vec,1.0,neither,sisyphe
word2vec,0.9205302596092224,shared,surprise
word2vec,0.9981104731559753,shared,oil
word2vec,0.9980118274688721,shared,acts
word2vec,1.0,a_only,antarctic
word2vec,1.0,neither,macmillan
word2vec,0.003968072589486837,b_only,sunrise
word2vec,0.9867292642593384,shared,related
word2vec,0.3003210127353668,b_only,inquest
word2vec,0.988710343837738,shared,keen
word2vec,1.0000001192092896,a_only,abortion
word2vec,0.9911571145057678,shared,ocean
word2vec,0.9999999403953552,a_only,abraxas
word2vec,1.0,neither,babylonia
word2vec,1.0,neither,sahrawi
word2vec,0.07638135552406311,b_only,disturb
word2vec,0.03156682476401329,neither,truest
word2vec,0.036006081849336624,neither,companionship
word2vec,0.8370255827903748,shared,added
word2vec,1.0,a_only,comet
word2vec,1.0,neither,outlaw
word2vec,1.0,neither,harvested
word2vec,1.0,neither,productive
word2vec,0.903598964214325,shared,joy
word2vec,0.9999999403953552,a_only,ownership
word2vec,0.9991211295127869,shared,struggles
word2vec,1.0,neither,precipitation
word2vec,0.9970586895942688,shared,forming
word2vec,1.0,neither,eeeeee
word2vec,1.0000001192092896,neither,hispania
word2vec,-0.16057196259498596,neither,prejudiced
word2vec,0.19815316796302795,neither,pulpit
word2vec,0.9895903468132019,shared,unfinished
word2vec,0.9753332138061523,shared,sail
word2vec,0.9999998807907104,neither,newfoundland
word2vec,0.16400231420993805,neither,cords
word2vec,0.9999998807907104,a_only,rv
word2vec,0.04631775990128517,neither,vestibule
word2vec,0.8326886892318726,shared,always
word2vec,1.0,a_only,schedule
word2vec,1.0000001192092896,neither,phyla
word2vec,1.0000001192092896,a_only,operatorname
word2vec,1.0,neither,syllabics
word2vec,0.9999998807907104,neither,simpsons
word2vec,0.9050593972206116,shared,sheep
word2vec,0.9999998807907104,a_only,theological
word2vec,0.9999999403953552,a_only,increases
word2vec,1.0,a_only,google
word2vec,0.9984409213066101,shared,economy
word2vec,1.0000001192092896,a_only,video
word2vec,1.0000001192092896,neither,horch
word2vec,1.0,a_only,hu
word2vec,0.9318239092826843,shared,leaning
word2vec,0.051970385015010834,neither,buttoned
word2vec,1.0000001192092896,neither,incompatible
word2vec,1.0,a_only,interpretation
word2vec,1.0000001192092896,a_only,democratic
word2vec,0.9950467944145203,shared,sized
word2vec,0.1984567493200302,b_only,silly
word2vec,0.08415761590003967,neither,scuffle
word2vec,0.9896198511123657,shared,occupation
word2vec,0.015837334096431732,b_only,hallward
word2vec,0.13340002298355103,neither,hoop
word2vec,0.9850735068321228,shared,bearing
word2vec,0.9811659455299377,shared,rank
word2vec,1.0,a_only,elected
word2vec,0.9866188764572144,shared,wheels
word2vec,0.9984180331230164,shared,accepting
word2vec,0.9999998807907104,a_only,ferdinand
word2vec,1.0,neither,conscription
word2vec,1.0000001192092896,a_only,fluid
word2vec,0.9483458399772644,shared,front
word2vec,0.9999998807907104,a_only,proponents
word2vec,0.05507443845272064,neither,pail
word2vec,0.9973523020744324,shared,justify
word2vec,0.8908252716064453,shared,road
word2vec,1.0000001192092896,neither,cyanobacteria
word2vec,-0.09001214802265167,neither,leaping
word2vec,0.9999998807907104,neither,estuary
word2vec,1.0,a_only,benedict
word2vec,0.9721292853355408,shared,acquainted
word2vec,1.0,a_only,reformed
word2vec,1.0,a_only,percentage
word2vec,-0.11561062186956406,b_only,hurrying
word2vec,0.1396469622850418,neither,trunks
word2vec,0.18674372136592865,neither,ashen
word2vec,0.9999999403953552,a_only,noun
word2vec,-0.0057937828823924065,neither,dares
word2vec,1.0,a_only,tat
word2vec,0.9934431314468384,shared,xiii
word2vec,0.973189115524292,shared,rogers
word2vec,1.0,a_only,kevin
word2vec,0.9946666955947876,shared,destroyer
word2vec,1.0,neither,kropotkin
word2vec,1.0,neither,transept
word2vec,0.9904229044914246,shared,perceive
word2vec,-0.025490690022706985,neither,pots
word2vec,0.0692882314324379,neither,arsk
word2vec,1.0,neither,lethbridge
word2vec,0.9999999403953552,neither,predestination
word2vec,0.05801056697964668,neither,tingling
word2vec,1.0,neither,rhodes
word2vec,1.0,a_only,sayings
word2vec,-0.0978950634598732,b_only,stiff
word2vec,1.0,neither,burr
word2vec,0.13111278414726257,b_only,softened
word2vec,0.26996952295303345,neither,transitory
word2vec,1.0,neither,span
word2vec,1.0,neither,judgments
word2vec,-0.029016047716140747,neither,outfit
word2vec,0.8958168029785156,shared,those
word2vec,1.0,a_only,republicans
word2vec,1.0000001192092896,neither,sturmgewehr
word2vec,0.9111025333404541,shared,happiness
word2vec,0.20212140679359436,neither,edged
word2vec,0.9999999403953552,a_only,asl
word2vec,0.9906069040298462,shared,punished
word2vec,0.9923999309539795,shared,represent
word2vec,0.9676375985145569,shared,crash
word2vec,1.0,a_only,mexico
word2vec,0.9867879748344421,shared,xi
word2vec,1.0,neither,greenhouse
word2vec,0.1781897246837616,b_only,glow
word2vec,-0.012822842225432396,b_only,repetition
word2vec,0.9999998807907104,a_only,abc
word2vec,1.0,neither,iwama
word2vec,0.9758598208427429,shared,sand
word2vec,0.9920240640640259,shared,philosophy
word2vec,1.0,neither,suspension
word2vec,0.9706783890724182,shared,mysterious
word2vec,0.9999998807907104,neither,coercive
word2vec,1.0000001192092896,a_only,graduate
word2vec,1.0000001192092896,neither,shogun
word2vec,1.0,a_only,rd
word2vec,1.0,neither,med
word2vec,0.2166704535484314,neither,bloofer
word2vec,1.0,a_only,memorial
word2vec,1.0000001192092896,a_only,depending
word2vec,0.9674187302589417,shared,bowl
word2vec,0.9634158611297607,shared,mixed
word2vec,1.0,a_only,spectacular
word2vec,0.9905301332473755,shared,points
word2vec,0.8591665029525757,shared,trademark
word2vec,0.020944027230143547,neither,streaming
word2vec,0.1399385780096054,b_only,attentions
word2vec,1.0,neither,liechtenstein
word2vec,1.0,a_only,carlos
word2vec,1.0,neither,macedonians
word2vec,1.0,neither,ku
word2vec,1.0,neither,parklands
word2vec,0.09432996809482574,b_only,trifle
word2vec,-0.03048643469810486,neither,outrageous
word2vec,1.0000001192092896,neither,chapelle
word2vec,0.08660301566123962,neither,insincere
word2vec,0.9920889735221863,shared,sensitive
word2vec,1.0,neither,compression
word2vec,0.9882779121398926,shared,indifference
word2vec,0.9947836399078369,shared,skill
word2vec,0.9946283102035522,shared,system
word2vec,-0.008714091032743454,neither,condescend
word2vec,1.0,neither,strata
word2vec,1.0,a_only,racism
word2vec,1.0,a_only,operator
word2vec,0.10615803301334381,neither,woody
word2vec,0.9999999403953552,a_only,acupuncture
word2vec,0.869566023349762,shared,van
word2vec,1.0,neither,foraging
word2vec,0.9999998807907104,a_only,surviving
word2vec,0.21107806265354156,neither,horsham
word2vec,1.0,neither,edwards
word2vec,1.0,neither,landmark
word2vec,1.0,neither,successes
word2vec,0.9839423894882202,shared,needle
word2vec,0.9999999403953552,a_only,genre
word2vec,1.0,neither,josephus
word2vec,1.0000001192092896,neither,jagiellon
word2vec,1.0,a_only,treating
word2vec,1.0,a_only,consonant
word2vec,0.9999998807907104,neither,afer
word2vec,1.0,neither,sterling
word2vec,0.9707463979721069,shared,dying
word2vec,0.030807772651314735,neither,rug
word2vec,0.8996137380599976,shared,arms
word2vec,1.0,a_only,thirds
word2vec,0.2373477965593338,b_only,approaching
word2vec,0.9999998807907104,a_only,significantly
word2vec,0.9999999403953552,neither,modifying
word2vec,0.9970797896385193,shared,publicly
word2vec,0.9999999403953552,a_only,anglican
word2vec,-0.09257229417562485,b_only,hurry
word2vec,1.0,neither,contradictions
word2vec,1.0,neither,eleftherios
word2vec,0.9999999403953552,neither,inhibitors
word2vec,0.9871898293495178,neither,indivisible
word2vec,1.0000001192092896,neither,fumble
word2vec,0.9902850985527039,shared,tortured
word2vec,1.0,neither,insertion
word2vec,0.9983904361724854,shared,varieties
word2vec,1.0,neither,iris
word2vec,0.9775007367134094,shared,casting
word2vec,0.9999999403953552,neither,pharaohs
word2vec,1.0000001192092896,neither,complementary
word2vec,0.9999999403953552,a_only,crowley
word2vec,0.987084686756134,shared,equally
word2vec,1.0,neither,converts
word2vec,0.20740659534931183,neither,crawling
word2vec,0.1532580405473709,b_only,galatz
word2vec,0.9999999403953552,a_only,vivaldi
word2vec,0.949438750743866,shared,fan
word2vec,0.9999998807907104,a_only,justin
word2vec,0.9823220372200012,shared,sacred
word2vec,1.0,a_only,burgess
word2vec,1.0,a_only,denote
word2vec,0.9827843308448792,shared,washed
word2vec,0.9999999403953552,neither,jumbo
word2vec,0.9999999403953552,neither,condom
word2vec,0.9814329743385315,shared,shows
word2vec,0.9592776894569397,shared,troubled
word2vec,0.989331066608429,shared,locks
word2vec,0.9999999403953552,neither,categorized
word2vec,0.8582112789154053,shared,copyright
word2vec,1.0,neither,unfavourably
word2vec,0.07198182493448257,neither,cordially
word2vec,0.082670196890831,b_only,cly
word2vec,1.0,a_only,provinces
word2vec,1.0,a_only,forum
word2vec,1.0,neither,mythe
word2vec,0.9962286353111267,shared,chord
word2vec,0.982129693031311,shared,audience
word2vec,1.0,a_only,russians
word2vec,0.003595818532630801,neither,rapscallions
word2vec,0.9816170930862427,shared,victim
word2vec,1.0000001192092896,neither,chemists
word2vec,1.0000001192092896,a_only,altruism
word2vec,0.9140787124633789,shared,wonder
word2vec,1.0,a_only,output
word2vec,0.9972589015960693,shared,surrounding
word2vec,0.9999999403953552,a_only,chronic
word2vec,1.0,neither,cycles
word2vec,0.9980627298355103,shared,territory
word2vec,1.0000001192092896,neither,narcotics
word2vec,1.0,neither,csa
word2vec,-0.1104198470711708,b_only,cloak
word2vec,0.9999999403953552,a_only,harvard
word2vec,1.0,neither,prevents
word2vec,0.9973948001861572,shared,considerations
word2vec,1.0000001192092896,neither,iff
word2vec,0.9956247210502625,shared,celestial
word2vec,1.0,neither,maternal
word2vec,1.0000001192092896,neither,hops
word2vec,0.9713203310966492,shared,removed
word2vec,0.9804495573043823,shared,card
word2vec,1.0000001192092896,neither,beja
word2vec,0.8894853591918945,shared,without
word2vec,0.9999999403953552,a_only,claude
word2vec,1.0,neither,andrea
word2vec,0.9721872806549072,shared,steadily
word2vec,1.0000001192092896,a_only,modified
word2vec,1.0,neither,destinations
word2vec,1.0,a_only,unicode
word2vec,0.9999999403953552,neither,insurrection
word2vec,1.0,neither,provence
word2vec,0.9731781482696533,shared,blown
word2vec,0.9943931698799133,shared,fitting
word2vec,0.9796656966209412,shared,corners
word2vec,0.9826073050498962,shared,quantity
word2vec,1.0000001192092896,a_only,commissioned
word2vec,1.0,a_only,abbot
word2vec,0.9999999403953552,a_only,farming
word2vec,0.1651269793510437,b_only,canvas
word2vec,1.0000001192092896,a_only,johnston
word2vec,0.9999999403953552,neither,phenylalanine
word2vec,0.15488965809345245,b_only,avail
word2vec,1.0000001192092896,neither,alternating
word2vec,1.0000001192092896,a_only,unstable
word2vec,0.19170567393302917,neither,manhood
word2vec,1.0,neither,vancouver
word2vec,0.21487361192703247,neither,fixing
word2vec,0.04380955174565315,neither,trickling
word2vec,0.1178656741976738,neither,sallow
word2vec,0.9513722658157349,shared,pictures
word2vec,0.9947929978370667,shared,genuine
word2vec,0.8667044639587402,shared,gentle
word2vec,0.07859345525503159,b_only,tavern
word2vec,0.9999999403953552,a_only,loosely
word2vec,0.9999999403953552,neither,laissez
word2vec,1.0,neither,linda
word2vec,1.0,neither,donor
word2vec,1.0,neither,amp
word2vec,0.9999998807907104,neither,anachronistic
word2vec,0.9854834675788879,shared,objected
word2vec,0.13442008197307587,b_only,queens
word2vec,0.9399534463882446,shared,fairy
word2vec,0.9114317297935486,shared,side
word2vec,0.997470498085022,shared,popular
word2vec,0.9983872175216675,shared,pressure
word2vec,0.9276508688926697,shared,seem
word2vec,1.0000001192092896,neither,slot
word2vec,0.9867743849754333,shared,travel
word2vec,1.0,a_only,outcome
word2vec,1.0,neither,baptist
word2vec,0.9945911765098572,shared,objection
word2vec,0.19258302450180054,neither,respectfully
word2vec,0.9756014347076416,shared,information
word2vec,1.0,neither,electorate
word2vec,0.9958371520042419,shared,prosecution
word2vec,1.0,neither,bradman
word2vec,0.9584431648254395,shared,hearts
word2vec,0.12212388217449188,neither,spoil
word2vec,1.0000001192092896,a_only,fictional
word2vec,1.0,neither,causality
word2vec,0.983282208442688,shared,bible
word2vec,0.9527672529220581,shared,notice
word2vec,0.9999998807907104,neither,saito
word2vec,0.9999999403953552,a_only,provides
word2vec,0.9762281775474548,shared,mountains
word2vec,0.9947475790977478,shared,attractive
word2vec,1.0,neither,ballcarrier
word2vec,0.9998430013656616,shared,version
word2vec,0.9999998807907104,neither,hunters
word2vec,1.0,a_only,alabaster
word2vec,0.2485266476869583,neither,crisp
word2vec,0.9999998807907104,neither,exchanges
word2vec,1.0,neither,scots
word2vec,-0.16117140650749207,neither,carpathians
word2vec,1.0000001192092896,neither,behavioural
word2vec,1.0000001192092896,a_only,alphabet
word2vec,0.9971572756767273,shared,metal
word2vec,0.02735671028494835,b_only,violently
word2vec,0.953924834728241,shared,afternoon
word2vec,0.9866729974746704,shared,seriously
word2vec,1.0,neither,connotation
word2vec,1.0,neither,holders
word2vec,0.9997726082801819,shared,york
word2vec,-0.15044105052947998,neither,nuts
word2vec,0.988525390625,shared,stray
word2vec,0.9999998807907104,a_only,ataxia
word2vec,0.1911810040473938,neither,robbery
word2vec,-0.08858431130647659,neither,gallows
word2vec,0.027913276106119156,neither,beaming
word2vec,0.9792928695678711,shared,guidance
word2vec,0.05265628173947334,b_only,11
word2vec,0.08135762065649033,b_only,shrill
word2vec,1.0000001192092896,a_only,trend
word2vec,1.0000001192092896,neither,cone
word2vec,-0.022285951301455498,neither,smouch
word2vec,1.0,a_only,formally
word2vec,1.0000001192092896,a_only,choir
word2vec,0.9922311902046204,shared,movements
word2vec,1.0,neither,displaced
word2vec,0.9999999403953552,neither,agenda
word2vec,1.0000001192092896,neither,vapour
word2vec,1.0,a_only,contemporaries
word2vec,0.23604148626327515,neither,brim
word2vec,1.0,a_only,coral
word2vec,0.9982041120529175,shared,theme
word2vec,0.9942032098770142,shared,value
word2vec,0.9953336715698242,shared,weigh
word2vec,0.9999999403953552,neither,lombard
word2vec,0.9956529140472412,shared,lovers
word2vec,0.9999999403953552,a_only,apocalypse
word2vec,0.13453567028045654,b_only,devils
word2vec,0.15611857175827026,b_only,dormouse
word2vec,0.9999998807907104,neither,addicts
word2vec,0.9657886624336243,shared,join
word2vec,1.0,a_only,orwell
word2vec,0.1961970031261444,neither,assurances
word2vec,1.0,neither,posthumous
word2vec,1.0000001192092896,neither,tournaments
word2vec,0.9478710293769836,shared,whether
word2vec,1.0,neither,mined
word2vec,0.9999998807907104,neither,aquatic
word2vec,0.9989734292030334,shared,thereby
word2vec,0.9806593060493469,shared,occupations
word2vec,1.0000001192092896,neither,betty
word2vec,0.9750744104385376,shared,mamma
word2vec,0.9834343194961548,shared,wrought
word2vec,1.0000001192092896,neither,nano
word2vec,0.9999998807907104,neither,ilife
word2vec,0.8706262111663818,shared,keep
word2vec,1.0000001192092896,a_only,pop
word2vec,0.9891781806945801,shared,consideration
word2vec,-0.03534209355711937,neither,awaken
word2vec,1.0000001192092896,a_only,compilation
word2vec,1.0,neither,sigurd
word2vec,1.0,neither,prompting
word2vec,0.9311897158622742,shared,permission
word2vec,1.0,neither,exporting
word2vec,0.2568826675415039,neither,fork
word2vec,0.13294290006160736,b_only,pains
word2vec,0.23507846891880035,neither,initials
word2vec,0.09683142602443695,neither,alacrity
word2vec,0.99747234582901,shared,film
word2vec,0.9999999403953552,a_only,symbolism
word2vec,0.9970257878303528,shared,handing
word2vec,0.9979021549224854,shared,resided
word2vec,0.2680068612098694,neither,pianoforte
word2vec,0.9670977592468262,shared,drawn
word2vec,0.9446097612380981,shared,weather
word2vec,0.9900088310241699,shared,intellect
word2vec,0.054123472422361374,b_only,grindstone
word2vec,0.9999999403953552,neither,malinowski
word2vec,0.9999999403953552,a_only,fund
word2vec,1.0,neither,detroit
word2vec,0.06419128179550171,b_only,smile
word2vec,0.9025623798370361,shared,since
word2vec,0.08456209301948547,neither,vacancy
word2vec,-0.03832442685961723,neither,sha
word2vec,0.9710665345191956,shared,written
word2vec,1.0,a_only,scrimmage
word2vec,1.0,a_only,electricity
word2vec,1.0,a_only,napoleon
word2vec,0.9280936121940613,shared,creature
word2vec,0.2022465020418167,neither,grotesque
word2vec,0.9999999403953552,neither,cosmos
word2vec,1.0000001192092896,neither,citadel
word2vec,1.0,neither,exhibitions
word2vec,1.0,a_only,apocryphal
word2vec,1.0000001192092896,a_only,location
word2vec,1.0,a_only,pilots
word2vec,0.9905704855918884,shared,obtained
word2vec,1.0,neither,gauge
word2vec,0.9925888180732727,shared,printed
word2vec,1.0,a_only,relevant
word2vec,1.0,neither,memoirs
word2vec,0.025003056973218918,neither,oyster
word2vec,0.9999999403953552,neither,abb
word2vec,0.9973164200782776,shared,horns
word2vec,0.06397125124931335,neither,pondering
word2vec,0.1874772608280182,neither,woodpile
word2vec,0.008990280330181122,neither,infamy
word2vec,1.0000001192092896,neither,trek
word2vec,1.0,neither,divergent
word2vec,1.0,neither,affirming
word2vec,0.9973694682121277,shared,beneficial
word2vec,0.9889850616455078,shared,regarding
word2vec,1.0,neither,authentic
word2vec,1.0,neither,globally
word2vec,0.9970189332962036,shared,chronicle
word2vec,0.9991257190704346,shared,concentration
word2vec,1.0,neither,moralia
word2vec,1.0,neither,edict
word2vec,0.1280062198638916,neither,impelled
word2vec,0.9655511975288391,shared,perceived
word2vec,0.10415277630090714,neither,thud
word2vec,0.9968913197517395,shared,safely
word2vec,1.0,a_only,ransom
word2vec,0.05173305794596672,neither,nightmare
word2vec,0.8731454014778137,shared,hope
word2vec,0.19183558225631714,neither,listless
word2vec,1.0000001192092896,neither,lat
word2vec,0.2294914871454239,neither,gowns
word2vec,0.8819448351860046,shared,bear
word2vec,0.25129640102386475,neither,rustled
word2vec,0.08319036662578583,b_only,deceived
word2vec,0.07763935625553131,neither,forwards
word2vec,0.9999998807907104,a_only,announces
word2vec,-0.06686855107545853,b_only,git
word2vec,1.0000001192092896,a_only,statues
word2vec,0.9939085245132446,shared,appearances
word2vec,0.9802855253219604,shared,owing
word2vec,0.9972759485244751,shared,southern
word2vec,0.9396144151687622,shared,somewhere
word2vec,1.0,neither,cordillera
word2vec,0.995500385761261,neither,ud
word2vec,0.11158663034439087,neither,picks
word2vec,1.0,a_only,html
word2vec,0.9999999403953552,neither,zermelo
word2vec,-0.08300328999757767,neither,chink
word2vec,0.8563572764396667,shared,afraid
word2vec,0.9675036668777466,shared,medicine
word2vec,0.9934285283088684,shared,producing
word2vec,0.9922586679458618,shared,discoveries
word2vec,0.9977372884750366,shared,anatomy
word2vec,1.0000001192092896,a_only,legendary
word2vec,0.9650702476501465,shared,spreading
word2vec,1.0,a_only,der
word2vec,1.0,a_only,concepts
word2vec,1.0,neither,madeleine
word2vec,-0.03950480744242668,b_only,bother
word2vec,0.14815302193164825,neither,savagely
word2vec,0.07131832838058472,neither,powwow
word2vec,1.0000001192092896,a_only,blockade
word2vec,0.2007739245891571,b_only,triumphantly
word2vec,0.9856213927268982,shared,travelling
word2vec,0.9975656867027283,shared,professed
word2vec,0.9999998807907104,neither,graduated
word2vec,0.9999999403953552,a_only,wells
word2vec,0.9327953457832336,shared,dim
word2vec,0.8187481760978699,shared,spoke
word2vec,1.0000001192092896,neither,cans
word2vec,1.0000001192092896,neither,mycenaean
word2vec,1.0000001192092896,neither,decelerator
word2vec,1.0000001192092896,neither,infrared
word2vec,0.06083209812641144,b_only,manette
word2vec,0.9758632779121399,shared,vast
word2vec,0.9999998807907104,neither,perry
word2vec,-0.017067063599824905,neither,complaining
word2vec,1.0000001192092896,neither,sod
word2vec,-0.002773190848529339,neither,sweeter
word2vec,0.9958899021148682,shared,fires
word2vec,1.0,neither,piraeus
word2vec,1.0,a_only,athabasca
word2vec,0.9173337817192078,shared,followed
word2vec,0.9891532063484192,shared,rapid
word2vec,0.9973680973052979,neither,presided
word2vec,1.0,neither,reviewers
word2vec,0.9830375909805298,shared,oak
word2vec,0.9951028823852539,shared,concert
word2vec,1.0,neither,intentionally
word2vec,1.0,a_only,racing
word2vec,0.9999998807907104,a_only,staff
word2vec,0.12770198285579681,neither,meagre
word2vec,0.9999998807907104,neither,resistant
word2vec,1.0000001192092896,a_only,trojan
word2vec,0.9992247223854065,shared,area
word2vec,0.09113886952400208,neither,tame
word2vec,0.03000875562429428,neither,obstinate
word2vec,1.0000001192092896,a_only,geology
word2vec,1.0000001192092896,neither,unsuccessfully
word2vec,0.9670932292938232,shared,supposed
word2vec,-0.21708741784095764,neither,yawned
word2vec,0.9987597465515137,shared,situated
word2vec,0.9999999403953552,a_only,saga
word2vec,0.9947451949119568,shared,overshadowed
word2vec,0.9894764423370361,shared,consciousness
word2vec,0.9999999403953552,neither,proprietary
word2vec,1.0000001192092896,neither,malaria
word2vec,0.9902511239051819,shared,manifest
word2vec,0.992969274520874,shared,bush
word2vec,0.036089133471250534,neither,threadbare
word2vec,1.0,neither,pavia
word2vec,0.9497945308685303,shared,bring
word2vec,1.0,neither,unborn
word2vec,1.0000001192092896,a_only,jesus
word2vec,1.0000001192092896,a_only,arabs
word2vec,0.9999999403953552,a_only,recordings
word2vec,-0.012058274820446968,neither,wrap
word2vec,1.0000001192092896,a_only,compete
word2vec,0.3248342275619507,neither,everywheres
word2vec,0.9851604700088501,shared,painting
word2vec,0.9958446025848389,shared,introducing
word2vec,0.032583002001047134,b_only,fix
word2vec,0.11817397177219391,neither,refreshment
word2vec,0.8328936100006104,shared,arm
word2vec,1.0,a_only,grammar
word2vec,1.0,a_only,controversies
word2vec,0.9999998807907104,neither,meaningful
word2vec,0.9948678016662598,shared,secondly
word2vec,0.9956017732620239,shared,concerns
word2vec,0.9999999403953552,neither,wesleyan
word2vec,1.0,a_only,psyche
word2vec,0.22627049684524536,neither,nichols
word2vec,0.990798830986023,shared,healing
word2vec,0.9999999403953552,a_only,opponent
word2vec,0.9999998807907104,neither,shark
word2vec,0.9999999403953552,a_only,mineral
word2vec,0.9067857265472412,shared,brought
word2vec,1.0,neither,hieroglyphic
word2vec,1.0,neither,potato
word2vec,1.0000001192092896,a_only,ireland
word2vec,0.9949307441711426,shared,exist
word2vec,1.0,neither,barriers
word2vec,1.0000001192092896,a_only,depicting
word2vec,0.9650278687477112,shared,single
word2vec,0.9999999403953552,neither,paradigm
word2vec,0.9610837697982788,shared,sharply
word2vec,0.9578726291656494,shared,climb
word2vec,1.0,neither,johanna
word2vec,0.9999999403953552,neither,geschichte
word2vec,-0.04404963180422783,b_only,tremble
word2vec,1.0,neither,pacos
word2vec,1.0,a_only,op
word2vec,0.19562925398349762,b_only,winchester
word2vec,0.9666013121604919,shared,afford
word2vec,0.8387051224708557,shared,quick
word2vec,0.039495568722486496,neither,billington
word2vec,0.11820564419031143,neither,sauntered
word2vec,0.9937582612037659,shared,imprisonment
word2vec,1.0,neither,tidal
word2vec,0.029502857476472855,neither,rapped
word2vec,0.9752062559127808,shared,roll
word2vec,0.05740964785218239,b_only,haggard
word2vec,0.9756691455841064,shared,naked
word2vec,0.9999999403953552,a_only,generals
word2vec,-0.20350119471549988,b_only,panting
word2vec,-0.01797013357281685,b_only,entreated
word2vec,1.0,a_only,csm
word2vec,1.0,neither,abbreviating
word2vec,1.0,a_only,iverson
word2vec,1.0,neither,utilize
word2vec,0.9999998807907104,a_only,valleys
word2vec,0.16330581903457642,b_only,shout
word2vec,0.9917517900466919,shared,press
word2vec,0.9999999403953552,a_only,heinrich
word2vec,0.9999998807907104,a_only,surprisingly
word2vec,1.0000001192092896,a_only,infections
word2vec,0.9848480820655823,shared,sixteen
word2vec,0.9970707297325134,shared,ohio
word2vec,0.981049656867981,shared,sticks
word2vec,1.0,a_only,ministry
word2vec,1.0000001192092896,neither,innitzer
word2vec,0.9995027780532837,shared,waterloo
word2vec,0.07803250849246979,neither,spoons
word2vec,-0.04050428047776222,neither,chamounix
word2vec,0.9987569451332092,shared,authoritative
word2vec,1.0,neither,diana
word2vec,1.0,a_only,installed
word2vec,0.9999999403953552,a_only,agate
word2vec,0.9961830377578735,shared,elaborate
word2vec,0.08222205936908722,neither,fanned
word2vec,1.0,a_only,potential
word2vec,1.0,neither,equestrian
word2vec,0.9999999403953552,neither,clyde
word2vec,0.8014073371887207,shared,to
word2vec,0.0867438092827797,neither,repay
word2vec,1.0,a_only,syndrome
word2vec,1.0,neither,vee
word2vec,1.0,a_only,aberdeen
word2vec,0.9999998807907104,a_only,males
word2vec,1.0,neither,guru
word2vec,0.20363691449165344,neither,annoyance
word2vec,0.9628580808639526,shared,baby
word2vec,0.9999999403953552,neither,frederic
word2vec,1.0000001192092896,neither,nr
word2vec,0.13976998627185822,neither,pooty
word2vec,1.0000001192092896,a_only,immigration
word2vec,0.9999999403953552,neither,slower
word2vec,0.9971799850463867,shared,local
word2vec,0.9999998807907104,neither,narrowly
word2vec,0.9999998807907104,neither,methanol
word2vec,1.0,neither,psychedelic
word2vec,0.9999999403953552,a_only,monument
word2vec,0.013770225457847118,b_only,procured
word2vec,0.16318386793136597,neither,lurid
word2vec,1.0,neither,viennese
word2vec,1.0,neither,sippar
word2vec,0.9862067699432373,shared,backs
word2vec,0.9999999403953552,neither,bays
word2vec,0.9999999403953552,neither,asner
word2vec,0.9848346710205078,shared,arrows
word2vec,0.993842363357544,shared,prejudices
word2vec,0.11960536241531372,neither,afar
word2vec,1.0000001192092896,a_only,amendment
word2vec,1.0,neither,blogs
word2vec,0.9999999403953552,neither,manpower
word2vec,0.8062035441398621,shared,be
word2vec,1.0,neither,maurice
word2vec,-0.0033844595309346914,neither,veresti
word2vec,0.9898408055305481,shared,xx
word2vec,0.9891072511672974,shared,support
word2vec,1.0000001192092896,neither,delegation
word2vec,0.021961893886327744,neither,remarking
word2vec,-0.04936015605926514,neither,blooming
word2vec,0.9999999403953552,a_only,alpaca
word2vec,-0.03156254440546036,neither,ahoy
word2vec,0.9657084345817566,shared,noon
word2vec,0.049021441489458084,neither,babies
word2vec,0.37978115677833557,neither,cripple
word2vec,0.9999999403953552,neither,orientation
word2vec,0.9448283910751343,shared,marked
word2vec,0.9980058670043945,shared,consequent
word2vec,0.9940376877784729,shared,tomorrow
word2vec,1.0,neither,arau
word2vec,0.9999999403953552,a_only,selling
word2vec,1.0,neither,gawk
word2vec,1.0000001192092896,neither,spawned
word2vec,1.0,neither,hydride
word2vec,1.0,neither,osiris
word2vec,0.9999998807907104,neither,dissolution
word2vec,1.0,a_only,almonds
word2vec,1.0000001192092896,neither,rabbis
word2vec,0.4066959023475647,neither,godfrey
word2vec,1.0,neither,phonetic
word2vec,0.9690434336662292,shared,notion
word2vec,0.999629020690918,shared,militia
word2vec,0.9999999403953552,neither,assassin
word2vec,1.0,neither,dollfuss
word2vec,0.17092004418373108,neither,bitterest
word2vec,1.0000001192092896,a_only,antoninus
word2vec,0.9437217116355896,shared,play
word2vec,-0.04419305920600891,neither,hangs
word2vec,0.9918451905250549,shared,connections
word2vec,1.0,a_only,defense
word2vec,1.0,neither,toad
word2vec,0.9999999403953552,a_only,mathbb
word2vec,0.9999999403953552,neither,turbocharged
word2vec,0.992825984954834,shared,wire
word2vec,0.9999999403953552,a_only,prophet
word2vec,0.0639336109161377,neither,slighted
word2vec,0.9999999403953552,a_only,camus
word2vec,0.09608053416013718,neither,grunted
word2vec,1.0,a_only,formula
word2vec,1.0000001192092896,a_only,receivers
word2vec,-0.017563916742801666,b_only,attentively
word2vec,1.0000001192092896,neither,pseudoarchaeology
word2vec,0.9709528088569641,shared,fate
word2vec,0.9973767399787903,shared,opinions
word2vec,0.9964162707328796,shared,dismissed
word2vec,0.03133603557944298,b_only,holmwood
word2vec,0.9759718775749207,shared,france
word2vec,0.9999999403953552,a_only,austin
word2vec,0.9999999403953552,a_only,interact
word2vec,1.0000001192092896,a_only,naming
word2vec,0.9872750639915466,shared,republic
word2vec,1.0,a_only,physiology
word2vec,0.9970299005508423,shared,achieve
word2vec,1.0,a_only,mackenzie
word2vec,0.9981839656829834,shared,courier
word2vec,1.0000001192092896,neither,scout
word2vec,0.9939858317375183,neither,shifting
word2vec,0.9999998807907104,neither,surveyor
word2vec,1.0000001192092896,neither,seceding
word2vec,0.03093092329800129,neither,knit
word2vec,0.009954046458005905,neither,fastening
word2vec,1.0000001192092896,a_only,software
word2vec,1.0,neither,regulars
word2vec,-0.009827236644923687,neither,preposterous
word2vec,0.9871376752853394,shared,consequence
word2vec,0.27872493863105774,neither,loveliest
word2vec,1.0,neither,journalists
word2vec,-0.0001815809082472697,neither,caprice
word2vec,0.9999998807907104,a_only,oceans
word2vec,0.16578423976898193,neither,furnish
word2vec,0.9999999403953552,a_only,nationalist
word2vec,1.0,neither,affidavit
word2vec,0.20501534640789032,neither,illuminated
word2vec,0.9938549399375916,shared,require
word2vec,-0.026068946346640587,b_only,beetle
word2vec,0.9486910700798035,shared,smoking
word2vec,0.9720582365989685,shared,disappointed
word2vec,1.0000001192092896,neither,agade
word2vec,0.9957813620567322,shared,believes
word2vec,-0.09279527515172958,neither,harmless
word2vec,0.9766849279403687,shared,shelter
word2vec,1.0,a_only,diagnosis
word2vec,1.0000001192092896,a_only,carl
word2vec,0.02009219489991665,b_only,hunted
word2vec,0.9476560354232788,shared,marriage
word2vec,1.0,neither,anatolian
word2vec,0.8737897276878357,shared,these
word2vec,0.9891919493675232,shared,encourage
word2vec,0.9916921854019165,shared,staying
word2vec,0.9393873810768127,shared,company
word2vec,0.9708852767944336,shared,crime
word2vec,0.9626848697662354,shared,raise
word2vec,1.0000001192092896,neither,eurasia
word2vec,0.9991747736930847,shared,mission
word2vec,1.0000001192092896,neither,carbons
word2vec,0.9999999403953552,a_only,russell
word2vec,1.0000001192092896,a_only,practices
word2vec,1.0,a_only,plural
word2vec,1.0000001192092896,a_only,linguistics
word2vec,0.020862966775894165,neither,hardened
word2vec,0.9999998807907104,neither,appliances
word2vec,-0.027381010353565216,neither,cheque
word2vec,-0.0267365463078022,b_only,glided
word2vec,0.9480079412460327,shared,remain
word2vec,1.0,neither,boeotia
word2vec,0.07965048402547836,neither,sack
word2vec,0.9999998807907104,a_only,array
word2vec,0.10442961007356644,neither,resume
word2vec,1.0,neither,quasi
word2vec,1.0000001192092896,neither,contractual
word2vec,0.08254651725292206,neither,imagining
word2vec,0.987171471118927,shared,accompanied
word2vec,0.9999999403953552,a_only,hennecke
word2vec,0.804268479347229,shared,quite
word2vec,-0.14739127457141876,b_only,traversed
word2vec,0.03220869600772858,neither,neighborhood
word2vec,0.07066740840673447,neither,paws
word2vec,0.9860903024673462,shared,merchant
word2vec,1.0000001192092896,neither,unexplained
word2vec,1.0000001192092896,a_only,conceptions
word2vec,0.155198872089386,neither,fangled
word2vec,1.0000001192092896,a_only,grants
word2vec,1.0,neither,norms
word2vec,0.023443283513188362,neither,poking
word2vec,0.9962974786758423,shared,draws
word2vec,0.03013257123529911,b_only,tradesman
word2vec,1.0000001192092896,a_only,proposition
word2vec,0.9271601438522339,shared,paper
word2vec,0.9985111355781555,shared,philosopher
word2vec,0.999103307723999,shared,persian
word2vec,0.974892258644104,shared,respect
word2vec,0.986424446105957,shared,childhood
word2vec,1.0,neither,dictatorship
word2vec,1.0,neither,zur
word2vec,1.0,a_only,camera
word2vec,1.0,a_only,neurological
word2vec,0.9999999403953552,a_only,colored
word2vec,1.0,neither,libertarians
word2vec,1.0,neither,nascar
word2vec,0.11503332108259201,b_only,bully
word2vec,0.9999999403953552,neither,rites
word2vec,1.0000001192092896,neither,lowland
word2vec,0.9622751474380493,shared,burst
word2vec,-0.14453254640102386,neither,knave
word2vec,1.0,a_only,embassy
word2vec,1.0,neither,hackett
word2vec,1.0,neither,arachne
word2vec,1.0,neither,collaborating
word2vec,1.0000001192092896,a_only,chadic
word2vec,1.0,a_only,disciplines
word2vec,0.9999999403953552,a_only,louisiana
word2vec,0.9832229018211365,shared,sides
word2vec,1.0000001192092896,neither,inconclusive
word2vec,1.0,neither,aryan
word2vec,0.9999999403953552,a_only,libertarian
word2vec,-0.09284492582082748,b_only,cracked
word2vec,0.9592971801757812,shared,wall
word2vec,1.0,neither,sclerosis
word2vec,1.0,neither,lb
word2vec,0.1845257580280304,neither,resolving
word2vec,0.9999999403953552,a_only,mainstream
word2vec,0.9999998807907104,a_only,diocese
word2vec,1.0,neither,completeness
word2vec,0.9969722628593445,shared,succession
word2vec,0.9826850891113281,shared,truly
word2vec,1.0000001192092896,a_only,manufacturers
word2vec,-0.074443019926548,b_only,ghostly
word2vec,0.9960874915122986,shared,theories
word2vec,0.07177767157554626,neither,merciful
word2vec,1.0,a_only,referendum
word2vec,1.0,neither,hazards
word2vec,1.0,neither,voiced
word2vec,0.9595438838005066,shared,pull
word2vec,0.9972406625747681,shared,attractions
word2vec,1.0000001192092896,a_only,cemetery
word2vec,1.0,a_only,calgary
word2vec,0.8583970069885254,shared,sat
word2vec,0.9440646767616272,shared,heavy
word2vec,1.0000001192092896,neither,traumatic
word2vec,0.8031105995178223,shared,joe
word2vec,0.9969576001167297,shared,services
word2vec,-0.027720697224140167,b_only,abhorrence
word2vec,0.0031064816284924746,neither,injustice
word2vec,0.9999999403953552,a_only,afghan
word2vec,0.011808253824710846,neither,refinement
word2vec,0.27167919278144836,neither,lounged
word2vec,-0.03405207023024559,neither,presentiment
word2vec,0.2301488071680069,neither,coastguard
word2vec,1.0,neither,hicks
word2vec,0.9832695126533508,shared,sermon
word2vec,0.9059520363807678,shared,certainly
word2vec,1.0,neither,judgement
word2vec,1.0,a_only,expanding
word2vec,1.0,neither,linnaeus
word2vec,0.2486695945262909,b_only,affections
word2vec,0.039220742881298065,neither,quickest
word2vec,0.9782697558403015,shared,stirred
word2vec,1.0,neither,abe
word2vec,0.0186605304479599,neither,pulses
word2vec,0.9765924215316772,shared,exercise
word2vec,0.9701460599899292,shared,rode
word2vec,1.0,neither,compilers
word2vec,0.9949527978897095,neither,stack
word2vec,0.034117888659238815,b_only,spoiled
word2vec,0.9486089944839478,shared,venture
word2vec,0.1314888894557953,neither,reeling
word2vec,0.9999999403953552,neither,pompey
word2vec,1.0,neither,firms
word2vec,0.9999999403953552,a_only,aa
word2vec,1.0,neither,pigweed
word2vec,0.010534193366765976,neither,cretur
word2vec,1.0000001192092896,neither,keith
word2vec,0.07863204181194305,neither,roundabout
word2vec,1.0,a_only,orbit
word2vec,1.0,a_only,parks
word2vec,0.8923598527908325,shared,piece
word2vec,1.0,a_only,unified
word2vec,1.0,neither,patagonian
word2vec,1.0,neither,mathrm
word2vec,0.23853933811187744,neither,purport
word2vec,0.8632643818855286,shared,things
word2vec,0.9971951842308044,shared,negative
word2vec,1.0000001192092896,neither,suri
word2vec,-0.014900068752467632,neither,fearfully
word2vec,1.0,a_only,negotiations
word2vec,0.95620197057724,shared,aboard
word2vec,0.9817720055580139,shared,solitude
word2vec,0.996096134185791,shared,drives
word2vec,0.09907278418540955,neither,deathly
word2vec,0.9708024859428406,shared,particularly
word2vec,0.970822811126709,shared,chain
word2vec,1.0000001192092896,neither,dilation
word2vec,-0.07193779200315475,b_only,twisted
word2vec,1.0,neither,crawford
word2vec,1.0,neither,cuanza
word2vec,0.07568284869194031,neither,sparkled
word2vec,0.17551463842391968,neither,proudly
word2vec,0.9999998807907104,neither,hobby
word2vec,1.0000001192092896,neither,globalization
word2vec,0.8777672648429871,shared,coming
word2vec,0.999575674533844,shared,newspaper
word2vec,0.09029311686754227,neither,troubling
word2vec,0.012210295535624027,b_only,fortnight
word2vec,0.9458759427070618,shared,laying
word2vec,0.0837721899151802,neither,elexander
word2vec,0.9993986487388611,shared,addison
word2vec,0.9999999403953552,a_only,calcium
word2vec,0.9940729141235352,shared,sustain
word2vec,-0.043390966951847076,neither,ascend
word2vec,0.17035140097141266,neither,forgetfulness
word2vec,1.0,neither,antiquities
word2vec,0.980993926525116,shared,labour
word2vec,-0.07681109011173248,neither,momentarily
word2vec,0.04021542891860008,neither,portmanteau
word2vec,0.9905794262886047,shared,captivity
word2vec,0.10444357991218567,neither,yelled
word2vec,1.0000001192092896,a_only,diverse
word2vec,0.9133532047271729,shared,seward
word2vec,0.9999998807907104,neither,austroasiatic
word2vec,0.9667296409606934,shared,closer
word2vec,0.9999998807907104,neither,bi
word2vec,-0.003243837272748351,neither,fancying
word2vec,1.0,neither,dunmore
word2vec,0.10782503336668015,neither,faltering
word2vec,0.15283338725566864,neither,sorely
word2vec,1.0,a_only,respective
word2vec,0.9071685075759888,shared,raising
word2vec,1.0000001192092896,a_only,organ
word2vec,-0.15946975350379944,b_only,whistle
word2vec,0.9999998807907104,a_only,losses
word2vec,1.0,a_only,parliament
word2vec,0.19718889892101288,neither,woven
word2vec,0.16731134057044983,neither,scoop
word2vec,1.0,neither,packages
word2vec,0.9895222783088684,shared,dishes
word2vec,1.0,neither,endemic
word2vec,1.0,neither,moniker
word2vec,1.0,a_only,awk
word2vec,0.09338616579771042,neither,hurting
word2vec,1.0,neither,excerpts
word2vec,0.958038330078125,shared,study
word2vec,1.0,neither,delicatessen
word2vec,-0.00151153898332268,b_only,slim
word2vec,1.0,a_only,via
word2vec,1.0,neither,clearest
word2vec,0.9995154142379761,shared,lloyd
word2vec,0.9790658354759216,shared,larger
word2vec,0.9999998807907104,neither,bombings
word2vec,0.9999999403953552,a_only,epic
word2vec,0.9394583702087402,shared,longer
word2vec,1.0000001192092896,a_only,civilizations
word2vec,0.07852701842784882,neither,scolding
word2vec,-0.08419819921255112,neither,studded
word2vec,1.0,a_only,revolutionaries
word2vec,1.0,neither,benguela
word2vec,1.0000001192092896,neither,illustrator
word2vec,0.9913038611412048,shared,xv
word2vec,0.11873926222324371,neither,persevering
word2vec,0.9965803623199463,shared,probability
word2vec,0.9718883633613586,shared,cross
word2vec,0.819463849067688,shared,again
word2vec,0.9975566267967224,shared,ability
word2vec,1.0000001192092896,a_only,theistic
word2vec,0.9999998807907104,neither,cosmonaut
word2vec,-0.1357925981283188,b_only,plainly
word2vec,1.0,neither,reversible
word2vec,1.0,neither,remonstrants
word2vec,0.2517169415950775,neither,clapping
word2vec,0.09708327054977417,neither,swearing
word2vec,-0.026172637939453125,neither,splendour
word2vec,0.9999998807907104,a_only,tennessee
word2vec,0.9999999403953552,neither,arendt
word2vec,0.13922333717346191,neither,unbecoming
word2vec,1.0,a_only,ammonia
word2vec,0.08848094940185547,neither,butcher
word2vec,1.0,a_only,lipsius
word2vec,0.1405545175075531,neither,abbaye
word2vec,1.0,a_only,media
word2vec,0.9996419548988342,shared,adapted
word2vec,0.9999998807907104,neither,weighted
word2vec,0.011084910482168198,b_only,shrink
word2vec,1.0,a_only,athens
word2vec,0.9905846118927002,shared,doctors
word2vec,1.0000001192092896,neither,blasphemous
word2vec,0.9425185322761536,shared,cook
word2vec,1.0,neither,lfar
word2vec,0.9871827960014343,shared,behaved
word2vec,0.0684630423784256,neither,squalid
word2vec,0.10558148473501205,neither,believeth
word2vec,1.0,neither,ovid
word2vec,0.11381039768457413,neither,shutter
word2vec,0.6877716779708862,shared,gray
word2vec,1.0,a_only,organizations
word2vec,0.9939180016517639,shared,sheer
word2vec,0.9868195652961731,shared,magnificent
word2vec,1.0,neither,morihei
word2vec,0.9967302083969116,shared,dies
word2vec,0.9847008585929871,shared,witnesses
word2vec,0.9999998807907104,neither,oceania
word2vec,0.2325383871793747,neither,uncouth
word2vec,0.9999999403953552,neither,silt
word2vec,0.9854695796966553,shared,shine
word2vec,0.9999999403953552,neither,providers
word2vec,1.0,neither,zoology
word2vec,1.0,neither,bladder
word2vec,-0.0020353859290480614,neither,incredulity
word2vec,1.0,neither,ebionites
word2vec,0.9824920892715454,shared,demand
word2vec,1.0,neither,reindeer
word2vec,0.10504082590341568,neither,monmouth
word2vec,1.0,a_only,titles
word2vec,1.0,neither,cochrane
word2vec,1.0000001192092896,neither,greetings
word2vec,0.8202182054519653,shared,every
word2vec,0.9999998807907104,neither,greenspan
word2vec,1.0,neither,plow
word2vec,0.9948793649673462,shared,forces
word2vec,0.9999999403953552,a_only,lyrics
word2vec,1.0,neither,huacaya
word2vec,0.9142376780509949,shared,until
word2vec,0.9999998807907104,neither,drinks
word2vec,0.05768659710884094,neither,chanced
word2vec,-0.07414491474628448,neither,despised
word2vec,0.9999999403953552,neither,gloucester
word2vec,1.0,neither,toledo
word2vec,1.0000001192092896,a_only,als
word2vec,1.0,a_only,histories
word2vec,0.7969516515731812,shared,wood
word2vec,0.9999999403953552,neither,jeremy
word2vec,1.0,neither,narrator
word2vec,1.0,neither,romanus
word2vec,0.015213124454021454,neither,leant
word2vec,1.0,a_only,angles
word2vec,1.0000001192092896,a_only,constitutional
word2vec,0.11718156188726425,neither,whiles
word2vec,0.9999999403953552,neither,standpoint
word2vec,0.9851312637329102,shared,bloom
word2vec,1.0,a_only,romanian
word2vec,0.9896752834320068,shared,cage
word2vec,1.0000001192092896,neither,backlash
word2vec,0.9652796387672424,shared,flowers
word2vec,0.9999998807907104,neither,penal
word2vec,0.9999999403953552,neither,ritter
word2vec,0.06693144887685776,neither,compassionate
word2vec,0.9576364159584045,shared,brown
word2vec,0.9696499109268188,shared,paid
word2vec,1.0000001192092896,neither,righteous
word2vec,0.022737247869372368,neither,liar
word2vec,0.8762382864952087,shared,rather
word2vec,0.20760104060173035,neither,juryman
word2vec,0.9912261366844177,shared,intelligence
word2vec,1.0,neither,mb
word2vec,1.0,neither,abbess
word2vec,0.9999998807907104,neither,entertainer
word2vec,1.0,neither,polymerization
word2vec,0.950683057308197,shared,truth
word2vec,0.9952296614646912,shared,nerve
word2vec,1.0,a_only,eu
word2vec,1.0000001192092896,a_only,limiting
word2vec,-0.02607373148202896,b_only,whoop
word2vec,0.9667741656303406,shared,food
word2vec,0.9906870126724243,shared,birth
word2vec,1.0000001192092896,a_only,wildlife
word2vec,0.9999999403953552,a_only,credited
word2vec,0.9958435893058777,shared,revival
word2vec,0.9960650205612183,shared,november
word2vec,0.9999999403953552,a_only,portals
word2vec,0.9888800382614136,shared,occasionally
word2vec,0.1062592938542366,b_only,dinah
word2vec,0.9929852485656738,shared,distinguished
word2vec,1.0,a_only,monasteries
word2vec,0.9999998807907104,neither,naqada
word2vec,0.13154996931552887,neither,beamed
word2vec,0.11206486076116562,neither,impassive
word2vec,0.05220096930861473,neither,dazed
word2vec,0.9966069459915161,shared,privately
word2vec,0.9999998807907104,neither,dinger
word2vec,0.9885493516921997,shared,report
word2vec,1.0,neither,apiaceae
word2vec,1.0,a_only,withdrawal
word2vec,1.0,a_only,chi
word2vec,1.0000001192092896,neither,inaugural
word2vec,1.0000001192092896,neither,liber
word2vec,0.9938521981239319,shared,incidents
word2vec,1.0,a_only,depicts
word2vec,1.0,a_only,animistic
word2vec,1.0,neither,decides
word2vec,1.0,neither,alt
word2vec,0.9726554751396179,shared,advantage
word2vec,1.0000001192092896,a_only,pronunciation
word2vec,0.9829869270324707,shared,exhibited
word2vec,1.0,a_only,allosaurus
word2vec,0.07881810516119003,neither,undergone
word2vec,0.2259868085384369,neither,walworth
word2vec,0.9854899644851685,shared,oath
word2vec,0.9996182918548584,shared,bordered
word2vec,1.0,neither,hms
word2vec,-0.10259783267974854,neither,assented
word2vec,1.0,a_only,spacecraft
word2vec,0.9675423502922058,shared,suit
word2vec,0.9842966198921204,shared,delay
word2vec,0.06678085774183273,neither,feebly
word2vec,1.0,a_only,cosmology
word2vec,0.9780746102333069,shared,attended
word2vec,1.0,neither,bernhard
word2vec,0.9680399298667908,shared,breathing
word2vec,-0.07617083191871643,b_only,monstrous
word2vec,0.9862014651298523,shared,verdict
word2vec,0.9536017775535583,shared,servant
word2vec,1.0,neither,oligocene
word2vec,1.0,a_only,hebrews
word2vec,1.0000001192092896,neither,engineered
word2vec,0.9999999403953552,a_only,botanical
word2vec,0.9963600039482117,shared,contracted
word2vec,0.9919140338897705,shared,garments
word2vec,1.0,a_only,experimental
word2vec,1.0,neither,sporadic
word2vec,0.9940528273582458,shared,behalf
word2vec,0.08350303024053574,neither,doth
word2vec,-0.07470464706420898,neither,wharf
word2vec,-0.02919774502515793,neither,tramped
word2vec,1.0000001192092896,neither,salem
word2vec,1.0,neither,seventeenth
word2vec,0.9814284443855286,shared,judgment
word2vec,1.0,neither,weights
word2vec,1.0000001192092896,neither,bligh
word2vec,0.975012481212616,shared,farmer
word2vec,0.9957815408706665,shared,recent
word2vec,1.0,a_only,aardvarks
word2vec,1.0000001192092896,neither,annihilate
word2vec,0.9746848940849304,shared,space
word2vec,1.0,neither,chariot
word2vec,0.9947710633277893,shared,guardian
word2vec,1.0000001192092896,neither,viewer
word2vec,0.017161471769213676,b_only,slid
word2vec,0.9854905009269714,shared,thumb
word2vec,0.23077203333377838,neither,forcibly
word2vec,0.9337546825408936,shared,gun
word2vec,0.9999999403953552,neither,ag
word2vec,0.9854423403739929,shared,duck
word2vec,0.9999999403953552,neither,napol
word2vec,-0.016679421067237854,neither,hogs
word2vec,1.0,neither,brisbane
word2vec,1.0000001192092896,neither,nazism
word2vec,0.9964766502380371,shared,assume
word2vec,0.0012431569630280137,neither,wart
word2vec,0.24163474142551422,neither,rumour
word2vec,0.9999998807907104,a_only,administered
word2vec,0.9999999403953552,neither,predict
word2vec,0.9882476925849915,shared,artist
word2vec,0.8682742118835449,shared,saying
word2vec,1.0000001192092896,neither,adequate
word2vec,0.0392974317073822,neither,vaguely
word2vec,0.9938816428184509,shared,proceeding
word2vec,0.9813622832298279,shared,paint
word2vec,-0.000785109237767756,neither,melt
word2vec,1.0,a_only,br
word2vec,0.9946203231811523,shared,exchange
word2vec,0.8633645176887512,shared,haven
word2vec,1.0,a_only,stadium
word2vec,1.0,neither,bey
word2vec,0.05488082766532898,neither,wearily
word2vec,0.8816770911216736,shared,run
word2vec,1.0,neither,implying
word2vec,-0.17423930764198303,b_only,beautifully
word2vec,1.0,a_only,anagram
word2vec,1.0,neither,attributable
word2vec,1.0000001192092896,a_only,circuits
word2vec,1.0,a_only,acropolis
word2vec,0.945484459400177,shared,carried
word2vec,0.9924257397651672,shared,questioned
word2vec,1.0,neither,fritz
word2vec,0.9901837706565857,shared,entitled
word2vec,0.21365047991275787,neither,shave
word2vec,0.047877028584480286,neither,damask
word2vec,0.9852243065834045,shared,pressing
word2vec,0.9052637219429016,shared,raised
word2vec,1.0,neither,conway
word2vec,0.020442647859454155,b_only,awhile
word2vec,0.04565630853176117,neither,vices
word2vec,1.0,neither,analytics
word2vec,0.11975697427988052,neither,mightn
word2vec,1.0000001192092896,a_only,kilometres
word2vec,1.0,a_only,aggression
word2vec,0.9586835503578186,shared,eggs
word2vec,1.0,neither,revenues
word2vec,1.0000001192092896,a_only,commitment
word2vec,1.0,neither,publicized
word2vec,0.19532591104507446,neither,expose
word2vec,0.15181072056293488,neither,rejoicing
word2vec,0.9869586825370789,shared,proposed
word2vec,1.0,neither,hexadecimal
word2vec,0.06914825737476349,b_only,solicitude
word2vec,1.0000001192092896,neither,databases
word2vec,0.9855515956878662,shared,fourteen
word2vec,0.9201683402061462,shared,fellows
word2vec,0.8751592636108398,shared,fine
word2vec,1.0,a_only,epiphanius
word2vec,0.9999999403953552,a_only,meaningless
word2vec,0.9419308304786682,shared,paris
word2vec,0.05108043923974037,b_only,romeo
word2vec,1.0000001192092896,a_only,macedonian
word2vec,1.0000001192092896,a_only,rc
word2vec,0.9870178699493408,shared,robin
word2vec,0.9999999403953552,neither,uzala
word2vec,1.0000001192092896,neither,dilemma
word2vec,0.02964998036623001,b_only,stupid
word2vec,1.0,neither,participants
word2vec,0.9999999403953552,neither,psychoactive
word2vec,0.03295912966132164,neither,anon
word2vec,1.0000001192092896,neither,elites
word2vec,1.0,a_only,commander
word2vec,0.9999999403953552,neither,annotated
word2vec,0.9336028099060059,shared,news
word2vec,0.9780763983726501,shared,gives
word2vec,0.09181898087263107,b_only,danced
word2vec,0.08672269433736801,b_only,roused
word2vec,-0.08396928757429123,b_only,transylvania
word2vec,0.045134223997592926,neither,sweated
word2vec,0.9768320322036743,shared,speed
word2vec,0.9863452911376953,shared,create
word2vec,0.9860353469848633,shared,quarters
word2vec,1.0,neither,standardized
word2vec,0.9959626197814941,shared,ranks
word2vec,1.0000001192092896,a_only,kalashnikov
word2vec,0.9395582675933838,shared,sharp
word2vec,0.9999998807907104,neither,dyes
word2vec,0.9897023439407349,shared,updated
word2vec,1.0,a_only,collective
word2vec,0.9813286662101746,shared,examine
word2vec,1.0,neither,collector
word2vec,0.9984161853790283,shared,consul
word2vec,0.04678620025515556,b_only,suspect
word2vec,0.9999999403953552,a_only,operational
word2vec,0.12399207800626755,neither,lashed
word2vec,-0.04088275507092476,b_only,roylott
word2vec,1.0000001192092896,neither,identifying
word2vec,0.254381000995636,neither,eh
word2vec,0.01044981088489294,neither,sensibility
word2vec,1.0,neither,necronomicon
word2vec,0.9829168915748596,shared,willow
word2vec,0.21381932497024536,neither,clattered
word2vec,1.0000001192092896,neither,pseudopods
word2vec,1.0,neither,apse
word2vec,1.0000001192092896,a_only,explicitly
word2vec,0.970593273639679,shared,riding
word2vec,0.11037930101156235,neither,splendor
word2vec,0.22260460257530212,neither,xxv
word2vec,1.0000001192092896,neither,emily
word2vec,0.160796657204628,neither,shaggy
word2vec,0.8871054649353027,shared,drawing
word2vec,0.9999999403953552,neither,solvents
word2vec,1.0,neither,mickey
word2vec,1.0,neither,photographic
word2vec,1.0,neither,blonde
word2vec,1.0000001192092896,a_only,linebackers
word2vec,1.0,neither,abdali
word2vec,0.9455183744430542,shared,bottom
word2vec,0.9714785814285278,shared,opening
word2vec,0.8925466537475586,shared,late
word2vec,0.15613119304180145,neither,swayed
word2vec,1.0000001192092896,a_only,quebec
word2vec,0.9999999403953552,neither,rashid
word2vec,0.9892593622207642,shared,bodies
word2vec,0.9999998807907104,a_only,doctrines
word2vec,0.9880340695381165,shared,shallow
word2vec,0.9999999403953552,neither,volkswagen
word2vec,1.0,neither,markings
word2vec,-0.01796020194888115,b_only,begged
word2vec,1.0000001192092896,a_only,administrative
word2vec,1.0000001192092896,a_only,britannica
word2vec,1.0000001192092896,neither,orycteropus
word2vec,1.0,neither,blend
word2vec,0.23270082473754883,neither,spires
word2vec,1.0,a_only,treaty
word2vec,0.011337962001562119,neither,yit
word2vec,1.0,neither,pliocene
word2vec,0.9999999403953552,a_only,item
word2vec,1.0,a_only,automobiles
word2vec,1.0,a_only,elite
word2vec,0.9959458708763123,shared,remedy
word2vec,1.0,neither,hippo
word2vec,1.0000001192092896,a_only,framework
word2vec,1.0000001192092896,a_only,blocking
word2vec,1.0000001192092896,neither,freezing
word2vec,0.9917168617248535,shared,exciting
word2vec,1.0,a_only,alaric
word2vec,0.991159975528717,shared,split
word2vec,1.0000001192092896,neither,sarcophagus
word2vec,-0.004542279057204723,b_only,admire
word2vec,0.9969314932823181,shared,rarely
word2vec,1.0,a_only,seljuk
word2vec,0.9927479028701782,shared,skull
word2vec,0.982627272605896,shared,library
word2vec,0.9941316843032837,shared,reform
word2vec,1.0,neither,zee
word2vec,-0.004838894121348858,b_only,jis
word2vec,0.9853472113609314,shared,ca
word2vec,1.0,neither,athenian
word2vec,1.0,neither,azeri
word2vec,1.0,neither,lipids
word2vec,-0.02300669439136982,neither,sincerity
word2vec,1.0,neither,transcendent
word2vec,1.0,a_only,gore
word2vec,1.0,neither,recommendation
word2vec,1.0,neither,rods
word2vec,0.879607081413269,shared,woods
word2vec,0.9936696290969849,shared,uniform
word2vec,0.997932493686676,shared,sympathetic
word2vec,0.9999998807907104,neither,gringo
word2vec,0.9981202483177185,shared,derived
word2vec,0.9871252179145813,shared,louis
word2vec,1.0000001192092896,a_only,creed
word2vec,0.7533563375473022,shared,d
word2vec,1.0,a_only,pete
word2vec,1.0000001192092896,neither,siena
word2vec,0.9820299744606018,shared,chase
word2vec,1.0,neither,eels
word2vec,0.9983616471290588,shared,assert
word2vec,0.9999998807907104,a_only,jos
word2vec,1.0,neither,suffers
word2vec,0.9999998807907104,neither,pioneering
word2vec,0.15285135805606842,neither,betwixt
word2vec,0.9959374666213989,shared,county
word2vec,0.9999999403953552,a_only,provincial
word2vec,0.1500333696603775,neither,ropes
word2vec,0.9845297932624817,shared,clearly
word2vec,1.0,neither,abnormal
word2vec,0.99916011095047,neither,contradict
word2vec,0.18914653360843658,neither,unison
word2vec,0.9999998807907104,a_only,bertrand
word2vec,0.9899953007698059,shared,declined
word2vec,0.992357075214386,shared,gifts
word2vec,0.9903926849365234,shared,innumerable
word2vec,0.7936131954193115,shared,come
word2vec,1.0,neither,patzig
word2vec,-0.020038416609168053,neither,drowsy
word2vec,0.9883057475090027,shared,farm
word2vec,1.0,a_only,commentary
word2vec,1.0000001192092896,neither,inequalities
word2vec,0.9055525660514832,shared,means
word2vec,0.9949982166290283,shared,example
word2vec,0.08468418568372726,b_only,groan
word2vec,1.0,a_only,basketball
word2vec,0.11084794998168945,b_only,bats
word2vec,0.916440486907959,shared,plan
word2vec,1.0,a_only,ahmed
word2vec,0.9109237194061279,shared,itself
word2vec,0.9941994547843933,shared,coincidence
word2vec,0.9819375872612,shared,weapons
word2vec,0.9947351813316345,shared,customs
word2vec,1.0000001192092896,neither,advocacy
word2vec,1.0,neither,mirabilis
word2vec,1.0000001192092896,a_only,sidney
word2vec,0.9863481521606445,shared,finest
word2vec,1.0,neither,rashomon
word2vec,0.9999998807907104,a_only,odysseus
word2vec,0.010828952305018902,neither,heroines
word2vec,1.0000001192092896,a_only,literacy
word2vec,1.0000001192092896,neither,hilbert
word2vec,1.0,neither,pulitzer
word2vec,0.04715507850050926,neither,miserably
word2vec,1.0,a_only,establishing
word2vec,1.0000001192092896,a_only,publications
word2vec,0.9580366015434265,shared,cousin
word2vec,0.14938919246196747,neither,watchers
word2vec,0.9494946599006653,shared,precious
word2vec,1.0000001192092896,a_only,refugees
word2vec,0.9826219081878662,shared,suited
word2vec,0.9759340882301331,shared,forms
word2vec,1.0000001192092896,a_only,arian
word2vec,0.984468936920166,shared,eaten
word2vec,0.978995680809021,shared,uncertain
word2vec,-0.028961218893527985,neither,suck
word2vec,0.05623919889330864,b_only,wept
word2vec,0.06250696629285812,neither,briony
word2vec,1.0,a_only,ra
word2vec,1.0,a_only,aeneas
word2vec,0.036930151283741,neither,elopement
word2vec,0.9729708433151245,shared,repeat
word2vec,0.8801916837692261,shared,friends
word2vec,1.0000001192092896,neither,anion
word2vec,1.0000001192092896,neither,lithium
word2vec,0.9162212610244751,shared,dancing
word2vec,0.9871450662612915,shared,turner
word2vec,1.0000001192092896,a_only,mosque
word2vec,0.8474756479263306,shared,upon
word2vec,1.0,neither,sequels
word2vec,1.0,a_only,hydroxyl
word2vec,1.0,neither,originality
word2vec,1.0,a_only,downtown
word2vec,0.20429156720638275,neither,shivered
word2vec,0.9999998807907104,neither,ln
word2vec,1.0,a_only,gnosticism
word2vec,0.9210042357444763,shared,soup
word2vec,0.9999999403953552,a_only,dissociation
word2vec,0.087046317756176,neither,scoundrel
word2vec,0.36658594012260437,neither,ransacked
word2vec,0.9999999403953552,a_only,bavaria
word2vec,-0.027070680633187294,neither,eluded
word2vec,0.04017678275704384,b_only,thanked
word2vec,0.19349756836891174,neither,jewelled
word2vec,0.056441668421030045,b_only,carfax
word2vec,1.0,neither,rica
word2vec,1.0000001192092896,neither,josef
word2vec,-0.005290963687002659,b_only,manage
word2vec,0.8441464900970459,shared,last
word2vec,0.9927567839622498,shared,geography
word2vec,1.0000001192092896,neither,priesthood
word2vec,0.18850019574165344,neither,signalled
word2vec,0.16176991164684296,neither,unwillingness
word2vec,1.0,neither,maintenance
word2vec,1.0,a_only,nationalism
word2vec,0.950497031211853,shared,escape
word2vec,1.0000001192092896,a_only,chinese
word2vec,0.9590245485305786,shared,crossed
word2vec,0.9662401676177979,shared,taste
word2vec,1.0,neither,devanagari
word2vec,1.0000001192092896,neither,kyu
word2vec,1.0000001192092896,neither,appropriation
word2vec,0.0015179605688899755,b_only,dances
word2vec,1.0,neither,yahweh
word2vec,0.9777500033378601,shared,necessary
word2vec,-0.09079314023256302,neither,fondly
word2vec,1.0,neither,dwarf
word2vec,-0.1562066227197647,neither,hillingham
word2vec,-0.10364308953285217,b_only,darted
word2vec,0.09721483290195465,neither,stroked
word2vec,0.7946445941925049,shared,besides
word2vec,0.9881746768951416,shared,pork
word2vec,0.9937470555305481,neither,motions
word2vec,0.9237498641014099,shared,ask
word2vec,1.0,a_only,anime
word2vec,1.0,neither,congressman
word2vec,0.9934766292572021,shared,breadth
word2vec,0.998656153678894,shared,regards
word2vec,-0.004270605742931366,neither,rugs
word2vec,0.9999998807907104,a_only,circular
word2vec,0.9734646081924438,shared,fears
word2vec,0.9888143539428711,shared,cream
word2vec,0.1585109978914261,neither,gentlemanlike
word2vec,1.0,neither,mythical
word2vec,-0.04533251374959946,neither,unquestionably
word2vec,0.9524861574172974,shared,dollars
word2vec,0.9076788425445557,shared,stopped
word2vec,0.9981263875961304,shared,anticipated
word2vec,0.9747010469436646,shared,affair
word2vec,-0.08677510917186737,neither,xxxii
word2vec,0.9966461062431335,shared,allowing
word2vec,0.9999999403953552,a_only,civilians
word2vec,1.0,neither,mentally
word2vec,1.0,neither,krill
word2vec,0.9800938367843628,shared,toe
word2vec,0.9978561997413635,shared,improve
word2vec,1.0,a_only,licensed
word2vec,0.7185345888137817,shared,the
word2vec,0.9890720248222351,shared,released
word2vec,1.0,a_only,domain
word2vec,0.9872769117355347,shared,toes
word2vec,0.0710826888680458,neither,barbarous
word2vec,0.9999999403953552,neither,farmland
word2vec,0.11970608681440353,b_only,tearing
word2vec,0.06353139132261276,b_only,kirwin
word2vec,0.9520193934440613,shared,patient
word2vec,0.10418202728033066,neither,blot
word2vec,0.9475940465927124,shared,twelve
word2vec,0.9999998807907104,neither,handheld
word2vec,0.9928376078605652,shared,unnatural
word2vec,0.18135201930999756,neither,redress
word2vec,0.9987094402313232,shared,realized
word2vec,0.005694443825632334,neither,rafts
word2vec,0.9999998807907104,neither,formalized
word2vec,0.9249361157417297,shared,knife
word2vec,1.0,neither,acre
word2vec,0.00232813716866076,neither,relinquished
word2vec,1.0,neither,typography
word2vec,0.9987648129463196,shared,reasoning
word2vec,0.9999999403953552,a_only,cartier
word2vec,0.9905024170875549,shared,page
word2vec,1.0000001192092896,neither,astrometric
word2vec,0.9870890974998474,shared,railway
word2vec,0.11416473239660263,neither,rumours
word2vec,0.9999998807907104,neither,hopi
word2vec,0.9989274144172668,shared,rejection
word2vec,0.9935768246650696,neither,footed
word2vec,0.21264490485191345,b_only,longed
word2vec,0.9999999403953552,neither,dale
word2vec,1.0,a_only,instrumental
word2vec,0.9896731972694397,shared,guitar
word2vec,-0.1139560118317604,neither,fervent
word2vec,0.1521138697862625,b_only,carpenter
word2vec,0.055544234812259674,neither,grieve
word2vec,0.9977495670318604,shared,welcomed
word2vec,0.9999999403953552,neither,goldman
word2vec,0.9549815058708191,shared,singing
word2vec,1.0,neither,constituted
word2vec,1.0000001192092896,a_only,identical
word2vec,1.0,a_only,protons
word2vec,1.0,neither,selenium
word2vec,0.9999999403953552,a_only,al
word2vec,0.9792351722717285,shared,yielded
word2vec,0.9046799540519714,shared,slightly
word2vec,1.0,a_only,demonstrated
word2vec,0.13251793384552002,neither,blacksmith
word2vec,0.9974845051765442,shared,viewed
word2vec,1.0,neither,provable
word2vec,1.0,neither,uninhabited
word2vec,0.9935473799705505,shared,desires
word2vec,1.0000001192092896,neither,rhus
word2vec,1.0,a_only,illustrated
word2vec,0.969480037689209,shared,pack
word2vec,1.0,neither,evi
word2vec,0.2603037357330322,neither,lethargy
word2vec,0.8902499079704285,shared,men
word2vec,1.0,neither,kw
word2vec,0.9949703216552734,shared,protested
word2vec,0.9999999403953552,neither,applicable
word2vec,1.0,neither,audiobook
word2vec,0.013586833141744137,neither,sodden
word2vec,1.0,neither,familial
word2vec,1.0,neither,searches
word2vec,0.1931149661540985,neither,bidding
word2vec,-0.10950085520744324,b_only,jug
word2vec,0.9879171252250671,shared,craft
word2vec,0.9805377125740051,shared,disguise
word2vec,1.0,neither,refinery
word2vec,0.9999998807907104,neither,cnrs
word2vec,0.9975520968437195,shared,angle
word2vec,0.21588872373104095,neither,teasing
word2vec,-0.05986964330077171,neither,brace
word2vec,0.9636476039886475,shared,naturally
word2vec,-0.1415044516324997,b_only,yours
word2vec,0.07581698149442673,b_only,glasses
word2vec,-0.019944587722420692,neither,vacation
word2vec,0.9975840449333191,shared,temporary
word2vec,1.0,neither,mourned
word2vec,0.902014434337616,shared,bread
word2vec,0.9990789890289307,shared,mathematics
word2vec,1.0,a_only,intel
word2vec,0.015067500062286854,neither,planks
word2vec,0.9999999403953552,neither,subsistence
word2vec,0.07025014609098434,neither,gush
word2vec,1.0,neither,gram
word2vec,1.0,a_only,propaganda
word2vec,1.0,a_only,calculating
word2vec,0.969973087310791,shared,accustomed
word2vec,1.0,neither,quartz
word2vec,1.0000001192092896,a_only,tim
word2vec,0.9781943559646606,shared,waters
word2vec,1.0,a_only,southernmost
word2vec,0.13022370636463165,b_only,conjecture
word2vec,0.9999999403953552,neither,feedback
word2vec,0.07876256853342056,neither,scotch
word2vec,0.9999998807907104,neither,peikoff
word2vec,1.0,neither,practicing
word2vec,1.0,neither,modulating
word2vec,1.0,neither,reporters
word2vec,1.0000001192092896,neither,autos
word2vec,0.9555670022964478,shared,sought
word2vec,0.9999998807907104,a_only,archbishop
word2vec,-0.027794048190116882,neither,murmuring
word2vec,0.0894908532500267,neither,doze
word2vec,0.9689731597900391,shared,pay
word2vec,1.0,neither,constructing
word2vec,1.0,neither,petersen
word2vec,0.9820665121078491,shared,ambition
word2vec,0.9999998807907104,neither,skiing
word2vec,0.12212929874658585,b_only,nervously
word2vec,0.06315954774618149,neither,tumultuous
word2vec,1.0,a_only,penalties
word2vec,0.9999998807907104,a_only,colonists
word2vec,0.9544417262077332,shared,break
word2vec,0.9999999403953552,a_only,lunar
word2vec,1.0,neither,ethnicity
word2vec,0.08459261804819107,neither,wears
word2vec,0.9848399758338928,shared,sliding
word2vec,0.15041014552116394,neither,tolerated
word2vec,0.9956030249595642,shared,avoided
word2vec,1.0,neither,manzikert
word2vec,0.9999998807907104,neither,runtime
word2vec,1.0000001192092896,neither,admirers
word2vec,0.9936606884002686,shared,lofty
word2vec,1.0,a_only,programs
word2vec,0.117690309882164,neither,perch
word2vec,0.9514268040657043,shared,greatest
word2vec,1.0,a_only,mathematicians
word2vec,1.0,neither,savants
word2vec,1.0,neither,rallies
word2vec,1.0000001192092896,neither,workshop
word2vec,1.0,neither,petrie
word2vec,0.0031965309754014015,neither,blinking
word2vec,0.9999999403953552,neither,constituencies
word2vec,0.9907417893409729,shared,arrested
word2vec,1.0000001192092896,a_only,sizes
word2vec,1.0,neither,swans
word2vec,0.9805811047554016,shared,connected
word2vec,0.9983276128768921,shared,contributed
word2vec,0.9999999403953552,a_only,anarchist
word2vec,0.9802496433258057,shared,descended
word2vec,0.9999998807907104,a_only,correspond
word2vec,1.0000001192092896,neither,ventral
word2vec,0.9920191764831543,shared,sheltered
word2vec,0.038505420088768005,neither,comb
word2vec,1.0000001192092896,a_only,scored
word2vec,0.9955569505691528,shared,pitch
word2vec,1.0000001192092896,neither,approximate
word2vec,-0.03989115729928017,b_only,bosom
word2vec,0.11485564708709717,neither,chaps
word2vec,0.08659900724887848,b_only,frightened
word2vec,1.0,a_only,pollution
word2vec,0.9975112080574036,neither,inaccessible
word2vec,1.0,neither,periodically
word2vec,1.0,a_only,agricultural
word2vec,0.9904335737228394,shared,someone
word2vec,1.0000001192092896,neither,serfdom
word2vec,0.21505075693130493,neither,patted
word2vec,1.0,a_only,gospels
word2vec,0.9893728494644165,shared,behaviour
word2vec,0.9878498911857605,shared,daughters
word2vec,1.0,neither,spanning
word2vec,1.0,a_only,christians
word2vec,0.03714800253510475,b_only,wot
word2vec,0.998636782169342,shared,speeches
word2vec,1.0,neither,hostilities
word2vec,1.0,neither,mollymawks
word2vec,1.0,neither,observatory
word2vec,0.0499698743224144,neither,pattering
word2vec,1.0,a_only,clash
word2vec,0.011614076793193817,neither,tinged
word2vec,1.0000001192092896,a_only,springfield
word2vec,1.0000001192092896,neither,ions
word2vec,1.0000001192092896,a_only,holidays
word2vec,0.9950308799743652,shared,earthquake
word2vec,1.0,a_only,lm
word2vec,0.8899279832839966,shared,wouldn
word2vec,0.0997219905257225,neither,heave
word2vec,0.9896042346954346,shared,imitation
word2vec,-0.18486842513084412,b_only,slightest
word2vec,0.9999999403953552,neither,transliterated
word2vec,0.08778596669435501,b_only,smee
word2vec,0.9999998807907104,neither,emerald
word2vec,0.04732079431414604,neither,jolted
word2vec,0.9988265037536621,shared,net
word2vec,0.139102503657341,b_only,cane
word2vec,1.0,neither,dogmatic
word2vec,0.9999998807907104,neither,deuterostomes
word2vec,-0.05161198973655701,b_only,boyhood
word2vec,1.0,neither,claudian
word2vec,1.0,neither,sec
word2vec,1.0,neither,recorder
word2vec,1.0000001192092896,neither,mit
word2vec,1.0,neither,morphology
word2vec,0.990928590297699,shared,winds
word2vec,0.9999999403953552,a_only,euclidean
word2vec,0.9968814253807068,shared,largest
word2vec,1.0,neither,inserted
word2vec,0.9956595301628113,shared,inscription
word2vec,0.9999999403953552,neither,thoreau
word2vec,1.0,neither,spidey
word2vec,0.9914978742599487,shared,offence
word2vec,0.9942105412483215,shared,ultimately
word2vec,-0.12187075614929199,neither,sumach
word2vec,0.9975470304489136,shared,profit
word2vec,0.5341170430183411,shared,one
word2vec,-0.09748662263154984,neither,beckoned
word2vec,0.986915111541748,shared,faithful
word2vec,0.21328233182430267,neither,matlock
word2vec,1.0000001192092896,neither,velocities
word2vec,-0.04038192331790924,b_only,sid
word2vec,-0.0014474262716248631,b_only,perplexed
word2vec,0.3305465281009674,b_only,wisht
word2vec,1.0000001192092896,a_only,riots
word2vec,1.0,neither,grandmaster
word2vec,0.9999999403953552,a_only,isbn
word2vec,0.030329201370477676,neither,whiter
word2vec,0.9749550223350525,shared,drum
word2vec,1.0000001192092896,neither,elisabeth
word2vec,-0.09170520305633545,neither,intervening
word2vec,0.04879436269402504,neither,goner
word2vec,0.8179258704185486,shared,away
word2vec,0.9919002652168274,shared,selfishness
word2vec,0.9946882724761963,shared,circles
word2vec,0.9999999403953552,a_only,suez
word2vec,1.0000001192092896,a_only,cancelled
word2vec,1.0000001192092896,a_only,berry
word2vec,0.9999999403953552,neither,exam
word2vec,0.9991137981414795,shared,diseases
word2vec,1.0000001192092896,neither,galatians
word2vec,0.9999999403953552,a_only,covenant
word2vec,0.8165964484214783,shared,out
word2vec,1.0,neither,switches
word2vec,0.9927284717559814,shared,increase
word2vec,1.0,neither,quarterly
word2vec,0.9939254522323608,shared,consequences
word2vec,0.9664250016212463,shared,gimme
word2vec,0.10292335599660873,neither,hissed
word2vec,0.9977915287017822,shared,curves
word2vec,-0.11010386794805527,neither,equalled
word2vec,-0.07298588007688522,neither,settles
word2vec,0.02280103601515293,neither,sickened
word2vec,0.9173943400382996,shared,listened
word2vec,0.9928439855575562,shared,accord
word2vec,-0.13137371838092804,b_only,curiously
word2vec,1.0,a_only,decades
word2vec,1.0,neither,headquartered
word2vec,0.12588831782341003,b_only,dey
word2vec,0.9999999403953552,a_only,interaction
word2vec,1.0,neither,artillery
word2vec,0.9330186247825623,shared,cave
word2vec,0.04562283307313919,b_only,clumb
word2vec,0.12715372443199158,neither,wisest
word2vec,1.0,neither,divinely
word2vec,0.9936584830284119,shared,capture
word2vec,0.9984169006347656,shared,deceased
word2vec,0.9999998807907104,neither,bennett
word2vec,1.0,a_only,debates
word2vec,0.18786035478115082,neither,exquisitely
word2vec,0.29053831100463867,neither,materially
word2vec,1.0,a_only,crystalline
word2vec,0.8884711861610413,shared,wish
word2vec,1.0,neither,subroutine
word2vec,1.0,a_only,debate
word2vec,0.09222859144210815,b_only,amused
word2vec,1.0,a_only,azerbaijan
word2vec,0.9884373545646667,shared,threatening
word2vec,1.0,neither,crocodiles
word2vec,0.16636277735233307,neither,loaf
word2vec,0.06593263149261475,b_only,uneasiness
word2vec,0.9093193411827087,shared,horses
word2vec,-0.006687670014798641,neither,nightcap
word2vec,0.1089472770690918,neither,indulgence
word2vec,1.0000001192092896,neither,socio
word2vec,0.9670455455780029,shared,providence
word2vec,0.9999999403953552,neither,glycerol
word2vec,1.0000001192092896,a_only,pottery
word2vec,1.0000001192092896,neither,exposition
word2vec,1.0000001192092896,a_only,literally
word2vec,0.9999998807907104,neither,masterpiece
word2vec,0.9999998807907104,neither,modernized
word2vec,0.9999999403953552,a_only,swiss
word2vec,0.9944930672645569,shared,accumulated
word2vec,0.9999998807907104,neither,joab
word2vec,0.8378317952156067,neither,fowler
word2vec,0.9871198534965515,shared,sufficiently
word2vec,0.09385953098535538,b_only,safie
word2vec,-0.1526525914669037,neither,quivering
word2vec,0.9966493248939514,shared,situations
word2vec,0.9719606637954712,shared,discover
word2vec,0.9720146656036377,shared,dressing
word2vec,-0.062064893543720245,b_only,likeness
word2vec,0.9507137537002563,shared,saved
word2vec,0.16368368268013,neither,doleful
word2vec,1.0,neither,specification
word2vec,1.0,neither,polemical
word2vec,-0.013716205023229122,neither,sakes
word2vec,1.0000001192092896,neither,concludes
word2vec,0.922532320022583,shared,anyway
word2vec,0.982650637626648,shared,chose
word2vec,0.9866026043891907,shared,missouri
word2vec,-0.0011042464757338166,b_only,pudding
word2vec,0.25312307476997375,neither,winced
word2vec,0.0259457528591156,neither,painfully
word2vec,1.0,neither,psychiatric
word2vec,0.9999999403953552,neither,isothermal
word2vec,0.1946128010749817,neither,kase
word2vec,1.0000001192092896,a_only,algerian
word2vec,1.0,a_only,permanently
word2vec,0.9999999403953552,neither,turbine
word2vec,1.0,neither,zambezi
word2vec,1.0,neither,oils
word2vec,0.054999254643917084,neither,sympathised
word2vec,0.23041926324367523,b_only,unjust
word2vec,0.9653918743133545,shared,former
word2vec,0.9614288806915283,shared,toward
word2vec,1.0,a_only,themes
word2vec,0.026939261704683304,neither,clang
word2vec,0.9999999403953552,neither,crusades
word2vec,0.9487031698226929,shared,quietly
word2vec,0.15482304990291595,neither,savages
word2vec,-0.08999890834093094,b_only,heartless
word2vec,0.11511113494634628,neither,repent
word2vec,0.9999998807907104,a_only,episodes
word2vec,0.999241292476654,shared,hints
word2vec,0.9999998807907104,neither,splits
word2vec,-0.050315506756305695,neither,noisy
word2vec,0.99918532371521,shared,acceptable
word2vec,0.9893326163291931,shared,guilt
word2vec,0.9860876798629761,shared,shaped
word2vec,0.9999999403953552,a_only,penalty
word2vec,0.9065231084823608,shared,believe
word2vec,1.0000001192092896,a_only,surfaces
word2vec,1.0,a_only,sects
word2vec,0.9589192271232605,shared,ease
word2vec,-0.19095346331596375,neither,groping
word2vec,0.9937312602996826,shared,relation
word2vec,0.9567266702651978,shared,angry
word2vec,1.0,neither,celebrities
word2vec,0.9999999403953552,neither,trends
word2vec,1.0,neither,apostol
word2vec,1.0,a_only,visigoths
word2vec,0.13760200142860413,neither,tilted
word2vec,1.0,neither,hydrolysis
word2vec,1.0,neither,anarcha
word2vec,0.9897211790084839,shared,protection
word2vec,0.9894716143608093,shared,union
word2vec,0.9898377060890198,shared,onto
word2vec,1.0,a_only,tactic
word2vec,1.0,a_only,algebraic
word2vec,1.0000001192092896,a_only,persecution
word2vec,0.987232506275177,shared,bold
word2vec,0.988597571849823,shared,armour
word2vec,1.0000001192092896,a_only,erosion
word2vec,1.0,a_only,timeline
word2vec,0.9973574876785278,shared,edmund
word2vec,1.0000001192092896,neither,aleksander
word2vec,0.9999999403953552,neither,toulouse
word2vec,1.0,neither,catalog
word2vec,0.008665837347507477,neither,obstacle
word2vec,0.04280629754066467,neither,haul
word2vec,1.0,neither,sticky
word2vec,0.9734527468681335,shared,passengers
word2vec,1.0,neither,agassiz
word2vec,0.9999998807907104,neither,mouch
word2vec,0.9107354283332825,shared,anybody
word2vec,0.8358845710754395,shared,felt
word2vec,0.16107378900051117,neither,9
word2vec,0.9713470935821533,shared,intent
word2vec,0.9999998807907104,a_only,albums
word2vec,0.9979088306427002,shared,unlikely
word2vec,1.0,neither,hides
word2vec,-0.12280037999153137,b_only,lonesome
word2vec,1.0,a_only,joshua
word2vec,0.9999998807907104,neither,hittite
word2vec,1.0000001192092896,neither,tolerate
word2vec,0.9474112391471863,shared,quickly
word2vec,0.9966012835502625,shared,german
word2vec,1.0,a_only,rotation
word2vec,-0.07509960979223251,neither,foresaw
word2vec,0.75042325258255,shared,she
word2vec,0.9999999403953552,a_only,chancellor
word2vec,0.9937613010406494,shared,correspondence
word2vec,0.9999999403953552,neither,prints
word2vec,0.16094927489757538,neither,twelvemonth
word2vec,1.0,neither,willis
word2vec,1.0,neither,registry
word2vec,0.11570405215024948,neither,villains
word2vec,1.0,a_only,cuisine
word2vec,0.9978867173194885,shared,poet
word2vec,0.13785456120967865,b_only,stately
word2vec,0.04197898507118225,b_only,realise
word2vec,0.990513265132904,shared,talent
word2vec,0.9876466989517212,shared,informed
word2vec,1.0000001192092896,a_only,census
word2vec,1.0000001192092896,a_only,atheists
word2vec,1.0,neither,exported
word2vec,1.0,neither,newsgroups
word2vec,0.9630999565124512,shared,recalled
word2vec,1.0,neither,hounds
word2vec,0.17399893701076508,neither,awluz
word2vec,0.21245285868644714,neither,sneezing
word2vec,0.9114616513252258,shared,terror
word2vec,1.0,a_only,steve
word2vec,0.3024384677410126,neither,entertaining
word2vec,0.11221743375062943,neither,superb
word2vec,1.0,a_only,ongoing
word2vec,0.9637945890426636,shared,offer
word2vec,0.9955331683158875,neither,shrewd
word2vec,-0.015168468467891216,neither,apothecary
word2vec,0.14837081730365753,b_only,thoughtfully
word2vec,1.0,neither,averages
word2vec,1.0,neither,turbo
word2vec,1.0,neither,arrays
word2vec,1.0,a_only,respond
word2vec,1.0,neither,insignia
word2vec,0.9284937977790833,shared,easy
word2vec,0.9999999403953552,a_only,maintain
word2vec,0.9851167798042297,shared,wooden
word2vec,0.9654805660247803,shared,enter
word2vec,1.0,neither,dominion
word2vec,0.9999998807907104,neither,citing
word2vec,0.9999999403953552,neither,relying
word2vec,0.9464600086212158,shared,twenty
word2vec,1.0,a_only,presumably
word2vec,0.9999998807907104,a_only,factor
word2vec,0.9941560626029968,shared,readers
word2vec,1.0,neither,millennia
word2vec,0.14431284368038177,neither,brung
word2vec,0.9685711860656738,shared,waist
word2vec,-0.07421175390481949,neither,piers
word2vec,1.0000001192092896,neither,tt
word2vec,1.0,a_only,dialects
word2vec,0.9931888580322266,shared,acknowledge
word2vec,1.0,neither,nicomachean
word2vec,1.0000001192092896,neither,vulture
word2vec,1.0,neither,fragmented
word2vec,0.9999999403953552,neither,uat
word2vec,0.8302253484725952,shared,knew
word2vec,0.9968388080596924,shared,latin
word2vec,1.0,neither,berliner
word2vec,0.9999999403953552,a_only,retains
word2vec,0.9310762882232666,shared,empty
word2vec,0.12903280556201935,neither,amuse
word2vec,1.0,a_only,palestine
word2vec,0.9640709161758423,shared,rule
word2vec,0.9853107333183289,shared,month
word2vec,0.9999999403953552,a_only,innovative
word2vec,0.16557367146015167,neither,doodle
word2vec,1.0,a_only,li
word2vec,1.0,a_only,gases
word2vec,1.0,a_only,caesar
word2vec,0.9999998807907104,neither,banded
word2vec,-0.019871868193149567,neither,raked
word2vec,-0.021862514317035675,b_only,inconvenience
word2vec,-0.006978353951126337,neither,gums
word2vec,0.9840271472930908,shared,bonnet
word2vec,0.9954459071159363,shared,obvious
word2vec,1.0,a_only,machines
word2vec,0.9991182088851929,shared,entail
word2vec,-0.0867331400513649,neither,assisting
word2vec,0.9999998807907104,a_only,acoustics
word2vec,1.0,a_only,radiation
word2vec,1.0000001192092896,a_only,stored
word2vec,0.9999998807907104,neither,phonemes
word2vec,0.9999999403953552,a_only,bangladesh
word2vec,0.9999998807907104,a_only,herman
word2vec,1.0000001192092896,neither,hades
word2vec,0.9490651488304138,shared,nature
word2vec,0.9999999403953552,a_only,arianism
word2vec,0.9976759552955627,shared,essential
word2vec,0.06227461248636246,neither,smeared
word2vec,1.0,neither,germain
word2vec,0.9733266234397888,shared,gold
word2vec,-0.016504865139722824,b_only,ridiculous
word2vec,1.0,neither,regulation
word2vec,0.9934253692626953,shared,confined
word2vec,0.998410165309906,shared,acquire
word2vec,0.9942248463630676,neither,venerable
word2vec,0.9827299118041992,shared,violent
word2vec,0.009053189307451248,neither,doin
word2vec,0.05994796007871628,neither,bloated
word2vec,1.0,neither,interred
word2vec,0.27606523036956787,neither,hooks
word2vec,0.9983910322189331,shared,significance
word2vec,0.06595925986766815,b_only,tumbling
word2vec,1.0,neither,extracted
word2vec,0.9999998807907104,a_only,monarchs
word2vec,0.14365099370479584,neither,plumb
word2vec,0.9999999403953552,neither,looting
word2vec,0.9884403944015503,shared,hence
word2vec,1.0,neither,sikhs
word2vec,0.16107913851737976,neither,murderous
word2vec,0.9461213946342468,shared,questions
word2vec,1.0000001192092896,a_only,nathaniel
word2vec,0.04228468984365463,neither,recollecting
word2vec,0.3399463891983032,neither,watchfulness
word2vec,0.040674056857824326,neither,liberality
word2vec,-0.019731270149350166,b_only,merry
word2vec,1.0000001192092896,neither,disparate
word2vec,1.0,neither,lynn
word2vec,0.9917423129081726,shared,heat
word2vec,0.9999998807907104,neither,infinity
word2vec,1.0000001192092896,a_only,afghans
word2vec,0.9885092973709106,shared,convey
word2vec,-0.08817559480667114,neither,oppressive
word2vec,1.0,a_only,editor
word2vec,1.0,a_only,patterns
word2vec,1.0000001192092896,neither,euclid
word2vec,0.9847896695137024,shared,souls
word2vec,0.9999999403953552,a_only,sebastian
word2vec,0.7653388977050781,shared,cat
word2vec,1.0,neither,modeling
word2vec,0.0926203578710556,b_only,chimney
word2vec,1.0,a_only,augustus
word2vec,0.0986572653055191,b_only,laughing
word2vec,0.09729194641113281,neither,kep
word2vec,1.0000001192092896,a_only,habsburg
word2vec,0.9947139024734497,neither,topped
word2vec,1.0,a_only,ethane
word2vec,0.9981297254562378,shared,greatness
word2vec,0.9999999403953552,neither,choreographer
word2vec,0.0946974977850914,b_only,curled
word2vec,1.0,neither,psycho
word2vec,0.9998243451118469,shared,hydraulic
word2vec,1.0,a_only,teams
word2vec,0.995797872543335,shared,incomplete
word2vec,1.0,neither,basics
word2vec,0.08446910977363586,neither,trim
word2vec,0.9915685057640076,shared,eternity
word2vec,1.0,neither,negatively
word2vec,-0.06619495153427124,neither,mantel
word2vec,0.998447835445404,shared,income
word2vec,0.9999999403953552,a_only,exhibits
word2vec,1.0,neither,classically
word2vec,0.9999999403953552,a_only,satellite
word2vec,1.0,neither,martyr
word2vec,0.16208064556121826,neither,gloomily
word2vec,-0.13769914209842682,neither,plaintive
word2vec,1.0000001192092896,neither,krak
word2vec,0.10903243720531464,neither,tradesmen
word2vec,-0.019168635830283165,b_only,relapse
word2vec,1.0000001192092896,a_only,reformation
word2vec,0.9943898320198059,shared,intensity
word2vec,1.0000001192092896,neither,ontological
word2vec,0.9999999403953552,neither,hayastan
word2vec,-0.032342467457056046,b_only,perplexity
word2vec,0.05856965854763985,b_only,nodding
word2vec,0.04453251138329506,b_only,blush
word2vec,0.9894780516624451,shared,recognized
word2vec,1.0,a_only,wallace
word2vec,1.0000001192092896,neither,shia
word2vec,0.9633021354675293,shared,managed
word2vec,0.10514497011899948,b_only,bred
word2vec,1.0,neither,stereotype
word2vec,0.22700178623199463,neither,judging
word2vec,0.917164146900177,shared,luck
word2vec,0.001798117533326149,neither,cuss
word2vec,0.06165163591504097,b_only,ingolstadt
word2vec,1.0,neither,kidneys
word2vec,1.0000001192092896,neither,oneself
word2vec,0.8634982705116272,shared,let
word2vec,1.0000001192092896,a_only,diversity
word2vec,0.9999999403953552,neither,tyrannosaurus
word2vec,0.8760725855827332,shared,kind
word2vec,0.9746962189674377,shared,city
word2vec,1.0000001192092896,a_only,martin
word2vec,0.964722752571106,shared,mill
word2vec,1.0,neither,boltzmann
word2vec,0.9814909100532532,shared,peculiar
word2vec,0.03863696753978729,b_only,horrid
word2vec,1.0,a_only,visual
word2vec,1.0,neither,reside
word2vec,0.9999998807907104,neither,mtv
word2vec,-0.04837633669376373,neither,aversion
word2vec,1.0,a_only,expeditions
word2vec,1.0,a_only,samoa
word2vec,0.08691024035215378,b_only,habits
word2vec,1.0000001192092896,neither,septuagint
word2vec,0.14458362758159637,neither,creak
word2vec,1.0000001192092896,neither,thickness
word2vec,-0.23339715600013733,b_only,groaned
word2vec,0.9776167869567871,shared,packed
word2vec,1.0,neither,frankfurt
word2vec,0.9846403002738953,shared,sailor
word2vec,1.0,neither,modernization
word2vec,0.9999998807907104,neither,delegate
word2vec,0.9523075222969055,shared,cause
word2vec,1.0,neither,sumerian
word2vec,0.9999998807907104,neither,denomination
word2vec,0.9989145398139954,shared,crop
word2vec,1.0,a_only,aesthetic
word2vec,1.0,neither,balkans
word2vec,1.0,neither,usd
word2vec,0.08334069699048996,b_only,gaiety
word2vec,0.9999999403953552,a_only,donald
word2vec,0.9999999403953552,a_only,fred
word2vec,1.0,neither,bilateria
word2vec,0.9949058890342712,neither,plaster
word2vec,-0.17969460785388947,neither,messieurs
word2vec,0.9965031743049622,shared,desirable
word2vec,0.2694932520389557,neither,peered
word2vec,0.821873128414154,shared,no
word2vec,1.0000001192092896,a_only,baldwin
word2vec,0.9999402165412903,neither,savannah
word2vec,-0.048191096633672714,neither,watches
word2vec,0.034282293170690536,neither,laboured
word2vec,1.0000001192092896,a_only,defeated
word2vec,-0.06924863159656525,neither,nearing
word2vec,0.9999999403953552,neither,timothy
word2vec,0.9780020713806152,shared,hated
word2vec,0.9960036873817444,neither,zeal
word2vec,0.9967453479766846,shared,coins
word2vec,1.0,neither,tu
word2vec,0.9966915845870972,shared,replaced
word2vec,0.9999998807907104,a_only,southwest
word2vec,1.0,neither,hardness
word2vec,-0.0003273694310337305,neither,swamp
word2vec,1.0,a_only,focuses
word2vec,1.0,neither,flawed
word2vec,0.9945107698440552,shared,halted
word2vec,1.0,a_only,hart
word2vec,0.0854804739356041,neither,jurymen
word2vec,0.9973129630088806,shared,scope
word2vec,0.9914394021034241,shared,degradation
word2vec,0.9528809785842896,shared,thoughts
word2vec,1.0,neither,tribunician
word2vec,0.15730692446231842,b_only,irene
word2vec,1.0,a_only,philip
word2vec,0.9926409125328064,shared,immensely
word2vec,1.0,neither,chapels
word2vec,1.0000001192092896,neither,efficiently
word2vec,1.0000001192092896,neither,palsy
word2vec,1.0,neither,misconception
word2vec,0.14440816640853882,neither,muttering
word2vec,0.9928321242332458,shared,issued
word2vec,0.9836946129798889,shared,companions
word2vec,0.10301711410284042,neither,cruelly
word2vec,0.9953338503837585,shared,mid
word2vec,0.9962596297264099,shared,aimed
word2vec,0.9587262272834778,shared,god
word2vec,1.0,a_only,orthodox
word2vec,0.9875742197036743,shared,brings
word2vec,0.9345973134040833,shared,sounds
word2vec,1.0000001192092896,a_only,coupled
word2vec,0.9999999403953552,a_only,ranges
word2vec,1.0,neither,aerodynamics
word2vec,0.05180076137185097,b_only,lodgings
word2vec,1.0000001192092896,neither,wording
word2vec,1.0,neither,critically
word2vec,0.9985237121582031,shared,pledged
word2vec,0.11430161446332932,neither,incredulous
word2vec,0.992954432964325,shared,edges
word2vec,0.9503105282783508,shared,pass
word2vec,1.0,neither,schumacher
word2vec,1.0,neither,initiating
word2vec,0.9999999403953552,neither,valens
word2vec,0.9807309508323669,shared,keeps
word2vec,0.15986748039722443,neither,thoughtless
word2vec,0.026652999222278595,b_only,thoughtful
word2vec,1.0000001192092896,a_only,festivals
word2vec,0.9999999403953552,neither,hampton
word2vec,1.0,neither,caria
word2vec,1.0,neither,shortage
word2vec,1.0,neither,coherent
word2vec,1.0,neither,vicu
word2vec,0.9934936165809631,shared,additional
word2vec,1.0,neither,facets
word2vec,1.0000001192092896,a_only,nazi
word2vec,0.08472348749637604,neither,scruple
word2vec,1.0,neither,modeled
word2vec,0.9818439483642578,shared,scattered
word2vec,0.9999999403953552,neither,neural
word2vec,-0.22832143306732178,b_only,pie
word2vec,1.0,a_only,suburbs
word2vec,1.0,a_only,facto
word2vec,0.063205786049366,neither,gilded
word2vec,0.9999999403953552,a_only,brandenburg
word2vec,1.0,neither,thessaly
word2vec,0.8989896178245544,shared,professor
word2vec,1.0,a_only,abscess
word2vec,1.0000001192092896,a_only,geometric
word2vec,0.9969663023948669,shared,fragments
word2vec,0.9973588585853577,shared,cargo
word2vec,0.9999999403953552,neither,viridis
word2vec,0.9843254685401917,shared,returning
word2vec,1.0000001192092896,a_only,florida
word2vec,1.0,neither,insert
word2vec,0.9731536507606506,shared,exhibit
word2vec,1.0000001192092896,a_only,olympics
word2vec,0.15786288678646088,neither,schooner
word2vec,1.0,neither,deluge
word2vec,1.0,a_only,autobiography
word2vec,1.0,a_only,stance
word2vec,1.0,neither,url
word2vec,-0.06720821559429169,neither,radiant
word2vec,0.9969635605812073,shared,indians
word2vec,0.9903544187545776,shared,quality
word2vec,1.0,a_only,meters
word2vec,1.0,a_only,trapped
word2vec,0.05406944453716278,neither,poke
word2vec,0.8881719708442688,shared,towards
word2vec,1.0,a_only,hip
word2vec,0.9788514971733093,shared,prepared
word2vec,1.0,neither,declaring
word2vec,0.9814812541007996,shared,amusement
word2vec,0.9926112294197083,shared,uncovered
word2vec,0.9906719923019409,shared,voyages
word2vec,0.09798939526081085,neither,reproof
word2vec,0.9096149802207947,shared,else
word2vec,1.0,neither,rican
word2vec,1.0000001192092896,a_only,lf
word2vec,1.0,neither,campuses
word2vec,0.1850629597902298,b_only,evils
word2vec,0.14234459400177002,neither,shepherdsons
word2vec,1.0,neither,gorgias
word2vec,0.9999999403953552,a_only,functions
word2vec,1.0,neither,conform
word2vec,0.9876323342323303,shared,purple
word2vec,1.0,neither,harmful
word2vec,1.0,neither,arises
word2vec,1.0,a_only,milne
word2vec,0.9988877177238464,shared,contact
word2vec,0.02246537059545517,b_only,cellar
word2vec,1.0000001192092896,a_only,banned
word2vec,0.1977379471063614,neither,lanes
word2vec,0.04308740422129631,neither,disapprobation
word2vec,1.0,neither,lager
word2vec,-0.055191520601511,neither,sophia
word2vec,1.0000001192092896,neither,bottoms
word2vec,1.0,neither,jinx
word2vec,0.9176244735717773,shared,seat
word2vec,0.9999999403953552,a_only,generalized
word2vec,1.0000001192092896,a_only,commercial
word2vec,1.0000001192092896,a_only,butane
word2vec,0.9999998807907104,neither,immigrant
word2vec,0.034501831978559494,neither,zo
word2vec,1.0,a_only,greece
word2vec,1.0000001192092896,neither,sensors
word2vec,1.0,neither,atreus
word2vec,1.0,a_only,graham
word2vec,0.13113011419773102,neither,fiddle
word2vec,0.9449430704116821,shared,doors
word2vec,0.9301387071609497,shared,happened
word2vec,1.0,neither,gravitation
word2vec,1.0000001192092896,a_only,songwriter
word2vec,1.0,a_only,karl
word2vec,1.0,a_only,morgan
word2vec,0.9999999403953552,neither,ath
word2vec,0.9999998807907104,neither,horizontally
word2vec,-0.01998385600745678,b_only,thimble
word2vec,0.9965761303901672,shared,error
word2vec,0.9999998807907104,neither,ut
word2vec,0.9999998807907104,a_only,elect
word2vec,0.9793432950973511,shared,tells
word2vec,0.09807393699884415,b_only,rucastle
word2vec,1.0,neither,bates
word2vec,0.9896138310432434,shared,shy
word2vec,0.9107838869094849,shared,hunt
word2vec,1.0,a_only,verbal
word2vec,0.9772219657897949,shared,suspended
word2vec,0.8536911010742188,shared,what
word2vec,0.9573535919189453,shared,generally
word2vec,0.9050207734107971,shared,showing
word2vec,-0.08094627410173416,neither,pleasanter
word2vec,1.0,neither,relies
word2vec,0.9556598663330078,shared,robbers
word2vec,1.0,a_only,berber
word2vec,0.9999999403953552,neither,warsaw
word2vec,0.9979027509689331,shared,voluntary
word2vec,0.09521719068288803,neither,acknowledgment
word2vec,0.9769182801246643,shared,nevertheless
word2vec,0.9113228917121887,shared,mouth
word2vec,0.9690298438072205,shared,bat
word2vec,0.9999999403953552,a_only,thebes
word2vec,0.9902710914611816,shared,cash
word2vec,0.20453940331935883,neither,barked
word2vec,1.0,a_only,steven
word2vec,0.9950776696205139,neither,irresistible
word2vec,1.0,a_only,levels
word2vec,0.9007779359817505,shared,satisfied
word2vec,-0.01588943973183632,neither,glared
word2vec,1.0000001192092896,a_only,diagnostic
word2vec,0.15984447300434113,b_only,cheerful
word2vec,0.9930542707443237,shared,irritated
word2vec,1.0,neither,climatic
word2vec,0.8520055413246155,shared,five
word2vec,0.9948931932449341,shared,consists
word2vec,0.0951155573129654,neither,placid
word2vec,0.9999999403953552,neither,derogatory
word2vec,0.06946035474538803,neither,porch
word2vec,1.0,neither,vastly
word2vec,0.10934696346521378,b_only,stooped
word2vec,1.0,a_only,nickname
word2vec,1.0000001192092896,neither,werner
word2vec,0.9961814880371094,shared,pledge
word2vec,0.9884882569313049,shared,routine
word2vec,0.20426517724990845,neither,poker
word2vec,0.1446807086467743,neither,lan
word2vec,1.0,a_only,manufacturer
word2vec,1.0,neither,ghetto
word2vec,0.9971922636032104,neither,apartments
word2vec,0.9999998807907104,neither,akkadian
word2vec,1.0,a_only,looters
word2vec,0.9009793996810913,shared,lord
word2vec,0.9999999403953552,a_only,kim
word2vec,0.9618524312973022,shared,game
word2vec,0.9994433522224426,neither,pretensions
word2vec,0.8843645453453064,shared,begun
word2vec,0.93357253074646,shared,act
word2vec,1.0,neither,gorgosaurus
word2vec,1.0,neither,concession
word2vec,1.0,neither,agronomy
word2vec,1.0000001192092896,a_only,alcott
word2vec,0.9753265976905823,shared,imagine
word2vec,0.05837584659457207,neither,frankness
word2vec,0.989286482334137,shared,studied
word2vec,1.0000001192092896,neither,synonym
word2vec,1.0,a_only,asia
word2vec,-0.07045893371105194,neither,druther
word2vec,-0.011645006015896797,neither,calamity
word2vec,0.9443696141242981,shared,soul
word2vec,0.9586825370788574,shared,ring
word2vec,-0.008282843977212906,neither,shaded
word2vec,0.9999999403953552,neither,tit
word2vec,0.9806216955184937,shared,prevent
word2vec,1.0,a_only,ethical
word2vec,0.21136754751205444,neither,listener
word2vec,0.9925935864448547,shared,masses
word2vec,1.0,neither,unconditional
word2vec,0.13141994178295135,neither,gracechurch
word2vec,0.9527450799942017,shared,appearance
word2vec,0.09562668204307556,neither,bersicker
word2vec,0.9999999403953552,neither,founders
word2vec,1.0,a_only,chronicles
word2vec,1.0,neither,erroneously
word2vec,0.9999999403953552,neither,contributes
word2vec,1.0,neither,nontheism
word2vec,0.17119666934013367,neither,hedges
word2vec,1.0,a_only,brian
word2vec,1.0,a_only,warren
word2vec,0.9755512475967407,shared,extreme
word2vec,1.0000001192092896,neither,legislatures
word2vec,-0.032829444855451584,b_only,sorrows
word2vec,1.0000001192092896,neither,cereals
word2vec,1.0,neither,clara
word2vec,1.0,neither,neurone
word2vec,-0.029269259423017502,neither,sucked
word2vec,0.9894639253616333,shared,balanced
word2vec,0.18132826685905457,neither,sermons
word2vec,0.18391436338424683,neither,flashes
word2vec,0.9999998807907104,a_only,sina
word2vec,1.0,neither,incorporating
word2vec,0.13767379522323608,neither,furs
word2vec,-0.041721783578395844,b_only,coldly
word2vec,0.9824844598770142,shared,delayed
word2vec,1.0,neither,miriam
word2vec,1.0,neither,isolate
word2vec,0.3533889353275299,b_only,peeped
word2vec,-0.06832222640514374,b_only,frankenstein
word2vec,-0.10719707608222961,b_only,tuck
word2vec,0.15229593217372894,b_only,willingly
word2vec,1.0,neither,introduces
word2vec,0.1956130862236023,neither,affectation
word2vec,0.9960421323776245,shared,successful
word2vec,1.0,a_only,toll
word2vec,1.0,neither,deathbed
word2vec,0.10910063982009888,b_only,housekeeper
word2vec,1.0,a_only,subsequently
word2vec,0.9726940989494324,shared,reflected
word2vec,0.9578075408935547,shared,landed
word2vec,1.0000001192092896,neither,furthest
word2vec,1.0,a_only,tasks
word2vec,0.12350361794233322,neither,weakest
word2vec,1.0000001192092896,a_only,hydroxide
word2vec,0.9887354373931885,shared,maid
word2vec,0.9988471865653992,shared,hungarian
word2vec,1.0,a_only,halogens
word2vec,0.9986864924430847,shared,plant
word2vec,0.044418446719646454,neither,stony
word2vec,0.9820250272750854,shared,smell
word2vec,0.09812793880701065,neither,thicker
word2vec,0.8622153997421265,shared,may
word2vec,1.0,a_only,manned
word2vec,0.9999998807907104,neither,angular
word2vec,1.0,neither,babylonians
word2vec,0.07293270528316498,neither,waldman
word2vec,1.0,a_only,dc
word2vec,1.0000001192092896,neither,tienne
word2vec,1.0,neither,mixtures
word2vec,0.17041724920272827,neither,falsehood
word2vec,1.0000001192092896,neither,tombigbee
word2vec,1.0,a_only,cricket
word2vec,0.8398672342300415,shared,better
word2vec,0.9878112077713013,shared,novelty
word2vec,1.0,neither,transmissions
word2vec,0.9999999403953552,neither,hash
word2vec,-0.06352771073579788,neither,sup
word2vec,0.9954811930656433,shared,throws
word2vec,0.24642838537693024,neither,brushing
word2vec,1.0000001192092896,a_only,inclusion
word2vec,0.928615152835846,shared,march
word2vec,1.0000001192092896,neither,paradoxer
word2vec,1.0,neither,tyre
word2vec,1.0,a_only,ludwig
word2vec,1.0,a_only,findings
word2vec,0.9941349625587463,shared,checking
word2vec,0.9783468842506409,shared,exploring
word2vec,1.0000001192092896,neither,insurance
word2vec,0.03624231368303299,neither,sundown
word2vec,1.0,a_only,publicity
word2vec,1.0000001192092896,a_only,pakistan
word2vec,-0.04836028441786766,neither,bleak
word2vec,1.0,neither,advisor
word2vec,1.0,a_only,comprising
word2vec,0.9999999403953552,neither,vila
word2vec,1.0,neither,translating
word2vec,1.0,neither,inventory
word2vec,-0.058975446969270706,b_only,shook
word2vec,0.9999999403953552,a_only,connecticut
word2vec,0.04277591407299042,neither,summons
word2vec,1.0,a_only,finalist
word2vec,1.0,neither,magna
word2vec,1.0,neither,fbi
word2vec,-0.0626431405544281,b_only,dearest
word2vec,1.0,neither,outstanding
word2vec,0.9986463785171509,shared,vehicle
word2vec,0.055687665939331055,b_only,confide
word2vec,-0.03510107100009918,b_only,misfortunes
word2vec,0.08328831940889359,neither,xxx
word2vec,0.9409613013267517,shared,land
word2vec,1.0000001192092896,neither,biodiversity
word2vec,0.9971386194229126,neither,eccentric
word2vec,1.0,neither,rigorously
word2vec,1.0,neither,inaccurate
word2vec,0.986284077167511,shared,frequently
word2vec,0.985436737537384,shared,confessed
word2vec,0.959700345993042,shared,wore
word2vec,0.35396242141723633,neither,stoke
word2vec,1.0,neither,alphorn
word2vec,0.9999999403953552,neither,worshipping
word2vec,1.0000001192092896,neither,biased
word2vec,0.9973483085632324,shared,dialect
word2vec,0.9328479170799255,shared,brave
word2vec,1.0000001192092896,neither,talented
word2vec,-0.004641065374016762,b_only,walrus
word2vec,0.9871527552604675,shared,nt
word2vec,1.0000001192092896,neither,registration
word2vec,1.0,a_only,screenplay
word2vec,1.0,a_only,includes
word2vec,1.0,a_only,earl
word2vec,1.0000001192092896,neither,uma
word2vec,0.9999998807907104,neither,naturalistic
word2vec,1.0,neither,conditioning
word2vec,0.9999999403953552,a_only,highlands
word2vec,0.9999998807907104,a_only,caribbean
word2vec,0.9460178017616272,shared,expression
word2vec,0.9999999403953552,neither,negotiated
word2vec,1.0,a_only,venice
word2vec,0.9999999403953552,neither,addicted
word2vec,0.9999999403953552,neither,tutorials
word2vec,1.0,neither,contend
word2vec,1.0000001192092896,neither,squares
word2vec,-0.06200811639428139,b_only,congratulate
word2vec,1.0,neither,afrika
word2vec,0.9999305605888367,shared,lysander
word2vec,1.0,neither,tributary
word2vec,1.0000001192092896,neither,gertrude
word2vec,0.12574897706508636,b_only,xvii
word2vec,0.0224944856017828,neither,tapping
word2vec,0.11001379787921906,neither,allowance
word2vec,0.9999999403953552,neither,khwarizmi
word2vec,1.0,neither,esperanto
word2vec,0.0022756836842745543,b_only,forehead
word2vec,1.0000001192092896,neither,tonnes
word2vec,1.0,a_only,cinema
word2vec,0.9999999403953552,a_only,splitting
word2vec,1.0,neither,malls
word2vec,0.9999998807907104,neither,monitoring
word2vec,0.9999998807907104,neither,observational
word2vec,1.0,a_only,dual
word2vec,-0.02177904173731804,neither,ferryboat
word2vec,1.0,neither,evenly
word2vec,0.9797073602676392,shared,opposite
word2vec,1.0,neither,trails
word2vec,1.0,a_only,apl
word2vec,0.9541623592376709,shared,charge
word2vec,0.9951160550117493,shared,streams
word2vec,1.0,neither,ir
word2vec,0.9918351769447327,shared,powder
word2vec,0.9882169961929321,shared,flint
word2vec,0.866974413394928,shared,part
word2vec,0.9717301726341248,shared,working
word2vec,1.0,a_only,dynasty
word2vec,1.0,a_only,fm
word2vec,1.0,neither,impose
word2vec,0.9259268045425415,shared,conscience
word2vec,0.99764484167099,shared,resolve
word2vec,0.9899060726165771,shared,cutting
word2vec,1.0,neither,flexibility
word2vec,0.9498164057731628,shared,finn
word2vec,0.10878153890371323,b_only,waiter
word2vec,-0.029281282797455788,b_only,inquiring
word2vec,1.0000001192092896,a_only,distribution
word2vec,0.0708286389708519,neither,feud
word2vec,1.0,neither,impacted
word2vec,0.9999998807907104,neither,payment
word2vec,1.0,a_only,contribute
word2vec,1.0,neither,chattanooga
word2vec,1.0,a_only,athenians
word2vec,1.0000001192092896,neither,absorb
word2vec,0.053118471056222916,neither,remonstrance
word2vec,1.0,neither,interpreting
word2vec,0.005181735381484032,b_only,mender
word2vec,-0.021035078912973404,neither,scrambled
word2vec,0.9955366253852844,shared,covers
word2vec,0.5803358554840088,shared,alice
word2vec,1.0000001192092896,a_only,julian
word2vec,0.9946292042732239,shared,lecture
word2vec,1.0000001192092896,a_only,howe
word2vec,1.0,a_only,bands
word2vec,0.9886927604675293,shared,preparing
word2vec,1.0,a_only,essays
word2vec,0.9744662642478943,shared,action
word2vec,0.9678143262863159,shared,stern
word2vec,0.2315976470708847,neither,manly
word2vec,0.9664872288703918,shared,progress
word2vec,1.0,neither,digit
word2vec,0.9986832141876221,shared,cord
word2vec,0.13156801462173462,neither,boundless
word2vec,1.0,neither,az
word2vec,0.9889557361602783,shared,cell
word2vec,1.0,a_only,monthly
word2vec,0.08436192572116852,b_only,fatigue
word2vec,1.0,neither,adiabats
word2vec,0.9878271818161011,shared,persons
word2vec,0.9930555820465088,shared,writes
word2vec,0.9999999403953552,a_only,privy
word2vec,0.9826078414916992,shared,flesh
word2vec,0.11565916985273361,neither,marooners
word2vec,0.9999998807907104,neither,hypothetical
word2vec,0.13798987865447998,b_only,graceful
word2vec,0.1347038596868515,neither,frenzy
word2vec,1.0,a_only,audiences
word2vec,1.0000001192092896,a_only,hosted
word2vec,1.0000001192092896,a_only,milan
word2vec,1.0,a_only,regime
word2vec,0.9999998807907104,a_only,omotic
word2vec,0.9999999403953552,a_only,alexis
word2vec,1.0,neither,urging
word2vec,0.9894803762435913,shared,encountered
word2vec,0.8897233605384827,shared,heads
word2vec,1.0,neither,slobodan
word2vec,-0.24347689747810364,neither,fulcrum
word2vec,1.0,a_only,dynasties
word2vec,0.9999998807907104,neither,nielsen
word2vec,1.0000001192092896,neither,libraries
word2vec,0.9999998807907104,neither,releasing
word2vec,1.0,neither,carthusian
word2vec,0.9965335130691528,shared,injuries
word2vec,0.9999999403953552,neither,pisces
word2vec,0.9764394760131836,shared,rushing
word2vec,1.0000001192092896,neither,gaza
word2vec,0.9917752146720886,shared,ridges
word2vec,1.0,a_only,nasa
word2vec,0.9904347062110901,shared,heavier
word2vec,0.9999998807907104,a_only,anterior
word2vec,1.0,neither,zaire
word2vec,0.026407165452837944,neither,loitering
word2vec,1.0000001192092896,a_only,tony
word2vec,1.0000001192092896,a_only,subordinate
word2vec,0.9959319233894348,neither,imitated
word2vec,0.03317192196846008,neither,intricate
word2vec,1.0,neither,fights
word2vec,0.9832292795181274,shared,breed
word2vec,0.9940469861030579,shared,twentieth
word2vec,0.9999999403953552,neither,photography
word2vec,0.1340738981962204,neither,unfair
word2vec,0.9869168996810913,shared,properly
word2vec,0.9932833313941956,shared,spelling
word2vec,0.04444890841841698,b_only,tear
word2vec,1.0,neither,contests
word2vec,1.0,neither,journeys
word2vec,1.0,neither,strauss
word2vec,0.925363302230835,shared,scarcely
word2vec,0.8178308010101318,shared,ever
word2vec,0.9920654892921448,shared,market
word2vec,1.0,a_only,michigan
word2vec,1.0,a_only,apostle
word2vec,0.9999999403953552,neither,outsider
word2vec,0.9896360635757446,shared,enabled
word2vec,1.0,neither,connotations
word2vec,1.0000001192092896,a_only,canaris
word2vec,1.0,a_only,ethiopic
word2vec,1.0000001192092896,a_only,aleister
word2vec,0.9539459347724915,shared,noticed
word2vec,1.0000001192092896,neither,extremes
word2vec,0.20712481439113617,b_only,clasped
word2vec,0.9861525297164917,shared,changing
word2vec,0.9902329444885254,shared,complained
word2vec,-0.018494518473744392,b_only,dreary
word2vec,1.0000001192092896,neither,plantations
word2vec,1.0,neither,ephesus
word2vec,0.9826942682266235,shared,secrets
word2vec,1.0,a_only,manufacture
word2vec,0.9373258948326111,shared,changed
word2vec,0.8583057522773743,shared,doctor
word2vec,0.9936456084251404,shared,etc
word2vec,0.9985082149505615,shared,campaign
word2vec,0.9961637258529663,shared,insufficient
word2vec,1.0,a_only,player
word2vec,1.0,neither,stems
word2vec,1.0,neither,partisans
word2vec,0.9954184293746948,shared,individual
word2vec,1.0,a_only,uk
word2vec,0.9999998807907104,neither,determines
word2vec,1.0,neither,theoretically
word2vec,1.0000001192092896,neither,pdd
word2vec,0.9902591705322266,shared,fortunes
word2vec,-0.20729652047157288,b_only,dismal
word2vec,0.9999999403953552,a_only,tommy
word2vec,0.983976423740387,shared,bridge
word2vec,1.0,neither,alexei
word2vec,0.9955835342407227,shared,adjoining
word2vec,1.0000001192092896,neither,lyricist
word2vec,1.0,neither,boroughs
word2vec,0.061620183289051056,neither,twist
word2vec,1.0,a_only,differential
word2vec,1.0000001192092896,a_only,economies
word2vec,1.0,a_only,systematically
word2vec,0.992465078830719,shared,visions
word2vec,0.9999998807907104,neither,dame
word2vec,1.0,neither,poorest
word2vec,0.9999999403953552,neither,epoch
word2vec,0.012844978831708431,neither,nobleman
word2vec,0.12790386378765106,b_only,adler
word2vec,0.9999999403953552,neither,cardinality
word2vec,0.9729822874069214,shared,thy
word2vec,0.9809921383857727,shared,resumed
word2vec,0.9951175451278687,shared,emphatic
word2vec,1.0,neither,cites
word2vec,1.0,neither,narrower
word2vec,1.0,neither,footy
word2vec,0.9981817007064819,shared,binding
word2vec,0.9792172312736511,shared,struggle
word2vec,0.2953563630580902,neither,clanging
word2vec,1.0000001192092896,neither,kellogg
word2vec,0.9198300242424011,shared,bright
word2vec,1.0,neither,ketones
word2vec,1.0000001192092896,neither,boost
word2vec,-0.041253022849559784,neither,omen
word2vec,1.0,a_only,onset
word2vec,0.20874369144439697,b_only,hideous
word2vec,1.0,a_only,convert
word2vec,0.06028572842478752,b_only,cursed
word2vec,0.9352877140045166,shared,sign
word2vec,0.95062255859375,shared,horrible
word2vec,0.983783483505249,shared,warned
word2vec,0.9711382985115051,shared,declare
word2vec,1.0,neither,rumors
word2vec,0.9999999403953552,neither,systemic
word2vec,1.0,neither,obstacles
word2vec,0.9997837543487549,neither,bizarre
word2vec,1.0000001192092896,neither,untreated
word2vec,0.998798131942749,shared,medical
word2vec,-0.017092499881982803,neither,thanking
word2vec,0.9027538299560547,shared,jacques
word2vec,1.0000001192092896,a_only,organized
word2vec,1.0,neither,antibiotics
word2vec,1.0,neither,barbiturates
word2vec,0.9363458156585693,shared,interrupted
word2vec,1.0,a_only,agassi
word2vec,0.17394667863845825,b_only,amiable
word2vec,1.0,neither,abs
word2vec,1.0,neither,cubans
word2vec,0.9999998807907104,neither,timor
word2vec,0.9999999403953552,neither,dionysus
word2vec,1.0000001192092896,a_only,emancipation
word2vec,0.0930769145488739,neither,powerless
word2vec,1.0,a_only,paperback
word2vec,0.9999999403953552,a_only,suburb
word2vec,-0.1311868578195572,b_only,trot
word2vec,0.06198514252901077,b_only,awakened
word2vec,1.0000001192092896,a_only,february
word2vec,1.0,neither,tan
word2vec,1.0,neither,dune
word2vec,-0.03080844320356846,b_only,jumping
word2vec,0.02982538379728794,neither,boss
word2vec,1.0,neither,justinian
word2vec,-0.02663292922079563,neither,briskly
word2vec,1.0,neither,nage
word2vec,1.0,a_only,wilhelm
word2vec,0.9982578754425049,shared,beads
word2vec,0.9999999403953552,a_only,americium
word2vec,1.0,a_only,stilicho
word2vec,0.9891586303710938,shared,borrowed
word2vec,0.9867473244667053,shared,stomach
word2vec,0.05165236070752144,neither,oblige
word2vec,0.2674281895160675,b_only,glare
word2vec,1.0000001192092896,neither,cca
word2vec,1.0,a_only,definition
word2vec,0.9995535016059875,shared,troops
word2vec,0.1821717619895935,neither,unconnected
word2vec,0.9745510816574097,shared,barrel
word2vec,1.0000001192092896,neither,repetitive
word2vec,0.023064106702804565,b_only,desperate
word2vec,0.17737607657909393,neither,tramping
word2vec,0.025843890383839607,neither,21
word2vec,1.0,neither,crete
word2vec,1.0,neither,britannia
word2vec,-0.04424437880516052,neither,inconvenient
word2vec,0.9182862639427185,shared,real
word2vec,0.9999999403953552,a_only,criticisms
word2vec,1.0,a_only,reversed
word2vec,0.08562775701284409,neither,lumber
word2vec,0.9999999403953552,a_only,astronaut
word2vec,1.0,neither,asoka
word2vec,0.12488362938165665,neither,leapt
word2vec,-0.12380190938711166,neither,tugged
word2vec,0.9865982532501221,shared,tobacco
word2vec,0.48696380853652954,neither,100
word2vec,0.8522437810897827,shared,dare
word2vec,1.0,neither,pub
word2vec,1.0000001192092896,neither,paints
word2vec,1.0,neither,marketed
word2vec,1.0,neither,boolean
word2vec,1.0000001192092896,neither,susima
word2vec,0.0068553476594388485,neither,deftly
word2vec,0.9999998807907104,neither,puritan
word2vec,1.0,neither,perennial
word2vec,1.0,a_only,seceded
word2vec,1.0,neither,individualism
word2vec,1.0,neither,ulcer
word2vec,0.04122620448470116,neither,excusing
word2vec,1.0,a_only,columbia
word2vec,0.8597521185874939,shared,silence
word2vec,0.11451868712902069,neither,crevices
word2vec,1.0,a_only,standards
word2vec,0.1583404392004013,neither,slammed
word2vec,0.054701678454875946,neither,candour
word2vec,0.10257544368505478,neither,ennui
word2vec,1.0,neither,reconcile
word2vec,1.0,neither,rabbi
word2vec,0.9263530969619751,shared,taken
word2vec,-0.0675494596362114,neither,pore
word2vec,0.9999998807907104,neither,atemi
word2vec,0.9942165613174438,shared,motion
word2vec,1.0,a_only,kurt
word2vec,1.0,a_only,implement
word2vec,-0.06023829057812691,neither,monotonous
word2vec,1.0,a_only,nicene
word2vec,-0.03360762447118759,neither,refreshed
word2vec,0.07889636605978012,neither,haughty
word2vec,1.0,neither,caliber
word2vec,0.9913665056228638,shared,shoot
word2vec,1.0,neither,transmit
word2vec,0.9988905191421509,shared,tips
word2vec,1.0,neither,mcgill
word2vec,1.0,neither,dormitory
word2vec,0.958375096321106,shared,service
word2vec,0.8149020075798035,shared,faces
word2vec,0.9999999403953552,a_only,extant
word2vec,-0.029615171253681183,b_only,wretch
word2vec,1.0000001192092896,a_only,similarities
word2vec,0.9951578378677368,shared,variety
word2vec,0.9601798057556152,shared,seems
word2vec,1.0,a_only,rebuilt
word2vec,0.9901067018508911,shared,farther
word2vec,1.0,a_only,versions
word2vec,0.9555099606513977,shared,save
word2vec,0.9784213900566101,shared,painted
word2vec,0.05624191462993622,b_only,6
word2vec,1.0,neither,peers
word2vec,-0.19746915996074677,neither,extinguish
word2vec,0.8024765849113464,shared,john
word2vec,0.977672815322876,shared,approach
word2vec,1.0000001192092896,neither,grammatical
word2vec,0.9647837281227112,shared,throw
word2vec,1.0,neither,transcription
word2vec,1.0,neither,abunda
word2vec,1.0,neither,hamburg
word2vec,-0.07481465488672256,neither,seriousness
word2vec,1.0,a_only,marie
word2vec,1.0000001192092896,neither,vascular
word2vec,0.15586619079113007,neither,paterson
word2vec,0.8992236256599426,shared,start
word2vec,0.972378134727478,shared,sufficient
word2vec,0.9847927093505859,shared,revealed
word2vec,1.0,neither,unused
word2vec,0.992508590221405,shared,arrives
word2vec,1.0000001192092896,neither,yugoslav
word2vec,0.9857162237167358,shared,eternal
word2vec,1.0,a_only,continental
word2vec,1.0,a_only,ken
word2vec,1.0,neither,llamas
word2vec,0.13736645877361298,b_only,suspicions
word2vec,0.9973360300064087,shared,crowned
word2vec,1.0,neither,transmutation
word2vec,0.9909980297088623,shared,inform
word2vec,1.0,a_only,brazil
word2vec,0.9967911243438721,shared,bricks
word2vec,1.0,a_only,actinium
word2vec,0.9865682125091553,shared,holiday
word2vec,0.933103621006012,shared,dig
word2vec,0.9999998807907104,neither,invading
word2vec,0.9999998807907104,a_only,convention
word2vec,0.9726966023445129,shared,pushed
word2vec,1.0,neither,retention
word2vec,-0.09688079357147217,neither,guineas
word2vec,0.04681980237364769,neither,diversion
word2vec,1.0,a_only,statute
word2vec,0.9967707991600037,shared,simpler
word2vec,0.9909944534301758,shared,levi
word2vec,0.18891017138957977,neither,darkening
word2vec,1.0000001192092896,neither,hispanic
word2vec,0.9833150506019592,shared,genius
word2vec,0.9999998807907104,neither,attributing
word2vec,0.9942450523376465,shared,stout
word2vec,0.9999999403953552,neither,rev
word2vec,1.0,a_only,heritage
word2vec,0.15392516553401947,neither,sutherland
word2vec,1.0000001192092896,neither,oregon
word2vec,0.9999999403953552,neither,tierra
word2vec,0.9813356995582581,shared,v
word2vec,1.0000001192092896,a_only,illegal
word2vec,0.9500393867492676,shared,fun
word2vec,0.9902220368385315,shared,exhibition
word2vec,0.8058316707611084,shared,en
word2vec,1.0000001192092896,neither,sulfide
word2vec,0.0652579814195633,b_only,pretended
word2vec,0.8950848579406738,shared,henry
word2vec,0.9911600947380066,shared,conversations
word2vec,1.0,neither,messiah
word2vec,0.9999999403953552,a_only,abbots
word2vec,0.9999999403953552,neither,muzzle
word2vec,-0.040540847927331924,b_only,blazing
word2vec,0.04775920882821083,neither,chewing
word2vec,1.0,a_only,symbols
word2vec,0.9896683692932129,shared,increased
word2vec,0.9916165471076965,shared,leads
word2vec,0.9499599933624268,shared,aside
word2vec,0.2712167799472809,b_only,commonplace
word2vec,1.0,neither,vichy
word2vec,1.0,neither,eax
word2vec,0.9919081926345825,shared,deprived
word2vec,1.0000001192092896,a_only,settlers
word2vec,0.9983531832695007,shared,complex
word2vec,0.9635526537895203,shared,servants
word2vec,0.0434146486222744,neither,aunty
word2vec,0.9489657878875732,shared,line
word2vec,0.9928168058395386,shared,obscurity
word2vec,0.05980744585394859,neither,sighing
word2vec,0.9810101389884949,shared,axe
word2vec,0.04358556494116783,b_only,brook
word2vec,0.9983516931533813,shared,directing
word2vec,0.9999999403953552,neither,pipeline
word2vec,0.9865647554397583,shared,meanwhile
word2vec,0.9756948351860046,shared,trial
word2vec,0.06080609932541847,b_only,neverland
word2vec,-0.0745895728468895,neither,peal
word2vec,-0.12457139045000076,b_only,audible
word2vec,1.0000001192092896,neither,inquart
word2vec,0.031136902049183846,neither,wunst
word2vec,0.18041636049747467,neither,proudest
word2vec,0.9891505241394043,shared,spectators
word2vec,0.9954296946525574,shared,mayor
word2vec,1.0000001192092896,a_only,relatively
word2vec,0.10090360790491104,b_only,suits
word2vec,0.2924288511276245,neither,duly
word2vec,0.9999999403953552,neither,trucks
word2vec,1.0,neither,enzymes
word2vec,0.32423415780067444,neither,leadenhall
word2vec,0.9976460933685303,shared,element
word2vec,0.010002559050917625,neither,govment
word2vec,0.26431602239608765,neither,braced
word2vec,0.16889546811580658,neither,balancing
word2vec,1.0000001192092896,a_only,liquid
word2vec,0.15380272269248962,neither,elaborately
word2vec,1.0000001192092896,neither,legions
word2vec,0.054331470280885696,neither,fling
word2vec,0.9994379281997681,shared,minor
word2vec,1.0000001192092896,neither,rallying
word2vec,0.20726527273654938,neither,serpentine
word2vec,1.0000001192092896,a_only,potassium
word2vec,1.0,a_only,rendezvous
word2vec,0.9999999403953552,a_only,ratified
word2vec,1.0,neither,av
word2vec,0.9954997301101685,neither,potent
word2vec,0.9999998807907104,a_only,churchill
word2vec,0.969455897808075,shared,dreams
word2vec,0.007875729352235794,neither,charms
word2vec,0.9999999403953552,a_only,signing
word2vec,0.9686049818992615,shared,loss
word2vec,1.0000001192092896,neither,tolstoy
word2vec,1.0,neither,thinly
word2vec,1.0,neither,calculator
word2vec,0.9999998807907104,neither,jill
word2vec,0.9999999403953552,a_only,transcontinental
word2vec,0.9726366996765137,shared,principal
word2vec,1.0,neither,phosphate
word2vec,-0.04291043058037758,neither,spray
word2vec,0.03617154061794281,b_only,gasped
word2vec,0.9259524941444397,shared,river
word2vec,1.0000001192092896,neither,vostok
word2vec,0.9915754199028015,shared,earlier
word2vec,0.9999999403953552,a_only,predynastic
word2vec,0.1706167608499527,neither,handsomest
word2vec,1.0,neither,arousal
word2vec,0.9999998807907104,a_only,sciences
word2vec,1.0,neither,madeira
word2vec,1.0,neither,seizures
word2vec,0.03039359860122204,neither,contemptuous
word2vec,0.9474160075187683,shared,um
word2vec,0.9999998807907104,neither,parapsychology
word2vec,0.9999998807907104,neither,statist
word2vec,0.9949730038642883,shared,tendency
word2vec,1.0,a_only,sooty
word2vec,0.9668506383895874,shared,winter
word2vec,1.0,neither,neutron
word2vec,1.0,neither,sentenced
word2vec,1.0000001192092896,neither,influx
word2vec,0.9843147993087769,shared,auction
word2vec,0.9999998807907104,neither,byzantium
word2vec,0.9999998807907104,a_only,thompson
word2vec,0.07136986404657364,b_only,carelessly
word2vec,-0.0068007889203727245,b_only,lizzy
word2vec,-0.0881936326622963,neither,terrific
word2vec,0.9999998807907104,neither,decreases
word2vec,0.8367485404014587,shared,along
word2vec,1.0000001192092896,a_only,hollywood
word2vec,1.0000001192092896,neither,ignostics
word2vec,0.18887607753276825,neither,inflicted
word2vec,1.0000001192092896,a_only,lithuania
word2vec,0.9853366613388062,shared,sworn
word2vec,0.9933170080184937,shared,tire
word2vec,0.9530568718910217,shared,waited
word2vec,0.24596792459487915,b_only,stillness
word2vec,0.019423607736825943,b_only,emigrant
word2vec,0.9818430542945862,shared,guests
word2vec,0.039914797991514206,neither,wafer
word2vec,0.9940197467803955,shared,domestic
word2vec,0.9999999403953552,neither,fertilizers
word2vec,0.16477826237678528,neither,splash
word2vec,0.9952967166900635,neither,extremity
word2vec,0.07644263654947281,b_only,collar
word2vec,1.0000001192092896,neither,bearers
word2vec,0.7993648052215576,shared,began
word2vec,1.0,neither,clem
word2vec,1.0,neither,homoousios
word2vec,1.0,a_only,antarctica
word2vec,0.9999998807907104,a_only,challenge
word2vec,1.0000001192092896,neither,tutuila
word2vec,0.12437882274389267,neither,tightened
word2vec,0.9973899126052856,shared,realised
word2vec,0.7388454079627991,neither,pequod
word2vec,0.0758165493607521,neither,steamboats
word2vec,-0.014639472588896751,b_only,thrill
word2vec,-0.03965173661708832,b_only,daylight
word2vec,0.9999999403953552,a_only,politician
word2vec,0.9075561761856079,shared,strong
word2vec,0.17186328768730164,neither,salutation
word2vec,0.9744182825088501,shared,begins
word2vec,1.0000001192092896,neither,tanakh
word2vec,1.0,a_only,resin
word2vec,-5.84634326514788e-05,neither,portly
word2vec,1.0,neither,complexes
word2vec,0.9999999403953552,a_only,sp
word2vec,0.9908614754676819,shared,formerly
word2vec,0.9140958189964294,shared,couple
word2vec,0.9557815194129944,shared,thick
word2vec,1.0000001192092896,neither,mixcolumns
word2vec,1.0,a_only,combat
word2vec,1.0000001192092896,neither,sophistication
word2vec,1.0000001192092896,neither,abrasax
word2vec,1.0,neither,conan
word2vec,0.9574214220046997,shared,wished
word2vec,0.04107426106929779,b_only,witch
word2vec,1.0,neither,subdivision
word2vec,0.17540743947029114,b_only,12
word2vec,0.9768431782722473,shared,remains
word2vec,0.23163585364818573,neither,precipitate
word2vec,0.11399349570274353,neither,obstinacy
word2vec,1.0,neither,mali
word2vec,1.0,neither,ionic
word2vec,0.8408903479576111,shared,never
word2vec,1.0,a_only,asiatic
word2vec,0.9119951725006104,shared,small
word2vec,-0.06087370961904526,neither,employments
word2vec,1.0,a_only,siberia
word2vec,-0.09039372205734253,b_only,drownded
word2vec,1.0,neither,aardwolf
word2vec,1.0,a_only,iran
word2vec,0.01351586077362299,neither,cheering
word2vec,0.07412267476320267,neither,flambeau
word2vec,1.0,a_only,genetics
word2vec,1.0,neither,pls
word2vec,0.9912911057472229,shared,trading
word2vec,0.9688249826431274,shared,float
word2vec,1.0000001192092896,neither,archeological
word2vec,0.999004065990448,shared,assembly
word2vec,0.09159761667251587,neither,detain
word2vec,1.0,a_only,environments
word2vec,0.9000804424285889,shared,hat
word2vec,0.9816986918449402,shared,tremendous
word2vec,0.9975565075874329,shared,rival
word2vec,0.9682366251945496,shared,courtyard
word2vec,1.0,a_only,football
word2vec,0.9815582633018494,shared,acting
word2vec,1.0000001192092896,neither,percy
word2vec,1.0000001192092896,a_only,annexation
word2vec,1.0000001192092896,neither,patriarch
word2vec,0.9897348284721375,shared,united
word2vec,1.0,a_only,investment
word2vec,0.15752074122428894,neither,provoked
word2vec,-0.05174638703465462,b_only,hastened
word2vec,0.9999999403953552,neither,francesco
word2vec,1.0,a_only,launched
word2vec,1.0,neither,persecuted
word2vec,1.0,a_only,constitution
word2vec,1.0000001192092896,neither,jasper
word2vec,0.9991907477378845,shared,peak
word2vec,1.0,neither,coldest
word2vec,0.9999998807907104,neither,preached
word2vec,0.10934049636125565,neither,courtly
word2vec,1.0000001192092896,neither,malik
word2vec,0.9779992699623108,shared,decidedly
word2vec,0.16492001712322235,neither,laurel
word2vec,-0.0017227187054231763,neither,inquisitive
word2vec,1.0,a_only,sulfur
word2vec,0.9999999403953552,neither,recognizable
word2vec,0.11740093678236008,b_only,gardiner
word2vec,0.04640364274382591,neither,rack
word2vec,1.0,a_only,veterans
word2vec,0.9999999403953552,neither,baku
word2vec,0.996674120426178,shared,generations
word2vec,1.0,a_only,boundaries
word2vec,0.9831139445304871,shared,beaten
word2vec,1.0,neither,constituent
word2vec,1.0,neither,biographer
word2vec,1.0,neither,atoll
word2vec,1.0,a_only,barry
word2vec,1.0000001192092896,neither,truce
word2vec,0.9999998807907104,neither,excelsus
word2vec,1.0,neither,mediated
word2vec,0.9999999403953552,neither,damages
word2vec,0.01459052599966526,b_only,tinker
word2vec,0.04616649076342583,neither,pistols
word2vec,1.0,a_only,citizenship
word2vec,1.0,a_only,monitor
word2vec,1.0,neither,roe
word2vec,-0.21033337712287903,neither,faithfully
word2vec,0.9999998807907104,a_only,vertical
word2vec,0.934056282043457,shared,shore
word2vec,0.9962942600250244,shared,president
word2vec,0.07509004324674606,b_only,aloud
word2vec,1.0000001192092896,neither,spectroscopic
word2vec,0.21705909073352814,b_only,szgany
word2vec,0.9999999403953552,neither,dublin
word2vec,0.09018534421920776,neither,alluded
word2vec,0.9999998807907104,neither,amyotrophic
word2vec,0.9916352033615112,shared,appealing
word2vec,1.0,neither,trait
word2vec,0.047374095767736435,b_only,endeavouring
word2vec,1.0000001192092896,a_only,planets
word2vec,0.8555278182029724,shared,tree
word2vec,0.9547790288925171,shared,drink
word2vec,0.994854211807251,shared,shepherd
word2vec,0.9999998807907104,neither,partisan
word2vec,1.0,neither,consecutive
word2vec,1.0,neither,percussion
word2vec,1.0000001192092896,neither,khoisan
word2vec,0.9999998807907104,neither,lyceum
word2vec,1.0,neither,valve
word2vec,0.09966354072093964,b_only,partiality
word2vec,0.9947686195373535,shared,maps
word2vec,0.0760892927646637,neither,jailed
word2vec,0.9548907279968262,shared,copy
word2vec,0.9988769292831421,shared,originated
word2vec,0.9860386848449707,shared,bleeding
word2vec,1.0,neither,danny
word2vec,0.9992692470550537,shared,analysis
word2vec,1.0000001192092896,a_only,atlanta
word2vec,0.03952133655548096,neither,disclose
word2vec,0.18427766859531403,b_only,justine
word2vec,1.0000001192092896,a_only,variable
word2vec,0.9999998807907104,neither,marriages
word2vec,0.9999998807907104,neither,gnostics
word2vec,0.9999999403953552,neither,nafta
word2vec,0.04554450884461403,neither,impropriety
word2vec,0.07480496168136597,b_only,fountain
word2vec,0.8813005685806274,shared,maybe
word2vec,0.9999999403953552,neither,postage
word2vec,0.04252990707755089,neither,affectionately
word2vec,0.9999999403953552,a_only,algebras
word2vec,1.0000001192092896,a_only,comprehensive
word2vec,0.9906245470046997,shared,employment
word2vec,0.10147675126791,neither,suggestive
word2vec,0.9377129673957825,shared,remarked
word2vec,0.9983616471290588,shared,army
word2vec,0.07256398350000381,neither,constraint
word2vec,0.990830659866333,shared,regarded
word2vec,0.2566591799259186,neither,uproar
word2vec,1.0,neither,contacts
word2vec,1.0,neither,demographic
word2vec,-0.0031144951935857534,b_only,fetched
word2vec,1.0000001192092896,neither,chapman
word2vec,0.9475014209747314,shared,dust
word2vec,0.1700933277606964,b_only,drooping
word2vec,0.9888947010040283,shared,timber
word2vec,0.9937303066253662,shared,sole
word2vec,0.9882955551147461,shared,list
word2vec,1.0000001192092896,neither,alexandrian
word2vec,1.0,a_only,defenders
word2vec,1.0000001192092896,a_only,anarchists
word2vec,0.9999999403953552,a_only,homo
word2vec,1.0,neither,insistence
word2vec,0.03057451732456684,neither,purfleet
word2vec,1.0,neither,productions
word2vec,0.9999999403953552,neither,treasury
word2vec,0.9179337620735168,shared,fair
word2vec,1.0000001192092896,a_only,physicist
word2vec,0.9760074019432068,shared,absence
word2vec,-0.0596480630338192,b_only,smiling
word2vec,1.0,neither,pebbles
word2vec,0.9664263129234314,shared,wings
word2vec,0.13626141846179962,neither,crowing
word2vec,0.10924240201711655,b_only,pallor
word2vec,1.0000001192092896,a_only,defended
word2vec,1.0,neither,chomsky
word2vec,0.9999999403953552,a_only,satirical
word2vec,0.9736913442611694,shared,explain
word2vec,0.9999999403953552,neither,animosity
word2vec,0.18594273924827576,neither,masts
word2vec,1.0,neither,winnie
word2vec,1.0,a_only,leaders
word2vec,0.9916134476661682,shared,apprehension
word2vec,0.25167426466941833,neither,22
word2vec,1.0,neither,boulevard
word2vec,0.9953213930130005,neither,smells
word2vec,0.9895815849304199,shared,explaining
word2vec,0.9999999403953552,neither,dvd
word2vec,0.07949711382389069,neither,dawned
word2vec,1.0,neither,merger
word2vec,1.0,a_only,cipher
word2vec,0.025720098987221718,neither,candlestick
word2vec,0.9999999403953552,neither,witt
word2vec,1.0000001192092896,a_only,germans
word2vec,0.9712665677070618,shared,fever
word2vec,0.08004768937826157,neither,spectator
word2vec,1.0,a_only,alberta
word2vec,0.9959917068481445,shared,dates
word2vec,0.9568901062011719,shared,art
word2vec,1.0000001192092896,neither,nationalists
word2vec,0.18386675417423248,neither,gaudy
word2vec,0.9036567807197571,shared,island
word2vec,1.0,neither,witchcraft
word2vec,1.0,neither,wizards
word2vec,1.0,neither,ua
word2vec,-0.022634346038103104,neither,parched
word2vec,0.9896647930145264,shared,animals
word2vec,0.8480200171470642,shared,our
word2vec,1.0,neither,objective
word2vec,1.0,neither,slant
word2vec,0.8506442308425903,shared,potter
word2vec,1.0,neither,weber
word2vec,0.8081000447273254,shared,cabin
word2vec,1.0,a_only,survival
word2vec,0.9975734353065491,shared,loop
word2vec,1.0,neither,hp
word2vec,-0.06798671185970306,neither,flaming
word2vec,1.0,neither,phalanx
word2vec,0.24318456649780273,neither,disclosed
word2vec,0.9738103747367859,shared,habit
word2vec,1.0,a_only,boris
word2vec,0.07911365479230881,neither,clearer
word2vec,0.9259600639343262,shared,getting
word2vec,1.0,a_only,occupies
word2vec,1.0000001192092896,a_only,assuming
word2vec,0.9744164943695068,shared,crack
word2vec,0.104878731071949,neither,swiftness
word2vec,0.9075751304626465,shared,idea
word2vec,1.0,neither,proportional
word2vec,1.0,neither,agrarian
word2vec,1.0000001192092896,neither,eumc
word2vec,0.9612023830413818,shared,tall
word2vec,0.9999998807907104,neither,isotherm
word2vec,0.02875678613781929,b_only,shuddering
word2vec,0.9999999403953552,neither,din
word2vec,0.146737203001976,neither,cognac
word2vec,1.0,neither,launching
word2vec,1.0,neither,overheating
word2vec,-0.10243646800518036,neither,grossly
word2vec,0.9999999403953552,a_only,ontario
word2vec,-0.08393146097660065,neither,swelling
word2vec,1.0,neither,herd
word2vec,1.0000001192092896,a_only,populations
word2vec,1.0,a_only,subset
word2vec,-0.20863077044487,neither,watermelon
word2vec,1.0,neither,breakup
word2vec,0.03543786704540253,neither,garrick
word2vec,-0.21978604793548584,neither,horrified
word2vec,0.9969961047172546,shared,refusing
word2vec,0.012979845516383648,b_only,comprehend
word2vec,1.0,a_only,ares
word2vec,1.0000001192092896,neither,transliteration
word2vec,1.0,neither,brakes
word2vec,1.0,a_only,ibm
word2vec,0.11965447664260864,b_only,assure
word2vec,1.0000001192092896,neither,tetrapods
word2vec,1.0000001192092896,a_only,rally
word2vec,1.0,neither,campaigning
word2vec,0.9829486608505249,shared,dropping
word2vec,0.9760945439338684,shared,slight
word2vec,1.0,a_only,ads
word2vec,1.0,neither,paradoxes
word2vec,1.0,neither,installation
word2vec,0.9837151765823364,shared,examining
word2vec,1.0,neither,mongols
word2vec,0.9927047491073608,shared,thorough
word2vec,0.03331225737929344,b_only,hush
word2vec,1.0,a_only,finnish
word2vec,1.0,neither,regain
word2vec,0.9899086356163025,shared,corruption
word2vec,1.0000001192092896,a_only,stevens
word2vec,0.07255861908197403,b_only,blinds
word2vec,0.9999999403953552,neither,bartholomew
word2vec,0.9999999403953552,a_only,baltic
word2vec,1.0000001192092896,neither,fi
word2vec,1.0000001192092896,neither,exercises
word2vec,1.0,a_only,entity
word2vec,1.0,neither,densely
word2vec,-0.0734301432967186,b_only,sufferer
word2vec,0.9999999403953552,neither,underwater
word2vec,0.9977867007255554,neither,registers
word2vec,1.0,a_only,altitude
word2vec,0.057107895612716675,neither,flashing
word2vec,1.0000001192092896,a_only,medieval
word2vec,1.0,neither,hath
word2vec,1.0,neither,alkaline
word2vec,1.0,neither,randolph
word2vec,-0.25902003049850464,b_only,dinner
word2vec,-0.19913600385189056,neither,incorrigible
word2vec,0.9730119109153748,shared,minds
word2vec,1.0000001192092896,neither,spiral
word2vec,-0.032809630036354065,neither,enchanted
word2vec,1.0,a_only,policies
word2vec,1.0,neither,torres
word2vec,0.9684435725212097,shared,practice
word2vec,0.04150815308094025,b_only,stealing
word2vec,0.7873231768608093,shared,or
word2vec,0.9970967769622803,shared,roger
word2vec,1.0,neither,southeastern
word2vec,0.14538505673408508,b_only,shan
word2vec,0.21695561707019806,b_only,trusting
word2vec,0.9999999403953552,a_only,hun
word2vec,1.0,neither,cameroon
word2vec,1.0,a_only,denmark
word2vec,1.0,a_only,alcohols
word2vec,1.0000001192092896,a_only,photographer
word2vec,1.0,neither,roper
word2vec,0.9937779903411865,shared,openly
word2vec,0.9776159524917603,shared,sisters
word2vec,0.8962821960449219,shared,corner
word2vec,0.03087957389652729,b_only,imprudence
word2vec,0.8815407752990723,shared,dream
word2vec,0.11333223432302475,b_only,lean
word2vec,0.1599818468093872,neither,harden
word2vec,1.0,a_only,darius
word2vec,1.0,a_only,specifically
word2vec,0.015152117237448692,neither,16
word2vec,1.0,neither,appointing
word2vec,1.0,neither,mercedes
word2vec,1.0,a_only,comparable
word2vec,0.9774031043052673,shared,behold
word2vec,0.9970966577529907,shared,growth
word2vec,0.9999998807907104,a_only,crystals
word2vec,0.9999999403953552,a_only,terminal
word2vec,0.09942395985126495,b_only,smoke
word2vec,1.0000001192092896,neither,penchant
word2vec,0.9720574021339417,shared,tragedy
word2vec,1.0,neither,triangular
word2vec,0.9582914710044861,shared,tis
word2vec,1.0,a_only,calendar
word2vec,0.9955772757530212,shared,turkey
word2vec,0.9133906960487366,shared,dropped
word2vec,0.9999999403953552,a_only,astrological
word2vec,0.9999999403953552,a_only,luther
word2vec,0.9955951571464539,shared,process
word2vec,1.0,neither,vorarlberg
word2vec,0.9999999403953552,neither,photoelectric
word2vec,1.0000001192092896,neither,sangamon
word2vec,0.9947071075439453,shared,justified
word2vec,0.9999998807907104,neither,unto
word2vec,-0.021508652716875076,b_only,glance
word2vec,0.010700289160013199,b_only,calmly
word2vec,-0.018145132809877396,neither,winked
word2vec,1.0,a_only,mechanism
word2vec,0.9542391896247864,shared,remark
word2vec,1.0,neither,sts
word2vec,0.8960903286933899,shared,turn
word2vec,0.1013285294175148,b_only,jaws
word2vec,-0.08755267411470413,neither,oftener
word2vec,0.9523626565933228,shared,shoes
word2vec,0.9953669309616089,shared,overlooked
word2vec,0.9401860237121582,shared,renamed
word2vec,0.9766265749931335,shared,rider
word2vec,1.0,neither,nebula
word2vec,0.9888485670089722,neither,cloudy
word2vec,0.9976615309715271,shared,requires
word2vec,1.0,neither,abstraction
word2vec,0.9965946078300476,neither,packing
word2vec,-0.00021440112323034555,b_only,curls
word2vec,0.130875825881958,b_only,tweedledee
word2vec,-0.15077079832553864,neither,plunder
word2vec,0.131790429353714,neither,bukovina
word2vec,0.9873325228691101,shared,speaker
word2vec,0.9613617658615112,shared,marks
word2vec,1.0,neither,margins
word2vec,0.9975003600120544,shared,approval
word2vec,0.9644102454185486,shared,native
word2vec,0.9999999403953552,neither,honeywell
word2vec,1.0000001192092896,neither,coded
word2vec,1.0,a_only,web
word2vec,0.9999999403953552,a_only,modification
word2vec,0.996548593044281,shared,recognise
word2vec,0.994367778301239,shared,varied
word2vec,1.0000001192092896,a_only,efficiency
word2vec,0.06771586090326309,b_only,staring
word2vec,1.0,neither,editors
word2vec,0.9827249050140381,shared,older
word2vec,0.9987797141075134,neither,decorated
word2vec,1.0,neither,nominally
word2vec,1.0,a_only,amides
word2vec,1.0,neither,rutgers
word2vec,1.0000001192092896,neither,weed
word2vec,1.0,a_only,separately
word2vec,1.0,a_only,defeats
word2vec,0.15813352167606354,neither,rubbage
word2vec,0.9746776223182678,shared,needed
word2vec,1.0000001192092896,a_only,incorrect
word2vec,0.9607094526290894,shared,swift
word2vec,0.06803064048290253,neither,swallowing
word2vec,0.9986945390701294,shared,repeatedly
word2vec,1.0,neither,parishes
word2vec,1.0,a_only,gasoline
word2vec,0.15991169214248657,b_only,sobbing
word2vec,0.9906308054924011,shared,tip
word2vec,-0.12487314641475677,neither,estimation
word2vec,0.9916199445724487,shared,flocked
word2vec,-0.1011049747467041,b_only,impatience
word2vec,0.9999998807907104,neither,conceded
word2vec,0.154932901263237,b_only,lemme
word2vec,0.9489285945892334,shared,bless
word2vec,1.0000001192092896,neither,greeted
word2vec,0.9999999403953552,neither,magick
word2vec,0.9940200448036194,shared,tastes
word2vec,1.0,neither,revisionism
word2vec,0.9999998807907104,neither,erin
word2vec,0.9949743151664734,shared,employ
word2vec,0.9999998807907104,neither,intern
word2vec,0.994762122631073,shared,lighter
word2vec,0.9435582756996155,shared,ceased
word2vec,1.0000001192092896,neither,himmler
word2vec,0.0820828378200531,neither,meadows
word2vec,0.2592121958732605,b_only,rags
word2vec,0.02875429205596447,neither,popped
word2vec,-0.11745095252990723,b_only,murmur
word2vec,1.0,neither,eth
word2vec,1.0,neither,syllabary
word2vec,0.9948403239250183,shared,earn
word2vec,0.9738049507141113,shared,airs
word2vec,1.0000001192092896,a_only,featuring
word2vec,1.0,neither,baden
word2vec,0.9999998807907104,neither,sahlins
word2vec,1.0000001192092896,a_only,stages
word2vec,0.9792855978012085,shared,attitude
word2vec,0.997165858745575,shared,differently
word2vec,0.9999998807907104,neither,dispelling
word2vec,1.0000001192092896,a_only,aga
word2vec,0.9999998807907104,neither,analyzed
word2vec,0.9879978895187378,shared,longest
word2vec,0.9904980659484863,shared,cows
word2vec,0.9999999403953552,neither,zionist
word2vec,1.0000001192092896,neither,univ
word2vec,0.03799952194094658,b_only,smoked
word2vec,0.9868151545524597,shared,smaller
word2vec,1.0,neither,dimensional
word2vec,0.9999999403953552,a_only,researchers
word2vec,1.0000001192092896,a_only,supposedly
word2vec,0.9857364892959595,shared,active
word2vec,1.0,neither,tanzania
word2vec,0.9674999713897705,shared,reach
word2vec,0.16450512409210205,neither,swum
word2vec,0.9999999403953552,a_only,americas
word2vec,0.9999999403953552,a_only,scripts
word2vec,0.9909990429878235,shared,sands
word2vec,1.0,neither,bonaparte
word2vec,1.0,neither,admetus
word2vec,0.9988750219345093,shared,explicit
word2vec,1.0000001192092896,neither,smallpox
word2vec,-0.037674058228731155,neither,drenched
word2vec,1.0000001192092896,neither,illyricum
word2vec,0.11031708121299744,neither,dived
word2vec,1.0,neither,alliances
word2vec,0.9825063347816467,shared,viii
word2vec,1.0,neither,fellowship
word2vec,-0.02098884806036949,b_only,choked
word2vec,0.06173713877797127,neither,ladybird
word2vec,0.9963528513908386,shared,trivial
word2vec,1.0000001192092896,neither,ceded
word2vec,0.9985700845718384,shared,available
word2vec,1.0,a_only,proteins
word2vec,1.0,a_only,geological
word2vec,1.0,neither,tripod
word2vec,0.9999998807907104,a_only,babylon
word2vec,0.9969062209129333,shared,lined
word2vec,0.9875659346580505,shared,oppression
word2vec,0.9932542443275452,shared,impressive
word2vec,1.0000001192092896,a_only,circ
word2vec,1.0,neither,axiomatic
word2vec,0.09265927970409393,neither,meditating
word2vec,0.9999999403953552,neither,bureaucratic
word2vec,0.9999999403953552,neither,flows
word2vec,0.9966775178909302,shared,range
word2vec,1.0,a_only,gdp
word2vec,0.023475494235754013,neither,proprietor
word2vec,0.0010803829645738006,b_only,gentleness
word2vec,0.9864213466644287,shared,authorities
word2vec,0.9999998807907104,a_only,sanskrit
word2vec,1.0000001192092896,a_only,females
word2vec,0.9205164313316345,shared,fall
word2vec,1.0,neither,lawyers
word2vec,0.9920939803123474,shared,owe
word2vec,0.9385926127433777,shared,honest
word2vec,0.09892480075359344,b_only,eloquent
word2vec,1.0000001192092896,neither,tribal
word2vec,-0.010245067067444324,b_only,scent
word2vec,0.17334473133087158,neither,hopper
word2vec,0.013217640109360218,neither,interchange
word2vec,0.8173704743385315,shared,thing
word2vec,0.08693291991949081,b_only,philips
word2vec,1.0,neither,anatole
word2vec,1.0,neither,activated
word2vec,0.986926257610321,shared,details
word2vec,0.9929997324943542,shared,freely
word2vec,0.9531391859054565,shared,need
word2vec,1.0,a_only,followers
word2vec,0.9967818260192871,shared,expressing
word2vec,1.0,neither,noumenon
word2vec,0.9999999403953552,neither,seo
word2vec,0.9989231824874878,shared,transferred
word2vec,0.15099263191223145,neither,contemplating
word2vec,1.0,neither,whig
word2vec,-0.07473643124103546,b_only,stared
word2vec,0.9999998807907104,a_only,turkic
word2vec,0.9987162351608276,shared,butler
word2vec,0.9999998807907104,neither,meditation
word2vec,-0.04397914558649063,neither,tallow
word2vec,1.0000001192092896,a_only,israel
word2vec,1.0,a_only,schweitzer
word2vec,1.0000001192092896,a_only,arc
word2vec,-0.006154309026896954,neither,thump
word2vec,0.988615870475769,shared,household
word2vec,0.9287352561950684,shared,dress
word2vec,1.0,neither,halo
word2vec,1.0000001192092896,neither,humanoid
word2vec,1.0,neither,ionian
word2vec,0.9999998807907104,a_only,scripture
word2vec,1.0,neither,laptop
word2vec,0.993109405040741,shared,cracking
word2vec,0.9701579809188843,shared,saint
word2vec,1.0,neither,vicarage
word2vec,0.025387844070792198,neither,whipping
word2vec,0.9999998807907104,neither,restrict
word2vec,0.9958746433258057,shared,entry
word2vec,0.9561909437179565,shared,pistol
word2vec,0.07806061953306198,b_only,7
word2vec,1.0,neither,eg
word2vec,0.0655636340379715,b_only,clapped
word2vec,1.0,a_only,northwest
word2vec,0.9727588891983032,shared,scarlet
word2vec,1.0,neither,schism
word2vec,0.09432917088270187,neither,hund
word2vec,1.0000001192092896,a_only,reigning
word2vec,0.9928930401802063,shared,inhabitants
word2vec,0.9952162504196167,shared,animation
word2vec,1.0,a_only,afro
word2vec,1.0,neither,vizier
word2vec,0.9999999403953552,a_only,applies
word2vec,0.9974957704544067,shared,disposal
word2vec,0.9860662221908569,shared,tables
word2vec,0.013824853114783764,neither,messengers
word2vec,1.0000001192092896,a_only,typically
word2vec,0.9999999403953552,a_only,algae
word2vec,0.9542802572250366,shared,distance
word2vec,1.0,a_only,anders
word2vec,0.9747292399406433,shared,wedding
word2vec,0.03815985843539238,neither,majestic
word2vec,0.9999999403953552,a_only,aristotelian
word2vec,1.0,neither,gerard
word2vec,1.0,neither,noodles
word2vec,1.0000001192092896,neither,buddha
word2vec,0.9983630180358887,shared,estimate
word2vec,0.9419867396354675,shared,hardly
word2vec,1.0,neither,selections
word2vec,0.9997799396514893,shared,secretary
word2vec,0.000759502116125077,b_only,breakfast
word2vec,0.9999999403953552,a_only,processes
word2vec,-0.07058119773864746,neither,bows
word2vec,0.9364357590675354,shared,butter
word2vec,0.07847953587770462,b_only,gratified
word2vec,0.984770655632019,shared,introduce
word2vec,0.9943290948867798,shared,warming
word2vec,0.8826725482940674,shared,worth
word2vec,1.0,a_only,asphalt
word2vec,0.9998435378074646,shared,january
word2vec,0.9932281374931335,shared,masters
word2vec,0.9999999403953552,neither,contention
word2vec,0.05956002697348595,b_only,anew
word2vec,1.0000001192092896,neither,mats
word2vec,1.0,a_only,isaac
word2vec,0.9999998807907104,a_only,goal
word2vec,1.0,a_only,nominee
word2vec,1.0,neither,dna
word2vec,1.0,neither,successively
word2vec,1.0,neither,sugars
word2vec,-0.0654878169298172,b_only,knitted
word2vec,0.07227113097906113,neither,unavailing
word2vec,0.02453877590596676,b_only,canoe
word2vec,1.0,neither,argos
word2vec,0.10385996103286743,neither,xxviii
word2vec,0.0353800430893898,b_only,warmly
word2vec,0.045628082007169724,b_only,pleasures
word2vec,1.0,a_only,subfamily
word2vec,0.9311599135398865,shared,rate
word2vec,0.8376337885856628,shared,into
word2vec,1.0000001192092896,a_only,bronze
word2vec,1.0,a_only,locations
word2vec,1.0,a_only,wayne
word2vec,0.15531012415885925,neither,murky
word2vec,0.9898320436477661,shared,positively
word2vec,0.9843747615814209,shared,conduct
word2vec,1.0000001192092896,neither,mapping
word2vec,0.9904177188873291,shared,vegetable
word2vec,1.0,a_only,utility
word2vec,1.0,a_only,arslan
word2vec,1.0,neither,timing
word2vec,0.04916456714272499,neither,flamingo
word2vec,-0.11473410576581955,b_only,particulars
word2vec,1.0,neither,carrot
word2vec,1.0,neither,iec
word2vec,1.0000001192092896,neither,mph
word2vec,1.0000001192092896,neither,jewellery
word2vec,0.0364440493285656,b_only,guessed
word2vec,-0.05466379225254059,b_only,caterpillar
word2vec,1.0,neither,laurence
word2vec,0.9999999403953552,neither,grimm
word2vec,0.9868970513343811,shared,tempered
word2vec,0.10731066763401031,neither,prosper
word2vec,0.997681200504303,shared,per
word2vec,0.9828963279724121,shared,spell
word2vec,1.0,a_only,infection
word2vec,0.9999999403953552,neither,chef
word2vec,0.9813441634178162,shared,quest
word2vec,0.9999999403953552,a_only,aircraft
word2vec,0.9980201721191406,shared,cope
word2vec,1.0,a_only,sq
word2vec,0.9770922064781189,shared,seventeen
word2vec,0.9999999403953552,a_only,consonants
word2vec,-0.09599342942237854,neither,dummy
word2vec,0.9999999403953552,neither,nonstandard
word2vec,1.0,neither,pbr
word2vec,0.8605227470397949,shared,make
word2vec,1.0,a_only,aruba
word2vec,0.07637304812669754,neither,tortures
word2vec,0.9999999403953552,a_only,mystical
word2vec,0.9821169376373291,shared,according
word2vec,1.0,neither,bureaucracy
word2vec,1.0,neither,recipes
word2vec,0.9862346649169922,neither,loads
word2vec,1.0000001192092896,neither,sickle
word2vec,1.0000001192092896,a_only,flights
word2vec,1.0000001192092896,neither,engelm
word2vec,0.9999999403953552,neither,herds
word2vec,0.99178546667099,shared,tries
word2vec,1.0000001192092896,neither,honolulu
word2vec,-0.005945170298218727,b_only,verses
word2vec,1.0000001192092896,a_only,sporting
word2vec,0.983194887638092,shared,taught
word2vec,1.0000001192092896,neither,aristophanes
word2vec,1.0,neither,minimal
word2vec,1.0,neither,heirs
word2vec,0.9629608392715454,shared,ice
word2vec,0.14083349704742432,b_only,glimpse
word2vec,-0.05604758486151695,b_only,mock
word2vec,0.9357582330703735,shared,spring
word2vec,1.0000001192092896,a_only,canada
word2vec,0.9702836275100708,shared,sentence
word2vec,0.9999999403953552,neither,viral
word2vec,0.04227355122566223,b_only,envelope
word2vec,0.06414642930030823,neither,wakened
word2vec,0.9960439205169678,shared,established
word2vec,-0.06537588685750961,neither,hire
word2vec,1.0000001192092896,neither,assumptions
word2vec,0.9999999403953552,a_only,dsm
word2vec,0.05996154621243477,neither,shepherdson
word2vec,0.10399594157934189,neither,borgo
word2vec,0.994755744934082,shared,millions
word2vec,1.0,neither,translator
word2vec,1.0,neither,safin
word2vec,1.0,a_only,academy
word2vec,0.9561759829521179,shared,sick
word2vec,0.8238213658332825,shared,drew
word2vec,0.9999998807907104,neither,antecedent
word2vec,1.0,neither,mater
word2vec,0.9975659847259521,shared,partially
word2vec,0.9999998807907104,a_only,benefits
word2vec,0.9972726106643677,shared,responsibility
word2vec,0.8684227466583252,shared,stay
word2vec,1.0,a_only,thereafter
word2vec,1.0,a_only,epistles
word2vec,0.9967678189277649,shared,retreated
word2vec,1.0,neither,irony
word2vec,-0.028041083365678787,neither,tray
word2vec,-0.008022843860089779,b_only,ours
word2vec,1.0000001192092896,neither,peleus
word2vec,1.0,a_only,anniversary
word2vec,0.9879083037376404,shared,south
word2vec,0.9999999403953552,a_only,ruling
word2vec,-0.029915422201156616,b_only,patience
word2vec,0.9975012540817261,shared,washington
word2vec,0.12506529688835144,neither,lairs
word2vec,0.12708526849746704,neither,singly
word2vec,0.009824934415519238,b_only,hansom
word2vec,0.9999999403953552,neither,racist
word2vec,-0.06209443509578705,neither,rarity
word2vec,0.9625383019447327,shared,ignorant
word2vec,1.0000001192092896,neither,nutrient
word2vec,0.9999998807907104,neither,rearrangement
word2vec,0.9999999403953552,a_only,audio
word2vec,0.15295253694057465,b_only,funny
word2vec,0.15965811908245087,b_only,coronet
word2vec,1.0,neither,fatty
word2vec,0.0349925197660923,b_only,sealed
word2vec,-0.11307768523693085,b_only,dreamed
word2vec,1.0,a_only,specimens
word2vec,0.9376237988471985,shared,stone
word2vec,0.9987204670906067,shared,victoria
word2vec,1.0,neither,currie
word2vec,0.9855154156684875,shared,claim
word2vec,0.03274039179086685,neither,snatch
word2vec,1.0,neither,alanine
word2vec,0.9983062744140625,shared,fewer
word2vec,0.9999999403953552,neither,intentional
word2vec,-0.04819493368268013,b_only,tut
word2vec,0.9999999403953552,a_only,cleveland
word2vec,0.9958367943763733,shared,feature
word2vec,1.0,a_only,amoeba
word2vec,0.9897897243499756,neither,cornelius
word2vec,0.9926960468292236,shared,flown
word2vec,1.0,a_only,fauna
word2vec,1.0,neither,succinite
word2vec,-0.02227764204144478,b_only,flapping
word2vec,0.9921759963035583,shared,h
word2vec,0.9999998807907104,neither,comprised
word2vec,-0.03813021257519722,b_only,wigwam
word2vec,1.0,a_only,format
word2vec,0.8848685622215271,shared,moments
word2vec,0.9858183860778809,shared,capital
word2vec,0.9999998807907104,neither,expertise
word2vec,1.0,neither,constitutions
word2vec,1.0,neither,labrador
word2vec,0.8796131610870361,shared,usual
word2vec,0.9952521920204163,shared,referring
word2vec,0.17463046312332153,b_only,clouded
word2vec,1.0,neither,hamitic
word2vec,0.998047947883606,shared,trained
word2vec,0.8824337124824524,shared,leave
word2vec,0.9941818118095398,shared,dense
word2vec,1.0,a_only,baron
word2vec,0.9999999403953552,a_only,ragnar
word2vec,1.0,a_only,wyatt
word2vec,0.9999998807907104,neither,alum
word2vec,0.06716751307249069,b_only,muttered
word2vec,0.9379119277000427,shared,makes
word2vec,1.0,a_only,rijndael
word2vec,0.14583703875541687,b_only,sensible
word2vec,0.99046391248703,shared,mounted
word2vec,0.4033207595348358,neither,cheetah
word2vec,1.0000001192092896,neither,bauer
word2vec,1.0000001192092896,neither,existentialism
word2vec,1.0000001192092896,a_only,mathematician
word2vec,0.2875405251979828,b_only,telegram
word2vec,0.9999999403953552,neither,yorktown
word2vec,-0.15799957513809204,neither,applause
word2vec,1.0,neither,prose
word2vec,1.0000001192092896,neither,decomposition
word2vec,0.9999999403953552,neither,wedge
word2vec,1.0,neither,celebrate
word2vec,0.9897159934043884,shared,dislike
word2vec,1.0,neither,broglie
word2vec,0.10721151530742645,neither,lordy
word2vec,1.0000001192092896,a_only,murders
word2vec,0.9868894815444946,shared,skeleton
word2vec,1.0000001192092896,a_only,summary
word2vec,0.05597326532006264,neither,hookah
word2vec,0.13364945352077484,neither,stabbed
word2vec,0.8916882872581482,shared,matter
word2vec,1.0,neither,inquisition
word2vec,1.0,a_only,abu
word2vec,0.9944093227386475,shared,imperfect
word2vec,0.12864601612091064,b_only,peering
word2vec,0.1713067889213562,neither,abstracted
word2vec,1.0000001192092896,a_only,alphabets
word2vec,1.0000001192092896,neither,ligeantia
word2vec,1.0,neither,rape
word2vec,1.0,a_only,nomination
word2vec,0.9614514708518982,shared,later
word2vec,-0.04975948482751846,neither,crag
word2vec,-0.050381921231746674,neither,bluff
word2vec,-0.05858347564935684,neither,objectionable
word2vec,1.0,neither,artificially
word2vec,0.9954196214675903,shared,offering
word2vec,1.0,a_only,henri
word2vec,0.04627477377653122,b_only,hurriedly
word2vec,1.0,neither,rutherford
word2vec,0.1266447901725769,b_only,ashore
word2vec,1.0,neither,pea
word2vec,0.05149855837225914,neither,hardest
word2vec,0.9737767577171326,shared,dirty
word2vec,1.0,neither,violins
word2vec,1.0,neither,belts
word2vec,0.14986006915569305,neither,agonised
word2vec,0.22011689841747284,b_only,horribly
word2vec,1.0,a_only,spectrum
word2vec,1.0,neither,amalaric
word2vec,1.0000001192092896,neither,orchid
word2vec,0.9891237020492554,shared,intention
word2vec,1.0,a_only,lovelace
word2vec,0.995000422000885,shared,preaching
word2vec,1.0000001192092896,neither,pilgrimage
word2vec,0.9375975131988525,shared,shake
word2vec,-0.030695315450429916,neither,gypsies
word2vec,1.0,a_only,socialism
word2vec,1.0,neither,ufos
word2vec,0.9977911114692688,shared,dealing
word2vec,1.0,neither,schmidt
word2vec,0.9999998807907104,a_only,benz
word2vec,1.0,neither,pedro
word2vec,0.9753568172454834,shared,neat
word2vec,0.9885419607162476,shared,leagues
word2vec,0.9687686562538147,shared,order
word2vec,0.05041878670454025,neither,crick
word2vec,0.9636480212211609,shared,dawn
word2vec,1.0000001192092896,a_only,akkad
word2vec,0.9999998807907104,neither,cecil
word2vec,0.09401695430278778,neither,meanly
word2vec,1.0,a_only,northeast
word2vec,0.99433833360672,shared,affirmative
word2vec,1.0,neither,diazonium
word2vec,0.15790821611881256,neither,wont
word2vec,-0.013629162684082985,b_only,carton
word2vec,0.9999998807907104,a_only,offense
word2vec,0.9999998807907104,a_only,helicopters
word2vec,1.0,a_only,prominently
word2vec,0.8579086661338806,shared,happy
word2vec,0.9999998807907104,neither,topographic
word2vec,1.0,neither,collectivist
word2vec,0.07866884768009186,neither,soda
word2vec,1.0,neither,bowler
word2vec,0.9999998807907104,neither,belgrade
word2vec,0.1372571438550949,neither,cupids
word2vec,1.0,a_only,atari
word2vec,1.0,neither,melodies
word2vec,0.9999999403953552,neither,fagatogo
word2vec,1.0,neither,pneumocystis
word2vec,0.038599446415901184,neither,sympathies
word2vec,0.9999998807907104,a_only,ambiguity
word2vec,1.0,neither,ratification
word2vec,1.0,a_only,isotopes
word2vec,0.06288138777017593,b_only,mina
word2vec,-0.012776460498571396,b_only,expecting
word2vec,1.0000001192092896,neither,goebbels
word2vec,1.0,neither,bose
word2vec,0.9804952144622803,shared,custom
word2vec,1.0,neither,disciples
word2vec,1.0,a_only,propagation
word2vec,0.9963570237159729,shared,seeds
word2vec,0.9977690577507019,shared,actress
word2vec,1.0000001192092896,a_only,musician
word2vec,0.9621163010597229,shared,ourselves
word2vec,0.9985274076461792,shared,observations
word2vec,1.0,neither,manuscripts
word2vec,0.9859222769737244,shared,peaceful
word2vec,1.0,neither,prevalence
word2vec,0.95032799243927,shared,stirring
word2vec,0.09887970238924026,neither,cleaning
word2vec,0.0645952895283699,neither,repressed
word2vec,0.9959417581558228,shared,numerous
word2vec,0.9987322688102722,shared,designs
word2vec,0.10916359722614288,b_only,couldn
word2vec,0.7188767194747925,shared,got
word2vec,0.9999999403953552,a_only,limestone
word2vec,0.9999999403953552,neither,baggini
word2vec,0.14771248400211334,neither,sloping
word2vec,1.0,neither,erichthonius
word2vec,0.9946808815002441,shared,universal
word2vec,0.9999999403953552,neither,denver
word2vec,0.07281459122896194,neither,hushed
word2vec,1.0,neither,satisfies
word2vec,1.0,neither,momentous
word2vec,1.0000001192092896,neither,ravenna
word2vec,1.0,neither,maccabees
word2vec,1.0,neither,assigns
word2vec,0.9927248954772949,shared,flag
word2vec,0.9905657768249512,shared,healthy
word2vec,1.0,neither,beekeeping
word2vec,0.9999999403953552,a_only,passive
word2vec,0.17092318832874298,b_only,knelt
word2vec,1.0000001192092896,neither,consistency
word2vec,1.0,neither,cincinnati
word2vec,0.8287512063980103,shared,took
word2vec,-0.13491696119308472,neither,hampstead
word2vec,1.0,neither,greco
word2vec,0.037047456949949265,neither,modesty
word2vec,1.0000001192092896,neither,southwards
word2vec,0.9969539642333984,shared,articles
word2vec,0.12695764005184174,neither,peg
word2vec,0.9999998807907104,a_only,accusations
word2vec,0.9983131289482117,shared,comment
word2vec,1.0,a_only,status
word2vec,1.0000001192092896,a_only,achievement
word2vec,1.0000001192092896,a_only,sudan
word2vec,0.9987933039665222,shared,college
word2vec,0.989970862865448,shared,agatha
word2vec,0.9981790781021118,shared,strongest
word2vec,0.9991475343704224,shared,edward
word2vec,1.0000001192092896,a_only,unemployment
word2vec,0.9999998807907104,neither,finder
word2vec,0.17871779203414917,b_only,rubbed
word2vec,0.07931946218013763,neither,pathos
word2vec,0.98854660987854,shared,drag
word2vec,0.9999999403953552,neither,originate
word2vec,0.9922676682472229,shared,christmas
word2vec,0.16075824201107025,neither,benches
word2vec,0.11831748485565186,neither,freight
word2vec,1.0,a_only,opponents
word2vec,1.0000001192092896,neither,affirmed
word2vec,1.0,neither,timescale
word2vec,0.06585104763507843,b_only,admirable
word2vec,1.0,neither,meteor
word2vec,0.956745445728302,shared,cap
word2vec,0.9944480061531067,shared,beach
word2vec,0.9923276901245117,shared,diamonds
word2vec,0.013568785041570663,b_only,welshman
word2vec,-0.10097242891788483,neither,lapping
word2vec,1.0,a_only,adolf
word2vec,0.9816031455993652,shared,selfish
word2vec,0.9863598346710205,shared,mild
word2vec,1.0000001192092896,neither,melanesian
word2vec,1.0,neither,attained
word2vec,0.1770198941230774,neither,overwhelm
word2vec,1.0,neither,overlooking
word2vec,1.0000001192092896,neither,appoints
word2vec,0.9704916477203369,shared,height
word2vec,0.9973698258399963,shared,strip
word2vec,1.0,neither,apostasy
word2vec,1.0,neither,mobility
word2vec,-0.10955046862363815,neither,compass
word2vec,0.9999999403953552,a_only,jimmy
word2vec,1.0,neither,societal
word2vec,0.99239581823349,shared,choosing
word2vec,1.0,neither,programmed
word2vec,-0.041093312203884125,b_only,astonishment
word2vec,1.0,neither,delete
word2vec,0.13441988825798035,b_only,shutting
word2vec,0.9999998807907104,a_only,irrigation
word2vec,1.0,neither,modulus
word2vec,0.9079477787017822,shared,close
word2vec,0.15071511268615723,b_only,abhorred
word2vec,1.0,neither,devoid
word2vec,0.12426182627677917,b_only,lucie
word2vec,1.0,neither,coke
word2vec,0.9999999403953552,a_only,taxes
word2vec,1.0,neither,characterization
word2vec,0.9999999403953552,neither,antoni
word2vec,1.0000001192092896,a_only,croatian
word2vec,0.8475965857505798,shared,seen
word2vec,0.9966976046562195,shared,disease
word2vec,0.9969276785850525,shared,adopted
word2vec,0.9999999403953552,a_only,il
word2vec,0.9999999403953552,neither,archipelagoes
word2vec,0.18277283012866974,neither,heaving
word2vec,0.9999998807907104,a_only,arminian
word2vec,0.9931347966194153,shared,weaker
word2vec,1.0000001192092896,neither,chordata
word2vec,0.3194062411785126,neither,salesman
word2vec,0.9999999403953552,neither,isotherms
word2vec,0.9065319299697876,shared,horror
word2vec,0.005336916074156761,neither,landlady
word2vec,0.08736853301525116,neither,trailing
word2vec,1.0000001192092896,a_only,mathbf
word2vec,1.0000001192092896,a_only,imports
word2vec,0.9751798510551453,shared,decided
word2vec,1.0,a_only,stanley
word2vec,1.0,neither,explosions
word2vec,0.9999999403953552,neither,gallup
word2vec,0.9703989624977112,shared,counted
word2vec,1.0,a_only,korean
word2vec,0.07506675273180008,neither,sixpence
word2vec,-0.05231478810310364,b_only,breathed
word2vec,0.9903338551521301,shared,foam
word2vec,0.8586083650588989,shared,hand
word2vec,1.0,neither,appendix
word2vec,0.12791861593723297,neither,recess
word2vec,1.0000001192092896,neither,flags
word2vec,0.9354879260063171,shared,daughter
word2vec,0.9947014451026917,shared,limit
word2vec,0.9999999403953552,a_only,theoretical
word2vec,0.9999999403953552,neither,naples
word2vec,0.9803820252418518,shared,slaughter
word2vec,1.0,neither,haber
word2vec,1.0000001192092896,a_only,governing
word2vec,1.0,a_only,missions
word2vec,0.20379845798015594,neither,parson
word2vec,0.8805387616157532,shared,same
word2vec,0.9952065944671631,shared,pearl
word2vec,1.0,neither,jamaica
word2vec,0.04234384372830391,b_only,moods
word2vec,0.9742724299430847,shared,rod
word2vec,1.0000001192092896,neither,boasts
word2vec,1.0,neither,deciduous
word2vec,-0.020511191338300705,neither,comer
word2vec,1.0000001192092896,a_only,ptolemy
word2vec,0.9999999403953552,neither,instructing
word2vec,0.11476988345384598,b_only,dagger
word2vec,0.060343220829963684,neither,speckled
word2vec,-0.09552708268165588,neither,accomplishments
word2vec,1.0,neither,transverse
word2vec,0.9999998807907104,neither,intolerance
word2vec,1.0000001192092896,a_only,located
word2vec,0.9975439310073853,shared,illusion
word2vec,0.9865127205848694,shared,position
word2vec,0.9973973631858826,shared,spiritual
word2vec,0.9999998807907104,neither,spurred
word2vec,0.9999999403953552,a_only,emigration
word2vec,1.0,neither,toys
word2vec,0.9032588005065918,shared,ah
word2vec,1.0,a_only,input
word2vec,0.21442236006259918,neither,complaisance
word2vec,0.9999999403953552,a_only,touring
word2vec,1.0,a_only,roman
word2vec,1.0,neither,zimbabwe
word2vec,1.0,a_only,potentially
word2vec,1.0,a_only,brazilian
word2vec,0.20069099962711334,neither,emblem
word2vec,0.037996720522642136,neither,unwillingly
word2vec,0.9916157722473145,shared,gaining
word2vec,0.9909606575965881,shared,switzerland
word2vec,0.23937483131885529,neither,rust
word2vec,0.9965518712997437,shared,smith
word2vec,0.9999998807907104,neither,ashkenazi
word2vec,0.9999998807907104,a_only,portable
word2vec,0.9905152320861816,shared,intense
word2vec,0.9737685322761536,shared,interesting
word2vec,0.007076482754200697,neither,unfit
word2vec,1.0,neither,internally
word2vec,1.0,neither,invalid
word2vec,1.0000001192092896,neither,vfl
word2vec,0.9905149936676025,shared,complexion
word2vec,1.0000001192092896,a_only,metres
word2vec,0.9999999403953552,a_only,cf
word2vec,1.0,a_only,frames
word2vec,0.9901320338249207,shared,satan
word2vec,0.9942231774330139,shared,holder
word2vec,0.9752391576766968,shared,helmet
word2vec,0.9999999403953552,neither,propositions
word2vec,1.0,neither,commercials
word2vec,0.06151685118675232,neither,panes
word2vec,1.0,a_only,religions
word2vec,1.0000001192092896,neither,bisexual
word2vec,-0.03142309933900833,b_only,varna
word2vec,1.0,neither,sony
word2vec,0.9999999403953552,a_only,review
word2vec,0.9571027159690857,shared,spirits
word2vec,0.22209617495536804,neither,unwelcome
word2vec,0.0006028379430063069,b_only,commence
word2vec,0.9281752109527588,shared,elbow
word2vec,0.9842100143432617,shared,painter
word2vec,0.9840087890625,shared,importance
word2vec,1.0,neither,observance
word2vec,1.0,neither,mcc
word2vec,0.9706113338470459,shared,third
word2vec,1.0,neither,huston
word2vec,0.9642358422279358,shared,covered
word2vec,-0.08128160238265991,b_only,hugged
word2vec,0.998346209526062,shared,imperial
word2vec,0.05555680766701698,neither,confidential
word2vec,0.23456712067127228,neither,confine
word2vec,1.0,neither,inputs
word2vec,0.9068708419799805,shared,ought
word2vec,0.9660736322402954,shared,mushroom
word2vec,0.0004460006603039801,b_only,asleep
word2vec,0.9541395306587219,shared,alive
word2vec,1.0,neither,declining
word2vec,1.0,neither,outposts
word2vec,0.025088699534535408,b_only,yonder
word2vec,0.20802320539951324,neither,arkansaw
word2vec,0.8726403117179871,shared,sitting
word2vec,1.0,neither,railways
word2vec,0.11884625256061554,neither,pacing
word2vec,-0.08075817674398422,b_only,rag
word2vec,1.0,a_only,armenians
word2vec,0.934306263923645,shared,touch
word2vec,0.12692739069461823,neither,spells
word2vec,1.0,neither,religiously
word2vec,1.0000001192092896,neither,enforce
word2vec,0.9913758039474487,shared,becomes
word2vec,1.0,neither,cookies
word2vec,1.0000001192092896,neither,catalogue
word2vec,1.0,neither,discarded
word2vec,0.9970721006393433,shared,adam
word2vec,-0.019853901118040085,b_only,tails
word2vec,1.0,neither,culinary
word2vec,1.0,a_only,products
word2vec,0.9985767602920532,shared,cells
word2vec,1.0,a_only,baseball
word2vec,0.908771812915802,shared,works
word2vec,1.0,a_only,abstract
word2vec,0.9971348643302917,neither,rumoured
word2vec,0.9999998807907104,neither,selectively
word2vec,1.0,neither,devised
word2vec,0.9831655025482178,shared,gathering
word2vec,0.9999998807907104,neither,rhyme
word2vec,0.0898645892739296,neither,13
word2vec,0.9566361904144287,shared,useful
word2vec,0.981775164604187,shared,labours
word2vec,0.9926504492759705,shared,weird
word2vec,0.9786878824234009,shared,reflection
word2vec,1.0,a_only,morpork
word2vec,1.0,neither,gough
word2vec,1.0000001192092896,a_only,usa
word2vec,0.9999999403953552,a_only,scientist
word2vec,0.9806370735168457,shared,tight
word2vec,0.9850203990936279,shared,reserve
word2vec,0.9999999403953552,neither,conjugate
word2vec,0.9999999403953552,neither,simulate
word2vec,1.0,neither,anglophone
word2vec,0.0494222529232502,neither,besought
word2vec,0.8902044296264648,shared,family
word2vec,0.9999999403953552,neither,bckgr
word2vec,0.9880020022392273,shared,humanity
word2vec,1.0,neither,brooke
word2vec,0.991921067237854,shared,fame
word2vec,-0.15530931949615479,b_only,mournful
word2vec,1.0,a_only,syntax
word2vec,1.0000001192092896,neither,lieberman
word2vec,0.05708375945687294,neither,muddy
word2vec,1.0,neither,fungi
word2vec,0.01592654548585415,neither,mattress
word2vec,1.0,neither,alban
word2vec,-0.08302510529756546,neither,vendor
word2vec,0.8738358616828918,shared,ve
word2vec,1.0,a_only,alcuin
word2vec,0.09490731358528137,neither,bilgewater
word2vec,0.2276468724012375,neither,baths
word2vec,1.0,a_only,complications
word2vec,0.9950902462005615,shared,relates
word2vec,1.0,neither,relativism
word2vec,1.0,a_only,annales
word2vec,1.0,neither,sierra
word2vec,1.0,neither,ikiru
word2vec,0.12015487998723984,neither,pounding
word2vec,1.0,a_only,apostles
word2vec,0.05883451923727989,b_only,stair
word2vec,0.8858669996261597,shared,log
word2vec,-0.009233439341187477,b_only,pity
word2vec,0.9999999403953552,neither,naturalist
word2vec,0.9657330513000488,shared,rotten
word2vec,0.14490815997123718,b_only,wid
word2vec,0.9513582587242126,shared,confidence
word2vec,0.9999999403953552,neither,mummies
word2vec,0.9878270030021667,shared,hereafter
word2vec,1.0,neither,telemetry
word2vec,0.9726203083992004,shared,degree
word2vec,1.0,a_only,participated
word2vec,1.0,a_only,squealer
word2vec,0.9999999403953552,a_only,terminated
word2vec,0.13926424086093903,b_only,stooping
word2vec,0.9753115773200989,shared,wishes
word2vec,1.0000001192092896,a_only,weekly
word2vec,1.0,neither,responses
word2vec,0.9999999403953552,neither,academics
word2vec,0.18034660816192627,b_only,seated
word2vec,-0.027346720919013023,neither,rapidity
word2vec,0.9923228621482849,shared,extent
word2vec,1.0,neither,giants
word2vec,1.0000001192092896,a_only,collaboration
word2vec,0.0417630635201931,neither,decorum
word2vec,1.0,neither,gandhi
word2vec,0.9334709048271179,shared,likely
word2vec,1.0,a_only,angolan
word2vec,0.9000694751739502,shared,sleep
word2vec,-0.007309198845177889,neither,piling
word2vec,1.0,a_only,entropy
word2vec,1.0,neither,qualify
word2vec,1.0000001192092896,a_only,hydrocarbons
word2vec,1.0,neither,specialised
word2vec,0.011932436376810074,neither,friendless
word2vec,1.0000001192092896,neither,refuted
word2vec,0.9704044461250305,shared,buried
word2vec,0.9859084486961365,shared,chased
word2vec,0.9999998807907104,neither,ballots
word2vec,0.03616998717188835,b_only,sich
word2vec,0.9999999403953552,a_only,preventing
word2vec,0.9925792217254639,shared,traded
word2vec,0.9284238815307617,shared,deal
word2vec,0.9733782410621643,shared,arrived
word2vec,0.9339750409126282,shared,entirely
word2vec,0.9980217814445496,shared,substitute
word2vec,0.079722099006176,b_only,frightful
word2vec,0.13624747097492218,b_only,careless
word2vec,0.9999998807907104,neither,assassinate
word2vec,0.030452996492385864,b_only,theirs
word2vec,0.961178183555603,shared,pair
word2vec,1.0,neither,exclude
word2vec,0.11083223670721054,b_only,chin
word2vec,0.963272213935852,shared,circumstances
word2vec,0.9874906539916992,shared,corridor
word2vec,1.0,neither,transmutations
word2vec,1.0,a_only,voting
word2vec,0.9829638004302979,shared,undertake
word2vec,1.0,neither,performs
word2vec,1.0000001192092896,a_only,receiver
word2vec,1.0,neither,sinks
word2vec,0.9577233791351318,shared,tore
word2vec,0.049471817910671234,neither,repentance
word2vec,0.982102632522583,shared,guide
word2vec,1.0,a_only,yields
word2vec,1.0000001192092896,neither,stimulate
word2vec,0.18204161524772644,b_only,dainty
word2vec,1.0,neither,graduating
word2vec,1.0,a_only,environmental
word2vec,0.12854526937007904,neither,tarnished
word2vec,0.9813739657402039,shared,vii
word2vec,0.10687650740146637,neither,dowling
word2vec,1.0,neither,vows
word2vec,1.0000001192092896,neither,diomedes
word2vec,0.05247507616877556,neither,yuther
word2vec,0.950334906578064,shared,second
word2vec,0.9859235286712646,shared,seas
word2vec,1.0,neither,finances
word2vec,0.9999999403953552,neither,transposition
word2vec,1.0000001192092896,neither,billboard
word2vec,0.9888509511947632,shared,privilege
word2vec,0.9999998807907104,a_only,korea
word2vec,1.0000001192092896,a_only,width
word2vec,-0.14044611155986786,neither,unimportant
word2vec,-0.10712608695030212,neither,condescension
word2vec,0.13551127910614014,neither,mania
word2vec,0.02055278979241848,neither,stroll
word2vec,1.0,neither,stradella
word2vec,1.0,neither,rhetorical
word2vec,1.0,neither,concluding
word2vec,-0.02426801063120365,neither,mirth
word2vec,0.03685249015688896,neither,castles
word2vec,0.9955981373786926,shared,paths
word2vec,0.9940553307533264,shared,baker
word2vec,0.1490100920200348,neither,instincts
word2vec,1.0,neither,burma
word2vec,-0.022171515971422195,neither,whirl
word2vec,-0.0015928521752357483,b_only,auntie
word2vec,1.0000001192092896,a_only,codes
word2vec,0.1483624279499054,b_only,rushes
word2vec,0.07502299547195435,neither,alleys
word2vec,0.9999999403953552,neither,pressures
word2vec,1.0,neither,popes
word2vec,1.0000001192092896,neither,censor
word2vec,1.0000001192092896,a_only,monastery
word2vec,0.9928655028343201,shared,newly
word2vec,1.0,neither,lenoir
word2vec,1.0,neither,seafood
word2vec,1.0,neither,aren
word2vec,-0.005535946227610111,neither,gardener
word2vec,0.9442509412765503,shared,standing
word2vec,1.0,neither,entails
word2vec,1.0000001192092896,a_only,contribution
word2vec,1.0,neither,rttemberg
word2vec,-0.03680518642067909,neither,grumbling
word2vec,0.9864076375961304,shared,certainty
word2vec,1.0,neither,filing
word2vec,0.036949191242456436,neither,withheld
word2vec,0.12769031524658203,neither,sashes
word2vec,0.9978737235069275,shared,disorder
word2vec,-0.050959642976522446,b_only,heartily
word2vec,1.0,neither,cooled
word2vec,0.9999998807907104,neither,toxicity
word2vec,0.9765769839286804,shared,freedom
word2vec,1.0,a_only,plasma
word2vec,1.0,a_only,critics
word2vec,0.9875011444091797,shared,conceal
word2vec,1.0,neither,representations
word2vec,1.0,a_only,aboriginal
word2vec,0.9999999403953552,neither,tajikistan
word2vec,1.0000001192092896,neither,taurus
word2vec,1.0000001192092896,neither,aconcagua
word2vec,1.0,neither,viable
word2vec,0.9842341542243958,shared,arrow
word2vec,-0.16726459562778473,neither,powdered
word2vec,0.890818178653717,shared,board
word2vec,0.6560503840446472,shared,little
word2vec,0.08593787252902985,neither,strode
word2vec,0.9999999403953552,a_only,increasingly
word2vec,0.9391776323318481,shared,minutes
word2vec,1.0,neither,dairy
word2vec,0.20320762693881989,neither,clump
word2vec,1.0,a_only,areas
word2vec,1.0,a_only,germanic
word2vec,1.0,neither,piper
word2vec,1.0,neither,morrison
word2vec,1.0,neither,leipzig
word2vec,1.0,a_only,quantitative
word2vec,0.012511301785707474,neither,clumsy
word2vec,1.0000001192092896,neither,lionel
word2vec,0.9830458760261536,shared,mode
word2vec,1.0,neither,undesirable
word2vec,0.9999999403953552,neither,pascal
word2vec,1.0,a_only,vol
word2vec,0.9529445767402649,shared,seeing
word2vec,0.9909268617630005,shared,boot
word2vec,0.9999999403953552,a_only,antiprotons
word2vec,0.023499608039855957,neither,toilet
word2vec,1.0,a_only,drawings
word2vec,1.0,neither,kicks
word2vec,0.9982045292854309,shared,disappearance
word2vec,1.0,neither,kickoffs
word2vec,0.9549108147621155,shared,tools
word2vec,0.9190359115600586,shared,behind
word2vec,1.0000001192092896,a_only,asteraceae
word2vec,0.9999998807907104,a_only,diving
word2vec,0.9900094866752625,shared,renewed
word2vec,0.9930586814880371,shared,separate
word2vec,1.0,a_only,cambodia
word2vec,0.9605216979980469,shared,addressed
word2vec,1.0,neither,parasites
word2vec,0.997547447681427,shared,mistakes
word2vec,0.9999998807907104,neither,annals
word2vec,1.0,neither,directive
word2vec,0.17098499834537506,neither,reminds
word2vec,1.0000001192092896,neither,trips
word2vec,0.9871525764465332,shared,september
word2vec,1.0,a_only,global
word2vec,1.0000001192092896,a_only,saxony
word2vec,0.9910473227500916,shared,reader
word2vec,0.9999998807907104,neither,bloc
word2vec,0.016512658447027206,neither,untidy
word2vec,-0.04759107902646065,b_only,hesitated
word2vec,1.0,a_only,ironically
word2vec,0.6640632152557373,neither,aloysius
word2vec,1.0,a_only,apache
word2vec,0.9921677708625793,shared,telegraph
word2vec,-0.02692326530814171,b_only,goin
word2vec,1.0,neither,vintage
word2vec,0.91729336977005,shared,new
word2vec,0.9999998807907104,neither,fledging
word2vec,0.994535505771637,shared,maker
word2vec,0.2011592984199524,neither,sympathize
word2vec,0.9999999403953552,neither,reproductive
word2vec,0.9996428489685059,shared,bohemia
word2vec,1.0,a_only,saudi
word2vec,-0.007205033674836159,b_only,tread
word2vec,-0.010767101310193539,b_only,watchful
word2vec,0.9999998807907104,neither,adapt
word2vec,1.0,a_only,rating
word2vec,1.0,neither,bait
word2vec,0.01689033769071102,b_only,settling
word2vec,0.9999998807907104,neither,astrophotography
word2vec,1.0,neither,vulgate
word2vec,0.9073430895805359,shared,rolled
word2vec,0.8949459195137024,shared,de
word2vec,1.0,neither,mongolia
word2vec,1.0000001192092896,neither,porsche
word2vec,1.0000001192092896,neither,battled
word2vec,1.0,neither,evelyn
word2vec,0.994793176651001,shared,receiving
word2vec,0.9981966614723206,shared,buildings
word2vec,0.9999999403953552,neither,propulsion
word2vec,1.0,neither,cognate
word2vec,1.0000001192092896,a_only,budget
word2vec,0.13224896788597107,neither,gaolers
word2vec,0.9900011420249939,shared,inches
word2vec,0.14975136518478394,neither,roadside
word2vec,0.9999998807907104,neither,prescribed
word2vec,0.9864161014556885,shared,pushing
word2vec,0.15131379663944244,b_only,fence
word2vec,0.10165616869926453,b_only,barsad
word2vec,1.0000001192092896,neither,viking
word2vec,0.9834936261177063,shared,owl
word2vec,0.9999998807907104,neither,maj
word2vec,0.9950747489929199,shared,strikes
word2vec,0.9999999403953552,neither,astrophysics
word2vec,0.12781693041324615,neither,concealment
word2vec,0.9938211441040039,shared,wounds
word2vec,1.0,neither,methodist
word2vec,1.0,neither,emergence
word2vec,0.99092036485672,shared,advantages
word2vec,0.9924001097679138,shared,species
word2vec,0.9876691102981567,shared,suspense
word2vec,0.2700510621070862,neither,nibbling
word2vec,1.0,a_only,huns
word2vec,1.0,a_only,eurovision
word2vec,0.38666507601737976,neither,brixton
word2vec,0.9536117315292358,shared,adventure
word2vec,0.15382970869541168,neither,attic
word2vec,0.9423893094062805,shared,story
word2vec,1.0000001192092896,neither,denis
word2vec,1.0,neither,honored
word2vec,1.0000001192092896,neither,mounting
word2vec,-0.02107076346874237,b_only,anyhow
word2vec,-0.059838443994522095,b_only,pall
word2vec,0.9999999403953552,neither,prostrate
word2vec,0.0725158229470253,b_only,kitty
word2vec,1.0000001192092896,neither,reversal
word2vec,0.9719263911247253,shared,print
word2vec,0.9720973372459412,shared,ho
word2vec,1.0,neither,sigismund
word2vec,0.9520896077156067,shared,instead
word2vec,0.9735509753227234,shared,orders
word2vec,1.0,neither,programmer
word2vec,1.0,neither,rdoba
word2vec,1.0,neither,schr
word2vec,0.08620944619178772,neither,fervour
word2vec,0.9945100545883179,shared,rely
word2vec,0.11363901197910309,neither,writhed
word2vec,0.9781662821769714,shared,virtues
word2vec,0.9940643310546875,shared,extending
word2vec,0.9999999403953552,neither,gif
word2vec,1.0,a_only,egypt
word2vec,0.17673254013061523,neither,whereupon
word2vec,0.060543835163116455,neither,jist
word2vec,0.9999998807907104,neither,axon
word2vec,0.05147548392415047,neither,blotting
word2vec,0.11025935411453247,neither,coverlet
word2vec,0.993369460105896,shared,requested
word2vec,0.00010821881733136252,b_only,complain
word2vec,0.037700243294239044,b_only,gazed
word2vec,1.0,a_only,powered
word2vec,1.0,a_only,systematic
word2vec,0.9999998807907104,a_only,eros
word2vec,0.9370437860488892,shared,straw
word2vec,0.9999999403953552,a_only,solubility
word2vec,0.9856990575790405,shared,deliver
word2vec,0.9483004212379456,shared,blade
word2vec,0.10537806153297424,b_only,kissed
word2vec,0.9999999403953552,a_only,annually
word2vec,1.0,neither,maximus
word2vec,0.9724217653274536,shared,tickets
word2vec,0.9786159992218018,shared,complete
word2vec,1.0,a_only,ac
word2vec,0.9882408380508423,shared,shorter
word2vec,0.9999999403953552,neither,surname
word2vec,0.9999999403953552,neither,coefficients
word2vec,1.0,a_only,hermann
word2vec,1.0,neither,frisian
word2vec,-0.014135072007775307,neither,licking
word2vec,1.0,a_only,suppression
word2vec,0.9789658784866333,shared,dug
word2vec,1.0,neither,workplace
word2vec,0.9999999403953552,neither,lfgeir
word2vec,1.0,a_only,naval
word2vec,1.0000001192092896,neither,kicker
word2vec,0.9476111531257629,shared,coffee
word2vec,0.00011177650594618171,neither,chinks
word2vec,1.0,a_only,symmetry
word2vec,1.0,neither,mboxx
word2vec,0.9999999403953552,neither,subgroup
word2vec,0.9999999403953552,a_only,mises
word2vec,1.0,neither,needing
word2vec,1.0,neither,defender
word2vec,1.0,neither,compton
word2vec,0.9999998807907104,a_only,professionals
word2vec,0.8469524383544922,shared,before
word2vec,1.0,neither,retrieve
word2vec,1.0,neither,poe
word2vec,1.0,neither,breeders
word2vec,-0.03487478569149971,b_only,copying
word2vec,-0.1857861876487732,b_only,18
word2vec,0.9999998807907104,a_only,files
word2vec,1.0,neither,rigidity
word2vec,0.9727790951728821,shared,success
word2vec,1.0,a_only,stamps
word2vec,1.0,a_only,kong
word2vec,1.0,neither,embodied
word2vec,0.08478676527738571,neither,jings
word2vec,1.0000001192092896,neither,displacement
word2vec,0.9959774017333984,shared,porter
word2vec,1.0,neither,burgundians
word2vec,-0.13527929782867432,b_only,eyebrows
word2vec,1.0,neither,ironic
word2vec,-0.09239762276411057,b_only,snoring
word2vec,-0.1347905397415161,neither,scatter
word2vec,0.9597716331481934,shared,sprang
word2vec,0.1552477777004242,neither,almighty
word2vec,1.0,neither,olaf
word2vec,0.9960107207298279,shared,authors
word2vec,0.9999999403953552,a_only,gypsum
word2vec,0.9686041474342346,shared,bacon
word2vec,0.9858852028846741,shared,boom
word2vec,1.0000001192092896,neither,stocks
word2vec,-0.027616802603006363,neither,courteously
word2vec,0.24405579268932343,neither,bobbing
word2vec,0.03726835548877716,b_only,perish
word2vec,0.047918256372213364,b_only,dared
word2vec,0.06433120369911194,neither,unfavourable
word2vec,0.7940835952758789,shared,won
word2vec,0.07106778770685196,neither,throbbing
word2vec,0.987082302570343,shared,seizing
word2vec,1.0,a_only,interviews
word2vec,0.8279119729995728,shared,tell
word2vec,0.07602695375680923,neither,exclaim
word2vec,0.9853065013885498,shared,correct
word2vec,0.9999999403953552,a_only,parthenon
word2vec,0.9999998807907104,neither,zion
word2vec,1.0,a_only,spain
word2vec,0.9934290051460266,shared,poem
word2vec,0.9744503498077393,shared,waved
word2vec,1.0,neither,danneskj
word2vec,0.9627020955085754,shared,morris
word2vec,0.9954714775085449,shared,practise
word2vec,1.0,a_only,overlap
word2vec,1.0,a_only,scholarly
word2vec,1.0,neither,inauguration
word2vec,1.0,neither,perfected
word2vec,0.9999998807907104,neither,feminists
word2vec,0.9912769198417664,shared,carved
word2vec,0.9999999403953552,a_only,ahenobarbus
word2vec,1.0,neither,ballot
word2vec,-0.18052256107330322,neither,scorn
word2vec,0.9828667044639587,shared,deaf
word2vec,1.0000001192092896,neither,reverted
word2vec,0.9999999403953552,neither,banning
word2vec,0.9999999403953552,neither,wehrmacht
word2vec,1.0000001192092896,neither,walt
word2vec,1.0,a_only,pregnant
word2vec,0.9999999403953552,neither,mussolini
word2vec,0.17908434569835663,neither,keepers
word2vec,1.0,neither,contractor
word2vec,1.0,a_only,david
word2vec,1.0,neither,kelly
word2vec,0.005471657495945692,b_only,exertion
word2vec,0.8575724363327026,shared,bed
word2vec,1.0,a_only,dose
word2vec,0.9566251635551453,shared,generous
word2vec,1.0000001192092896,neither,nunavut
word2vec,-0.05286268889904022,neither,afire
word2vec,1.0000001192092896,neither,johns
word2vec,0.9951712489128113,shared,access
word2vec,0.1657206267118454,neither,bridegroom
word2vec,0.15472427010536194,neither,fours
word2vec,0.9117777943611145,shared,sun
word2vec,0.958605170249939,shared,determined
word2vec,0.9962788820266724,shared,descendants
word2vec,1.0,a_only,pierre
word2vec,0.9999999403953552,a_only,millennium
word2vec,0.9581258296966553,shared,beds
word2vec,1.0000001192092896,neither,intensive
word2vec,0.9983784556388855,shared,westminster
word2vec,0.9999999403953552,a_only,accepts
word2vec,1.0,neither,bassist
word2vec,0.9908730983734131,shared,illustrations
word2vec,1.0000001192092896,a_only,industries
word2vec,0.9541414380073547,shared,keeping
word2vec,1.0,neither,parc
word2vec,0.9869149327278137,shared,calculated
word2vec,1.0,neither,infirmary
word2vec,0.9319711327552795,shared,holding
word2vec,0.12927071750164032,b_only,superintendent
word2vec,1.0000001192092896,neither,collisions
word2vec,1.0,neither,canyon
word2vec,1.0,a_only,alder
word2vec,1.0,a_only,equator
word2vec,1.0,neither,cretaceous
word2vec,0.05999613180756569,neither,infallibly
word2vec,0.9876463413238525,shared,incident
word2vec,0.9953084588050842,shared,unaware
word2vec,0.9999999403953552,a_only,interpretations
word2vec,1.0000001192092896,neither,donations
word2vec,-0.03891899809241295,b_only,hastily
word2vec,0.14320756494998932,b_only,pencil
word2vec,1.0,neither,milestones
word2vec,0.08168032765388489,neither,inducement
word2vec,0.08267998695373535,neither,mastery
word2vec,0.9999998807907104,neither,monophyletic
word2vec,0.11120876669883728,neither,distressing
word2vec,0.9928686022758484,shared,retire
word2vec,1.0,a_only,hiv
word2vec,0.9344212412834167,shared,lie
word2vec,0.9929975867271423,shared,immortal
word2vec,0.9999998807907104,neither,dave
word2vec,1.0,a_only,include
word2vec,1.0,neither,machinations
word2vec,0.1561359167098999,neither,cypher
word2vec,1.0,neither,prescription
word2vec,-0.1920599788427353,b_only,cussing
word2vec,0.1337844729423523,neither,oar
word2vec,0.13330939412117004,b_only,ascended
word2vec,1.0,neither,encyclopaedia
word2vec,1.0,neither,opposes
word2vec,0.9999999403953552,a_only,compromise
word2vec,0.9660154581069946,shared,golden
word2vec,1.0,neither,objectivists
word2vec,0.9999998807907104,a_only,qquad
word2vec,0.0674877017736435,neither,parrot
word2vec,1.0,neither,aeneid
word2vec,1.0000001192092896,neither,romanov
word2vec,1.0,a_only,economist
word2vec,1.0000001192092896,a_only,theater
word2vec,0.9874021410942078,shared,command
word2vec,0.042487550526857376,neither,ribbons
word2vec,0.9716347455978394,shared,civil
word2vec,1.0000001192092896,neither,faiths
word2vec,1.0,neither,challenging
word2vec,0.9999999403953552,neither,tamar
word2vec,1.0,a_only,minimum
word2vec,0.03199532628059387,neither,glowed
word2vec,1.0,a_only,dan
word2vec,1.0000001192092896,a_only,geographic
word2vec,1.0,a_only,attributes
word2vec,0.9962090253829956,shared,enduring
word2vec,0.9999999403953552,neither,napoleonic
word2vec,1.0,a_only,clinical
word2vec,1.0000001192092896,a_only,candidates
word2vec,0.9974077343940735,shared,associations
word2vec,1.0000001192092896,a_only,decreasing
word2vec,0.18482401967048645,neither,excite
word2vec,1.0000001192092896,a_only,sqq
word2vec,1.0000001192092896,a_only,involves
word2vec,0.95645672082901,shared,age
word2vec,0.9999998807907104,neither,amu
word2vec,0.9999998807907104,a_only,bc
word2vec,1.0,neither,fisherman
word2vec,1.0,a_only,municipalities
word2vec,1.0,neither,bindusara
word2vec,0.978456437587738,shared,chest
word2vec,1.0,neither,explosives
word2vec,1.0,neither,merge
word2vec,0.19460129737854004,neither,tally
word2vec,0.9999998807907104,neither,handbook
word2vec,1.0,neither,polynesian
word2vec,-0.044611863791942596,neither,staggering
word2vec,0.9999998807907104,neither,python
word2vec,0.9881578683853149,shared,soldier
word2vec,1.0,a_only,arid
word2vec,0.9999998807907104,a_only,amine
word2vec,1.0000001192092896,neither,strom
word2vec,1.0,a_only,measuring
word2vec,-0.025766218081116676,neither,rowing
word2vec,0.7432558536529541,shared,poor
word2vec,1.0000001192092896,neither,poorly
word2vec,0.9890406727790833,shared,helping
word2vec,0.9954197406768799,shared,recover
word2vec,0.0402962751686573,neither,ridicule
word2vec,0.9864017367362976,shared,undoubtedly
word2vec,0.8869737982749939,shared,lost
word2vec,0.9696019887924194,shared,months
word2vec,1.0,a_only,phenomenon
word2vec,0.9888314008712769,shared,qualities
word2vec,0.9951136112213135,shared,perform
word2vec,0.9545974135398865,shared,douglas
word2vec,1.0,a_only,plateau
word2vec,1.0000001192092896,neither,programme
word2vec,1.0,neither,cassandra
word2vec,-0.07934752106666565,b_only,soundly
word2vec,0.9999999403953552,neither,wagner
word2vec,0.9672991633415222,shared,excitement
word2vec,1.0,a_only,capita
word2vec,1.0,a_only,shares
word2vec,0.9999998807907104,neither,cache
word2vec,1.0,neither,linux
word2vec,1.0,neither,heats
word2vec,0.01847834326326847,neither,inanimate
word2vec,1.0,neither,mag
word2vec,0.9999998807907104,neither,predators
word2vec,0.7442562580108643,shared,on
word2vec,0.991585373878479,shared,couch
word2vec,1.0,a_only,atom
word2vec,0.268002450466156,neither,sympathise
word2vec,1.0,a_only,oval
word2vec,0.2893497943878174,neither,spied
word2vec,1.0000001192092896,a_only,blocks
word2vec,1.0,a_only,nelson
word2vec,-0.09675931930541992,neither,enclosed
word2vec,0.9757182002067566,shared,walls
word2vec,0.9438741207122803,shared,stand
word2vec,1.0,a_only,aphrodite
word2vec,0.11493299156427383,neither,hah
word2vec,0.9970994591712952,shared,miraculous
word2vec,0.994415283203125,shared,seats
word2vec,0.9758589267730713,shared,grey
word2vec,1.0,neither,impure
word2vec,0.994350254535675,shared,respected
word2vec,1.0,neither,encompassing
word2vec,-0.09700552374124527,b_only,tow
word2vec,0.9999999403953552,neither,alismatales
word2vec,1.0000001192092896,neither,karzai
word2vec,1.0,a_only,successive
word2vec,0.9203360080718994,shared,trying
word2vec,0.999290943145752,shared,chemist
word2vec,1.0,neither,mediation
word2vec,0.9971882104873657,shared,withdraw
word2vec,0.988649308681488,shared,produce
word2vec,0.9999998807907104,a_only,jordan
word2vec,-0.013185340911149979,neither,bushy
word2vec,0.9436384439468384,shared,blue
word2vec,0.9986790418624878,shared,heated
word2vec,0.15433405339717865,neither,brisk
word2vec,0.09329492598772049,neither,heath
word2vec,0.9790670275688171,shared,grace
word2vec,0.9973592758178711,shared,lowest
word2vec,1.0000001192092896,neither,assaults
word2vec,0.9843127131462097,shared,instrument
word2vec,1.0,neither,ja
word2vec,0.07069762051105499,b_only,hosmer
word2vec,0.9999999403953552,neither,webpage
word2vec,0.9868322014808655,shared,response
word2vec,0.796421468257904,shared,much
word2vec,1.0,a_only,allan
word2vec,0.1828412264585495,neither,openness
word2vec,0.9969272613525391,shared,traced
word2vec,0.9965080618858337,shared,comparatively
word2vec,1.0,a_only,offshore
word2vec,0.9357544183731079,shared,themselves
word2vec,1.0,neither,unveiled
word2vec,0.9801685214042664,shared,observe
word2vec,1.0000001192092896,neither,desecration
word2vec,0.9917768239974976,shared,passionate
word2vec,0.688370406627655,shared,all
word2vec,0.9999998807907104,a_only,arians
word2vec,1.0,neither,ismail
word2vec,0.9999999403953552,a_only,gr
word2vec,1.0,neither,yoshinkan
word2vec,1.0,a_only,mhz
word2vec,0.17398743331432343,b_only,downstairs
word2vec,0.08832599967718124,neither,childish
word2vec,-0.023572713136672974,b_only,parted
word2vec,1.0000001192092896,neither,modulated
word2vec,0.9572741985321045,shared,row
word2vec,0.11443391442298889,neither,latent
word2vec,1.0,neither,lesbian
word2vec,0.986051619052887,shared,base
word2vec,1.0,neither,runways
word2vec,0.9999998807907104,neither,abensberg
word2vec,-0.07899406552314758,b_only,nodded
word2vec,1.0,a_only,cox
word2vec,0.971902072429657,shared,milk
word2vec,0.9396494626998901,shared,interest
word2vec,0.9999998807907104,a_only,substantially
word2vec,1.0,neither,designate
word2vec,0.001511656679213047,b_only,hasten
word2vec,1.0,neither,likened
word2vec,1.0000001192092896,neither,appropriately
word2vec,1.0000001192092896,neither,storyline
word2vec,1.0,a_only,mexican
word2vec,1.0,a_only,plants
word2vec,-0.04202558472752571,b_only,vile
word2vec,0.9930421710014343,shared,score
word2vec,1.0,neither,roberto
word2vec,-0.0562034547328949,neither,elephants
word2vec,1.0,neither,trent
word2vec,0.13618633151054382,neither,rains
word2vec,-0.11159610748291016,b_only,fond
word2vec,1.0,neither,metaphor
word2vec,0.9999998807907104,a_only,decimal
word2vec,1.0,a_only,var
word2vec,1.0,a_only,journalist
word2vec,0.9998939037322998,shared,panel
word2vec,0.8532267808914185,shared,stood
word2vec,0.9151303172111511,shared,used
word2vec,1.0000001192092896,a_only,eusebius
word2vec,0.9736951589584351,shared,kindly
word2vec,1.0000001192092896,neither,ignoring
word2vec,-0.025829961523413658,neither,mornings
word2vec,1.0000001192092896,a_only,inherent
word2vec,0.08780845999717712,neither,rash
word2vec,1.0,neither,drukqs
word2vec,0.15452013909816742,neither,inseparable
word2vec,0.9911357164382935,shared,belonged
word2vec,0.17979873716831207,neither,gorgeous
word2vec,1.0,neither,displaying
word2vec,0.9985776543617249,shared,owners
word2vec,-0.13932426273822784,b_only,whooping
word2vec,0.9999998807907104,a_only,episcopal
word2vec,1.0000001192092896,a_only,loyal
word2vec,0.03548111766576767,neither,impudent
word2vec,1.0000001192092896,a_only,emigrated
word2vec,1.0,neither,sisyphus
word2vec,0.9942365884780884,neither,meals
word2vec,0.13835783302783966,neither,beaufort
word2vec,1.0000001192092896,neither,canaan
word2vec,-0.18866924941539764,neither,elevating
word2vec,1.0,a_only,iraq
word2vec,0.9851086735725403,shared,shakespeare
word2vec,1.0000001192092896,a_only,anconia
word2vec,0.9999999403953552,a_only,ivan
word2vec,0.9333292841911316,shared,license
word2vec,0.9999998807907104,a_only,namibia
word2vec,1.0000001192092896,a_only,beta
word2vec,0.12238612771034241,neither,clinging
word2vec,0.8206790089607239,shared,herself
word2vec,1.0,neither,hulk
word2vec,1.0,a_only,sample
word2vec,0.996301531791687,shared,characteristic
word2vec,1.0000001192092896,a_only,acapulco
word2vec,1.0,a_only,commonwealth
word2vec,-0.059086766093969345,neither,tumult
word2vec,0.8098459243774414,shared,when
word2vec,0.9999998807907104,a_only,confederation
word2vec,0.9999998807907104,neither,psalms
word2vec,1.0,neither,exploits
word2vec,1.0,a_only,orbital
word2vec,0.03347764536738396,neither,wi
word2vec,1.0,a_only,flowering
word2vec,-0.08639644086360931,neither,quicker
word2vec,0.9834693074226379,shared,neighbours
word2vec,0.9970176815986633,shared,cotton
word2vec,1.0,neither,tailback
word2vec,1.0000001192092896,neither,lyndon
word2vec,0.9999998807907104,neither,marathon
word2vec,1.0,neither,giuseppe
word2vec,1.0,a_only,doses
word2vec,1.0,neither,stresses
word2vec,1.0000001192092896,neither,oceanographer
word2vec,1.0,neither,steffi
word2vec,1.0000001192092896,neither,glyphs
word2vec,0.0746881291270256,neither,sensibly
word2vec,0.04926230013370514,b_only,hatherley
word2vec,0.9963709115982056,shared,principle
word2vec,1.0000001192092896,a_only,versa
word2vec,-0.025988083332777023,neither,scruples
word2vec,0.9908053278923035,shared,boards
word2vec,1.0,neither,rallied
word2vec,0.9999999403953552,a_only,option
word2vec,-0.12348652631044388,b_only,sobs
word2vec,-0.018188156187534332,neither,lids
word2vec,0.9837120771408081,shared,facts
word2vec,1.0,neither,narratives
word2vec,0.1342635601758957,b_only,nerves
word2vec,1.0,neither,taiwan
word2vec,1.0,neither,cs
word2vec,-0.06268026679754257,b_only,embarrassment
word2vec,1.0000001192092896,a_only,behaviors
word2vec,0.9960188865661621,shared,energy
word2vec,0.14795775711536407,neither,plug
word2vec,0.009203906171023846,neither,parlour
word2vec,-0.07876288145780563,neither,hind
word2vec,0.8310245871543884,shared,told
word2vec,0.9999998807907104,a_only,brotherhood
word2vec,0.9980335235595703,shared,detective
word2vec,1.0,neither,buchan
word2vec,0.9929240942001343,shared,reserved
word2vec,1.0,neither,medicinal
word2vec,1.0,a_only,disorders
word2vec,0.9782130718231201,shared,choose
word2vec,1.0000001192092896,neither,informs
word2vec,0.11472520232200623,neither,hump
word2vec,1.0,neither,planners
word2vec,0.28624722361564636,neither,protruding
word2vec,0.9166945219039917,shared,pan
word2vec,0.9889236092567444,shared,thousands
word2vec,0.7528557777404785,shared,ll
word2vec,1.0000001192092896,a_only,proto
word2vec,0.9999998807907104,a_only,critique
word2vec,1.0,neither,singers
word2vec,1.0,neither,falkland
word2vec,1.0,neither,zesi
word2vec,0.9644556641578674,shared,reading
word2vec,1.0000001192092896,a_only,armstrong
word2vec,1.0000001192092896,a_only,connecting
word2vec,1.0000001192092896,a_only,anna
word2vec,1.0000001192092896,neither,migrated
word2vec,0.9779387712478638,shared,safety
word2vec,0.9961788654327393,shared,lasts
word2vec,0.9999998807907104,neither,mandate
word2vec,0.2981097400188446,neither,symptom
word2vec,0.9934241771697998,shared,apparent
word2vec,0.9999999403953552,a_only,ell
word2vec,1.0,a_only,armenia
word2vec,-0.008483069017529488,neither,skylight
word2vec,1.0,neither,influencing
word2vec,0.1293882131576538,neither,xxxi
word2vec,1.0,neither,contrasting
word2vec,0.12610283493995667,b_only,knitting
word2vec,1.0,a_only,poll
word2vec,1.0,neither,macbook
word2vec,0.730388343334198,shared,us
word2vec,1.0,a_only,empirical
word2vec,0.09089642763137817,neither,discreet
word2vec,1.0,neither,noaa
word2vec,0.9950592517852783,shared,outer
word2vec,0.9999999403953552,neither,draft
word2vec,0.18797804415225983,neither,thunderstorm
word2vec,0.9748961329460144,shared,blessed
word2vec,1.0,neither,nausea
word2vec,0.9999998807907104,a_only,vietnam
word2vec,0.9999999403953552,neither,afghana
word2vec,1.0,neither,enclave
word2vec,1.0,neither,halides
word2vec,0.9830557107925415,shared,encouraged
word2vec,0.9999998807907104,neither,authenticity
word2vec,0.9999998807907104,neither,hostage
word2vec,1.0,neither,permitting
word2vec,0.01568662002682686,neither,bandage
word2vec,0.1006542444229126,b_only,whack
word2vec,0.9919171333312988,shared,orange
word2vec,0.9356995224952698,shared,fingers
word2vec,1.0,a_only,variants
word2vec,0.9891793727874756,shared,gates
word2vec,1.0,a_only,albertus
word2vec,0.9979330897331238,shared,comparative
word2vec,0.9999999403953552,a_only,uprising
word2vec,0.9999999403953552,a_only,coup
word2vec,1.0,neither,magdeburg
word2vec,1.0000001192092896,neither,asimov
word2vec,0.9999999403953552,neither,causation
word2vec,0.9958138465881348,shared,obedience
word2vec,1.0,a_only,surgical
word2vec,0.9977900385856628,shared,stationed
word2vec,1.0,neither,amaryllidaceae
word2vec,0.9959861040115356,shared,trials
word2vec,1.0,a_only,delaware
word2vec,0.9145810604095459,shared,everybody
word2vec,0.993486762046814,shared,burial
word2vec,1.0,neither,abscesses
word2vec,0.08662916719913483,neither,anticipating
word2vec,1.0,a_only,photo
word2vec,0.959559977054596,shared,influence
word2vec,1.0000001192092896,neither,intact
word2vec,1.0000001192092896,neither,malta
word2vec,0.9984784722328186,shared,numbers
word2vec,0.9999999403953552,a_only,arnold
word2vec,0.9944190382957458,shared,sharing
word2vec,0.9572764039039612,shared,number
word2vec,1.0,a_only,yearly
word2vec,1.0,neither,mixes
word2vec,0.9999999403953552,a_only,branden
word2vec,0.30567967891693115,neither,awaited
word2vec,1.0,neither,convergence
word2vec,0.9972320795059204,shared,engines
word2vec,1.0,neither,deriving
word2vec,0.029584912583231926,b_only,escort
word2vec,0.06496965140104294,b_only,dread
word2vec,0.045628197491168976,b_only,sweetness
word2vec,1.0,a_only,gospel
word2vec,0.9747329950332642,shared,sword
word2vec,0.058034706860780716,neither,thinnest
word2vec,0.8588011860847473,shared,turned
word2vec,0.977527379989624,shared,explore
word2vec,1.0,neither,moxibustion
word2vec,1.0000001192092896,a_only,warriors
word2vec,1.0,neither,braille
word2vec,0.9999999403953552,neither,nsu
word2vec,0.9999999403953552,a_only,claudius
word2vec,1.0,neither,vibrant
word2vec,1.0,a_only,chess
word2vec,0.9999998807907104,a_only,jacob
word2vec,0.9999998807907104,neither,unfamiliar
word2vec,0.09580456465482712,neither,hissing
word2vec,-0.1023329570889473,b_only,loveliness
word2vec,-0.11252585053443909,b_only,marvellous
word2vec,1.0,neither,devastated
word2vec,-0.030409960076212883,b_only,vivid
word2vec,0.974407434463501,shared,skin
word2vec,1.0000001192092896,a_only,iliad
word2vec,0.07640249282121658,neither,refresh
word2vec,0.9696162343025208,shared,prizes
word2vec,1.0000001192092896,a_only,martial
word2vec,0.993861198425293,shared,aperture
word2vec,0.988740086555481,shared,embrace
word2vec,1.0000001192092896,a_only,dedicated
word2vec,1.0,neither,algorithmic
word2vec,1.0,a_only,brand
word2vec,0.9919626712799072,shared,claimed
word2vec,1.0,neither,mythos
word2vec,1.0,a_only,consisting
word2vec,0.9999999403953552,a_only,herbert
word2vec,0.2788670063018799,neither,renewal
word2vec,1.0,neither,fraction
word2vec,0.9962883591651917,neither,stables
word2vec,0.9999999403953552,neither,ang
word2vec,1.0000001192092896,neither,tezuka
word2vec,1.0000001192092896,a_only,antony
word2vec,0.9534621238708496,shared,wants
word2vec,0.9962331056594849,shared,converse
word2vec,0.01707765832543373,neither,taint
word2vec,-0.11686371266841888,neither,dazzling
word2vec,1.0000001192092896,neither,nineteen
word2vec,1.0,neither,balkan
word2vec,0.9861071705818176,shared,sprung
word2vec,1.0000001192092896,a_only,champion
word2vec,1.0000001192092896,a_only,educational
word2vec,0.05527845770120621,neither,guiltless
word2vec,0.9999999403953552,a_only,sexual
word2vec,1.0,neither,metropolis
word2vec,0.053555771708488464,b_only,shrieked
word2vec,0.9999999403953552,a_only,siege
word2vec,1.0000001192092896,neither,incurred
word2vec,1.0000001192092896,a_only,cars
word2vec,1.0,a_only,abba
word2vec,1.0,neither,cedar
word2vec,-0.0010637540835887194,b_only,instinct
word2vec,0.13356471061706543,neither,aisle
word2vec,1.0,a_only,bin
word2vec,0.09115539491176605,neither,flamed
word2vec,0.9999998807907104,neither,alaskans
word2vec,0.9869486689567566,shared,honor
word2vec,0.9999998807907104,a_only,superorder
word2vec,0.9760852456092834,shared,ruin
word2vec,1.0,neither,kanner
word2vec,1.0,a_only,historic
word2vec,-0.1594085693359375,b_only,tink
word2vec,0.05545644834637642,b_only,regret
word2vec,0.9936612844467163,shared,introduction
word2vec,1.0,a_only,molecules
word2vec,0.9989280104637146,shared,reynolds
word2vec,0.09399117529392242,b_only,hint
word2vec,0.14395809173583984,neither,saluted
word2vec,1.0,neither,sculptor
word2vec,1.0000001192092896,neither,vaccination
word2vec,1.0,a_only,online
word2vec,0.9999998807907104,neither,fisher
word2vec,1.0,neither,lorenzo
word2vec,0.11844353377819061,neither,glittering
word2vec,1.0000001192092896,neither,jedwabne
word2vec,1.0,a_only,charlemagne
word2vec,1.0000001192092896,a_only,lyon
word2vec,0.9973459243774414,shared,dictionary
word2vec,0.9649771451950073,shared,stream
word2vec,1.0,neither,stemming
word2vec,1.0,neither,multinational
word2vec,0.06663937121629715,neither,worsted
word2vec,0.9946261644363403,shared,incredible
word2vec,-0.029344744980335236,neither,unworthy
word2vec,0.18619173765182495,neither,beams
word2vec,0.9999999403953552,neither,munda
word2vec,0.9453043937683105,shared,rain
word2vec,1.0000001192092896,neither,neal
word2vec,0.18325485289096832,neither,indignity
word2vec,0.9939991235733032,shared,bonds
word2vec,0.03264252841472626,b_only,innocence
word2vec,1.0,a_only,finite
word2vec,0.970280110836029,shared,understood
word2vec,1.0,neither,blockers
word2vec,0.9528127908706665,shared,race
word2vec,0.9941698312759399,shared,victory
word2vec,0.06203484162688255,neither,choking
word2vec,0.9919721484184265,shared,bolt
word2vec,0.02757737599313259,neither,wher
word2vec,0.9999999403953552,neither,albertans
word2vec,1.0000001192092896,neither,apok
word2vec,0.9949600696563721,neither,wrecked
word2vec,0.9961779117584229,shared,arguments
word2vec,1.0,a_only,indonesia
word2vec,0.9999999403953552,neither,aesthetically
word2vec,0.965286374092102,shared,sorrow
word2vec,0.9999999403953552,neither,yorkshire
word2vec,0.6877683401107788,shared,this
word2vec,0.9994496703147888,shared,transactions
word2vec,0.9789425730705261,shared,bailey
word2vec,1.0,a_only,digits
word2vec,0.08477657288312912,b_only,ghastly
word2vec,1.0,neither,anointed
word2vec,1.0,neither,merovingian
word2vec,0.7848223447799683,shared,time
word2vec,-0.011138425208628178,b_only,wondering
word2vec,-0.06732098758220673,b_only,stool
word2vec,1.0,neither,beckwith
word2vec,1.0,a_only,revelation
word2vec,1.0,neither,ib
word2vec,0.9837497472763062,shared,bringing
word2vec,0.9216912984848022,shared,chance
word2vec,1.0,a_only,diesel
word2vec,0.968309760093689,shared,unconscious
word2vec,1.0,neither,rwanda
word2vec,0.9999998807907104,a_only,spencer
word2vec,0.9816862940788269,shared,accidents
word2vec,0.9686563611030579,shared,winding
word2vec,0.9728074073791504,shared,miles
word2vec,-0.11236903816461563,b_only,serene
word2vec,0.08581922203302383,neither,occasioned
word2vec,1.0,neither,conceivable
word2vec,-0.04656185209751129,neither,workmen
word2vec,0.9999999403953552,a_only,indicating
word2vec,0.9889625310897827,shared,stretching
word2vec,1.0,neither,salutis
word2vec,0.9999999403953552,a_only,thinkers
word2vec,0.9999999403953552,neither,duvall
word2vec,1.0,neither,comp
word2vec,0.9999999403953552,a_only,legend
word2vec,1.0,a_only,battles
word2vec,0.7160787582397461,shared,it
word2vec,0.9999999403953552,a_only,hull
word2vec,1.0,neither,dddddd
word2vec,0.9292118549346924,shared,rock
word2vec,0.9760248064994812,shared,reflect
word2vec,1.0,neither,zodiac
word2vec,1.0000001192092896,neither,sedimentary
word2vec,0.9999999403953552,neither,bohemian
word2vec,0.036617085337638855,neither,temptations
word2vec,0.9999999403953552,a_only,alexander
word2vec,1.0,neither,herbaceous
word2vec,1.0000001192092896,neither,squad
word2vec,0.8191276788711548,shared,room
word2vec,1.0,neither,liability
word2vec,1.0000001192092896,neither,rapids
word2vec,0.9999998807907104,neither,juvenile
word2vec,0.9339667558670044,shared,blind
word2vec,0.7801010608673096,shared,still
word2vec,1.0000001192092896,neither,undergoing
word2vec,0.9986305832862854,neither,carriers
word2vec,0.01007506251335144,neither,detestable
word2vec,-0.05514165759086609,b_only,blessing
word2vec,0.9895155429840088,shared,entertainment
word2vec,0.9999998807907104,neither,misunderstanding
word2vec,0.11599127948284149,neither,matrimonial
word2vec,-0.11022504419088364,neither,mornin
word2vec,1.0,neither,adder
word2vec,1.0,neither,careers
word2vec,0.12880009412765503,neither,scanty
word2vec,0.9999998807907104,neither,bodyline
word2vec,0.9809221625328064,shared,suggested
word2vec,1.0,neither,antiquarian
word2vec,1.0,a_only,vilayet
word2vec,0.8312886357307434,shared,boy
word2vec,0.9882415533065796,shared,cure
word2vec,-0.08505287021398544,b_only,lesson
word2vec,0.9911506772041321,shared,horseback
word2vec,0.13310499489307404,neither,glances
word2vec,1.0000001192092896,neither,monica
word2vec,0.9999998807907104,neither,commandments
word2vec,0.9309357404708862,shared,remembered
word2vec,0.0011408637510612607,neither,straightened
word2vec,0.0767786055803299,neither,throats
word2vec,0.9677304029464722,shared,plum
word2vec,1.0000001192092896,a_only,antiparticles
word2vec,1.0000001192092896,neither,supervision
word2vec,0.799744725227356,shared,round
word2vec,0.22801752388477325,neither,fooled
word2vec,1.0,a_only,kennedy
word2vec,1.0000001192092896,neither,nonfiction
word2vec,0.13359706103801727,neither,croaked
word2vec,1.0,neither,agnes
word2vec,-0.014445696026086807,b_only,sawed
word2vec,0.9751767516136169,shared,bob
word2vec,0.07076422870159149,b_only,eyelids
word2vec,0.9940035343170166,shared,manuscript
word2vec,0.09733249247074127,neither,ornament
word2vec,1.0,neither,calculate
word2vec,0.9307449460029602,shared,pocket
word2vec,1.0,neither,interacting
word2vec,1.0,a_only,saskatchewan
word2vec,0.9752789735794067,shared,experience
word2vec,0.9256286025047302,shared,husband
word2vec,0.9840941429138184,shared,neighbors
word2vec,0.9901424050331116,shared,slain
word2vec,0.9999999403953552,neither,rex
word2vec,1.0000001192092896,neither,asserting
word2vec,0.9846633672714233,shared,advancing
word2vec,0.9999999403953552,neither,logically
word2vec,0.8918687701225281,shared,nice
word2vec,0.16751939058303833,neither,hoofs
word2vec,0.9999999403953552,a_only,utc
word2vec,1.0,neither,alpenhorn
word2vec,1.0,a_only,anglicanism
word2vec,0.9338836073875427,shared,hurt
word2vec,0.9999999403953552,a_only,testing
word2vec,0.9999998807907104,neither,kh
word2vec,0.9979847073554993,shared,witnessed
word2vec,0.9974181652069092,neither,deception
word2vec,1.0,neither,msg
word2vec,-0.10015811771154404,neither,harbison
word2vec,0.034629832953214645,neither,gaping
word2vec,0.0900091752409935,neither,inspiring
word2vec,0.8995809555053711,shared,replied
word2vec,0.7370969653129578,shared,so
word2vec,0.9930600523948669,shared,preceded
word2vec,0.995140552520752,shared,inevitable
word2vec,-0.1689329445362091,b_only,dis
word2vec,1.0,neither,socialists
word2vec,1.0000001192092896,neither,topalov
word2vec,0.07164788246154785,neither,redskin
word2vec,0.9753322005271912,shared,neighbourhood
word2vec,0.6747408509254456,shared,two
word2vec,-0.1062307357788086,neither,extravagant
word2vec,1.0000001192092896,a_only,arithmetic
word2vec,1.0,neither,powell
word2vec,0.9999999403953552,neither,designing
word2vec,0.9999999403953552,neither,disagreed
word2vec,0.9627918601036072,shared,beast
word2vec,1.0,a_only,fresnel
word2vec,0.9782103300094604,shared,fighting
word2vec,0.025325817987322807,neither,mayn
word2vec,0.9858025908470154,shared,notwithstanding
word2vec,0.9999998807907104,a_only,telecommunications
word2vec,0.9405074119567871,shared,prison
word2vec,1.0,neither,arsenate
word2vec,0.9983848333358765,shared,corrupt
word2vec,0.9954013824462891,shared,insult
word2vec,0.19643406569957733,neither,comforting
word2vec,1.0,a_only,airplane
word2vec,1.0,neither,commissioner
word2vec,1.0,neither,recycling
word2vec,0.9948433637619019,shared,deference
word2vec,0.22042877972126007,neither,manifold
word2vec,0.04394594207406044,neither,aground
word2vec,1.0000001192092896,neither,abbates
word2vec,1.0,neither,warhola
word2vec,0.9972876310348511,shared,exercised
word2vec,1.0,neither,raven
word2vec,0.9664992690086365,shared,knowledge
word2vec,0.9999998807907104,a_only,fertilizer
word2vec,1.0000001192092896,neither,miocene
word2vec,-0.16419868171215057,b_only,gazette
word2vec,1.0,a_only,reduction
word2vec,0.9979867339134216,shared,destitute
word2vec,0.9873878955841064,shared,lifting
word2vec,0.13277560472488403,b_only,jest
word2vec,0.9979793429374695,shared,revolution
word2vec,-0.02829740382730961,neither,dignified
word2vec,0.997443437576294,shared,exceeded
word2vec,1.0,a_only,howard
word2vec,0.9810851216316223,shared,customers
word2vec,0.10103008151054382,b_only,pigeon
word2vec,0.12596604228019714,b_only,expectation
word2vec,0.00024947462952695787,neither,sling
word2vec,1.0000001192092896,a_only,domination
word2vec,1.0000001192092896,a_only,elementary
word2vec,0.1510029435157776,neither,embarrassed
word2vec,1.0000001192092896,a_only,linebacker
word2vec,1.0,a_only,logo
word2vec,1.0000001192092896,a_only,mythology
word2vec,1.0,a_only,gulch
word2vec,0.02375064045190811,neither,plaited
word2vec,0.9645839929580688,shared,lead
word2vec,1.0,neither,exams
word2vec,0.9999998807907104,a_only,afl
word2vec,0.9935437440872192,shared,addition
word2vec,1.0000001192092896,a_only,priority
word2vec,1.0000001192092896,neither,monotheism
word2vec,1.0,a_only,protestant
word2vec,0.7878477573394775,shared,sir
word2vec,0.9896913766860962,shared,learning
word2vec,1.0,neither,richter
word2vec,1.0,a_only,anarchism
word2vec,1.0,a_only,civic
word2vec,1.0000001192092896,a_only,exodus
word2vec,0.12252213060855865,b_only,sinister
word2vec,1.0000001192092896,neither,evaluate
word2vec,1.0000001192092896,neither,seabirds
word2vec,1.0,neither,poisons
word2vec,-0.03053753264248371,neither,sneered
word2vec,0.9999999403953552,a_only,constellations
word2vec,1.0,neither,patriarchs
word2vec,0.9876553416252136,shared,fully
word2vec,1.0000001192092896,neither,classifications
word2vec,0.9866466522216797,shared,level
word2vec,0.9652678370475769,shared,cairo
word2vec,1.0,neither,invaders
word2vec,0.14082682132720947,b_only,drifted
word2vec,0.9943572282791138,shared,invariably
word2vec,-0.13074517250061035,b_only,retorted
word2vec,0.19635000824928284,b_only,frightfully
word2vec,0.04579625278711319,neither,groom
word2vec,1.0,a_only,discworld
word2vec,1.0,a_only,melody
word2vec,0.9858234524726868,shared,agree
word2vec,0.9915433526039124,shared,posted
word2vec,0.9949870109558105,shared,distrust
word2vec,0.10436203330755234,neither,cowered
word2vec,0.16913865506649017,neither,ouch
word2vec,0.8389632701873779,shared,know
word2vec,1.0,neither,nicea
word2vec,1.0,neither,raped
word2vec,1.0000001192092896,neither,andean
word2vec,0.9998329877853394,shared,hugh
word2vec,0.06620759516954422,neither,legged
word2vec,1.0000001192092896,neither,picirilli
word2vec,0.9982651472091675,shared,eve
word2vec,0.9638637900352478,shared,hollow
word2vec,1.0000001192092896,neither,rectangular
word2vec,1.0,a_only,exists
word2vec,0.07783832401037216,neither,agonies
word2vec,0.10863009095191956,b_only,heah
word2vec,1.0,a_only,km
word2vec,1.0,neither,heldenplatz
word2vec,0.9927947521209717,shared,final
word2vec,1.0,a_only,aphex
word2vec,0.9281166791915894,shared,pipe
word2vec,0.06674204766750336,neither,stays
word2vec,0.992806613445282,shared,valued
word2vec,0.9609869718551636,shared,view
word2vec,0.9999999403953552,a_only,phenomena
word2vec,0.032800786197185516,neither,grandly
word2vec,0.012117337435483932,b_only,vane
word2vec,1.0000001192092896,neither,martyrs
word2vec,0.8729750514030457,shared,lips
word2vec,0.9999998807907104,neither,rotate
word2vec,1.0,neither,contingent
word2vec,0.20018616318702698,neither,tearful
word2vec,0.12862488627433777,neither,justly
word2vec,0.9954057931900024,shared,plays
word2vec,0.9848101139068604,shared,attached
word2vec,1.0,neither,rescued
word2vec,1.0000001192092896,a_only,cd
word2vec,1.0000001192092896,a_only,metro
word2vec,1.0,a_only,serbia
word2vec,0.9999999403953552,a_only,roy
word2vec,0.9881743788719177,shared,crossing
word2vec,0.995552659034729,shared,villa
word2vec,0.9878261089324951,shared,clothing
word2vec,1.0,neither,colors
word2vec,1.0,a_only,regulations
word2vec,1.0,neither,avoidance
word2vec,0.9981175065040588,shared,appeals
word2vec,0.9676178097724915,shared,forget
word2vec,1.0000001192092896,neither,ivb
word2vec,1.0,neither,animist
word2vec,-0.20350471138954163,b_only,nieces
word2vec,1.0,a_only,operators
word2vec,0.9943557381629944,shared,describing
word2vec,1.0,neither,worms
word2vec,0.8560492396354675,shared,both
word2vec,1.0000001192092896,a_only,ideology
word2vec,-0.11947367340326309,b_only,whispering
word2vec,1.0,neither,triple
word2vec,0.9955688714981079,shared,block
word2vec,0.9999999403953552,a_only,theodosius
word2vec,0.9999998807907104,a_only,ranking
word2vec,0.9999999403953552,a_only,alkali
word2vec,0.9941062927246094,shared,vicinity
word2vec,1.0000001192092896,neither,loan
word2vec,1.0000001192092896,a_only,ford
word2vec,-0.05891074612736702,b_only,starkey
word2vec,0.11579371988773346,b_only,indignation
word2vec,1.0000001192092896,neither,tabloid
word2vec,1.0000001192092896,neither,signer
word2vec,0.9914612770080566,shared,goods
word2vec,0.07494253665208817,neither,gasp
word2vec,0.9874261617660522,shared,parties
word2vec,0.9880750775337219,shared,dusk
word2vec,0.9660884737968445,shared,wide
word2vec,0.9999998807907104,neither,alma
word2vec,-0.049764640629291534,b_only,runaway
word2vec,0.14125469326972961,neither,flowerlike
word2vec,1.0000001192092896,a_only,engineers
word2vec,1.0,a_only,obtaining
word2vec,1.0,neither,nfc
word2vec,1.0,neither,salinity
word2vec,0.9824414253234863,shared,mate
word2vec,0.992412269115448,shared,screen
word2vec,0.9472806453704834,shared,allowed
word2vec,0.9977877736091614,shared,ruby
word2vec,0.1442258507013321,b_only,brooding
word2vec,0.9987773895263672,shared,december
word2vec,0.9993038773536682,shared,writer
word2vec,0.9246284365653992,shared,carriage
word2vec,1.0,neither,drpg
word2vec,1.0,neither,skepticism
word2vec,0.9898708462715149,shared,likewise
word2vec,1.0,neither,cc
word2vec,1.0,neither,usenet
word2vec,0.015911264345049858,neither,whitewashing
word2vec,0.9449471831321716,shared,hopes
word2vec,0.9836223125457764,shared,proceed
word2vec,1.0,a_only,agesilaus
word2vec,0.22116704285144806,neither,trampled
word2vec,0.9803197979927063,shared,movement
word2vec,0.1344994306564331,neither,crouched
word2vec,0.9999998807907104,neither,slovenians
word2vec,1.0000001192092896,neither,homomorphism
word2vec,1.0,neither,personalities
word2vec,0.9931090474128723,shared,cultivated
word2vec,0.996565580368042,shared,bounds
word2vec,0.026567161083221436,neither,yew
word2vec,1.0000001192092896,neither,charitable
word2vec,-0.11893396824598312,b_only,sibyl
word2vec,0.13437095284461975,neither,diligence
word2vec,0.10348406434059143,b_only,hoarse
word2vec,-0.000519120367243886,neither,mortification
word2vec,0.994114339351654,shared,appealed
word2vec,1.0,neither,marines
word2vec,1.0000001192092896,neither,nm
word2vec,0.9999998807907104,neither,collaborative
word2vec,1.0000001192092896,neither,sponges
word2vec,0.12953327596187592,neither,toothpick
word2vec,1.0,neither,rap
word2vec,1.0000001192092896,neither,acquisition
word2vec,1.0,neither,jorge
word2vec,0.9662628173828125,shared,following
word2vec,0.9941090941429138,shared,communicate
word2vec,1.0,a_only,boas
word2vec,0.9971859455108643,shared,elements
word2vec,0.9787230491638184,shared,committed
word2vec,1.0000001192092896,neither,existent
word2vec,0.08050966262817383,neither,cubby
word2vec,0.9974406361579895,shared,statue
word2vec,0.9975713491439819,shared,opens
word2vec,0.9751853346824646,shared,banking
word2vec,1.0,neither,transatlantic
word2vec,0.042228128761053085,neither,gaunt
word2vec,0.9938918352127075,shared,addresses
word2vec,0.9855080842971802,shared,happening
word2vec,0.9941728115081787,shared,mentioning
word2vec,0.993071436882019,neither,clip
word2vec,0.03510377183556557,neither,bravely
word2vec,-0.06454484909772873,neither,composedly
word2vec,1.0000001192092896,neither,exercising
word2vec,0.9785950183868408,shared,pearls
word2vec,0.251937597990036,neither,hesitate
word2vec,1.0,neither,newcomers
word2vec,0.8700659871101379,shared,dark
word2vec,0.8161714673042297,shared,friend
word2vec,1.0,neither,tablet
word2vec,0.9980544447898865,shared,spin
word2vec,0.9971672296524048,shared,official
word2vec,0.9999998807907104,a_only,speakers
word2vec,1.0,a_only,mining
word2vec,0.9999999403953552,a_only,vehicles
word2vec,1.0,a_only,territories
word2vec,1.0,a_only,antimony
word2vec,1.0,neither,decreed
word2vec,0.034533508121967316,b_only,gravely
word2vec,0.232622429728508,neither,twopence
word2vec,0.20759721100330353,neither,shower
word2vec,0.9908863306045532,shared,dwell
word2vec,0.9886528849601746,shared,difficulties
word2vec,1.0,neither,precursor
word2vec,1.0,neither,processors
word2vec,1.0,a_only,aldrin
word2vec,0.9999999403953552,neither,abandoning
word2vec,-0.05208549275994301,b_only,weep
word2vec,1.0,a_only,ibid
word2vec,0.25192126631736755,b_only,dripping
word2vec,0.04125060886144638,b_only,mingled
word2vec,0.9999998807907104,neither,hohenzollern
word2vec,0.9816250801086426,shared,hailed
word2vec,1.0,a_only,vocabulary
word2vec,1.0,a_only,helps
word2vec,1.0,neither,ro
word2vec,1.0,neither,scramble
word2vec,1.0,neither,scorned
word2vec,1.0,neither,equated
word2vec,0.21679523587226868,neither,disclosure
word2vec,0.9999999403953552,neither,albertosaurus
word2vec,-0.011829075403511524,neither,unaffected
word2vec,1.0000001192092896,neither,numeral
word2vec,1.0000001192092896,neither,falcon
word2vec,0.9999999403953552,a_only,awareness
word2vec,1.0,a_only,kasparov
word2vec,0.9952577352523804,shared,weapon
word2vec,0.9999998807907104,a_only,align
word2vec,0.9999999403953552,a_only,catholicism
word2vec,0.997180700302124,shared,discharge
word2vec,0.07277990877628326,b_only,shuddered
word2vec,0.9514687657356262,shared,england
word2vec,0.12995223701000214,neither,perfume
word2vec,1.0,a_only,mp
word2vec,0.9999999403953552,a_only,retaining
word2vec,0.9331241250038147,shared,diary
word2vec,-0.04922804236412048,neither,beggar
word2vec,0.9576461911201477,shared,wrong
word2vec,0.09789320826530457,b_only,cheeks
word2vec,1.0,a_only,production
word2vec,1.0,neither,diploma
word2vec,0.9042574763298035,shared,memory
word2vec,0.9959213137626648,shared,oxford
word2vec,1.0,a_only,specified
word2vec,0.9765069484710693,shared,directions
word2vec,1.0,a_only,extends
word2vec,1.0,a_only,disagreement
word2vec,0.7972241640090942,shared,myself
word2vec,1.0,neither,romania
word2vec,1.0,a_only,directors
word2vec,0.9999999403953552,neither,genetically
word2vec,1.0,neither,apokryphen
word2vec,1.0,neither,lunda
word2vec,1.0,neither,splitter
word2vec,0.0509866438806057,neither,bolts
word2vec,0.9834328889846802,shared,deeper
word2vec,1.0,a_only,christopher
word2vec,1.0000001192092896,neither,architectures
word2vec,0.9270212650299072,shared,days
word2vec,1.0,a_only,mercury
word2vec,-0.05766141787171364,b_only,wildly
word2vec,0.996631383895874,shared,designed
word2vec,0.9999999403953552,neither,piracy
word2vec,1.0000001192092896,a_only,priests
word2vec,1.0,a_only,bantu
word2vec,0.06640498340129852,b_only,caroline
word2vec,0.9875355362892151,shared,comparison
word2vec,1.0,neither,nasdaq
word2vec,1.0,neither,conserved
word2vec,1.0000001192092896,a_only,hydrochloric
word2vec,1.0000001192092896,neither,numerals
word2vec,1.0,neither,fortification
word2vec,0.09405606985092163,neither,wreath
word2vec,0.9621661901473999,shared,q
word2vec,0.998747706413269,shared,westward
word2vec,0.9691773653030396,shared,ate
word2vec,1.0,neither,homeless
word2vec,0.9409793615341187,shared,ears
word2vec,1.0,neither,metis
word2vec,0.9999999403953552,a_only,community
word2vec,0.1687249094247818,neither,meddle
word2vec,0.04561194032430649,b_only,dad
word2vec,0.9880052804946899,shared,sending
word2vec,1.0,a_only,drivers
word2vec,1.0,a_only,wales
word2vec,0.9999998807907104,a_only,transition
word2vec,1.0,a_only,agnetha
word2vec,1.0,neither,edison
word2vec,0.9555187225341797,shared,sugar
word2vec,-0.05238312855362892,b_only,moaned
word2vec,0.8701733946800232,shared,almost
word2vec,0.9999023675918579,shared,whitney
word2vec,1.0,neither,bordering
word2vec,1.0,a_only,texts
word2vec,0.9999999403953552,neither,pentane
word2vec,0.9999999403953552,neither,sulfuric
word2vec,0.9698532819747925,shared,splendid
word2vec,0.9999998807907104,neither,authorship
word2vec,0.06250868737697601,neither,certificate
word2vec,0.9999998807907104,neither,backgrounds
word2vec,0.9963488578796387,shared,te
word2vec,0.9799090027809143,shared,drift
word2vec,0.9808990955352783,shared,blowing
word2vec,1.0,a_only,meteorites
word2vec,0.9915935397148132,shared,ridge
word2vec,0.9862420558929443,neither,quarry
word2vec,1.0,neither,reginald
word2vec,1.0,neither,imaginative
word2vec,1.0,neither,clairvaux
word2vec,0.012301343493163586,neither,lumbering
word2vec,0.08228432387113571,neither,swam
word2vec,1.0000001192092896,neither,coordinate
word2vec,0.09901997447013855,b_only,juliet
word2vec,0.9840397834777832,shared,harsh
word2vec,0.9999999403953552,a_only,corresponding
word2vec,1.0,neither,willingness
word2vec,1.0,neither,rudimentary
word2vec,1.0000001192092896,neither,warlords
word2vec,-0.011602927930653095,neither,stealthy
word2vec,1.0,a_only,samples
word2vec,0.18705706298351288,neither,thous
word2vec,0.9999999403953552,a_only,du
word2vec,1.0,neither,complement
word2vec,0.7554294466972351,shared,by
word2vec,0.9131000638008118,shared,black
word2vec,0.9526922106742859,shared,seized
word2vec,1.0,neither,orbiting
word2vec,0.9976130723953247,shared,imposed
word2vec,1.0,a_only,polar
word2vec,0.9999999403953552,neither,newark
word2vec,0.9999998807907104,neither,garner
word2vec,0.9999999403953552,neither,coosa
word2vec,1.0000001192092896,a_only,roosevelt
word2vec,0.9999999403953552,neither,larvae
word2vec,1.0,a_only,dictator
word2vec,1.0,a_only,combining
word2vec,0.3627701997756958,neither,merryweather
word2vec,-0.12904207408428192,neither,entertain
word2vec,1.0000001192092896,a_only,notably
word2vec,0.9999998807907104,a_only,bruce
word2vec,1.0000001192092896,a_only,nave
word2vec,0.9972178936004639,shared,supplied
word2vec,1.0000001192092896,neither,believer
word2vec,1.0,neither,pawson
word2vec,1.0000001192092896,neither,pest
word2vec,1.0,neither,que
word2vec,-0.002504807198420167,b_only,knives
word2vec,1.0,neither,filmography
word2vec,0.9999999403953552,neither,decays
word2vec,0.9999998807907104,neither,iucn
word2vec,0.9934440851211548,shared,hanged
word2vec,0.058730967342853546,neither,easiest
word2vec,0.9925978779792786,shared,surface
word2vec,0.9999998807907104,neither,walker
word2vec,0.2028941959142685,neither,aroun
word2vec,0.03284564986824989,b_only,aunt
word2vec,0.08370441198348999,neither,conveying
word2vec,1.0,a_only,dimensions
word2vec,1.0,a_only,ames
word2vec,1.0,a_only,fusion
word2vec,1.0,neither,conventionally
word2vec,1.0000001192092896,a_only,inventions
word2vec,0.09205973148345947,neither,conveniently
word2vec,1.0,neither,intervened
word2vec,1.0000001192092896,a_only,shopping
word2vec,1.0000001192092896,a_only,julia
word2vec,0.232023224234581,neither,swales
word2vec,0.1343376189470291,b_only,tenderness
word2vec,0.997694194316864,shared,retained
word2vec,0.9919115900993347,shared,average
word2vec,1.0,neither,sparsely
word2vec,0.9659523367881775,shared,rendered
word2vec,0.09911701828241348,neither,flushing
word2vec,0.9651829600334167,shared,excited
word2vec,1.0000001192092896,a_only,administration
word2vec,1.0000001192092896,a_only,teachings
word2vec,0.9906539916992188,shared,williams
word2vec,0.9999999403953552,neither,cluniac
word2vec,1.0000001192092896,neither,enforcement
word2vec,0.9831656813621521,shared,whoever
word2vec,-0.04162655770778656,neither,whiting
word2vec,0.11946356296539307,b_only,lodge
word2vec,0.995896577835083,shared,criminal
word2vec,1.0,a_only,libel
word2vec,0.9855241775512695,shared,pursue
word2vec,1.0,neither,aetius
word2vec,0.9875605702400208,shared,suggestion
word2vec,-0.054882075637578964,neither,pewter
word2vec,0.12755230069160461,neither,dundee
word2vec,0.13387887179851532,neither,loadstone
word2vec,1.0000001192092896,a_only,attila
word2vec,0.9656218886375427,shared,difficulty
word2vec,0.9931435585021973,shared,accomplished
word2vec,0.9725722074508667,shared,upright
word2vec,1.0,neither,fibers
word2vec,0.9999998807907104,a_only,speculation
word2vec,1.0,a_only,scholarship
word2vec,0.0942559465765953,neither,chimneys
word2vec,0.12508760392665863,neither,cupboard
word2vec,0.9999998807907104,neither,llama
word2vec,0.9906318783760071,shared,casual
word2vec,0.9287936091423035,shared,box
word2vec,1.0000001192092896,a_only,conversion
word2vec,0.988129734992981,neither,fountains
word2vec,0.09159334748983383,b_only,wink
word2vec,-0.1388150155544281,neither,cent
word2vec,1.0,neither,normandy
word2vec,1.0,a_only,rural
word2vec,0.919217050075531,shared,form
word2vec,0.18127815425395966,neither,sideboard
word2vec,0.06769875437021255,b_only,hellish
word2vec,1.0000001192092896,neither,vertigo
word2vec,1.0000001192092896,a_only,miami
word2vec,1.0,neither,nikolay
word2vec,1.0,neither,jonas
word2vec,1.0000001192092896,a_only,animism
word2vec,1.0,neither,spassky
word2vec,1.0,neither,ant
word2vec,1.0000001192092896,a_only,abydos
word2vec,0.9999998807907104,a_only,color
word2vec,0.29303938150405884,b_only,kitten
word2vec,0.9937394857406616,shared,file
word2vec,0.9831165671348572,shared,birthday
word2vec,0.5457549095153809,neither,nantucket
word2vec,1.0000001192092896,a_only,alkanes
word2vec,0.9725519418716431,shared,mainly
word2vec,1.0000001192092896,neither,manipulation
word2vec,0.9732751846313477,shared,lake
word2vec,0.02477896772325039,b_only,tootles
word2vec,1.0,a_only,inability
word2vec,1.0,neither,theos
word2vec,-0.238292396068573,neither,familiarity
word2vec,0.9999998807907104,a_only,zeus
word2vec,0.9999999403953552,neither,proximity
word2vec,1.0000001192092896,a_only,magazine
word2vec,1.0,a_only,nfl
word2vec,0.9999999403953552,a_only,ber
word2vec,1.0000001192092896,neither,classis
word2vec,1.0,a_only,ishmael
word2vec,0.9999998807907104,a_only,ally
word2vec,1.0,neither,cremated
word2vec,1.0,a_only,lovecraft
word2vec,1.0,neither,intoxication
word2vec,-0.06749100983142853,b_only,circus
word2vec,0.9635031819343567,shared,waves
word2vec,0.998649537563324,shared,borders
word2vec,1.0,a_only,hm
word2vec,1.0,a_only,roles
word2vec,1.0,neither,galleries
word2vec,1.0,a_only,abjads
word2vec,1.0,neither,hopkins
word2vec,1.0000001192092896,neither,addroundkey
word2vec,0.9941491484642029,shared,convenient
word2vec,0.9952532649040222,shared,terrace
word2vec,0.9938636422157288,shared,snap
word2vec,0.9126440286636353,shared,judge
word2vec,1.0000001192092896,a_only,colorado
word2vec,0.997879147529602,shared,governor
word2vec,0.9961203932762146,shared,opposition
word2vec,1.0000001192092896,a_only,calculus
word2vec,0.9926732182502747,shared,laboratory
word2vec,0.9999999403953552,neither,abdications
word2vec,1.0000001192092896,a_only,genres
word2vec,1.0,neither,atli
word2vec,1.0,a_only,settings
word2vec,1.0,neither,agrees
word2vec,0.9581043720245361,shared,grow
word2vec,1.0,neither,livelihood
word2vec,1.0,neither,fountainhead
word2vec,0.9989171028137207,shared,photograph
word2vec,-0.04086451232433319,neither,comforts
word2vec,1.0,neither,forecast
word2vec,0.9949316382408142,shared,preface
word2vec,0.9795725345611572,shared,strings
word2vec,0.9834964275360107,shared,instruments
word2vec,0.9229997396469116,shared,lot
word2vec,0.9999999403953552,neither,barth
word2vec,0.13525524735450745,neither,hatchet
word2vec,1.0,neither,clockwise
word2vec,0.1583835929632187,neither,gaiters
word2vec,0.9643954634666443,shared,absent
word2vec,0.9999999403953552,neither,nutritional
word2vec,1.0,neither,railhead
word2vec,0.9806212782859802,shared,occasional
word2vec,1.0,neither,truths
word2vec,0.9934561252593994,shared,worship
word2vec,1.0,neither,anzac
word2vec,1.0,neither,tariffs
word2vec,1.0,neither,medications
word2vec,1.0,a_only,pr
word2vec,1.0000001192092896,neither,nominees
word2vec,1.0,a_only,nero
word2vec,1.0,neither,tuberculosis
word2vec,1.0,neither,tropics
word2vec,0.9989082217216492,shared,liberal
word2vec,0.9999999403953552,a_only,semitic
word2vec,-0.005918537732213736,b_only,lovely
word2vec,0.017335565760731697,neither,leak
word2vec,1.0,neither,inevitably
word2vec,1.0,neither,bordeaux
word2vec,1.0,neither,ppm
word2vec,1.0,a_only,sultan
word2vec,1.0,neither,arlington
word2vec,1.0000001192092896,neither,bubblebath
word2vec,0.07483530044555664,neither,swarm
word2vec,0.9997942447662354,neither,saxe
word2vec,0.9999999403953552,a_only,mediterranean
word2vec,1.0000001192092896,neither,rico
word2vec,0.9651999473571777,shared,hide
word2vec,1.0,neither,mistakenly
word2vec,0.05071653425693512,neither,listlessly
word2vec,-0.05965108424425125,b_only,flatter
word2vec,0.9159166216850281,shared,grew
word2vec,0.029515733942389488,neither,burying
word2vec,1.0,neither,physiological
word2vec,1.0,neither,retelling
word2vec,1.0000001192092896,neither,orren
word2vec,1.0,a_only,facility
word2vec,1.0000001192092896,a_only,kenneth
word2vec,0.25575441122055054,neither,sanity
word2vec,0.9882414937019348,shared,barely
word2vec,1.0,a_only,hector
word2vec,0.922935426235199,shared,path
word2vec,1.0,neither,macguffin
word2vec,0.8745833039283752,shared,dead
word2vec,1.0000001192092896,a_only,coppola
word2vec,1.0,neither,wires
word2vec,0.982121467590332,shared,fashioned
word2vec,-0.13376621901988983,b_only,bastille
word2vec,1.0,neither,ta
word2vec,1.0000001192092896,neither,neuron
word2vec,1.0,a_only,evolutionary
word2vec,0.9999999403953552,neither,mainz
word2vec,0.01362699456512928,neither,gratifying
word2vec,-0.0586019791662693,b_only,consult
word2vec,0.9930123686790466,shared,profession
word2vec,1.0,a_only,berlin
word2vec,0.9999999403953552,neither,contiguous
word2vec,1.0,neither,whitlam
word2vec,1.0,neither,baptism
word2vec,1.0,neither,arraignment
word2vec,0.9869564771652222,shared,prepare
word2vec,1.0,a_only,liberalism
word2vec,1.0000001192092896,a_only,extensively
word2vec,1.0,neither,epistemology
word2vec,0.002278586383908987,neither,conceit
word2vec,1.0,a_only,nagorno
word2vec,1.0000001192092896,a_only,identifies
word2vec,0.11306320875883102,neither,presumption
word2vec,1.0,a_only,coastline
word2vec,1.0000001192092896,neither,nagel
word2vec,0.9654085040092468,shared,scream
word2vec,1.0000001192092896,a_only,seventh
word2vec,1.0000001192092896,neither,spinal
word2vec,0.9999999403953552,neither,productivity
word2vec,1.0,neither,olds
word2vec,0.9999999403953552,neither,cameras
word2vec,0.9999998807907104,neither,energetically
word2vec,0.9760882258415222,shared,meantime
word2vec,-0.041243281215429306,neither,noblest
word2vec,0.9978328347206116,shared,consistent
word2vec,1.0,neither,cyclic
word2vec,1.0000001192092896,a_only,based
word2vec,0.1574389487504959,neither,snug
word2vec,1.0,neither,ae
word2vec,0.9728356003761292,shared,class
word2vec,0.9182186126708984,shared,bill
word2vec,1.0,neither,realizing
word2vec,0.0659087747335434,neither,lust
word2vec,0.9999999403953552,neither,peruvian
word2vec,0.7418736815452576,shared,just
word2vec,1.0,neither,blair
word2vec,0.12961073219776154,neither,xxi
word2vec,-0.03349364921450615,neither,indignant
word2vec,1.0000001192092896,neither,transvaal
word2vec,0.034652549773454666,b_only,nibs
word2vec,0.11107341200113297,neither,crevice
word2vec,0.9907691478729248,shared,chat
word2vec,1.0000001192092896,neither,headaches
word2vec,0.08762521296739578,neither,rustic
word2vec,1.0,neither,akira
word2vec,0.19753290712833405,b_only,hain
word2vec,0.06656831502914429,neither,bags
word2vec,0.9905539155006409,shared,minister
word2vec,1.0,a_only,effectively
word2vec,0.9478642344474792,shared,liked
word2vec,0.9876430630683899,shared,visitors
word2vec,0.050835467875003815,b_only,fancy
word2vec,-0.10043343156576157,b_only,thursday
word2vec,0.9999999403953552,neither,schooling
word2vec,0.03061659447848797,neither,ensued
word2vec,1.0,neither,abduction
word2vec,0.07115355134010315,b_only,sorry
word2vec,1.0,a_only,kabul
word2vec,0.9552186131477356,shared,ma
word2vec,0.982808530330658,shared,buttons
word2vec,0.36790692806243896,neither,downwards
word2vec,0.11642780900001526,neither,dresses
word2vec,1.0,neither,comets
word2vec,1.0000001192092896,a_only,andrei
word2vec,0.9924980401992798,shared,sights
word2vec,0.16965670883655548,neither,vulgarity
word2vec,0.10939665138721466,b_only,laughter
word2vec,0.9999998807907104,a_only,warfare
word2vec,-0.04665883257985115,neither,ruther
word2vec,1.0,a_only,contemporary
word2vec,0.9395158886909485,shared,bitter
word2vec,-0.06519997864961624,neither,theatres
word2vec,0.9008271098136902,shared,country
word2vec,0.0547097884118557,neither,delights
word2vec,1.0,neither,ravaged
word2vec,1.0,neither,loans
word2vec,1.0,neither,nicomedia
word2vec,0.13823285698890686,neither,disappoint
word2vec,1.0,neither,crusaders
word2vec,0.16722512245178223,b_only,exquisite
word2vec,1.0,neither,calvinists
word2vec,0.9640251398086548,shared,weak
word2vec,1.0,a_only,hockey
word2vec,0.9409852027893066,shared,hundred
word2vec,1.0000001192092896,a_only,relaxation
word2vec,0.9999999403953552,neither,silvery
word2vec,0.9419308304786682,shared,antoine
word2vec,0.00270265806466341,b_only,4
word2vec,0.9983659386634827,shared,greek
word2vec,1.0,neither,enhance
word2vec,0.04584784805774689,b_only,betray
word2vec,1.0,neither,foods
word2vec,1.0000001192092896,neither,abbotsford
word2vec,0.961014449596405,shared,treasure
word2vec,0.9999999403953552,a_only,radicals
word2vec,1.0,a_only,taoism
word2vec,-0.0035837639588862658,neither,roadway
word2vec,1.0,a_only,contains
word2vec,0.99586421251297,shared,sailed
word2vec,0.9805186986923218,shared,rules
word2vec,1.0,a_only,mpla
word2vec,0.9999999403953552,neither,mcmurdo
word2vec,1.0,neither,trajectory
word2vec,1.0,a_only,beaches
word2vec,1.0,neither,dioceses
word2vec,0.9992627501487732,neither,deposit
word2vec,1.0000001192092896,a_only,helen
word2vec,0.7195314764976501,shared,some
word2vec,1.0,a_only,deposits
word2vec,1.0,neither,dysfunction
word2vec,1.0,a_only,ascii
word2vec,0.15201808512210846,neither,flock
word2vec,0.011220928281545639,neither,befallen
word2vec,1.0,neither,holiness
word2vec,0.9978731870651245,shared,association
word2vec,0.9997066259384155,shared,positive
word2vec,0.7627515196800232,shared,with
word2vec,1.0,a_only,defines
word2vec,0.9999999403953552,a_only,ambiguous
word2vec,0.9471119046211243,shared,mile
word2vec,0.9984576106071472,shared,limited
word2vec,0.9768256545066833,shared,steam
word2vec,-0.1430538147687912,neither,numskull
word2vec,1.0,a_only,seals
word2vec,1.0000001192092896,a_only,influential
word2vec,1.0000001192092896,neither,cet
word2vec,1.0,neither,fieldwork
word2vec,0.9993022084236145,shared,deaths
word2vec,-0.11860745400190353,neither,yourn
word2vec,-0.1376025527715683,neither,postilions
word2vec,1.0000001192092896,neither,nabokov
word2vec,0.2081833928823471,neither,lumps
word2vec,-0.043092112988233566,b_only,ventilator
word2vec,0.07401664555072784,b_only,roared
word2vec,1.0,neither,controversially
word2vec,0.9957624673843384,shared,im
word2vec,1.0000001192092896,neither,antonine
word2vec,0.9999999403953552,a_only,positron
word2vec,0.13355131447315216,neither,hesitating
word2vec,0.9263309240341187,shared,beside
word2vec,0.9844313859939575,shared,choice
word2vec,-0.060876503586769104,neither,poked
word2vec,1.0,neither,securities
word2vec,-0.017920099198818207,neither,storms
word2vec,0.9971067905426025,shared,attacks
word2vec,0.9847061038017273,shared,sailors
word2vec,1.0,neither,soils
word2vec,1.0,neither,indication
word2vec,1.0,neither,ronald
word2vec,1.0,neither,periodicals
word2vec,1.0,a_only,casualties
word2vec,0.19074448943138123,neither,hurled
word2vec,0.11877492815256119,neither,paced
word2vec,1.0,neither,jesse
word2vec,0.05408523976802826,neither,sheffield
word2vec,1.0,neither,rogue
word2vec,0.9980788230895996,shared,wills
word2vec,0.9547667503356934,shared,pile
word2vec,0.1147608682513237,neither,pone
word2vec,0.9999999403953552,a_only,electrical
word2vec,0.9679051041603088,shared,angel
word2vec,0.9807990789413452,shared,lucas
word2vec,0.9999998807907104,a_only,peninsula
word2vec,0.9999998807907104,a_only,agnostic
word2vec,1.0,neither,kierkegaard
word2vec,1.0,neither,editorial
word2vec,0.21892406046390533,b_only,remembering
word2vec,-0.11133618652820587,neither,absorbing
word2vec,-0.059296879917383194,neither,booming
word2vec,0.9909133315086365,shared,tune
word2vec,-0.022765766829252243,neither,vaulted
word2vec,-0.07432391494512558,b_only,bennet
word2vec,0.9999999403953552,a_only,urn
word2vec,0.18793413043022156,neither,boiled
word2vec,1.0,a_only,demands
word2vec,0.9595378637313843,shared,suffer
word2vec,1.0,neither,sediments
word2vec,1.0,neither,niger
word2vec,1.0000001192092896,neither,guaranteed
word2vec,0.03641313686966896,neither,guessing
word2vec,1.0000001192092896,a_only,transportation
word2vec,0.9778374433517456,shared,arabian
word2vec,0.9633609652519226,shared,midst
word2vec,0.9999999403953552,neither,anasazi
word2vec,0.03704593703150749,b_only,chaw
word2vec,1.0,neither,pinto
word2vec,0.05364383012056351,neither,stabboard
word2vec,1.0000001192092896,neither,zfc
word2vec,1.0,neither,cyborg
word2vec,1.0000001192092896,a_only,profitable
word2vec,1.0,neither,initialism
word2vec,1.0000001192092896,neither,lp
word2vec,0.9869946241378784,shared,colonel
word2vec,0.998896598815918,shared,poisoning
word2vec,0.013157113455235958,neither,sabbath
word2vec,-0.0974641814827919,neither,uneasily
word2vec,0.998806893825531,shared,th
word2vec,0.9710626006126404,shared,striking
word2vec,0.039553117007017136,b_only,momentary
word2vec,0.008985204622149467,neither,typewritten
word2vec,1.0,neither,evidenced
word2vec,1.0,neither,mc
word2vec,1.0,neither,domicile
word2vec,1.0,neither,perseus
word2vec,0.059260737150907516,neither,afore
word2vec,0.9790706038475037,shared,bug
word2vec,1.0,neither,friction
word2vec,1.0,neither,sect
word2vec,0.9052252173423767,shared,youth
word2vec,1.0,a_only,muslim
word2vec,0.9999998807907104,neither,glasgow
word2vec,0.9999999403953552,a_only,norte
word2vec,1.0000001192092896,neither,ryu
word2vec,1.0000001192092896,neither,nocturnal
word2vec,1.0000001192092896,neither,issuing
word2vec,0.1939714103937149,neither,pound
word2vec,1.0,neither,willers
word2vec,0.9999999403953552,a_only,sites
word2vec,0.007990116253495216,neither,inexorable
word2vec,1.0,a_only,descriptions
word2vec,1.0000001192092896,a_only,ada
word2vec,1.0000001192092896,a_only,combinations
word2vec,0.9061278104782104,shared,shadows
word2vec,1.0,a_only,engineering
word2vec,1.0,neither,corporations
word2vec,1.0,neither,indictment
word2vec,1.0,neither,intellectuals
word2vec,1.0,neither,tentatively
word2vec,1.0000001192092896,a_only,delegates
word2vec,1.0,a_only,harris
word2vec,0.9098067283630371,shared,fool
word2vec,0.0569705106317997,b_only,fooling
word2vec,1.0,a_only,jefferson
word2vec,0.9883275032043457,shared,hopping
word2vec,0.9946978092193604,shared,spider
word2vec,1.0,a_only,billion
word2vec,0.9959878325462341,shared,supply
word2vec,1.0,neither,papua
word2vec,1.0000001192092896,neither,oz
word2vec,0.10366493463516235,b_only,whip
word2vec,1.0,neither,stimulation
word2vec,1.0,a_only,council
word2vec,0.9250872731208801,shared,feet
word2vec,0.995215117931366,shared,experiments
word2vec,0.9984886646270752,shared,arising
word2vec,0.9999998807907104,neither,organize
word2vec,0.9863016605377197,shared,cautious
word2vec,1.0,neither,commodities
word2vec,0.17252840101718903,neither,advisable
word2vec,0.013089224696159363,b_only,crooked
word2vec,0.11957508325576782,neither,gnashed
word2vec,1.0000001192092896,neither,outlawed
word2vec,0.9970782399177551,shared,syllables
word2vec,0.9288327097892761,shared,lying
word2vec,1.0,neither,zip
word2vec,0.17748460173606873,neither,islan
word2vec,0.9999999403953552,neither,invasions
word2vec,0.9999999403953552,a_only,township
word2vec,1.0,neither,alamos
word2vec,1.0,neither,conjunction
word2vec,-0.07754265516996384,b_only,grim
word2vec,-0.1563839614391327,b_only,pockets
word2vec,0.9789379239082336,shared,edge
word2vec,0.19504314661026,neither,ledger
word2vec,0.9989582896232605,shared,achieved
word2vec,0.9999998807907104,a_only,produces
word2vec,-0.030758431181311607,b_only,knees
word2vec,0.9999998807907104,a_only,alpacas
word2vec,1.0000001192092896,a_only,rhetoric
word2vec,1.0,neither,operative
word2vec,1.0,neither,legitimacy
word2vec,0.02010945789515972,neither,shouts
word2vec,1.0,neither,acronym
word2vec,-0.03104688972234726,neither,gruff
word2vec,1.0,neither,cryptic
word2vec,1.0000001192092896,neither,ngc
word2vec,0.9999998807907104,a_only,relationships
word2vec,0.04194620996713638,neither,puffed
word2vec,0.9978637099266052,shared,villages
word2vec,1.0,a_only,damage
word2vec,0.18147286772727966,neither,straggling
word2vec,1.0,neither,animators
word2vec,1.0,neither,pregnancies
word2vec,0.06353014707565308,neither,traversing
word2vec,0.9452758431434631,shared,nearer
word2vec,0.9832558035850525,shared,spared
word2vec,0.9924229979515076,shared,wilderness
word2vec,0.8476671576499939,shared,place
word2vec,0.9553436040878296,shared,lots
word2vec,1.0,a_only,albatross
word2vec,1.0000001192092896,neither,cubic
word2vec,0.9908259510993958,shared,deeds
word2vec,-0.0360458604991436,b_only,tidings
word2vec,-0.0892716646194458,b_only,ther
word2vec,0.990757405757904,shared,owned
word2vec,0.9770471453666687,shared,grief
word2vec,0.9688974618911743,shared,born
word2vec,0.999964714050293,shared,problems
word2vec,0.9999999403953552,neither,humanities
word2vec,0.9999998807907104,neither,vandals
word2vec,1.0,neither,vertebrae
word2vec,1.0,a_only,enlightenment
word2vec,0.9999998807907104,neither,lnot
word2vec,1.0,a_only,broadcast
word2vec,1.0000001192092896,neither,beverage
word2vec,0.07949557155370712,neither,fortitude
word2vec,0.9971669316291809,shared,emergency
word2vec,1.0000001192092896,a_only,diacritic
word2vec,0.9974324703216553,shared,social
word2vec,1.0,a_only,institute
word2vec,0.07166236639022827,b_only,hullo
word2vec,0.9999999403953552,neither,baruch
word2vec,0.950556755065918,shared,public
word2vec,1.0,a_only,normally
word2vec,1.0,neither,navigator
word2vec,0.9846246838569641,shared,grab
word2vec,1.0,neither,walther
word2vec,1.0,a_only,tons
word2vec,1.0,a_only,goddess
word2vec,0.991725742816925,shared,balls
word2vec,0.9680206179618835,shared,fairly
word2vec,0.99107426404953,shared,substance
word2vec,1.0,a_only,transformations
word2vec,1.0,neither,omnibus
word2vec,0.9999999403953552,neither,wwii
word2vec,0.8987591862678528,shared,laid
word2vec,1.0,neither,statehood
word2vec,0.10613473504781723,neither,ham
word2vec,1.0,a_only,bishops
word2vec,0.004622282925993204,b_only,kennel
word2vec,-0.13645857572555542,neither,genial
word2vec,-0.10835572332143784,b_only,tramp
word2vec,0.9999999403953552,neither,authored
word2vec,0.2364024966955185,neither,bloxam
word2vec,0.9968081712722778,shared,handwriting
word2vec,1.0,neither,responds
word2vec,1.0000001192092896,a_only,santos
word2vec,-0.009947974234819412,b_only,typewriter
word2vec,1.0,neither,wilkes
word2vec,0.9999998807907104,neither,soprano
word2vec,1.0,neither,popularly
word2vec,1.0,a_only,julius
word2vec,1.0000001192092896,a_only,revenue
word2vec,1.0,neither,memoir
word2vec,0.1111958771944046,b_only,repose
word2vec,1.0,neither,browser
word2vec,0.9602946639060974,shared,job
word2vec,1.0,neither,erik
word2vec,1.0000001192092896,a_only,opus
word2vec,0.049923453480005264,neither,darker
word2vec,1.0,neither,grid
word2vec,1.0,a_only,coasts
word2vec,0.06415081024169922,neither,wreaths
word2vec,1.0,neither,radically
word2vec,0.9999998807907104,neither,martha
word2vec,-0.10838383436203003,b_only,procession
word2vec,0.19304628670215607,neither,wiping
word2vec,0.9923696517944336,shared,atmosphere
word2vec,-0.030479006469249725,b_only,graveyard
word2vec,0.02256694994866848,neither,23
word2vec,-0.12314716726541519,b_only,ardour
word2vec,1.0000001192092896,neither,vols
word2vec,1.0,a_only,bomb
word2vec,0.9951717257499695,shared,fourteenth
word2vec,0.9922832250595093,shared,vanish
word2vec,1.0,a_only,comic
word2vec,0.9643703103065491,shared,cool
word2vec,0.9974934458732605,neither,pillar
word2vec,-0.0677531436085701,neither,grinning
word2vec,1.0,a_only,tennis
word2vec,1.0,a_only,theaters
word2vec,0.2322172373533249,neither,slit
word2vec,0.23976846039295197,neither,dens
word2vec,1.0000001192092896,a_only,noteworthy
word2vec,1.0,a_only,flourished
word2vec,-0.0459648035466671,neither,satin
word2vec,1.0,a_only,differ
word2vec,1.0,a_only,encyclopedia
word2vec,1.0,neither,alcidamas
word2vec,1.0,neither,wizard
word2vec,0.9996219873428345,shared,extracts
word2vec,0.039231907576322556,neither,unaccountable
word2vec,1.0,neither,nicknamed
word2vec,0.14396309852600098,neither,foresight
word2vec,0.9711291790008545,shared,whenever
word2vec,1.0000001192092896,neither,cyrillic
word2vec,1.0,neither,indonesian
word2vec,-0.07465370744466782,b_only,oars
word2vec,0.9664322137832642,shared,wound
word2vec,0.9194880723953247,shared,pool
word2vec,0.9999998807907104,neither,pressured
word2vec,0.9999999403953552,a_only,walter
word2vec,1.0,neither,montenegro
word2vec,0.9999999403953552,a_only,perspective
word2vec,1.0,neither,formalism
word2vec,1.0,neither,geoffroy
word2vec,0.12001119554042816,b_only,becky
word2vec,1.0,a_only,ports
word2vec,-0.011035449802875519,neither,spile
word2vec,1.0,neither,overwhelmingly
word2vec,1.0,neither,dome
word2vec,0.9901085495948792,shared,fried
word2vec,1.0,neither,behaviours
word2vec,0.10707827657461166,b_only,polly
word2vec,0.9979730248451233,shared,conductor
word2vec,1.0,neither,biochemist
word2vec,0.9952791929244995,shared,female
word2vec,-0.01467475388199091,b_only,throat
word2vec,1.0,a_only,paratime
word2vec,0.9962987899780273,shared,foreigners
word2vec,1.0,neither,differentiated
word2vec,0.9982770085334778,shared,patients
word2vec,0.9963304400444031,shared,agrippa
word2vec,-0.09750290215015411,neither,mourner
word2vec,-0.019916988909244537,b_only,knocked
word2vec,1.0000001192092896,a_only,premier
word2vec,0.9999999403953552,a_only,latitude
word2vec,0.9988691806793213,neither,colder
word2vec,0.9655430316925049,shared,anxiety
word2vec,1.0,neither,honoria
word2vec,0.9899531602859497,shared,map
word2vec,0.9999999403953552,a_only,cern
word2vec,1.0000001192092896,a_only,synod
word2vec,0.9944087862968445,shared,push
word2vec,0.9999998807907104,a_only,eliminate
word2vec,0.9481675028800964,shared,met
word2vec,1.0000001192092896,a_only,carrier
word2vec,1.0,neither,grounding
word2vec,1.0,a_only,allies
word2vec,0.9794608950614929,shared,notes
word2vec,0.9999999403953552,neither,salicylate
word2vec,0.34386369585990906,neither,puffing
word2vec,0.830916702747345,shared,big
word2vec,1.0,neither,corinthian
word2vec,0.9952914118766785,shared,wisdom
word2vec,0.01876715011894703,b_only,1
word2vec,0.998528003692627,shared,sphere
word2vec,0.9907777905464172,shared,supported
word2vec,1.0000001192092896,a_only,princess
word2vec,0.9999998807907104,a_only,cologne
word2vec,0.9999998807907104,a_only,businesses
word2vec,1.0,neither,conformations
word2vec,1.0,a_only,committee
word2vec,0.9973378777503967,shared,pilot
word2vec,0.9999999403953552,a_only,operated
word2vec,1.0,neither,subfields
word2vec,0.9939563870429993,shared,robinson
word2vec,0.9951788783073425,shared,speculate
word2vec,1.0,neither,statistician
word2vec,0.9975152015686035,shared,supernatural
word2vec,0.08221060782670975,neither,ourn
word2vec,0.45724478363990784,neither,stoper
word2vec,1.0,neither,sexuality
word2vec,0.9999998807907104,a_only,algiers
word2vec,1.0,neither,airspace
word2vec,-0.17943793535232544,neither,mechanically
word2vec,1.0,neither,modules
word2vec,-0.03447134420275688,neither,reveries
word2vec,0.9999999403953552,a_only,user
word2vec,0.8510297536849976,shared,door
word2vec,0.993488073348999,shared,exception
word2vec,0.9777716994285583,shared,treated
word2vec,1.0,a_only,sampras
word2vec,0.9324794411659241,shared,manner
word2vec,0.9949175119400024,shared,completed
word2vec,0.9116578102111816,shared,curious
word2vec,0.9074509143829346,shared,speak
word2vec,1.0000001192092896,neither,economical
word2vec,0.9858070611953735,shared,hotel
word2vec,-0.0041640643030405045,b_only,witches
word2vec,-0.0609789714217186,neither,scratched
word2vec,0.9993406534194946,shared,normal
word2vec,0.9931859374046326,shared,populace
word2vec,-0.1099664717912674,neither,sneaked
word2vec,1.0,a_only,ka
word2vec,0.08001501858234406,neither,plunging
word2vec,1.0,neither,virginity
word2vec,1.0,a_only,alumni
word2vec,0.9891133904457092,shared,pleasing
word2vec,0.1754099726676941,b_only,startled
word2vec,1.0,neither,kant
word2vec,0.11428821831941605,neither,charing
word2vec,0.9743071794509888,shared,worn
word2vec,1.0,neither,blocked
word2vec,1.0,neither,israelites
word2vec,-0.03009931929409504,neither,sundays
word2vec,0.9960321187973022,shared,beer
word2vec,1.0000001192092896,a_only,traditional
word2vec,0.060865309089422226,neither,begone
word2vec,0.9602560997009277,shared,shoulders
word2vec,0.0600888766348362,neither,denunciation
word2vec,0.9999998807907104,a_only,ellis
word2vec,0.9999999403953552,a_only,avicenna
word2vec,0.9999998807907104,neither,mckinley
word2vec,0.12576168775558472,neither,forgiven
word2vec,1.0,neither,bulgaria
word2vec,0.9903435111045837,shared,barrels
word2vec,0.9760094285011292,shared,waste
word2vec,0.9989315271377563,shared,india
word2vec,1.0,neither,yin
word2vec,-0.07579172402620316,b_only,amazement
word2vec,0.9757716655731201,shared,books
word2vec,0.9973422288894653,shared,recognition
word2vec,1.0,a_only,infantry
word2vec,0.9999999403953552,neither,sonic
word2vec,1.0000001192092896,neither,cubango
word2vec,1.0,neither,couples
word2vec,1.0000001192092896,neither,yerevan
word2vec,0.9644033908843994,shared,meaning
word2vec,1.0000001192092896,neither,insofar
word2vec,0.9869983792304993,shared,suspicious
word2vec,0.9972922205924988,shared,forcing
word2vec,0.054694678634405136,neither,itch
word2vec,-0.07308350503444672,neither,stupidity
word2vec,1.0,a_only,companies
word2vec,0.9836361408233643,shared,dot
word2vec,1.0000001192092896,a_only,electromagnetic
word2vec,0.9956479072570801,shared,release
word2vec,0.9653205871582031,shared,promised
word2vec,0.8897168040275574,shared,evening
word2vec,0.94331955909729,shared,question
word2vec,0.8895084857940674,shared,everything
word2vec,0.9645039439201355,shared,coloured
word2vec,0.995191216468811,shared,withdrawn
word2vec,0.0028580203652381897,neither,toves
word2vec,0.2080027163028717,b_only,moran
word2vec,1.0000001192092896,a_only,empire
word2vec,1.0000001192092896,a_only,ambrosia
word2vec,1.0000001192092896,a_only,algol
word2vec,1.0000001192092896,neither,detector
word2vec,1.0,a_only,orbits
word2vec,1.0,neither,domains
word2vec,0.9970940351486206,shared,peacefully
word2vec,0.19149422645568848,neither,toss
word2vec,0.05475988984107971,b_only,fastened
word2vec,0.05177542194724083,neither,shouldering
word2vec,0.012255916371941566,neither,gladys
word2vec,0.9956318736076355,shared,ceremonies
word2vec,1.0000001192092896,neither,stunt
word2vec,-0.1261216551065445,b_only,mos
word2vec,0.9730427265167236,shared,result
word2vec,0.9972259402275085,shared,identify
word2vec,0.9999999403953552,neither,sidebands
word2vec,0.08276227861642838,neither,chatting
word2vec,0.992355465888977,shared,performance
word2vec,0.7075150609016418,shared,oh
word2vec,0.193315327167511,b_only,injun
word2vec,0.9741519689559937,shared,weeds
word2vec,0.11736396700143814,neither,stunned
word2vec,0.9999999403953552,neither,sarris
word2vec,1.0,a_only,adults
word2vec,1.0000001192092896,a_only,celtic
word2vec,1.0,neither,electro
word2vec,-0.17263925075531006,b_only,ecstasy
word2vec,-0.04438462480902672,b_only,madness
word2vec,0.021417507901787758,neither,devilish
word2vec,1.0,a_only,ayn
word2vec,1.0,neither,brigadier
word2vec,0.9817981123924255,shared,refuse
word2vec,-0.041365452110767365,neither,plunge
word2vec,1.0,neither,practitioner
word2vec,0.9999998807907104,neither,classify
word2vec,0.9905762076377869,shared,maiden
word2vec,0.9999999403953552,a_only,enforced
word2vec,0.11958541721105576,neither,assizes
word2vec,1.0,neither,sixtus
word2vec,1.0,neither,calcite
word2vec,1.0000001192092896,neither,phoebastria
word2vec,1.0,neither,ecuador
word2vec,0.1524633765220642,b_only,dreadfully
word2vec,0.9929187893867493,shared,needs
word2vec,0.9501099586486816,shared,sensation
word2vec,0.9276608824729919,shared,dressed
word2vec,1.0,a_only,justification
word2vec,1.0000001192092896,neither,polycarp
word2vec,0.05219972878694534,neither,deficient
word2vec,1.0000001192092896,neither,chancellery
word2vec,0.9999999403953552,neither,wade
word2vec,0.9999999403953552,a_only,temperate
word2vec,1.0,neither,jamnia
word2vec,0.09064347296953201,b_only,murmured
word2vec,1.0,a_only,atheist
word2vec,1.0000001192092896,a_only,challenger
word2vec,-0.08403636515140533,b_only,slipped
word2vec,1.0000001192092896,neither,hampered
word2vec,0.9523084163665771,shared,grass
word2vec,0.04492364451289177,neither,mire
word2vec,-0.1191444918513298,b_only,flames
word2vec,1.0,neither,australis
word2vec,0.9489570260047913,shared,died
word2vec,0.9953318238258362,shared,eventually
word2vec,0.9903067350387573,shared,obscure
word2vec,1.0,neither,nike
word2vec,1.0,a_only,metaphysics
word2vec,1.0,neither,slovenian
word2vec,1.0000001192092896,neither,materialism
word2vec,0.11543186008930206,neither,passionately
word2vec,1.0,neither,ibook
word2vec,0.05893881991505623,neither,twinkled
word2vec,1.0,neither,transporting
word2vec,1.0000001192092896,neither,asterales
word2vec,0.9327635169029236,shared,sunday
word2vec,0.9999999403953552,neither,gestapo
word2vec,0.9689441919326782,shared,fallen
word2vec,0.1434541642665863,neither,etiquette
word2vec,0.05968677997589111,neither,avert
word2vec,0.7498120665550232,shared,was
word2vec,0.09555446356534958,neither,catfish
word2vec,0.11334748566150665,b_only,crush
word2vec,0.9999999403953552,neither,sandstone
word2vec,0.9944285750389099,shared,east
word2vec,0.9999998807907104,neither,associativity
word2vec,0.9961076378822327,shared,xxvi
word2vec,1.0,neither,berbers
word2vec,0.9871589541435242,shared,closely
word2vec,0.9563652873039246,shared,wise
word2vec,1.0000001192092896,neither,treatises
word2vec,0.999206006526947,shared,hunter
word2vec,0.9999999403953552,neither,exceeds
word2vec,0.9774835705757141,shared,weeks
word2vec,1.0,neither,precedent
word2vec,0.9633722305297852,shared,strain
word2vec,1.0,neither,intuitionistic
word2vec,-0.15123333036899567,b_only,blows
word2vec,0.1122594028711319,neither,noth
word2vec,1.0,a_only,corresponds
word2vec,1.0,a_only,epirus
word2vec,0.17212793231010437,neither,musing
word2vec,1.0,a_only,asian
word2vec,1.0,a_only,prairie
word2vec,0.9959552884101868,shared,seasons
word2vec,1.0,neither,downloaded
word2vec,-0.014398014172911644,b_only,hey
word2vec,0.12442569434642792,b_only,swelled
word2vec,0.9999998807907104,a_only,predominantly
word2vec,0.9939530491828918,neither,piles
word2vec,1.0000001192092896,neither,symbolized
word2vec,1.0000001192092896,neither,garc
word2vec,0.9857316613197327,shared,understanding
word2vec,0.9913429617881775,shared,cattle
word2vec,1.0,neither,crafted
word2vec,0.054886557161808014,neither,echoing
word2vec,0.7880144715309143,shared,them
word2vec,-0.007520886138081551,neither,deserves
word2vec,0.9991106390953064,shared,sequence
word2vec,0.06868626177310944,neither,pitiable
word2vec,0.8057085871696472,shared,came
word2vec,1.0,neither,indistinguishable
word2vec,0.8982664346694946,shared,tied
word2vec,0.987308144569397,shared,fired
word2vec,-0.09197571128606796,neither,juice
word2vec,1.0,neither,initiate
word2vec,0.9999999403953552,neither,monaco
word2vec,1.0,neither,proteles
word2vec,1.0000001192092896,neither,reddish
word2vec,1.0,neither,dynamics
word2vec,-0.1181819811463356,b_only,delighted
word2vec,-0.0038497147615998983,neither,sherry
word2vec,0.03218710422515869,b_only,rude
word2vec,1.0000001192092896,a_only,goals
word2vec,1.0,neither,matrices
word2vec,0.047942668199539185,b_only,darling
word2vec,0.10254541784524918,b_only,shoemaker
word2vec,0.08447640389204025,neither,renew
word2vec,1.0,neither,barton
word2vec,0.9999998807907104,a_only,quoted
word2vec,1.0,a_only,nh
word2vec,0.9999998807907104,neither,hephaestion
word2vec,0.9973500967025757,shared,suicide
word2vec,1.0000001192092896,a_only,intervention
word2vec,0.9979244470596313,shared,governed
word2vec,0.9999999403953552,a_only,currency
word2vec,1.0,neither,analogue
word2vec,1.0,neither,insight
word2vec,-0.054078247398138046,neither,sirs
word2vec,0.9994796514511108,shared,literary
word2vec,1.0,neither,porto
word2vec,0.9999998807907104,neither,stephenson
word2vec,0.9525718688964844,shared,signs
word2vec,0.873663604259491,shared,started
word2vec,0.04206245392560959,neither,continual
word2vec,1.0000001192092896,a_only,centers
word2vec,1.0,neither,metternich
word2vec,0.9581499099731445,shared,given
word2vec,1.0,a_only,jo
word2vec,0.9813617467880249,shared,loving
word2vec,0.09562575817108154,neither,audibly
word2vec,1.0,neither,tillich
word2vec,0.9860690832138062,shared,bid
word2vec,0.19067099690437317,neither,stolid
word2vec,0.06831195205450058,neither,wigged
word2vec,0.9928823709487915,shared,recorded
word2vec,1.0000001192092896,a_only,easter
word2vec,1.0,neither,transmitter
word2vec,0.9859480857849121,shared,dwelling
word2vec,1.0,neither,pahlavi
word2vec,0.14364171028137207,neither,reddened
word2vec,1.0,neither,mandatory
word2vec,0.9962413311004639,shared,diamond
word2vec,0.9939219951629639,shared,modest
word2vec,0.8526909947395325,shared,wine
word2vec,1.0,a_only,indirect
word2vec,1.0,neither,illegally
word2vec,1.0000001192092896,a_only,astronomers
word2vec,0.971775472164154,shared,otherwise
word2vec,0.9710928797721863,shared,hit
word2vec,1.0000001192092896,a_only,implementations
word2vec,1.0,a_only,viewpoint
word2vec,1.0000001192092896,a_only,alternatively
word2vec,0.7608523964881897,shared,him
word2vec,0.9907609224319458,shared,steel
word2vec,1.0,neither,sergio
word2vec,-0.025654710829257965,b_only,kinder
word2vec,0.18995949625968933,b_only,peeping
word2vec,1.0,neither,filmmakers
word2vec,1.0000001192092896,a_only,sports
word2vec,-0.13119196891784668,neither,sagacity
word2vec,0.6279377937316895,shared,wendy
word2vec,1.0000001192092896,neither,dongell
word2vec,0.01041480340063572,neither,craving
word2vec,1.0,neither,investors
word2vec,0.9889271259307861,shared,cradle
word2vec,0.9999999403953552,a_only,define
word2vec,1.0,a_only,ussr
word2vec,0.9999998807907104,neither,berwick
word2vec,0.9800971746444702,shared,tower
word2vec,0.9999999403953552,a_only,ashmore
word2vec,1.0,neither,vein
word2vec,1.0000001192092896,a_only,egoism
word2vec,-0.13557368516921997,neither,irons
word2vec,1.0,a_only,strategy
word2vec,-0.022168749943375587,neither,cain
word2vec,0.9920186996459961,neither,dive
word2vec,0.9884377717971802,shared,overcome
word2vec,0.07450876384973526,b_only,hasn
word2vec,0.14979636669158936,neither,lighthouse
word2vec,1.0000001192092896,neither,yang
word2vec,0.9999998807907104,neither,devastating
word2vec,-0.07737462222576141,neither,filling
word2vec,1.0,a_only,relativity
word2vec,0.9891347289085388,shared,ties
word2vec,1.0,a_only,disputed
word2vec,0.28084859251976013,neither,deil
word2vec,0.9913029074668884,shared,fearing
word2vec,0.9999998807907104,neither,maurya
word2vec,0.9946915507316589,shared,grant
word2vec,1.0,neither,montagu
word2vec,1.0,neither,peredeo
word2vec,1.0000001192092896,neither,goto
word2vec,0.9911804795265198,shared,uncommon
word2vec,1.0000001192092896,neither,sps
word2vec,-0.033789440989494324,b_only,whisper
word2vec,0.9902187585830688,shared,contained
word2vec,0.1903451681137085,neither,chilled
word2vec,1.0000001192092896,a_only,nashville
word2vec,0.9965544939041138,shared,crescent
word2vec,0.2321571558713913,neither,louisa
word2vec,0.9999999403953552,neither,emil
word2vec,1.0,a_only,sartre
word2vec,1.0000001192092896,a_only,ecology
word2vec,1.0,neither,regent
word2vec,1.0,neither,marker
word2vec,0.998186469078064,shared,conquered
word2vec,1.0000001192092896,neither,dystopian
word2vec,1.0,a_only,jewish
word2vec,-0.010786307975649834,b_only,ef
word2vec,1.0,a_only,particles
word2vec,0.9565888047218323,shared,floating
word2vec,1.0,a_only,stability
word2vec,0.9068939685821533,shared,felix
word2vec,0.9911869764328003,shared,severity
word2vec,1.0,neither,ieee
word2vec,1.0,a_only,apostolic
word2vec,0.9999999403953552,a_only,subsequent
word2vec,1.0,neither,ace
word2vec,0.983362078666687,shared,execution
word2vec,0.9918436408042908,shared,rare
word2vec,0.9999999403953552,a_only,iranian
word2vec,0.9999999403953552,a_only,georg
word2vec,-0.008838732726871967,neither,xxii
word2vec,0.9849575161933899,shared,chains
word2vec,0.9999998807907104,neither,satire
word2vec,1.0,neither,cant
word2vec,1.0,neither,feynman
word2vec,0.02516970969736576,b_only,sunshine
word2vec,0.9800985455513,shared,tragic
word2vec,1.0,a_only,clan
word2vec,1.0,a_only,structured
word2vec,0.9946196675300598,shared,involved
word2vec,0.9999999403953552,a_only,sections
word2vec,0.9875378012657166,shared,attachment
word2vec,1.0,neither,theodor
word2vec,0.05251206085085869,neither,repair
word2vec,0.1759711056947708,neither,harrow
word2vec,0.10406115651130676,neither,robbed
word2vec,0.8759633302688599,shared,father
word2vec,0.9999999403953552,a_only,pregnancy
word2vec,1.0000001192092896,a_only,catholic
word2vec,1.0000001192092896,neither,ur
word2vec,1.0000001192092896,neither,apr
word2vec,1.0000001192092896,a_only,spartan
word2vec,0.6923261284828186,shared,chapter
word2vec,0.9999999403953552,neither,strasbourg
word2vec,1.0,a_only,tsar
word2vec,1.0000001192092896,a_only,ch
word2vec,0.06533549726009369,b_only,fairies
word2vec,0.9758126735687256,shared,advance
word2vec,0.9782447814941406,shared,confused
word2vec,1.0000001192092896,a_only,explorer
word2vec,1.0,neither,fairhair
word2vec,1.0,a_only,singles
word2vec,0.9675682187080383,shared,plate
word2vec,1.0,neither,plymouth
word2vec,1.0000001192092896,neither,qatar
word2vec,-0.28186213970184326,neither,honestly
word2vec,0.07287394255399704,neither,14
word2vec,0.9798274040222168,shared,prayer
word2vec,1.0,neither,urgell
word2vec,0.9607105255126953,shared,moving
word2vec,0.009587550535798073,neither,mortifying
word2vec,1.0,a_only,circuit
word2vec,0.9999999403953552,a_only,physics
word2vec,0.840331494808197,shared,not
word2vec,0.038655612617731094,neither,considable
word2vec,1.0000001192092896,neither,kirk
word2vec,0.04797861725091934,neither,scare
word2vec,0.9622906446456909,shared,reward
word2vec,1.0,neither,distinguishes
word2vec,0.07409607619047165,b_only,obeyed
word2vec,0.14716403186321259,b_only,goose
word2vec,0.06300576776266098,neither,liquor
word2vec,0.996361255645752,shared,detect
word2vec,1.0,neither,session
word2vec,1.0,neither,busiest
word2vec,0.2002035230398178,neither,kid
word2vec,1.0000001192092896,a_only,profile
word2vec,0.9974821209907532,shared,personally
word2vec,1.0000001192092896,a_only,starred
word2vec,1.0,a_only,translations
word2vec,-0.03728000074625015,neither,monotonously
word2vec,0.8541166186332703,shared,shall
word2vec,0.04610195755958557,b_only,coarse
word2vec,1.0000001192092896,neither,contra
word2vec,0.9999999403953552,neither,feminism
word2vec,1.0,a_only,scottish
word2vec,0.9187081456184387,shared,quiet
word2vec,0.9782944917678833,shared,boxes
word2vec,0.9801956415176392,neither,inventing
word2vec,0.9936809539794922,shared,morals
word2vec,1.0,a_only,overseas
word2vec,0.9559290409088135,shared,fit
word2vec,0.9999999403953552,neither,coca
word2vec,0.9843068718910217,shared,accounts
word2vec,-0.14255186915397644,b_only,rattle
word2vec,0.9790698289871216,shared,lighting
word2vec,0.9984543323516846,shared,discussed
word2vec,0.08024070411920547,neither,acutely
word2vec,0.9979243278503418,shared,largely
word2vec,1.0,neither,subgenre
word2vec,1.0000001192092896,a_only,spaces
word2vec,0.9938979148864746,shared,rendering
word2vec,0.9962424635887146,shared,issue
word2vec,0.08681504428386688,neither,scriptural
word2vec,0.9913862943649292,shared,rocks
word2vec,0.981770396232605,shared,signed
word2vec,1.0000001192092896,neither,doris
word2vec,0.9999999403953552,neither,therapies
word2vec,0.9854310750961304,shared,prayers
word2vec,0.9746854901313782,shared,endeavour
word2vec,1.0,a_only,uke
word2vec,1.0,neither,segments
word2vec,1.0,neither,feats
word2vec,-0.026701083406805992,b_only,goodness
word2vec,0.20946437120437622,neither,mortals
word2vec,1.0000001192092896,a_only,andre
word2vec,0.9664238691329956,shared,houses
word2vec,0.9965693950653076,neither,strengthened
word2vec,-0.0961751788854599,b_only,intend
word2vec,0.8358655571937561,shared,sweet
word2vec,0.7924139499664307,shared,around
word2vec,1.0,neither,topology
word2vec,0.981852114200592,neither,dee
word2vec,0.9867011308670044,shared,answering
word2vec,0.031325556337833405,neither,interposed
word2vec,0.1712121218442917,b_only,sill
word2vec,1.0,neither,undisputed
word2vec,0.16239714622497559,neither,civilly
word2vec,0.017523979768157005,b_only,derbyshire
word2vec,1.0,a_only,activities
word2vec,1.0,neither,marries
word2vec,0.08337508141994476,b_only,bingley
word2vec,0.08431924134492874,b_only,turk
word2vec,1.0,neither,offerings
word2vec,1.0,a_only,pervasive
word2vec,1.0000001192092896,neither,pl
word2vec,0.99532151222229,shared,preserved
word2vec,0.07823806256055832,neither,chooses
word2vec,1.0,neither,pauli
word2vec,0.9797188639640808,shared,teach
word2vec,0.9464879035949707,shared,pick
word2vec,0.9941561818122864,shared,banker
word2vec,1.0,neither,illustrate
word2vec,0.05276661738753319,b_only,misery
word2vec,1.0,neither,targeted
word2vec,1.0,neither,lambda
word2vec,0.7880259156227112,shared,there
word2vec,0.9989271759986877,shared,involve
word2vec,0.9999998807907104,a_only,virtually
word2vec,1.0,a_only,museums
word2vec,0.9999999403953552,neither,treble
word2vec,1.0,neither,prelate
word2vec,0.9961256384849548,shared,operation
word2vec,-0.1633661985397339,b_only,dozen
word2vec,0.9978220462799072,shared,novel
word2vec,0.9893686771392822,shared,mar
word2vec,0.9999998807907104,a_only,epitome
word2vec,1.0,neither,seyss
word2vec,1.0,neither,pastor
word2vec,0.9951796531677246,shared,distinguish
word2vec,-0.06132008880376816,b_only,redskins
word2vec,0.9999999403953552,a_only,rugby
word2vec,0.9968434572219849,shared,yielding
word2vec,0.040900375694036484,neither,flinging
word2vec,-0.07127654552459717,b_only,attendants
word2vec,1.0,neither,aspirations
word2vec,0.04427533969283104,neither,fabulous
word2vec,0.9722852110862732,shared,wandering
word2vec,-0.0654003918170929,b_only,8
word2vec,0.992393970489502,shared,image
word2vec,1.0,neither,succinic
word2vec,0.012585454620420933,b_only,recollect
word2vec,0.9730302691459656,shared,private
word2vec,1.0,neither,albion
word2vec,0.9999999403953552,neither,nster
word2vec,0.11851339787244797,neither,doubled
word2vec,1.0,neither,militiamen
word2vec,0.9565117359161377,shared,danger
word2vec,1.0,a_only,pdf
word2vec,-0.025947244837880135,neither,privileged
word2vec,1.0000001192092896,neither,acad
word2vec,0.09294406324625015,neither,unhappiness
word2vec,0.9999998807907104,neither,flavor
word2vec,1.0000001192092896,a_only,arbitrary
word2vec,0.9933441877365112,shared,steering
word2vec,0.9999999403953552,a_only,refectory
word2vec,1.0,neither,terraces
word2vec,1.0,neither,calvin
word2vec,0.06752367317676544,b_only,madman
word2vec,0.12016579508781433,neither,poultry
word2vec,0.9837812781333923,shared,worthy
word2vec,0.9999998807907104,a_only,ales
word2vec,0.0006768798339180648,neither,narration
word2vec,-0.04966791719198227,neither,hopeful
word2vec,0.9999999403953552,neither,rewards
word2vec,1.0,neither,theft
word2vec,0.9954735636711121,shared,blunt
word2vec,0.9118987321853638,shared,horse
word2vec,1.0000001192092896,a_only,ski
word2vec,0.016523290425539017,neither,despondency
word2vec,0.20244114100933075,neither,delicately
word2vec,1.0000001192092896,a_only,abram
word2vec,1.0,neither,downloads
word2vec,0.9999999403953552,neither,ehret
word2vec,1.0,neither,engraved
word2vec,1.0,a_only,myths
word2vec,0.00932446401566267,neither,opiate
word2vec,1.0,neither,clusters
word2vec,1.0,a_only,jerusalem
word2vec,0.993850827217102,shared,horizon
word2vec,0.19046525657176971,neither,jubilant
word2vec,0.09125310927629471,neither,genteel
word2vec,1.0000001192092896,a_only,anchors
word2vec,0.9519622325897217,shared,dish
word2vec,0.16443820297718048,neither,dissatisfied
word2vec,0.1321861743927002,neither,wheeled
word2vec,-0.036043133586645126,b_only,traveller
word2vec,1.0000001192092896,a_only,automated
word2vec,-0.04941239580512047,neither,inexperienced
word2vec,0.9934871792793274,shared,scholars
word2vec,1.0,a_only,cited
word2vec,0.9949168562889099,shared,folk
word2vec,0.9802087545394897,shared,estate
word2vec,0.982105553150177,shared,suppressed
word2vec,1.0,neither,equinox
word2vec,0.9999999403953552,neither,manifesto
word2vec,1.0000001192092896,neither,portraits
word2vec,1.0,neither,hogan
word2vec,0.9999998807907104,neither,ego
word2vec,0.06866953521966934,neither,bald
word2vec,1.0000001192092896,neither,costly
word2vec,1.0,neither,rama
word2vec,0.9999999403953552,a_only,contested
word2vec,1.0000001192092896,a_only,eclipsed
word2vec,1.0,neither,gambling
word2vec,1.0,neither,coated
word2vec,1.0000001192092896,neither,underworld
word2vec,0.9999999403953552,neither,specialty
word2vec,0.9783539175987244,shared,sin
word2vec,0.304851770401001,neither,unforeseen
word2vec,0.845827043056488,shared,fish
word2vec,0.9276676774024963,shared,broad
word2vec,0.9999998807907104,neither,attacker
word2vec,1.0,neither,pads
word2vec,0.9979471564292908,shared,preference
word2vec,0.10352664440870285,neither,wholesome
word2vec,0.9999998807907104,a_only,asteroid
word2vec,1.0,neither,spectra
word2vec,0.9917343854904175,shared,severe
word2vec,0.9905270934104919,shared,persisted
word2vec,0.0037212891038507223,neither,escaping
word2vec,1.0,neither,philosophically
word2vec,1.0,a_only,producer
word2vec,0.9999999403953552,neither,downfall
word2vec,0.13456489145755768,b_only,gaily
word2vec,0.9126084446907043,shared,meant
word2vec,1.0000001192092896,a_only,proven
word2vec,0.9960913062095642,shared,section
word2vec,0.08808651566505432,b_only,dah
word2vec,1.0000001192092896,a_only,belgium
word2vec,0.9563407301902771,shared,lamp
word2vec,0.9932873249053955,shared,vice
word2vec,0.9868312478065491,shared,created
word2vec,1.0,a_only,automorphism
word2vec,0.9999999403953552,a_only,reflects
word2vec,-0.05352320149540901,neither,threaten
word2vec,0.9952906966209412,shared,scandal
word2vec,1.0,neither,understandably
word2vec,-0.09376820921897888,b_only,shove
word2vec,1.0,neither,backup
word2vec,0.9507068991661072,shared,echoes
word2vec,0.9994913935661316,shared,rejected
word2vec,0.9860035181045532,shared,landing
word2vec,0.9776026010513306,shared,pot
word2vec,0.16311661899089813,neither,twig
word2vec,0.19144272804260254,neither,discoloured
word2vec,1.0,a_only,otto
word2vec,0.9897003769874573,shared,backed
word2vec,0.9878142476081848,shared,avenue
word2vec,0.9999998807907104,a_only,levant
word2vec,0.9823605418205261,shared,spinning
word2vec,0.8834028840065002,shared,listen
word2vec,0.9609332084655762,shared,opportunity
word2vec,1.0,neither,ammoniac
word2vec,0.9994606375694275,shared,lee
word2vec,0.009914121590554714,neither,surround
word2vec,-0.09046371281147003,b_only,tempest
word2vec,0.9547823667526245,shared,expected
word2vec,0.9189644455909729,shared,messenger
word2vec,0.9999999403953552,neither,regimens
word2vec,1.0,neither,bandwidth
word2vec,1.0,neither,spurious
word2vec,0.96905118227005,shared,finally
word2vec,0.9991564154624939,neither,employer
word2vec,0.0733489841222763,neither,detained
word2vec,0.9850473403930664,shared,scheme
word2vec,0.8113711476325989,shared,where
word2vec,0.9961652755737305,shared,adopt
word2vec,0.15993399918079376,neither,rocked
word2vec,0.9768792986869812,shared,faced
word2vec,0.06234309449791908,b_only,hearty
word2vec,0.9999999403953552,a_only,macedonia
word2vec,0.8237565159797668,shared,paying
word2vec,1.0000001192092896,neither,mesa
word2vec,0.9999999403953552,neither,branching
word2vec,1.0,neither,clearinghouse
word2vec,0.9681481122970581,shared,passages
word2vec,0.974812388420105,shared,checked
word2vec,1.0,a_only,studios
word2vec,0.9999998807907104,neither,shoots
word2vec,1.0000001192092896,neither,baroque
word2vec,1.0,neither,ideologies
word2vec,0.016712598502635956,b_only,meryton
word2vec,1.0,a_only,netherlands
word2vec,0.9999999403953552,neither,haart
word2vec,0.99281245470047,shared,collecting
word2vec,0.9990211725234985,neither,strengthen
word2vec,0.021258309483528137,neither,40
word2vec,0.9916043877601624,shared,link
word2vec,1.0000001192092896,a_only,loyalists
word2vec,0.9999999403953552,a_only,operates
word2vec,1.0,neither,deputy
word2vec,1.0,neither,barley
word2vec,0.9942523837089539,shared,nobles
word2vec,1.0000001192092896,neither,markers
word2vec,1.0,neither,inherently
word2vec,0.09509903192520142,neither,exhaustion
word2vec,1.0000001192092896,neither,mario
word2vec,1.0,neither,sketching
word2vec,1.0000001192092896,neither,samurai
word2vec,1.0,a_only,augustine
word2vec,1.0,neither,ingredient
word2vec,-0.024927513673901558,b_only,seeming
word2vec,0.9999998807907104,neither,dubai
word2vec,1.0,neither,phillip
word2vec,0.9578272700309753,shared,pig
word2vec,0.1699160635471344,b_only,hearted
word2vec,1.0000001192092896,a_only,thesis
word2vec,1.0000001192092896,a_only,sedgwick
word2vec,0.12702858448028564,b_only,gryphon
word2vec,0.9814184308052063,shared,ordered
word2vec,1.0,neither,florets
word2vec,0.9998829364776611,shared,museum
word2vec,1.0,neither,rafael
word2vec,1.0000001192092896,neither,sequences
word2vec,0.8680000305175781,shared,set
word2vec,0.010670293122529984,b_only,sane
word2vec,1.0,a_only,manchester
word2vec,0.9721680879592896,shared,midnight
word2vec,0.1326724886894226,b_only,stepfather
word2vec,1.0,a_only,founding
word2vec,-0.09634070843458176,b_only,grabbed
word2vec,0.9847783446311951,shared,hills
word2vec,0.9978113174438477,shared,structure
word2vec,1.0000001192092896,a_only,computation
word2vec,0.9999999403953552,neither,needling
word2vec,0.9699769616127014,shared,harm
word2vec,0.9999999403953552,neither,arena
word2vec,1.0,a_only,finland
word2vec,0.0334816500544548,neither,flirting
word2vec,0.07385168969631195,neither,occurrences
word2vec,0.9843403697013855,shared,impulse
word2vec,0.8896473050117493,shared,didn
word2vec,1.0000001192092896,neither,pertaining
word2vec,0.9999998807907104,neither,takeoff
word2vec,1.0,neither,herring
word2vec,1.0,a_only,retrieved
word2vec,1.0,neither,joins
word2vec,1.0,a_only,implementing
word2vec,1.0,neither,jirga
word2vec,1.0,neither,excavated
word2vec,1.0,neither,willem
word2vec,0.18363133072853088,neither,filial
word2vec,-0.031177528202533722,neither,myriads
word2vec,0.10009928047657013,neither,playfully
word2vec,0.12882396578788757,b_only,smiled
word2vec,1.0,neither,deficit
word2vec,1.0000001192092896,a_only,composer
word2vec,0.9669248461723328,shared,succeeded
word2vec,0.9999999403953552,a_only,phi
word2vec,0.996785044670105,shared,enable
word2vec,1.0000001192092896,neither,invertible
word2vec,1.0,neither,ferguson
word2vec,0.1338629275560379,b_only,ere
word2vec,-0.06688310205936432,b_only,wickedness
word2vec,1.0000001192092896,a_only,represents
word2vec,0.9857267737388611,shared,vessel
word2vec,1.0,neither,akshara
word2vec,-0.0393947996199131,neither,aha
word2vec,0.9334157109260559,shared,mad
word2vec,0.9838345646858215,shared,hood
word2vec,1.0000001192092896,neither,caesarea
word2vec,0.18370389938354492,neither,hinges
word2vec,1.0,neither,imaging
word2vec,-0.06284330785274506,neither,dispositions
word2vec,0.9999999403953552,neither,canary
word2vec,0.9999998807907104,a_only,franco
word2vec,1.0,neither,segment
word2vec,0.17099975049495697,neither,mightily
word2vec,0.9999999403953552,a_only,legislation
word2vec,0.9999999403953552,a_only,credits
word2vec,0.06304855644702911,b_only,beauties
word2vec,0.9999998807907104,neither,reduces
word2vec,1.0000001192092896,a_only,govern
word2vec,1.0,neither,monkey
word2vec,0.1059923842549324,neither,disgraceful
word2vec,1.0,a_only,designers
word2vec,1.0,neither,scales
word2vec,0.9385247826576233,shared,understand
word2vec,0.9984177947044373,shared,hardy
word2vec,0.9999999403953552,neither,liberties
word2vec,1.0,neither,folding
word2vec,0.9999999403953552,a_only,secession
word2vec,0.9923387765884399,shared,engaging
word2vec,0.9993101954460144,shared,germany
word2vec,0.9847537279129028,shared,pump
word2vec,0.9999998807907104,neither,eubank
word2vec,1.0,neither,leftist
word2vec,1.0000001192092896,neither,phrygia
word2vec,0.08240313082933426,neither,shrivelled
word2vec,1.0,neither,demonstration
word2vec,0.9999999403953552,a_only,motto
word2vec,0.2275993973016739,b_only,shattered
word2vec,0.19116896390914917,b_only,sleepy
word2vec,1.0,neither,hutchinson
word2vec,1.0,neither,screenplays
word2vec,1.0000001192092896,neither,guillaume
word2vec,0.09870672225952148,b_only,draught
word2vec,1.0000001192092896,a_only,titled
word2vec,0.9943523406982422,shared,guided
word2vec,1.0000001192092896,neither,enzyme
word2vec,0.9948145151138306,shared,images
word2vec,0.9999999403953552,neither,baltimore
word2vec,1.0,neither,leopold
word2vec,1.0,neither,ayer
word2vec,0.02662198431789875,neither,slouch
word2vec,1.0,neither,annihilated
word2vec,0.07872217148542404,b_only,sore
word2vec,1.0,a_only,patroclus
word2vec,1.0,neither,basilides
word2vec,0.08204370737075806,neither,fidgeted
word2vec,0.31677138805389404,neither,puff
word2vec,0.9999999403953552,a_only,discontinued
word2vec,0.055924758315086365,neither,jenkinson
word2vec,1.0,a_only,soviets
word2vec,0.9981537461280823,shared,rational
word2vec,1.0000001192092896,neither,latvia
word2vec,1.0,neither,unprotected
word2vec,1.0,a_only,schuschnigg
word2vec,0.9314781427383423,shared,fault
word2vec,1.0,neither,borough
word2vec,0.008712070062756538,neither,headstrong
word2vec,0.7633670568466187,shared,you
word2vec,1.0,a_only,antiproton
word2vec,0.9924269914627075,shared,peasants
word2vec,1.0,neither,financially
word2vec,1.0000001192092896,a_only,efficient
word2vec,0.9841636419296265,shared,ix
word2vec,-0.12496033310890198,neither,indispensable
word2vec,1.0000001192092896,neither,accessibility
word2vec,0.9963238835334778,shared,dramatic
word2vec,1.0,neither,builders
word2vec,1.0000001192092896,neither,rf
word2vec,0.9153847694396973,shared,woman
word2vec,1.0,neither,oxus
word2vec,1.0,a_only,resign
word2vec,0.7610425353050232,shared,your
word2vec,0.974205493927002,shared,pipes
word2vec,0.110589399933815,b_only,formidable
word2vec,1.0,a_only,iso
word2vec,0.9579433798789978,shared,savage
word2vec,0.19472432136535645,neither,languid
word2vec,1.0000001192092896,a_only,primarily
word2vec,0.9788497090339661,shared,fitted
word2vec,1.0,neither,tense
word2vec,0.9999999403953552,neither,faq
word2vec,1.0,neither,reconciliation
word2vec,0.9543599486351013,shared,bare
word2vec,1.0,neither,ararat
word2vec,1.0,neither,dinosaurs
word2vec,1.0,a_only,directory
word2vec,1.0,neither,posited
word2vec,0.12763741612434387,b_only,bourgh
word2vec,0.9852585792541504,shared,stage
word2vec,0.05724203214049339,neither,stove
word2vec,0.04622626304626465,b_only,footman
word2vec,0.9238948822021484,shared,tie
word2vec,1.0,a_only,federal
word2vec,0.9831278920173645,shared,talks
word2vec,0.0799812451004982,neither,sideways
word2vec,0.9956523776054382,neither,impulses
word2vec,1.0,neither,ultra
word2vec,0.8338871002197266,shared,table
word2vec,1.0,neither,hostility
word2vec,1.0000001192092896,neither,abelian
word2vec,0.9651662111282349,shared,storm
word2vec,0.9999999403953552,neither,modus
word2vec,0.9999998807907104,neither,chrysostom
word2vec,0.9934205412864685,shared,lining
word2vec,0.978090226650238,shared,settled
word2vec,1.0,neither,forestry
word2vec,1.0,a_only,heir
word2vec,0.9427245855331421,shared,loved
word2vec,1.0,neither,lineage
word2vec,0.9843170642852783,shared,readily
word2vec,0.9999999403953552,a_only,aids
word2vec,0.9999998807907104,neither,antisymmetric
word2vec,0.665529727935791,shared,elizabeth
word2vec,0.1402137577533722,neither,avenger
word2vec,0.9982793927192688,shared,obviously
word2vec,1.0000001192092896,a_only,nearby
word2vec,0.9999999403953552,neither,estonia
word2vec,0.9952878952026367,shared,uses
word2vec,1.0,a_only,danish
word2vec,0.9978006482124329,shared,accuracy
word2vec,-0.11080141365528107,b_only,towel
word2vec,1.0000001192092896,neither,equatorial
word2vec,0.730265736579895,shared,re
word2vec,0.9507426619529724,shared,evil
word2vec,0.9999999403953552,a_only,rifles
word2vec,0.2295326143503189,neither,preach
word2vec,0.965331494808197,shared,double
word2vec,-0.06523121893405914,neither,unreality
word2vec,1.0,a_only,construct
word2vec,0.9602495431900024,shared,sh
word2vec,-0.003163681598380208,b_only,circumstance
word2vec,0.9305084347724915,shared,different
word2vec,1.0000001192092896,a_only,replacing
word2vec,0.9823756814002991,shared,gather
word2vec,0.9999998807907104,neither,acupuncturists
word2vec,0.13142138719558716,neither,mermaid
word2vec,0.991061270236969,shared,material
word2vec,0.06119661033153534,b_only,rattled
word2vec,1.0000001192092896,a_only,tract
word2vec,-0.07437481731176376,b_only,ringing
word2vec,1.0,neither,panels
word2vec,1.0,neither,simpson
word2vec,1.0,a_only,versus
word2vec,1.0,neither,siberian
word2vec,0.9935554265975952,shared,secured
word2vec,0.9948781132698059,shared,simplicity
word2vec,1.0000001192092896,neither,bach
word2vec,0.2050102949142456,neither,provoking
word2vec,1.0,a_only,montana
word2vec,0.137983500957489,neither,herr
word2vec,0.11896917223930359,neither,idleness
word2vec,0.9999999403953552,neither,porus
word2vec,0.9999999403953552,a_only,epistle
word2vec,0.985377848148346,shared,dukes
word2vec,0.06660328805446625,b_only,openshaw
word2vec,0.05660587176680565,b_only,raft
word2vec,0.006336916703730822,neither,unreal
word2vec,0.8524411916732788,shared,lantern
word2vec,1.0,a_only,galt
word2vec,0.21340030431747437,neither,pawnbroker
word2vec,0.9999998807907104,a_only,sch
word2vec,0.9959990382194519,shared,test
word2vec,1.0,a_only,accessed
word2vec,1.0,neither,financed
word2vec,0.11835480481386185,neither,moons
word2vec,1.0,neither,commentator
word2vec,0.9490336775779724,shared,kings
word2vec,-0.059282608330249786,neither,puppy
word2vec,-0.01422299537807703,neither,calmness
word2vec,1.0,a_only,solo
word2vec,0.14081530272960663,neither,ups
word2vec,0.08869710564613342,neither,homeward
word2vec,1.0,neither,tigris
word2vec,0.9999998807907104,neither,abbeville
word2vec,1.0,a_only,variation
word2vec,0.9988565444946289,shared,frontier
word2vec,1.0,neither,austrofascism
word2vec,1.0,a_only,atoms
word2vec,1.0,a_only,topics
word2vec,1.0,neither,dunstan
word2vec,1.0000001192092896,a_only,origins
word2vec,0.9917654395103455,shared,argued
word2vec,0.9999999403953552,a_only,exclave
word2vec,1.0,neither,expansive
word2vec,1.0,neither,recount
word2vec,0.9745376706123352,shared,reality
word2vec,0.8287516832351685,shared,heard
word2vec,0.9913536906242371,shared,ideal
word2vec,0.9851880073547363,shared,request
word2vec,1.0,neither,bantam
word2vec,1.0000001192092896,neither,adherence
word2vec,0.9970307946205139,shared,government
word2vec,1.0,neither,crane
word2vec,0.09807618707418442,b_only,hiding
word2vec,-0.056926727294921875,b_only,quitted
word2vec,-0.1447860598564148,neither,bargain
word2vec,0.06300757825374603,neither,greeting
word2vec,0.022176356986165047,b_only,solicitor
word2vec,0.9792669415473938,shared,composed
word2vec,0.9647015333175659,shared,meal
word2vec,0.17715975642204285,neither,vow
word2vec,1.0,a_only,discussing
word2vec,0.968409538269043,shared,miller
word2vec,0.9901713132858276,shared,po
word2vec,0.9087473750114441,shared,whose
word2vec,0.9999999403953552,a_only,malaysia
word2vec,1.0,neither,macro
word2vec,1.0000001192092896,a_only,varies
word2vec,1.0,neither,kjv
word2vec,0.9755192995071411,shared,song
word2vec,0.9928769469261169,shared,rings
word2vec,0.8832966089248657,shared,answer
word2vec,0.013315310701727867,neither,neatly
word2vec,0.9999998807907104,a_only,abandonment
word2vec,1.0,neither,hatch
word2vec,0.19560061395168304,neither,whiskey
word2vec,0.14217008650302887,neither,supplication
word2vec,0.9999999403953552,a_only,disc
word2vec,0.02178899757564068,b_only,lookout
word2vec,0.08212852478027344,b_only,shouting
word2vec,-0.004390422720462084,neither,minutely
word2vec,-0.13351581990718842,b_only,unlocked
word2vec,0.9772922992706299,shared,plans
word2vec,1.0000001192092896,a_only,mechanics
word2vec,1.0,a_only,conventional
word2vec,0.990233302116394,shared,rainbow
word2vec,1.0000001192092896,neither,plagues
word2vec,1.0,a_only,alchemy
word2vec,1.0,neither,solves
word2vec,-0.0014177265111356974,neither,nursing
word2vec,1.0000001192092896,neither,averroes
word2vec,0.9999998807907104,neither,ormers
word2vec,0.9999998807907104,neither,wolfgang
word2vec,0.17958836257457733,neither,desolation
word2vec,0.9992256164550781,shared,adrian
word2vec,0.989783763885498,shared,consisted
word2vec,1.0000001192092896,a_only,invaded
word2vec,0.9999998807907104,a_only,argentina
word2vec,1.0000001192092896,a_only,aidan
word2vec,1.0,a_only,benedictine
word2vec,1.0000001192092896,neither,propelled
word2vec,0.9921013116836548,shared,enthusiastic
word2vec,1.0,a_only,embedded
word2vec,0.9559424519538879,shared,flies
word2vec,1.0,neither,resisted
word2vec,1.0,a_only,applications
word2vec,1.0,neither,cognition
word2vec,0.0797521248459816,neither,steeple
word2vec,0.0024237807374447584,neither,urgent
word2vec,1.0,neither,selecting
word2vec,1.0000001192092896,a_only,telescopes
word2vec,1.0000001192092896,neither,nickel
word2vec,0.9999999403953552,neither,parodied
word2vec,0.9957553148269653,shared,coast
word2vec,1.0,a_only,valid
word2vec,1.0,a_only,numerical
word2vec,1.0000001192092896,a_only,biological
word2vec,1.0,a_only,trans
word2vec,1.0,a_only,hybrid
word2vec,0.9852237701416016,shared,jones
word2vec,1.0,neither,atc
word2vec,0.9701658487319946,shared,beasts
word2vec,-0.02923589013516903,neither,britches
word2vec,1.0,neither,coloring
word2vec,0.08778899163007736,neither,grisly
word2vec,1.0000001192092896,neither,harmonic
word2vec,-0.15787716209888458,neither,adored
word2vec,-0.20170630514621735,neither,palms
word2vec,-0.031451523303985596,neither,shrieks
word2vec,0.12327282130718231,neither,quickened
word2vec,0.9942998290061951,shared,recovering
word2vec,0.18117576837539673,neither,skip
word2vec,0.9819669723510742,shared,willing
word2vec,0.07247249037027359,neither,cardiff
word2vec,0.997931182384491,shared,cylinder
word2vec,0.9434186816215515,shared,pleasure
word2vec,0.9999999403953552,a_only,omega
word2vec,0.9156602621078491,shared,none
word2vec,0.9320627450942993,shared,passion
word2vec,0.9988976120948792,shared,involving
word2vec,1.0,neither,prohibits
word2vec,0.9999999403953552,neither,wireless
word2vec,0.998043417930603,shared,northward
word2vec,0.08057602494955063,b_only,gwyne
word2vec,1.0,neither,palestinian
word2vec,0.026069391518831253,neither,rambles
word2vec,1.0,neither,dwan
word2vec,0.9999999403953552,a_only,austro
word2vec,0.07740096002817154,neither,31
word2vec,1.0,a_only,addiction
word2vec,1.0000001192092896,a_only,prohibited
word2vec,0.9999998807907104,a_only,homosexuality
word2vec,0.9921298027038574,shared,states
word2vec,1.0000001192092896,neither,hawks
word2vec,0.9695363640785217,shared,murder
word2vec,1.0,a_only,pro
word2vec,0.9999999403953552,neither,utopia
word2vec,1.0000001192092896,neither,honors
word2vec,1.0,neither,noam
word2vec,0.979461669921875,shared,bottles
word2vec,1.0,neither,pdas
word2vec,0.2767542898654938,neither,tint
word2vec,-0.18879801034927368,b_only,amazed
word2vec,0.9759979844093323,shared,law
word2vec,1.0,a_only,alchemists
word2vec,0.9947759509086609,shared,civilization
word2vec,0.19476209580898285,neither,temperament
word2vec,0.8591756820678711,shared,full
word2vec,0.9976975321769714,shared,invested
word2vec,0.9992939233779907,shared,russian
word2vec,1.0,a_only,techno
word2vec,0.9831603169441223,shared,voyage
word2vec,0.9999998807907104,a_only,fort
word2vec,0.9999999403953552,a_only,preliminary
word2vec,1.0,neither,ethnologue
word2vec,1.0,neither,newman
word2vec,1.0,neither,similarity
word2vec,1.0,neither,mastered
word2vec,1.0000001192092896,neither,glen
word2vec,1.0,a_only,earthquakes
word2vec,0.9999998807907104,neither,nemesis
word2vec,0.0379786342382431,neither,elegance
word2vec,0.9531082510948181,shared,draw
word2vec,0.8598702549934387,shared,want
word2vec,1.0,a_only,equation
word2vec,1.0,a_only,alexandria
word2vec,0.7915951013565063,shared,mind
word2vec,0.8850175738334656,shared,returned
word2vec,0.9961698055267334,shared,purposely
word2vec,0.9665990471839905,shared,played
word2vec,0.0518319271504879,b_only,doubts
word2vec,1.0000001192092896,neither,superiors
word2vec,0.02915361151099205,neither,afresh
word2vec,0.031697794795036316,neither,fiery
word2vec,0.09024070203304291,b_only,gems
word2vec,0.9999999403953552,neither,kamchatka
word2vec,0.26560255885124207,neither,feigned
word2vec,1.0,neither,evolving
word2vec,0.9713656306266785,shared,sank
word2vec,0.0341164655983448,neither,dragging
word2vec,0.04261002317070961,b_only,leaped
word2vec,0.9888153672218323,shared,confident
word2vec,1.0000001192092896,a_only,mythological
word2vec,-0.03276741877198219,b_only,hesitation
word2vec,0.17768137156963348,neither,compunction
word2vec,0.045227792114019394,b_only,vexation
word2vec,1.0,a_only,dubbed
word2vec,1.0000001192092896,a_only,planet
word2vec,0.9943767786026001,shared,arriving
word2vec,1.0,neither,minocycline
word2vec,1.0000001192092896,a_only,actively
word2vec,0.9756284952163696,shared,meat
word2vec,0.9642450213432312,shared,bone
word2vec,1.0,neither,hyacinthus
word2vec,0.9955436587333679,shared,appointed
word2vec,1.0,a_only,maritime
word2vec,0.9945325255393982,shared,shops
word2vec,1.0000001192092896,neither,investments
word2vec,0.9963312745094299,shared,disliked
word2vec,0.10517851263284683,neither,chattering
word2vec,0.98728346824646,shared,sailing
word2vec,0.869979739189148,shared,tale
word2vec,1.0,neither,debuts
word2vec,0.9747112393379211,shared,address
word2vec,0.0489286370575428,neither,newcastle
word2vec,0.9999999403953552,a_only,scheduled
word2vec,0.004871046170592308,neither,engendered
word2vec,0.9975950717926025,neither,moth
word2vec,1.0000001192092896,a_only,controlled
word2vec,1.0,a_only,fossils
word2vec,1.0,neither,catches
word2vec,1.0,neither,faction
word2vec,0.9591250419616699,shared,friday
word2vec,0.7863727807998657,shared,about
word2vec,0.9968162178993225,shared,shield
word2vec,0.9522196054458618,shared,george
word2vec,0.9889696836471558,shared,theatre
word2vec,0.9999999403953552,neither,tubing
word2vec,1.0000001192092896,neither,prof
word2vec,1.0000001192092896,neither,amharic
word2vec,0.038126591593027115,b_only,marrying
word2vec,1.0,a_only,monastic
word2vec,1.0,a_only,snowball
word2vec,0.9999998807907104,a_only,starring
word2vec,1.0,neither,durability
word2vec,0.9980548024177551,shared,moses
word2vec,0.04990734905004501,neither,treading
word2vec,0.9652117490768433,shared,poetry
word2vec,0.9935711622238159,shared,pious
word2vec,0.9999999403953552,a_only,phoenician
word2vec,0.017468292266130447,neither,fraternity
word2vec,1.0,a_only,unix
word2vec,0.9999998807907104,a_only,rom
word2vec,1.0,neither,nucleosynthesis
word2vec,1.0,neither,mason
word2vec,1.0,a_only,http
word2vec,0.21798641979694366,b_only,clutched
word2vec,-0.04342865198850632,neither,banging
word2vec,1.0,neither,wallis
word2vec,1.0,a_only,pacifist
word2vec,1.0,neither,perspectives
word2vec,1.0,a_only,improving
word2vec,1.0,a_only,marshall
word2vec,0.016973357647657394,neither,blighted
word2vec,-0.10014144331216812,neither,hackney
word2vec,0.6839339137077332,shared,well
word2vec,0.9999999403953552,neither,characterised
word2vec,1.0,neither,bowling
word2vec,0.9460651874542236,shared,isn
word2vec,-0.11072556674480438,neither,overpowered
word2vec,0.10333921015262604,neither,straits
word2vec,0.9938634037971497,shared,slope
word2vec,0.9855510592460632,shared,authority
word2vec,0.9939104914665222,shared,surveyed
word2vec,1.0000001192092896,neither,balliol
word2vec,0.990913987159729,neither,climax
word2vec,-0.040200263261795044,b_only,presume
word2vec,1.0,neither,preuschen
word2vec,1.0000001192092896,neither,incorporates
word2vec,0.9999998807907104,neither,subproblems
word2vec,1.0,neither,bombay
word2vec,0.9780641794204712,shared,familiar
word2vec,0.9719334840774536,shared,narrow
word2vec,0.9975537657737732,shared,priest
word2vec,1.0000001192092896,a_only,graphical
word2vec,1.0,a_only,soviet
word2vec,0.8799991607666016,shared,past
word2vec,1.0000001192092896,neither,irrelevant
word2vec,1.0,neither,geographers
word2vec,0.17043596506118774,neither,rattling
word2vec,0.09142499417066574,neither,clutching
word2vec,0.9834232926368713,shared,depend
word2vec,0.9660259485244751,shared,drinking
word2vec,0.9915290474891663,shared,concern
word2vec,1.0000001192092896,neither,differing
word2vec,1.0,neither,recommendations
word2vec,0.9947136044502258,neither,treachery
word2vec,1.0,neither,reverberation
word2vec,0.0960519090294838,neither,foliage
word2vec,-0.038943901658058167,b_only,leisure
word2vec,0.15976418554782867,neither,dismay
word2vec,0.04449431970715523,neither,enjoying
word2vec,1.0000001192092896,neither,competitor
word2vec,0.9999999403953552,a_only,supports
word2vec,1.0000001192092896,neither,lt
word2vec,1.0000001192092896,neither,marijuana
word2vec,-0.2157393842935562,b_only,huck
word2vec,1.0,neither,condemnation
word2vec,0.05556643381714821,neither,4th
word2vec,0.9916374683380127,shared,rights
word2vec,1.0,neither,multicellular
word2vec,0.9636276960372925,shared,glory
word2vec,1.0,a_only,volunteers
word2vec,1.0000001192092896,neither,ayers
word2vec,-0.04799896106123924,b_only,gleam
word2vec,0.8735620379447937,shared,un
word2vec,1.0,neither,barnabas
word2vec,0.942757248878479,shared,formed
word2vec,0.9962441325187683,shared,injury
word2vec,1.0,neither,syllabaries
word2vec,1.0,a_only,implied
word2vec,0.05175817012786865,neither,descend
word2vec,-0.06080709025263786,neither,vittles
word2vec,1.0,neither,sixteenth
word2vec,1.0000001192092896,a_only,digestive
word2vec,0.9999999403953552,neither,ipa
word2vec,-0.07840870320796967,b_only,doom
word2vec,0.14985330402851105,neither,rot
word2vec,1.0000001192092896,neither,fundamentalism
word2vec,0.9997028708457947,shared,lens
word2vec,0.8172694444656372,shared,at
word2vec,1.0,neither,factories
word2vec,1.0,neither,collectivism
word2vec,0.11358969658613205,b_only,fluttered
word2vec,1.0,a_only,cit
word2vec,0.18667955696582794,neither,conservatory
word2vec,0.1514073759317398,b_only,piccadilly
word2vec,0.8481107354164124,shared,sure
word2vec,0.9999999403953552,neither,demon
word2vec,1.0,neither,preserving
word2vec,0.9922444224357605,shared,mental
word2vec,-0.09194885194301605,b_only,doubtful
word2vec,0.9999998807907104,neither,sediment
word2vec,1.0000001192092896,neither,vita
word2vec,0.9999999403953552,neither,cypress
word2vec,0.9656628370285034,shared,jackson
word2vec,1.0,a_only,parallels
word2vec,0.05295092239975929,neither,scattering
word2vec,0.13685348629951477,neither,nourishment
word2vec,0.049867939203977585,b_only,rejoiced
word2vec,-0.04146178439259529,neither,clown
word2vec,1.0000001192092896,a_only,monetary
word2vec,1.0,a_only,albert
word2vec,0.04581471160054207,neither,trotting
word2vec,0.9964833855628967,shared,deer
word2vec,0.9999999403953552,a_only,khan
word2vec,1.0,a_only,facilitate
word2vec,1.0,neither,aiki
word2vec,0.9990063905715942,shared,founded
word2vec,0.8326080441474915,shared,royalties
word2vec,0.9987526535987854,shared,records
word2vec,1.0000001192092896,neither,dj
word2vec,-0.06227463483810425,neither,knob
word2vec,0.2310262769460678,neither,balum
word2vec,0.995030403137207,shared,youngest
word2vec,1.0,neither,closure
word2vec,0.9944506883621216,shared,served
word2vec,1.0000001192092896,neither,laser
word2vec,0.9999999403953552,neither,hebron
word2vec,0.055460453033447266,b_only,tender
word2vec,1.0000001192092896,a_only,constitutes
word2vec,0.9999998807907104,a_only,dominions
word2vec,0.021634316071867943,neither,sting
word2vec,0.99040687084198,shared,affairs
word2vec,0.9999999403953552,neither,basically
word2vec,1.0,a_only,chlorine
word2vec,0.997069776058197,shared,interests
word2vec,1.0000001192092896,a_only,el
word2vec,1.0,a_only,recognizes
word2vec,1.0,neither,update
word2vec,0.10985909402370453,neither,dew
word2vec,0.08005789667367935,neither,playful
word2vec,1.0,neither,gymnasium
word2vec,-0.019882118329405785,neither,cussed
word2vec,0.31237339973449707,neither,1000
word2vec,1.0,neither,illyria
word2vec,0.7405449151992798,shared,head
word2vec,0.13222861289978027,b_only,precaution
word2vec,0.9944689273834229,shared,west
word2vec,0.9999999403953552,neither,aesthetics
word2vec,0.9951099157333374,neither,flour
word2vec,0.9679105877876282,shared,troubles
word2vec,1.0,neither,kernel
word2vec,0.9999999403953552,neither,beazley
word2vec,0.9999999403953552,neither,routines
word2vec,-0.10123192518949509,neither,unreasonable
word2vec,1.0,neither,homosexual
word2vec,0.9987898468971252,shared,retirement
word2vec,0.9999999403953552,a_only,aardvark
word2vec,0.9999998807907104,a_only,sanction
word2vec,0.9960572719573975,shared,robe
word2vec,1.0000001192092896,neither,cesarani
word2vec,0.9496287703514099,shared,worked
word2vec,0.9774743914604187,shared,driven
word2vec,0.9999999403953552,neither,bermuda
word2vec,1.0000001192092896,a_only,amateur
word2vec,1.0000001192092896,a_only,clubs
word2vec,-0.06345047801733017,b_only,faults
word2vec,0.9792263507843018,shared,amount
word2vec,1.0,neither,dissident
word2vec,1.0000001192092896,a_only,crystal
word2vec,0.9952260255813599,shared,aisles
word2vec,0.9928736686706543,shared,frogs
word2vec,0.9863240122795105,shared,liberty
word2vec,1.0000001192092896,neither,spaced
word2vec,0.9964812397956848,shared,rooted
word2vec,0.05858930945396423,b_only,chateau
word2vec,0.057880695909261703,b_only,carpet
word2vec,1.0,a_only,parsons
word2vec,0.12689068913459778,b_only,ticking
word2vec,0.2141648828983307,neither,warmest
word2vec,1.0,neither,ideological
word2vec,0.8933712840080261,shared,tried
word2vec,0.9999999403953552,neither,posterior
word2vec,-0.14838583767414093,neither,28
word2vec,-0.06383376568555832,neither,circling
word2vec,-0.020253468304872513,b_only,contemplated
word2vec,1.0,neither,navajo
word2vec,0.9999998807907104,a_only,core
word2vec,1.0000001192092896,a_only,oxide
word2vec,1.0000001192092896,neither,salty
word2vec,1.0,neither,newtons
word2vec,0.21199458837509155,neither,ophelia
word2vec,0.9944908618927002,shared,penetrate
word2vec,0.9995470643043518,shared,simon
word2vec,0.9874092936515808,shared,affected
word2vec,1.0000001192092896,a_only,del
word2vec,-0.0718570128083229,neither,stumbled
word2vec,0.9999998807907104,a_only,autonomous
word2vec,1.0,a_only,program
word2vec,1.0000001192092896,a_only,establishes
word2vec,0.9999999403953552,neither,maximilian
word2vec,0.9875895380973816,shared,concluded
word2vec,0.9999999403953552,neither,azerbaijanis
word2vec,0.9387024641036987,shared,crocodile
word2vec,0.9984470009803772,shared,whatsoever
word2vec,0.8647356629371643,shared,give
word2vec,0.15033909678459167,neither,furiously
word2vec,1.0000001192092896,a_only,target
word2vec,1.0000001192092896,neither,fueled
word2vec,0.9865373969078064,shared,respectable
word2vec,0.9738680124282837,shared,belongs
word2vec,1.0,neither,somerset
word2vec,0.995414137840271,shared,impossibility
word2vec,1.0000001192092896,a_only,parity
word2vec,0.9999999403953552,neither,bicycle
word2vec,1.0,neither,extinction
word2vec,1.0,a_only,runner
word2vec,0.9980199337005615,shared,accordance
word2vec,1.0000001192092896,neither,tarleton
word2vec,1.0,a_only,albedo
word2vec,0.9999998807907104,neither,microwave
word2vec,0.41363853216171265,neither,deliberation
word2vec,0.014867021702229977,neither,steaming
word2vec,1.0,a_only,anthropologists
word2vec,0.7164530158042908,shared,mouse
word2vec,0.9999998807907104,neither,ium
word2vec,1.0,neither,px
word2vec,0.9675082564353943,shared,explained
word2vec,0.0013616086216643453,b_only,jackal
word2vec,1.0000001192092896,neither,rafter
word2vec,0.9935978651046753,shared,ceremony
word2vec,1.0000001192092896,neither,kidney
word2vec,0.891311526298523,shared,tiger
word2vec,1.0,a_only,theorem
word2vec,0.8958175182342529,shared,below
word2vec,1.0000001192092896,a_only,generate
word2vec,0.9940769076347351,shared,stripped
word2vec,1.0,a_only,photographs
word2vec,0.9959777593612671,shared,july
word2vec,1.0,neither,empires
word2vec,0.9999998807907104,neither,localities
word2vec,0.9936147332191467,shared,education
word2vec,1.0,neither,aise
word2vec,0.12793825566768646,neither,trickled
word2vec,0.19389711320400238,neither,dusky
word2vec,1.0000001192092896,neither,bacterial
word2vec,0.9999999403953552,a_only,boston
word2vec,0.06066733971238136,b_only,morrow
word2vec,1.0,neither,comma
word2vec,1.0,a_only,enabling
word2vec,1.0,neither,salad
word2vec,1.0000001192092896,neither,labs
word2vec,1.0,neither,subscription
word2vec,0.2674427330493927,b_only,instinctively
word2vec,1.0,neither,skeptics
word2vec,1.0,a_only,deals
word2vec,0.9334937930107117,shared,uncle
word2vec,0.996493935585022,shared,knights
word2vec,0.9795006513595581,shared,guards
word2vec,0.1961752027273178,neither,latch
word2vec,1.0,neither,azeris
word2vec,-0.08470200002193451,b_only,guess
word2vec,0.1684931367635727,b_only,insist
word2vec,0.9997870922088623,shared,investigations
word2vec,0.9531146883964539,shared,hours
word2vec,1.0,neither,hegel
word2vec,-0.032457515597343445,neither,surest
word2vec,0.8786805868148804,shared,hour
word2vec,0.9999998807907104,neither,acetic
word2vec,0.1933015137910843,neither,raptures
word2vec,1.0,neither,lille
word2vec,0.794008731842041,shared,down
word2vec,0.8800041675567627,shared,fast
word2vec,1.0,a_only,defining
word2vec,1.0000001192092896,neither,avoiding
word2vec,0.9999999403953552,a_only,ion
word2vec,1.0,neither,tracts
word2vec,0.9999998807907104,neither,northumbria
word2vec,0.9998089075088501,shared,ex
word2vec,1.0,a_only,protests
word2vec,1.0000001192092896,neither,dimension
word2vec,1.0,neither,burnside
word2vec,-0.09280084073543549,b_only,curtain
word2vec,1.0,neither,mcpherson
word2vec,0.9999999403953552,neither,mart
word2vec,1.0,neither,tectonic
word2vec,1.0,neither,decolonization
word2vec,0.9663876295089722,shared,unknown
word2vec,1.0,neither,compensate
word2vec,1.0,neither,ingestion
word2vec,1.0,a_only,reports
word2vec,-0.08908320218324661,neither,cessation
word2vec,1.0000001192092896,neither,bolshevik
word2vec,1.0000001192092896,neither,infer
word2vec,0.9999998807907104,neither,fermentation
word2vec,0.9999999403953552,neither,mia
word2vec,0.9551393985748291,shared,post
word2vec,0.05983305349946022,neither,revolver
word2vec,0.9987809658050537,shared,emotional
word2vec,1.0,a_only,vulnerable
word2vec,1.0,neither,wrongly
word2vec,-0.010258066467940807,b_only,lorry
word2vec,0.9741599559783936,shared,fog
word2vec,0.9637914896011353,shared,hate
word2vec,1.0,a_only,mathematical
word2vec,1.0,neither,theodoric
word2vec,0.9916724562644958,shared,cottages
word2vec,1.0,neither,citations
word2vec,0.11805357038974762,b_only,shudder
word2vec,1.0,neither,blake
word2vec,0.017742017284035683,b_only,soho
word2vec,0.9999999403953552,a_only,issues
word2vec,0.9838674068450928,shared,feed
word2vec,1.0,a_only,creates
word2vec,1.0000001192092896,a_only,sumter
word2vec,1.0,neither,archaic
word2vec,0.2566366195678711,b_only,wrinkled
word2vec,0.22291456162929535,b_only,reminded
word2vec,1.0,neither,primate
word2vec,0.9980893135070801,shared,member
word2vec,0.9241606593132019,shared,engaged
word2vec,1.0000001192092896,a_only,cultures
word2vec,1.0,neither,frustrated
word2vec,0.9474779963493347,shared,worse
word2vec,0.005169559735804796,neither,choke
word2vec,0.19656424224376678,neither,tap
word2vec,0.9310837388038635,shared,london
word2vec,1.0,a_only,essay
word2vec,1.0,a_only,peru
word2vec,1.0000001192092896,neither,detectives
word2vec,-0.016148120164871216,neither,imbued
word2vec,0.9999999403953552,a_only,auto
word2vec,1.0,neither,survivors
word2vec,0.08504995703697205,neither,raf
word2vec,1.0000001192092896,a_only,fans
word2vec,1.0,neither,neurologists
word2vec,1.0,a_only,broadcasting
word2vec,0.9846851229667664,shared,enjoyed
word2vec,0.9999701380729675,shared,von
word2vec,0.9861318469047546,shared,acquaintance
word2vec,0.9999999403953552,neither,manganese
word2vec,-0.015175512991845608,neither,nuffn
word2vec,0.9804500937461853,shared,studying
word2vec,1.0,neither,disney
word2vec,1.0000001192092896,neither,shiloh
word2vec,0.9688196778297424,shared,discovery
word2vec,1.0,neither,testaments
word2vec,0.2010282278060913,neither,despaired
word2vec,-0.025420453399419785,b_only,paw
word2vec,0.9999999403953552,a_only,incidence
word2vec,0.9976627230644226,shared,collection
word2vec,1.0,neither,breakthrough
word2vec,1.0,neither,squadron
word2vec,0.06708043813705444,b_only,affectionate
word2vec,1.0,neither,venizelos
word2vec,0.12519308924674988,neither,diabolical
word2vec,1.0,a_only,accessible
word2vec,0.01797676831483841,neither,despise
word2vec,0.9847130179405212,shared,vanity
word2vec,1.0000001192092896,neither,demetrius
word2vec,0.9999999403953552,a_only,revised
word2vec,0.052237171679735184,b_only,eager
word2vec,1.0,a_only,navy
word2vec,0.9525377154350281,shared,possessed
word2vec,0.9944224953651428,shared,expectations
word2vec,-0.04264768585562706,b_only,frost
word2vec,0.26013654470443726,b_only,deepened
word2vec,0.9999999403953552,a_only,specific
word2vec,1.0,a_only,initiated
word2vec,1.0,a_only,tours
word2vec,-0.14619457721710205,neither,calmer
word2vec,0.9343506097793579,shared,remained
word2vec,1.0,a_only,guy
word2vec,1.0,neither,thessalian
word2vec,0.11145389825105667,b_only,wonderful
word2vec,1.0,a_only,economics
word2vec,1.0000001192092896,neither,amir
word2vec,0.1466343104839325,b_only,remind
word2vec,0.22541025280952454,neither,soften
word2vec,1.0000001192092896,neither,anechoic
word2vec,1.0,a_only,indicates
word2vec,0.0790581926703453,neither,chattered
word2vec,0.9999998807907104,neither,smithsonian
word2vec,0.19235052168369293,neither,reverie
word2vec,-0.019514331594109535,neither,charmingly
word2vec,0.9257076382637024,shared,coach
word2vec,0.05333259701728821,b_only,arrange
word2vec,1.0,neither,fighters
word2vec,1.0,a_only,comedian
word2vec,1.0,neither,overland
word2vec,0.029371164739131927,b_only,yer
word2vec,1.0000001192092896,neither,strassburg
word2vec,0.9971238374710083,shared,recognize
word2vec,1.0,neither,tcm
word2vec,0.9608601331710815,shared,doubt
word2vec,1.0000001192092896,a_only,finals
word2vec,-0.0019440448377281427,neither,peep
word2vec,-0.07573457807302475,b_only,caution
word2vec,0.9484564661979675,shared,occupied
word2vec,0.9964998364448547,shared,anchor
word2vec,1.0000001192092896,a_only,substances
word2vec,0.9927762150764465,shared,narrative
word2vec,1.0,a_only,typical
word2vec,1.0,neither,encryption
word2vec,0.9999999403953552,a_only,fundamental
word2vec,0.9999999403953552,a_only,abugida
word2vec,-0.09968671947717667,b_only,temptation
word2vec,1.0,a_only,hermes
word2vec,0.9799269437789917,shared,impression
word2vec,1.0,neither,educator
word2vec,1.0000001192092896,a_only,rearden
word2vec,0.9999998807907104,a_only,coverage
word2vec,0.9967225193977356,shared,career
word2vec,1.0000001192092896,a_only,editing
word2vec,0.9909701347351074,shared,gallery
word2vec,0.9999999403953552,a_only,shortest
word2vec,-0.05854538828134537,b_only,bitterness
word2vec,1.0,neither,terminate
word2vec,0.041194986552000046,neither,bots
word2vec,1.0,neither,cam
word2vec,0.9999999403953552,a_only,arius
word2vec,0.050589848309755325,neither,doubting
word2vec,1.0,neither,grooves
word2vec,1.0,neither,elixir
word2vec,0.13466092944145203,neither,leastways
word2vec,0.9843196272850037,shared,collected
word2vec,1.0,neither,fifths
word2vec,1.0,a_only,alchemical
word2vec,1.0,a_only,criticised
word2vec,0.11341359466314316,neither,sollermun
word2vec,1.0,a_only,imported
word2vec,0.09244610369205475,neither,pillows
word2vec,0.9999999403953552,a_only,emperor
word2vec,0.9999999403953552,neither,playwrights
word2vec,0.9901794791221619,shared,inquiry
word2vec,0.995833694934845,shared,formal
word2vec,0.15098735690116882,neither,whirled
word2vec,-0.048624925315380096,neither,cured
word2vec,0.9999999403953552,neither,researched
word2vec,0.9110074043273926,shared,girls
word2vec,0.9868308901786804,shared,feathers
word2vec,0.07700971513986588,neither,comrades
word2vec,0.01814541593194008,neither,calmed
word2vec,0.9999999403953552,a_only,genera
word2vec,1.0000001192092896,neither,reporter
word2vec,-0.1035035252571106,b_only,pens
word2vec,0.886216402053833,shared,book
word2vec,-0.039473455399274826,neither,flop
word2vec,1.0000001192092896,a_only,hellenistic
word2vec,0.9672554135322571,shared,howl
word2vec,-0.029165392741560936,b_only,stare
word2vec,0.9537864923477173,shared,touched
word2vec,0.08893363177776337,neither,abominable
word2vec,0.9730342626571655,shared,consent
word2vec,1.0,neither,industrialized
word2vec,-0.0203663632273674,neither,heretofore
word2vec,0.9521083831787109,shared,setting
word2vec,1.0,neither,unknowable
word2vec,0.9999999403953552,a_only,heights
word2vec,0.959995687007904,shared,bury
word2vec,0.9999999403953552,neither,spiny
word2vec,0.9638538360595703,shared,vanished
word2vec,0.9993007779121399,shared,japanese
word2vec,-0.19908298552036285,neither,glowing
word2vec,1.0,a_only,charges
word2vec,1.0,neither,marxism
word2vec,1.0,a_only,activist
word2vec,1.0000001192092896,neither,bedford
word2vec,0.9999998807907104,neither,flooding
word2vec,0.09886914491653442,neither,tranquilly
word2vec,1.0000001192092896,a_only,carroll
word2vec,1.0,neither,availability
word2vec,0.9890583157539368,shared,hank
word2vec,0.9915094971656799,shared,disposition
word2vec,0.9999999403953552,neither,invasive
word2vec,0.046329159289598465,b_only,10
word2vec,0.17129851877689362,b_only,bride
word2vec,-0.05917259678244591,neither,divan
word2vec,0.11956332623958588,b_only,ornery
word2vec,0.9339216351509094,shared,suppose
word2vec,0.9986763000488281,shared,forests
word2vec,0.9999999403953552,neither,loya
word2vec,1.0,a_only,universe
word2vec,0.9890201687812805,shared,sandy
word2vec,0.08730551600456238,neither,singleton
word2vec,1.0,neither,caucasian
word2vec,0.9813197255134583,shared,strained
word2vec,0.9999998807907104,neither,evaluating
word2vec,0.9982674717903137,shared,observer
word2vec,0.9242538809776306,shared,dr
word2vec,1.0,neither,abh
word2vec,1.0000001192092896,neither,incredibly
word2vec,1.0000001192092896,neither,annus
word2vec,0.9959155917167664,shared,decree
word2vec,1.0,neither,canceled
word2vec,0.08938091993331909,neither,braves
word2vec,0.07841469347476959,b_only,exeter
word2vec,0.9610106945037842,shared,concept
word2vec,0.0559595562517643,neither,corrected
word2vec,-0.10992327332496643,b_only,louder
word2vec,0.0819767564535141,neither,tattered
word2vec,0.9999999403953552,neither,salamis
word2vec,0.8681538105010986,shared,owns
word2vec,1.0,neither,imperialism
word2vec,0.19158299267292023,neither,slunk
word2vec,0.9971879720687866,shared,diaries
word2vec,0.02529097907245159,neither,maddening
word2vec,1.0,neither,gb
word2vec,0.9882850646972656,shared,attempt
word2vec,0.9535296559333801,shared,suffered
word2vec,0.9999999403953552,neither,ryan
word2vec,-0.06351842731237411,b_only,tucked
word2vec,1.0,a_only,poland
word2vec,0.9673689603805542,shared,doesn
word2vec,1.0,neither,moonchild
word2vec,1.0000001192092896,a_only,manufacturing
word2vec,1.0,neither,bakehouse
word2vec,0.8721644282341003,shared,duchess
word2vec,0.9777379035949707,shared,nowhere
word2vec,0.9999998807907104,neither,exaltation
word2vec,0.24842777848243713,neither,grumbled
word2vec,0.9760410189628601,shared,hoping
word2vec,1.0,neither,inexplicable
word2vec,0.9999998807907104,a_only,choices
word2vec,1.0000001192092896,a_only,invade
word2vec,1.0000001192092896,neither,cosmological
word2vec,0.9999998807907104,neither,lacks
word2vec,0.9879093766212463,shared,negro
word2vec,0.017880357801914215,neither,fender
word2vec,0.08027816563844681,neither,perceptible
word2vec,1.0000001192092896,neither,polemic
word2vec,0.2387746125459671,neither,sleepless
word2vec,1.0000001192092896,neither,papacy
word2vec,0.9483023285865784,shared,swim
word2vec,0.11518078297376633,neither,seared
word2vec,0.9937350749969482,shared,reasoned
word2vec,0.9864590764045715,shared,outward
word2vec,-0.05352673679590225,neither,sharpened
word2vec,1.0,neither,ox
word2vec,0.12962698936462402,neither,rascal
word2vec,0.9999998807907104,neither,refuses
word2vec,1.0,neither,abdicated
word2vec,0.9999998807907104,a_only,advocates
word2vec,0.986812174320221,shared,hitherto
word2vec,1.0,neither,abolish
word2vec,0.04113141447305679,neither,wipe
word2vec,1.0000001192092896,neither,brethren
word2vec,0.07943275570869446,neither,lambton
word2vec,1.0,neither,bombe
word2vec,-0.048206672072410583,neither,obedient
word2vec,0.9999998807907104,neither,mature
word2vec,0.9999998807907104,neither,kurds
word2vec,0.9999999403953552,neither,lou
word2vec,1.0,a_only,taylor
word2vec,0.9801377058029175,shared,guinea
word2vec,1.0,neither,unpopular
word2vec,1.0,neither,subjective
word2vec,1.0,neither,diatonic
word2vec,1.0,neither,moore
word2vec,0.28343018889427185,neither,haigha
word2vec,1.0000001192092896,a_only,capturing
word2vec,0.9041165709495544,shared,green
word2vec,0.07215889543294907,b_only,czarina
word2vec,1.0,a_only,mt
word2vec,1.0,neither,archduke
word2vec,1.0,neither,reprint
word2vec,1.0,a_only,funk
word2vec,1.0,a_only,proudhon
word2vec,1.0,neither,incentive
word2vec,1.0,neither,logan
word2vec,1.0000001192092896,a_only,romans
word2vec,0.9999999403953552,a_only,communion
word2vec,-0.04109783098101616,b_only,frowned
word2vec,0.99715656042099,shared,antiquity
word2vec,1.0,neither,videos
word2vec,0.9999999403953552,neither,alphabetical
word2vec,1.0,neither,indiction
word2vec,-0.12433105707168579,neither,adversary
word2vec,0.9999998807907104,neither,ignition
word2vec,0.09841456264257431,b_only,sadly
word2vec,0.9986735582351685,shared,conclude
word2vec,1.0,neither,concentrating
word2vec,0.4004809856414795,neither,berkshire
word2vec,0.9393205046653748,shared,ill
word2vec,0.990000307559967,shared,harmony
word2vec,1.0000001192092896,neither,trigonometry
word2vec,1.0,a_only,center
word2vec,1.0,neither,composers
word2vec,1.0000001192092896,neither,trimester
word2vec,1.0,neither,configurations
word2vec,1.0,neither,geographer
word2vec,1.0,neither,affiliation
word2vec,0.996487021446228,shared,selected
word2vec,1.0,a_only,bambaataa
word2vec,0.14398892223834991,neither,cloudless
word2vec,0.030065609142184258,neither,intrusion
word2vec,1.0000001192092896,a_only,criticized
word2vec,0.975250244140625,shared,throwing
word2vec,0.15402932465076447,neither,chatted
word2vec,0.9999999403953552,a_only,compatible
word2vec,1.0,a_only,alhazred
word2vec,0.997146487236023,shared,treason
word2vec,1.0,a_only,aspirin
word2vec,0.9999998807907104,neither,routledge
word2vec,0.9999999403953552,neither,dante
word2vec,0.9058040380477905,shared,steps
word2vec,0.9940922856330872,shared,feast
word2vec,1.0,a_only,elections
word2vec,1.0,a_only,mi
word2vec,0.9999998807907104,neither,ol
word2vec,0.9908044934272766,shared,studies
word2vec,0.9928799867630005,shared,distinctly
word2vec,0.9999999403953552,neither,jung
word2vec,0.9931425452232361,shared,denying
word2vec,0.9746935963630676,shared,ribbon
word2vec,0.004656551405787468,neither,fished
word2vec,1.0000001192092896,neither,annie
word2vec,0.8891727328300476,shared,mighty
word2vec,1.0000001192092896,a_only,aka
word2vec,0.9950678944587708,shared,tales
word2vec,0.002656715689226985,neither,wrists
word2vec,1.0,neither,bead
word2vec,1.0,neither,nhk
word2vec,0.9115163683891296,shared,gay
word2vec,1.0,neither,piston
word2vec,0.07412068545818329,b_only,cart
word2vec,0.9827304482460022,shared,enemies
word2vec,0.9999998807907104,a_only,norman
word2vec,0.9658642411231995,shared,sing
word2vec,0.9934629797935486,shared,continue
word2vec,0.8838752508163452,shared,sight
word2vec,0.9939490556716919,shared,author
word2vec,0.9968905448913574,shared,premises
word2vec,0.9779605865478516,shared,upset
word2vec,0.9968008995056152,shared,regiment
word2vec,-0.12855888903141022,neither,heavenly
word2vec,0.9925863742828369,shared,planned
word2vec,1.0,neither,aeschylus
word2vec,0.0726730227470398,neither,lookyhere
word2vec,-0.02314869500696659,b_only,communicated
word2vec,0.9423992037773132,shared,finished
word2vec,-0.09195240586996078,neither,bolted
word2vec,0.9999999403953552,a_only,geometry
word2vec,0.10727261006832123,neither,injure
word2vec,1.0,neither,crest
word2vec,0.019626805558800697,neither,furtively
word2vec,0.9745184779167175,shared,tricks
word2vec,1.0000001192092896,neither,jacobus
word2vec,0.9371203780174255,shared,niggers
word2vec,0.9999999403953552,a_only,environment
word2vec,1.0,a_only,document
word2vec,0.26298201084136963,neither,furrow
word2vec,1.0,a_only,chiefs
word2vec,0.03361257165670395,b_only,terribly
word2vec,1.0000001192092896,neither,abdication
word2vec,0.09186327457427979,neither,resk
word2vec,0.9392563700675964,shared,honey
word2vec,1.0,neither,phylogeny
word2vec,0.1553628295660019,b_only,dasn
word2vec,0.9999999403953552,neither,staple
word2vec,-0.037151038646698,neither,29
word2vec,1.0,neither,ary
word2vec,0.9994447827339172,shared,presentation
word2vec,0.8463782668113708,shared,dance
word2vec,1.0000001192092896,a_only,neil
word2vec,1.0,neither,aldred
word2vec,1.0,neither,cemented
word2vec,0.9999998807907104,neither,rewrite
word2vec,1.0000001192092896,a_only,radioactive
word2vec,0.09104056656360626,b_only,stryver
word2vec,1.0000001192092896,a_only,muslims
word2vec,0.9712744951248169,shared,spare
word2vec,1.0000001192092896,neither,bishopric
word2vec,0.9999999403953552,neither,cdc
word2vec,1.0000001192092896,neither,tutsi
word2vec,1.0,neither,vinci
word2vec,1.0000001192092896,a_only,marple
word2vec,0.9999998807907104,neither,consumers
word2vec,0.997325599193573,shared,centuries
word2vec,1.0000001192092896,neither,aut
word2vec,1.0000001192092896,neither,prefect
word2vec,1.0,neither,loosening
word2vec,0.9981935620307922,shared,convince
word2vec,1.0,a_only,expansion
word2vec,1.0,a_only,peaks
word2vec,0.7880541086196899,shared,which
word2vec,0.9965320825576782,shared,imprisoned
word2vec,0.9941959977149963,shared,endurance
word2vec,1.0000001192092896,neither,dynastic
word2vec,0.9999999403953552,a_only,feeding
word2vec,0.9299542903900146,shared,extraordinary
word2vec,1.0000001192092896,a_only,portal
word2vec,1.0000001192092896,neither,poppy
word2vec,1.0000001192092896,neither,southwestern
word2vec,1.0,a_only,combine
word2vec,1.0,neither,assessment
word2vec,0.9671622514724731,shared,faster
word2vec,1.0,neither,hinduism
word2vec,0.9586033225059509,shared,den
word2vec,0.9903215169906616,shared,chances
word2vec,0.9951057434082031,shared,medium
word2vec,0.9799495339393616,shared,relate
word2vec,0.9948381781578064,shared,confusing
word2vec,1.0,neither,alexandrovich
word2vec,0.9916723966598511,shared,staggered
word2vec,0.9999999403953552,neither,bridges
word2vec,0.9912296533584595,shared,purchase
word2vec,0.9532746076583862,shared,french
word2vec,0.9813753962516785,shared,pigs
word2vec,0.9841914176940918,shared,odds
word2vec,1.0,a_only,carolina
word2vec,0.17179197072982788,neither,morcar
word2vec,1.0,neither,manages
word2vec,0.10842932015657425,neither,loathed
word2vec,-0.02970794402062893,b_only,inquire
word2vec,0.15412765741348267,neither,despatched
word2vec,0.9922860264778137,shared,brute
word2vec,0.9999998807907104,a_only,legislative
word2vec,0.9923232197761536,shared,fraud
word2vec,1.0,a_only,nucleus
word2vec,0.9989777207374573,shared,congress
word2vec,0.9414969682693481,shared,portrait
word2vec,0.037996333092451096,neither,slippers
word2vec,1.0000001192092896,a_only,historically
word2vec,1.0,neither,victoriae
word2vec,0.00623067282140255,neither,stiffly
word2vec,0.03067966364324093,b_only,swung
word2vec,0.06271781772375107,b_only,doomed
word2vec,1.0000001192092896,a_only,universities
word2vec,1.0,a_only,theologian
word2vec,1.0000001192092896,neither,tape
word2vec,0.032232385128736496,neither,watery
word2vec,0.9999998807907104,neither,unrelated
word2vec,0.10682081431150436,neither,fist
word2vec,1.0,a_only,examples
word2vec,0.008332600817084312,b_only,lestrade
word2vec,0.11124373972415924,neither,ripped
word2vec,0.9999999403953552,neither,rez
word2vec,0.18148300051689148,neither,fringed
word2vec,0.20376738905906677,b_only,odour
word2vec,1.0,a_only,karpov
word2vec,0.9922808408737183,shared,starved
word2vec,0.9900199174880981,shared,infinite
word2vec,1.0,a_only,innovation
word2vec,0.9471563696861267,shared,rats
word2vec,0.9742276072502136,shared,fascinating
word2vec,1.0000001192092896,neither,eduardo
word2vec,0.10406464338302612,neither,dimmed
word2vec,0.9988126158714294,shared,commons
word2vec,0.9999998807907104,a_only,iceland
word2vec,1.0,a_only,arab
word2vec,1.0000001192092896,neither,lung
word2vec,-0.14820605516433716,neither,repulsive
word2vec,0.04811067879199982,neither,luggage
word2vec,1.0000001192092896,a_only,unions
word2vec,0.9801793098449707,shared,enjoyment
word2vec,0.19490094482898712,neither,afterward
word2vec,0.9872527718544006,shared,niece
word2vec,1.0,a_only,salts
word2vec,1.0,a_only,gabriel
word2vec,1.0,neither,apg
word2vec,0.1800653040409088,neither,lightened
word2vec,0.02203313447535038,b_only,rosings
word2vec,-0.12346172332763672,neither,canvassed
word2vec,0.9999998807907104,neither,gui
word2vec,1.0,neither,crows
word2vec,1.0,a_only,esoteric
word2vec,0.24632452428340912,neither,complimented
word2vec,1.0,a_only,factors
word2vec,0.990989089012146,shared,visits
word2vec,0.9999998807907104,neither,sur
word2vec,0.051866739988327026,b_only,noticing
word2vec,0.9999998807907104,neither,reeds
word2vec,0.9679006338119507,shared,perfect
word2vec,0.039293814450502396,neither,appalled
word2vec,0.08156322687864304,neither,wiser
word2vec,1.0000001192092896,neither,reminiscent
word2vec,0.9915112257003784,shared,divine
word2vec,1.0000001192092896,neither,drastically
word2vec,1.0,a_only,site
word2vec,0.8454327583312988,shared,talk
word2vec,0.06811125576496124,b_only,mustn
word2vec,1.0,a_only,recording
word2vec,0.9999999403953552,a_only,disputes
word2vec,0.9938715696334839,shared,kills
word2vec,0.9999999403953552,a_only,mysticism
word2vec,0.7813955545425415,shared,says
word2vec,0.18389709293842316,neither,rapturously
word2vec,0.9999999403953552,a_only,na
word2vec,1.0,neither,scepticism
word2vec,0.995405375957489,shared,expanded
word2vec,0.991392970085144,shared,method
word2vec,0.9954088926315308,shared,raw
word2vec,0.9962493777275085,shared,ward
word2vec,0.1159500852227211,neither,plucked
word2vec,0.9999999403953552,a_only,keyboard
word2vec,1.0,neither,gda
word2vec,1.0000001192092896,neither,unaids
word2vec,0.12276248633861542,b_only,learnt
word2vec,0.1039203330874443,neither,papa
word2vec,-0.08265803009271622,neither,displeasure
word2vec,0.9859902262687683,shared,sacrifice
word2vec,1.0000001192092896,neither,defeating
word2vec,0.9599266648292542,shared,years
word2vec,0.2275090515613556,b_only,breeze
word2vec,1.0,neither,psychiatrist
word2vec,0.8909631371498108,shared,pirate
word2vec,1.0000001192092896,a_only,speculative
word2vec,0.16520199179649353,neither,forbearance
word2vec,0.054019469767808914,b_only,praying
word2vec,1.0,a_only,sector
word2vec,1.0000001192092896,neither,kaiser
word2vec,1.0000001192092896,neither,trump
word2vec,0.10174955427646637,b_only,angrily
word2vec,0.048210520297288895,neither,precipice
word2vec,0.8246672749519348,shared,watch
word2vec,-0.031495966017246246,b_only,sensations
word2vec,1.0000001192092896,neither,fragile
word2vec,1.0,neither,shank
word2vec,0.9999999403953552,neither,alexandra
word2vec,0.9958875775337219,shared,stable
word2vec,0.9927403330802917,shared,preservation
word2vec,1.0,a_only,implementation
word2vec,0.977061927318573,shared,illinois
word2vec,0.9944819808006287,shared,fidelity
word2vec,0.9777158498764038,shared,stopping
word2vec,0.9997464418411255,shared,reject
word2vec,0.994293212890625,shared,alexandre
word2vec,1.0000001192092896,a_only,africans
word2vec,1.0000001192092896,a_only,adriatic
word2vec,-0.026503395289182663,neither,drawbridge
word2vec,0.9936053156852722,shared,crew
word2vec,0.054265253245830536,b_only,furious
word2vec,1.0000001192092896,neither,cuba
word2vec,0.9928917288780212,shared,boats
word2vec,1.0,a_only,cluny
word2vec,1.0,neither,solvent
word2vec,1.0,neither,builder
word2vec,0.9818076491355896,shared,memories
word2vec,1.0,neither,summarized
word2vec,1.0000001192092896,neither,amarant
word2vec,0.9999998807907104,neither,marr
word2vec,0.9964908957481384,neither,possesses
word2vec,1.0000001192092896,neither,acoustic
word2vec,0.11303860694169998,b_only,spectacle
word2vec,0.9608840346336365,shared,driver
word2vec,1.0000001192092896,a_only,margin
word2vec,0.11868751794099808,neither,commendation
word2vec,-0.08069415390491486,neither,banish
word2vec,0.9878650307655334,shared,strict
word2vec,0.9763209223747253,shared,latter
word2vec,0.9923466444015503,shared,speedily
word2vec,1.0,neither,refered
word2vec,0.9999998807907104,neither,theseus
word2vec,0.12099217623472214,neither,fasten
word2vec,0.663933515548706,shared,am
word2vec,1.0,a_only,defensive
word2vec,0.9632771015167236,shared,happen
word2vec,0.9999999403953552,neither,deposition
word2vec,1.0,neither,ti
word2vec,1.0,a_only,initial
word2vec,1.0000001192092896,neither,concentrations
word2vec,0.9940595030784607,shared,ages
word2vec,1.0000001192092896,neither,puppet
word2vec,0.9749268293380737,shared,painful
word2vec,1.0,neither,veteran
word2vec,1.0000001192092896,a_only,sometime
word2vec,0.40976521372795105,neither,unpardonable
word2vec,0.1686977744102478,neither,fervently
word2vec,1.0000001192092896,neither,membrane
word2vec,1.0,neither,robotics
word2vec,1.0,neither,manifestations
word2vec,0.9971005320549011,shared,denounced
word2vec,0.8674860000610352,shared,gentleman
word2vec,1.0,neither,trout
word2vec,0.047855623066425323,neither,sounding
word2vec,0.9912316203117371,shared,elderly
word2vec,1.0000001192092896,neither,regnal
word2vec,0.9541869163513184,shared,although
word2vec,1.0,neither,humanists
word2vec,0.012998441234230995,neither,forgiveness
word2vec,-0.004438846837729216,neither,decanter
word2vec,0.07617906481027603,neither,grease
word2vec,0.9432058930397034,shared,direction
word2vec,-0.1419236958026886,neither,ripping
word2vec,1.0000001192092896,neither,mating
word2vec,1.0,neither,ala
word2vec,-0.00739715900272131,neither,sordid
word2vec,0.9452023506164551,shared,resolution
word2vec,0.9837563633918762,shared,chosen
word2vec,1.0,a_only,conservatives
word2vec,0.18511970341205597,neither,panted
word2vec,0.01768684759736061,b_only,bending
word2vec,0.9918590784072876,shared,resource
word2vec,0.9999998807907104,neither,folklore
word2vec,0.9447476267814636,shared,imagination
word2vec,1.0,neither,originates
word2vec,1.0,neither,provider
word2vec,0.9797967076301575,shared,corpse
word2vec,0.9944720268249512,shared,mysteries
word2vec,1.0000001192092896,neither,montgomery
word2vec,1.0,a_only,indicator
word2vec,1.0000001192092896,neither,mie
word2vec,1.0000001192092896,neither,trainer
word2vec,0.9872941374778748,shared,bean
word2vec,0.9999999403953552,neither,incidentally
word2vec,0.9999998807907104,a_only,congo
word2vec,0.9999998807907104,neither,conductivity
word2vec,0.9861106276512146,shared,r
word2vec,0.9995858073234558,shared,manager
word2vec,-0.09345008432865143,neither,soo
word2vec,-0.011089772917330265,neither,loitered
word2vec,0.9999998807907104,a_only,abolished
word2vec,1.0,a_only,campaigns
word2vec,0.9977273344993591,shared,italian
word2vec,0.9562413692474365,shared,ones
word2vec,1.0000001192092896,a_only,russia
word2vec,1.0,a_only,strictly
word2vec,1.0,neither,lsd
word2vec,-0.08484774082899094,neither,submissive
word2vec,1.0,a_only,hellenic
word2vec,0.9999999403953552,a_only,ruins
word2vec,0.9688522219657898,shared,remarks
word2vec,0.9874042272567749,shared,duties
word2vec,0.9999998807907104,a_only,linemen
word2vec,1.0000001192092896,neither,wrestler
word2vec,0.9929645657539368,shared,jealousy
word2vec,0.9999999403953552,a_only,inorganic
word2vec,-0.12534277141094208,b_only,lunch
word2vec,0.9982596635818481,shared,highway
word2vec,1.0,a_only,legends
word2vec,0.9667319655418396,shared,saturday
word2vec,1.0,neither,excerpt
word2vec,1.0,a_only,undertaken
word2vec,1.0,neither,guidelines
word2vec,-0.17365047335624695,neither,devouring
word2vec,0.9963690042495728,shared,prevail
word2vec,1.0,neither,apparatus
word2vec,1.0,neither,unprecedented
word2vec,-0.1345125436782837,b_only,huckleberry
word2vec,-0.029715899378061295,b_only,dumpty
word2vec,0.08992058783769608,neither,noises
word2vec,0.9242962002754211,shared,solemn
word2vec,1.0000001192092896,a_only,leonard
word2vec,1.0,neither,dalton
word2vec,0.9875754117965698,shared,brutal
word2vec,0.025776423513889313,neither,ledge
word2vec,0.2087133526802063,b_only,flattered
word2vec,0.8809630870819092,shared,struck
word2vec,0.9858807325363159,shared,lawrence
word2vec,0.16462180018424988,neither,satisfying
word2vec,-0.16206710040569305,neither,wilful
word2vec,0.9429243206977844,shared,replace
word2vec,0.07060036808252335,neither,catastrophe
word2vec,0.8983269333839417,shared,secret
word2vec,0.9959562420845032,shared,traditions
word2vec,0.9110404253005981,shared,feel
word2vec,1.0,neither,sas
word2vec,0.983656644821167,shared,sheets
word2vec,0.9999999403953552,neither,mimic
word2vec,1.0,a_only,matrix
word2vec,1.0,a_only,performances
word2vec,0.07900126278400421,b_only,cheer
word2vec,0.9505068063735962,shared,yellow
word2vec,1.0000001192092896,neither,highland
word2vec,0.986901581287384,shared,assist
word2vec,0.9958071112632751,shared,immoral
word2vec,0.9841634631156921,shared,mercy
word2vec,0.09014430642127991,neither,chilly
word2vec,1.0000001192092896,neither,avant
word2vec,1.0000001192092896,neither,wikipedia
word2vec,1.0,neither,pear
word2vec,1.0,neither,melville
word2vec,0.9999999403953552,a_only,branched
word2vec,0.043508466333150864,neither,cabman
word2vec,-0.08650138974189758,neither,slack
word2vec,1.0000001192092896,a_only,ne
word2vec,1.0,neither,resembling
word2vec,0.053845081478357315,b_only,vines
word2vec,0.9852505922317505,shared,punishment
word2vec,0.9999999403953552,a_only,warhol
word2vec,1.0000001192092896,a_only,ph
word2vec,0.15611906349658966,b_only,secrecy
word2vec,0.08986403793096542,neither,cowardice
word2vec,0.9913202524185181,shared,approve
word2vec,0.18228033185005188,neither,clues
word2vec,0.0880633220076561,neither,await
word2vec,0.9482792019844055,shared,purpose
word2vec,0.8570800423622131,shared,did
word2vec,0.8280401825904846,shared,half
word2vec,1.0000001192092896,neither,squire
word2vec,0.9896886944770813,shared,sighted
word2vec,1.0,a_only,multi
word2vec,1.0000001192092896,neither,luc
word2vec,0.9953591227531433,neither,performer
word2vec,0.9854466319084167,shared,stroke
word2vec,0.9462562799453735,shared,unhappy
word2vec,1.0000001192092896,a_only,louise
word2vec,0.9999998807907104,a_only,statistics
word2vec,0.006217098329216242,neither,meow
word2vec,0.19445353746414185,neither,flirt
word2vec,0.04584473744034767,neither,whips
word2vec,1.0000001192092896,neither,proceeds
word2vec,0.08892618119716644,b_only,sledge
word2vec,0.9995648264884949,shared,necessarily
word2vec,1.0,neither,jubal
word2vec,0.9707461595535278,shared,record
word2vec,1.0,a_only,fisheries
word2vec,1.0000001192092896,neither,subdivided
word2vec,1.0,neither,specialists
word2vec,1.0,a_only,primitive
word2vec,0.9999998807907104,a_only,oral
word2vec,1.0,neither,sacrifices
word2vec,1.0000001192092896,a_only,indo
word2vec,1.0000001192092896,neither,articulated
word2vec,0.9999998807907104,neither,milky
word2vec,0.9999998807907104,neither,panoramic
word2vec,0.9982873797416687,shared,readiness
word2vec,0.9934777021408081,shared,fruits
word2vec,1.0000001192092896,a_only,renowned
word2vec,1.0,neither,bias
word2vec,1.0,a_only,caiman
word2vec,1.0000001192092896,a_only,claiming
word2vec,1.0,neither,arcadius
word2vec,0.9964131712913513,shared,republican
word2vec,0.17837953567504883,neither,harney
word2vec,1.0000001192092896,a_only,oracle
word2vec,0.9999999403953552,a_only,neutrality
word2vec,0.8960909843444824,shared,six
word2vec,1.0,neither,persistent
word2vec,1.0,neither,gaelic
word2vec,0.9313257932662964,shared,widow
word2vec,0.28716665506362915,neither,rein
word2vec,0.9799777269363403,shared,special
word2vec,1.0,a_only,employees
word2vec,0.09591244161128998,neither,wrongfully
word2vec,1.0,neither,fatally
word2vec,1.0,neither,expansionism
word2vec,0.047660037875175476,b_only,neglected
word2vec,1.0,neither,breeds
word2vec,-0.1060052365064621,neither,lash
word2vec,0.9903278350830078,shared,romance
word2vec,0.9999999403953552,neither,andromeda
word2vec,0.1315770000219345,neither,tying
word2vec,1.0,a_only,electoral
word2vec,0.9999999403953552,neither,ethnically
word2vec,0.24559970200061798,neither,snarled
word2vec,0.9999998807907104,a_only,exaggerated
word2vec,0.10218298435211182,neither,discontent
word2vec,1.0,a_only,processing
word2vec,0.9912665486335754,shared,folly
word2vec,-0.10774331539869308,neither,decent
word2vec,0.9914194345474243,shared,regularly
word2vec,1.0,a_only,presidents
word2vec,0.964703381061554,shared,duty
word2vec,0.33415743708610535,neither,oakshott
word2vec,0.9999998807907104,neither,italians
word2vec,1.0000001192092896,neither,annalen
word2vec,0.9664024710655212,shared,fatal
word2vec,0.9966415762901306,shared,commanded
word2vec,0.9999998807907104,neither,prone
word2vec,1.0000001192092896,neither,tao
word2vec,1.0,neither,trigger
word2vec,0.9973070621490479,shared,intelligible
word2vec,0.9999998807907104,a_only,operating
word2vec,0.009729488752782345,b_only,wondered
word2vec,1.0,neither,bobby
word2vec,0.9918835759162903,shared,failing
word2vec,0.9999999403953552,neither,anton
word2vec,1.0,neither,foster
word2vec,0.9937535524368286,shared,planted
word2vec,1.0,neither,ovary
word2vec,0.05181436985731125,neither,adventurous
word2vec,-0.03748716413974762,neither,hysterical
word2vec,1.0,a_only,aarhus
word2vec,1.0,neither,motorway
word2vec,1.0,neither,motile
word2vec,1.0000001192092896,neither,potomac
word2vec,1.0,a_only,assault
word2vec,0.969012439250946,shared,absolutely
word2vec,0.9976310133934021,shared,reasonably
word2vec,0.9958181977272034,shared,professions
word2vec,-0.120486319065094,b_only,madam
word2vec,0.9463333487510681,shared,blamed
word2vec,0.96768718957901,shared,finish
word2vec,1.0,neither,eunectes
word2vec,1.0000001192092896,neither,institutional
word2vec,-0.007610093802213669,neither,nap
word2vec,0.979556143283844,shared,smart
word2vec,0.10525190085172653,neither,entertained
word2vec,-0.060732949525117874,neither,blinked
word2vec,0.16132497787475586,neither,amiss
word2vec,1.0000001192092896,a_only,metaphysical
word2vec,0.9869807362556458,shared,tough
word2vec,1.0,a_only,ambient
word2vec,-0.023876270279288292,b_only,recollection
word2vec,1.0000001192092896,a_only,dagny
word2vec,0.9631191492080688,shared,cloud
word2vec,1.0,neither,separates
word2vec,0.9976469278335571,shared,boiling
word2vec,1.0,a_only,debated
word2vec,0.9880539178848267,shared,stronger
word2vec,0.014305511489510536,neither,twinkling
word2vec,1.0,neither,toured
word2vec,0.9742950797080994,shared,escaped
word2vec,0.011156696826219559,b_only,dined
word2vec,1.0,neither,anthropologist
word2vec,1.0,neither,chilean
word2vec,1.0,a_only,alamanni
word2vec,0.9441127777099609,shared,crab
word2vec,1.0,neither,unicameral
word2vec,-0.07561851292848587,neither,cheerily
word2vec,1.0000001192092896,neither,brigade
word2vec,0.9937341809272766,shared,skies
word2vec,1.0,a_only,nd
word2vec,1.0,a_only,alkane
word2vec,1.0000001192092896,neither,corrections
word2vec,0.9704857468605042,shared,silk
word2vec,0.9999999403953552,neither,airships
word2vec,1.0000001192092896,a_only,tournament
word2vec,0.1288125365972519,neither,robber
word2vec,1.0,a_only,outline
word2vec,1.0000001192092896,a_only,favorite
word2vec,1.0000001192092896,a_only,alcohol
word2vec,0.9662187695503235,shared,belong
word2vec,1.0,neither,intersection
word2vec,0.05747930333018303,b_only,27
word2vec,0.8627162575721741,shared,instant
word2vec,0.8367250561714172,shared,hear
word2vec,0.9911097884178162,shared,believing
word2vec,-0.06765764951705933,neither,fulfil
word2vec,0.16969572007656097,neither,kneeled
word2vec,0.9298430681228638,shared,voices
word2vec,0.9976776838302612,neither,prudence
word2vec,0.857534646987915,shared,white
word2vec,0.17358553409576416,neither,brightest
word2vec,0.9999999403953552,neither,leningrad
word2vec,-0.07162325084209442,b_only,ladyship
word2vec,0.06917782872915268,b_only,gloomy
word2vec,1.0,a_only,optical
word2vec,0.9999999403953552,neither,maxim
word2vec,0.9952707290649414,shared,accidental
word2vec,1.0000001192092896,neither,lengths
word2vec,0.9824896454811096,shared,lightly
word2vec,1.0,neither,partnership
word2vec,0.9873482584953308,shared,prevented
word2vec,1.0,a_only,advent
word2vec,1.0000001192092896,neither,cos
word2vec,-0.130162313580513,b_only,renfield
word2vec,1.0,a_only,domini
word2vec,1.0000001192092896,neither,cartoonist
word2vec,0.8968104720115662,shared,teeth
word2vec,0.9962121844291687,shared,opium
word2vec,1.0,neither,matched
word2vec,0.9923419952392578,shared,furniture
word2vec,1.0,neither,thriving
word2vec,1.0,neither,castile
word2vec,1.0,neither,browed
word2vec,1.0,neither,phobia
word2vec,0.9999998807907104,a_only,petroleum
word2vec,0.9708987474441528,shared,takes
word2vec,0.015712084248661995,neither,lo
word2vec,1.0,neither,stefan
word2vec,-0.015828333795070648,neither,forecastle
word2vec,0.9891380667686462,shared,communication
word2vec,0.17508359253406525,neither,jewels
word2vec,1.0,neither,routed
word2vec,0.9792574048042297,shared,expect
word2vec,-0.04165378212928772,neither,hobbled
word2vec,1.0,neither,constants
word2vec,0.9245283603668213,shared,shadow
word2vec,1.0,a_only,arguing
word2vec,0.024835139513015747,b_only,dorian
word2vec,0.9922056198120117,shared,petition
word2vec,0.9266412854194641,shared,dodo
word2vec,0.9921880960464478,shared,divide
word2vec,0.10221307724714279,neither,recalling
word2vec,1.0,neither,accomplish
word2vec,0.9995598196983337,shared,tension
word2vec,0.9999999403953552,a_only,zahn
word2vec,1.0,neither,gaps
word2vec,0.049333978444337845,neither,wavering
word2vec,0.47094520926475525,b_only,whaling
word2vec,1.0,neither,diplomacy
word2vec,1.0,neither,crises
word2vec,0.01794600300490856,neither,flush
word2vec,0.9984934329986572,shared,courtesy
word2vec,0.9970319271087646,shared,pupil
word2vec,0.9913532137870789,shared,patriotic
word2vec,0.05667872726917267,b_only,jewel
word2vec,1.0,neither,islamism
word2vec,1.0,neither,utf
word2vec,1.0000001192092896,a_only,amber
word2vec,0.9859554171562195,shared,wrapped
word2vec,1.0000001192092896,a_only,arminius
word2vec,0.9999999403953552,neither,qualitative
word2vec,1.0,neither,embryo
word2vec,0.9917336702346802,shared,monsters
word2vec,0.9999999403953552,a_only,railroad
word2vec,1.0000001192092896,neither,akad
word2vec,0.9699264764785767,shared,moon
word2vec,0.14799387753009796,neither,mole
word2vec,0.8809652924537659,shared,people
word2vec,0.9963236451148987,shared,regions
word2vec,0.9950993657112122,shared,appeal
word2vec,0.8519110679626465,shared,eyes
word2vec,0.9477758407592773,shared,knows
word2vec,0.9985942840576172,shared,included
word2vec,1.0,neither,esther
word2vec,0.9865931868553162,shared,personal
word2vec,0.03224270045757294,neither,groaning
word2vec,0.9834560751914978,shared,extended
word2vec,0.9921367764472961,shared,remaining
word2vec,1.0,a_only,individualists
word2vec,0.9999999403953552,a_only,founder
word2vec,1.0,neither,tumors
word2vec,1.0000001192092896,neither,flee
word2vec,1.0,neither,spaniards
word2vec,1.0,a_only,housing
word2vec,1.0000001192092896,a_only,declares
word2vec,0.07476849853992462,neither,baffled
word2vec,0.9999999403953552,neither,wavelength
word2vec,0.00043057245784439147,neither,excessively
word2vec,0.9999998807907104,a_only,gibson
word2vec,1.0,a_only,definitive
word2vec,1.0,neither,congregations
word2vec,1.0,neither,eminent
word2vec,1.0,a_only,capitalist
word2vec,0.9930478930473328,shared,jew
word2vec,1.0000001192092896,a_only,quarterback
word2vec,0.940142810344696,shared,daytime
word2vec,0.1151709035038948,neither,daytimes
word2vec,1.0000001192092896,neither,jutsu
word2vec,1.0000001192092896,neither,altenberg
word2vec,0.9468333721160889,shared,simple
word2vec,0.9731847047805786,shared,including
word2vec,-0.051366835832595825,neither,misshapen
word2vec,0.15819543600082397,b_only,fancies
word2vec,0.9965649247169495,shared,hospital
word2vec,1.0,neither,angilbert
word2vec,1.0,neither,cryptography
word2vec,0.8913618326187134,shared,ran
word2vec,0.9999998807907104,neither,tunisia
word2vec,1.0,neither,pauline
word2vec,0.992798388004303,shared,aiming
word2vec,0.04004279896616936,neither,secluded
word2vec,1.0,neither,glands
word2vec,1.0,neither,counterpart
word2vec,1.0,neither,pantheism
word2vec,0.9821408987045288,shared,depart
word2vec,1.0,neither,employing
word2vec,1.0,neither,gaseous
word2vec,0.03146074712276459,neither,contentment
word2vec,1.0,neither,diodorus
word2vec,1.0,neither,guides
word2vec,1.0,neither,heinlein
word2vec,1.0000001192092896,neither,pogrom
word2vec,-0.16073334217071533,b_only,catched
word2vec,0.992552638053894,shared,secretly
word2vec,0.9947162866592407,shared,century
word2vec,1.0,neither,styled
word2vec,0.025845373049378395,neither,lightnings
word2vec,0.9961015582084656,neither,augmented
word2vec,1.0,neither,reginae
word2vec,0.9389604926109314,shared,ago
word2vec,0.9233506917953491,shared,far
word2vec,1.0,a_only,wyoming
word2vec,1.0,a_only,opposing
word2vec,1.0,a_only,diagnosed
word2vec,1.0,neither,parlance
word2vec,0.9999998807907104,neither,catastrophic
word2vec,1.0,neither,hermeticism
word2vec,0.9626420736312866,shared,beyond
word2vec,0.9805716276168823,shared,possession
word2vec,1.0,neither,martina
word2vec,-0.06459595263004303,neither,lamb
word2vec,0.03140885382890701,b_only,plunged
word2vec,-0.06820624321699142,b_only,polite
word2vec,0.9745180010795593,shared,wear
word2vec,1.0,neither,carlton
word2vec,0.08339395374059677,neither,skinsky
word2vec,1.0000001192092896,neither,aikikai
word2vec,0.9999998807907104,a_only,fleming
word2vec,1.0000001192092896,a_only,tribute
word2vec,0.5504525899887085,shared,peter
word2vec,0.08361296355724335,neither,tainted
word2vec,0.14398889243602753,b_only,henceforth
word2vec,0.9667736291885376,shared,expressed
word2vec,0.02219235524535179,neither,devotedly
word2vec,1.0,neither,posits
word2vec,0.9886575937271118,shared,grounds
word2vec,0.10497681051492691,b_only,attendant
word2vec,1.0,a_only,binary
word2vec,0.9858403205871582,shared,modern
word2vec,0.9999998807907104,neither,planes
word2vec,0.092880479991436,neither,farthest
word2vec,1.0,a_only,comprise
word2vec,0.005326070822775364,b_only,shirt
word2vec,0.9895146489143372,shared,eighteen
word2vec,0.9969126582145691,shared,swing
word2vec,0.9101888537406921,shared,cold
word2vec,0.9963694214820862,shared,prosperity
word2vec,1.0,neither,haran
word2vec,1.0,neither,indeterminate
word2vec,0.024783125147223473,neither,disappointing
word2vec,0.9999999403953552,neither,kyoto
word2vec,0.7119088172912598,shared,that
word2vec,0.4093739688396454,neither,plumber
word2vec,0.9999999403953552,a_only,extraction
word2vec,0.7803139686584473,shared,we
word2vec,0.8024376034736633,shared,were
word2vec,1.0000001192092896,a_only,automorphisms
word2vec,1.0,neither,masculine
word2vec,0.9970017075538635,shared,exceptional
word2vec,0.9804816246032715,shared,remarkable
word2vec,1.0,neither,semites
word2vec,0.9584372043609619,shared,serpent
word2vec,0.9778505563735962,shared,fright
word2vec,0.9296035170555115,shared,majesty
word2vec,1.0000001192092896,a_only,melting
word2vec,0.997772216796875,shared,defend
word2vec,1.0,neither,qualification
word2vec,1.0000001192092896,neither,rsha
word2vec,0.8433661460876465,shared,bell
word2vec,0.9972796440124512,shared,majority
word2vec,0.810547947883606,shared,mrs
word2vec,1.0000001192092896,neither,rectus
word2vec,1.0000001192092896,neither,fabric
word2vec,1.0000001192092896,a_only,messagepad
word2vec,0.08602212369441986,b_only,gigantic
word2vec,0.9924230575561523,shared,realize
word2vec,0.1174420416355133,neither,anywheres
word2vec,0.038468167185783386,b_only,swell
word2vec,1.0000001192092896,neither,otter
word2vec,1.0,a_only,albania
word2vec,0.9972365498542786,shared,accurate
word2vec,0.9999999403953552,neither,meteorite
word2vec,0.994123101234436,shared,safer
word2vec,0.09674098342657089,neither,allude
word2vec,1.0,neither,volcano
word2vec,0.10477978736162186,b_only,faintly
word2vec,0.9699037671089172,shared,thrown
word2vec,0.9925240278244019,shared,practical
word2vec,1.0,neither,pond
word2vec,0.07335134595632553,neither,lessen
word2vec,0.9699496626853943,shared,ladder
word2vec,0.05139835923910141,neither,splashed
word2vec,0.9550831913948059,shared,guard
word2vec,0.9999999403953552,a_only,alaska
word2vec,1.0,a_only,crossroads
word2vec,0.10079081356525421,neither,cask
word2vec,1.0000001192092896,neither,cpu
word2vec,0.9799219369888306,shared,pat
word2vec,0.9999998807907104,a_only,hugo
word2vec,0.9856240153312683,shared,embraced
word2vec,0.1532818078994751,b_only,earnestly
word2vec,-0.06562244147062302,neither,approbation
word2vec,0.9884593486785889,shared,puts
word2vec,0.022933226078748703,neither,contrariwise
word2vec,1.0,a_only,inc
word2vec,0.9999999403953552,a_only,heating
word2vec,1.0000001192092896,neither,filmmaker
word2vec,1.0,a_only,derives
word2vec,1.0,a_only,continuous
word2vec,0.9519587159156799,shared,folded
word2vec,1.0,a_only,drama
word2vec,0.9941164255142212,shared,obtain
word2vec,1.0,a_only,ceres
word2vec,0.9999999403953552,neither,overlapping
word2vec,1.0000001192092896,neither,acronyms
word2vec,0.04220415651798248,b_only,comfortable
word2vec,0.8177823424339294,shared,very
word2vec,0.8660732507705688,shared,should
word2vec,0.9999999403953552,neither,teenager
word2vec,0.9999999403953552,neither,cistercian
word2vec,0.7475733160972595,shared,found
word2vec,1.0,a_only,inflation
word2vec,1.0,a_only,discography
word2vec,1.0,neither,campus
word2vec,0.9285678863525391,shared,state
word2vec,0.9882608652114868,shared,eighty
word2vec,0.9775753617286682,shared,addressing
word2vec,1.0000001192092896,a_only,maguey
word2vec,0.9977844953536987,shared,courts
word2vec,0.9820786714553833,shared,reasonable
word2vec,-0.015636982396245003,neither,prudent
word2vec,1.0,neither,atkinson
word2vec,0.018062932416796684,b_only,mermaids
word2vec,0.9908632040023804,shared,marvel
word2vec,0.9950333833694458,shared,pooh
word2vec,0.9948662519454956,neither,tackled
word2vec,1.0000001192092896,neither,bohr
word2vec,0.030883390456438065,neither,caps
word2vec,1.0,neither,coleridge
word2vec,0.9973195791244507,shared,equipped
word2vec,1.0,a_only,technique
word2vec,1.0,neither,contributors
word2vec,0.029542729258537292,b_only,subdued
word2vec,-0.04197506979107857,b_only,strolled
word2vec,1.0,a_only,temperature
word2vec,0.21589240431785583,neither,flagged
word2vec,0.9999999403953552,a_only,doyle
word2vec,1.0,neither,lance
word2vec,1.0,neither,swains
word2vec,1.0,a_only,spaceflight
word2vec,0.9939722418785095,shared,rear
word2vec,0.9128590822219849,shared,also
word2vec,0.9999999403953552,neither,photons
word2vec,0.8989250659942627,shared,red
word2vec,1.0,a_only,autism
word2vec,0.9999998807907104,a_only,randall
word2vec,0.980466902256012,shared,lizard
word2vec,0.07173219323158264,neither,schoolhouse
word2vec,0.09255771338939667,neither,dashing
word2vec,0.9637525677680969,shared,style
word2vec,1.0,a_only,inland
word2vec,1.0,a_only,taliban
word2vec,0.9851326942443848,shared,singular
word2vec,0.9643149971961975,shared,vengeance
word2vec,-0.03622401878237724,neither,bothered
word2vec,1.0,a_only,kilgore
word2vec,0.9971103072166443,shared,refer
word2vec,0.9999998807907104,neither,lfhild
word2vec,0.9999999403953552,neither,entirety
word2vec,-0.16747048497200012,neither,flirtation
word2vec,0.08432018756866455,b_only,nana
word2vec,0.14277194440364838,neither,undiscovered
word2vec,1.0,neither,simulated
word2vec,0.9996861815452576,shared,acute
word2vec,0.06371508538722992,neither,beforehand
word2vec,0.9999998807907104,a_only,rfc
word2vec,1.0,neither,amex
word2vec,-0.029848216101527214,b_only,rang
word2vec,0.5953995585441589,shared,see
word2vec,0.024819323793053627,b_only,happily
word2vec,1.0,a_only,switch
word2vec,1.0,neither,scudder
word2vec,0.9794301390647888,shared,dover
word2vec,0.9978603720664978,shared,horsemen
word2vec,1.0,neither,nationalrat
word2vec,1.0,neither,maxwell
word2vec,0.9990980625152588,shared,influenced
word2vec,1.0,neither,empress
word2vec,0.9999999403953552,a_only,polish
word2vec,0.9819632768630981,shared,price
word2vec,0.9999999403953552,neither,iodine
word2vec,0.998157799243927,shared,identified
word2vec,1.0000001192092896,neither,cin
word2vec,-0.15361514687538147,neither,straightway
word2vec,0.9999999403953552,neither,wiesenthal
word2vec,0.9999999403953552,neither,cassius
word2vec,1.0,neither,lowry
word2vec,0.9663589596748352,shared,flower
word2vec,0.9941007494926453,shared,worshipped
word2vec,1.0,a_only,aaron
word2vec,1.0,neither,variously
word2vec,0.9961499571800232,shared,complaint
word2vec,0.037612926214933395,neither,emptied
word2vec,0.04255261644721031,neither,talkin
word2vec,1.0,a_only,ethnic
word2vec,0.6920785307884216,shared,as
word2vec,-0.10399093478918076,neither,submission
word2vec,0.9946655035018921,shared,june
word2vec,0.08323059976100922,neither,benevolence
word2vec,0.01652696169912815,neither,jake
word2vec,1.0,a_only,melbourne
word2vec,0.09512495249509811,neither,sipping
word2vec,-0.041803326457738876,neither,excused
word2vec,1.0000001192092896,neither,convincing
word2vec,1.0,a_only,realm
word2vec,0.930075466632843,shared,further
word2vec,0.17477793991565704,neither,forlorn
word2vec,0.969761312007904,shared,deeply
word2vec,-0.11678046733140945,neither,soothe
word2vec,0.010820737108588219,b_only,thirst
word2vec,1.0000001192092896,a_only,buddhist
word2vec,-0.0265238918364048,b_only,shovel
word2vec,-0.0017471705796197057,neither,amends
word2vec,1.0,a_only,diagram
word2vec,1.0000001192092896,a_only,koestler
word2vec,1.0000001192092896,neither,rolls
word2vec,0.9999999403953552,neither,duchy
word2vec,-0.03170695900917053,neither,thrilling
word2vec,1.0,neither,abrahamic
word2vec,1.0,a_only,warrior
word2vec,-0.006264022085815668,neither,spade
word2vec,1.0,neither,illicit
word2vec,-0.035003047436475754,neither,tangle
word2vec,1.0,a_only,unita
word2vec,1.0000001192092896,neither,edu
word2vec,1.0,a_only,races
word2vec,0.9999998807907104,a_only,sri
word2vec,0.9999998807907104,a_only,friars
word2vec,-0.05726246535778046,b_only,stain
word2vec,1.0,a_only,assumes
word2vec,1.0000001192092896,a_only,beginnings
word2vec,0.9710193872451782,shared,stayed
word2vec,0.9999999403953552,neither,negotiate
word2vec,1.0,neither,ancients
word2vec,0.014509735628962517,neither,sickening
word2vec,0.9999999403953552,neither,rockets
word2vec,1.0000001192092896,neither,multiplied
word2vec,1.0,a_only,wimbledon
word2vec,1.0000001192092896,neither,quarks
word2vec,1.0000001192092896,neither,firstly
word2vec,0.11901246011257172,neither,disappear
word2vec,0.9999998807907104,a_only,internet
word2vec,0.934041440486908,shared,music
word2vec,0.9999999403953552,a_only,amines
word2vec,0.9999999403953552,neither,tubulidentata
word2vec,1.0,neither,maine
word2vec,1.0,neither,deposed
word2vec,1.0000001192092896,a_only,jersey
word2vec,0.1714794784784317,neither,beset
word2vec,0.9993417859077454,shared,eastern
word2vec,1.0,neither,investigators
word2vec,0.9908396005630493,shared,mainland
word2vec,0.9999998807907104,a_only,proclaimed
word2vec,1.0,a_only,restaurant
word2vec,0.9959256649017334,shared,responded
word2vec,0.9915773272514343,shared,tightly
word2vec,1.0,neither,salvador
word2vec,0.9457657337188721,shared,surprised
word2vec,0.1362413614988327,neither,functionary
word2vec,0.9794726371765137,shared,barrier
word2vec,0.9840592741966248,shared,visited
word2vec,0.1295422464609146,neither,shovels
word2vec,0.008724511601030827,b_only,alteration
word2vec,0.06262727826833725,b_only,picking
word2vec,1.0000001192092896,a_only,multiple
word2vec,1.0,neither,ignite
word2vec,1.0,neither,landings
word2vec,1.0,neither,creations
word2vec,0.9999999403953552,a_only,jazz
word2vec,1.0,a_only,administrator
word2vec,0.020125290378928185,neither,midday
word2vec,1.0000001192092896,a_only,queensland
word2vec,1.0000001192092896,a_only,evaluation
word2vec,1.0,a_only,allegiance
word2vec,0.10468228161334991,neither,shanty
word2vec,0.9420036673545837,shared,brother
word2vec,0.9173876047134399,shared,warm
word2vec,0.011102688498795033,neither,fumbled
word2vec,0.9189373850822449,shared,taking
word2vec,1.0,neither,pliny
word2vec,0.9950696229934692,shared,proposals
word2vec,0.06388510763645172,neither,dardanelles
word2vec,0.17033489048480988,neither,buzzing
word2vec,0.020255781710147858,neither,20
word2vec,0.9999998807907104,a_only,speculated
word2vec,-0.029004335403442383,neither,littered
word2vec,0.9709512591362,shared,justice
word2vec,0.9942034482955933,shared,hostile
word2vec,0.9999999403953552,a_only,theology
word2vec,1.0,a_only,vegetation
word2vec,0.837544858455658,shared,t
word2vec,1.0,a_only,organization
word2vec,0.9913110733032227,shared,belief
word2vec,0.008339243941009045,b_only,trifling
word2vec,1.0000001192092896,neither,cooper
word2vec,0.9942032098770142,shared,hitting
word2vec,0.9951534271240234,shared,mass
word2vec,0.8819630146026611,shared,bank
word2vec,1.0,neither,levitt
word2vec,0.18597817420959473,neither,measles
word2vec,0.9889835119247437,shared,anyone
word2vec,1.0,a_only,adoption
word2vec,1.0,neither,discovers
word2vec,0.9643442034721375,shared,exclaimed
word2vec,1.0000001192092896,neither,risky
word2vec,0.9999999403953552,neither,amo
word2vec,1.0,a_only,rainfall
word2vec,0.9999998807907104,a_only,attitudes
word2vec,1.0000001192092896,a_only,graphics
word2vec,0.9888495206832886,shared,accent
word2vec,1.0,neither,moderated
word2vec,0.15235525369644165,neither,wearisome
word2vec,0.9997602701187134,shared,unique
word2vec,1.0,neither,photon
word2vec,0.5347253680229187,neither,millar
word2vec,0.9680576324462891,shared,instance
word2vec,1.0,neither,zeppelin
word2vec,0.04201910272240639,b_only,pinch
word2vec,1.0000001192092896,neither,serbian
word2vec,1.0,neither,historiography
word2vec,0.9999999403953552,a_only,team
word2vec,0.0031927148811519146,b_only,malice
word2vec,1.0,neither,persephone
word2vec,1.0,a_only,designated
word2vec,0.9999999403953552,neither,titan
word2vec,0.992329478263855,shared,linked
word2vec,0.08391306549310684,neither,callous
word2vec,0.06502463668584824,neither,bestowing
word2vec,1.0000001192092896,neither,trel
word2vec,0.9865601658821106,shared,intervals
word2vec,0.9999999403953552,a_only,reich
word2vec,-0.028272612020373344,b_only,curtains
word2vec,0.9999999403953552,neither,boxing
word2vec,1.0,neither,civilisation
word2vec,1.0,neither,ricardo
word2vec,1.0,a_only,scott
word2vec,0.9999998807907104,a_only,johann
word2vec,1.0,a_only,interactions
word2vec,1.0000001192092896,neither,martyred
word2vec,1.0,neither,unify
word2vec,0.9999999403953552,a_only,compounds
word2vec,0.9999999403953552,a_only,programmers
word2vec,0.016117043793201447,b_only,streak
word2vec,1.0,a_only,ambients
word2vec,0.9999999403953552,neither,sectional
word2vec,1.0,neither,anhydrous
word2vec,0.9959318041801453,shared,resigned
word2vec,0.9999998807907104,a_only,shuttle
word2vec,0.9893948435783386,shared,engagement
word2vec,1.0,neither,mercantile
word2vec,0.9985226988792419,shared,requiring
word2vec,0.163929745554924,neither,meadow
word2vec,1.0000001192092896,neither,warlord
word2vec,-0.048298537731170654,b_only,exclamation
word2vec,0.0693444013595581,neither,joys
word2vec,-0.05238727480173111,b_only,paused
word2vec,0.9483874440193176,shared,lose
word2vec,1.0000001192092896,a_only,province
word2vec,0.9972109198570251,shared,arisen
word2vec,0.027358466759324074,neither,consume
word2vec,1.0,neither,soyuz
word2vec,0.9951344132423401,neither,toy
word2vec,0.8672285079956055,shared,lay
word2vec,-0.10740505158901215,neither,proves
word2vec,0.9973630905151367,shared,tradition
word2vec,0.9999999403953552,neither,enterprises
word2vec,1.0000001192092896,neither,initiative
word2vec,1.0000001192092896,a_only,angola
word2vec,0.9999999403953552,a_only,andrew
word2vec,0.0460810586810112,b_only,grin
word2vec,1.0,a_only,apatosaurus
word2vec,1.0,a_only,strikers
word2vec,1.0000001192092896,neither,priam
word2vec,1.0,neither,priori
word2vec,0.0803641527891159,b_only,stir
word2vec,0.049658238887786865,b_only,lucky
word2vec,0.11213188618421555,neither,shaved
word2vec,1.0,neither,euthanasia
word2vec,1.0000001192092896,neither,zoo
word2vec,1.0,a_only,oriented
word2vec,1.0,a_only,confederate
word2vec,1.0000001192092896,a_only,adaptation
word2vec,1.0,a_only,phil
word2vec,1.0,a_only,iowa
word2vec,1.0,neither,glycine
word2vec,0.7272762656211853,shared,warn
word2vec,1.0,neither,generalizations
word2vec,0.03547416627407074,b_only,wonders
word2vec,0.8803121447563171,shared,think
word2vec,0.20463836193084717,neither,biting
word2vec,0.004283718764781952,neither,foreseen
word2vec,1.0,a_only,machinery
word2vec,0.8797524571418762,shared,nights
word2vec,-0.0015063148457556963,neither,spurned
word2vec,1.0000001192092896,a_only,meighen
word2vec,1.0,a_only,moscow
word2vec,0.9999998807907104,neither,gurps
word2vec,0.9999998807907104,neither,meade
word2vec,0.9981477856636047,shared,berkeley
word2vec,0.9999998807907104,a_only,orient
word2vec,0.9999999403953552,neither,spa
word2vec,0.011561308987438679,b_only,sings
word2vec,0.9469292163848877,shared,quit
word2vec,0.9978700876235962,shared,boundary
word2vec,1.0,a_only,transmission
word2vec,0.9999999403953552,neither,climates
word2vec,0.1945657730102539,neither,summon
word2vec,1.0000001192092896,neither,albeit
word2vec,1.0000001192092896,neither,inadequate
word2vec,0.9999998807907104,a_only,nitrogen
word2vec,1.0,a_only,victories
word2vec,0.9999998807907104,a_only,dementia
word2vec,1.0,a_only,systems
word2vec,1.0,neither,inspect
word2vec,1.0,a_only,privileges
word2vec,1.0,neither,homme
word2vec,-0.017022354528307915,neither,tinted
word2vec,1.0,a_only,protestants
word2vec,0.989479124546051,shared,pages
word2vec,1.0000001192092896,neither,aquinas
word2vec,0.9999998807907104,neither,moab
word2vec,1.0,neither,adequately
word2vec,0.9999999403953552,a_only,adams
word2vec,0.1745561808347702,b_only,endeavours
word2vec,0.9999998807907104,neither,mathfrak
word2vec,1.0,neither,etruscans
word2vec,0.051735769957304,neither,afflicted
word2vec,1.0,neither,divides
word2vec,1.0,neither,implications
word2vec,1.0,neither,braun
word2vec,1.0,a_only,abdomen
word2vec,1.0,a_only,tubes
word2vec,1.0,neither,proving
word2vec,0.013911226764321327,b_only,cab
word2vec,0.20497702062129974,neither,grangerford
word2vec,0.9999998807907104,a_only,barcelona
word2vec,1.0,neither,drummer
word2vec,0.9885662794113159,shared,geoffrey
word2vec,0.09928970038890839,neither,ascertaining
word2vec,0.9949235320091248,shared,referred
word2vec,0.9875534176826477,shared,feels
word2vec,0.16974131762981415,neither,despairing
word2vec,-0.026736857369542122,b_only,bestow
word2vec,0.9817681908607483,shared,owner
word2vec,1.0000001192092896,a_only,radar
word2vec,0.9816233515739441,shared,glorious
word2vec,0.8785245418548584,shared,harper
word2vec,1.0,neither,biologists
word2vec,1.0000001192092896,neither,ncaa
word2vec,-0.013703721575438976,b_only,phonograph
word2vec,0.9999999403953552,a_only,axis
word2vec,0.21087874472141266,b_only,carriages
word2vec,0.017980536445975304,b_only,soothing
word2vec,1.0,a_only,factory
word2vec,1.0,a_only,biography
word2vec,1.0,neither,championships
word2vec,0.07226090878248215,neither,amen
word2vec,0.9960421323776245,shared,exerted
word2vec,1.0,neither,spike
word2vec,1.0000001192092896,a_only,communicating
word2vec,0.9686450958251953,shared,buy
word2vec,0.9279186725616455,shared,having
word2vec,1.0,neither,radius
word2vec,1.0000001192092896,neither,phosphorus
word2vec,1.0,neither,dime
word2vec,0.07208685576915741,neither,listeners
word2vec,1.0,a_only,ab
word2vec,0.017824530601501465,neither,rabs
word2vec,-0.12062258273363113,neither,corkscrew
word2vec,0.1325659304857254,neither,scenery
word2vec,0.992638349533081,shared,hospitality
word2vec,1.0,a_only,alain
word2vec,0.9931628108024597,shared,attacked
word2vec,0.9858377575874329,shared,admitted
word2vec,0.9852213859558105,shared,lend
word2vec,0.08466824144124985,neither,befitting
word2vec,0.9649460315704346,shared,triumph
word2vec,0.9999999403953552,neither,recreation
word2vec,0.9585416316986084,shared,sung
word2vec,1.0000001192092896,neither,colombia
word2vec,1.0,neither,carinthia
word2vec,0.9980112910270691,shared,relating
word2vec,0.9882782697677612,shared,upper
word2vec,0.9852409958839417,shared,load
word2vec,0.9999999403953552,a_only,advancement
word2vec,1.0000001192092896,neither,formulation
word2vec,0.9806021451950073,shared,susan
word2vec,0.9999998807907104,neither,mel
word2vec,1.0000001192092896,a_only,molinari
word2vec,1.0000001192092896,a_only,agnostics
word2vec,0.9923578500747681,shared,teachers
word2vec,-0.025652285665273666,neither,endued
word2vec,1.0,a_only,calvinist
word2vec,1.0000001192092896,neither,goat
word2vec,1.0,a_only,broader
word2vec,1.0000001192092896,neither,waite
word2vec,0.031059302389621735,b_only,gracious
word2vec,0.9999998807907104,neither,classed
word2vec,1.0,neither,seminal
word2vec,1.0,neither,idols
word2vec,1.0,a_only,juan
word2vec,1.0,neither,protists
word2vec,1.0,neither,commentators
word2vec,1.0000001192092896,neither,gaudi
word2vec,0.15142019093036652,neither,pondicherry
word2vec,0.8963854312896729,shared,tea
word2vec,0.9567341804504395,shared,proud
word2vec,1.0,a_only,conservative
word2vec,1.0000001192092896,a_only,screenwriter
word2vec,0.9999999403953552,neither,ulus
word2vec,0.1716591715812683,neither,morbid
word2vec,1.0000001192092896,neither,athletes
word2vec,0.9992812275886536,shared,serving
word2vec,0.9996969103813171,shared,obligations
word2vec,-0.031431689858436584,neither,observant
word2vec,0.18145190179347992,neither,articulate
word2vec,1.0,neither,verlag
word2vec,0.29327812790870667,neither,sanctuary
word2vec,1.0,a_only,luke
word2vec,0.945999801158905,shared,neither
word2vec,0.9943748712539673,shared,mistress
word2vec,1.0000001192092896,a_only,classic
word2vec,1.0000001192092896,a_only,contract
word2vec,1.0,neither,abort
word2vec,0.9907793998718262,shared,entire
word2vec,0.9999999403953552,neither,enoch
word2vec,1.0,a_only,damaged
word2vec,0.9881224036216736,shared,vi
word2vec,0.99729984998703,shared,principles
word2vec,1.0,a_only,designer
word2vec,0.992060661315918,shared,reputation
word2vec,0.9922326803207397,shared,acquired
word2vec,1.0000001192092896,neither,comte
word2vec,0.9974566102027893,shared,garment
word2vec,0.97479248046875,shared,chocolate
word2vec,0.9937374591827393,shared,vision
word2vec,0.0365627184510231,b_only,paddle
word2vec,0.9873924851417542,shared,conclusion
word2vec,1.0,neither,hottest
word2vec,0.10665632039308548,neither,bursting
word2vec,0.10761351138353348,neither,crammed
word2vec,0.9945163726806641,shared,calf
word2vec,1.0,neither,madagascar
